t_utc,t_rel,live_round,window,workload,ledger_capacity_rps,commitment_or_target_rps
1790640188,0,1,transition,resnet50_image,,0.0
1790640188,0,1,transition,vgg16_image,,0.0
1790640188,0,1,transition,vit_base_image,,0.0
1790640188,0,1,transition,gpt2_p64_o64,,0.0
1790640188,0,1,transition,gpt2_p512_o512,,0.0
1790640188,0,1,transition,llama_p1024_o128,,0.0
1790640188,0,1,transition,llama_p2048_o64,,0.0
1790640189,1,1,transition,resnet50_image,,0.0
1790640189,1,1,transition,vgg16_image,,0.0
1790640189,1,1,transition,vit_base_image,,0.0
1790640189,1,1,transition,gpt2_p64_o64,,0.0
1790640189,1,1,transition,gpt2_p512_o512,,0.0
1790640189,1,1,transition,llama_p1024_o128,,0.0
1790640189,1,1,transition,llama_p2048_o64,,0.0
1790640190,2,1,transition,resnet50_image,,0.0
1790640190,2,1,transition,vgg16_image,,0.0
1790640190,2,1,transition,vit_base_image,,0.0
1790640190,2,1,transition,gpt2_p64_o64,,0.0
1790640190,2,1,transition,gpt2_p512_o512,,0.0
1790640190,2,1,transition,llama_p1024_o128,,0.0
1790640190,2,1,transition,llama_p2048_o64,,0.0
1790640191,3,1,transition,resnet50_image,,0.0
1790640191,3,1,transition,vgg16_image,,0.0
1790640191,3,1,transition,vit_base_image,,0.0
1790640191,3,1,transition,gpt2_p64_o64,,0.0
1790640191,3,1,transition,gpt2_p512_o512,,0.0
1790640191,3,1,transition,llama_p1024_o128,,0.0
1790640191,3,1,transition,llama_p2048_o64,,0.0
1790640192,4,1,transition,resnet50_image,,0.0
1790640192,4,1,transition,vgg16_image,,0.0
1790640192,4,1,transition,vit_base_image,,0.0
1790640192,4,1,transition,gpt2_p64_o64,,0.0
1790640192,4,1,transition,gpt2_p512_o512,,0.0
1790640192,4,1,transition,llama_p1024_o128,,0.0
1790640192,4,1,transition,llama_p2048_o64,,0.0
1790640193,5,1,transition,resnet50_image,,0.0
1790640193,5,1,transition,vgg16_image,,0.0
1790640193,5,1,transition,vit_base_image,,0.0
1790640193,5,1,transition,gpt2_p64_o64,,0.0
1790640193,5,1,transition,gpt2_p512_o512,,0.0
1790640193,5,1,transition,llama_p1024_o128,,0.0
1790640193,5,1,transition,llama_p2048_o64,,0.0
1790640194,6,1,transition,resnet50_image,0,0.0
1790640194,6,1,transition,vgg16_image,0,0.0
1790640194,6,1,transition,vit_base_image,0,0.0
1790640194,6,1,transition,gpt2_p64_o64,0,0.0
1790640194,6,1,transition,gpt2_p512_o512,0,0.0
1790640194,6,1,transition,llama_p1024_o128,0,0.0
1790640194,6,1,transition,llama_p2048_o64,0,0.0
1790640195,7,1,transition,resnet50_image,0,0.0
1790640195,7,1,transition,vgg16_image,0,0.0
1790640195,7,1,transition,vit_base_image,0,0.0
1790640195,7,1,transition,gpt2_p64_o64,0,0.0
1790640195,7,1,transition,gpt2_p512_o512,0,0.0
1790640195,7,1,transition,llama_p1024_o128,0,0.0
1790640195,7,1,transition,llama_p2048_o64,0,0.0
1790640196,8,1,transition,resnet50_image,0,0.0
1790640196,8,1,transition,vgg16_image,0,0.0
1790640196,8,1,transition,vit_base_image,0,0.0
1790640196,8,1,transition,gpt2_p64_o64,0,0.0
1790640196,8,1,transition,gpt2_p512_o512,0,0.0
1790640196,8,1,transition,llama_p1024_o128,0,0.0
1790640196,8,1,transition,llama_p2048_o64,0,0.0
1790640197,9,1,transition,resnet50_image,0,0.0
1790640197,9,1,transition,vgg16_image,0,0.0
1790640197,9,1,transition,vit_base_image,0,0.0
1790640197,9,1,transition,gpt2_p64_o64,0,0.0
1790640197,9,1,transition,gpt2_p512_o512,0,0.0
1790640197,9,1,transition,llama_p1024_o128,0,0.0
1790640197,9,1,transition,llama_p2048_o64,0,0.0
1790640198,10,1,transition,resnet50_image,0,0.0
1790640198,10,1,transition,vgg16_image,0,0.0
1790640198,10,1,transition,vit_base_image,0,0.0
1790640198,10,1,transition,gpt2_p64_o64,0,0.0
1790640198,10,1,transition,gpt2_p512_o512,0,0.0
1790640198,10,1,transition,llama_p1024_o128,0,0.0
1790640198,10,1,transition,llama_p2048_o64,0,0.0
1790640199,11,1,transition,resnet50_image,0,0.0
1790640199,11,1,transition,vgg16_image,0,0.0
1790640199,11,1,transition,vit_base_image,0,0.0
1790640199,11,1,transition,gpt2_p64_o64,0,0.0
1790640199,11,1,transition,gpt2_p512_o512,0,0.0
1790640199,11,1,transition,llama_p1024_o128,0,0.0
1790640199,11,1,transition,llama_p2048_o64,0,0.0
1790640200,12,1,transition,resnet50_image,0,0.0
1790640200,12,1,transition,vgg16_image,0,0.0
1790640200,12,1,transition,vit_base_image,0,0.0
1790640200,12,1,transition,gpt2_p64_o64,0,0.0
1790640200,12,1,transition,gpt2_p512_o512,0,0.0
1790640200,12,1,transition,llama_p1024_o128,0,0.0
1790640200,12,1,transition,llama_p2048_o64,0,0.0
1790640201,13,1,transition,resnet50_image,0,0.0
1790640201,13,1,transition,vgg16_image,0,0.0
1790640201,13,1,transition,vit_base_image,0,0.0
1790640201,13,1,transition,gpt2_p64_o64,0,0.0
1790640201,13,1,transition,gpt2_p512_o512,0,0.0
1790640201,13,1,transition,llama_p1024_o128,0,0.0
1790640201,13,1,transition,llama_p2048_o64,0,0.0
1790640202,14,1,transition,resnet50_image,0,0.0
1790640202,14,1,transition,vgg16_image,0,0.0
1790640202,14,1,transition,vit_base_image,0,0.0
1790640202,14,1,transition,gpt2_p64_o64,0,0.0
1790640202,14,1,transition,gpt2_p512_o512,0,0.0
1790640202,14,1,transition,llama_p1024_o128,0,0.0
1790640202,14,1,transition,llama_p2048_o64,0,0.0
1790640203,15,1,transition,resnet50_image,0,0.0
1790640203,15,1,transition,vgg16_image,0,0.0
1790640203,15,1,transition,vit_base_image,0,0.0
1790640203,15,1,transition,gpt2_p64_o64,0,0.0
1790640203,15,1,transition,gpt2_p512_o512,0,0.0
1790640203,15,1,transition,llama_p1024_o128,0,0.0
1790640203,15,1,transition,llama_p2048_o64,0,0.0
1790640204,16,1,transition,resnet50_image,0,0.0
1790640204,16,1,transition,vgg16_image,0,0.0
1790640204,16,1,transition,vit_base_image,0,0.0
1790640204,16,1,transition,gpt2_p64_o64,0,0.0
1790640204,16,1,transition,gpt2_p512_o512,0,0.0
1790640204,16,1,transition,llama_p1024_o128,0,0.0
1790640204,16,1,transition,llama_p2048_o64,0,0.0
1790640205,17,1,transition,resnet50_image,0,0.0
1790640205,17,1,transition,vgg16_image,0,0.0
1790640205,17,1,transition,vit_base_image,0,0.0
1790640205,17,1,transition,gpt2_p64_o64,0,0.0
1790640205,17,1,transition,gpt2_p512_o512,0,0.0
1790640205,17,1,transition,llama_p1024_o128,0,0.0
1790640205,17,1,transition,llama_p2048_o64,0,0.0
1790640206,18,1,transition,resnet50_image,0,0.0
1790640206,18,1,transition,vgg16_image,0,0.0
1790640206,18,1,transition,vit_base_image,0,0.0
1790640206,18,1,transition,gpt2_p64_o64,0,0.0
1790640206,18,1,transition,gpt2_p512_o512,0,0.0
1790640206,18,1,transition,llama_p1024_o128,0,0.0
1790640206,18,1,transition,llama_p2048_o64,0,0.0
1790640207,19,1,transition,resnet50_image,0,0.0
1790640207,19,1,transition,vgg16_image,0,0.0
1790640207,19,1,transition,vit_base_image,0,0.0
1790640207,19,1,transition,gpt2_p64_o64,0,0.0
1790640207,19,1,transition,gpt2_p512_o512,0,0.0
1790640207,19,1,transition,llama_p1024_o128,0,0.0
1790640207,19,1,transition,llama_p2048_o64,0,0.0
1790640208,20,1,transition,resnet50_image,0,0.0
1790640208,20,1,transition,vgg16_image,0,0.0
1790640208,20,1,transition,vit_base_image,0,0.0
1790640208,20,1,transition,gpt2_p64_o64,0,0.0
1790640208,20,1,transition,gpt2_p512_o512,0,0.0
1790640208,20,1,transition,llama_p1024_o128,0,0.0
1790640208,20,1,transition,llama_p2048_o64,0,0.0
1790640209,21,1,transition,resnet50_image,0,0.0
1790640209,21,1,transition,vgg16_image,0,0.0
1790640209,21,1,transition,vit_base_image,0,0.0
1790640209,21,1,transition,gpt2_p64_o64,0,0.0
1790640209,21,1,transition,gpt2_p512_o512,0,0.0
1790640209,21,1,transition,llama_p1024_o128,0,0.0
1790640209,21,1,transition,llama_p2048_o64,0,0.0
1790640210,22,1,transition,resnet50_image,0,0.0
1790640210,22,1,transition,vgg16_image,0,0.0
1790640210,22,1,transition,vit_base_image,0,0.0
1790640210,22,1,transition,gpt2_p64_o64,0,0.0
1790640210,22,1,transition,gpt2_p512_o512,0,0.0
1790640210,22,1,transition,llama_p1024_o128,0,0.0
1790640210,22,1,transition,llama_p2048_o64,0,0.0
1790640211,23,1,transition,resnet50_image,0,0.0
1790640211,23,1,transition,vgg16_image,468.144,0.0
1790640211,23,1,transition,vit_base_image,0,0.0
1790640211,23,1,transition,gpt2_p64_o64,0,0.0
1790640211,23,1,transition,gpt2_p512_o512,0,0.0
1790640211,23,1,transition,llama_p1024_o128,0,0.0
1790640211,23,1,transition,llama_p2048_o64,0,0.0
1790640212,24,1,transition,resnet50_image,347.136,0.0
1790640212,24,1,transition,vgg16_image,468.144,0.0
1790640212,24,1,transition,vit_base_image,0,0.0
1790640212,24,1,transition,gpt2_p64_o64,0,0.0
1790640212,24,1,transition,gpt2_p512_o512,0,0.0
1790640212,24,1,transition,llama_p1024_o128,0,0.0
1790640212,24,1,transition,llama_p2048_o64,0,0.0
1790640213,25,1,transition,resnet50_image,347.136,0.0
1790640213,25,1,transition,vgg16_image,468.144,0.0
1790640213,25,1,transition,vit_base_image,125.967,0.0
1790640213,25,1,transition,gpt2_p64_o64,1.456,0.0
1790640213,25,1,transition,gpt2_p512_o512,0.18,0.0
1790640213,25,1,transition,llama_p1024_o128,0,0.0
1790640213,25,1,transition,llama_p2048_o64,0,0.0
1790640214,26,1,transition,resnet50_image,347.136,0.0
1790640214,26,1,transition,vgg16_image,468.144,0.0
1790640214,26,1,transition,vit_base_image,125.967,0.0
1790640214,26,1,transition,gpt2_p64_o64,1.456,0.0
1790640214,26,1,transition,gpt2_p512_o512,0.36,0.0
1790640214,26,1,transition,llama_p1024_o128,0,0.0
1790640214,26,1,transition,llama_p2048_o64,0,0.0
1790640215,27,1,transition,resnet50_image,347.136,0.0
1790640215,27,1,transition,vgg16_image,468.144,0.0
1790640215,27,1,transition,vit_base_image,125.967,0.0
1790640215,27,1,transition,gpt2_p64_o64,1.456,0.0
1790640215,27,1,transition,gpt2_p512_o512,0.36,0.0
1790640215,27,1,transition,llama_p1024_o128,0,0.0
1790640215,27,1,transition,llama_p2048_o64,0,0.0
1790640216,28,1,transition,resnet50_image,347.136,0.0
1790640216,28,1,transition,vgg16_image,468.144,0.0
1790640216,28,1,transition,vit_base_image,125.967,0.0
1790640216,28,1,transition,gpt2_p64_o64,1.456,0.0
1790640216,28,1,transition,gpt2_p512_o512,0.36,0.0
1790640216,28,1,transition,llama_p1024_o128,0,0.0
1790640216,28,1,transition,llama_p2048_o64,0,0.0
1790640217,29,1,transition,resnet50_image,347.136,0.0
1790640217,29,1,transition,vgg16_image,468.144,0.0
1790640217,29,1,transition,vit_base_image,125.967,0.0
1790640217,29,1,transition,gpt2_p64_o64,1.456,0.0
1790640217,29,1,transition,gpt2_p512_o512,0.36,0.0
1790640217,29,1,transition,llama_p1024_o128,0,0.0
1790640217,29,1,transition,llama_p2048_o64,0,0.0
1790640218,30,1,transition,resnet50_image,347.136,0.0
1790640218,30,1,transition,vgg16_image,468.144,0.0
1790640218,30,1,transition,vit_base_image,125.967,0.0
1790640218,30,1,transition,gpt2_p64_o64,1.456,0.0
1790640218,30,1,transition,gpt2_p512_o512,0.36,0.0
1790640218,30,1,transition,llama_p1024_o128,0.621,0.0
1790640218,30,1,transition,llama_p2048_o64,0,0.0
1790640219,31,1,transition,resnet50_image,347.136,0.0
1790640219,31,1,transition,vgg16_image,468.144,0.0
1790640219,31,1,transition,vit_base_image,125.967,0.0
1790640219,31,1,transition,gpt2_p64_o64,1.456,0.0
1790640219,31,1,transition,gpt2_p512_o512,0.36,0.0
1790640219,31,1,transition,llama_p1024_o128,1.242,0.0
1790640219,31,1,transition,llama_p2048_o64,0,0.0
1790640220,32,1,steady,resnet50_image,347.136,242.71580725528415
1790640220,32,1,steady,vgg16_image,468.144,446.803738317757
1790640220,32,1,steady,vit_base_image,125.967,122.60061919504642
1790640220,32,1,steady,gpt2_p64_o64,1.456,0.232258064516129
1790640220,32,1,steady,gpt2_p512_o512,0.36,0.3412322274881517
1790640220,32,1,steady,llama_p1024_o128,1.242,1.1950207468879668
1790640220,32,1,steady,llama_p2048_o64,0.655,0.1795511221945137
1790640221,33,1,steady,resnet50_image,347.136,242.71580725528415
1790640221,33,1,steady,vgg16_image,468.144,446.803738317757
1790640221,33,1,steady,vit_base_image,125.967,122.60061919504642
1790640221,33,1,steady,gpt2_p64_o64,1.456,0.232258064516129
1790640221,33,1,steady,gpt2_p512_o512,0.36,0.3412322274881517
1790640221,33,1,steady,llama_p1024_o128,1.242,1.1950207468879668
1790640221,33,1,steady,llama_p2048_o64,0.655,0.1795511221945137
1790640222,34,1,steady,resnet50_image,347.136,242.71580725528415
1790640222,34,1,steady,vgg16_image,468.144,446.803738317757
1790640222,34,1,steady,vit_base_image,125.967,122.60061919504642
1790640222,34,1,steady,gpt2_p64_o64,1.456,0.232258064516129
1790640222,34,1,steady,gpt2_p512_o512,0.36,0.3412322274881517
1790640222,34,1,steady,llama_p1024_o128,1.242,1.1950207468879668
1790640222,34,1,steady,llama_p2048_o64,0.655,0.1795511221945137
1790640223,35,1,steady,resnet50_image,347.136,242.71580725528415
1790640223,35,1,steady,vgg16_image,468.144,446.803738317757
1790640223,35,1,steady,vit_base_image,125.967,122.60061919504642
1790640223,35,1,steady,gpt2_p64_o64,1.456,0.232258064516129
1790640223,35,1,steady,gpt2_p512_o512,0.36,0.3412322274881517
1790640223,35,1,steady,llama_p1024_o128,1.242,1.1950207468879668
1790640223,35,1,steady,llama_p2048_o64,0.655,0.1795511221945137
1790640224,36,1,steady,resnet50_image,347.136,242.71580725528415
1790640224,36,1,steady,vgg16_image,468.144,446.803738317757
1790640224,36,1,steady,vit_base_image,125.967,122.60061919504642
1790640224,36,1,steady,gpt2_p64_o64,1.456,0.232258064516129
1790640224,36,1,steady,gpt2_p512_o512,0.36,0.3412322274881517
1790640224,36,1,steady,llama_p1024_o128,1.242,1.1950207468879668
1790640224,36,1,steady,llama_p2048_o64,0.655,0.1795511221945137
1790640225,37,1,steady,resnet50_image,347.136,242.71580725528415
1790640225,37,1,steady,vgg16_image,468.144,446.803738317757
1790640225,37,1,steady,vit_base_image,125.967,122.60061919504642
1790640225,37,1,steady,gpt2_p64_o64,1.456,0.232258064516129
1790640225,37,1,steady,gpt2_p512_o512,0.36,0.3412322274881517
1790640225,37,1,steady,llama_p1024_o128,1.242,1.1950207468879668
1790640225,37,1,steady,llama_p2048_o64,0.655,0.1795511221945137
1790640226,38,1,steady,resnet50_image,347.136,242.71580725528415
1790640226,38,1,steady,vgg16_image,468.144,446.803738317757
1790640226,38,1,steady,vit_base_image,125.967,122.60061919504642
1790640226,38,1,steady,gpt2_p64_o64,1.456,0.232258064516129
1790640226,38,1,steady,gpt2_p512_o512,0.36,0.3412322274881517
1790640226,38,1,steady,llama_p1024_o128,1.242,1.1950207468879668
1790640226,38,1,steady,llama_p2048_o64,0.655,0.1795511221945137
1790640227,39,1,steady,resnet50_image,347.136,242.71580725528415
1790640227,39,1,steady,vgg16_image,468.144,446.803738317757
1790640227,39,1,steady,vit_base_image,125.967,122.60061919504642
1790640227,39,1,steady,gpt2_p64_o64,1.456,0.232258064516129
1790640227,39,1,steady,gpt2_p512_o512,0.36,0.3412322274881517
1790640227,39,1,steady,llama_p1024_o128,1.242,1.1950207468879668
1790640227,39,1,steady,llama_p2048_o64,0.655,0.1795511221945137
1790640228,40,1,steady,resnet50_image,347.136,242.71580725528415
1790640228,40,1,steady,vgg16_image,468.144,446.803738317757
1790640228,40,1,steady,vit_base_image,125.967,122.60061919504642
1790640228,40,1,steady,gpt2_p64_o64,1.456,0.232258064516129
1790640228,40,1,steady,gpt2_p512_o512,0.36,0.3412322274881517
1790640228,40,1,steady,llama_p1024_o128,1.242,1.1950207468879668
1790640228,40,1,steady,llama_p2048_o64,0.655,0.1795511221945137
1790640229,41,1,steady,resnet50_image,347.136,242.71580725528415
1790640229,41,1,steady,vgg16_image,468.144,446.803738317757
1790640229,41,1,steady,vit_base_image,125.967,122.60061919504642
1790640229,41,1,steady,gpt2_p64_o64,1.456,0.232258064516129
1790640229,41,1,steady,gpt2_p512_o512,0.36,0.3412322274881517
1790640229,41,1,steady,llama_p1024_o128,1.242,1.1950207468879668
1790640229,41,1,steady,llama_p2048_o64,0.655,0.1795511221945137
1790640230,42,1,steady,resnet50_image,347.136,242.71580725528415
1790640230,42,1,steady,vgg16_image,468.144,446.803738317757
1790640230,42,1,steady,vit_base_image,125.967,122.60061919504642
1790640230,42,1,steady,gpt2_p64_o64,1.456,0.232258064516129
1790640230,42,1,steady,gpt2_p512_o512,0.36,0.3412322274881517
1790640230,42,1,steady,llama_p1024_o128,1.242,1.1950207468879668
1790640230,42,1,steady,llama_p2048_o64,0.655,0.1795511221945137
1790640231,43,1,steady,resnet50_image,347.136,242.71580725528415
1790640231,43,1,steady,vgg16_image,468.144,446.803738317757
1790640231,43,1,steady,vit_base_image,125.967,122.60061919504642
1790640231,43,1,steady,gpt2_p64_o64,1.456,0.232258064516129
1790640231,43,1,steady,gpt2_p512_o512,0.36,0.3412322274881517
1790640231,43,1,steady,llama_p1024_o128,1.242,1.1950207468879668
1790640231,43,1,steady,llama_p2048_o64,0.655,0.1795511221945137
1790640232,44,1,steady,resnet50_image,347.136,242.71580725528415
1790640232,44,1,steady,vgg16_image,468.144,446.803738317757
1790640232,44,1,steady,vit_base_image,125.967,122.60061919504642
1790640232,44,1,steady,gpt2_p64_o64,1.456,0.232258064516129
1790640232,44,1,steady,gpt2_p512_o512,0.36,0.3412322274881517
1790640232,44,1,steady,llama_p1024_o128,1.242,1.1950207468879668
1790640232,44,1,steady,llama_p2048_o64,0.655,0.1795511221945137
1790640233,45,1,steady,resnet50_image,347.136,242.71580725528415
1790640233,45,1,steady,vgg16_image,468.144,446.803738317757
1790640233,45,1,steady,vit_base_image,125.967,122.60061919504642
1790640233,45,1,steady,gpt2_p64_o64,1.456,0.232258064516129
1790640233,45,1,steady,gpt2_p512_o512,0.36,0.3412322274881517
1790640233,45,1,steady,llama_p1024_o128,1.242,1.1950207468879668
1790640233,45,1,steady,llama_p2048_o64,0.655,0.1795511221945137
1790640234,46,1,steady,resnet50_image,347.136,242.71580725528415
1790640234,46,1,steady,vgg16_image,468.144,446.803738317757
1790640234,46,1,steady,vit_base_image,125.967,122.60061919504642
1790640234,46,1,steady,gpt2_p64_o64,1.456,0.232258064516129
1790640234,46,1,steady,gpt2_p512_o512,0.36,0.3412322274881517
1790640234,46,1,steady,llama_p1024_o128,1.242,1.1950207468879668
1790640234,46,1,steady,llama_p2048_o64,0.655,0.1795511221945137
1790640235,47,1,steady,resnet50_image,347.136,242.71580725528415
1790640235,47,1,steady,vgg16_image,468.144,446.803738317757
1790640235,47,1,steady,vit_base_image,125.967,122.60061919504642
1790640235,47,1,steady,gpt2_p64_o64,1.456,0.232258064516129
1790640235,47,1,steady,gpt2_p512_o512,0.36,0.3412322274881517
1790640235,47,1,steady,llama_p1024_o128,1.242,1.1950207468879668
1790640235,47,1,steady,llama_p2048_o64,0.655,0.1795511221945137
1790640236,48,1,steady,resnet50_image,347.136,242.71580725528415
1790640236,48,1,steady,vgg16_image,468.144,446.803738317757
1790640236,48,1,steady,vit_base_image,125.967,122.60061919504642
1790640236,48,1,steady,gpt2_p64_o64,1.456,0.232258064516129
1790640236,48,1,steady,gpt2_p512_o512,0.36,0.3412322274881517
1790640236,48,1,steady,llama_p1024_o128,1.242,1.1950207468879668
1790640236,48,1,steady,llama_p2048_o64,0.655,0.1795511221945137
1790640237,49,1,steady,resnet50_image,347.136,242.71580725528415
1790640237,49,1,steady,vgg16_image,468.144,446.803738317757
1790640237,49,1,steady,vit_base_image,125.967,122.60061919504642
1790640237,49,1,steady,gpt2_p64_o64,1.456,0.232258064516129
1790640237,49,1,steady,gpt2_p512_o512,0.36,0.3412322274881517
1790640237,49,1,steady,llama_p1024_o128,1.242,1.1950207468879668
1790640237,49,1,steady,llama_p2048_o64,0.655,0.1795511221945137
1790640238,50,1,steady,resnet50_image,347.136,242.71580725528415
1790640238,50,1,steady,vgg16_image,468.144,446.803738317757
1790640238,50,1,steady,vit_base_image,125.967,122.60061919504642
1790640238,50,1,steady,gpt2_p64_o64,1.456,0.232258064516129
1790640238,50,1,steady,gpt2_p512_o512,0.36,0.3412322274881517
1790640238,50,1,steady,llama_p1024_o128,1.242,1.1950207468879668
1790640238,50,1,steady,llama_p2048_o64,0.655,0.1795511221945137
1790640239,51,1,steady,resnet50_image,347.136,242.71580725528415
1790640239,51,1,steady,vgg16_image,468.144,446.803738317757
1790640239,51,1,steady,vit_base_image,125.967,122.60061919504642
1790640239,51,1,steady,gpt2_p64_o64,1.456,0.232258064516129
1790640239,51,1,steady,gpt2_p512_o512,0.36,0.3412322274881517
1790640239,51,1,steady,llama_p1024_o128,1.242,1.1950207468879668
1790640239,51,1,steady,llama_p2048_o64,0.655,0.1795511221945137
1790640240,52,1,steady,resnet50_image,347.136,242.71580725528415
1790640240,52,1,steady,vgg16_image,468.144,446.803738317757
1790640240,52,1,steady,vit_base_image,125.967,122.60061919504642
1790640240,52,1,steady,gpt2_p64_o64,1.456,0.232258064516129
1790640240,52,1,steady,gpt2_p512_o512,0.36,0.3412322274881517
1790640240,52,1,steady,llama_p1024_o128,1.242,1.1950207468879668
1790640240,52,1,steady,llama_p2048_o64,0.655,0.1795511221945137
1790640241,53,1,steady,resnet50_image,347.136,242.71580725528415
1790640241,53,1,steady,vgg16_image,468.144,446.803738317757
1790640241,53,1,steady,vit_base_image,125.967,122.60061919504642
1790640241,53,1,steady,gpt2_p64_o64,1.456,0.232258064516129
1790640241,53,1,steady,gpt2_p512_o512,0.36,0.3412322274881517
1790640241,53,1,steady,llama_p1024_o128,1.242,1.1950207468879668
1790640241,53,1,steady,llama_p2048_o64,0.655,0.1795511221945137
1790640242,54,1,steady,resnet50_image,347.136,242.71580725528415
1790640242,54,1,steady,vgg16_image,468.144,446.803738317757
1790640242,54,1,steady,vit_base_image,125.967,122.60061919504642
1790640242,54,1,steady,gpt2_p64_o64,1.456,0.232258064516129
1790640242,54,1,steady,gpt2_p512_o512,0.36,0.3412322274881517
1790640242,54,1,steady,llama_p1024_o128,1.242,1.1950207468879668
1790640242,54,1,steady,llama_p2048_o64,0.655,0.1795511221945137
1790640243,55,1,steady,resnet50_image,347.136,242.71580725528415
1790640243,55,1,steady,vgg16_image,468.144,446.803738317757
1790640243,55,1,steady,vit_base_image,125.967,122.60061919504642
1790640243,55,1,steady,gpt2_p64_o64,1.456,0.232258064516129
1790640243,55,1,steady,gpt2_p512_o512,0.36,0.3412322274881517
1790640243,55,1,steady,llama_p1024_o128,1.242,1.1950207468879668
1790640243,55,1,steady,llama_p2048_o64,0.655,0.1795511221945137
1790640244,56,1,steady,resnet50_image,347.136,242.71580725528415
1790640244,56,1,steady,vgg16_image,468.144,446.803738317757
1790640244,56,1,steady,vit_base_image,125.967,122.60061919504642
1790640244,56,1,steady,gpt2_p64_o64,1.456,0.232258064516129
1790640244,56,1,steady,gpt2_p512_o512,0.36,0.3412322274881517
1790640244,56,1,steady,llama_p1024_o128,1.242,1.1950207468879668
1790640244,56,1,steady,llama_p2048_o64,0.655,0.1795511221945137
1790640245,57,1,steady,resnet50_image,347.136,242.71580725528415
1790640245,57,1,steady,vgg16_image,468.144,446.803738317757
1790640245,57,1,steady,vit_base_image,125.967,122.60061919504642
1790640245,57,1,steady,gpt2_p64_o64,1.456,0.232258064516129
1790640245,57,1,steady,gpt2_p512_o512,0.36,0.3412322274881517
1790640245,57,1,steady,llama_p1024_o128,1.242,1.1950207468879668
1790640245,57,1,steady,llama_p2048_o64,0.655,0.1795511221945137
1790640246,58,1,steady,resnet50_image,347.136,242.71580725528415
1790640246,58,1,steady,vgg16_image,468.144,446.803738317757
1790640246,58,1,steady,vit_base_image,125.967,122.60061919504642
1790640246,58,1,steady,gpt2_p64_o64,1.456,0.232258064516129
1790640246,58,1,steady,gpt2_p512_o512,0.36,0.3412322274881517
1790640246,58,1,steady,llama_p1024_o128,1.242,1.1950207468879668
1790640246,58,1,steady,llama_p2048_o64,0.655,0.1795511221945137
1790640247,59,1,steady,resnet50_image,347.136,242.71580725528415
1790640247,59,1,steady,vgg16_image,468.144,446.803738317757
1790640247,59,1,steady,vit_base_image,125.967,122.60061919504642
1790640247,59,1,steady,gpt2_p64_o64,1.456,0.232258064516129
1790640247,59,1,steady,gpt2_p512_o512,0.36,0.3412322274881517
1790640247,59,1,steady,llama_p1024_o128,1.242,1.1950207468879668
1790640247,59,1,steady,llama_p2048_o64,0.655,0.1795511221945137
1790640248,60,1,steady,resnet50_image,347.136,242.71580725528415
1790640248,60,1,steady,vgg16_image,468.144,446.803738317757
1790640248,60,1,steady,vit_base_image,125.967,122.60061919504642
1790640248,60,1,steady,gpt2_p64_o64,1.456,0.232258064516129
1790640248,60,1,steady,gpt2_p512_o512,0.36,0.3412322274881517
1790640248,60,1,steady,llama_p1024_o128,1.242,1.1950207468879668
1790640248,60,1,steady,llama_p2048_o64,0.655,0.1795511221945137
1790640249,61,1,steady,resnet50_image,347.136,242.71580725528415
1790640249,61,1,steady,vgg16_image,468.144,446.803738317757
1790640249,61,1,steady,vit_base_image,125.967,122.60061919504642
1790640249,61,1,steady,gpt2_p64_o64,1.456,0.232258064516129
1790640249,61,1,steady,gpt2_p512_o512,0.36,0.3412322274881517
1790640249,61,1,steady,llama_p1024_o128,1.242,1.1950207468879668
1790640249,61,1,steady,llama_p2048_o64,0.655,0.1795511221945137
1790640250,62,,,resnet50_image,347.136,
1790640250,62,,,vgg16_image,468.144,
1790640250,62,,,vit_base_image,125.967,
1790640250,62,,,gpt2_p64_o64,1.456,
1790640250,62,,,gpt2_p512_o512,0.36,
1790640250,62,,,llama_p1024_o128,1.242,
1790640250,62,,,llama_p2048_o64,0.655,
1790640251,63,,,resnet50_image,347.136,
1790640251,63,,,vgg16_image,468.144,
1790640251,63,,,vit_base_image,125.967,
1790640251,63,,,gpt2_p64_o64,1.456,
1790640251,63,,,gpt2_p512_o512,0.36,
1790640251,63,,,llama_p1024_o128,1.242,
1790640251,63,,,llama_p2048_o64,0.655,
1790640252,64,,,resnet50_image,347.136,
1790640252,64,,,vgg16_image,468.144,
1790640252,64,,,vit_base_image,125.967,
1790640252,64,,,gpt2_p64_o64,1.456,
1790640252,64,,,gpt2_p512_o512,0.36,
1790640252,64,,,llama_p1024_o128,1.242,
1790640252,64,,,llama_p2048_o64,0.655,
1790640253,65,,,resnet50_image,347.136,
1790640253,65,,,vgg16_image,468.144,
1790640253,65,,,vit_base_image,125.967,
1790640253,65,,,gpt2_p64_o64,1.456,
1790640253,65,,,gpt2_p512_o512,0.36,
1790640253,65,,,llama_p1024_o128,1.242,
1790640253,65,,,llama_p2048_o64,0.655,
1790640254,66,,,resnet50_image,347.136,
1790640254,66,,,vgg16_image,468.144,
1790640254,66,,,vit_base_image,125.967,
1790640254,66,,,gpt2_p64_o64,1.456,
1790640254,66,,,gpt2_p512_o512,0.36,
1790640254,66,,,llama_p1024_o128,1.242,
1790640254,66,,,llama_p2048_o64,0.655,
1790640255,67,,,resnet50_image,347.136,
1790640255,67,,,vgg16_image,468.144,
1790640255,67,,,vit_base_image,125.967,
1790640255,67,,,gpt2_p64_o64,1.456,
1790640255,67,,,gpt2_p512_o512,0.36,
1790640255,67,,,llama_p1024_o128,1.242,
1790640255,67,,,llama_p2048_o64,0.655,
1790640256,68,2,transition,resnet50_image,347.136,214.84735642686016
1790640256,68,2,transition,vgg16_image,468.144,446.803738317757
1790640256,68,2,transition,vit_base_image,125.967,122.60061919504642
1790640256,68,2,transition,gpt2_p64_o64,1.456,0.232258064516129
1790640256,68,2,transition,gpt2_p512_o512,0.36,0.1706161137440758
1790640256,68,2,transition,llama_p1024_o128,1.242,0.5975103734439834
1790640256,68,2,transition,llama_p2048_o64,0.655,0.1795511221945137
1790640257,69,2,transition,resnet50_image,347.136,214.84735642686016
1790640257,69,2,transition,vgg16_image,468.144,446.803738317757
1790640257,69,2,transition,vit_base_image,125.967,122.60061919504642
1790640257,69,2,transition,gpt2_p64_o64,1.456,0.232258064516129
1790640257,69,2,transition,gpt2_p512_o512,0.36,0.1706161137440758
1790640257,69,2,transition,llama_p1024_o128,1.242,0.5975103734439834
1790640257,69,2,transition,llama_p2048_o64,0.655,0.1795511221945137
1790640258,70,2,transition,resnet50_image,347.136,214.84735642686016
1790640258,70,2,transition,vgg16_image,468.144,446.803738317757
1790640258,70,2,transition,vit_base_image,125.967,122.60061919504642
1790640258,70,2,transition,gpt2_p64_o64,1.456,0.232258064516129
1790640258,70,2,transition,gpt2_p512_o512,0.36,0.1706161137440758
1790640258,70,2,transition,llama_p1024_o128,1.242,0.5975103734439834
1790640258,70,2,transition,llama_p2048_o64,0.655,0.1795511221945137
1790640259,71,2,transition,resnet50_image,347.136,214.84735642686016
1790640259,71,2,transition,vgg16_image,468.144,446.803738317757
1790640259,71,2,transition,vit_base_image,125.967,122.60061919504642
1790640259,71,2,transition,gpt2_p64_o64,1.456,0.232258064516129
1790640259,71,2,transition,gpt2_p512_o512,0.36,0.1706161137440758
1790640259,71,2,transition,llama_p1024_o128,1.242,0.5975103734439834
1790640259,71,2,transition,llama_p2048_o64,0.655,0.1795511221945137
1790640260,72,2,transition,resnet50_image,347.136,214.84735642686016
1790640260,72,2,transition,vgg16_image,468.144,446.803738317757
1790640260,72,2,transition,vit_base_image,125.967,122.60061919504642
1790640260,72,2,transition,gpt2_p64_o64,1.456,0.232258064516129
1790640260,72,2,transition,gpt2_p512_o512,0.36,0.1706161137440758
1790640260,72,2,transition,llama_p1024_o128,1.242,0.5975103734439834
1790640260,72,2,transition,llama_p2048_o64,0.655,0.1795511221945137
1790640261,73,2,transition,resnet50_image,347.136,214.84735642686016
1790640261,73,2,transition,vgg16_image,468.144,446.803738317757
1790640261,73,2,transition,vit_base_image,125.967,122.60061919504642
1790640261,73,2,transition,gpt2_p64_o64,1.456,0.232258064516129
1790640261,73,2,transition,gpt2_p512_o512,0.36,0.1706161137440758
1790640261,73,2,transition,llama_p1024_o128,1.242,0.5975103734439834
1790640261,73,2,transition,llama_p2048_o64,0.655,0.1795511221945137
1790640262,74,2,transition,resnet50_image,347.136,214.84735642686016
1790640262,74,2,transition,vgg16_image,468.144,446.803738317757
1790640262,74,2,transition,vit_base_image,125.967,122.60061919504642
1790640262,74,2,transition,gpt2_p64_o64,1.456,0.232258064516129
1790640262,74,2,transition,gpt2_p512_o512,0.36,0.1706161137440758
1790640262,74,2,transition,llama_p1024_o128,1.242,0.5975103734439834
1790640262,74,2,transition,llama_p2048_o64,0.655,0.1795511221945137
1790640263,75,2,transition,resnet50_image,347.136,214.84735642686016
1790640263,75,2,transition,vgg16_image,468.144,446.803738317757
1790640263,75,2,transition,vit_base_image,125.967,122.60061919504642
1790640263,75,2,transition,gpt2_p64_o64,1.456,0.232258064516129
1790640263,75,2,transition,gpt2_p512_o512,0.36,0.1706161137440758
1790640263,75,2,transition,llama_p1024_o128,1.242,0.5975103734439834
1790640263,75,2,transition,llama_p2048_o64,0.655,0.1795511221945137
1790640264,76,2,transition,resnet50_image,347.136,214.84735642686016
1790640264,76,2,transition,vgg16_image,489.336,446.803738317757
1790640264,76,2,transition,vit_base_image,125.967,122.60061919504642
1790640264,76,2,transition,gpt2_p64_o64,1.456,0.232258064516129
1790640264,76,2,transition,gpt2_p512_o512,0.36,0.1706161137440758
1790640264,76,2,transition,llama_p1024_o128,1.242,0.5975103734439834
1790640264,76,2,transition,llama_p2048_o64,0.655,0.1795511221945137
1790640265,77,2,transition,resnet50_image,347.136,214.84735642686016
1790640265,77,2,transition,vgg16_image,489.336,446.803738317757
1790640265,77,2,transition,vit_base_image,125.967,122.60061919504642
1790640265,77,2,transition,gpt2_p64_o64,1.456,0.232258064516129
1790640265,77,2,transition,gpt2_p512_o512,0.36,0.1706161137440758
1790640265,77,2,transition,llama_p1024_o128,1.242,0.5975103734439834
1790640265,77,2,transition,llama_p2048_o64,0.655,0.1795511221945137
1790640266,78,2,steady,resnet50_image,347.136,214.84735642686016
1790640266,78,2,steady,vgg16_image,489.336,478.026168224299
1790640266,78,2,steady,vit_base_image,125.967,122.60061919504642
1790640266,78,2,steady,gpt2_p64_o64,1.456,0.232258064516129
1790640266,78,2,steady,gpt2_p512_o512,0.36,0.1706161137440758
1790640266,78,2,steady,llama_p1024_o128,1.242,0.5975103734439834
1790640266,78,2,steady,llama_p2048_o64,0.655,0.3591022443890275
1790640267,79,2,steady,resnet50_image,347.136,214.84735642686016
1790640267,79,2,steady,vgg16_image,489.336,478.026168224299
1790640267,79,2,steady,vit_base_image,125.967,122.60061919504642
1790640267,79,2,steady,gpt2_p64_o64,1.456,0.232258064516129
1790640267,79,2,steady,gpt2_p512_o512,0.36,0.1706161137440758
1790640267,79,2,steady,llama_p1024_o128,1.242,0.5975103734439834
1790640267,79,2,steady,llama_p2048_o64,0.655,0.3591022443890275
1790640268,80,2,steady,resnet50_image,347.136,214.84735642686016
1790640268,80,2,steady,vgg16_image,489.336,478.026168224299
1790640268,80,2,steady,vit_base_image,125.967,122.60061919504642
1790640268,80,2,steady,gpt2_p64_o64,1.456,0.232258064516129
1790640268,80,2,steady,gpt2_p512_o512,0.36,0.1706161137440758
1790640268,80,2,steady,llama_p1024_o128,1.242,0.5975103734439834
1790640268,80,2,steady,llama_p2048_o64,0.655,0.3591022443890275
1790640269,81,2,steady,resnet50_image,347.136,214.84735642686016
1790640269,81,2,steady,vgg16_image,489.336,478.026168224299
1790640269,81,2,steady,vit_base_image,125.967,122.60061919504642
1790640269,81,2,steady,gpt2_p64_o64,1.456,0.232258064516129
1790640269,81,2,steady,gpt2_p512_o512,0.36,0.1706161137440758
1790640269,81,2,steady,llama_p1024_o128,1.242,0.5975103734439834
1790640269,81,2,steady,llama_p2048_o64,0.655,0.3591022443890275
1790640270,82,2,steady,resnet50_image,347.136,214.84735642686016
1790640270,82,2,steady,vgg16_image,489.336,478.026168224299
1790640270,82,2,steady,vit_base_image,125.967,122.60061919504642
1790640270,82,2,steady,gpt2_p64_o64,1.456,0.232258064516129
1790640270,82,2,steady,gpt2_p512_o512,0.36,0.1706161137440758
1790640270,82,2,steady,llama_p1024_o128,1.242,0.5975103734439834
1790640270,82,2,steady,llama_p2048_o64,0.655,0.3591022443890275
1790640271,83,2,steady,resnet50_image,347.136,214.84735642686016
1790640271,83,2,steady,vgg16_image,489.336,478.026168224299
1790640271,83,2,steady,vit_base_image,125.967,122.60061919504642
1790640271,83,2,steady,gpt2_p64_o64,1.456,0.232258064516129
1790640271,83,2,steady,gpt2_p512_o512,0.36,0.1706161137440758
1790640271,83,2,steady,llama_p1024_o128,1.242,0.5975103734439834
1790640271,83,2,steady,llama_p2048_o64,0.655,0.3591022443890275
1790640272,84,2,steady,resnet50_image,347.136,214.84735642686016
1790640272,84,2,steady,vgg16_image,489.336,478.026168224299
1790640272,84,2,steady,vit_base_image,125.967,122.60061919504642
1790640272,84,2,steady,gpt2_p64_o64,1.456,0.232258064516129
1790640272,84,2,steady,gpt2_p512_o512,0.36,0.1706161137440758
1790640272,84,2,steady,llama_p1024_o128,1.242,0.5975103734439834
1790640272,84,2,steady,llama_p2048_o64,0.655,0.3591022443890275
1790640273,85,2,steady,resnet50_image,347.136,214.84735642686016
1790640273,85,2,steady,vgg16_image,489.336,478.026168224299
1790640273,85,2,steady,vit_base_image,125.967,122.60061919504642
1790640273,85,2,steady,gpt2_p64_o64,1.456,0.232258064516129
1790640273,85,2,steady,gpt2_p512_o512,0.36,0.1706161137440758
1790640273,85,2,steady,llama_p1024_o128,1.242,0.5975103734439834
1790640273,85,2,steady,llama_p2048_o64,0.655,0.3591022443890275
1790640274,86,2,steady,resnet50_image,347.136,214.84735642686016
1790640274,86,2,steady,vgg16_image,489.336,478.026168224299
1790640274,86,2,steady,vit_base_image,125.967,122.60061919504642
1790640274,86,2,steady,gpt2_p64_o64,1.456,0.232258064516129
1790640274,86,2,steady,gpt2_p512_o512,0.36,0.1706161137440758
1790640274,86,2,steady,llama_p1024_o128,1.242,0.5975103734439834
1790640274,86,2,steady,llama_p2048_o64,0.655,0.3591022443890275
1790640275,87,2,steady,resnet50_image,347.136,214.84735642686016
1790640275,87,2,steady,vgg16_image,489.336,478.026168224299
1790640275,87,2,steady,vit_base_image,125.967,122.60061919504642
1790640275,87,2,steady,gpt2_p64_o64,1.456,0.232258064516129
1790640275,87,2,steady,gpt2_p512_o512,0.36,0.1706161137440758
1790640275,87,2,steady,llama_p1024_o128,1.242,0.5975103734439834
1790640275,87,2,steady,llama_p2048_o64,0.655,0.3591022443890275
1790640276,88,2,steady,resnet50_image,347.136,214.84735642686016
1790640276,88,2,steady,vgg16_image,489.336,478.026168224299
1790640276,88,2,steady,vit_base_image,125.967,122.60061919504642
1790640276,88,2,steady,gpt2_p64_o64,1.456,0.232258064516129
1790640276,88,2,steady,gpt2_p512_o512,0.36,0.1706161137440758
1790640276,88,2,steady,llama_p1024_o128,1.242,0.5975103734439834
1790640276,88,2,steady,llama_p2048_o64,0.655,0.3591022443890275
1790640277,89,2,steady,resnet50_image,347.136,214.84735642686016
1790640277,89,2,steady,vgg16_image,489.336,478.026168224299
1790640277,89,2,steady,vit_base_image,125.967,122.60061919504642
1790640277,89,2,steady,gpt2_p64_o64,1.456,0.232258064516129
1790640277,89,2,steady,gpt2_p512_o512,0.36,0.1706161137440758
1790640277,89,2,steady,llama_p1024_o128,1.242,0.5975103734439834
1790640277,89,2,steady,llama_p2048_o64,0.655,0.3591022443890275
1790640278,90,2,steady,resnet50_image,347.136,214.84735642686016
1790640278,90,2,steady,vgg16_image,489.336,478.026168224299
1790640278,90,2,steady,vit_base_image,125.967,122.60061919504642
1790640278,90,2,steady,gpt2_p64_o64,1.456,0.232258064516129
1790640278,90,2,steady,gpt2_p512_o512,0.36,0.1706161137440758
1790640278,90,2,steady,llama_p1024_o128,1.242,0.5975103734439834
1790640278,90,2,steady,llama_p2048_o64,0.655,0.3591022443890275
1790640279,91,2,steady,resnet50_image,347.136,214.84735642686016
1790640279,91,2,steady,vgg16_image,489.336,478.026168224299
1790640279,91,2,steady,vit_base_image,125.967,122.60061919504642
1790640279,91,2,steady,gpt2_p64_o64,1.456,0.232258064516129
1790640279,91,2,steady,gpt2_p512_o512,0.36,0.1706161137440758
1790640279,91,2,steady,llama_p1024_o128,1.242,0.5975103734439834
1790640279,91,2,steady,llama_p2048_o64,0.655,0.3591022443890275
1790640280,92,2,steady,resnet50_image,347.136,214.84735642686016
1790640280,92,2,steady,vgg16_image,489.336,478.026168224299
1790640280,92,2,steady,vit_base_image,125.967,122.60061919504642
1790640280,92,2,steady,gpt2_p64_o64,1.456,0.232258064516129
1790640280,92,2,steady,gpt2_p512_o512,0.36,0.1706161137440758
1790640280,92,2,steady,llama_p1024_o128,1.242,0.5975103734439834
1790640280,92,2,steady,llama_p2048_o64,0.655,0.3591022443890275
1790640281,93,2,steady,resnet50_image,347.136,214.84735642686016
1790640281,93,2,steady,vgg16_image,489.336,478.026168224299
1790640281,93,2,steady,vit_base_image,125.967,122.60061919504642
1790640281,93,2,steady,gpt2_p64_o64,1.456,0.232258064516129
1790640281,93,2,steady,gpt2_p512_o512,0.36,0.1706161137440758
1790640281,93,2,steady,llama_p1024_o128,1.242,0.5975103734439834
1790640281,93,2,steady,llama_p2048_o64,0.655,0.3591022443890275
1790640282,94,2,steady,resnet50_image,347.136,214.84735642686016
1790640282,94,2,steady,vgg16_image,489.336,478.026168224299
1790640282,94,2,steady,vit_base_image,125.967,122.60061919504642
1790640282,94,2,steady,gpt2_p64_o64,1.456,0.232258064516129
1790640282,94,2,steady,gpt2_p512_o512,0.36,0.1706161137440758
1790640282,94,2,steady,llama_p1024_o128,1.242,0.5975103734439834
1790640282,94,2,steady,llama_p2048_o64,0.655,0.3591022443890275
1790640283,95,2,steady,resnet50_image,347.136,214.84735642686016
1790640283,95,2,steady,vgg16_image,489.336,478.026168224299
1790640283,95,2,steady,vit_base_image,125.967,122.60061919504642
1790640283,95,2,steady,gpt2_p64_o64,1.456,0.232258064516129
1790640283,95,2,steady,gpt2_p512_o512,0.36,0.1706161137440758
1790640283,95,2,steady,llama_p1024_o128,1.242,0.5975103734439834
1790640283,95,2,steady,llama_p2048_o64,0.655,0.3591022443890275
1790640284,96,2,steady,resnet50_image,347.136,214.84735642686016
1790640284,96,2,steady,vgg16_image,489.336,478.026168224299
1790640284,96,2,steady,vit_base_image,125.967,122.60061919504642
1790640284,96,2,steady,gpt2_p64_o64,1.456,0.232258064516129
1790640284,96,2,steady,gpt2_p512_o512,0.36,0.1706161137440758
1790640284,96,2,steady,llama_p1024_o128,1.242,0.5975103734439834
1790640284,96,2,steady,llama_p2048_o64,0.655,0.3591022443890275
1790640285,97,2,steady,resnet50_image,347.136,214.84735642686016
1790640285,97,2,steady,vgg16_image,489.336,478.026168224299
1790640285,97,2,steady,vit_base_image,125.967,122.60061919504642
1790640285,97,2,steady,gpt2_p64_o64,1.456,0.232258064516129
1790640285,97,2,steady,gpt2_p512_o512,0.36,0.1706161137440758
1790640285,97,2,steady,llama_p1024_o128,1.242,0.5975103734439834
1790640285,97,2,steady,llama_p2048_o64,0.655,0.3591022443890275
1790640286,98,2,steady,resnet50_image,347.136,214.84735642686016
1790640286,98,2,steady,vgg16_image,489.336,478.026168224299
1790640286,98,2,steady,vit_base_image,125.967,122.60061919504642
1790640286,98,2,steady,gpt2_p64_o64,1.456,0.232258064516129
1790640286,98,2,steady,gpt2_p512_o512,0.36,0.1706161137440758
1790640286,98,2,steady,llama_p1024_o128,1.242,0.5975103734439834
1790640286,98,2,steady,llama_p2048_o64,0.655,0.3591022443890275
1790640287,99,2,steady,resnet50_image,347.136,214.84735642686016
1790640287,99,2,steady,vgg16_image,489.336,478.026168224299
1790640287,99,2,steady,vit_base_image,125.967,122.60061919504642
1790640287,99,2,steady,gpt2_p64_o64,1.456,0.232258064516129
1790640287,99,2,steady,gpt2_p512_o512,0.36,0.1706161137440758
1790640287,99,2,steady,llama_p1024_o128,1.242,0.5975103734439834
1790640287,99,2,steady,llama_p2048_o64,0.655,0.3591022443890275
1790640288,100,2,steady,resnet50_image,347.136,214.84735642686016
1790640288,100,2,steady,vgg16_image,489.336,478.026168224299
1790640288,100,2,steady,vit_base_image,125.967,122.60061919504642
1790640288,100,2,steady,gpt2_p64_o64,1.456,0.232258064516129
1790640288,100,2,steady,gpt2_p512_o512,0.36,0.1706161137440758
1790640288,100,2,steady,llama_p1024_o128,1.242,0.5975103734439834
1790640288,100,2,steady,llama_p2048_o64,0.655,0.3591022443890275
1790640289,101,2,steady,resnet50_image,347.136,214.84735642686016
1790640289,101,2,steady,vgg16_image,489.336,478.026168224299
1790640289,101,2,steady,vit_base_image,125.967,122.60061919504642
1790640289,101,2,steady,gpt2_p64_o64,1.456,0.232258064516129
1790640289,101,2,steady,gpt2_p512_o512,0.36,0.1706161137440758
1790640289,101,2,steady,llama_p1024_o128,1.242,0.5975103734439834
1790640289,101,2,steady,llama_p2048_o64,0.655,0.3591022443890275
1790640290,102,2,steady,resnet50_image,347.136,214.84735642686016
1790640290,102,2,steady,vgg16_image,489.336,478.026168224299
1790640290,102,2,steady,vit_base_image,125.967,122.60061919504642
1790640290,102,2,steady,gpt2_p64_o64,1.456,0.232258064516129
1790640290,102,2,steady,gpt2_p512_o512,0.36,0.1706161137440758
1790640290,102,2,steady,llama_p1024_o128,1.242,0.5975103734439834
1790640290,102,2,steady,llama_p2048_o64,0.655,0.3591022443890275
1790640291,103,2,steady,resnet50_image,347.136,214.84735642686016
1790640291,103,2,steady,vgg16_image,489.336,478.026168224299
1790640291,103,2,steady,vit_base_image,125.967,122.60061919504642
1790640291,103,2,steady,gpt2_p64_o64,1.456,0.232258064516129
1790640291,103,2,steady,gpt2_p512_o512,0.36,0.1706161137440758
1790640291,103,2,steady,llama_p1024_o128,1.242,0.5975103734439834
1790640291,103,2,steady,llama_p2048_o64,0.655,0.3591022443890275
1790640292,104,2,steady,resnet50_image,347.136,214.84735642686016
1790640292,104,2,steady,vgg16_image,489.336,478.026168224299
1790640292,104,2,steady,vit_base_image,125.967,122.60061919504642
1790640292,104,2,steady,gpt2_p64_o64,1.456,0.232258064516129
1790640292,104,2,steady,gpt2_p512_o512,0.36,0.1706161137440758
1790640292,104,2,steady,llama_p1024_o128,1.242,0.5975103734439834
1790640292,104,2,steady,llama_p2048_o64,0.655,0.3591022443890275
1790640293,105,2,steady,resnet50_image,347.136,214.84735642686016
1790640293,105,2,steady,vgg16_image,489.336,478.026168224299
1790640293,105,2,steady,vit_base_image,125.967,122.60061919504642
1790640293,105,2,steady,gpt2_p64_o64,1.456,0.232258064516129
1790640293,105,2,steady,gpt2_p512_o512,0.36,0.1706161137440758
1790640293,105,2,steady,llama_p1024_o128,1.242,0.5975103734439834
1790640293,105,2,steady,llama_p2048_o64,0.655,0.3591022443890275
1790640294,106,2,steady,resnet50_image,347.136,214.84735642686016
1790640294,106,2,steady,vgg16_image,489.336,478.026168224299
1790640294,106,2,steady,vit_base_image,125.967,122.60061919504642
1790640294,106,2,steady,gpt2_p64_o64,1.456,0.232258064516129
1790640294,106,2,steady,gpt2_p512_o512,0.36,0.1706161137440758
1790640294,106,2,steady,llama_p1024_o128,1.242,0.5975103734439834
1790640294,106,2,steady,llama_p2048_o64,0.655,0.3591022443890275
1790640295,107,2,steady,resnet50_image,347.136,214.84735642686016
1790640295,107,2,steady,vgg16_image,489.336,478.026168224299
1790640295,107,2,steady,vit_base_image,125.967,122.60061919504642
1790640295,107,2,steady,gpt2_p64_o64,1.456,0.232258064516129
1790640295,107,2,steady,gpt2_p512_o512,0.36,0.1706161137440758
1790640295,107,2,steady,llama_p1024_o128,1.242,0.5975103734439834
1790640295,107,2,steady,llama_p2048_o64,0.655,0.3591022443890275
1790640296,108,,,resnet50_image,347.136,
1790640296,108,,,vgg16_image,489.336,
1790640296,108,,,vit_base_image,125.967,
1790640296,108,,,gpt2_p64_o64,1.456,
1790640296,108,,,gpt2_p512_o512,0.36,
1790640296,108,,,llama_p1024_o128,1.242,
1790640296,108,,,llama_p2048_o64,0.655,
1790640297,109,,,resnet50_image,347.136,
1790640297,109,,,vgg16_image,489.336,
1790640297,109,,,vit_base_image,125.967,
1790640297,109,,,gpt2_p64_o64,1.456,
1790640297,109,,,gpt2_p512_o512,0.36,
1790640297,109,,,llama_p1024_o128,1.242,
1790640297,109,,,llama_p2048_o64,0.655,
1790640298,110,,,resnet50_image,347.136,
1790640298,110,,,vgg16_image,489.336,
1790640298,110,,,vit_base_image,125.967,
1790640298,110,,,gpt2_p64_o64,1.456,
1790640298,110,,,gpt2_p512_o512,0.36,
1790640298,110,,,llama_p1024_o128,1.242,
1790640298,110,,,llama_p2048_o64,0.655,
1790640299,111,,,resnet50_image,347.136,
1790640299,111,,,vgg16_image,489.336,
1790640299,111,,,vit_base_image,125.967,
1790640299,111,,,gpt2_p64_o64,1.456,
1790640299,111,,,gpt2_p512_o512,0.36,
1790640299,111,,,llama_p1024_o128,1.242,
1790640299,111,,,llama_p2048_o64,0.655,
1790640300,112,,,resnet50_image,347.136,
1790640300,112,,,vgg16_image,489.336,
1790640300,112,,,vit_base_image,125.967,
1790640300,112,,,gpt2_p64_o64,1.456,
1790640300,112,,,gpt2_p512_o512,0.36,
1790640300,112,,,llama_p1024_o128,1.242,
1790640300,112,,,llama_p2048_o64,0.655,
1790640301,113,,,resnet50_image,347.136,
1790640301,113,,,vgg16_image,489.336,
1790640301,113,,,vit_base_image,125.967,
1790640301,113,,,gpt2_p64_o64,1.456,
1790640301,113,,,gpt2_p512_o512,0.36,
1790640301,113,,,llama_p1024_o128,1.242,
1790640301,113,,,llama_p2048_o64,0.655,
1790640302,114,,,resnet50_image,347.136,
1790640302,114,,,vgg16_image,489.336,
1790640302,114,,,vit_base_image,125.967,
1790640302,114,,,gpt2_p64_o64,1.456,
1790640302,114,,,gpt2_p512_o512,0.36,
1790640302,114,,,llama_p1024_o128,1.242,
1790640302,114,,,llama_p2048_o64,0.655,
1790640303,115,,,resnet50_image,347.136,
1790640303,115,,,vgg16_image,489.336,
1790640303,115,,,vit_base_image,125.967,
1790640303,115,,,gpt2_p64_o64,1.456,
1790640303,115,,,gpt2_p512_o512,0.36,
1790640303,115,,,llama_p1024_o128,1.242,
1790640303,115,,,llama_p2048_o64,0.655,
1790640304,116,,,resnet50_image,347.136,
1790640304,116,,,vgg16_image,489.336,
1790640304,116,,,vit_base_image,125.967,
1790640304,116,,,gpt2_p64_o64,1.456,
1790640304,116,,,gpt2_p512_o512,0.36,
1790640304,116,,,llama_p1024_o128,1.242,
1790640304,116,,,llama_p2048_o64,0.655,
1790640305,117,3,transition,resnet50_image,347.136,214.69028786341497
1790640305,117,3,transition,vgg16_image,489.336,478.026168224299
1790640305,117,3,transition,vit_base_image,125.967,122.60061919504642
1790640305,117,3,transition,gpt2_p64_o64,1.456,0.0
1790640305,117,3,transition,gpt2_p512_o512,0.36,0.1706161137440758
1790640305,117,3,transition,llama_p1024_o128,1.242,0.5975103734439834
1790640305,117,3,transition,llama_p2048_o64,0.655,0.1795511221945137
1790640306,118,3,transition,resnet50_image,347.136,214.69028786341497
1790640306,118,3,transition,vgg16_image,489.336,478.026168224299
1790640306,118,3,transition,vit_base_image,125.967,122.60061919504642
1790640306,118,3,transition,gpt2_p64_o64,1.456,0.0
1790640306,118,3,transition,gpt2_p512_o512,0.36,0.1706161137440758
1790640306,118,3,transition,llama_p1024_o128,1.242,0.5975103734439834
1790640306,118,3,transition,llama_p2048_o64,0.655,0.1795511221945137
1790640307,119,3,transition,resnet50_image,347.136,214.69028786341497
1790640307,119,3,transition,vgg16_image,489.336,478.026168224299
1790640307,119,3,transition,vit_base_image,125.967,122.60061919504642
1790640307,119,3,transition,gpt2_p64_o64,1.456,0.0
1790640307,119,3,transition,gpt2_p512_o512,0.36,0.1706161137440758
1790640307,119,3,transition,llama_p1024_o128,1.242,0.5975103734439834
1790640307,119,3,transition,llama_p2048_o64,0.655,0.1795511221945137
1790640308,120,3,transition,resnet50_image,347.136,214.69028786341497
1790640308,120,3,transition,vgg16_image,489.336,478.026168224299
1790640308,120,3,transition,vit_base_image,125.967,122.60061919504642
1790640308,120,3,transition,gpt2_p64_o64,1.456,0.0
1790640308,120,3,transition,gpt2_p512_o512,0.36,0.1706161137440758
1790640308,120,3,transition,llama_p1024_o128,1.242,0.5975103734439834
1790640308,120,3,transition,llama_p2048_o64,0.655,0.1795511221945137
1790640309,121,3,transition,resnet50_image,347.136,214.69028786341497
1790640309,121,3,transition,vgg16_image,489.336,478.026168224299
1790640309,121,3,transition,vit_base_image,125.967,122.60061919504642
1790640309,121,3,transition,gpt2_p64_o64,1.456,0.0
1790640309,121,3,transition,gpt2_p512_o512,0.36,0.1706161137440758
1790640309,121,3,transition,llama_p1024_o128,1.242,0.5975103734439834
1790640309,121,3,transition,llama_p2048_o64,0.655,0.1795511221945137
1790640310,122,3,transition,resnet50_image,347.136,214.69028786341497
1790640310,122,3,transition,vgg16_image,489.336,478.026168224299
1790640310,122,3,transition,vit_base_image,125.967,122.60061919504642
1790640310,122,3,transition,gpt2_p64_o64,1.456,0.0
1790640310,122,3,transition,gpt2_p512_o512,0.36,0.1706161137440758
1790640310,122,3,transition,llama_p1024_o128,1.242,0.5975103734439834
1790640310,122,3,transition,llama_p2048_o64,0.655,0.1795511221945137
1790640311,123,3,transition,resnet50_image,347.136,214.69028786341497
1790640311,123,3,transition,vgg16_image,489.336,478.026168224299
1790640311,123,3,transition,vit_base_image,125.967,122.60061919504642
1790640311,123,3,transition,gpt2_p64_o64,1.456,0.0
1790640311,123,3,transition,gpt2_p512_o512,0.36,0.1706161137440758
1790640311,123,3,transition,llama_p1024_o128,1.242,0.5975103734439834
1790640311,123,3,transition,llama_p2048_o64,0.655,0.1795511221945137
1790640312,124,3,transition,resnet50_image,347.136,214.69028786341497
1790640312,124,3,transition,vgg16_image,489.336,478.026168224299
1790640312,124,3,transition,vit_base_image,125.967,122.60061919504642
1790640312,124,3,transition,gpt2_p64_o64,1.456,0.0
1790640312,124,3,transition,gpt2_p512_o512,0.36,0.1706161137440758
1790640312,124,3,transition,llama_p1024_o128,1.242,0.5975103734439834
1790640312,124,3,transition,llama_p2048_o64,0.655,0.1795511221945137
1790640313,125,3,transition,resnet50_image,347.136,214.69028786341497
1790640313,125,3,transition,vgg16_image,489.336,478.026168224299
1790640313,125,3,transition,vit_base_image,125.967,122.60061919504642
1790640313,125,3,transition,gpt2_p64_o64,1.456,0.0
1790640313,125,3,transition,gpt2_p512_o512,0.36,0.1706161137440758
1790640313,125,3,transition,llama_p1024_o128,1.242,0.5975103734439834
1790640313,125,3,transition,llama_p2048_o64,0.655,0.1795511221945137
1790640314,126,3,transition,resnet50_image,347.136,214.69028786341497
1790640314,126,3,transition,vgg16_image,489.336,478.026168224299
1790640314,126,3,transition,vit_base_image,125.967,122.60061919504642
1790640314,126,3,transition,gpt2_p64_o64,1.456,0.0
1790640314,126,3,transition,gpt2_p512_o512,0.36,0.1706161137440758
1790640314,126,3,transition,llama_p1024_o128,0.884,0.5975103734439834
1790640314,126,3,transition,llama_p2048_o64,0.655,0.1795511221945137
1790640315,127,3,transition,resnet50_image,347.136,214.69028786341497
1790640315,127,3,transition,vgg16_image,489.336,478.026168224299
1790640315,127,3,transition,vit_base_image,125.967,122.60061919504642
1790640315,127,3,transition,gpt2_p64_o64,1.456,0.0
1790640315,127,3,transition,gpt2_p512_o512,0.36,0.1706161137440758
1790640315,127,3,transition,llama_p1024_o128,0.884,0.5975103734439834
1790640315,127,3,transition,llama_p2048_o64,0.655,0.1795511221945137
1790640316,128,3,transition,resnet50_image,347.136,214.69028786341497
1790640316,128,3,transition,vgg16_image,489.336,478.026168224299
1790640316,128,3,transition,vit_base_image,125.967,122.60061919504642
1790640316,128,3,transition,gpt2_p64_o64,1.456,0.0
1790640316,128,3,transition,gpt2_p512_o512,0.36,0.1706161137440758
1790640316,128,3,transition,llama_p1024_o128,0.884,0.5975103734439834
1790640316,128,3,transition,llama_p2048_o64,0.655,0.1795511221945137
1790640317,129,3,transition,resnet50_image,347.136,214.69028786341497
1790640317,129,3,transition,vgg16_image,489.336,478.026168224299
1790640317,129,3,transition,vit_base_image,125.967,122.60061919504642
1790640317,129,3,transition,gpt2_p64_o64,1.456,0.0
1790640317,129,3,transition,gpt2_p512_o512,0.36,0.1706161137440758
1790640317,129,3,transition,llama_p1024_o128,0.884,0.5975103734439834
1790640317,129,3,transition,llama_p2048_o64,0.655,0.1795511221945137
1790640318,130,3,transition,resnet50_image,347.136,214.69028786341497
1790640318,130,3,transition,vgg16_image,489.336,478.026168224299
1790640318,130,3,transition,vit_base_image,125.967,122.60061919504642
1790640318,130,3,transition,gpt2_p64_o64,1.456,0.0
1790640318,130,3,transition,gpt2_p512_o512,0.36,0.1706161137440758
1790640318,130,3,transition,llama_p1024_o128,0.884,0.5975103734439834
1790640318,130,3,transition,llama_p2048_o64,0.655,0.1795511221945137
1790640319,131,3,transition,resnet50_image,347.136,214.69028786341497
1790640319,131,3,transition,vgg16_image,489.336,478.026168224299
1790640319,131,3,transition,vit_base_image,125.967,122.60061919504642
1790640319,131,3,transition,gpt2_p64_o64,1.456,0.0
1790640319,131,3,transition,gpt2_p512_o512,0.36,0.1706161137440758
1790640319,131,3,transition,llama_p1024_o128,0.884,0.5975103734439834
1790640319,131,3,transition,llama_p2048_o64,0.655,0.1795511221945137
1790640320,132,3,transition,resnet50_image,347.136,214.69028786341497
1790640320,132,3,transition,vgg16_image,489.336,478.026168224299
1790640320,132,3,transition,vit_base_image,125.967,122.60061919504642
1790640320,132,3,transition,gpt2_p64_o64,1.456,0.0
1790640320,132,3,transition,gpt2_p512_o512,0.36,0.1706161137440758
1790640320,132,3,transition,llama_p1024_o128,0.884,0.5975103734439834
1790640320,132,3,transition,llama_p2048_o64,0.655,0.1795511221945137
1790640321,133,3,transition,resnet50_image,347.136,214.69028786341497
1790640321,133,3,transition,vgg16_image,489.336,478.026168224299
1790640321,133,3,transition,vit_base_image,125.967,122.60061919504642
1790640321,133,3,transition,gpt2_p64_o64,1.456,0.0
1790640321,133,3,transition,gpt2_p512_o512,0.36,0.1706161137440758
1790640321,133,3,transition,llama_p1024_o128,0.884,0.5975103734439834
1790640321,133,3,transition,llama_p2048_o64,0.655,0.1795511221945137
1790640322,134,3,transition,resnet50_image,347.136,214.69028786341497
1790640322,134,3,transition,vgg16_image,489.336,478.026168224299
1790640322,134,3,transition,vit_base_image,125.967,122.60061919504642
1790640322,134,3,transition,gpt2_p64_o64,1.456,0.0
1790640322,134,3,transition,gpt2_p512_o512,0.36,0.1706161137440758
1790640322,134,3,transition,llama_p1024_o128,0.884,0.5975103734439834
1790640322,134,3,transition,llama_p2048_o64,0.655,0.1795511221945137
1790640323,135,3,transition,resnet50_image,347.136,214.69028786341497
1790640323,135,3,transition,vgg16_image,489.336,478.026168224299
1790640323,135,3,transition,vit_base_image,125.967,122.60061919504642
1790640323,135,3,transition,gpt2_p64_o64,1.456,0.0
1790640323,135,3,transition,gpt2_p512_o512,0.36,0.1706161137440758
1790640323,135,3,transition,llama_p1024_o128,0.884,0.5975103734439834
1790640323,135,3,transition,llama_p2048_o64,0.655,0.1795511221945137
1790640324,136,3,transition,resnet50_image,347.136,214.69028786341497
1790640324,136,3,transition,vgg16_image,489.336,478.026168224299
1790640324,136,3,transition,vit_base_image,125.967,122.60061919504642
1790640324,136,3,transition,gpt2_p64_o64,1.456,0.0
1790640324,136,3,transition,gpt2_p512_o512,0.36,0.1706161137440758
1790640324,136,3,transition,llama_p1024_o128,0.884,0.5975103734439834
1790640324,136,3,transition,llama_p2048_o64,0.655,0.1795511221945137
1790640325,137,3,transition,resnet50_image,347.136,214.69028786341497
1790640325,137,3,transition,vgg16_image,489.336,478.026168224299
1790640325,137,3,transition,vit_base_image,125.967,122.60061919504642
1790640325,137,3,transition,gpt2_p64_o64,1.456,0.0
1790640325,137,3,transition,gpt2_p512_o512,0.36,0.1706161137440758
1790640325,137,3,transition,llama_p1024_o128,0.884,0.5975103734439834
1790640325,137,3,transition,llama_p2048_o64,0.655,0.1795511221945137
1790640326,138,3,transition,resnet50_image,347.136,214.69028786341497
1790640326,138,3,transition,vgg16_image,515.448,478.026168224299
1790640326,138,3,transition,vit_base_image,125.967,122.60061919504642
1790640326,138,3,transition,gpt2_p64_o64,1.456,0.0
1790640326,138,3,transition,gpt2_p512_o512,0.36,0.1706161137440758
1790640326,138,3,transition,llama_p1024_o128,0.884,0.5975103734439834
1790640326,138,3,transition,llama_p2048_o64,0.655,0.1795511221945137
1790640327,139,3,transition,resnet50_image,347.136,214.69028786341497
1790640327,139,3,transition,vgg16_image,515.448,478.026168224299
1790640327,139,3,transition,vit_base_image,125.967,122.60061919504642
1790640327,139,3,transition,gpt2_p64_o64,1.456,0.0
1790640327,139,3,transition,gpt2_p512_o512,0.36,0.1706161137440758
1790640327,139,3,transition,llama_p1024_o128,0.884,0.5975103734439834
1790640327,139,3,transition,llama_p2048_o64,0.655,0.1795511221945137
1790640328,140,3,transition,resnet50_image,347.136,214.69028786341497
1790640328,140,3,transition,vgg16_image,515.448,478.026168224299
1790640328,140,3,transition,vit_base_image,125.967,122.60061919504642
1790640328,140,3,transition,gpt2_p64_o64,1.456,0.0
1790640328,140,3,transition,gpt2_p512_o512,0.36,0.1706161137440758
1790640328,140,3,transition,llama_p1024_o128,0.884,0.5975103734439834
1790640328,140,3,transition,llama_p2048_o64,0.655,0.1795511221945137
1790640329,141,3,transition,resnet50_image,347.136,214.69028786341497
1790640329,141,3,transition,vgg16_image,515.448,478.026168224299
1790640329,141,3,transition,vit_base_image,125.967,122.60061919504642
1790640329,141,3,transition,gpt2_p64_o64,1.456,0.0
1790640329,141,3,transition,gpt2_p512_o512,0.36,0.1706161137440758
1790640329,141,3,transition,llama_p1024_o128,0.884,0.5975103734439834
1790640329,141,3,transition,llama_p2048_o64,0.655,0.1795511221945137
1790640330,142,3,steady,resnet50_image,347.136,214.69028786341497
1790640330,142,3,steady,vgg16_image,515.448,507.4542056074765
1790640330,142,3,steady,vit_base_image,125.967,122.60061919504642
1790640330,142,3,steady,gpt2_p64_o64,1.456,0.0
1790640330,142,3,steady,gpt2_p512_o512,0.36,0.1706161137440758
1790640330,142,3,steady,llama_p1024_o128,0.884,0.5975103734439834
1790640330,142,3,steady,llama_p2048_o64,0.655,0.1795511221945137
1790640331,143,3,steady,resnet50_image,347.136,214.69028786341497
1790640331,143,3,steady,vgg16_image,515.448,507.4542056074765
1790640331,143,3,steady,vit_base_image,125.967,122.60061919504642
1790640331,143,3,steady,gpt2_p64_o64,1.456,0.0
1790640331,143,3,steady,gpt2_p512_o512,0.36,0.1706161137440758
1790640331,143,3,steady,llama_p1024_o128,0.884,0.5975103734439834
1790640331,143,3,steady,llama_p2048_o64,0.655,0.1795511221945137
1790640332,144,3,steady,resnet50_image,347.136,214.69028786341497
1790640332,144,3,steady,vgg16_image,515.448,507.4542056074765
1790640332,144,3,steady,vit_base_image,125.967,122.60061919504642
1790640332,144,3,steady,gpt2_p64_o64,1.456,0.0
1790640332,144,3,steady,gpt2_p512_o512,0.36,0.1706161137440758
1790640332,144,3,steady,llama_p1024_o128,0.884,0.5975103734439834
1790640332,144,3,steady,llama_p2048_o64,0.655,0.1795511221945137
1790640333,145,3,steady,resnet50_image,347.136,214.69028786341497
1790640333,145,3,steady,vgg16_image,515.448,507.4542056074765
1790640333,145,3,steady,vit_base_image,125.967,122.60061919504642
1790640333,145,3,steady,gpt2_p64_o64,1.456,0.0
1790640333,145,3,steady,gpt2_p512_o512,0.36,0.1706161137440758
1790640333,145,3,steady,llama_p1024_o128,0.884,0.5975103734439834
1790640333,145,3,steady,llama_p2048_o64,0.655,0.1795511221945137
1790640334,146,3,steady,resnet50_image,347.136,214.69028786341497
1790640334,146,3,steady,vgg16_image,515.448,507.4542056074765
1790640334,146,3,steady,vit_base_image,125.967,122.60061919504642
1790640334,146,3,steady,gpt2_p64_o64,1.456,0.0
1790640334,146,3,steady,gpt2_p512_o512,0.36,0.1706161137440758
1790640334,146,3,steady,llama_p1024_o128,0.884,0.5975103734439834
1790640334,146,3,steady,llama_p2048_o64,0.655,0.1795511221945137
1790640335,147,3,steady,resnet50_image,347.136,214.69028786341497
1790640335,147,3,steady,vgg16_image,515.448,507.4542056074765
1790640335,147,3,steady,vit_base_image,125.967,122.60061919504642
1790640335,147,3,steady,gpt2_p64_o64,1.456,0.0
1790640335,147,3,steady,gpt2_p512_o512,0.36,0.1706161137440758
1790640335,147,3,steady,llama_p1024_o128,0.884,0.5975103734439834
1790640335,147,3,steady,llama_p2048_o64,0.655,0.1795511221945137
1790640336,148,3,steady,resnet50_image,347.136,214.69028786341497
1790640336,148,3,steady,vgg16_image,515.448,507.4542056074765
1790640336,148,3,steady,vit_base_image,125.967,122.60061919504642
1790640336,148,3,steady,gpt2_p64_o64,1.456,0.0
1790640336,148,3,steady,gpt2_p512_o512,0.36,0.1706161137440758
1790640336,148,3,steady,llama_p1024_o128,0.884,0.5975103734439834
1790640336,148,3,steady,llama_p2048_o64,0.655,0.1795511221945137
1790640337,149,3,steady,resnet50_image,347.136,214.69028786341497
1790640337,149,3,steady,vgg16_image,515.448,507.4542056074765
1790640337,149,3,steady,vit_base_image,125.967,122.60061919504642
1790640337,149,3,steady,gpt2_p64_o64,1.456,0.0
1790640337,149,3,steady,gpt2_p512_o512,0.36,0.1706161137440758
1790640337,149,3,steady,llama_p1024_o128,0.884,0.5975103734439834
1790640337,149,3,steady,llama_p2048_o64,0.655,0.1795511221945137
1790640338,150,3,steady,resnet50_image,347.136,214.69028786341497
1790640338,150,3,steady,vgg16_image,515.448,507.4542056074765
1790640338,150,3,steady,vit_base_image,125.967,122.60061919504642
1790640338,150,3,steady,gpt2_p64_o64,1.456,0.0
1790640338,150,3,steady,gpt2_p512_o512,0.36,0.1706161137440758
1790640338,150,3,steady,llama_p1024_o128,0.884,0.5975103734439834
1790640338,150,3,steady,llama_p2048_o64,0.655,0.1795511221945137
1790640339,151,3,steady,resnet50_image,347.136,214.69028786341497
1790640339,151,3,steady,vgg16_image,515.448,507.4542056074765
1790640339,151,3,steady,vit_base_image,125.967,122.60061919504642
1790640339,151,3,steady,gpt2_p64_o64,1.456,0.0
1790640339,151,3,steady,gpt2_p512_o512,0.36,0.1706161137440758
1790640339,151,3,steady,llama_p1024_o128,0.884,0.5975103734439834
1790640339,151,3,steady,llama_p2048_o64,0.655,0.1795511221945137
1790640340,152,3,steady,resnet50_image,347.136,214.69028786341497
1790640340,152,3,steady,vgg16_image,515.448,507.4542056074765
1790640340,152,3,steady,vit_base_image,125.967,122.60061919504642
1790640340,152,3,steady,gpt2_p64_o64,1.456,0.0
1790640340,152,3,steady,gpt2_p512_o512,0.36,0.1706161137440758
1790640340,152,3,steady,llama_p1024_o128,0.884,0.5975103734439834
1790640340,152,3,steady,llama_p2048_o64,0.655,0.1795511221945137
1790640341,153,3,steady,resnet50_image,347.136,214.69028786341497
1790640341,153,3,steady,vgg16_image,515.448,507.4542056074765
1790640341,153,3,steady,vit_base_image,125.967,122.60061919504642
1790640341,153,3,steady,gpt2_p64_o64,1.456,0.0
1790640341,153,3,steady,gpt2_p512_o512,0.36,0.1706161137440758
1790640341,153,3,steady,llama_p1024_o128,0.884,0.5975103734439834
1790640341,153,3,steady,llama_p2048_o64,0.655,0.1795511221945137
1790640342,154,3,steady,resnet50_image,347.136,214.69028786341497
1790640342,154,3,steady,vgg16_image,515.448,507.4542056074765
1790640342,154,3,steady,vit_base_image,125.967,122.60061919504642
1790640342,154,3,steady,gpt2_p64_o64,1.456,0.0
1790640342,154,3,steady,gpt2_p512_o512,0.36,0.1706161137440758
1790640342,154,3,steady,llama_p1024_o128,0.884,0.5975103734439834
1790640342,154,3,steady,llama_p2048_o64,0.655,0.1795511221945137
1790640343,155,3,steady,resnet50_image,347.136,214.69028786341497
1790640343,155,3,steady,vgg16_image,515.448,507.4542056074765
1790640343,155,3,steady,vit_base_image,125.967,122.60061919504642
1790640343,155,3,steady,gpt2_p64_o64,1.456,0.0
1790640343,155,3,steady,gpt2_p512_o512,0.36,0.1706161137440758
1790640343,155,3,steady,llama_p1024_o128,0.884,0.5975103734439834
1790640343,155,3,steady,llama_p2048_o64,0.655,0.1795511221945137
1790640344,156,3,steady,resnet50_image,347.136,214.69028786341497
1790640344,156,3,steady,vgg16_image,515.448,507.4542056074765
1790640344,156,3,steady,vit_base_image,125.967,122.60061919504642
1790640344,156,3,steady,gpt2_p64_o64,1.456,0.0
1790640344,156,3,steady,gpt2_p512_o512,0.36,0.1706161137440758
1790640344,156,3,steady,llama_p1024_o128,0.884,0.5975103734439834
1790640344,156,3,steady,llama_p2048_o64,0.655,0.1795511221945137
1790640345,157,3,steady,resnet50_image,347.136,214.69028786341497
1790640345,157,3,steady,vgg16_image,515.448,507.4542056074765
1790640345,157,3,steady,vit_base_image,125.967,122.60061919504642
1790640345,157,3,steady,gpt2_p64_o64,1.456,0.0
1790640345,157,3,steady,gpt2_p512_o512,0.36,0.1706161137440758
1790640345,157,3,steady,llama_p1024_o128,0.884,0.5975103734439834
1790640345,157,3,steady,llama_p2048_o64,0.655,0.1795511221945137
1790640346,158,3,steady,resnet50_image,347.136,214.69028786341497
1790640346,158,3,steady,vgg16_image,515.448,507.4542056074765
1790640346,158,3,steady,vit_base_image,125.967,122.60061919504642
1790640346,158,3,steady,gpt2_p64_o64,1.456,0.0
1790640346,158,3,steady,gpt2_p512_o512,0.36,0.1706161137440758
1790640346,158,3,steady,llama_p1024_o128,0.884,0.5975103734439834
1790640346,158,3,steady,llama_p2048_o64,0.655,0.1795511221945137
1790640347,159,3,steady,resnet50_image,347.136,214.69028786341497
1790640347,159,3,steady,vgg16_image,515.448,507.4542056074765
1790640347,159,3,steady,vit_base_image,125.967,122.60061919504642
1790640347,159,3,steady,gpt2_p64_o64,1.456,0.0
1790640347,159,3,steady,gpt2_p512_o512,0.36,0.1706161137440758
1790640347,159,3,steady,llama_p1024_o128,0.884,0.5975103734439834
1790640347,159,3,steady,llama_p2048_o64,0.655,0.1795511221945137
1790640348,160,3,steady,resnet50_image,347.136,214.69028786341497
1790640348,160,3,steady,vgg16_image,515.448,507.4542056074765
1790640348,160,3,steady,vit_base_image,125.967,122.60061919504642
1790640348,160,3,steady,gpt2_p64_o64,1.456,0.0
1790640348,160,3,steady,gpt2_p512_o512,0.36,0.1706161137440758
1790640348,160,3,steady,llama_p1024_o128,0.884,0.5975103734439834
1790640348,160,3,steady,llama_p2048_o64,0.655,0.1795511221945137
1790640349,161,3,steady,resnet50_image,347.136,214.69028786341497
1790640349,161,3,steady,vgg16_image,515.448,507.4542056074765
1790640349,161,3,steady,vit_base_image,125.967,122.60061919504642
1790640349,161,3,steady,gpt2_p64_o64,1.456,0.0
1790640349,161,3,steady,gpt2_p512_o512,0.36,0.1706161137440758
1790640349,161,3,steady,llama_p1024_o128,0.884,0.5975103734439834
1790640349,161,3,steady,llama_p2048_o64,0.655,0.1795511221945137
1790640350,162,3,steady,resnet50_image,347.136,214.69028786341497
1790640350,162,3,steady,vgg16_image,515.448,507.4542056074765
1790640350,162,3,steady,vit_base_image,125.967,122.60061919504642
1790640350,162,3,steady,gpt2_p64_o64,1.456,0.0
1790640350,162,3,steady,gpt2_p512_o512,0.36,0.1706161137440758
1790640350,162,3,steady,llama_p1024_o128,0.884,0.5975103734439834
1790640350,162,3,steady,llama_p2048_o64,0.655,0.1795511221945137
1790640351,163,3,steady,resnet50_image,347.136,214.69028786341497
1790640351,163,3,steady,vgg16_image,515.448,507.4542056074765
1790640351,163,3,steady,vit_base_image,125.967,122.60061919504642
1790640351,163,3,steady,gpt2_p64_o64,1.456,0.0
1790640351,163,3,steady,gpt2_p512_o512,0.36,0.1706161137440758
1790640351,163,3,steady,llama_p1024_o128,0.884,0.5975103734439834
1790640351,163,3,steady,llama_p2048_o64,0.655,0.1795511221945137
1790640352,164,3,steady,resnet50_image,347.136,214.69028786341497
1790640352,164,3,steady,vgg16_image,515.448,507.4542056074765
1790640352,164,3,steady,vit_base_image,125.967,122.60061919504642
1790640352,164,3,steady,gpt2_p64_o64,1.456,0.0
1790640352,164,3,steady,gpt2_p512_o512,0.36,0.1706161137440758
1790640352,164,3,steady,llama_p1024_o128,0.884,0.5975103734439834
1790640352,164,3,steady,llama_p2048_o64,0.655,0.1795511221945137
1790640353,165,3,steady,resnet50_image,347.136,214.69028786341497
1790640353,165,3,steady,vgg16_image,515.448,507.4542056074765
1790640353,165,3,steady,vit_base_image,125.967,122.60061919504642
1790640353,165,3,steady,gpt2_p64_o64,1.456,0.0
1790640353,165,3,steady,gpt2_p512_o512,0.36,0.1706161137440758
1790640353,165,3,steady,llama_p1024_o128,0.884,0.5975103734439834
1790640353,165,3,steady,llama_p2048_o64,0.655,0.1795511221945137
1790640354,166,3,steady,resnet50_image,347.136,214.69028786341497
1790640354,166,3,steady,vgg16_image,515.448,507.4542056074765
1790640354,166,3,steady,vit_base_image,125.967,122.60061919504642
1790640354,166,3,steady,gpt2_p64_o64,1.456,0.0
1790640354,166,3,steady,gpt2_p512_o512,0.36,0.1706161137440758
1790640354,166,3,steady,llama_p1024_o128,0.884,0.5975103734439834
1790640354,166,3,steady,llama_p2048_o64,0.655,0.1795511221945137
1790640355,167,3,steady,resnet50_image,347.136,214.69028786341497
1790640355,167,3,steady,vgg16_image,515.448,507.4542056074765
1790640355,167,3,steady,vit_base_image,125.967,122.60061919504642
1790640355,167,3,steady,gpt2_p64_o64,1.456,0.0
1790640355,167,3,steady,gpt2_p512_o512,0.36,0.1706161137440758
1790640355,167,3,steady,llama_p1024_o128,0.884,0.5975103734439834
1790640355,167,3,steady,llama_p2048_o64,0.655,0.1795511221945137
1790640356,168,3,steady,resnet50_image,347.136,214.69028786341497
1790640356,168,3,steady,vgg16_image,515.448,507.4542056074765
1790640356,168,3,steady,vit_base_image,125.967,122.60061919504642
1790640356,168,3,steady,gpt2_p64_o64,1.456,0.0
1790640356,168,3,steady,gpt2_p512_o512,0.36,0.1706161137440758
1790640356,168,3,steady,llama_p1024_o128,0.884,0.5975103734439834
1790640356,168,3,steady,llama_p2048_o64,0.655,0.1795511221945137
1790640357,169,3,steady,resnet50_image,347.136,214.69028786341497
1790640357,169,3,steady,vgg16_image,515.448,507.4542056074765
1790640357,169,3,steady,vit_base_image,125.967,122.60061919504642
1790640357,169,3,steady,gpt2_p64_o64,1.456,0.0
1790640357,169,3,steady,gpt2_p512_o512,0.36,0.1706161137440758
1790640357,169,3,steady,llama_p1024_o128,0.884,0.5975103734439834
1790640357,169,3,steady,llama_p2048_o64,0.655,0.1795511221945137
1790640358,170,3,steady,resnet50_image,347.136,214.69028786341497
1790640358,170,3,steady,vgg16_image,515.448,507.4542056074765
1790640358,170,3,steady,vit_base_image,125.967,122.60061919504642
1790640358,170,3,steady,gpt2_p64_o64,1.456,0.0
1790640358,170,3,steady,gpt2_p512_o512,0.36,0.1706161137440758
1790640358,170,3,steady,llama_p1024_o128,0.884,0.5975103734439834
1790640358,170,3,steady,llama_p2048_o64,0.655,0.1795511221945137
1790640359,171,3,steady,resnet50_image,347.136,214.69028786341497
1790640359,171,3,steady,vgg16_image,515.448,507.4542056074765
1790640359,171,3,steady,vit_base_image,125.967,122.60061919504642
1790640359,171,3,steady,gpt2_p64_o64,1.456,0.0
1790640359,171,3,steady,gpt2_p512_o512,0.36,0.1706161137440758
1790640359,171,3,steady,llama_p1024_o128,0.884,0.5975103734439834
1790640359,171,3,steady,llama_p2048_o64,0.655,0.1795511221945137
1790640360,172,,,resnet50_image,347.136,
1790640360,172,,,vgg16_image,515.448,
1790640360,172,,,vit_base_image,125.967,
1790640360,172,,,gpt2_p64_o64,1.456,
1790640360,172,,,gpt2_p512_o512,0.36,
1790640360,172,,,llama_p1024_o128,0.884,
1790640360,172,,,llama_p2048_o64,0.655,
1790640361,173,,,resnet50_image,347.136,
1790640361,173,,,vgg16_image,515.448,
1790640361,173,,,vit_base_image,125.967,
1790640361,173,,,gpt2_p64_o64,1.456,
1790640361,173,,,gpt2_p512_o512,0.36,
1790640361,173,,,llama_p1024_o128,0.884,
1790640361,173,,,llama_p2048_o64,0.655,
1790640362,174,,,resnet50_image,347.136,
1790640362,174,,,vgg16_image,515.448,
1790640362,174,,,vit_base_image,125.967,
1790640362,174,,,gpt2_p64_o64,1.456,
1790640362,174,,,gpt2_p512_o512,0.36,
1790640362,174,,,llama_p1024_o128,0.884,
1790640362,174,,,llama_p2048_o64,0.655,
1790640363,175,,,resnet50_image,347.136,
1790640363,175,,,vgg16_image,515.448,
1790640363,175,,,vit_base_image,125.967,
1790640363,175,,,gpt2_p64_o64,1.456,
1790640363,175,,,gpt2_p512_o512,0.36,
1790640363,175,,,llama_p1024_o128,0.884,
1790640363,175,,,llama_p2048_o64,0.655,
1790640364,176,,,resnet50_image,347.136,
1790640364,176,,,vgg16_image,515.448,
1790640364,176,,,vit_base_image,125.967,
1790640364,176,,,gpt2_p64_o64,1.456,
1790640364,176,,,gpt2_p512_o512,0.36,
1790640364,176,,,llama_p1024_o128,0.884,
1790640364,176,,,llama_p2048_o64,0.655,
1790640365,177,,,resnet50_image,347.136,
1790640365,177,,,vgg16_image,515.448,
1790640365,177,,,vit_base_image,125.967,
1790640365,177,,,gpt2_p64_o64,1.456,
1790640365,177,,,gpt2_p512_o512,0.36,
1790640365,177,,,llama_p1024_o128,0.884,
1790640365,177,,,llama_p2048_o64,0.655,
1790640366,178,,,resnet50_image,347.136,
1790640366,178,,,vgg16_image,515.448,
1790640366,178,,,vit_base_image,125.967,
1790640366,178,,,gpt2_p64_o64,1.456,
1790640366,178,,,gpt2_p512_o512,0.36,
1790640366,178,,,llama_p1024_o128,0.884,
1790640366,178,,,llama_p2048_o64,0.655,
1790640367,179,,,resnet50_image,347.136,
1790640367,179,,,vgg16_image,515.448,
1790640367,179,,,vit_base_image,125.967,
1790640367,179,,,gpt2_p64_o64,1.456,
1790640367,179,,,gpt2_p512_o512,0.36,
1790640367,179,,,llama_p1024_o128,0.884,
1790640367,179,,,llama_p2048_o64,0.655,
1790640368,180,,,resnet50_image,347.136,
1790640368,180,,,vgg16_image,515.448,
1790640368,180,,,vit_base_image,125.967,
1790640368,180,,,gpt2_p64_o64,1.456,
1790640368,180,,,gpt2_p512_o512,0.36,
1790640368,180,,,llama_p1024_o128,0.884,
1790640368,180,,,llama_p2048_o64,0.655,
1790640369,181,,,resnet50_image,347.136,
1790640369,181,,,vgg16_image,515.448,
1790640369,181,,,vit_base_image,125.967,
1790640369,181,,,gpt2_p64_o64,1.456,
1790640369,181,,,gpt2_p512_o512,0.36,
1790640369,181,,,llama_p1024_o128,0.884,
1790640369,181,,,llama_p2048_o64,0.655,
1790640370,182,4,transition,resnet50_image,347.136,165.43807404023391
1790640370,182,4,transition,vgg16_image,515.448,461.5177570093458
1790640370,182,4,transition,vit_base_image,125.967,122.60061919504642
1790640370,182,4,transition,gpt2_p64_o64,1.456,0.0
1790640370,182,4,transition,gpt2_p512_o512,0.36,0.0853080568720379
1790640370,182,4,transition,llama_p1024_o128,0.884,0.0
1790640370,182,4,transition,llama_p2048_o64,0.655,0.1795511221945137
1790640371,183,4,transition,resnet50_image,347.136,165.43807404023391
1790640371,183,4,transition,vgg16_image,515.448,461.5177570093458
1790640371,183,4,transition,vit_base_image,125.967,122.60061919504642
1790640371,183,4,transition,gpt2_p64_o64,1.456,0.0
1790640371,183,4,transition,gpt2_p512_o512,0.36,0.0853080568720379
1790640371,183,4,transition,llama_p1024_o128,0.884,0.0
1790640371,183,4,transition,llama_p2048_o64,0.655,0.1795511221945137
1790640372,184,4,transition,resnet50_image,347.136,165.43807404023391
1790640372,184,4,transition,vgg16_image,515.448,461.5177570093458
1790640372,184,4,transition,vit_base_image,125.967,122.60061919504642
1790640372,184,4,transition,gpt2_p64_o64,1.456,0.0
1790640372,184,4,transition,gpt2_p512_o512,0.36,0.0853080568720379
1790640372,184,4,transition,llama_p1024_o128,0.884,0.0
1790640372,184,4,transition,llama_p2048_o64,0.655,0.1795511221945137
1790640373,185,4,transition,resnet50_image,347.136,165.43807404023391
1790640373,185,4,transition,vgg16_image,515.448,461.5177570093458
1790640373,185,4,transition,vit_base_image,125.967,122.60061919504642
1790640373,185,4,transition,gpt2_p64_o64,1.456,0.0
1790640373,185,4,transition,gpt2_p512_o512,0.36,0.0853080568720379
1790640373,185,4,transition,llama_p1024_o128,0.884,0.0
1790640373,185,4,transition,llama_p2048_o64,0.655,0.1795511221945137
1790640374,186,4,transition,resnet50_image,347.136,165.43807404023391
1790640374,186,4,transition,vgg16_image,515.448,461.5177570093458
1790640374,186,4,transition,vit_base_image,125.967,122.60061919504642
1790640374,186,4,transition,gpt2_p64_o64,1.456,0.0
1790640374,186,4,transition,gpt2_p512_o512,0.36,0.0853080568720379
1790640374,186,4,transition,llama_p1024_o128,0.884,0.0
1790640374,186,4,transition,llama_p2048_o64,0.655,0.1795511221945137
1790640375,187,4,transition,resnet50_image,347.136,165.43807404023391
1790640375,187,4,transition,vgg16_image,515.448,461.5177570093458
1790640375,187,4,transition,vit_base_image,125.967,122.60061919504642
1790640375,187,4,transition,gpt2_p64_o64,1.456,0.0
1790640375,187,4,transition,gpt2_p512_o512,0.36,0.0853080568720379
1790640375,187,4,transition,llama_p1024_o128,0.884,0.0
1790640375,187,4,transition,llama_p2048_o64,0.655,0.1795511221945137
1790640376,188,4,transition,resnet50_image,347.136,165.43807404023391
1790640376,188,4,transition,vgg16_image,515.448,461.5177570093458
1790640376,188,4,transition,vit_base_image,125.967,122.60061919504642
1790640376,188,4,transition,gpt2_p64_o64,1.456,0.0
1790640376,188,4,transition,gpt2_p512_o512,0.36,0.0853080568720379
1790640376,188,4,transition,llama_p1024_o128,0.884,0.0
1790640376,188,4,transition,llama_p2048_o64,0.655,0.1795511221945137
1790640377,189,4,transition,resnet50_image,347.136,165.43807404023391
1790640377,189,4,transition,vgg16_image,515.448,461.5177570093458
1790640377,189,4,transition,vit_base_image,125.967,122.60061919504642
1790640377,189,4,transition,gpt2_p64_o64,1.456,0.0
1790640377,189,4,transition,gpt2_p512_o512,0.36,0.0853080568720379
1790640377,189,4,transition,llama_p1024_o128,0.884,0.0
1790640377,189,4,transition,llama_p2048_o64,0.655,0.1795511221945137
1790640378,190,4,transition,resnet50_image,176.963,165.43807404023391
1790640378,190,4,transition,vgg16_image,515.448,461.5177570093458
1790640378,190,4,transition,vit_base_image,125.967,122.60061919504642
1790640378,190,4,transition,gpt2_p64_o64,1.456,0.0
1790640378,190,4,transition,gpt2_p512_o512,0.36,0.0853080568720379
1790640378,190,4,transition,llama_p1024_o128,0,0.0
1790640378,190,4,transition,llama_p2048_o64,0.655,0.1795511221945137
1790640379,191,4,transition,resnet50_image,176.963,165.43807404023391
1790640379,191,4,transition,vgg16_image,515.448,461.5177570093458
1790640379,191,4,transition,vit_base_image,125.967,122.60061919504642
1790640379,191,4,transition,gpt2_p64_o64,1.456,0.0
1790640379,191,4,transition,gpt2_p512_o512,0.36,0.0853080568720379
1790640379,191,4,transition,llama_p1024_o128,0,0.0
1790640379,191,4,transition,llama_p2048_o64,0.655,0.1795511221945137
1790640380,192,4,transition,resnet50_image,176.963,165.43807404023391
1790640380,192,4,transition,vgg16_image,515.448,461.5177570093458
1790640380,192,4,transition,vit_base_image,125.967,122.60061919504642
1790640380,192,4,transition,gpt2_p64_o64,1.456,0.0
1790640380,192,4,transition,gpt2_p512_o512,0.36,0.0853080568720379
1790640380,192,4,transition,llama_p1024_o128,0,0.0
1790640380,192,4,transition,llama_p2048_o64,0.655,0.1795511221945137
1790640381,193,4,transition,resnet50_image,176.963,165.43807404023391
1790640381,193,4,transition,vgg16_image,515.448,461.5177570093458
1790640381,193,4,transition,vit_base_image,125.967,122.60061919504642
1790640381,193,4,transition,gpt2_p64_o64,1.456,0.0
1790640381,193,4,transition,gpt2_p512_o512,0.36,0.0853080568720379
1790640381,193,4,transition,llama_p1024_o128,0,0.0
1790640381,193,4,transition,llama_p2048_o64,0.655,0.1795511221945137
1790640382,194,4,transition,resnet50_image,176.963,165.43807404023391
1790640382,194,4,transition,vgg16_image,515.448,461.5177570093458
1790640382,194,4,transition,vit_base_image,125.967,122.60061919504642
1790640382,194,4,transition,gpt2_p64_o64,1.456,0.0
1790640382,194,4,transition,gpt2_p512_o512,0.36,0.0853080568720379
1790640382,194,4,transition,llama_p1024_o128,0,0.0
1790640382,194,4,transition,llama_p2048_o64,0.655,0.1795511221945137
1790640383,195,4,transition,resnet50_image,176.963,165.43807404023391
1790640383,195,4,transition,vgg16_image,515.448,461.5177570093458
1790640383,195,4,transition,vit_base_image,125.967,122.60061919504642
1790640383,195,4,transition,gpt2_p64_o64,1.456,0.0
1790640383,195,4,transition,gpt2_p512_o512,0.36,0.0853080568720379
1790640383,195,4,transition,llama_p1024_o128,0,0.0
1790640383,195,4,transition,llama_p2048_o64,0.655,0.1795511221945137
1790640384,196,4,transition,resnet50_image,176.963,165.43807404023391
1790640384,196,4,transition,vgg16_image,515.448,461.5177570093458
1790640384,196,4,transition,vit_base_image,125.967,122.60061919504642
1790640384,196,4,transition,gpt2_p64_o64,1.456,0.0
1790640384,196,4,transition,gpt2_p512_o512,0.36,0.0853080568720379
1790640384,196,4,transition,llama_p1024_o128,0,0.0
1790640384,196,4,transition,llama_p2048_o64,0.655,0.1795511221945137
1790640385,197,4,transition,resnet50_image,176.963,165.43807404023391
1790640385,197,4,transition,vgg16_image,515.448,461.5177570093458
1790640385,197,4,transition,vit_base_image,125.967,122.60061919504642
1790640385,197,4,transition,gpt2_p64_o64,1.456,0.0
1790640385,197,4,transition,gpt2_p512_o512,0.36,0.0853080568720379
1790640385,197,4,transition,llama_p1024_o128,0,0.0
1790640385,197,4,transition,llama_p2048_o64,0.655,0.1795511221945137
1790640386,198,4,transition,resnet50_image,176.963,165.43807404023391
1790640386,198,4,transition,vgg16_image,515.448,461.5177570093458
1790640386,198,4,transition,vit_base_image,125.967,122.60061919504642
1790640386,198,4,transition,gpt2_p64_o64,1.456,0.0
1790640386,198,4,transition,gpt2_p512_o512,0.36,0.0853080568720379
1790640386,198,4,transition,llama_p1024_o128,0,0.0
1790640386,198,4,transition,llama_p2048_o64,0.655,0.1795511221945137
1790640387,199,4,transition,resnet50_image,176.963,165.43807404023391
1790640387,199,4,transition,vgg16_image,515.448,461.5177570093458
1790640387,199,4,transition,vit_base_image,125.967,122.60061919504642
1790640387,199,4,transition,gpt2_p64_o64,1.456,0.0
1790640387,199,4,transition,gpt2_p512_o512,0.36,0.0853080568720379
1790640387,199,4,transition,llama_p1024_o128,0,0.0
1790640387,199,4,transition,llama_p2048_o64,0.655,0.1795511221945137
1790640388,200,4,transition,resnet50_image,176.963,165.43807404023391
1790640388,200,4,transition,vgg16_image,515.448,461.5177570093458
1790640388,200,4,transition,vit_base_image,125.967,122.60061919504642
1790640388,200,4,transition,gpt2_p64_o64,1.456,0.0
1790640388,200,4,transition,gpt2_p512_o512,0.36,0.0853080568720379
1790640388,200,4,transition,llama_p1024_o128,0,0.0
1790640388,200,4,transition,llama_p2048_o64,0.655,0.1795511221945137
1790640389,201,4,transition,resnet50_image,176.963,165.43807404023391
1790640389,201,4,transition,vgg16_image,515.448,461.5177570093458
1790640389,201,4,transition,vit_base_image,125.967,122.60061919504642
1790640389,201,4,transition,gpt2_p64_o64,1.456,0.0
1790640389,201,4,transition,gpt2_p512_o512,0.36,0.0853080568720379
1790640389,201,4,transition,llama_p1024_o128,0,0.0
1790640389,201,4,transition,llama_p2048_o64,0.655,0.1795511221945137
1790640390,202,4,transition,resnet50_image,176.963,165.43807404023391
1790640390,202,4,transition,vgg16_image,515.448,461.5177570093458
1790640390,202,4,transition,vit_base_image,125.967,122.60061919504642
1790640390,202,4,transition,gpt2_p64_o64,1.456,0.0
1790640390,202,4,transition,gpt2_p512_o512,0.36,0.0853080568720379
1790640390,202,4,transition,llama_p1024_o128,0,0.0
1790640390,202,4,transition,llama_p2048_o64,0.655,0.1795511221945137
1790640391,203,4,transition,resnet50_image,176.963,165.43807404023391
1790640391,203,4,transition,vgg16_image,515.448,461.5177570093458
1790640391,203,4,transition,vit_base_image,125.967,122.60061919504642
1790640391,203,4,transition,gpt2_p64_o64,1.456,0.0
1790640391,203,4,transition,gpt2_p512_o512,0.36,0.0853080568720379
1790640391,203,4,transition,llama_p1024_o128,0,0.0
1790640391,203,4,transition,llama_p2048_o64,0.655,0.1795511221945137
1790640392,204,4,transition,resnet50_image,176.963,165.43807404023391
1790640392,204,4,transition,vgg16_image,515.448,461.5177570093458
1790640392,204,4,transition,vit_base_image,125.967,122.60061919504642
1790640392,204,4,transition,gpt2_p64_o64,1.456,0.0
1790640392,204,4,transition,gpt2_p512_o512,0.36,0.0853080568720379
1790640392,204,4,transition,llama_p1024_o128,0,0.0
1790640392,204,4,transition,llama_p2048_o64,0.655,0.1795511221945137
1790640393,205,4,transition,resnet50_image,176.963,165.43807404023391
1790640393,205,4,transition,vgg16_image,515.448,461.5177570093458
1790640393,205,4,transition,vit_base_image,125.967,122.60061919504642
1790640393,205,4,transition,gpt2_p64_o64,1.456,0.0
1790640393,205,4,transition,gpt2_p512_o512,0.36,0.0853080568720379
1790640393,205,4,transition,llama_p1024_o128,0,0.0
1790640393,205,4,transition,llama_p2048_o64,0.655,0.1795511221945137
1790640394,206,4,transition,resnet50_image,176.963,165.43807404023391
1790640394,206,4,transition,vgg16_image,515.448,461.5177570093458
1790640394,206,4,transition,vit_base_image,125.967,122.60061919504642
1790640394,206,4,transition,gpt2_p64_o64,1.456,0.0
1790640394,206,4,transition,gpt2_p512_o512,0.36,0.0853080568720379
1790640394,206,4,transition,llama_p1024_o128,0,0.0
1790640394,206,4,transition,llama_p2048_o64,0.655,0.1795511221945137
1790640395,207,4,transition,resnet50_image,176.963,165.43807404023391
1790640395,207,4,transition,vgg16_image,515.448,461.5177570093458
1790640395,207,4,transition,vit_base_image,125.967,122.60061919504642
1790640395,207,4,transition,gpt2_p64_o64,1.456,0.0
1790640395,207,4,transition,gpt2_p512_o512,0.36,0.0853080568720379
1790640395,207,4,transition,llama_p1024_o128,0,0.0
1790640395,207,4,transition,llama_p2048_o64,0.655,0.1795511221945137
1790640396,208,4,transition,resnet50_image,176.963,165.43807404023391
1790640396,208,4,transition,vgg16_image,515.448,461.5177570093458
1790640396,208,4,transition,vit_base_image,125.967,122.60061919504642
1790640396,208,4,transition,gpt2_p64_o64,1.456,0.0
1790640396,208,4,transition,gpt2_p512_o512,0.36,0.0853080568720379
1790640396,208,4,transition,llama_p1024_o128,0,0.0
1790640396,208,4,transition,llama_p2048_o64,0.655,0.1795511221945137
1790640397,209,4,transition,resnet50_image,176.963,165.43807404023391
1790640397,209,4,transition,vgg16_image,515.448,461.5177570093458
1790640397,209,4,transition,vit_base_image,125.967,122.60061919504642
1790640397,209,4,transition,gpt2_p64_o64,1.456,0.0
1790640397,209,4,transition,gpt2_p512_o512,0.36,0.0853080568720379
1790640397,209,4,transition,llama_p1024_o128,0,0.0
1790640397,209,4,transition,llama_p2048_o64,0.655,0.1795511221945137
1790640398,210,4,transition,resnet50_image,176.963,165.43807404023391
1790640398,210,4,transition,vgg16_image,515.448,461.5177570093458
1790640398,210,4,transition,vit_base_image,125.967,122.60061919504642
1790640398,210,4,transition,gpt2_p64_o64,1.456,0.0
1790640398,210,4,transition,gpt2_p512_o512,0.36,0.0853080568720379
1790640398,210,4,transition,llama_p1024_o128,0,0.0
1790640398,210,4,transition,llama_p2048_o64,0.655,0.1795511221945137
1790640399,211,4,transition,resnet50_image,176.963,165.43807404023391
1790640399,211,4,transition,vgg16_image,515.448,461.5177570093458
1790640399,211,4,transition,vit_base_image,125.967,122.60061919504642
1790640399,211,4,transition,gpt2_p64_o64,1.456,0.0
1790640399,211,4,transition,gpt2_p512_o512,0.36,0.0853080568720379
1790640399,211,4,transition,llama_p1024_o128,0,0.0
1790640399,211,4,transition,llama_p2048_o64,0.655,0.1795511221945137
1790640400,212,4,transition,resnet50_image,176.963,165.43807404023391
1790640400,212,4,transition,vgg16_image,515.448,461.5177570093458
1790640400,212,4,transition,vit_base_image,125.967,122.60061919504642
1790640400,212,4,transition,gpt2_p64_o64,1.456,0.0
1790640400,212,4,transition,gpt2_p512_o512,0.36,0.0853080568720379
1790640400,212,4,transition,llama_p1024_o128,0,0.0
1790640400,212,4,transition,llama_p2048_o64,0.655,0.1795511221945137
1790640401,213,4,transition,resnet50_image,176.963,165.43807404023391
1790640401,213,4,transition,vgg16_image,515.448,461.5177570093458
1790640401,213,4,transition,vit_base_image,125.967,122.60061919504642
1790640401,213,4,transition,gpt2_p64_o64,1.456,0.0
1790640401,213,4,transition,gpt2_p512_o512,0.36,0.0853080568720379
1790640401,213,4,transition,llama_p1024_o128,0,0.0
1790640401,213,4,transition,llama_p2048_o64,0.655,0.1795511221945137
1790640402,214,4,transition,resnet50_image,176.963,165.43807404023391
1790640402,214,4,transition,vgg16_image,515.448,461.5177570093458
1790640402,214,4,transition,vit_base_image,125.967,122.60061919504642
1790640402,214,4,transition,gpt2_p64_o64,1.456,0.0
1790640402,214,4,transition,gpt2_p512_o512,0.36,0.0853080568720379
1790640402,214,4,transition,llama_p1024_o128,0,0.0
1790640402,214,4,transition,llama_p2048_o64,0.655,0.1795511221945137
1790640403,215,4,steady,resnet50_image,176.963,165.43807404023391
1790640403,215,4,steady,vgg16_image,515.448,461.5177570093458
1790640403,215,4,steady,vit_base_image,125.967,122.60061919504642
1790640403,215,4,steady,gpt2_p64_o64,1.456,0.232258064516129
1790640403,215,4,steady,gpt2_p512_o512,0.36,0.0853080568720379
1790640403,215,4,steady,llama_p1024_o128,0,0.0
1790640403,215,4,steady,llama_p2048_o64,0.655,0.1795511221945137
1790640404,216,4,steady,resnet50_image,176.963,165.43807404023391
1790640404,216,4,steady,vgg16_image,515.448,461.5177570093458
1790640404,216,4,steady,vit_base_image,125.967,122.60061919504642
1790640404,216,4,steady,gpt2_p64_o64,1.456,0.232258064516129
1790640404,216,4,steady,gpt2_p512_o512,0.36,0.0853080568720379
1790640404,216,4,steady,llama_p1024_o128,0,0.0
1790640404,216,4,steady,llama_p2048_o64,0.655,0.1795511221945137
1790640405,217,4,steady,resnet50_image,176.963,165.43807404023391
1790640405,217,4,steady,vgg16_image,515.448,461.5177570093458
1790640405,217,4,steady,vit_base_image,125.967,122.60061919504642
1790640405,217,4,steady,gpt2_p64_o64,1.456,0.232258064516129
1790640405,217,4,steady,gpt2_p512_o512,0.36,0.0853080568720379
1790640405,217,4,steady,llama_p1024_o128,0,0.0
1790640405,217,4,steady,llama_p2048_o64,0.655,0.1795511221945137
1790640406,218,4,steady,resnet50_image,176.963,165.43807404023391
1790640406,218,4,steady,vgg16_image,515.448,461.5177570093458
1790640406,218,4,steady,vit_base_image,125.967,122.60061919504642
1790640406,218,4,steady,gpt2_p64_o64,1.456,0.232258064516129
1790640406,218,4,steady,gpt2_p512_o512,0.36,0.0853080568720379
1790640406,218,4,steady,llama_p1024_o128,0,0.0
1790640406,218,4,steady,llama_p2048_o64,0.655,0.1795511221945137
1790640407,219,4,steady,resnet50_image,176.963,165.43807404023391
1790640407,219,4,steady,vgg16_image,515.448,461.5177570093458
1790640407,219,4,steady,vit_base_image,125.967,122.60061919504642
1790640407,219,4,steady,gpt2_p64_o64,1.456,0.232258064516129
1790640407,219,4,steady,gpt2_p512_o512,0.36,0.0853080568720379
1790640407,219,4,steady,llama_p1024_o128,0,0.0
1790640407,219,4,steady,llama_p2048_o64,0.655,0.1795511221945137
1790640408,220,4,steady,resnet50_image,176.963,165.43807404023391
1790640408,220,4,steady,vgg16_image,515.448,461.5177570093458
1790640408,220,4,steady,vit_base_image,125.967,122.60061919504642
1790640408,220,4,steady,gpt2_p64_o64,1.456,0.232258064516129
1790640408,220,4,steady,gpt2_p512_o512,0.36,0.0853080568720379
1790640408,220,4,steady,llama_p1024_o128,0,0.0
1790640408,220,4,steady,llama_p2048_o64,0.655,0.1795511221945137
1790640409,221,4,steady,resnet50_image,176.963,165.43807404023391
1790640409,221,4,steady,vgg16_image,515.448,461.5177570093458
1790640409,221,4,steady,vit_base_image,125.967,122.60061919504642
1790640409,221,4,steady,gpt2_p64_o64,1.456,0.232258064516129
1790640409,221,4,steady,gpt2_p512_o512,0.36,0.0853080568720379
1790640409,221,4,steady,llama_p1024_o128,0,0.0
1790640409,221,4,steady,llama_p2048_o64,0.655,0.1795511221945137
1790640410,222,4,steady,resnet50_image,176.963,165.43807404023391
1790640410,222,4,steady,vgg16_image,515.448,461.5177570093458
1790640410,222,4,steady,vit_base_image,125.967,122.60061919504642
1790640410,222,4,steady,gpt2_p64_o64,1.456,0.232258064516129
1790640410,222,4,steady,gpt2_p512_o512,0.36,0.0853080568720379
1790640410,222,4,steady,llama_p1024_o128,0,0.0
1790640410,222,4,steady,llama_p2048_o64,0.655,0.1795511221945137
1790640411,223,4,steady,resnet50_image,176.963,165.43807404023391
1790640411,223,4,steady,vgg16_image,515.448,461.5177570093458
1790640411,223,4,steady,vit_base_image,125.967,122.60061919504642
1790640411,223,4,steady,gpt2_p64_o64,1.456,0.232258064516129
1790640411,223,4,steady,gpt2_p512_o512,0.36,0.0853080568720379
1790640411,223,4,steady,llama_p1024_o128,0,0.0
1790640411,223,4,steady,llama_p2048_o64,0.655,0.1795511221945137
1790640412,224,4,steady,resnet50_image,176.963,165.43807404023391
1790640412,224,4,steady,vgg16_image,515.448,461.5177570093458
1790640412,224,4,steady,vit_base_image,125.967,122.60061919504642
1790640412,224,4,steady,gpt2_p64_o64,1.456,0.232258064516129
1790640412,224,4,steady,gpt2_p512_o512,0.36,0.0853080568720379
1790640412,224,4,steady,llama_p1024_o128,0,0.0
1790640412,224,4,steady,llama_p2048_o64,0.655,0.1795511221945137
1790640413,225,4,steady,resnet50_image,176.963,165.43807404023391
1790640413,225,4,steady,vgg16_image,515.448,461.5177570093458
1790640413,225,4,steady,vit_base_image,125.967,122.60061919504642
1790640413,225,4,steady,gpt2_p64_o64,1.456,0.232258064516129
1790640413,225,4,steady,gpt2_p512_o512,0.36,0.0853080568720379
1790640413,225,4,steady,llama_p1024_o128,0,0.0
1790640413,225,4,steady,llama_p2048_o64,0.655,0.1795511221945137
1790640414,226,4,steady,resnet50_image,176.963,165.43807404023391
1790640414,226,4,steady,vgg16_image,515.448,461.5177570093458
1790640414,226,4,steady,vit_base_image,125.967,122.60061919504642
1790640414,226,4,steady,gpt2_p64_o64,1.456,0.232258064516129
1790640414,226,4,steady,gpt2_p512_o512,0.36,0.0853080568720379
1790640414,226,4,steady,llama_p1024_o128,0,0.0
1790640414,226,4,steady,llama_p2048_o64,0.655,0.1795511221945137
1790640415,227,4,steady,resnet50_image,176.963,165.43807404023391
1790640415,227,4,steady,vgg16_image,515.448,461.5177570093458
1790640415,227,4,steady,vit_base_image,125.967,122.60061919504642
1790640415,227,4,steady,gpt2_p64_o64,1.456,0.232258064516129
1790640415,227,4,steady,gpt2_p512_o512,0.36,0.0853080568720379
1790640415,227,4,steady,llama_p1024_o128,0,0.0
1790640415,227,4,steady,llama_p2048_o64,0.655,0.1795511221945137
1790640416,228,4,steady,resnet50_image,176.963,165.43807404023391
1790640416,228,4,steady,vgg16_image,515.448,461.5177570093458
1790640416,228,4,steady,vit_base_image,125.967,122.60061919504642
1790640416,228,4,steady,gpt2_p64_o64,1.456,0.232258064516129
1790640416,228,4,steady,gpt2_p512_o512,0.36,0.0853080568720379
1790640416,228,4,steady,llama_p1024_o128,0,0.0
1790640416,228,4,steady,llama_p2048_o64,0.655,0.1795511221945137
1790640417,229,4,steady,resnet50_image,176.963,165.43807404023391
1790640417,229,4,steady,vgg16_image,515.448,461.5177570093458
1790640417,229,4,steady,vit_base_image,125.967,122.60061919504642
1790640417,229,4,steady,gpt2_p64_o64,1.456,0.232258064516129
1790640417,229,4,steady,gpt2_p512_o512,0.36,0.0853080568720379
1790640417,229,4,steady,llama_p1024_o128,0,0.0
1790640417,229,4,steady,llama_p2048_o64,0.655,0.1795511221945137
1790640418,230,4,steady,resnet50_image,176.963,165.43807404023391
1790640418,230,4,steady,vgg16_image,515.448,461.5177570093458
1790640418,230,4,steady,vit_base_image,125.967,122.60061919504642
1790640418,230,4,steady,gpt2_p64_o64,1.456,0.232258064516129
1790640418,230,4,steady,gpt2_p512_o512,0.36,0.0853080568720379
1790640418,230,4,steady,llama_p1024_o128,0,0.0
1790640418,230,4,steady,llama_p2048_o64,0.655,0.1795511221945137
1790640419,231,4,steady,resnet50_image,176.963,165.43807404023391
1790640419,231,4,steady,vgg16_image,515.448,461.5177570093458
1790640419,231,4,steady,vit_base_image,125.967,122.60061919504642
1790640419,231,4,steady,gpt2_p64_o64,1.456,0.232258064516129
1790640419,231,4,steady,gpt2_p512_o512,0.36,0.0853080568720379
1790640419,231,4,steady,llama_p1024_o128,0,0.0
1790640419,231,4,steady,llama_p2048_o64,0.655,0.1795511221945137
1790640420,232,4,steady,resnet50_image,176.963,165.43807404023391
1790640420,232,4,steady,vgg16_image,515.448,461.5177570093458
1790640420,232,4,steady,vit_base_image,125.967,122.60061919504642
1790640420,232,4,steady,gpt2_p64_o64,1.456,0.232258064516129
1790640420,232,4,steady,gpt2_p512_o512,0.36,0.0853080568720379
1790640420,232,4,steady,llama_p1024_o128,0,0.0
1790640420,232,4,steady,llama_p2048_o64,0.655,0.1795511221945137
1790640421,233,4,steady,resnet50_image,176.963,165.43807404023391
1790640421,233,4,steady,vgg16_image,515.448,461.5177570093458
1790640421,233,4,steady,vit_base_image,125.967,122.60061919504642
1790640421,233,4,steady,gpt2_p64_o64,1.456,0.232258064516129
1790640421,233,4,steady,gpt2_p512_o512,0.36,0.0853080568720379
1790640421,233,4,steady,llama_p1024_o128,0,0.0
1790640421,233,4,steady,llama_p2048_o64,0.655,0.1795511221945137
1790640422,234,4,steady,resnet50_image,176.963,165.43807404023391
1790640422,234,4,steady,vgg16_image,515.448,461.5177570093458
1790640422,234,4,steady,vit_base_image,125.967,122.60061919504642
1790640422,234,4,steady,gpt2_p64_o64,1.456,0.232258064516129
1790640422,234,4,steady,gpt2_p512_o512,0.36,0.0853080568720379
1790640422,234,4,steady,llama_p1024_o128,0,0.0
1790640422,234,4,steady,llama_p2048_o64,0.655,0.1795511221945137
1790640423,235,4,steady,resnet50_image,176.963,165.43807404023391
1790640423,235,4,steady,vgg16_image,515.448,461.5177570093458
1790640423,235,4,steady,vit_base_image,125.967,122.60061919504642
1790640423,235,4,steady,gpt2_p64_o64,1.456,0.232258064516129
1790640423,235,4,steady,gpt2_p512_o512,0.36,0.0853080568720379
1790640423,235,4,steady,llama_p1024_o128,0,0.0
1790640423,235,4,steady,llama_p2048_o64,0.655,0.1795511221945137
1790640424,236,4,steady,resnet50_image,176.963,165.43807404023391
1790640424,236,4,steady,vgg16_image,515.448,461.5177570093458
1790640424,236,4,steady,vit_base_image,125.967,122.60061919504642
1790640424,236,4,steady,gpt2_p64_o64,1.456,0.232258064516129
1790640424,236,4,steady,gpt2_p512_o512,0.36,0.0853080568720379
1790640424,236,4,steady,llama_p1024_o128,0,0.0
1790640424,236,4,steady,llama_p2048_o64,0.655,0.1795511221945137
1790640425,237,4,steady,resnet50_image,176.963,165.43807404023391
1790640425,237,4,steady,vgg16_image,515.448,461.5177570093458
1790640425,237,4,steady,vit_base_image,125.967,122.60061919504642
1790640425,237,4,steady,gpt2_p64_o64,1.456,0.232258064516129
1790640425,237,4,steady,gpt2_p512_o512,0.36,0.0853080568720379
1790640425,237,4,steady,llama_p1024_o128,0,0.0
1790640425,237,4,steady,llama_p2048_o64,0.655,0.1795511221945137
1790640426,238,4,steady,resnet50_image,176.963,165.43807404023391
1790640426,238,4,steady,vgg16_image,515.448,461.5177570093458
1790640426,238,4,steady,vit_base_image,125.967,122.60061919504642
1790640426,238,4,steady,gpt2_p64_o64,1.456,0.232258064516129
1790640426,238,4,steady,gpt2_p512_o512,0.36,0.0853080568720379
1790640426,238,4,steady,llama_p1024_o128,0,0.0
1790640426,238,4,steady,llama_p2048_o64,0.655,0.1795511221945137
1790640427,239,4,steady,resnet50_image,176.963,165.43807404023391
1790640427,239,4,steady,vgg16_image,515.448,461.5177570093458
1790640427,239,4,steady,vit_base_image,125.967,122.60061919504642
1790640427,239,4,steady,gpt2_p64_o64,1.456,0.232258064516129
1790640427,239,4,steady,gpt2_p512_o512,0.36,0.0853080568720379
1790640427,239,4,steady,llama_p1024_o128,0,0.0
1790640427,239,4,steady,llama_p2048_o64,0.655,0.1795511221945137
1790640428,240,4,steady,resnet50_image,176.963,165.43807404023391
1790640428,240,4,steady,vgg16_image,515.448,461.5177570093458
1790640428,240,4,steady,vit_base_image,125.967,122.60061919504642
1790640428,240,4,steady,gpt2_p64_o64,1.456,0.232258064516129
1790640428,240,4,steady,gpt2_p512_o512,0.36,0.0853080568720379
1790640428,240,4,steady,llama_p1024_o128,0,0.0
1790640428,240,4,steady,llama_p2048_o64,0.655,0.1795511221945137
1790640429,241,4,steady,resnet50_image,176.963,165.43807404023391
1790640429,241,4,steady,vgg16_image,515.448,461.5177570093458
1790640429,241,4,steady,vit_base_image,125.967,122.60061919504642
1790640429,241,4,steady,gpt2_p64_o64,1.456,0.232258064516129
1790640429,241,4,steady,gpt2_p512_o512,0.36,0.0853080568720379
1790640429,241,4,steady,llama_p1024_o128,0,0.0
1790640429,241,4,steady,llama_p2048_o64,0.655,0.1795511221945137
1790640430,242,4,steady,resnet50_image,176.963,165.43807404023391
1790640430,242,4,steady,vgg16_image,515.448,461.5177570093458
1790640430,242,4,steady,vit_base_image,125.967,122.60061919504642
1790640430,242,4,steady,gpt2_p64_o64,1.456,0.232258064516129
1790640430,242,4,steady,gpt2_p512_o512,0.36,0.0853080568720379
1790640430,242,4,steady,llama_p1024_o128,0,0.0
1790640430,242,4,steady,llama_p2048_o64,0.655,0.1795511221945137
1790640431,243,4,steady,resnet50_image,176.963,165.43807404023391
1790640431,243,4,steady,vgg16_image,515.448,461.5177570093458
1790640431,243,4,steady,vit_base_image,125.967,122.60061919504642
1790640431,243,4,steady,gpt2_p64_o64,1.456,0.232258064516129
1790640431,243,4,steady,gpt2_p512_o512,0.36,0.0853080568720379
1790640431,243,4,steady,llama_p1024_o128,0,0.0
1790640431,243,4,steady,llama_p2048_o64,0.655,0.1795511221945137
1790640432,244,4,steady,resnet50_image,176.963,165.43807404023391
1790640432,244,4,steady,vgg16_image,515.448,461.5177570093458
1790640432,244,4,steady,vit_base_image,125.967,122.60061919504642
1790640432,244,4,steady,gpt2_p64_o64,1.456,0.232258064516129
1790640432,244,4,steady,gpt2_p512_o512,0.36,0.0853080568720379
1790640432,244,4,steady,llama_p1024_o128,0,0.0
1790640432,244,4,steady,llama_p2048_o64,0.655,0.1795511221945137
1790640433,245,,,resnet50_image,176.963,
1790640433,245,,,vgg16_image,515.448,
1790640433,245,,,vit_base_image,125.967,
1790640433,245,,,gpt2_p64_o64,1.456,
1790640433,245,,,gpt2_p512_o512,0.36,
1790640433,245,,,llama_p1024_o128,0,
1790640433,245,,,llama_p2048_o64,0.655,
1790640434,246,,,resnet50_image,176.963,
1790640434,246,,,vgg16_image,515.448,
1790640434,246,,,vit_base_image,125.967,
1790640434,246,,,gpt2_p64_o64,1.456,
1790640434,246,,,gpt2_p512_o512,0.36,
1790640434,246,,,llama_p1024_o128,0,
1790640434,246,,,llama_p2048_o64,0.655,
1790640435,247,,,resnet50_image,176.963,
1790640435,247,,,vgg16_image,515.448,
1790640435,247,,,vit_base_image,125.967,
1790640435,247,,,gpt2_p64_o64,1.456,
1790640435,247,,,gpt2_p512_o512,0.36,
1790640435,247,,,llama_p1024_o128,0,
1790640435,247,,,llama_p2048_o64,0.655,
1790640436,248,,,resnet50_image,176.963,
1790640436,248,,,vgg16_image,515.448,
1790640436,248,,,vit_base_image,125.967,
1790640436,248,,,gpt2_p64_o64,1.456,
1790640436,248,,,gpt2_p512_o512,0.36,
1790640436,248,,,llama_p1024_o128,0,
1790640436,248,,,llama_p2048_o64,0.655,
1790640437,249,,,resnet50_image,176.963,
1790640437,249,,,vgg16_image,515.448,
1790640437,249,,,vit_base_image,125.967,
1790640437,249,,,gpt2_p64_o64,1.456,
1790640437,249,,,gpt2_p512_o512,0.36,
1790640437,249,,,llama_p1024_o128,0,
1790640437,249,,,llama_p2048_o64,0.655,
1790640438,250,,,resnet50_image,176.963,
1790640438,250,,,vgg16_image,515.448,
1790640438,250,,,vit_base_image,125.967,
1790640438,250,,,gpt2_p64_o64,1.456,
1790640438,250,,,gpt2_p512_o512,0.36,
1790640438,250,,,llama_p1024_o128,0,
1790640438,250,,,llama_p2048_o64,0.655,
1790640439,251,,,resnet50_image,176.963,
1790640439,251,,,vgg16_image,515.448,
1790640439,251,,,vit_base_image,125.967,
1790640439,251,,,gpt2_p64_o64,1.456,
1790640439,251,,,gpt2_p512_o512,0.36,
1790640439,251,,,llama_p1024_o128,0,
1790640439,251,,,llama_p2048_o64,0.655,
1790640440,252,5,transition,resnet50_image,176.963,91.3690271927075
1790640440,252,5,transition,vgg16_image,515.448,461.5177570093458
1790640440,252,5,transition,vit_base_image,125.967,122.60061919504642
1790640440,252,5,transition,gpt2_p64_o64,1.456,0.232258064516129
1790640440,252,5,transition,gpt2_p512_o512,0.36,0.0853080568720379
1790640440,252,5,transition,llama_p1024_o128,0,0.0
1790640440,252,5,transition,llama_p2048_o64,0.655,0.0
1790640441,253,5,transition,resnet50_image,176.963,91.3690271927075
1790640441,253,5,transition,vgg16_image,515.448,461.5177570093458
1790640441,253,5,transition,vit_base_image,125.967,122.60061919504642
1790640441,253,5,transition,gpt2_p64_o64,1.456,0.232258064516129
1790640441,253,5,transition,gpt2_p512_o512,0.36,0.0853080568720379
1790640441,253,5,transition,llama_p1024_o128,0,0.0
1790640441,253,5,transition,llama_p2048_o64,0.655,0.0
1790640442,254,5,transition,resnet50_image,176.963,91.3690271927075
1790640442,254,5,transition,vgg16_image,515.448,461.5177570093458
1790640442,254,5,transition,vit_base_image,125.967,122.60061919504642
1790640442,254,5,transition,gpt2_p64_o64,1.456,0.232258064516129
1790640442,254,5,transition,gpt2_p512_o512,0.36,0.0853080568720379
1790640442,254,5,transition,llama_p1024_o128,0,0.0
1790640442,254,5,transition,llama_p2048_o64,0.655,0.0
1790640443,255,5,transition,resnet50_image,176.963,91.3690271927075
1790640443,255,5,transition,vgg16_image,515.448,461.5177570093458
1790640443,255,5,transition,vit_base_image,125.967,122.60061919504642
1790640443,255,5,transition,gpt2_p64_o64,1.456,0.232258064516129
1790640443,255,5,transition,gpt2_p512_o512,0.36,0.0853080568720379
1790640443,255,5,transition,llama_p1024_o128,0,0.0
1790640443,255,5,transition,llama_p2048_o64,0.655,0.0
1790640444,256,5,transition,resnet50_image,176.963,91.3690271927075
1790640444,256,5,transition,vgg16_image,515.448,461.5177570093458
1790640444,256,5,transition,vit_base_image,125.967,122.60061919504642
1790640444,256,5,transition,gpt2_p64_o64,1.456,0.232258064516129
1790640444,256,5,transition,gpt2_p512_o512,0.36,0.0853080568720379
1790640444,256,5,transition,llama_p1024_o128,0,0.0
1790640444,256,5,transition,llama_p2048_o64,0.655,0.0
1790640445,257,5,transition,resnet50_image,176.963,91.3690271927075
1790640445,257,5,transition,vgg16_image,515.448,461.5177570093458
1790640445,257,5,transition,vit_base_image,125.967,122.60061919504642
1790640445,257,5,transition,gpt2_p64_o64,1.456,0.232258064516129
1790640445,257,5,transition,gpt2_p512_o512,0.36,0.0853080568720379
1790640445,257,5,transition,llama_p1024_o128,0,0.0
1790640445,257,5,transition,llama_p2048_o64,0.655,0.0
1790640446,258,5,transition,resnet50_image,176.963,91.3690271927075
1790640446,258,5,transition,vgg16_image,515.448,461.5177570093458
1790640446,258,5,transition,vit_base_image,125.967,122.60061919504642
1790640446,258,5,transition,gpt2_p64_o64,1.456,0.232258064516129
1790640446,258,5,transition,gpt2_p512_o512,0.36,0.0853080568720379
1790640446,258,5,transition,llama_p1024_o128,0,0.0
1790640446,258,5,transition,llama_p2048_o64,0.655,0.0
1790640447,259,5,transition,resnet50_image,176.963,91.3690271927075
1790640447,259,5,transition,vgg16_image,515.448,461.5177570093458
1790640447,259,5,transition,vit_base_image,125.967,122.60061919504642
1790640447,259,5,transition,gpt2_p64_o64,1.456,0.232258064516129
1790640447,259,5,transition,gpt2_p512_o512,0.36,0.0853080568720379
1790640447,259,5,transition,llama_p1024_o128,0,0.0
1790640447,259,5,transition,llama_p2048_o64,0.655,0.0
1790640448,260,5,transition,resnet50_image,176.963,91.3690271927075
1790640448,260,5,transition,vgg16_image,515.448,461.5177570093458
1790640448,260,5,transition,vit_base_image,125.967,122.60061919504642
1790640448,260,5,transition,gpt2_p64_o64,1.456,0.232258064516129
1790640448,260,5,transition,gpt2_p512_o512,0.18,0.0853080568720379
1790640448,260,5,transition,llama_p1024_o128,0,0.0
1790640448,260,5,transition,llama_p2048_o64,0,0.0
1790640449,261,5,transition,resnet50_image,176.963,91.3690271927075
1790640449,261,5,transition,vgg16_image,515.448,461.5177570093458
1790640449,261,5,transition,vit_base_image,125.967,122.60061919504642
1790640449,261,5,transition,gpt2_p64_o64,1.456,0.232258064516129
1790640449,261,5,transition,gpt2_p512_o512,0.18,0.0853080568720379
1790640449,261,5,transition,llama_p1024_o128,0,0.0
1790640449,261,5,transition,llama_p2048_o64,0,0.0
1790640450,262,5,transition,resnet50_image,176.963,91.3690271927075
1790640450,262,5,transition,vgg16_image,515.448,461.5177570093458
1790640450,262,5,transition,vit_base_image,125.967,122.60061919504642
1790640450,262,5,transition,gpt2_p64_o64,1.456,0.232258064516129
1790640450,262,5,transition,gpt2_p512_o512,0.18,0.0853080568720379
1790640450,262,5,transition,llama_p1024_o128,0,0.0
1790640450,262,5,transition,llama_p2048_o64,0,0.0
1790640451,263,5,transition,resnet50_image,176.963,91.3690271927075
1790640451,263,5,transition,vgg16_image,515.448,461.5177570093458
1790640451,263,5,transition,vit_base_image,125.967,122.60061919504642
1790640451,263,5,transition,gpt2_p64_o64,1.456,0.232258064516129
1790640451,263,5,transition,gpt2_p512_o512,0.18,0.0853080568720379
1790640451,263,5,transition,llama_p1024_o128,0,0.0
1790640451,263,5,transition,llama_p2048_o64,0,0.0
1790640452,264,5,transition,resnet50_image,176.963,91.3690271927075
1790640452,264,5,transition,vgg16_image,515.448,461.5177570093458
1790640452,264,5,transition,vit_base_image,125.967,122.60061919504642
1790640452,264,5,transition,gpt2_p64_o64,1.456,0.232258064516129
1790640452,264,5,transition,gpt2_p512_o512,0.18,0.0853080568720379
1790640452,264,5,transition,llama_p1024_o128,0,0.0
1790640452,264,5,transition,llama_p2048_o64,0,0.0
1790640453,265,5,transition,resnet50_image,176.963,91.3690271927075
1790640453,265,5,transition,vgg16_image,515.448,461.5177570093458
1790640453,265,5,transition,vit_base_image,125.967,122.60061919504642
1790640453,265,5,transition,gpt2_p64_o64,1.456,0.232258064516129
1790640453,265,5,transition,gpt2_p512_o512,0.18,0.0853080568720379
1790640453,265,5,transition,llama_p1024_o128,0,0.0
1790640453,265,5,transition,llama_p2048_o64,0,0.0
1790640454,266,5,transition,resnet50_image,176.963,91.3690271927075
1790640454,266,5,transition,vgg16_image,515.448,461.5177570093458
1790640454,266,5,transition,vit_base_image,125.967,122.60061919504642
1790640454,266,5,transition,gpt2_p64_o64,1.456,0.232258064516129
1790640454,266,5,transition,gpt2_p512_o512,0.18,0.0853080568720379
1790640454,266,5,transition,llama_p1024_o128,0,0.0
1790640454,266,5,transition,llama_p2048_o64,0,0.0
1790640455,267,5,transition,resnet50_image,176.963,91.3690271927075
1790640455,267,5,transition,vgg16_image,515.448,461.5177570093458
1790640455,267,5,transition,vit_base_image,125.967,122.60061919504642
1790640455,267,5,transition,gpt2_p64_o64,1.456,0.232258064516129
1790640455,267,5,transition,gpt2_p512_o512,0.18,0.0853080568720379
1790640455,267,5,transition,llama_p1024_o128,0,0.0
1790640455,267,5,transition,llama_p2048_o64,0,0.0
1790640456,268,5,transition,resnet50_image,176.963,91.3690271927075
1790640456,268,5,transition,vgg16_image,515.448,461.5177570093458
1790640456,268,5,transition,vit_base_image,125.967,122.60061919504642
1790640456,268,5,transition,gpt2_p64_o64,1.456,0.232258064516129
1790640456,268,5,transition,gpt2_p512_o512,0.18,0.0853080568720379
1790640456,268,5,transition,llama_p1024_o128,0,0.0
1790640456,268,5,transition,llama_p2048_o64,0,0.0
1790640457,269,5,transition,resnet50_image,176.963,91.3690271927075
1790640457,269,5,transition,vgg16_image,515.448,461.5177570093458
1790640457,269,5,transition,vit_base_image,125.967,122.60061919504642
1790640457,269,5,transition,gpt2_p64_o64,1.456,0.232258064516129
1790640457,269,5,transition,gpt2_p512_o512,0.18,0.0853080568720379
1790640457,269,5,transition,llama_p1024_o128,0,0.0
1790640457,269,5,transition,llama_p2048_o64,0,0.0
1790640458,270,5,transition,resnet50_image,176.963,91.3690271927075
1790640458,270,5,transition,vgg16_image,515.448,461.5177570093458
1790640458,270,5,transition,vit_base_image,125.967,122.60061919504642
1790640458,270,5,transition,gpt2_p64_o64,1.456,0.232258064516129
1790640458,270,5,transition,gpt2_p512_o512,0.18,0.0853080568720379
1790640458,270,5,transition,llama_p1024_o128,0,0.0
1790640458,270,5,transition,llama_p2048_o64,0,0.0
1790640459,271,5,transition,resnet50_image,176.963,91.3690271927075
1790640459,271,5,transition,vgg16_image,515.448,461.5177570093458
1790640459,271,5,transition,vit_base_image,125.967,122.60061919504642
1790640459,271,5,transition,gpt2_p64_o64,1.456,0.232258064516129
1790640459,271,5,transition,gpt2_p512_o512,0.18,0.0853080568720379
1790640459,271,5,transition,llama_p1024_o128,0,0.0
1790640459,271,5,transition,llama_p2048_o64,0,0.0
1790640460,272,5,transition,resnet50_image,176.963,91.3690271927075
1790640460,272,5,transition,vgg16_image,515.448,461.5177570093458
1790640460,272,5,transition,vit_base_image,125.967,122.60061919504642
1790640460,272,5,transition,gpt2_p64_o64,1.456,0.232258064516129
1790640460,272,5,transition,gpt2_p512_o512,0.18,0.0853080568720379
1790640460,272,5,transition,llama_p1024_o128,0,0.0
1790640460,272,5,transition,llama_p2048_o64,0,0.0
1790640461,273,5,transition,resnet50_image,176.963,91.3690271927075
1790640461,273,5,transition,vgg16_image,515.448,461.5177570093458
1790640461,273,5,transition,vit_base_image,125.967,122.60061919504642
1790640461,273,5,transition,gpt2_p64_o64,1.456,0.232258064516129
1790640461,273,5,transition,gpt2_p512_o512,0.18,0.0853080568720379
1790640461,273,5,transition,llama_p1024_o128,0,0.0
1790640461,273,5,transition,llama_p2048_o64,0,0.0
1790640462,274,5,transition,resnet50_image,176.963,91.3690271927075
1790640462,274,5,transition,vgg16_image,515.448,461.5177570093458
1790640462,274,5,transition,vit_base_image,125.967,122.60061919504642
1790640462,274,5,transition,gpt2_p64_o64,1.456,0.232258064516129
1790640462,274,5,transition,gpt2_p512_o512,0.18,0.0853080568720379
1790640462,274,5,transition,llama_p1024_o128,0,0.0
1790640462,274,5,transition,llama_p2048_o64,0,0.0
1790640463,275,5,transition,resnet50_image,176.963,91.3690271927075
1790640463,275,5,transition,vgg16_image,515.448,461.5177570093458
1790640463,275,5,transition,vit_base_image,125.967,122.60061919504642
1790640463,275,5,transition,gpt2_p64_o64,1.456,0.232258064516129
1790640463,275,5,transition,gpt2_p512_o512,0.18,0.0853080568720379
1790640463,275,5,transition,llama_p1024_o128,0,0.0
1790640463,275,5,transition,llama_p2048_o64,0,0.0
1790640464,276,5,transition,resnet50_image,176.963,91.3690271927075
1790640464,276,5,transition,vgg16_image,515.448,461.5177570093458
1790640464,276,5,transition,vit_base_image,125.967,122.60061919504642
1790640464,276,5,transition,gpt2_p64_o64,1.456,0.232258064516129
1790640464,276,5,transition,gpt2_p512_o512,0.18,0.0853080568720379
1790640464,276,5,transition,llama_p1024_o128,0,0.0
1790640464,276,5,transition,llama_p2048_o64,0,0.0
1790640465,277,5,transition,resnet50_image,176.963,91.3690271927075
1790640465,277,5,transition,vgg16_image,515.448,461.5177570093458
1790640465,277,5,transition,vit_base_image,125.967,122.60061919504642
1790640465,277,5,transition,gpt2_p64_o64,1.456,0.232258064516129
1790640465,277,5,transition,gpt2_p512_o512,0.18,0.0853080568720379
1790640465,277,5,transition,llama_p1024_o128,0,0.0
1790640465,277,5,transition,llama_p2048_o64,0,0.0
1790640466,278,5,transition,resnet50_image,176.963,91.3690271927075
1790640466,278,5,transition,vgg16_image,515.448,461.5177570093458
1790640466,278,5,transition,vit_base_image,125.967,122.60061919504642
1790640466,278,5,transition,gpt2_p64_o64,1.456,0.232258064516129
1790640466,278,5,transition,gpt2_p512_o512,0.18,0.0853080568720379
1790640466,278,5,transition,llama_p1024_o128,0,0.0
1790640466,278,5,transition,llama_p2048_o64,0,0.0
1790640467,279,5,transition,resnet50_image,176.963,91.3690271927075
1790640467,279,5,transition,vgg16_image,515.448,461.5177570093458
1790640467,279,5,transition,vit_base_image,125.967,122.60061919504642
1790640467,279,5,transition,gpt2_p64_o64,1.456,0.232258064516129
1790640467,279,5,transition,gpt2_p512_o512,0.18,0.0853080568720379
1790640467,279,5,transition,llama_p1024_o128,0,0.0
1790640467,279,5,transition,llama_p2048_o64,0,0.0
1790640468,280,5,transition,resnet50_image,176.963,91.3690271927075
1790640468,280,5,transition,vgg16_image,515.448,461.5177570093458
1790640468,280,5,transition,vit_base_image,125.967,122.60061919504642
1790640468,280,5,transition,gpt2_p64_o64,1.456,0.232258064516129
1790640468,280,5,transition,gpt2_p512_o512,0.18,0.0853080568720379
1790640468,280,5,transition,llama_p1024_o128,0,0.0
1790640468,280,5,transition,llama_p2048_o64,0,0.0
1790640469,281,5,transition,resnet50_image,176.963,91.3690271927075
1790640469,281,5,transition,vgg16_image,515.448,461.5177570093458
1790640469,281,5,transition,vit_base_image,125.967,122.60061919504642
1790640469,281,5,transition,gpt2_p64_o64,1.456,0.232258064516129
1790640469,281,5,transition,gpt2_p512_o512,0.18,0.0853080568720379
1790640469,281,5,transition,llama_p1024_o128,0,0.0
1790640469,281,5,transition,llama_p2048_o64,0,0.0
1790640470,282,5,transition,resnet50_image,176.963,91.3690271927075
1790640470,282,5,transition,vgg16_image,515.448,461.5177570093458
1790640470,282,5,transition,vit_base_image,125.967,122.60061919504642
1790640470,282,5,transition,gpt2_p64_o64,1.456,0.232258064516129
1790640470,282,5,transition,gpt2_p512_o512,0.18,0.0853080568720379
1790640470,282,5,transition,llama_p1024_o128,0,0.0
1790640470,282,5,transition,llama_p2048_o64,0,0.0
1790640471,283,5,transition,resnet50_image,176.963,91.3690271927075
1790640471,283,5,transition,vgg16_image,515.448,461.5177570093458
1790640471,283,5,transition,vit_base_image,125.967,122.60061919504642
1790640471,283,5,transition,gpt2_p64_o64,1.456,0.232258064516129
1790640471,283,5,transition,gpt2_p512_o512,0.18,0.0853080568720379
1790640471,283,5,transition,llama_p1024_o128,0,0.0
1790640471,283,5,transition,llama_p2048_o64,0,0.0
1790640472,284,5,transition,resnet50_image,176.963,91.3690271927075
1790640472,284,5,transition,vgg16_image,468.144,461.5177570093458
1790640472,284,5,transition,vit_base_image,125.967,122.60061919504642
1790640472,284,5,transition,gpt2_p64_o64,1.456,0.232258064516129
1790640472,284,5,transition,gpt2_p512_o512,0.18,0.0853080568720379
1790640472,284,5,transition,llama_p1024_o128,0,0.0
1790640472,284,5,transition,llama_p2048_o64,0,0.0
1790640473,285,5,transition,resnet50_image,176.963,91.3690271927075
1790640473,285,5,transition,vgg16_image,468.144,461.5177570093458
1790640473,285,5,transition,vit_base_image,125.967,122.60061919504642
1790640473,285,5,transition,gpt2_p64_o64,1.456,0.232258064516129
1790640473,285,5,transition,gpt2_p512_o512,0.18,0.0853080568720379
1790640473,285,5,transition,llama_p1024_o128,0,0.0
1790640473,285,5,transition,llama_p2048_o64,0,0.0
1790640474,286,5,transition,resnet50_image,176.963,91.3690271927075
1790640474,286,5,transition,vgg16_image,468.144,461.5177570093458
1790640474,286,5,transition,vit_base_image,125.967,122.60061919504642
1790640474,286,5,transition,gpt2_p64_o64,1.456,0.232258064516129
1790640474,286,5,transition,gpt2_p512_o512,0.18,0.0853080568720379
1790640474,286,5,transition,llama_p1024_o128,0,0.0
1790640474,286,5,transition,llama_p2048_o64,0,0.0
1790640475,287,5,transition,resnet50_image,176.963,91.3690271927075
1790640475,287,5,transition,vgg16_image,468.144,461.5177570093458
1790640475,287,5,transition,vit_base_image,125.967,122.60061919504642
1790640475,287,5,transition,gpt2_p64_o64,1.456,0.232258064516129
1790640475,287,5,transition,gpt2_p512_o512,0.18,0.0853080568720379
1790640475,287,5,transition,llama_p1024_o128,0,0.0
1790640475,287,5,transition,llama_p2048_o64,0,0.0
1790640476,288,5,transition,resnet50_image,176.963,91.3690271927075
1790640476,288,5,transition,vgg16_image,468.144,461.5177570093458
1790640476,288,5,transition,vit_base_image,125.967,122.60061919504642
1790640476,288,5,transition,gpt2_p64_o64,1.456,0.232258064516129
1790640476,288,5,transition,gpt2_p512_o512,0.18,0.0853080568720379
1790640476,288,5,transition,llama_p1024_o128,0,0.0
1790640476,288,5,transition,llama_p2048_o64,0,0.0
1790640477,289,5,transition,resnet50_image,176.963,91.3690271927075
1790640477,289,5,transition,vgg16_image,468.144,461.5177570093458
1790640477,289,5,transition,vit_base_image,125.967,122.60061919504642
1790640477,289,5,transition,gpt2_p64_o64,1.456,0.232258064516129
1790640477,289,5,transition,gpt2_p512_o512,0.18,0.0853080568720379
1790640477,289,5,transition,llama_p1024_o128,0,0.0
1790640477,289,5,transition,llama_p2048_o64,0,0.0
1790640478,290,5,transition,resnet50_image,176.963,91.3690271927075
1790640478,290,5,transition,vgg16_image,468.144,461.5177570093458
1790640478,290,5,transition,vit_base_image,125.967,122.60061919504642
1790640478,290,5,transition,gpt2_p64_o64,1.456,0.232258064516129
1790640478,290,5,transition,gpt2_p512_o512,0.18,0.0853080568720379
1790640478,290,5,transition,llama_p1024_o128,0,0.0
1790640478,290,5,transition,llama_p2048_o64,0,0.0
1790640479,291,5,transition,resnet50_image,176.963,91.3690271927075
1790640479,291,5,transition,vgg16_image,468.144,461.5177570093458
1790640479,291,5,transition,vit_base_image,125.967,122.60061919504642
1790640479,291,5,transition,gpt2_p64_o64,1.456,0.232258064516129
1790640479,291,5,transition,gpt2_p512_o512,0.18,0.0853080568720379
1790640479,291,5,transition,llama_p1024_o128,0,0.0
1790640479,291,5,transition,llama_p2048_o64,0,0.0
1790640480,292,5,transition,resnet50_image,176.963,91.3690271927075
1790640480,292,5,transition,vgg16_image,468.144,461.5177570093458
1790640480,292,5,transition,vit_base_image,125.967,122.60061919504642
1790640480,292,5,transition,gpt2_p64_o64,1.456,0.232258064516129
1790640480,292,5,transition,gpt2_p512_o512,0.18,0.0853080568720379
1790640480,292,5,transition,llama_p1024_o128,0,0.0
1790640480,292,5,transition,llama_p2048_o64,0,0.0
1790640481,293,5,steady,resnet50_image,176.963,91.3690271927075
1790640481,293,5,steady,vgg16_image,468.144,462.9532710280373
1790640481,293,5,steady,vit_base_image,125.967,122.60061919504642
1790640481,293,5,steady,gpt2_p64_o64,1.456,0.232258064516129
1790640481,293,5,steady,gpt2_p512_o512,0.18,0.0853080568720379
1790640481,293,5,steady,llama_p1024_o128,0,0.0
1790640481,293,5,steady,llama_p2048_o64,0,0.0
1790640482,294,5,steady,resnet50_image,176.963,91.3690271927075
1790640482,294,5,steady,vgg16_image,468.144,462.9532710280373
1790640482,294,5,steady,vit_base_image,125.967,122.60061919504642
1790640482,294,5,steady,gpt2_p64_o64,1.456,0.232258064516129
1790640482,294,5,steady,gpt2_p512_o512,0.18,0.0853080568720379
1790640482,294,5,steady,llama_p1024_o128,0,0.0
1790640482,294,5,steady,llama_p2048_o64,0,0.0
1790640483,295,5,steady,resnet50_image,176.963,91.3690271927075
1790640483,295,5,steady,vgg16_image,468.144,462.9532710280373
1790640483,295,5,steady,vit_base_image,125.967,122.60061919504642
1790640483,295,5,steady,gpt2_p64_o64,1.456,0.232258064516129
1790640483,295,5,steady,gpt2_p512_o512,0.18,0.0853080568720379
1790640483,295,5,steady,llama_p1024_o128,0,0.0
1790640483,295,5,steady,llama_p2048_o64,0,0.0
1790640484,296,5,steady,resnet50_image,176.963,91.3690271927075
1790640484,296,5,steady,vgg16_image,468.144,462.9532710280373
1790640484,296,5,steady,vit_base_image,125.967,122.60061919504642
1790640484,296,5,steady,gpt2_p64_o64,1.456,0.232258064516129
1790640484,296,5,steady,gpt2_p512_o512,0.18,0.0853080568720379
1790640484,296,5,steady,llama_p1024_o128,0,0.0
1790640484,296,5,steady,llama_p2048_o64,0,0.0
1790640485,297,5,steady,resnet50_image,176.963,91.3690271927075
1790640485,297,5,steady,vgg16_image,468.144,462.9532710280373
1790640485,297,5,steady,vit_base_image,125.967,122.60061919504642
1790640485,297,5,steady,gpt2_p64_o64,1.456,0.232258064516129
1790640485,297,5,steady,gpt2_p512_o512,0.18,0.0853080568720379
1790640485,297,5,steady,llama_p1024_o128,0,0.0
1790640485,297,5,steady,llama_p2048_o64,0,0.0
1790640486,298,5,steady,resnet50_image,176.963,91.3690271927075
1790640486,298,5,steady,vgg16_image,468.144,462.9532710280373
1790640486,298,5,steady,vit_base_image,125.967,122.60061919504642
1790640486,298,5,steady,gpt2_p64_o64,1.456,0.232258064516129
1790640486,298,5,steady,gpt2_p512_o512,0.18,0.0853080568720379
1790640486,298,5,steady,llama_p1024_o128,0,0.0
1790640486,298,5,steady,llama_p2048_o64,0,0.0
1790640487,299,5,steady,resnet50_image,176.963,91.3690271927075
1790640487,299,5,steady,vgg16_image,468.144,462.9532710280373
1790640487,299,5,steady,vit_base_image,125.967,122.60061919504642
1790640487,299,5,steady,gpt2_p64_o64,1.456,0.232258064516129
1790640487,299,5,steady,gpt2_p512_o512,0.18,0.0853080568720379
1790640487,299,5,steady,llama_p1024_o128,0,0.0
1790640487,299,5,steady,llama_p2048_o64,0,0.0
1790640488,300,5,steady,resnet50_image,176.963,91.3690271927075
1790640488,300,5,steady,vgg16_image,468.144,462.9532710280373
1790640488,300,5,steady,vit_base_image,125.967,122.60061919504642
1790640488,300,5,steady,gpt2_p64_o64,1.456,0.232258064516129
1790640488,300,5,steady,gpt2_p512_o512,0.18,0.0853080568720379
1790640488,300,5,steady,llama_p1024_o128,0,0.0
1790640488,300,5,steady,llama_p2048_o64,0,0.0
1790640489,301,5,steady,resnet50_image,176.963,91.3690271927075
1790640489,301,5,steady,vgg16_image,468.144,462.9532710280373
1790640489,301,5,steady,vit_base_image,125.967,122.60061919504642
1790640489,301,5,steady,gpt2_p64_o64,1.456,0.232258064516129
1790640489,301,5,steady,gpt2_p512_o512,0.18,0.0853080568720379
1790640489,301,5,steady,llama_p1024_o128,0,0.0
1790640489,301,5,steady,llama_p2048_o64,0,0.0
1790640490,302,5,steady,resnet50_image,176.963,91.3690271927075
1790640490,302,5,steady,vgg16_image,468.144,462.9532710280373
1790640490,302,5,steady,vit_base_image,125.967,122.60061919504642
1790640490,302,5,steady,gpt2_p64_o64,1.456,0.232258064516129
1790640490,302,5,steady,gpt2_p512_o512,0.18,0.0853080568720379
1790640490,302,5,steady,llama_p1024_o128,0,0.0
1790640490,302,5,steady,llama_p2048_o64,0,0.0
1790640491,303,5,steady,resnet50_image,176.963,91.3690271927075
1790640491,303,5,steady,vgg16_image,468.144,462.9532710280373
1790640491,303,5,steady,vit_base_image,125.967,122.60061919504642
1790640491,303,5,steady,gpt2_p64_o64,1.456,0.232258064516129
1790640491,303,5,steady,gpt2_p512_o512,0.18,0.0853080568720379
1790640491,303,5,steady,llama_p1024_o128,0,0.0
1790640491,303,5,steady,llama_p2048_o64,0,0.0
1790640492,304,5,steady,resnet50_image,176.963,91.3690271927075
1790640492,304,5,steady,vgg16_image,468.144,462.9532710280373
1790640492,304,5,steady,vit_base_image,125.967,122.60061919504642
1790640492,304,5,steady,gpt2_p64_o64,1.456,0.232258064516129
1790640492,304,5,steady,gpt2_p512_o512,0.18,0.0853080568720379
1790640492,304,5,steady,llama_p1024_o128,0,0.0
1790640492,304,5,steady,llama_p2048_o64,0,0.0
1790640493,305,5,steady,resnet50_image,176.963,91.3690271927075
1790640493,305,5,steady,vgg16_image,468.144,462.9532710280373
1790640493,305,5,steady,vit_base_image,125.967,122.60061919504642
1790640493,305,5,steady,gpt2_p64_o64,1.456,0.232258064516129
1790640493,305,5,steady,gpt2_p512_o512,0.18,0.0853080568720379
1790640493,305,5,steady,llama_p1024_o128,0,0.0
1790640493,305,5,steady,llama_p2048_o64,0,0.0
1790640494,306,5,steady,resnet50_image,176.963,91.3690271927075
1790640494,306,5,steady,vgg16_image,468.144,462.9532710280373
1790640494,306,5,steady,vit_base_image,125.967,122.60061919504642
1790640494,306,5,steady,gpt2_p64_o64,1.456,0.232258064516129
1790640494,306,5,steady,gpt2_p512_o512,0.18,0.0853080568720379
1790640494,306,5,steady,llama_p1024_o128,0,0.0
1790640494,306,5,steady,llama_p2048_o64,0,0.0
1790640495,307,5,steady,resnet50_image,176.963,91.3690271927075
1790640495,307,5,steady,vgg16_image,468.144,462.9532710280373
1790640495,307,5,steady,vit_base_image,125.967,122.60061919504642
1790640495,307,5,steady,gpt2_p64_o64,1.456,0.232258064516129
1790640495,307,5,steady,gpt2_p512_o512,0.18,0.0853080568720379
1790640495,307,5,steady,llama_p1024_o128,0,0.0
1790640495,307,5,steady,llama_p2048_o64,0,0.0
1790640496,308,5,steady,resnet50_image,176.963,91.3690271927075
1790640496,308,5,steady,vgg16_image,468.144,462.9532710280373
1790640496,308,5,steady,vit_base_image,125.967,122.60061919504642
1790640496,308,5,steady,gpt2_p64_o64,1.456,0.232258064516129
1790640496,308,5,steady,gpt2_p512_o512,0.18,0.0853080568720379
1790640496,308,5,steady,llama_p1024_o128,0,0.0
1790640496,308,5,steady,llama_p2048_o64,0,0.0
1790640497,309,5,steady,resnet50_image,176.963,91.3690271927075
1790640497,309,5,steady,vgg16_image,468.144,462.9532710280373
1790640497,309,5,steady,vit_base_image,125.967,122.60061919504642
1790640497,309,5,steady,gpt2_p64_o64,1.456,0.232258064516129
1790640497,309,5,steady,gpt2_p512_o512,0.18,0.0853080568720379
1790640497,309,5,steady,llama_p1024_o128,0,0.0
1790640497,309,5,steady,llama_p2048_o64,0,0.0
1790640498,310,5,steady,resnet50_image,176.963,91.3690271927075
1790640498,310,5,steady,vgg16_image,468.144,462.9532710280373
1790640498,310,5,steady,vit_base_image,125.967,122.60061919504642
1790640498,310,5,steady,gpt2_p64_o64,1.456,0.232258064516129
1790640498,310,5,steady,gpt2_p512_o512,0.18,0.0853080568720379
1790640498,310,5,steady,llama_p1024_o128,0,0.0
1790640498,310,5,steady,llama_p2048_o64,0,0.0
1790640499,311,5,steady,resnet50_image,176.963,91.3690271927075
1790640499,311,5,steady,vgg16_image,468.144,462.9532710280373
1790640499,311,5,steady,vit_base_image,125.967,122.60061919504642
1790640499,311,5,steady,gpt2_p64_o64,1.456,0.232258064516129
1790640499,311,5,steady,gpt2_p512_o512,0.18,0.0853080568720379
1790640499,311,5,steady,llama_p1024_o128,0,0.0
1790640499,311,5,steady,llama_p2048_o64,0,0.0
1790640500,312,5,steady,resnet50_image,176.963,91.3690271927075
1790640500,312,5,steady,vgg16_image,468.144,462.9532710280373
1790640500,312,5,steady,vit_base_image,125.967,122.60061919504642
1790640500,312,5,steady,gpt2_p64_o64,1.456,0.232258064516129
1790640500,312,5,steady,gpt2_p512_o512,0.18,0.0853080568720379
1790640500,312,5,steady,llama_p1024_o128,0,0.0
1790640500,312,5,steady,llama_p2048_o64,0,0.0
1790640501,313,5,steady,resnet50_image,176.963,91.3690271927075
1790640501,313,5,steady,vgg16_image,468.144,462.9532710280373
1790640501,313,5,steady,vit_base_image,125.967,122.60061919504642
1790640501,313,5,steady,gpt2_p64_o64,1.456,0.232258064516129
1790640501,313,5,steady,gpt2_p512_o512,0.18,0.0853080568720379
1790640501,313,5,steady,llama_p1024_o128,0,0.0
1790640501,313,5,steady,llama_p2048_o64,0,0.0
1790640502,314,5,steady,resnet50_image,176.963,91.3690271927075
1790640502,314,5,steady,vgg16_image,468.144,462.9532710280373
1790640502,314,5,steady,vit_base_image,125.967,122.60061919504642
1790640502,314,5,steady,gpt2_p64_o64,1.456,0.232258064516129
1790640502,314,5,steady,gpt2_p512_o512,0.18,0.0853080568720379
1790640502,314,5,steady,llama_p1024_o128,0,0.0
1790640502,314,5,steady,llama_p2048_o64,0,0.0
1790640503,315,5,steady,resnet50_image,176.963,91.3690271927075
1790640503,315,5,steady,vgg16_image,468.144,462.9532710280373
1790640503,315,5,steady,vit_base_image,125.967,122.60061919504642
1790640503,315,5,steady,gpt2_p64_o64,1.456,0.232258064516129
1790640503,315,5,steady,gpt2_p512_o512,0.18,0.0853080568720379
1790640503,315,5,steady,llama_p1024_o128,0,0.0
1790640503,315,5,steady,llama_p2048_o64,0,0.0
1790640504,316,5,steady,resnet50_image,176.963,91.3690271927075
1790640504,316,5,steady,vgg16_image,468.144,462.9532710280373
1790640504,316,5,steady,vit_base_image,125.967,122.60061919504642
1790640504,316,5,steady,gpt2_p64_o64,1.456,0.232258064516129
1790640504,316,5,steady,gpt2_p512_o512,0.18,0.0853080568720379
1790640504,316,5,steady,llama_p1024_o128,0,0.0
1790640504,316,5,steady,llama_p2048_o64,0,0.0
1790640505,317,5,steady,resnet50_image,176.963,91.3690271927075
1790640505,317,5,steady,vgg16_image,468.144,462.9532710280373
1790640505,317,5,steady,vit_base_image,125.967,122.60061919504642
1790640505,317,5,steady,gpt2_p64_o64,1.456,0.232258064516129
1790640505,317,5,steady,gpt2_p512_o512,0.18,0.0853080568720379
1790640505,317,5,steady,llama_p1024_o128,0,0.0
1790640505,317,5,steady,llama_p2048_o64,0,0.0
1790640506,318,5,steady,resnet50_image,176.963,91.3690271927075
1790640506,318,5,steady,vgg16_image,468.144,462.9532710280373
1790640506,318,5,steady,vit_base_image,125.967,122.60061919504642
1790640506,318,5,steady,gpt2_p64_o64,1.456,0.232258064516129
1790640506,318,5,steady,gpt2_p512_o512,0.18,0.0853080568720379
1790640506,318,5,steady,llama_p1024_o128,0,0.0
1790640506,318,5,steady,llama_p2048_o64,0,0.0
1790640507,319,5,steady,resnet50_image,176.963,91.3690271927075
1790640507,319,5,steady,vgg16_image,468.144,462.9532710280373
1790640507,319,5,steady,vit_base_image,125.967,122.60061919504642
1790640507,319,5,steady,gpt2_p64_o64,1.456,0.232258064516129
1790640507,319,5,steady,gpt2_p512_o512,0.18,0.0853080568720379
1790640507,319,5,steady,llama_p1024_o128,0,0.0
1790640507,319,5,steady,llama_p2048_o64,0,0.0
1790640508,320,5,steady,resnet50_image,176.963,91.3690271927075
1790640508,320,5,steady,vgg16_image,468.144,462.9532710280373
1790640508,320,5,steady,vit_base_image,125.967,122.60061919504642
1790640508,320,5,steady,gpt2_p64_o64,1.456,0.232258064516129
1790640508,320,5,steady,gpt2_p512_o512,0.18,0.0853080568720379
1790640508,320,5,steady,llama_p1024_o128,0,0.0
1790640508,320,5,steady,llama_p2048_o64,0,0.0
1790640509,321,5,steady,resnet50_image,176.963,91.3690271927075
1790640509,321,5,steady,vgg16_image,468.144,462.9532710280373
1790640509,321,5,steady,vit_base_image,125.967,122.60061919504642
1790640509,321,5,steady,gpt2_p64_o64,1.456,0.232258064516129
1790640509,321,5,steady,gpt2_p512_o512,0.18,0.0853080568720379
1790640509,321,5,steady,llama_p1024_o128,0,0.0
1790640509,321,5,steady,llama_p2048_o64,0,0.0
1790640510,322,5,steady,resnet50_image,176.963,91.3690271927075
1790640510,322,5,steady,vgg16_image,468.144,462.9532710280373
1790640510,322,5,steady,vit_base_image,125.967,122.60061919504642
1790640510,322,5,steady,gpt2_p64_o64,1.456,0.232258064516129
1790640510,322,5,steady,gpt2_p512_o512,0.18,0.0853080568720379
1790640510,322,5,steady,llama_p1024_o128,0,0.0
1790640510,322,5,steady,llama_p2048_o64,0,0.0
1790640511,323,,,resnet50_image,176.963,
1790640511,323,,,vgg16_image,468.144,
1790640511,323,,,vit_base_image,125.967,
1790640511,323,,,gpt2_p64_o64,1.456,
1790640511,323,,,gpt2_p512_o512,0.18,
1790640511,323,,,llama_p1024_o128,0,
1790640511,323,,,llama_p2048_o64,0,
1790640512,324,,,resnet50_image,176.963,
1790640512,324,,,vgg16_image,468.144,
1790640512,324,,,vit_base_image,125.967,
1790640512,324,,,gpt2_p64_o64,1.456,
1790640512,324,,,gpt2_p512_o512,0.18,
1790640512,324,,,llama_p1024_o128,0,
1790640512,324,,,llama_p2048_o64,0,
1790640513,325,,,resnet50_image,176.963,
1790640513,325,,,vgg16_image,468.144,
1790640513,325,,,vit_base_image,125.967,
1790640513,325,,,gpt2_p64_o64,1.456,
1790640513,325,,,gpt2_p512_o512,0.18,
1790640513,325,,,llama_p1024_o128,0,
1790640513,325,,,llama_p2048_o64,0,
1790640514,326,,,resnet50_image,176.963,
1790640514,326,,,vgg16_image,468.144,
1790640514,326,,,vit_base_image,125.967,
1790640514,326,,,gpt2_p64_o64,1.456,
1790640514,326,,,gpt2_p512_o512,0.18,
1790640514,326,,,llama_p1024_o128,0,
1790640514,326,,,llama_p2048_o64,0,
1790640515,327,,,resnet50_image,176.963,
1790640515,327,,,vgg16_image,468.144,
1790640515,327,,,vit_base_image,125.967,
1790640515,327,,,gpt2_p64_o64,1.456,
1790640515,327,,,gpt2_p512_o512,0.18,
1790640515,327,,,llama_p1024_o128,0,
1790640515,327,,,llama_p2048_o64,0,
1790640516,328,,,resnet50_image,176.963,
1790640516,328,,,vgg16_image,468.144,
1790640516,328,,,vit_base_image,125.967,
1790640516,328,,,gpt2_p64_o64,1.456,
1790640516,328,,,gpt2_p512_o512,0.18,
1790640516,328,,,llama_p1024_o128,0,
1790640516,328,,,llama_p2048_o64,0,
1790640517,329,6,transition,resnet50_image,176.963,66.79901619663318
1790640517,329,6,transition,vgg16_image,468.144,460.7999999999999
1790640517,329,6,transition,vit_base_image,125.967,73.56037151702786
1790640517,329,6,transition,gpt2_p64_o64,1.456,0.232258064516129
1790640517,329,6,transition,gpt2_p512_o512,0.18,0.0
1790640517,329,6,transition,llama_p1024_o128,0,0.0
1790640517,329,6,transition,llama_p2048_o64,0,0.0
1790640518,330,6,transition,resnet50_image,176.963,66.79901619663318
1790640518,330,6,transition,vgg16_image,468.144,460.7999999999999
1790640518,330,6,transition,vit_base_image,125.967,73.56037151702786
1790640518,330,6,transition,gpt2_p64_o64,1.456,0.232258064516129
1790640518,330,6,transition,gpt2_p512_o512,0.18,0.0
1790640518,330,6,transition,llama_p1024_o128,0,0.0
1790640518,330,6,transition,llama_p2048_o64,0,0.0
1790640519,331,6,transition,resnet50_image,176.963,66.79901619663318
1790640519,331,6,transition,vgg16_image,468.144,460.7999999999999
1790640519,331,6,transition,vit_base_image,125.967,73.56037151702786
1790640519,331,6,transition,gpt2_p64_o64,1.456,0.232258064516129
1790640519,331,6,transition,gpt2_p512_o512,0.18,0.0
1790640519,331,6,transition,llama_p1024_o128,0,0.0
1790640519,331,6,transition,llama_p2048_o64,0,0.0
1790640520,332,6,transition,resnet50_image,176.963,66.79901619663318
1790640520,332,6,transition,vgg16_image,468.144,460.7999999999999
1790640520,332,6,transition,vit_base_image,125.967,73.56037151702786
1790640520,332,6,transition,gpt2_p64_o64,1.456,0.232258064516129
1790640520,332,6,transition,gpt2_p512_o512,0.18,0.0
1790640520,332,6,transition,llama_p1024_o128,0,0.0
1790640520,332,6,transition,llama_p2048_o64,0,0.0
1790640521,333,6,transition,resnet50_image,176.963,66.79901619663318
1790640521,333,6,transition,vgg16_image,468.144,460.7999999999999
1790640521,333,6,transition,vit_base_image,125.967,73.56037151702786
1790640521,333,6,transition,gpt2_p64_o64,1.456,0.232258064516129
1790640521,333,6,transition,gpt2_p512_o512,0.18,0.0
1790640521,333,6,transition,llama_p1024_o128,0,0.0
1790640521,333,6,transition,llama_p2048_o64,0,0.0
1790640522,334,6,transition,resnet50_image,176.963,66.79901619663318
1790640522,334,6,transition,vgg16_image,468.144,460.7999999999999
1790640522,334,6,transition,vit_base_image,125.967,73.56037151702786
1790640522,334,6,transition,gpt2_p64_o64,1.456,0.232258064516129
1790640522,334,6,transition,gpt2_p512_o512,0.18,0.0
1790640522,334,6,transition,llama_p1024_o128,0,0.0
1790640522,334,6,transition,llama_p2048_o64,0,0.0
1790640523,335,6,transition,resnet50_image,176.963,66.79901619663318
1790640523,335,6,transition,vgg16_image,468.144,460.7999999999999
1790640523,335,6,transition,vit_base_image,125.967,73.56037151702786
1790640523,335,6,transition,gpt2_p64_o64,1.456,0.232258064516129
1790640523,335,6,transition,gpt2_p512_o512,0.18,0.0
1790640523,335,6,transition,llama_p1024_o128,0,0.0
1790640523,335,6,transition,llama_p2048_o64,0,0.0
1790640524,336,6,transition,resnet50_image,176.963,66.79901619663318
1790640524,336,6,transition,vgg16_image,468.144,460.7999999999999
1790640524,336,6,transition,vit_base_image,125.967,73.56037151702786
1790640524,336,6,transition,gpt2_p64_o64,1.456,0.232258064516129
1790640524,336,6,transition,gpt2_p512_o512,0.18,0.0
1790640524,336,6,transition,llama_p1024_o128,0,0.0
1790640524,336,6,transition,llama_p2048_o64,0,0.0
1790640525,337,6,transition,resnet50_image,176.963,66.79901619663318
1790640525,337,6,transition,vgg16_image,468.144,460.7999999999999
1790640525,337,6,transition,vit_base_image,89.405,73.56037151702786
1790640525,337,6,transition,gpt2_p64_o64,1.456,0.232258064516129
1790640525,337,6,transition,gpt2_p512_o512,0.18,0.0
1790640525,337,6,transition,llama_p1024_o128,0,0.0
1790640525,337,6,transition,llama_p2048_o64,0,0.0
1790640526,338,6,transition,resnet50_image,176.963,66.79901619663318
1790640526,338,6,transition,vgg16_image,468.144,460.7999999999999
1790640526,338,6,transition,vit_base_image,89.405,73.56037151702786
1790640526,338,6,transition,gpt2_p64_o64,1.456,0.232258064516129
1790640526,338,6,transition,gpt2_p512_o512,0.18,0.0
1790640526,338,6,transition,llama_p1024_o128,0,0.0
1790640526,338,6,transition,llama_p2048_o64,0,0.0
1790640527,339,6,steady,resnet50_image,176.963,66.79901619663318
1790640527,339,6,steady,vgg16_image,468.144,460.7999999999999
1790640527,339,6,steady,vit_base_image,89.405,73.56037151702786
1790640527,339,6,steady,gpt2_p64_o64,1.456,0.232258064516129
1790640527,339,6,steady,gpt2_p512_o512,0.18,0.0
1790640527,339,6,steady,llama_p1024_o128,0,0.0
1790640527,339,6,steady,llama_p2048_o64,0,0.0
1790640528,340,6,steady,resnet50_image,176.963,66.79901619663318
1790640528,340,6,steady,vgg16_image,468.144,460.7999999999999
1790640528,340,6,steady,vit_base_image,89.405,73.56037151702786
1790640528,340,6,steady,gpt2_p64_o64,1.456,0.232258064516129
1790640528,340,6,steady,gpt2_p512_o512,0.18,0.0
1790640528,340,6,steady,llama_p1024_o128,0,0.0
1790640528,340,6,steady,llama_p2048_o64,0,0.0
1790640529,341,6,steady,resnet50_image,176.963,66.79901619663318
1790640529,341,6,steady,vgg16_image,468.144,460.7999999999999
1790640529,341,6,steady,vit_base_image,89.405,73.56037151702786
1790640529,341,6,steady,gpt2_p64_o64,1.456,0.232258064516129
1790640529,341,6,steady,gpt2_p512_o512,0.18,0.0
1790640529,341,6,steady,llama_p1024_o128,0,0.0
1790640529,341,6,steady,llama_p2048_o64,0,0.0
1790640530,342,6,steady,resnet50_image,176.963,66.79901619663318
1790640530,342,6,steady,vgg16_image,468.144,460.7999999999999
1790640530,342,6,steady,vit_base_image,89.405,73.56037151702786
1790640530,342,6,steady,gpt2_p64_o64,1.456,0.232258064516129
1790640530,342,6,steady,gpt2_p512_o512,0.18,0.0
1790640530,342,6,steady,llama_p1024_o128,0,0.0
1790640530,342,6,steady,llama_p2048_o64,0,0.0
1790640531,343,6,steady,resnet50_image,176.963,66.79901619663318
1790640531,343,6,steady,vgg16_image,468.144,460.7999999999999
1790640531,343,6,steady,vit_base_image,89.405,73.56037151702786
1790640531,343,6,steady,gpt2_p64_o64,1.456,0.232258064516129
1790640531,343,6,steady,gpt2_p512_o512,0.18,0.0
1790640531,343,6,steady,llama_p1024_o128,0,0.0
1790640531,343,6,steady,llama_p2048_o64,0,0.0
1790640532,344,6,steady,resnet50_image,176.963,66.79901619663318
1790640532,344,6,steady,vgg16_image,468.144,460.7999999999999
1790640532,344,6,steady,vit_base_image,89.405,73.56037151702786
1790640532,344,6,steady,gpt2_p64_o64,1.456,0.232258064516129
1790640532,344,6,steady,gpt2_p512_o512,0.18,0.0
1790640532,344,6,steady,llama_p1024_o128,0,0.0
1790640532,344,6,steady,llama_p2048_o64,0,0.0
1790640533,345,6,steady,resnet50_image,176.963,66.79901619663318
1790640533,345,6,steady,vgg16_image,468.144,460.7999999999999
1790640533,345,6,steady,vit_base_image,89.405,73.56037151702786
1790640533,345,6,steady,gpt2_p64_o64,1.456,0.232258064516129
1790640533,345,6,steady,gpt2_p512_o512,0.18,0.0
1790640533,345,6,steady,llama_p1024_o128,0,0.0
1790640533,345,6,steady,llama_p2048_o64,0,0.0
1790640534,346,6,steady,resnet50_image,176.963,66.79901619663318
1790640534,346,6,steady,vgg16_image,468.144,460.7999999999999
1790640534,346,6,steady,vit_base_image,89.405,73.56037151702786
1790640534,346,6,steady,gpt2_p64_o64,1.456,0.232258064516129
1790640534,346,6,steady,gpt2_p512_o512,0.18,0.0
1790640534,346,6,steady,llama_p1024_o128,0,0.0
1790640534,346,6,steady,llama_p2048_o64,0,0.0
1790640535,347,6,steady,resnet50_image,176.963,66.79901619663318
1790640535,347,6,steady,vgg16_image,468.144,460.7999999999999
1790640535,347,6,steady,vit_base_image,89.405,73.56037151702786
1790640535,347,6,steady,gpt2_p64_o64,1.456,0.232258064516129
1790640535,347,6,steady,gpt2_p512_o512,0.18,0.0
1790640535,347,6,steady,llama_p1024_o128,0,0.0
1790640535,347,6,steady,llama_p2048_o64,0,0.0
1790640536,348,6,steady,resnet50_image,176.963,66.79901619663318
1790640536,348,6,steady,vgg16_image,468.144,460.7999999999999
1790640536,348,6,steady,vit_base_image,89.405,73.56037151702786
1790640536,348,6,steady,gpt2_p64_o64,1.456,0.232258064516129
1790640536,348,6,steady,gpt2_p512_o512,0.18,0.0
1790640536,348,6,steady,llama_p1024_o128,0,0.0
1790640536,348,6,steady,llama_p2048_o64,0,0.0
1790640537,349,6,steady,resnet50_image,176.963,66.79901619663318
1790640537,349,6,steady,vgg16_image,468.144,460.7999999999999
1790640537,349,6,steady,vit_base_image,89.405,73.56037151702786
1790640537,349,6,steady,gpt2_p64_o64,1.456,0.232258064516129
1790640537,349,6,steady,gpt2_p512_o512,0.18,0.0
1790640537,349,6,steady,llama_p1024_o128,0,0.0
1790640537,349,6,steady,llama_p2048_o64,0,0.0
1790640538,350,6,steady,resnet50_image,176.963,66.79901619663318
1790640538,350,6,steady,vgg16_image,468.144,460.7999999999999
1790640538,350,6,steady,vit_base_image,89.405,73.56037151702786
1790640538,350,6,steady,gpt2_p64_o64,1.456,0.232258064516129
1790640538,350,6,steady,gpt2_p512_o512,0.18,0.0
1790640538,350,6,steady,llama_p1024_o128,0,0.0
1790640538,350,6,steady,llama_p2048_o64,0,0.0
1790640539,351,6,steady,resnet50_image,176.963,66.79901619663318
1790640539,351,6,steady,vgg16_image,468.144,460.7999999999999
1790640539,351,6,steady,vit_base_image,89.405,73.56037151702786
1790640539,351,6,steady,gpt2_p64_o64,1.456,0.232258064516129
1790640539,351,6,steady,gpt2_p512_o512,0.18,0.0
1790640539,351,6,steady,llama_p1024_o128,0,0.0
1790640539,351,6,steady,llama_p2048_o64,0,0.0
1790640540,352,6,steady,resnet50_image,176.963,66.79901619663318
1790640540,352,6,steady,vgg16_image,468.144,460.7999999999999
1790640540,352,6,steady,vit_base_image,89.405,73.56037151702786
1790640540,352,6,steady,gpt2_p64_o64,1.456,0.232258064516129
1790640540,352,6,steady,gpt2_p512_o512,0.18,0.0
1790640540,352,6,steady,llama_p1024_o128,0,0.0
1790640540,352,6,steady,llama_p2048_o64,0,0.0
1790640541,353,6,steady,resnet50_image,176.963,66.79901619663318
1790640541,353,6,steady,vgg16_image,468.144,460.7999999999999
1790640541,353,6,steady,vit_base_image,89.405,73.56037151702786
1790640541,353,6,steady,gpt2_p64_o64,1.456,0.232258064516129
1790640541,353,6,steady,gpt2_p512_o512,0.18,0.0
1790640541,353,6,steady,llama_p1024_o128,0,0.0
1790640541,353,6,steady,llama_p2048_o64,0,0.0
1790640542,354,6,steady,resnet50_image,176.963,66.79901619663318
1790640542,354,6,steady,vgg16_image,468.144,460.7999999999999
1790640542,354,6,steady,vit_base_image,89.405,73.56037151702786
1790640542,354,6,steady,gpt2_p64_o64,1.456,0.232258064516129
1790640542,354,6,steady,gpt2_p512_o512,0.18,0.0
1790640542,354,6,steady,llama_p1024_o128,0,0.0
1790640542,354,6,steady,llama_p2048_o64,0,0.0
1790640543,355,6,steady,resnet50_image,176.963,66.79901619663318
1790640543,355,6,steady,vgg16_image,468.144,460.7999999999999
1790640543,355,6,steady,vit_base_image,89.405,73.56037151702786
1790640543,355,6,steady,gpt2_p64_o64,1.456,0.232258064516129
1790640543,355,6,steady,gpt2_p512_o512,0.18,0.0
1790640543,355,6,steady,llama_p1024_o128,0,0.0
1790640543,355,6,steady,llama_p2048_o64,0,0.0
1790640544,356,6,steady,resnet50_image,176.963,66.79901619663318
1790640544,356,6,steady,vgg16_image,468.144,460.7999999999999
1790640544,356,6,steady,vit_base_image,89.405,73.56037151702786
1790640544,356,6,steady,gpt2_p64_o64,1.456,0.232258064516129
1790640544,356,6,steady,gpt2_p512_o512,0.18,0.0
1790640544,356,6,steady,llama_p1024_o128,0,0.0
1790640544,356,6,steady,llama_p2048_o64,0,0.0
1790640545,357,6,steady,resnet50_image,176.963,66.79901619663318
1790640545,357,6,steady,vgg16_image,468.144,460.7999999999999
1790640545,357,6,steady,vit_base_image,89.405,73.56037151702786
1790640545,357,6,steady,gpt2_p64_o64,1.456,0.232258064516129
1790640545,357,6,steady,gpt2_p512_o512,0.18,0.0
1790640545,357,6,steady,llama_p1024_o128,0,0.0
1790640545,357,6,steady,llama_p2048_o64,0,0.0
1790640546,358,6,steady,resnet50_image,176.963,66.79901619663318
1790640546,358,6,steady,vgg16_image,468.144,460.7999999999999
1790640546,358,6,steady,vit_base_image,89.405,73.56037151702786
1790640546,358,6,steady,gpt2_p64_o64,1.456,0.232258064516129
1790640546,358,6,steady,gpt2_p512_o512,0.18,0.0
1790640546,358,6,steady,llama_p1024_o128,0,0.0
1790640546,358,6,steady,llama_p2048_o64,0,0.0
1790640547,359,6,steady,resnet50_image,176.963,66.79901619663318
1790640547,359,6,steady,vgg16_image,468.144,460.7999999999999
1790640547,359,6,steady,vit_base_image,89.405,73.56037151702786
1790640547,359,6,steady,gpt2_p64_o64,1.456,0.232258064516129
1790640547,359,6,steady,gpt2_p512_o512,0.18,0.0
1790640547,359,6,steady,llama_p1024_o128,0,0.0
1790640547,359,6,steady,llama_p2048_o64,0,0.0
1790640548,360,6,steady,resnet50_image,176.963,66.79901619663318
1790640548,360,6,steady,vgg16_image,468.144,460.7999999999999
1790640548,360,6,steady,vit_base_image,89.405,73.56037151702786
1790640548,360,6,steady,gpt2_p64_o64,1.456,0.232258064516129
1790640548,360,6,steady,gpt2_p512_o512,0.18,0.0
1790640548,360,6,steady,llama_p1024_o128,0,0.0
1790640548,360,6,steady,llama_p2048_o64,0,0.0
1790640549,361,6,steady,resnet50_image,176.963,66.79901619663318
1790640549,361,6,steady,vgg16_image,468.144,460.7999999999999
1790640549,361,6,steady,vit_base_image,89.405,73.56037151702786
1790640549,361,6,steady,gpt2_p64_o64,1.456,0.232258064516129
1790640549,361,6,steady,gpt2_p512_o512,0.18,0.0
1790640549,361,6,steady,llama_p1024_o128,0,0.0
1790640549,361,6,steady,llama_p2048_o64,0,0.0
1790640550,362,6,steady,resnet50_image,176.963,66.79901619663318
1790640550,362,6,steady,vgg16_image,468.144,460.7999999999999
1790640550,362,6,steady,vit_base_image,89.405,73.56037151702786
1790640550,362,6,steady,gpt2_p64_o64,1.456,0.232258064516129
1790640550,362,6,steady,gpt2_p512_o512,0.18,0.0
1790640550,362,6,steady,llama_p1024_o128,0,0.0
1790640550,362,6,steady,llama_p2048_o64,0,0.0
1790640551,363,6,steady,resnet50_image,176.963,66.79901619663318
1790640551,363,6,steady,vgg16_image,468.144,460.7999999999999
1790640551,363,6,steady,vit_base_image,89.405,73.56037151702786
1790640551,363,6,steady,gpt2_p64_o64,1.456,0.232258064516129
1790640551,363,6,steady,gpt2_p512_o512,0.18,0.0
1790640551,363,6,steady,llama_p1024_o128,0,0.0
1790640551,363,6,steady,llama_p2048_o64,0,0.0
1790640552,364,6,steady,resnet50_image,176.963,66.79901619663318
1790640552,364,6,steady,vgg16_image,468.144,460.7999999999999
1790640552,364,6,steady,vit_base_image,89.405,73.56037151702786
1790640552,364,6,steady,gpt2_p64_o64,1.456,0.232258064516129
1790640552,364,6,steady,gpt2_p512_o512,0.18,0.0
1790640552,364,6,steady,llama_p1024_o128,0,0.0
1790640552,364,6,steady,llama_p2048_o64,0,0.0
1790640553,365,6,steady,resnet50_image,176.963,66.79901619663318
1790640553,365,6,steady,vgg16_image,468.144,460.7999999999999
1790640553,365,6,steady,vit_base_image,89.405,73.56037151702786
1790640553,365,6,steady,gpt2_p64_o64,1.456,0.232258064516129
1790640553,365,6,steady,gpt2_p512_o512,0.18,0.0
1790640553,365,6,steady,llama_p1024_o128,0,0.0
1790640553,365,6,steady,llama_p2048_o64,0,0.0
1790640554,366,6,steady,resnet50_image,176.963,66.79901619663318
1790640554,366,6,steady,vgg16_image,468.144,460.7999999999999
1790640554,366,6,steady,vit_base_image,89.405,73.56037151702786
1790640554,366,6,steady,gpt2_p64_o64,1.456,0.232258064516129
1790640554,366,6,steady,gpt2_p512_o512,0.18,0.0
1790640554,366,6,steady,llama_p1024_o128,0,0.0
1790640554,366,6,steady,llama_p2048_o64,0,0.0
1790640555,367,6,steady,resnet50_image,176.963,66.79901619663318
1790640555,367,6,steady,vgg16_image,468.144,460.7999999999999
1790640555,367,6,steady,vit_base_image,89.405,73.56037151702786
1790640555,367,6,steady,gpt2_p64_o64,1.456,0.232258064516129
1790640555,367,6,steady,gpt2_p512_o512,0.18,0.0
1790640555,367,6,steady,llama_p1024_o128,0,0.0
1790640555,367,6,steady,llama_p2048_o64,0,0.0
1790640556,368,6,steady,resnet50_image,176.963,66.79901619663318
1790640556,368,6,steady,vgg16_image,468.144,460.7999999999999
1790640556,368,6,steady,vit_base_image,89.405,73.56037151702786
1790640556,368,6,steady,gpt2_p64_o64,1.456,0.232258064516129
1790640556,368,6,steady,gpt2_p512_o512,0.18,0.0
1790640556,368,6,steady,llama_p1024_o128,0,0.0
1790640556,368,6,steady,llama_p2048_o64,0,0.0
1790640557,369,,,resnet50_image,176.963,
1790640557,369,,,vgg16_image,468.144,
1790640557,369,,,vit_base_image,89.405,
1790640557,369,,,gpt2_p64_o64,1.456,
1790640557,369,,,gpt2_p512_o512,0.18,
1790640557,369,,,llama_p1024_o128,0,
1790640557,369,,,llama_p2048_o64,0,
1790640558,370,,,resnet50_image,176.963,
1790640558,370,,,vgg16_image,468.144,
1790640558,370,,,vit_base_image,89.405,
1790640558,370,,,gpt2_p64_o64,1.456,
1790640558,370,,,gpt2_p512_o512,0.18,
1790640558,370,,,llama_p1024_o128,0,
1790640558,370,,,llama_p2048_o64,0,
1790640559,371,,,resnet50_image,176.963,
1790640559,371,,,vgg16_image,468.144,
1790640559,371,,,vit_base_image,89.405,
1790640559,371,,,gpt2_p64_o64,1.456,
1790640559,371,,,gpt2_p512_o512,0.18,
1790640559,371,,,llama_p1024_o128,0,
1790640559,371,,,llama_p2048_o64,0,
1790640560,372,,,resnet50_image,176.963,
1790640560,372,,,vgg16_image,468.144,
1790640560,372,,,vit_base_image,89.405,
1790640560,372,,,gpt2_p64_o64,1.456,
1790640560,372,,,gpt2_p512_o512,0.18,
1790640560,372,,,llama_p1024_o128,0,
1790640560,372,,,llama_p2048_o64,0,
1790640561,373,,,resnet50_image,176.963,
1790640561,373,,,vgg16_image,468.144,
1790640561,373,,,vit_base_image,89.405,
1790640561,373,,,gpt2_p64_o64,1.456,
1790640561,373,,,gpt2_p512_o512,0.18,
1790640561,373,,,llama_p1024_o128,0,
1790640561,373,,,llama_p2048_o64,0,
1790640562,374,,,resnet50_image,176.963,
1790640562,374,,,vgg16_image,468.144,
1790640562,374,,,vit_base_image,89.405,
1790640562,374,,,gpt2_p64_o64,1.456,
1790640562,374,,,gpt2_p512_o512,0.18,
1790640562,374,,,llama_p1024_o128,0,
1790640562,374,,,llama_p2048_o64,0,
1790640563,375,7,transition,resnet50_image,176.963,57.53197095336495
1790640563,375,7,transition,vgg16_image,468.144,460.7999999999999
1790640563,375,7,transition,vit_base_image,89.405,73.56037151702786
1790640563,375,7,transition,gpt2_p64_o64,1.456,0.0
1790640563,375,7,transition,gpt2_p512_o512,0.18,0.0
1790640563,375,7,transition,llama_p1024_o128,0,0.0
1790640563,375,7,transition,llama_p2048_o64,0,0.0
1790640564,376,7,transition,resnet50_image,176.963,57.53197095336495
1790640564,376,7,transition,vgg16_image,468.144,460.7999999999999
1790640564,376,7,transition,vit_base_image,89.405,73.56037151702786
1790640564,376,7,transition,gpt2_p64_o64,1.456,0.0
1790640564,376,7,transition,gpt2_p512_o512,0.18,0.0
1790640564,376,7,transition,llama_p1024_o128,0,0.0
1790640564,376,7,transition,llama_p2048_o64,0,0.0
1790640565,377,7,transition,resnet50_image,176.963,57.53197095336495
1790640565,377,7,transition,vgg16_image,468.144,460.7999999999999
1790640565,377,7,transition,vit_base_image,89.405,73.56037151702786
1790640565,377,7,transition,gpt2_p64_o64,1.456,0.0
1790640565,377,7,transition,gpt2_p512_o512,0.18,0.0
1790640565,377,7,transition,llama_p1024_o128,0,0.0
1790640565,377,7,transition,llama_p2048_o64,0,0.0
1790640566,378,7,transition,resnet50_image,176.963,57.53197095336495
1790640566,378,7,transition,vgg16_image,468.144,460.7999999999999
1790640566,378,7,transition,vit_base_image,89.405,73.56037151702786
1790640566,378,7,transition,gpt2_p64_o64,1.456,0.0
1790640566,378,7,transition,gpt2_p512_o512,0.18,0.0
1790640566,378,7,transition,llama_p1024_o128,0,0.0
1790640566,378,7,transition,llama_p2048_o64,0,0.0
1790640567,379,7,transition,resnet50_image,176.963,57.53197095336495
1790640567,379,7,transition,vgg16_image,468.144,460.7999999999999
1790640567,379,7,transition,vit_base_image,89.405,73.56037151702786
1790640567,379,7,transition,gpt2_p64_o64,1.456,0.0
1790640567,379,7,transition,gpt2_p512_o512,0.18,0.0
1790640567,379,7,transition,llama_p1024_o128,0,0.0
1790640567,379,7,transition,llama_p2048_o64,0,0.0
1790640568,380,7,transition,resnet50_image,176.963,57.53197095336495
1790640568,380,7,transition,vgg16_image,468.144,460.7999999999999
1790640568,380,7,transition,vit_base_image,89.405,73.56037151702786
1790640568,380,7,transition,gpt2_p64_o64,1.456,0.0
1790640568,380,7,transition,gpt2_p512_o512,0.18,0.0
1790640568,380,7,transition,llama_p1024_o128,0,0.0
1790640568,380,7,transition,llama_p2048_o64,0,0.0
1790640569,381,7,transition,resnet50_image,176.963,57.53197095336495
1790640569,381,7,transition,vgg16_image,468.144,460.7999999999999
1790640569,381,7,transition,vit_base_image,89.405,73.56037151702786
1790640569,381,7,transition,gpt2_p64_o64,1.456,0.0
1790640569,381,7,transition,gpt2_p512_o512,0.18,0.0
1790640569,381,7,transition,llama_p1024_o128,0,0.0
1790640569,381,7,transition,llama_p2048_o64,0,0.0
1790640570,382,7,transition,resnet50_image,176.963,57.53197095336495
1790640570,382,7,transition,vgg16_image,468.144,460.7999999999999
1790640570,382,7,transition,vit_base_image,89.405,73.56037151702786
1790640570,382,7,transition,gpt2_p64_o64,1.456,0.0
1790640570,382,7,transition,gpt2_p512_o512,0.18,0.0
1790640570,382,7,transition,llama_p1024_o128,0,0.0
1790640570,382,7,transition,llama_p2048_o64,0,0.0
1790640571,383,7,transition,resnet50_image,176.963,57.53197095336495
1790640571,383,7,transition,vgg16_image,489.336,460.7999999999999
1790640571,383,7,transition,vit_base_image,125.967,73.56037151702786
1790640571,383,7,transition,gpt2_p64_o64,1.456,0.0
1790640571,383,7,transition,gpt2_p512_o512,0.18,0.0
1790640571,383,7,transition,llama_p1024_o128,0,0.0
1790640571,383,7,transition,llama_p2048_o64,0,0.0
1790640572,384,7,transition,resnet50_image,176.963,57.53197095336495
1790640572,384,7,transition,vgg16_image,489.336,460.7999999999999
1790640572,384,7,transition,vit_base_image,125.967,73.56037151702786
1790640572,384,7,transition,gpt2_p64_o64,1.456,0.0
1790640572,384,7,transition,gpt2_p512_o512,0.18,0.0
1790640572,384,7,transition,llama_p1024_o128,0,0.0
1790640572,384,7,transition,llama_p2048_o64,0,0.0
1790640573,385,7,transition,resnet50_image,176.963,57.53197095336495
1790640573,385,7,transition,vgg16_image,489.336,460.7999999999999
1790640573,385,7,transition,vit_base_image,125.967,73.56037151702786
1790640573,385,7,transition,gpt2_p64_o64,1.456,0.0
1790640573,385,7,transition,gpt2_p512_o512,0.18,0.0
1790640573,385,7,transition,llama_p1024_o128,0,0.0
1790640573,385,7,transition,llama_p2048_o64,0,0.0
1790640574,386,7,steady,resnet50_image,176.963,57.53197095336495
1790640574,386,7,steady,vgg16_image,489.336,469.7719626168224
1790640574,386,7,steady,vit_base_image,125.967,122.60061919504642
1790640574,386,7,steady,gpt2_p64_o64,1.456,0.0
1790640574,386,7,steady,gpt2_p512_o512,0.18,0.0
1790640574,386,7,steady,llama_p1024_o128,0,0.0
1790640574,386,7,steady,llama_p2048_o64,0,0.0
1790640575,387,7,steady,resnet50_image,176.963,57.53197095336495
1790640575,387,7,steady,vgg16_image,489.336,469.7719626168224
1790640575,387,7,steady,vit_base_image,125.967,122.60061919504642
1790640575,387,7,steady,gpt2_p64_o64,1.456,0.0
1790640575,387,7,steady,gpt2_p512_o512,0.18,0.0
1790640575,387,7,steady,llama_p1024_o128,0,0.0
1790640575,387,7,steady,llama_p2048_o64,0,0.0
1790640576,388,7,steady,resnet50_image,176.963,57.53197095336495
1790640576,388,7,steady,vgg16_image,489.336,469.7719626168224
1790640576,388,7,steady,vit_base_image,125.967,122.60061919504642
1790640576,388,7,steady,gpt2_p64_o64,1.456,0.0
1790640576,388,7,steady,gpt2_p512_o512,0.18,0.0
1790640576,388,7,steady,llama_p1024_o128,0,0.0
1790640576,388,7,steady,llama_p2048_o64,0,0.0
1790640577,389,7,steady,resnet50_image,176.963,57.53197095336495
1790640577,389,7,steady,vgg16_image,489.336,469.7719626168224
1790640577,389,7,steady,vit_base_image,125.967,122.60061919504642
1790640577,389,7,steady,gpt2_p64_o64,1.456,0.0
1790640577,389,7,steady,gpt2_p512_o512,0.18,0.0
1790640577,389,7,steady,llama_p1024_o128,0,0.0
1790640577,389,7,steady,llama_p2048_o64,0,0.0
1790640578,390,7,steady,resnet50_image,176.963,57.53197095336495
1790640578,390,7,steady,vgg16_image,489.336,469.7719626168224
1790640578,390,7,steady,vit_base_image,125.967,122.60061919504642
1790640578,390,7,steady,gpt2_p64_o64,1.456,0.0
1790640578,390,7,steady,gpt2_p512_o512,0.18,0.0
1790640578,390,7,steady,llama_p1024_o128,0,0.0
1790640578,390,7,steady,llama_p2048_o64,0,0.0
1790640579,391,7,steady,resnet50_image,176.963,57.53197095336495
1790640579,391,7,steady,vgg16_image,489.336,469.7719626168224
1790640579,391,7,steady,vit_base_image,125.967,122.60061919504642
1790640579,391,7,steady,gpt2_p64_o64,1.456,0.0
1790640579,391,7,steady,gpt2_p512_o512,0.18,0.0
1790640579,391,7,steady,llama_p1024_o128,0,0.0
1790640579,391,7,steady,llama_p2048_o64,0,0.0
1790640580,392,7,steady,resnet50_image,176.963,57.53197095336495
1790640580,392,7,steady,vgg16_image,489.336,469.7719626168224
1790640580,392,7,steady,vit_base_image,125.967,122.60061919504642
1790640580,392,7,steady,gpt2_p64_o64,1.456,0.0
1790640580,392,7,steady,gpt2_p512_o512,0.18,0.0
1790640580,392,7,steady,llama_p1024_o128,0,0.0
1790640580,392,7,steady,llama_p2048_o64,0,0.0
1790640581,393,7,steady,resnet50_image,176.963,57.53197095336495
1790640581,393,7,steady,vgg16_image,489.336,469.7719626168224
1790640581,393,7,steady,vit_base_image,125.967,122.60061919504642
1790640581,393,7,steady,gpt2_p64_o64,1.456,0.0
1790640581,393,7,steady,gpt2_p512_o512,0.18,0.0
1790640581,393,7,steady,llama_p1024_o128,0,0.0
1790640581,393,7,steady,llama_p2048_o64,0,0.0
1790640582,394,7,steady,resnet50_image,176.963,57.53197095336495
1790640582,394,7,steady,vgg16_image,489.336,469.7719626168224
1790640582,394,7,steady,vit_base_image,125.967,122.60061919504642
1790640582,394,7,steady,gpt2_p64_o64,1.456,0.0
1790640582,394,7,steady,gpt2_p512_o512,0.18,0.0
1790640582,394,7,steady,llama_p1024_o128,0,0.0
1790640582,394,7,steady,llama_p2048_o64,0,0.0
1790640583,395,7,steady,resnet50_image,176.963,57.53197095336495
1790640583,395,7,steady,vgg16_image,489.336,469.7719626168224
1790640583,395,7,steady,vit_base_image,125.967,122.60061919504642
1790640583,395,7,steady,gpt2_p64_o64,1.456,0.0
1790640583,395,7,steady,gpt2_p512_o512,0.18,0.0
1790640583,395,7,steady,llama_p1024_o128,0,0.0
1790640583,395,7,steady,llama_p2048_o64,0,0.0
1790640584,396,7,steady,resnet50_image,176.963,57.53197095336495
1790640584,396,7,steady,vgg16_image,489.336,469.7719626168224
1790640584,396,7,steady,vit_base_image,125.967,122.60061919504642
1790640584,396,7,steady,gpt2_p64_o64,1.456,0.0
1790640584,396,7,steady,gpt2_p512_o512,0.18,0.0
1790640584,396,7,steady,llama_p1024_o128,0,0.0
1790640584,396,7,steady,llama_p2048_o64,0,0.0
1790640585,397,7,steady,resnet50_image,176.963,57.53197095336495
1790640585,397,7,steady,vgg16_image,489.336,469.7719626168224
1790640585,397,7,steady,vit_base_image,125.967,122.60061919504642
1790640585,397,7,steady,gpt2_p64_o64,1.456,0.0
1790640585,397,7,steady,gpt2_p512_o512,0.18,0.0
1790640585,397,7,steady,llama_p1024_o128,0,0.0
1790640585,397,7,steady,llama_p2048_o64,0,0.0
1790640586,398,7,steady,resnet50_image,176.963,57.53197095336495
1790640586,398,7,steady,vgg16_image,489.336,469.7719626168224
1790640586,398,7,steady,vit_base_image,125.967,122.60061919504642
1790640586,398,7,steady,gpt2_p64_o64,1.456,0.0
1790640586,398,7,steady,gpt2_p512_o512,0.18,0.0
1790640586,398,7,steady,llama_p1024_o128,0,0.0
1790640586,398,7,steady,llama_p2048_o64,0,0.0
1790640587,399,7,steady,resnet50_image,176.963,57.53197095336495
1790640587,399,7,steady,vgg16_image,489.336,469.7719626168224
1790640587,399,7,steady,vit_base_image,125.967,122.60061919504642
1790640587,399,7,steady,gpt2_p64_o64,1.456,0.0
1790640587,399,7,steady,gpt2_p512_o512,0.18,0.0
1790640587,399,7,steady,llama_p1024_o128,0,0.0
1790640587,399,7,steady,llama_p2048_o64,0,0.0
1790640588,400,7,steady,resnet50_image,176.963,57.53197095336495
1790640588,400,7,steady,vgg16_image,489.336,469.7719626168224
1790640588,400,7,steady,vit_base_image,125.967,122.60061919504642
1790640588,400,7,steady,gpt2_p64_o64,1.456,0.0
1790640588,400,7,steady,gpt2_p512_o512,0.18,0.0
1790640588,400,7,steady,llama_p1024_o128,0,0.0
1790640588,400,7,steady,llama_p2048_o64,0,0.0
1790640589,401,7,steady,resnet50_image,176.963,57.53197095336495
1790640589,401,7,steady,vgg16_image,489.336,469.7719626168224
1790640589,401,7,steady,vit_base_image,125.967,122.60061919504642
1790640589,401,7,steady,gpt2_p64_o64,1.456,0.0
1790640589,401,7,steady,gpt2_p512_o512,0.18,0.0
1790640589,401,7,steady,llama_p1024_o128,0,0.0
1790640589,401,7,steady,llama_p2048_o64,0,0.0
1790640590,402,7,steady,resnet50_image,176.963,57.53197095336495
1790640590,402,7,steady,vgg16_image,489.336,469.7719626168224
1790640590,402,7,steady,vit_base_image,125.967,122.60061919504642
1790640590,402,7,steady,gpt2_p64_o64,1.456,0.0
1790640590,402,7,steady,gpt2_p512_o512,0.18,0.0
1790640590,402,7,steady,llama_p1024_o128,0,0.0
1790640590,402,7,steady,llama_p2048_o64,0,0.0
1790640591,403,7,steady,resnet50_image,176.963,57.53197095336495
1790640591,403,7,steady,vgg16_image,489.336,469.7719626168224
1790640591,403,7,steady,vit_base_image,125.967,122.60061919504642
1790640591,403,7,steady,gpt2_p64_o64,1.456,0.0
1790640591,403,7,steady,gpt2_p512_o512,0.18,0.0
1790640591,403,7,steady,llama_p1024_o128,0,0.0
1790640591,403,7,steady,llama_p2048_o64,0,0.0
1790640592,404,7,steady,resnet50_image,176.963,57.53197095336495
1790640592,404,7,steady,vgg16_image,489.336,469.7719626168224
1790640592,404,7,steady,vit_base_image,125.967,122.60061919504642
1790640592,404,7,steady,gpt2_p64_o64,1.456,0.0
1790640592,404,7,steady,gpt2_p512_o512,0.18,0.0
1790640592,404,7,steady,llama_p1024_o128,0,0.0
1790640592,404,7,steady,llama_p2048_o64,0,0.0
1790640593,405,7,steady,resnet50_image,176.963,57.53197095336495
1790640593,405,7,steady,vgg16_image,489.336,469.7719626168224
1790640593,405,7,steady,vit_base_image,125.967,122.60061919504642
1790640593,405,7,steady,gpt2_p64_o64,1.456,0.0
1790640593,405,7,steady,gpt2_p512_o512,0.18,0.0
1790640593,405,7,steady,llama_p1024_o128,0,0.0
1790640593,405,7,steady,llama_p2048_o64,0,0.0
1790640594,406,7,steady,resnet50_image,176.963,57.53197095336495
1790640594,406,7,steady,vgg16_image,489.336,469.7719626168224
1790640594,406,7,steady,vit_base_image,125.967,122.60061919504642
1790640594,406,7,steady,gpt2_p64_o64,1.456,0.0
1790640594,406,7,steady,gpt2_p512_o512,0.18,0.0
1790640594,406,7,steady,llama_p1024_o128,0,0.0
1790640594,406,7,steady,llama_p2048_o64,0,0.0
1790640595,407,7,steady,resnet50_image,176.963,57.53197095336495
1790640595,407,7,steady,vgg16_image,489.336,469.7719626168224
1790640595,407,7,steady,vit_base_image,125.967,122.60061919504642
1790640595,407,7,steady,gpt2_p64_o64,1.456,0.0
1790640595,407,7,steady,gpt2_p512_o512,0.18,0.0
1790640595,407,7,steady,llama_p1024_o128,0,0.0
1790640595,407,7,steady,llama_p2048_o64,0,0.0
1790640596,408,7,steady,resnet50_image,176.963,57.53197095336495
1790640596,408,7,steady,vgg16_image,489.336,469.7719626168224
1790640596,408,7,steady,vit_base_image,125.967,122.60061919504642
1790640596,408,7,steady,gpt2_p64_o64,1.456,0.0
1790640596,408,7,steady,gpt2_p512_o512,0.18,0.0
1790640596,408,7,steady,llama_p1024_o128,0,0.0
1790640596,408,7,steady,llama_p2048_o64,0,0.0
1790640597,409,7,steady,resnet50_image,176.963,57.53197095336495
1790640597,409,7,steady,vgg16_image,489.336,469.7719626168224
1790640597,409,7,steady,vit_base_image,125.967,122.60061919504642
1790640597,409,7,steady,gpt2_p64_o64,1.456,0.0
1790640597,409,7,steady,gpt2_p512_o512,0.18,0.0
1790640597,409,7,steady,llama_p1024_o128,0,0.0
1790640597,409,7,steady,llama_p2048_o64,0,0.0
1790640598,410,7,steady,resnet50_image,176.963,57.53197095336495
1790640598,410,7,steady,vgg16_image,489.336,469.7719626168224
1790640598,410,7,steady,vit_base_image,125.967,122.60061919504642
1790640598,410,7,steady,gpt2_p64_o64,1.456,0.0
1790640598,410,7,steady,gpt2_p512_o512,0.18,0.0
1790640598,410,7,steady,llama_p1024_o128,0,0.0
1790640598,410,7,steady,llama_p2048_o64,0,0.0
1790640599,411,7,steady,resnet50_image,176.963,57.53197095336495
1790640599,411,7,steady,vgg16_image,489.336,469.7719626168224
1790640599,411,7,steady,vit_base_image,125.967,122.60061919504642
1790640599,411,7,steady,gpt2_p64_o64,1.456,0.0
1790640599,411,7,steady,gpt2_p512_o512,0.18,0.0
1790640599,411,7,steady,llama_p1024_o128,0,0.0
1790640599,411,7,steady,llama_p2048_o64,0,0.0
1790640600,412,7,steady,resnet50_image,176.963,57.53197095336495
1790640600,412,7,steady,vgg16_image,489.336,469.7719626168224
1790640600,412,7,steady,vit_base_image,125.967,122.60061919504642
1790640600,412,7,steady,gpt2_p64_o64,1.456,0.0
1790640600,412,7,steady,gpt2_p512_o512,0.18,0.0
1790640600,412,7,steady,llama_p1024_o128,0,0.0
1790640600,412,7,steady,llama_p2048_o64,0,0.0
1790640601,413,7,steady,resnet50_image,176.963,57.53197095336495
1790640601,413,7,steady,vgg16_image,489.336,469.7719626168224
1790640601,413,7,steady,vit_base_image,125.967,122.60061919504642
1790640601,413,7,steady,gpt2_p64_o64,1.456,0.0
1790640601,413,7,steady,gpt2_p512_o512,0.18,0.0
1790640601,413,7,steady,llama_p1024_o128,0,0.0
1790640601,413,7,steady,llama_p2048_o64,0,0.0
1790640602,414,7,steady,resnet50_image,176.963,57.53197095336495
1790640602,414,7,steady,vgg16_image,489.336,469.7719626168224
1790640602,414,7,steady,vit_base_image,125.967,122.60061919504642
1790640602,414,7,steady,gpt2_p64_o64,1.456,0.0
1790640602,414,7,steady,gpt2_p512_o512,0.18,0.0
1790640602,414,7,steady,llama_p1024_o128,0,0.0
1790640602,414,7,steady,llama_p2048_o64,0,0.0
1790640603,415,7,steady,resnet50_image,176.963,57.53197095336495
1790640603,415,7,steady,vgg16_image,489.336,469.7719626168224
1790640603,415,7,steady,vit_base_image,125.967,122.60061919504642
1790640603,415,7,steady,gpt2_p64_o64,1.456,0.0
1790640603,415,7,steady,gpt2_p512_o512,0.18,0.0
1790640603,415,7,steady,llama_p1024_o128,0,0.0
1790640603,415,7,steady,llama_p2048_o64,0,0.0
1790640604,416,,,resnet50_image,176.963,
1790640604,416,,,vgg16_image,489.336,
1790640604,416,,,vit_base_image,125.967,
1790640604,416,,,gpt2_p64_o64,1.456,
1790640604,416,,,gpt2_p512_o512,0.18,
1790640604,416,,,llama_p1024_o128,0,
1790640604,416,,,llama_p2048_o64,0,
1790640605,417,,,resnet50_image,176.963,
1790640605,417,,,vgg16_image,489.336,
1790640605,417,,,vit_base_image,125.967,
1790640605,417,,,gpt2_p64_o64,1.456,
1790640605,417,,,gpt2_p512_o512,0.18,
1790640605,417,,,llama_p1024_o128,0,
1790640605,417,,,llama_p2048_o64,0,
1790640606,418,,,resnet50_image,176.963,
1790640606,418,,,vgg16_image,489.336,
1790640606,418,,,vit_base_image,125.967,
1790640606,418,,,gpt2_p64_o64,1.456,
1790640606,418,,,gpt2_p512_o512,0.18,
1790640606,418,,,llama_p1024_o128,0,
1790640606,418,,,llama_p2048_o64,0,
1790640607,419,,,resnet50_image,176.963,
1790640607,419,,,vgg16_image,489.336,
1790640607,419,,,vit_base_image,125.967,
1790640607,419,,,gpt2_p64_o64,1.456,
1790640607,419,,,gpt2_p512_o512,0.18,
1790640607,419,,,llama_p1024_o128,0,
1790640607,419,,,llama_p2048_o64,0,
1790640608,420,,,resnet50_image,176.963,
1790640608,420,,,vgg16_image,489.336,
1790640608,420,,,vit_base_image,125.967,
1790640608,420,,,gpt2_p64_o64,1.456,
1790640608,420,,,gpt2_p512_o512,0.18,
1790640608,420,,,llama_p1024_o128,0,
1790640608,420,,,llama_p2048_o64,0,
1790640609,421,,,resnet50_image,176.963,
1790640609,421,,,vgg16_image,489.336,
1790640609,421,,,vit_base_image,125.967,
1790640609,421,,,gpt2_p64_o64,1.456,
1790640609,421,,,gpt2_p512_o512,0.18,
1790640609,421,,,llama_p1024_o128,0,
1790640609,421,,,llama_p2048_o64,0,
1790640610,422,8,transition,resnet50_image,176.963,57.53197095336495
1790640610,422,8,transition,vgg16_image,489.336,317.607476635514
1790640610,422,8,transition,vit_base_image,125.967,122.60061919504642
1790640610,422,8,transition,gpt2_p64_o64,1.456,0.0
1790640610,422,8,transition,gpt2_p512_o512,0.18,0.0
1790640610,422,8,transition,llama_p1024_o128,0,0.0
1790640610,422,8,transition,llama_p2048_o64,0,0.0
1790640611,423,8,transition,resnet50_image,176.963,57.53197095336495
1790640611,423,8,transition,vgg16_image,489.336,317.607476635514
1790640611,423,8,transition,vit_base_image,125.967,122.60061919504642
1790640611,423,8,transition,gpt2_p64_o64,1.456,0.0
1790640611,423,8,transition,gpt2_p512_o512,0.18,0.0
1790640611,423,8,transition,llama_p1024_o128,0,0.0
1790640611,423,8,transition,llama_p2048_o64,0,0.0
1790640612,424,8,transition,resnet50_image,176.963,57.53197095336495
1790640612,424,8,transition,vgg16_image,489.336,317.607476635514
1790640612,424,8,transition,vit_base_image,125.967,122.60061919504642
1790640612,424,8,transition,gpt2_p64_o64,1.456,0.0
1790640612,424,8,transition,gpt2_p512_o512,0.18,0.0
1790640612,424,8,transition,llama_p1024_o128,0,0.0
1790640612,424,8,transition,llama_p2048_o64,0,0.0
1790640613,425,8,transition,resnet50_image,176.963,57.53197095336495
1790640613,425,8,transition,vgg16_image,489.336,317.607476635514
1790640613,425,8,transition,vit_base_image,125.967,122.60061919504642
1790640613,425,8,transition,gpt2_p64_o64,1.456,0.0
1790640613,425,8,transition,gpt2_p512_o512,0.18,0.0
1790640613,425,8,transition,llama_p1024_o128,0,0.0
1790640613,425,8,transition,llama_p2048_o64,0,0.0
1790640614,426,8,transition,resnet50_image,176.963,57.53197095336495
1790640614,426,8,transition,vgg16_image,489.336,317.607476635514
1790640614,426,8,transition,vit_base_image,125.967,122.60061919504642
1790640614,426,8,transition,gpt2_p64_o64,1.456,0.0
1790640614,426,8,transition,gpt2_p512_o512,0.18,0.0
1790640614,426,8,transition,llama_p1024_o128,0,0.0
1790640614,426,8,transition,llama_p2048_o64,0,0.0
1790640615,427,8,transition,resnet50_image,176.963,57.53197095336495
1790640615,427,8,transition,vgg16_image,489.336,317.607476635514
1790640615,427,8,transition,vit_base_image,125.967,122.60061919504642
1790640615,427,8,transition,gpt2_p64_o64,1.456,0.0
1790640615,427,8,transition,gpt2_p512_o512,0.18,0.0
1790640615,427,8,transition,llama_p1024_o128,0,0.0
1790640615,427,8,transition,llama_p2048_o64,0,0.0
1790640616,428,8,transition,resnet50_image,176.963,57.53197095336495
1790640616,428,8,transition,vgg16_image,489.336,317.607476635514
1790640616,428,8,transition,vit_base_image,125.967,122.60061919504642
1790640616,428,8,transition,gpt2_p64_o64,1.456,0.0
1790640616,428,8,transition,gpt2_p512_o512,0.18,0.0
1790640616,428,8,transition,llama_p1024_o128,0,0.0
1790640616,428,8,transition,llama_p2048_o64,0,0.0
1790640617,429,8,transition,resnet50_image,176.963,57.53197095336495
1790640617,429,8,transition,vgg16_image,489.336,317.607476635514
1790640617,429,8,transition,vit_base_image,125.967,122.60061919504642
1790640617,429,8,transition,gpt2_p64_o64,1.456,0.0
1790640617,429,8,transition,gpt2_p512_o512,0.18,0.0
1790640617,429,8,transition,llama_p1024_o128,0,0.0
1790640617,429,8,transition,llama_p2048_o64,0,0.0
1790640618,430,8,transition,resnet50_image,176.963,57.53197095336495
1790640618,430,8,transition,vgg16_image,344.972,317.607476635514
1790640618,430,8,transition,vit_base_image,125.967,122.60061919504642
1790640618,430,8,transition,gpt2_p64_o64,1.456,0.0
1790640618,430,8,transition,gpt2_p512_o512,0.18,0.0
1790640618,430,8,transition,llama_p1024_o128,0,0.0
1790640618,430,8,transition,llama_p2048_o64,0,0.0
1790640619,431,8,transition,resnet50_image,176.963,57.53197095336495
1790640619,431,8,transition,vgg16_image,344.972,317.607476635514
1790640619,431,8,transition,vit_base_image,125.967,122.60061919504642
1790640619,431,8,transition,gpt2_p64_o64,1.456,0.0
1790640619,431,8,transition,gpt2_p512_o512,0.18,0.0
1790640619,431,8,transition,llama_p1024_o128,0,0.0
1790640619,431,8,transition,llama_p2048_o64,0,0.0
1790640620,432,8,steady,resnet50_image,176.963,82.23661214667806
1790640620,432,8,steady,vgg16_image,344.972,317.607476635514
1790640620,432,8,steady,vit_base_image,125.967,122.60061919504642
1790640620,432,8,steady,gpt2_p64_o64,1.456,0.0
1790640620,432,8,steady,gpt2_p512_o512,0.18,0.0
1790640620,432,8,steady,llama_p1024_o128,0,0.0
1790640620,432,8,steady,llama_p2048_o64,0,0.0
1790640621,433,8,steady,resnet50_image,176.963,82.23661214667806
1790640621,433,8,steady,vgg16_image,344.972,317.607476635514
1790640621,433,8,steady,vit_base_image,125.967,122.60061919504642
1790640621,433,8,steady,gpt2_p64_o64,1.456,0.0
1790640621,433,8,steady,gpt2_p512_o512,0.18,0.0
1790640621,433,8,steady,llama_p1024_o128,0,0.0
1790640621,433,8,steady,llama_p2048_o64,0,0.0
1790640622,434,8,steady,resnet50_image,176.963,82.23661214667806
1790640622,434,8,steady,vgg16_image,344.972,317.607476635514
1790640622,434,8,steady,vit_base_image,125.967,122.60061919504642
1790640622,434,8,steady,gpt2_p64_o64,1.456,0.0
1790640622,434,8,steady,gpt2_p512_o512,0.18,0.0
1790640622,434,8,steady,llama_p1024_o128,0,0.0
1790640622,434,8,steady,llama_p2048_o64,0,0.0
1790640623,435,8,steady,resnet50_image,176.963,82.23661214667806
1790640623,435,8,steady,vgg16_image,344.972,317.607476635514
1790640623,435,8,steady,vit_base_image,125.967,122.60061919504642
1790640623,435,8,steady,gpt2_p64_o64,1.456,0.0
1790640623,435,8,steady,gpt2_p512_o512,0.18,0.0
1790640623,435,8,steady,llama_p1024_o128,0,0.0
1790640623,435,8,steady,llama_p2048_o64,0,0.0
1790640624,436,8,steady,resnet50_image,176.963,82.23661214667806
1790640624,436,8,steady,vgg16_image,344.972,317.607476635514
1790640624,436,8,steady,vit_base_image,125.967,122.60061919504642
1790640624,436,8,steady,gpt2_p64_o64,1.456,0.0
1790640624,436,8,steady,gpt2_p512_o512,0.18,0.0
1790640624,436,8,steady,llama_p1024_o128,0,0.0
1790640624,436,8,steady,llama_p2048_o64,0,0.0
1790640625,437,8,steady,resnet50_image,176.963,82.23661214667806
1790640625,437,8,steady,vgg16_image,344.972,317.607476635514
1790640625,437,8,steady,vit_base_image,125.967,122.60061919504642
1790640625,437,8,steady,gpt2_p64_o64,1.456,0.0
1790640625,437,8,steady,gpt2_p512_o512,0.18,0.0
1790640625,437,8,steady,llama_p1024_o128,0,0.0
1790640625,437,8,steady,llama_p2048_o64,0,0.0
1790640626,438,8,steady,resnet50_image,176.963,82.23661214667806
1790640626,438,8,steady,vgg16_image,344.972,317.607476635514
1790640626,438,8,steady,vit_base_image,125.967,122.60061919504642
1790640626,438,8,steady,gpt2_p64_o64,1.456,0.0
1790640626,438,8,steady,gpt2_p512_o512,0.18,0.0
1790640626,438,8,steady,llama_p1024_o128,0,0.0
1790640626,438,8,steady,llama_p2048_o64,0,0.0
1790640627,439,8,steady,resnet50_image,176.963,82.23661214667806
1790640627,439,8,steady,vgg16_image,344.972,317.607476635514
1790640627,439,8,steady,vit_base_image,125.967,122.60061919504642
1790640627,439,8,steady,gpt2_p64_o64,1.456,0.0
1790640627,439,8,steady,gpt2_p512_o512,0.18,0.0
1790640627,439,8,steady,llama_p1024_o128,0,0.0
1790640627,439,8,steady,llama_p2048_o64,0,0.0
1790640628,440,8,steady,resnet50_image,176.963,82.23661214667806
1790640628,440,8,steady,vgg16_image,344.972,317.607476635514
1790640628,440,8,steady,vit_base_image,125.967,122.60061919504642
1790640628,440,8,steady,gpt2_p64_o64,1.456,0.0
1790640628,440,8,steady,gpt2_p512_o512,0.18,0.0
1790640628,440,8,steady,llama_p1024_o128,0,0.0
1790640628,440,8,steady,llama_p2048_o64,0,0.0
1790640629,441,8,steady,resnet50_image,176.963,82.23661214667806
1790640629,441,8,steady,vgg16_image,344.972,317.607476635514
1790640629,441,8,steady,vit_base_image,125.967,122.60061919504642
1790640629,441,8,steady,gpt2_p64_o64,1.456,0.0
1790640629,441,8,steady,gpt2_p512_o512,0.18,0.0
1790640629,441,8,steady,llama_p1024_o128,0,0.0
1790640629,441,8,steady,llama_p2048_o64,0,0.0
1790640630,442,8,steady,resnet50_image,176.963,82.23661214667806
1790640630,442,8,steady,vgg16_image,344.972,317.607476635514
1790640630,442,8,steady,vit_base_image,125.967,122.60061919504642
1790640630,442,8,steady,gpt2_p64_o64,1.456,0.0
1790640630,442,8,steady,gpt2_p512_o512,0.18,0.0
1790640630,442,8,steady,llama_p1024_o128,0,0.0
1790640630,442,8,steady,llama_p2048_o64,0,0.0
1790640631,443,8,steady,resnet50_image,176.963,82.23661214667806
1790640631,443,8,steady,vgg16_image,344.972,317.607476635514
1790640631,443,8,steady,vit_base_image,125.967,122.60061919504642
1790640631,443,8,steady,gpt2_p64_o64,1.456,0.0
1790640631,443,8,steady,gpt2_p512_o512,0.18,0.0
1790640631,443,8,steady,llama_p1024_o128,0,0.0
1790640631,443,8,steady,llama_p2048_o64,0,0.0
1790640632,444,8,steady,resnet50_image,176.963,82.23661214667806
1790640632,444,8,steady,vgg16_image,344.972,317.607476635514
1790640632,444,8,steady,vit_base_image,125.967,122.60061919504642
1790640632,444,8,steady,gpt2_p64_o64,1.456,0.0
1790640632,444,8,steady,gpt2_p512_o512,0.18,0.0
1790640632,444,8,steady,llama_p1024_o128,0,0.0
1790640632,444,8,steady,llama_p2048_o64,0,0.0
1790640633,445,8,steady,resnet50_image,176.963,82.23661214667806
1790640633,445,8,steady,vgg16_image,344.972,317.607476635514
1790640633,445,8,steady,vit_base_image,125.967,122.60061919504642
1790640633,445,8,steady,gpt2_p64_o64,1.456,0.0
1790640633,445,8,steady,gpt2_p512_o512,0.18,0.0
1790640633,445,8,steady,llama_p1024_o128,0,0.0
1790640633,445,8,steady,llama_p2048_o64,0,0.0
1790640634,446,8,steady,resnet50_image,176.963,82.23661214667806
1790640634,446,8,steady,vgg16_image,344.972,317.607476635514
1790640634,446,8,steady,vit_base_image,125.967,122.60061919504642
1790640634,446,8,steady,gpt2_p64_o64,1.456,0.0
1790640634,446,8,steady,gpt2_p512_o512,0.18,0.0
1790640634,446,8,steady,llama_p1024_o128,0,0.0
1790640634,446,8,steady,llama_p2048_o64,0,0.0
1790640635,447,8,steady,resnet50_image,176.963,82.23661214667806
1790640635,447,8,steady,vgg16_image,344.972,317.607476635514
1790640635,447,8,steady,vit_base_image,125.967,122.60061919504642
1790640635,447,8,steady,gpt2_p64_o64,1.456,0.0
1790640635,447,8,steady,gpt2_p512_o512,0.18,0.0
1790640635,447,8,steady,llama_p1024_o128,0,0.0
1790640635,447,8,steady,llama_p2048_o64,0,0.0
1790640636,448,8,steady,resnet50_image,176.963,82.23661214667806
1790640636,448,8,steady,vgg16_image,344.972,317.607476635514
1790640636,448,8,steady,vit_base_image,125.967,122.60061919504642
1790640636,448,8,steady,gpt2_p64_o64,1.456,0.0
1790640636,448,8,steady,gpt2_p512_o512,0.18,0.0
1790640636,448,8,steady,llama_p1024_o128,0,0.0
1790640636,448,8,steady,llama_p2048_o64,0,0.0
1790640637,449,8,steady,resnet50_image,176.963,82.23661214667806
1790640637,449,8,steady,vgg16_image,344.972,317.607476635514
1790640637,449,8,steady,vit_base_image,125.967,122.60061919504642
1790640637,449,8,steady,gpt2_p64_o64,1.456,0.0
1790640637,449,8,steady,gpt2_p512_o512,0.18,0.0
1790640637,449,8,steady,llama_p1024_o128,0,0.0
1790640637,449,8,steady,llama_p2048_o64,0,0.0
1790640638,450,8,steady,resnet50_image,176.963,82.23661214667806
1790640638,450,8,steady,vgg16_image,344.972,317.607476635514
1790640638,450,8,steady,vit_base_image,125.967,122.60061919504642
1790640638,450,8,steady,gpt2_p64_o64,1.456,0.0
1790640638,450,8,steady,gpt2_p512_o512,0.18,0.0
1790640638,450,8,steady,llama_p1024_o128,0,0.0
1790640638,450,8,steady,llama_p2048_o64,0,0.0
1790640639,451,8,steady,resnet50_image,176.963,82.23661214667806
1790640639,451,8,steady,vgg16_image,344.972,317.607476635514
1790640639,451,8,steady,vit_base_image,125.967,122.60061919504642
1790640639,451,8,steady,gpt2_p64_o64,1.456,0.0
1790640639,451,8,steady,gpt2_p512_o512,0.18,0.0
1790640639,451,8,steady,llama_p1024_o128,0,0.0
1790640639,451,8,steady,llama_p2048_o64,0,0.0
1790640640,452,8,steady,resnet50_image,176.963,82.23661214667806
1790640640,452,8,steady,vgg16_image,344.972,317.607476635514
1790640640,452,8,steady,vit_base_image,125.967,122.60061919504642
1790640640,452,8,steady,gpt2_p64_o64,1.456,0.0
1790640640,452,8,steady,gpt2_p512_o512,0.18,0.0
1790640640,452,8,steady,llama_p1024_o128,0,0.0
1790640640,452,8,steady,llama_p2048_o64,0,0.0
1790640641,453,8,steady,resnet50_image,176.963,82.23661214667806
1790640641,453,8,steady,vgg16_image,344.972,317.607476635514
1790640641,453,8,steady,vit_base_image,125.967,122.60061919504642
1790640641,453,8,steady,gpt2_p64_o64,1.456,0.0
1790640641,453,8,steady,gpt2_p512_o512,0.18,0.0
1790640641,453,8,steady,llama_p1024_o128,0,0.0
1790640641,453,8,steady,llama_p2048_o64,0,0.0
1790640642,454,8,steady,resnet50_image,176.963,82.23661214667806
1790640642,454,8,steady,vgg16_image,344.972,317.607476635514
1790640642,454,8,steady,vit_base_image,125.967,122.60061919504642
1790640642,454,8,steady,gpt2_p64_o64,1.456,0.0
1790640642,454,8,steady,gpt2_p512_o512,0.18,0.0
1790640642,454,8,steady,llama_p1024_o128,0,0.0
1790640642,454,8,steady,llama_p2048_o64,0,0.0
1790640643,455,8,steady,resnet50_image,176.963,82.23661214667806
1790640643,455,8,steady,vgg16_image,344.972,317.607476635514
1790640643,455,8,steady,vit_base_image,125.967,122.60061919504642
1790640643,455,8,steady,gpt2_p64_o64,1.456,0.0
1790640643,455,8,steady,gpt2_p512_o512,0.18,0.0
1790640643,455,8,steady,llama_p1024_o128,0,0.0
1790640643,455,8,steady,llama_p2048_o64,0,0.0
1790640644,456,8,steady,resnet50_image,176.963,82.23661214667806
1790640644,456,8,steady,vgg16_image,344.972,317.607476635514
1790640644,456,8,steady,vit_base_image,125.967,122.60061919504642
1790640644,456,8,steady,gpt2_p64_o64,1.456,0.0
1790640644,456,8,steady,gpt2_p512_o512,0.18,0.0
1790640644,456,8,steady,llama_p1024_o128,0,0.0
1790640644,456,8,steady,llama_p2048_o64,0,0.0
1790640645,457,8,steady,resnet50_image,176.963,82.23661214667806
1790640645,457,8,steady,vgg16_image,344.972,317.607476635514
1790640645,457,8,steady,vit_base_image,125.967,122.60061919504642
1790640645,457,8,steady,gpt2_p64_o64,1.456,0.0
1790640645,457,8,steady,gpt2_p512_o512,0.18,0.0
1790640645,457,8,steady,llama_p1024_o128,0,0.0
1790640645,457,8,steady,llama_p2048_o64,0,0.0
1790640646,458,8,steady,resnet50_image,176.963,82.23661214667806
1790640646,458,8,steady,vgg16_image,344.972,317.607476635514
1790640646,458,8,steady,vit_base_image,125.967,122.60061919504642
1790640646,458,8,steady,gpt2_p64_o64,1.456,0.0
1790640646,458,8,steady,gpt2_p512_o512,0.18,0.0
1790640646,458,8,steady,llama_p1024_o128,0,0.0
1790640646,458,8,steady,llama_p2048_o64,0,0.0
1790640647,459,8,steady,resnet50_image,176.963,82.23661214667806
1790640647,459,8,steady,vgg16_image,344.972,317.607476635514
1790640647,459,8,steady,vit_base_image,125.967,122.60061919504642
1790640647,459,8,steady,gpt2_p64_o64,1.456,0.0
1790640647,459,8,steady,gpt2_p512_o512,0.18,0.0
1790640647,459,8,steady,llama_p1024_o128,0,0.0
1790640647,459,8,steady,llama_p2048_o64,0,0.0
1790640648,460,8,steady,resnet50_image,176.963,82.23661214667806
1790640648,460,8,steady,vgg16_image,344.972,317.607476635514
1790640648,460,8,steady,vit_base_image,125.967,122.60061919504642
1790640648,460,8,steady,gpt2_p64_o64,1.456,0.0
1790640648,460,8,steady,gpt2_p512_o512,0.18,0.0
1790640648,460,8,steady,llama_p1024_o128,0,0.0
1790640648,460,8,steady,llama_p2048_o64,0,0.0
1790640649,461,8,steady,resnet50_image,176.963,82.23661214667806
1790640649,461,8,steady,vgg16_image,344.972,317.607476635514
1790640649,461,8,steady,vit_base_image,125.967,122.60061919504642
1790640649,461,8,steady,gpt2_p64_o64,1.456,0.0
1790640649,461,8,steady,gpt2_p512_o512,0.18,0.0
1790640649,461,8,steady,llama_p1024_o128,0,0.0
1790640649,461,8,steady,llama_p2048_o64,0,0.0
1790640650,462,,,resnet50_image,176.963,
1790640650,462,,,vgg16_image,344.972,
1790640650,462,,,vit_base_image,125.967,
1790640650,462,,,gpt2_p64_o64,1.456,
1790640650,462,,,gpt2_p512_o512,0.18,
1790640650,462,,,llama_p1024_o128,0,
1790640650,462,,,llama_p2048_o64,0,
1790640651,463,,,resnet50_image,176.963,
1790640651,463,,,vgg16_image,344.972,
1790640651,463,,,vit_base_image,125.967,
1790640651,463,,,gpt2_p64_o64,1.456,
1790640651,463,,,gpt2_p512_o512,0.18,
1790640651,463,,,llama_p1024_o128,0,
1790640651,463,,,llama_p2048_o64,0,
1790640652,464,,,resnet50_image,176.963,
1790640652,464,,,vgg16_image,344.972,
1790640652,464,,,vit_base_image,125.967,
1790640652,464,,,gpt2_p64_o64,1.456,
1790640652,464,,,gpt2_p512_o512,0.18,
1790640652,464,,,llama_p1024_o128,0,
1790640652,464,,,llama_p2048_o64,0,
1790640653,465,,,resnet50_image,176.963,
1790640653,465,,,vgg16_image,344.972,
1790640653,465,,,vit_base_image,125.967,
1790640653,465,,,gpt2_p64_o64,1.456,
1790640653,465,,,gpt2_p512_o512,0.18,
1790640653,465,,,llama_p1024_o128,0,
1790640653,465,,,llama_p2048_o64,0,
1790640654,466,,,resnet50_image,176.963,
1790640654,466,,,vgg16_image,344.972,
1790640654,466,,,vit_base_image,125.967,
1790640654,466,,,gpt2_p64_o64,1.456,
1790640654,466,,,gpt2_p512_o512,0.18,
1790640654,466,,,llama_p1024_o128,0,
1790640654,466,,,llama_p2048_o64,0,
1790640655,467,,,resnet50_image,176.963,
1790640655,467,,,vgg16_image,344.972,
1790640655,467,,,vit_base_image,125.967,
1790640655,467,,,gpt2_p64_o64,1.456,
1790640655,467,,,gpt2_p512_o512,0.18,
1790640655,467,,,llama_p1024_o128,0,
1790640655,467,,,llama_p2048_o64,0,
1790640656,468,,,resnet50_image,176.963,
1790640656,468,,,vgg16_image,344.972,
1790640656,468,,,vit_base_image,125.967,
1790640656,468,,,gpt2_p64_o64,1.456,
1790640656,468,,,gpt2_p512_o512,0.18,
1790640656,468,,,llama_p1024_o128,0,
1790640656,468,,,llama_p2048_o64,0,
1790640657,469,,,resnet50_image,176.963,
1790640657,469,,,vgg16_image,344.972,
1790640657,469,,,vit_base_image,125.967,
1790640657,469,,,gpt2_p64_o64,1.456,
1790640657,469,,,gpt2_p512_o512,0.18,
1790640657,469,,,llama_p1024_o128,0,
1790640657,469,,,llama_p2048_o64,0,
1790640658,470,,,resnet50_image,176.963,
1790640658,470,,,vgg16_image,344.972,
1790640658,470,,,vit_base_image,125.967,
1790640658,470,,,gpt2_p64_o64,1.456,
1790640658,470,,,gpt2_p512_o512,0.18,
1790640658,470,,,llama_p1024_o128,0,
1790640658,470,,,llama_p2048_o64,0,
1790640659,471,,,resnet50_image,176.963,
1790640659,471,,,vgg16_image,344.972,
1790640659,471,,,vit_base_image,125.967,
1790640659,471,,,gpt2_p64_o64,1.456,
1790640659,471,,,gpt2_p512_o512,0.18,
1790640659,471,,,llama_p1024_o128,0,
1790640659,471,,,llama_p2048_o64,0,
1790640660,472,9,transition,resnet50_image,176.963,82.23661214667806
1790640660,472,9,transition,vgg16_image,344.972,317.607476635514
1790640660,472,9,transition,vit_base_image,125.967,122.60061919504642
1790640660,472,9,transition,gpt2_p64_o64,1.456,0.0
1790640660,472,9,transition,gpt2_p512_o512,0.18,0.0
1790640660,472,9,transition,llama_p1024_o128,0,0.0
1790640660,472,9,transition,llama_p2048_o64,0,0.0
1790640661,473,9,transition,resnet50_image,176.963,82.23661214667806
1790640661,473,9,transition,vgg16_image,344.972,317.607476635514
1790640661,473,9,transition,vit_base_image,125.967,122.60061919504642
1790640661,473,9,transition,gpt2_p64_o64,1.456,0.0
1790640661,473,9,transition,gpt2_p512_o512,0.18,0.0
1790640661,473,9,transition,llama_p1024_o128,0,0.0
1790640661,473,9,transition,llama_p2048_o64,0,0.0
1790640662,474,9,transition,resnet50_image,176.963,82.23661214667806
1790640662,474,9,transition,vgg16_image,344.972,317.607476635514
1790640662,474,9,transition,vit_base_image,125.967,122.60061919504642
1790640662,474,9,transition,gpt2_p64_o64,1.456,0.0
1790640662,474,9,transition,gpt2_p512_o512,0.18,0.0
1790640662,474,9,transition,llama_p1024_o128,0,0.0
1790640662,474,9,transition,llama_p2048_o64,0,0.0
1790640663,475,9,transition,resnet50_image,176.963,82.23661214667806
1790640663,475,9,transition,vgg16_image,344.972,317.607476635514
1790640663,475,9,transition,vit_base_image,125.967,122.60061919504642
1790640663,475,9,transition,gpt2_p64_o64,1.456,0.0
1790640663,475,9,transition,gpt2_p512_o512,0.18,0.0
1790640663,475,9,transition,llama_p1024_o128,0,0.0
1790640663,475,9,transition,llama_p2048_o64,0,0.0
1790640664,476,9,transition,resnet50_image,176.963,82.23661214667806
1790640664,476,9,transition,vgg16_image,344.972,317.607476635514
1790640664,476,9,transition,vit_base_image,125.967,122.60061919504642
1790640664,476,9,transition,gpt2_p64_o64,1.456,0.0
1790640664,476,9,transition,gpt2_p512_o512,0.18,0.0
1790640664,476,9,transition,llama_p1024_o128,0,0.0
1790640664,476,9,transition,llama_p2048_o64,0,0.0
1790640665,477,9,transition,resnet50_image,176.963,82.23661214667806
1790640665,477,9,transition,vgg16_image,344.972,317.607476635514
1790640665,477,9,transition,vit_base_image,125.967,122.60061919504642
1790640665,477,9,transition,gpt2_p64_o64,1.456,0.0
1790640665,477,9,transition,gpt2_p512_o512,0.18,0.0
1790640665,477,9,transition,llama_p1024_o128,0,0.0
1790640665,477,9,transition,llama_p2048_o64,0,0.0
1790640666,478,9,transition,resnet50_image,176.963,82.23661214667806
1790640666,478,9,transition,vgg16_image,344.972,317.607476635514
1790640666,478,9,transition,vit_base_image,125.967,122.60061919504642
1790640666,478,9,transition,gpt2_p64_o64,1.456,0.0
1790640666,478,9,transition,gpt2_p512_o512,0.18,0.0
1790640666,478,9,transition,llama_p1024_o128,0,0.0
1790640666,478,9,transition,llama_p2048_o64,0,0.0
1790640667,479,9,transition,resnet50_image,176.963,82.23661214667806
1790640667,479,9,transition,vgg16_image,344.972,317.607476635514
1790640667,479,9,transition,vit_base_image,125.967,122.60061919504642
1790640667,479,9,transition,gpt2_p64_o64,1.456,0.0
1790640667,479,9,transition,gpt2_p512_o512,0.18,0.0
1790640667,479,9,transition,llama_p1024_o128,0,0.0
1790640667,479,9,transition,llama_p2048_o64,0,0.0
1790640668,480,9,transition,resnet50_image,176.963,82.23661214667806
1790640668,480,9,transition,vgg16_image,489.336,317.607476635514
1790640668,480,9,transition,vit_base_image,125.967,122.60061919504642
1790640668,480,9,transition,gpt2_p64_o64,1.456,0.0
1790640668,480,9,transition,gpt2_p512_o512,0.18,0.0
1790640668,480,9,transition,llama_p1024_o128,0,0.0
1790640668,480,9,transition,llama_p2048_o64,0,0.0
1790640669,481,9,transition,resnet50_image,176.963,82.23661214667806
1790640669,481,9,transition,vgg16_image,489.336,317.607476635514
1790640669,481,9,transition,vit_base_image,125.967,122.60061919504642
1790640669,481,9,transition,gpt2_p64_o64,1.456,0.0
1790640669,481,9,transition,gpt2_p512_o512,0.18,0.0
1790640669,481,9,transition,llama_p1024_o128,0,0.0
1790640669,481,9,transition,llama_p2048_o64,0,0.0
1790640670,482,9,transition,resnet50_image,176.963,82.23661214667806
1790640670,482,9,transition,vgg16_image,489.336,317.607476635514
1790640670,482,9,transition,vit_base_image,125.967,122.60061919504642
1790640670,482,9,transition,gpt2_p64_o64,1.456,0.0
1790640670,482,9,transition,gpt2_p512_o512,0.18,0.0
1790640670,482,9,transition,llama_p1024_o128,0,0.0
1790640670,482,9,transition,llama_p2048_o64,0,0.0
1790640671,483,9,transition,resnet50_image,176.963,82.23661214667806
1790640671,483,9,transition,vgg16_image,489.336,317.607476635514
1790640671,483,9,transition,vit_base_image,125.967,122.60061919504642
1790640671,483,9,transition,gpt2_p64_o64,1.456,0.0
1790640671,483,9,transition,gpt2_p512_o512,0.18,0.0
1790640671,483,9,transition,llama_p1024_o128,0,0.0
1790640671,483,9,transition,llama_p2048_o64,0,0.0
1790640672,484,9,transition,resnet50_image,176.963,82.23661214667806
1790640672,484,9,transition,vgg16_image,489.336,317.607476635514
1790640672,484,9,transition,vit_base_image,125.967,122.60061919504642
1790640672,484,9,transition,gpt2_p64_o64,1.456,0.0
1790640672,484,9,transition,gpt2_p512_o512,0.18,0.0
1790640672,484,9,transition,llama_p1024_o128,0,0.0
1790640672,484,9,transition,llama_p2048_o64,0,0.0
1790640673,485,9,transition,resnet50_image,176.963,82.23661214667806
1790640673,485,9,transition,vgg16_image,489.336,317.607476635514
1790640673,485,9,transition,vit_base_image,125.967,122.60061919504642
1790640673,485,9,transition,gpt2_p64_o64,1.456,0.0
1790640673,485,9,transition,gpt2_p512_o512,0.18,0.0
1790640673,485,9,transition,llama_p1024_o128,0,0.0
1790640673,485,9,transition,llama_p2048_o64,0,0.0
1790640674,486,9,transition,resnet50_image,176.963,82.23661214667806
1790640674,486,9,transition,vgg16_image,489.336,317.607476635514
1790640674,486,9,transition,vit_base_image,125.967,122.60061919504642
1790640674,486,9,transition,gpt2_p64_o64,1.456,0.0
1790640674,486,9,transition,gpt2_p512_o512,0.18,0.0
1790640674,486,9,transition,llama_p1024_o128,0,0.0
1790640674,486,9,transition,llama_p2048_o64,0,0.0
1790640675,487,9,transition,resnet50_image,176.963,82.23661214667806
1790640675,487,9,transition,vgg16_image,489.336,317.607476635514
1790640675,487,9,transition,vit_base_image,125.967,122.60061919504642
1790640675,487,9,transition,gpt2_p64_o64,1.456,0.0
1790640675,487,9,transition,gpt2_p512_o512,0.18,0.0
1790640675,487,9,transition,llama_p1024_o128,0,0.0
1790640675,487,9,transition,llama_p2048_o64,0,0.0
1790640676,488,9,transition,resnet50_image,176.963,82.23661214667806
1790640676,488,9,transition,vgg16_image,489.336,317.607476635514
1790640676,488,9,transition,vit_base_image,125.967,122.60061919504642
1790640676,488,9,transition,gpt2_p64_o64,1.456,0.0
1790640676,488,9,transition,gpt2_p512_o512,0.18,0.0
1790640676,488,9,transition,llama_p1024_o128,0,0.0
1790640676,488,9,transition,llama_p2048_o64,0,0.0
1790640677,489,9,transition,resnet50_image,176.963,82.23661214667806
1790640677,489,9,transition,vgg16_image,489.336,317.607476635514
1790640677,489,9,transition,vit_base_image,125.967,122.60061919504642
1790640677,489,9,transition,gpt2_p64_o64,1.456,0.0
1790640677,489,9,transition,gpt2_p512_o512,0.18,0.0
1790640677,489,9,transition,llama_p1024_o128,0,0.0
1790640677,489,9,transition,llama_p2048_o64,0,0.0
1790640678,490,9,transition,resnet50_image,176.963,82.23661214667806
1790640678,490,9,transition,vgg16_image,489.336,317.607476635514
1790640678,490,9,transition,vit_base_image,125.967,122.60061919504642
1790640678,490,9,transition,gpt2_p64_o64,1.456,0.0
1790640678,490,9,transition,gpt2_p512_o512,0.18,0.0
1790640678,490,9,transition,llama_p1024_o128,0,0.0
1790640678,490,9,transition,llama_p2048_o64,0,0.0
1790640679,491,9,transition,resnet50_image,176.963,82.23661214667806
1790640679,491,9,transition,vgg16_image,489.336,317.607476635514
1790640679,491,9,transition,vit_base_image,125.967,122.60061919504642
1790640679,491,9,transition,gpt2_p64_o64,1.456,0.0
1790640679,491,9,transition,gpt2_p512_o512,0.18,0.0
1790640679,491,9,transition,llama_p1024_o128,0,0.0
1790640679,491,9,transition,llama_p2048_o64,0,0.0
1790640680,492,9,transition,resnet50_image,176.963,82.23661214667806
1790640680,492,9,transition,vgg16_image,489.336,317.607476635514
1790640680,492,9,transition,vit_base_image,125.967,122.60061919504642
1790640680,492,9,transition,gpt2_p64_o64,1.456,0.0
1790640680,492,9,transition,gpt2_p512_o512,0.18,0.0
1790640680,492,9,transition,llama_p1024_o128,0,0.0
1790640680,492,9,transition,llama_p2048_o64,0,0.0
1790640681,493,9,transition,resnet50_image,176.963,82.23661214667806
1790640681,493,9,transition,vgg16_image,489.336,317.607476635514
1790640681,493,9,transition,vit_base_image,125.967,122.60061919504642
1790640681,493,9,transition,gpt2_p64_o64,1.456,0.0
1790640681,493,9,transition,gpt2_p512_o512,0.18,0.0
1790640681,493,9,transition,llama_p1024_o128,0,0.0
1790640681,493,9,transition,llama_p2048_o64,0,0.0
1790640682,494,9,transition,resnet50_image,176.963,82.23661214667806
1790640682,494,9,transition,vgg16_image,489.336,317.607476635514
1790640682,494,9,transition,vit_base_image,125.967,122.60061919504642
1790640682,494,9,transition,gpt2_p64_o64,1.456,0.0
1790640682,494,9,transition,gpt2_p512_o512,0.18,0.0
1790640682,494,9,transition,llama_p1024_o128,0,0.0
1790640682,494,9,transition,llama_p2048_o64,0,0.0
1790640683,495,9,transition,resnet50_image,176.963,82.23661214667806
1790640683,495,9,transition,vgg16_image,489.336,317.607476635514
1790640683,495,9,transition,vit_base_image,125.967,122.60061919504642
1790640683,495,9,transition,gpt2_p64_o64,1.456,0.0
1790640683,495,9,transition,gpt2_p512_o512,0.18,0.0
1790640683,495,9,transition,llama_p1024_o128,0,0.0
1790640683,495,9,transition,llama_p2048_o64,0,0.0
1790640684,496,9,transition,resnet50_image,176.963,82.23661214667806
1790640684,496,9,transition,vgg16_image,489.336,317.607476635514
1790640684,496,9,transition,vit_base_image,125.967,122.60061919504642
1790640684,496,9,transition,gpt2_p64_o64,1.456,0.0
1790640684,496,9,transition,gpt2_p512_o512,0.18,0.0
1790640684,496,9,transition,llama_p1024_o128,0,0.0
1790640684,496,9,transition,llama_p2048_o64,0,0.0
1790640685,497,9,transition,resnet50_image,176.963,82.23661214667806
1790640685,497,9,transition,vgg16_image,489.336,317.607476635514
1790640685,497,9,transition,vit_base_image,125.967,122.60061919504642
1790640685,497,9,transition,gpt2_p64_o64,1.456,0.0
1790640685,497,9,transition,gpt2_p512_o512,0.18,0.0
1790640685,497,9,transition,llama_p1024_o128,0,0.0
1790640685,497,9,transition,llama_p2048_o64,0,0.0
1790640686,498,9,transition,resnet50_image,176.963,82.23661214667806
1790640686,498,9,transition,vgg16_image,489.336,317.607476635514
1790640686,498,9,transition,vit_base_image,125.967,122.60061919504642
1790640686,498,9,transition,gpt2_p64_o64,1.456,0.0
1790640686,498,9,transition,gpt2_p512_o512,0.18,0.0
1790640686,498,9,transition,llama_p1024_o128,0,0.0
1790640686,498,9,transition,llama_p2048_o64,0,0.0
1790640687,499,9,transition,resnet50_image,176.963,82.23661214667806
1790640687,499,9,transition,vgg16_image,489.336,317.607476635514
1790640687,499,9,transition,vit_base_image,125.967,122.60061919504642
1790640687,499,9,transition,gpt2_p64_o64,1.456,0.0
1790640687,499,9,transition,gpt2_p512_o512,0.18,0.0
1790640687,499,9,transition,llama_p1024_o128,0,0.0
1790640687,499,9,transition,llama_p2048_o64,0,0.0
1790640688,500,9,transition,resnet50_image,176.963,82.23661214667806
1790640688,500,9,transition,vgg16_image,489.336,317.607476635514
1790640688,500,9,transition,vit_base_image,125.967,122.60061919504642
1790640688,500,9,transition,gpt2_p64_o64,1.456,0.0
1790640688,500,9,transition,gpt2_p512_o512,0.18,0.0
1790640688,500,9,transition,llama_p1024_o128,0,0.0
1790640688,500,9,transition,llama_p2048_o64,0,0.0
1790640689,501,9,transition,resnet50_image,176.963,82.23661214667806
1790640689,501,9,transition,vgg16_image,489.336,317.607476635514
1790640689,501,9,transition,vit_base_image,125.967,122.60061919504642
1790640689,501,9,transition,gpt2_p64_o64,1.456,0.0
1790640689,501,9,transition,gpt2_p512_o512,0.18,0.0
1790640689,501,9,transition,llama_p1024_o128,0,0.0
1790640689,501,9,transition,llama_p2048_o64,0,0.0
1790640690,502,9,transition,resnet50_image,176.963,82.23661214667806
1790640690,502,9,transition,vgg16_image,489.336,317.607476635514
1790640690,502,9,transition,vit_base_image,125.967,122.60061919504642
1790640690,502,9,transition,gpt2_p64_o64,1.456,0.0
1790640690,502,9,transition,gpt2_p512_o512,0.18,0.0
1790640690,502,9,transition,llama_p1024_o128,0,0.0
1790640690,502,9,transition,llama_p2048_o64,0,0.0
1790640691,503,9,transition,resnet50_image,176.963,82.23661214667806
1790640691,503,9,transition,vgg16_image,489.336,317.607476635514
1790640691,503,9,transition,vit_base_image,125.967,122.60061919504642
1790640691,503,9,transition,gpt2_p64_o64,1.456,0.0
1790640691,503,9,transition,gpt2_p512_o512,0.18,0.0
1790640691,503,9,transition,llama_p1024_o128,0,0.0
1790640691,503,9,transition,llama_p2048_o64,0,0.0
1790640692,504,9,transition,resnet50_image,176.963,82.23661214667806
1790640692,504,9,transition,vgg16_image,489.336,317.607476635514
1790640692,504,9,transition,vit_base_image,125.967,122.60061919504642
1790640692,504,9,transition,gpt2_p64_o64,1.456,0.0
1790640692,504,9,transition,gpt2_p512_o512,0.18,0.0
1790640692,504,9,transition,llama_p1024_o128,0,0.0
1790640692,504,9,transition,llama_p2048_o64,0.655,0.0
1790640693,505,9,steady,resnet50_image,176.963,100.61363406976928
1790640693,505,9,steady,vgg16_image,489.336,474.79626168224297
1790640693,505,9,steady,vit_base_image,125.967,122.60061919504642
1790640693,505,9,steady,gpt2_p64_o64,1.456,0.232258064516129
1790640693,505,9,steady,gpt2_p512_o512,0.18,0.0853080568720379
1790640693,505,9,steady,llama_p1024_o128,0,0.0
1790640693,505,9,steady,llama_p2048_o64,0.655,0.1795511221945137
1790640694,506,9,steady,resnet50_image,176.963,100.61363406976928
1790640694,506,9,steady,vgg16_image,489.336,474.79626168224297
1790640694,506,9,steady,vit_base_image,125.967,122.60061919504642
1790640694,506,9,steady,gpt2_p64_o64,1.456,0.232258064516129
1790640694,506,9,steady,gpt2_p512_o512,0.18,0.0853080568720379
1790640694,506,9,steady,llama_p1024_o128,0,0.0
1790640694,506,9,steady,llama_p2048_o64,0.655,0.1795511221945137
1790640695,507,9,steady,resnet50_image,176.963,100.61363406976928
1790640695,507,9,steady,vgg16_image,489.336,474.79626168224297
1790640695,507,9,steady,vit_base_image,125.967,122.60061919504642
1790640695,507,9,steady,gpt2_p64_o64,1.456,0.232258064516129
1790640695,507,9,steady,gpt2_p512_o512,0.18,0.0853080568720379
1790640695,507,9,steady,llama_p1024_o128,0,0.0
1790640695,507,9,steady,llama_p2048_o64,0.655,0.1795511221945137
1790640696,508,9,steady,resnet50_image,176.963,100.61363406976928
1790640696,508,9,steady,vgg16_image,489.336,474.79626168224297
1790640696,508,9,steady,vit_base_image,125.967,122.60061919504642
1790640696,508,9,steady,gpt2_p64_o64,1.456,0.232258064516129
1790640696,508,9,steady,gpt2_p512_o512,0.18,0.0853080568720379
1790640696,508,9,steady,llama_p1024_o128,0,0.0
1790640696,508,9,steady,llama_p2048_o64,0.655,0.1795511221945137
1790640697,509,9,steady,resnet50_image,176.963,100.61363406976928
1790640697,509,9,steady,vgg16_image,489.336,474.79626168224297
1790640697,509,9,steady,vit_base_image,125.967,122.60061919504642
1790640697,509,9,steady,gpt2_p64_o64,1.456,0.232258064516129
1790640697,509,9,steady,gpt2_p512_o512,0.18,0.0853080568720379
1790640697,509,9,steady,llama_p1024_o128,0,0.0
1790640697,509,9,steady,llama_p2048_o64,0.655,0.1795511221945137
1790640698,510,9,steady,resnet50_image,176.963,100.61363406976928
1790640698,510,9,steady,vgg16_image,489.336,474.79626168224297
1790640698,510,9,steady,vit_base_image,125.967,122.60061919504642
1790640698,510,9,steady,gpt2_p64_o64,1.456,0.232258064516129
1790640698,510,9,steady,gpt2_p512_o512,0.18,0.0853080568720379
1790640698,510,9,steady,llama_p1024_o128,0,0.0
1790640698,510,9,steady,llama_p2048_o64,0.655,0.1795511221945137
1790640699,511,9,steady,resnet50_image,176.963,100.61363406976928
1790640699,511,9,steady,vgg16_image,489.336,474.79626168224297
1790640699,511,9,steady,vit_base_image,125.967,122.60061919504642
1790640699,511,9,steady,gpt2_p64_o64,1.456,0.232258064516129
1790640699,511,9,steady,gpt2_p512_o512,0.18,0.0853080568720379
1790640699,511,9,steady,llama_p1024_o128,0,0.0
1790640699,511,9,steady,llama_p2048_o64,0.655,0.1795511221945137
1790640700,512,9,steady,resnet50_image,176.963,100.61363406976928
1790640700,512,9,steady,vgg16_image,489.336,474.79626168224297
1790640700,512,9,steady,vit_base_image,125.967,122.60061919504642
1790640700,512,9,steady,gpt2_p64_o64,1.456,0.232258064516129
1790640700,512,9,steady,gpt2_p512_o512,0.18,0.0853080568720379
1790640700,512,9,steady,llama_p1024_o128,0,0.0
1790640700,512,9,steady,llama_p2048_o64,0.655,0.1795511221945137
1790640701,513,9,steady,resnet50_image,176.963,100.61363406976928
1790640701,513,9,steady,vgg16_image,489.336,474.79626168224297
1790640701,513,9,steady,vit_base_image,125.967,122.60061919504642
1790640701,513,9,steady,gpt2_p64_o64,1.456,0.232258064516129
1790640701,513,9,steady,gpt2_p512_o512,0.18,0.0853080568720379
1790640701,513,9,steady,llama_p1024_o128,0,0.0
1790640701,513,9,steady,llama_p2048_o64,0.655,0.1795511221945137
1790640702,514,9,steady,resnet50_image,176.963,100.61363406976928
1790640702,514,9,steady,vgg16_image,489.336,474.79626168224297
1790640702,514,9,steady,vit_base_image,125.967,122.60061919504642
1790640702,514,9,steady,gpt2_p64_o64,1.456,0.232258064516129
1790640702,514,9,steady,gpt2_p512_o512,0.18,0.0853080568720379
1790640702,514,9,steady,llama_p1024_o128,0,0.0
1790640702,514,9,steady,llama_p2048_o64,0.655,0.1795511221945137
1790640703,515,9,steady,resnet50_image,176.963,100.61363406976928
1790640703,515,9,steady,vgg16_image,489.336,474.79626168224297
1790640703,515,9,steady,vit_base_image,125.967,122.60061919504642
1790640703,515,9,steady,gpt2_p64_o64,1.456,0.232258064516129
1790640703,515,9,steady,gpt2_p512_o512,0.18,0.0853080568720379
1790640703,515,9,steady,llama_p1024_o128,0,0.0
1790640703,515,9,steady,llama_p2048_o64,0.655,0.1795511221945137
1790640704,516,9,steady,resnet50_image,176.963,100.61363406976928
1790640704,516,9,steady,vgg16_image,489.336,474.79626168224297
1790640704,516,9,steady,vit_base_image,125.967,122.60061919504642
1790640704,516,9,steady,gpt2_p64_o64,1.456,0.232258064516129
1790640704,516,9,steady,gpt2_p512_o512,0.18,0.0853080568720379
1790640704,516,9,steady,llama_p1024_o128,0,0.0
1790640704,516,9,steady,llama_p2048_o64,0.655,0.1795511221945137
1790640705,517,9,steady,resnet50_image,176.963,100.61363406976928
1790640705,517,9,steady,vgg16_image,489.336,474.79626168224297
1790640705,517,9,steady,vit_base_image,125.967,122.60061919504642
1790640705,517,9,steady,gpt2_p64_o64,1.456,0.232258064516129
1790640705,517,9,steady,gpt2_p512_o512,0.18,0.0853080568720379
1790640705,517,9,steady,llama_p1024_o128,0,0.0
1790640705,517,9,steady,llama_p2048_o64,0.655,0.1795511221945137
1790640706,518,9,steady,resnet50_image,176.963,100.61363406976928
1790640706,518,9,steady,vgg16_image,489.336,474.79626168224297
1790640706,518,9,steady,vit_base_image,125.967,122.60061919504642
1790640706,518,9,steady,gpt2_p64_o64,1.456,0.232258064516129
1790640706,518,9,steady,gpt2_p512_o512,0.18,0.0853080568720379
1790640706,518,9,steady,llama_p1024_o128,0,0.0
1790640706,518,9,steady,llama_p2048_o64,0.655,0.1795511221945137
1790640707,519,9,steady,resnet50_image,176.963,100.61363406976928
1790640707,519,9,steady,vgg16_image,489.336,474.79626168224297
1790640707,519,9,steady,vit_base_image,125.967,122.60061919504642
1790640707,519,9,steady,gpt2_p64_o64,1.456,0.232258064516129
1790640707,519,9,steady,gpt2_p512_o512,0.18,0.0853080568720379
1790640707,519,9,steady,llama_p1024_o128,0,0.0
1790640707,519,9,steady,llama_p2048_o64,0.655,0.1795511221945137
1790640708,520,9,steady,resnet50_image,176.963,100.61363406976928
1790640708,520,9,steady,vgg16_image,489.336,474.79626168224297
1790640708,520,9,steady,vit_base_image,125.967,122.60061919504642
1790640708,520,9,steady,gpt2_p64_o64,1.456,0.232258064516129
1790640708,520,9,steady,gpt2_p512_o512,0.18,0.0853080568720379
1790640708,520,9,steady,llama_p1024_o128,0,0.0
1790640708,520,9,steady,llama_p2048_o64,0.655,0.1795511221945137
1790640709,521,9,steady,resnet50_image,176.963,100.61363406976928
1790640709,521,9,steady,vgg16_image,489.336,474.79626168224297
1790640709,521,9,steady,vit_base_image,125.967,122.60061919504642
1790640709,521,9,steady,gpt2_p64_o64,1.456,0.232258064516129
1790640709,521,9,steady,gpt2_p512_o512,0.18,0.0853080568720379
1790640709,521,9,steady,llama_p1024_o128,0,0.0
1790640709,521,9,steady,llama_p2048_o64,0.655,0.1795511221945137
1790640710,522,9,steady,resnet50_image,176.963,100.61363406976928
1790640710,522,9,steady,vgg16_image,489.336,474.79626168224297
1790640710,522,9,steady,vit_base_image,125.967,122.60061919504642
1790640710,522,9,steady,gpt2_p64_o64,1.456,0.232258064516129
1790640710,522,9,steady,gpt2_p512_o512,0.18,0.0853080568720379
1790640710,522,9,steady,llama_p1024_o128,0,0.0
1790640710,522,9,steady,llama_p2048_o64,0.655,0.1795511221945137
1790640711,523,9,steady,resnet50_image,176.963,100.61363406976928
1790640711,523,9,steady,vgg16_image,489.336,474.79626168224297
1790640711,523,9,steady,vit_base_image,125.967,122.60061919504642
1790640711,523,9,steady,gpt2_p64_o64,1.456,0.232258064516129
1790640711,523,9,steady,gpt2_p512_o512,0.18,0.0853080568720379
1790640711,523,9,steady,llama_p1024_o128,0,0.0
1790640711,523,9,steady,llama_p2048_o64,0.655,0.1795511221945137
1790640712,524,9,steady,resnet50_image,176.963,100.61363406976928
1790640712,524,9,steady,vgg16_image,489.336,474.79626168224297
1790640712,524,9,steady,vit_base_image,125.967,122.60061919504642
1790640712,524,9,steady,gpt2_p64_o64,1.456,0.232258064516129
1790640712,524,9,steady,gpt2_p512_o512,0.18,0.0853080568720379
1790640712,524,9,steady,llama_p1024_o128,0,0.0
1790640712,524,9,steady,llama_p2048_o64,0.655,0.1795511221945137
1790640713,525,9,steady,resnet50_image,176.963,100.61363406976928
1790640713,525,9,steady,vgg16_image,489.336,474.79626168224297
1790640713,525,9,steady,vit_base_image,125.967,122.60061919504642
1790640713,525,9,steady,gpt2_p64_o64,1.456,0.232258064516129
1790640713,525,9,steady,gpt2_p512_o512,0.18,0.0853080568720379
1790640713,525,9,steady,llama_p1024_o128,0,0.0
1790640713,525,9,steady,llama_p2048_o64,0.655,0.1795511221945137
1790640714,526,9,steady,resnet50_image,176.963,100.61363406976928
1790640714,526,9,steady,vgg16_image,489.336,474.79626168224297
1790640714,526,9,steady,vit_base_image,125.967,122.60061919504642
1790640714,526,9,steady,gpt2_p64_o64,1.456,0.232258064516129
1790640714,526,9,steady,gpt2_p512_o512,0.18,0.0853080568720379
1790640714,526,9,steady,llama_p1024_o128,0,0.0
1790640714,526,9,steady,llama_p2048_o64,0.655,0.1795511221945137
1790640715,527,9,steady,resnet50_image,176.963,100.61363406976928
1790640715,527,9,steady,vgg16_image,489.336,474.79626168224297
1790640715,527,9,steady,vit_base_image,125.967,122.60061919504642
1790640715,527,9,steady,gpt2_p64_o64,1.456,0.232258064516129
1790640715,527,9,steady,gpt2_p512_o512,0.18,0.0853080568720379
1790640715,527,9,steady,llama_p1024_o128,0,0.0
1790640715,527,9,steady,llama_p2048_o64,0.655,0.1795511221945137
1790640716,528,9,steady,resnet50_image,176.963,100.61363406976928
1790640716,528,9,steady,vgg16_image,489.336,474.79626168224297
1790640716,528,9,steady,vit_base_image,125.967,122.60061919504642
1790640716,528,9,steady,gpt2_p64_o64,1.456,0.232258064516129
1790640716,528,9,steady,gpt2_p512_o512,0.18,0.0853080568720379
1790640716,528,9,steady,llama_p1024_o128,0,0.0
1790640716,528,9,steady,llama_p2048_o64,0.655,0.1795511221945137
1790640717,529,9,steady,resnet50_image,176.963,100.61363406976928
1790640717,529,9,steady,vgg16_image,489.336,474.79626168224297
1790640717,529,9,steady,vit_base_image,125.967,122.60061919504642
1790640717,529,9,steady,gpt2_p64_o64,1.456,0.232258064516129
1790640717,529,9,steady,gpt2_p512_o512,0.18,0.0853080568720379
1790640717,529,9,steady,llama_p1024_o128,0,0.0
1790640717,529,9,steady,llama_p2048_o64,0.655,0.1795511221945137
1790640718,530,9,steady,resnet50_image,176.963,100.61363406976928
1790640718,530,9,steady,vgg16_image,489.336,474.79626168224297
1790640718,530,9,steady,vit_base_image,125.967,122.60061919504642
1790640718,530,9,steady,gpt2_p64_o64,1.456,0.232258064516129
1790640718,530,9,steady,gpt2_p512_o512,0.18,0.0853080568720379
1790640718,530,9,steady,llama_p1024_o128,0,0.0
1790640718,530,9,steady,llama_p2048_o64,0.655,0.1795511221945137
1790640719,531,9,steady,resnet50_image,176.963,100.61363406976928
1790640719,531,9,steady,vgg16_image,489.336,474.79626168224297
1790640719,531,9,steady,vit_base_image,125.967,122.60061919504642
1790640719,531,9,steady,gpt2_p64_o64,1.456,0.232258064516129
1790640719,531,9,steady,gpt2_p512_o512,0.18,0.0853080568720379
1790640719,531,9,steady,llama_p1024_o128,0,0.0
1790640719,531,9,steady,llama_p2048_o64,0.655,0.1795511221945137
1790640720,532,9,steady,resnet50_image,176.963,100.61363406976928
1790640720,532,9,steady,vgg16_image,489.336,474.79626168224297
1790640720,532,9,steady,vit_base_image,125.967,122.60061919504642
1790640720,532,9,steady,gpt2_p64_o64,1.456,0.232258064516129
1790640720,532,9,steady,gpt2_p512_o512,0.18,0.0853080568720379
1790640720,532,9,steady,llama_p1024_o128,0,0.0
1790640720,532,9,steady,llama_p2048_o64,0.655,0.1795511221945137
1790640721,533,9,steady,resnet50_image,176.963,100.61363406976928
1790640721,533,9,steady,vgg16_image,489.336,474.79626168224297
1790640721,533,9,steady,vit_base_image,125.967,122.60061919504642
1790640721,533,9,steady,gpt2_p64_o64,1.456,0.232258064516129
1790640721,533,9,steady,gpt2_p512_o512,0.18,0.0853080568720379
1790640721,533,9,steady,llama_p1024_o128,0,0.0
1790640721,533,9,steady,llama_p2048_o64,0.655,0.1795511221945137
1790640722,534,9,steady,resnet50_image,176.963,100.61363406976928
1790640722,534,9,steady,vgg16_image,489.336,474.79626168224297
1790640722,534,9,steady,vit_base_image,125.967,122.60061919504642
1790640722,534,9,steady,gpt2_p64_o64,1.456,0.232258064516129
1790640722,534,9,steady,gpt2_p512_o512,0.18,0.0853080568720379
1790640722,534,9,steady,llama_p1024_o128,0,0.0
1790640722,534,9,steady,llama_p2048_o64,0.655,0.1795511221945137
1790640723,535,,,resnet50_image,176.963,
1790640723,535,,,vgg16_image,489.336,
1790640723,535,,,vit_base_image,125.967,
1790640723,535,,,gpt2_p64_o64,1.456,
1790640723,535,,,gpt2_p512_o512,0.18,
1790640723,535,,,llama_p1024_o128,0,
1790640723,535,,,llama_p2048_o64,0.655,
1790640724,536,,,resnet50_image,176.963,
1790640724,536,,,vgg16_image,489.336,
1790640724,536,,,vit_base_image,125.967,
1790640724,536,,,gpt2_p64_o64,1.456,
1790640724,536,,,gpt2_p512_o512,0.18,
1790640724,536,,,llama_p1024_o128,0,
1790640724,536,,,llama_p2048_o64,0.655,
1790640725,537,,,resnet50_image,176.963,
1790640725,537,,,vgg16_image,489.336,
1790640725,537,,,vit_base_image,125.967,
1790640725,537,,,gpt2_p64_o64,1.456,
1790640725,537,,,gpt2_p512_o512,0.18,
1790640725,537,,,llama_p1024_o128,0,
1790640725,537,,,llama_p2048_o64,0.655,
1790640726,538,,,resnet50_image,176.963,
1790640726,538,,,vgg16_image,489.336,
1790640726,538,,,vit_base_image,125.967,
1790640726,538,,,gpt2_p64_o64,1.456,
1790640726,538,,,gpt2_p512_o512,0.18,
1790640726,538,,,llama_p1024_o128,0,
1790640726,538,,,llama_p2048_o64,0.655,
1790640727,539,,,resnet50_image,176.963,
1790640727,539,,,vgg16_image,489.336,
1790640727,539,,,vit_base_image,125.967,
1790640727,539,,,gpt2_p64_o64,1.456,
1790640727,539,,,gpt2_p512_o512,0.18,
1790640727,539,,,llama_p1024_o128,0,
1790640727,539,,,llama_p2048_o64,0.655,
1790640728,540,,,resnet50_image,176.963,
1790640728,540,,,vgg16_image,489.336,
1790640728,540,,,vit_base_image,125.967,
1790640728,540,,,gpt2_p64_o64,1.456,
1790640728,540,,,gpt2_p512_o512,0.18,
1790640728,540,,,llama_p1024_o128,0,
1790640728,540,,,llama_p2048_o64,0.655,
1790640729,541,,,resnet50_image,176.963,
1790640729,541,,,vgg16_image,489.336,
1790640729,541,,,vit_base_image,125.967,
1790640729,541,,,gpt2_p64_o64,1.456,
1790640729,541,,,gpt2_p512_o512,0.18,
1790640729,541,,,llama_p1024_o128,0,
1790640729,541,,,llama_p2048_o64,0.655,
1790640730,542,10,transition,resnet50_image,176.963,100.61363406976928
1790640730,542,10,transition,vgg16_image,489.336,444.6504672897196
1790640730,542,10,transition,vit_base_image,125.967,73.56037151702786
1790640730,542,10,transition,gpt2_p64_o64,1.456,0.232258064516129
1790640730,542,10,transition,gpt2_p512_o512,0.18,0.0853080568720379
1790640730,542,10,transition,llama_p1024_o128,0,0.0
1790640730,542,10,transition,llama_p2048_o64,0.655,0.0
1790640731,543,10,transition,resnet50_image,176.963,100.61363406976928
1790640731,543,10,transition,vgg16_image,489.336,444.6504672897196
1790640731,543,10,transition,vit_base_image,125.967,73.56037151702786
1790640731,543,10,transition,gpt2_p64_o64,1.456,0.232258064516129
1790640731,543,10,transition,gpt2_p512_o512,0.18,0.0853080568720379
1790640731,543,10,transition,llama_p1024_o128,0,0.0
1790640731,543,10,transition,llama_p2048_o64,0.655,0.0
1790640732,544,10,transition,resnet50_image,176.963,100.61363406976928
1790640732,544,10,transition,vgg16_image,489.336,444.6504672897196
1790640732,544,10,transition,vit_base_image,125.967,73.56037151702786
1790640732,544,10,transition,gpt2_p64_o64,1.456,0.232258064516129
1790640732,544,10,transition,gpt2_p512_o512,0.18,0.0853080568720379
1790640732,544,10,transition,llama_p1024_o128,0,0.0
1790640732,544,10,transition,llama_p2048_o64,0.655,0.0
1790640733,545,10,transition,resnet50_image,176.963,100.61363406976928
1790640733,545,10,transition,vgg16_image,489.336,444.6504672897196
1790640733,545,10,transition,vit_base_image,125.967,73.56037151702786
1790640733,545,10,transition,gpt2_p64_o64,1.456,0.232258064516129
1790640733,545,10,transition,gpt2_p512_o512,0.18,0.0853080568720379
1790640733,545,10,transition,llama_p1024_o128,0,0.0
1790640733,545,10,transition,llama_p2048_o64,0.655,0.0
1790640734,546,10,transition,resnet50_image,176.963,100.61363406976928
1790640734,546,10,transition,vgg16_image,489.336,444.6504672897196
1790640734,546,10,transition,vit_base_image,125.967,73.56037151702786
1790640734,546,10,transition,gpt2_p64_o64,1.456,0.232258064516129
1790640734,546,10,transition,gpt2_p512_o512,0.18,0.0853080568720379
1790640734,546,10,transition,llama_p1024_o128,0,0.0
1790640734,546,10,transition,llama_p2048_o64,0.655,0.0
1790640735,547,10,transition,resnet50_image,176.963,100.61363406976928
1790640735,547,10,transition,vgg16_image,489.336,444.6504672897196
1790640735,547,10,transition,vit_base_image,125.967,73.56037151702786
1790640735,547,10,transition,gpt2_p64_o64,1.456,0.232258064516129
1790640735,547,10,transition,gpt2_p512_o512,0.18,0.0853080568720379
1790640735,547,10,transition,llama_p1024_o128,0,0.0
1790640735,547,10,transition,llama_p2048_o64,0.655,0.0
1790640736,548,10,transition,resnet50_image,176.963,100.61363406976928
1790640736,548,10,transition,vgg16_image,489.336,444.6504672897196
1790640736,548,10,transition,vit_base_image,125.967,73.56037151702786
1790640736,548,10,transition,gpt2_p64_o64,1.456,0.232258064516129
1790640736,548,10,transition,gpt2_p512_o512,0.18,0.0853080568720379
1790640736,548,10,transition,llama_p1024_o128,0,0.0
1790640736,548,10,transition,llama_p2048_o64,0.655,0.0
1790640737,549,10,transition,resnet50_image,176.963,100.61363406976928
1790640737,549,10,transition,vgg16_image,489.336,444.6504672897196
1790640737,549,10,transition,vit_base_image,125.967,73.56037151702786
1790640737,549,10,transition,gpt2_p64_o64,1.456,0.232258064516129
1790640737,549,10,transition,gpt2_p512_o512,0.18,0.0853080568720379
1790640737,549,10,transition,llama_p1024_o128,0,0.0
1790640737,549,10,transition,llama_p2048_o64,0.655,0.0
1790640738,550,10,transition,resnet50_image,176.963,100.61363406976928
1790640738,550,10,transition,vgg16_image,468.144,444.6504672897196
1790640738,550,10,transition,vit_base_image,89.405,73.56037151702786
1790640738,550,10,transition,gpt2_p64_o64,1.456,0.232258064516129
1790640738,550,10,transition,gpt2_p512_o512,0.18,0.0853080568720379
1790640738,550,10,transition,llama_p1024_o128,0,0.0
1790640738,550,10,transition,llama_p2048_o64,0,0.0
1790640739,551,10,transition,resnet50_image,176.963,100.61363406976928
1790640739,551,10,transition,vgg16_image,468.144,444.6504672897196
1790640739,551,10,transition,vit_base_image,89.405,73.56037151702786
1790640739,551,10,transition,gpt2_p64_o64,1.456,0.232258064516129
1790640739,551,10,transition,gpt2_p512_o512,0.18,0.0853080568720379
1790640739,551,10,transition,llama_p1024_o128,0,0.0
1790640739,551,10,transition,llama_p2048_o64,0,0.0
1790640740,552,10,transition,resnet50_image,176.963,100.61363406976928
1790640740,552,10,transition,vgg16_image,468.144,444.6504672897196
1790640740,552,10,transition,vit_base_image,89.405,73.56037151702786
1790640740,552,10,transition,gpt2_p64_o64,1.456,0.232258064516129
1790640740,552,10,transition,gpt2_p512_o512,0.18,0.0853080568720379
1790640740,552,10,transition,llama_p1024_o128,0,0.0
1790640740,552,10,transition,llama_p2048_o64,0,0.0
1790640741,553,10,transition,resnet50_image,176.963,100.61363406976928
1790640741,553,10,transition,vgg16_image,468.144,444.6504672897196
1790640741,553,10,transition,vit_base_image,89.405,73.56037151702786
1790640741,553,10,transition,gpt2_p64_o64,1.456,0.232258064516129
1790640741,553,10,transition,gpt2_p512_o512,0.18,0.0853080568720379
1790640741,553,10,transition,llama_p1024_o128,0,0.0
1790640741,553,10,transition,llama_p2048_o64,0,0.0
1790640742,554,10,transition,resnet50_image,176.963,100.61363406976928
1790640742,554,10,transition,vgg16_image,468.144,444.6504672897196
1790640742,554,10,transition,vit_base_image,89.405,73.56037151702786
1790640742,554,10,transition,gpt2_p64_o64,1.456,0.232258064516129
1790640742,554,10,transition,gpt2_p512_o512,0.18,0.0853080568720379
1790640742,554,10,transition,llama_p1024_o128,0,0.0
1790640742,554,10,transition,llama_p2048_o64,0,0.0
1790640743,555,10,transition,resnet50_image,176.963,100.61363406976928
1790640743,555,10,transition,vgg16_image,468.144,444.6504672897196
1790640743,555,10,transition,vit_base_image,89.405,73.56037151702786
1790640743,555,10,transition,gpt2_p64_o64,1.456,0.232258064516129
1790640743,555,10,transition,gpt2_p512_o512,0.18,0.0853080568720379
1790640743,555,10,transition,llama_p1024_o128,0,0.0
1790640743,555,10,transition,llama_p2048_o64,0,0.0
1790640744,556,10,transition,resnet50_image,176.963,100.61363406976928
1790640744,556,10,transition,vgg16_image,468.144,444.6504672897196
1790640744,556,10,transition,vit_base_image,89.405,73.56037151702786
1790640744,556,10,transition,gpt2_p64_o64,1.456,0.232258064516129
1790640744,556,10,transition,gpt2_p512_o512,0.18,0.0853080568720379
1790640744,556,10,transition,llama_p1024_o128,0,0.0
1790640744,556,10,transition,llama_p2048_o64,0,0.0
1790640745,557,10,transition,resnet50_image,176.963,100.61363406976928
1790640745,557,10,transition,vgg16_image,468.144,444.6504672897196
1790640745,557,10,transition,vit_base_image,89.405,73.56037151702786
1790640745,557,10,transition,gpt2_p64_o64,1.456,0.232258064516129
1790640745,557,10,transition,gpt2_p512_o512,0.18,0.0853080568720379
1790640745,557,10,transition,llama_p1024_o128,0,0.0
1790640745,557,10,transition,llama_p2048_o64,0,0.0
1790640746,558,10,transition,resnet50_image,176.963,100.61363406976928
1790640746,558,10,transition,vgg16_image,468.144,444.6504672897196
1790640746,558,10,transition,vit_base_image,89.405,73.56037151702786
1790640746,558,10,transition,gpt2_p64_o64,1.456,0.232258064516129
1790640746,558,10,transition,gpt2_p512_o512,0.18,0.0853080568720379
1790640746,558,10,transition,llama_p1024_o128,0,0.0
1790640746,558,10,transition,llama_p2048_o64,0,0.0
1790640747,559,10,transition,resnet50_image,176.963,100.61363406976928
1790640747,559,10,transition,vgg16_image,468.144,444.6504672897196
1790640747,559,10,transition,vit_base_image,89.405,73.56037151702786
1790640747,559,10,transition,gpt2_p64_o64,1.456,0.232258064516129
1790640747,559,10,transition,gpt2_p512_o512,0.18,0.0853080568720379
1790640747,559,10,transition,llama_p1024_o128,0,0.0
1790640747,559,10,transition,llama_p2048_o64,0,0.0
1790640748,560,10,steady,resnet50_image,176.963,109.74604911579873
1790640748,560,10,steady,vgg16_image,468.144,444.6504672897196
1790640748,560,10,steady,vit_base_image,89.405,73.56037151702786
1790640748,560,10,steady,gpt2_p64_o64,1.456,0.232258064516129
1790640748,560,10,steady,gpt2_p512_o512,0.18,0.0853080568720379
1790640748,560,10,steady,llama_p1024_o128,0,0.0
1790640748,560,10,steady,llama_p2048_o64,0,0.0
1790640749,561,10,steady,resnet50_image,176.963,109.74604911579873
1790640749,561,10,steady,vgg16_image,468.144,444.6504672897196
1790640749,561,10,steady,vit_base_image,89.405,73.56037151702786
1790640749,561,10,steady,gpt2_p64_o64,1.456,0.232258064516129
1790640749,561,10,steady,gpt2_p512_o512,0.18,0.0853080568720379
1790640749,561,10,steady,llama_p1024_o128,0,0.0
1790640749,561,10,steady,llama_p2048_o64,0,0.0
1790640750,562,10,steady,resnet50_image,176.963,109.74604911579873
1790640750,562,10,steady,vgg16_image,468.144,444.6504672897196
1790640750,562,10,steady,vit_base_image,89.405,73.56037151702786
1790640750,562,10,steady,gpt2_p64_o64,1.456,0.232258064516129
1790640750,562,10,steady,gpt2_p512_o512,0.18,0.0853080568720379
1790640750,562,10,steady,llama_p1024_o128,0,0.0
1790640750,562,10,steady,llama_p2048_o64,0,0.0
1790640751,563,10,steady,resnet50_image,176.963,109.74604911579873
1790640751,563,10,steady,vgg16_image,468.144,444.6504672897196
1790640751,563,10,steady,vit_base_image,89.405,73.56037151702786
1790640751,563,10,steady,gpt2_p64_o64,1.456,0.232258064516129
1790640751,563,10,steady,gpt2_p512_o512,0.18,0.0853080568720379
1790640751,563,10,steady,llama_p1024_o128,0,0.0
1790640751,563,10,steady,llama_p2048_o64,0,0.0
1790640752,564,10,steady,resnet50_image,176.963,109.74604911579873
1790640752,564,10,steady,vgg16_image,468.144,444.6504672897196
1790640752,564,10,steady,vit_base_image,89.405,73.56037151702786
1790640752,564,10,steady,gpt2_p64_o64,1.456,0.232258064516129
1790640752,564,10,steady,gpt2_p512_o512,0.18,0.0853080568720379
1790640752,564,10,steady,llama_p1024_o128,0,0.0
1790640752,564,10,steady,llama_p2048_o64,0,0.0
1790640753,565,10,steady,resnet50_image,176.963,109.74604911579873
1790640753,565,10,steady,vgg16_image,468.144,444.6504672897196
1790640753,565,10,steady,vit_base_image,89.405,73.56037151702786
1790640753,565,10,steady,gpt2_p64_o64,1.456,0.232258064516129
1790640753,565,10,steady,gpt2_p512_o512,0.18,0.0853080568720379
1790640753,565,10,steady,llama_p1024_o128,0,0.0
1790640753,565,10,steady,llama_p2048_o64,0,0.0
1790640754,566,10,steady,resnet50_image,176.963,109.74604911579873
1790640754,566,10,steady,vgg16_image,468.144,444.6504672897196
1790640754,566,10,steady,vit_base_image,89.405,73.56037151702786
1790640754,566,10,steady,gpt2_p64_o64,1.456,0.232258064516129
1790640754,566,10,steady,gpt2_p512_o512,0.18,0.0853080568720379
1790640754,566,10,steady,llama_p1024_o128,0,0.0
1790640754,566,10,steady,llama_p2048_o64,0,0.0
1790640755,567,10,steady,resnet50_image,176.963,109.74604911579873
1790640755,567,10,steady,vgg16_image,468.144,444.6504672897196
1790640755,567,10,steady,vit_base_image,89.405,73.56037151702786
1790640755,567,10,steady,gpt2_p64_o64,1.456,0.232258064516129
1790640755,567,10,steady,gpt2_p512_o512,0.18,0.0853080568720379
1790640755,567,10,steady,llama_p1024_o128,0,0.0
1790640755,567,10,steady,llama_p2048_o64,0,0.0
1790640756,568,10,steady,resnet50_image,176.963,109.74604911579873
1790640756,568,10,steady,vgg16_image,468.144,444.6504672897196
1790640756,568,10,steady,vit_base_image,89.405,73.56037151702786
1790640756,568,10,steady,gpt2_p64_o64,1.456,0.232258064516129
1790640756,568,10,steady,gpt2_p512_o512,0.18,0.0853080568720379
1790640756,568,10,steady,llama_p1024_o128,0,0.0
1790640756,568,10,steady,llama_p2048_o64,0,0.0
1790640757,569,10,steady,resnet50_image,176.963,109.74604911579873
1790640757,569,10,steady,vgg16_image,468.144,444.6504672897196
1790640757,569,10,steady,vit_base_image,89.405,73.56037151702786
1790640757,569,10,steady,gpt2_p64_o64,1.456,0.232258064516129
1790640757,569,10,steady,gpt2_p512_o512,0.18,0.0853080568720379
1790640757,569,10,steady,llama_p1024_o128,0,0.0
1790640757,569,10,steady,llama_p2048_o64,0,0.0
1790640758,570,10,steady,resnet50_image,176.963,109.74604911579873
1790640758,570,10,steady,vgg16_image,468.144,444.6504672897196
1790640758,570,10,steady,vit_base_image,89.405,73.56037151702786
1790640758,570,10,steady,gpt2_p64_o64,1.456,0.232258064516129
1790640758,570,10,steady,gpt2_p512_o512,0.18,0.0853080568720379
1790640758,570,10,steady,llama_p1024_o128,0,0.0
1790640758,570,10,steady,llama_p2048_o64,0,0.0
1790640759,571,10,steady,resnet50_image,176.963,109.74604911579873
1790640759,571,10,steady,vgg16_image,468.144,444.6504672897196
1790640759,571,10,steady,vit_base_image,89.405,73.56037151702786
1790640759,571,10,steady,gpt2_p64_o64,1.456,0.232258064516129
1790640759,571,10,steady,gpt2_p512_o512,0.18,0.0853080568720379
1790640759,571,10,steady,llama_p1024_o128,0,0.0
1790640759,571,10,steady,llama_p2048_o64,0,0.0
1790640760,572,10,steady,resnet50_image,176.963,109.74604911579873
1790640760,572,10,steady,vgg16_image,468.144,444.6504672897196
1790640760,572,10,steady,vit_base_image,89.405,73.56037151702786
1790640760,572,10,steady,gpt2_p64_o64,1.456,0.232258064516129
1790640760,572,10,steady,gpt2_p512_o512,0.18,0.0853080568720379
1790640760,572,10,steady,llama_p1024_o128,0,0.0
1790640760,572,10,steady,llama_p2048_o64,0,0.0
1790640761,573,10,steady,resnet50_image,176.963,109.74604911579873
1790640761,573,10,steady,vgg16_image,468.144,444.6504672897196
1790640761,573,10,steady,vit_base_image,89.405,73.56037151702786
1790640761,573,10,steady,gpt2_p64_o64,1.456,0.232258064516129
1790640761,573,10,steady,gpt2_p512_o512,0.18,0.0853080568720379
1790640761,573,10,steady,llama_p1024_o128,0,0.0
1790640761,573,10,steady,llama_p2048_o64,0,0.0
1790640762,574,10,steady,resnet50_image,176.963,109.74604911579873
1790640762,574,10,steady,vgg16_image,468.144,444.6504672897196
1790640762,574,10,steady,vit_base_image,89.405,73.56037151702786
1790640762,574,10,steady,gpt2_p64_o64,1.456,0.232258064516129
1790640762,574,10,steady,gpt2_p512_o512,0.18,0.0853080568720379
1790640762,574,10,steady,llama_p1024_o128,0,0.0
1790640762,574,10,steady,llama_p2048_o64,0,0.0
1790640763,575,10,steady,resnet50_image,176.963,109.74604911579873
1790640763,575,10,steady,vgg16_image,468.144,444.6504672897196
1790640763,575,10,steady,vit_base_image,89.405,73.56037151702786
1790640763,575,10,steady,gpt2_p64_o64,1.456,0.232258064516129
1790640763,575,10,steady,gpt2_p512_o512,0.18,0.0853080568720379
1790640763,575,10,steady,llama_p1024_o128,0,0.0
1790640763,575,10,steady,llama_p2048_o64,0,0.0
1790640764,576,10,steady,resnet50_image,176.963,109.74604911579873
1790640764,576,10,steady,vgg16_image,468.144,444.6504672897196
1790640764,576,10,steady,vit_base_image,89.405,73.56037151702786
1790640764,576,10,steady,gpt2_p64_o64,1.456,0.232258064516129
1790640764,576,10,steady,gpt2_p512_o512,0.18,0.0853080568720379
1790640764,576,10,steady,llama_p1024_o128,0,0.0
1790640764,576,10,steady,llama_p2048_o64,0,0.0
1790640765,577,10,steady,resnet50_image,176.963,109.74604911579873
1790640765,577,10,steady,vgg16_image,468.144,444.6504672897196
1790640765,577,10,steady,vit_base_image,89.405,73.56037151702786
1790640765,577,10,steady,gpt2_p64_o64,1.456,0.232258064516129
1790640765,577,10,steady,gpt2_p512_o512,0.18,0.0853080568720379
1790640765,577,10,steady,llama_p1024_o128,0,0.0
1790640765,577,10,steady,llama_p2048_o64,0,0.0
1790640766,578,10,steady,resnet50_image,176.963,109.74604911579873
1790640766,578,10,steady,vgg16_image,468.144,444.6504672897196
1790640766,578,10,steady,vit_base_image,89.405,73.56037151702786
1790640766,578,10,steady,gpt2_p64_o64,1.456,0.232258064516129
1790640766,578,10,steady,gpt2_p512_o512,0.18,0.0853080568720379
1790640766,578,10,steady,llama_p1024_o128,0,0.0
1790640766,578,10,steady,llama_p2048_o64,0,0.0
1790640767,579,10,steady,resnet50_image,176.963,109.74604911579873
1790640767,579,10,steady,vgg16_image,468.144,444.6504672897196
1790640767,579,10,steady,vit_base_image,89.405,73.56037151702786
1790640767,579,10,steady,gpt2_p64_o64,1.456,0.232258064516129
1790640767,579,10,steady,gpt2_p512_o512,0.18,0.0853080568720379
1790640767,579,10,steady,llama_p1024_o128,0,0.0
1790640767,579,10,steady,llama_p2048_o64,0,0.0
1790640768,580,10,steady,resnet50_image,176.963,109.74604911579873
1790640768,580,10,steady,vgg16_image,468.144,444.6504672897196
1790640768,580,10,steady,vit_base_image,89.405,73.56037151702786
1790640768,580,10,steady,gpt2_p64_o64,1.456,0.232258064516129
1790640768,580,10,steady,gpt2_p512_o512,0.18,0.0853080568720379
1790640768,580,10,steady,llama_p1024_o128,0,0.0
1790640768,580,10,steady,llama_p2048_o64,0,0.0
1790640769,581,10,steady,resnet50_image,176.963,109.74604911579873
1790640769,581,10,steady,vgg16_image,468.144,444.6504672897196
1790640769,581,10,steady,vit_base_image,89.405,73.56037151702786
1790640769,581,10,steady,gpt2_p64_o64,1.456,0.232258064516129
1790640769,581,10,steady,gpt2_p512_o512,0.18,0.0853080568720379
1790640769,581,10,steady,llama_p1024_o128,0,0.0
1790640769,581,10,steady,llama_p2048_o64,0,0.0
1790640770,582,10,steady,resnet50_image,176.963,109.74604911579873
1790640770,582,10,steady,vgg16_image,468.144,444.6504672897196
1790640770,582,10,steady,vit_base_image,89.405,73.56037151702786
1790640770,582,10,steady,gpt2_p64_o64,1.456,0.232258064516129
1790640770,582,10,steady,gpt2_p512_o512,0.18,0.0853080568720379
1790640770,582,10,steady,llama_p1024_o128,0,0.0
1790640770,582,10,steady,llama_p2048_o64,0,0.0
1790640771,583,10,steady,resnet50_image,176.963,109.74604911579873
1790640771,583,10,steady,vgg16_image,468.144,444.6504672897196
1790640771,583,10,steady,vit_base_image,89.405,73.56037151702786
1790640771,583,10,steady,gpt2_p64_o64,1.456,0.232258064516129
1790640771,583,10,steady,gpt2_p512_o512,0.18,0.0853080568720379
1790640771,583,10,steady,llama_p1024_o128,0,0.0
1790640771,583,10,steady,llama_p2048_o64,0,0.0
1790640772,584,10,steady,resnet50_image,176.963,109.74604911579873
1790640772,584,10,steady,vgg16_image,468.144,444.6504672897196
1790640772,584,10,steady,vit_base_image,89.405,73.56037151702786
1790640772,584,10,steady,gpt2_p64_o64,1.456,0.232258064516129
1790640772,584,10,steady,gpt2_p512_o512,0.18,0.0853080568720379
1790640772,584,10,steady,llama_p1024_o128,0,0.0
1790640772,584,10,steady,llama_p2048_o64,0,0.0
1790640773,585,10,steady,resnet50_image,176.963,109.74604911579873
1790640773,585,10,steady,vgg16_image,468.144,444.6504672897196
1790640773,585,10,steady,vit_base_image,89.405,73.56037151702786
1790640773,585,10,steady,gpt2_p64_o64,1.456,0.232258064516129
1790640773,585,10,steady,gpt2_p512_o512,0.18,0.0853080568720379
1790640773,585,10,steady,llama_p1024_o128,0,0.0
1790640773,585,10,steady,llama_p2048_o64,0,0.0
1790640774,586,10,steady,resnet50_image,176.963,109.74604911579873
1790640774,586,10,steady,vgg16_image,468.144,444.6504672897196
1790640774,586,10,steady,vit_base_image,89.405,73.56037151702786
1790640774,586,10,steady,gpt2_p64_o64,1.456,0.232258064516129
1790640774,586,10,steady,gpt2_p512_o512,0.18,0.0853080568720379
1790640774,586,10,steady,llama_p1024_o128,0,0.0
1790640774,586,10,steady,llama_p2048_o64,0,0.0
1790640775,587,10,steady,resnet50_image,176.963,109.74604911579873
1790640775,587,10,steady,vgg16_image,468.144,444.6504672897196
1790640775,587,10,steady,vit_base_image,89.405,73.56037151702786
1790640775,587,10,steady,gpt2_p64_o64,1.456,0.232258064516129
1790640775,587,10,steady,gpt2_p512_o512,0.18,0.0853080568720379
1790640775,587,10,steady,llama_p1024_o128,0,0.0
1790640775,587,10,steady,llama_p2048_o64,0,0.0
1790640776,588,10,steady,resnet50_image,176.963,109.74604911579873
1790640776,588,10,steady,vgg16_image,468.144,444.6504672897196
1790640776,588,10,steady,vit_base_image,89.405,73.56037151702786
1790640776,588,10,steady,gpt2_p64_o64,1.456,0.232258064516129
1790640776,588,10,steady,gpt2_p512_o512,0.18,0.0853080568720379
1790640776,588,10,steady,llama_p1024_o128,0,0.0
1790640776,588,10,steady,llama_p2048_o64,0,0.0
1790640777,589,10,steady,resnet50_image,176.963,109.74604911579873
1790640777,589,10,steady,vgg16_image,468.144,444.6504672897196
1790640777,589,10,steady,vit_base_image,89.405,73.56037151702786
1790640777,589,10,steady,gpt2_p64_o64,1.456,0.232258064516129
1790640777,589,10,steady,gpt2_p512_o512,0.18,0.0853080568720379
1790640777,589,10,steady,llama_p1024_o128,0,0.0
1790640777,589,10,steady,llama_p2048_o64,0,0.0
1790640778,590,,,resnet50_image,176.963,
1790640778,590,,,vgg16_image,468.144,
1790640778,590,,,vit_base_image,89.405,
1790640778,590,,,gpt2_p64_o64,1.456,
1790640778,590,,,gpt2_p512_o512,0.18,
1790640778,590,,,llama_p1024_o128,0,
1790640778,590,,,llama_p2048_o64,0,
1790640779,591,,,resnet50_image,176.963,
1790640779,591,,,vgg16_image,468.144,
1790640779,591,,,vit_base_image,89.405,
1790640779,591,,,gpt2_p64_o64,1.456,
1790640779,591,,,gpt2_p512_o512,0.18,
1790640779,591,,,llama_p1024_o128,0,
1790640779,591,,,llama_p2048_o64,0,
1790640780,592,,,resnet50_image,176.963,
1790640780,592,,,vgg16_image,468.144,
1790640780,592,,,vit_base_image,89.405,
1790640780,592,,,gpt2_p64_o64,1.456,
1790640780,592,,,gpt2_p512_o512,0.18,
1790640780,592,,,llama_p1024_o128,0,
1790640780,592,,,llama_p2048_o64,0,
1790640781,593,,,resnet50_image,176.963,
1790640781,593,,,vgg16_image,468.144,
1790640781,593,,,vit_base_image,89.405,
1790640781,593,,,gpt2_p64_o64,1.456,
1790640781,593,,,gpt2_p512_o512,0.18,
1790640781,593,,,llama_p1024_o128,0,
1790640781,593,,,llama_p2048_o64,0,
1790640782,594,,,resnet50_image,176.963,
1790640782,594,,,vgg16_image,468.144,
1790640782,594,,,vit_base_image,89.405,
1790640782,594,,,gpt2_p64_o64,1.456,
1790640782,594,,,gpt2_p512_o512,0.18,
1790640782,594,,,llama_p1024_o128,0,
1790640782,594,,,llama_p2048_o64,0,
1790640783,595,,,resnet50_image,176.963,
1790640783,595,,,vgg16_image,468.144,
1790640783,595,,,vit_base_image,89.405,
1790640783,595,,,gpt2_p64_o64,1.456,
1790640783,595,,,gpt2_p512_o512,0.18,
1790640783,595,,,llama_p1024_o128,0,
1790640783,595,,,llama_p2048_o64,0,
1790640784,596,,,resnet50_image,176.963,
1790640784,596,,,vgg16_image,468.144,
1790640784,596,,,vit_base_image,89.405,
1790640784,596,,,gpt2_p64_o64,1.456,
1790640784,596,,,gpt2_p512_o512,0.18,
1790640784,596,,,llama_p1024_o128,0,
1790640784,596,,,llama_p2048_o64,0,
1790640785,597,11,transition,resnet50_image,176.963,109.74604911579873
1790640785,597,11,transition,vgg16_image,468.144,400.5084112149533
1790640785,597,11,transition,vit_base_image,89.405,73.56037151702786
1790640785,597,11,transition,gpt2_p64_o64,1.456,0.0
1790640785,597,11,transition,gpt2_p512_o512,0.18,0.0
1790640785,597,11,transition,llama_p1024_o128,0,0.0
1790640785,597,11,transition,llama_p2048_o64,0,0.0
1790640786,598,11,transition,resnet50_image,176.963,109.74604911579873
1790640786,598,11,transition,vgg16_image,468.144,400.5084112149533
1790640786,598,11,transition,vit_base_image,89.405,73.56037151702786
1790640786,598,11,transition,gpt2_p64_o64,1.456,0.0
1790640786,598,11,transition,gpt2_p512_o512,0.18,0.0
1790640786,598,11,transition,llama_p1024_o128,0,0.0
1790640786,598,11,transition,llama_p2048_o64,0,0.0
1790640787,599,11,transition,resnet50_image,176.963,109.74604911579873
1790640787,599,11,transition,vgg16_image,468.144,400.5084112149533
1790640787,599,11,transition,vit_base_image,89.405,73.56037151702786
1790640787,599,11,transition,gpt2_p64_o64,1.456,0.0
1790640787,599,11,transition,gpt2_p512_o512,0.18,0.0
1790640787,599,11,transition,llama_p1024_o128,0,0.0
1790640787,599,11,transition,llama_p2048_o64,0,0.0
1790640788,600,11,transition,resnet50_image,176.963,109.74604911579873
1790640788,600,11,transition,vgg16_image,468.144,400.5084112149533
1790640788,600,11,transition,vit_base_image,89.405,73.56037151702786
1790640788,600,11,transition,gpt2_p64_o64,1.456,0.0
1790640788,600,11,transition,gpt2_p512_o512,0.18,0.0
1790640788,600,11,transition,llama_p1024_o128,0,0.0
1790640788,600,11,transition,llama_p2048_o64,0,0.0
1790640789,601,11,transition,resnet50_image,176.963,109.74604911579873
1790640789,601,11,transition,vgg16_image,468.144,400.5084112149533
1790640789,601,11,transition,vit_base_image,89.405,73.56037151702786
1790640789,601,11,transition,gpt2_p64_o64,1.456,0.0
1790640789,601,11,transition,gpt2_p512_o512,0.18,0.0
1790640789,601,11,transition,llama_p1024_o128,0,0.0
1790640789,601,11,transition,llama_p2048_o64,0,0.0
1790640790,602,11,transition,resnet50_image,176.963,109.74604911579873
1790640790,602,11,transition,vgg16_image,468.144,400.5084112149533
1790640790,602,11,transition,vit_base_image,89.405,73.56037151702786
1790640790,602,11,transition,gpt2_p64_o64,1.456,0.0
1790640790,602,11,transition,gpt2_p512_o512,0.18,0.0
1790640790,602,11,transition,llama_p1024_o128,0,0.0
1790640790,602,11,transition,llama_p2048_o64,0,0.0
1790640791,603,11,transition,resnet50_image,176.963,109.74604911579873
1790640791,603,11,transition,vgg16_image,468.144,400.5084112149533
1790640791,603,11,transition,vit_base_image,89.405,73.56037151702786
1790640791,603,11,transition,gpt2_p64_o64,1.456,0.0
1790640791,603,11,transition,gpt2_p512_o512,0.18,0.0
1790640791,603,11,transition,llama_p1024_o128,0,0.0
1790640791,603,11,transition,llama_p2048_o64,0,0.0
1790640792,604,11,transition,resnet50_image,176.963,109.74604911579873
1790640792,604,11,transition,vgg16_image,468.144,400.5084112149533
1790640792,604,11,transition,vit_base_image,89.405,73.56037151702786
1790640792,604,11,transition,gpt2_p64_o64,1.456,0.0
1790640792,604,11,transition,gpt2_p512_o512,0.18,0.0
1790640792,604,11,transition,llama_p1024_o128,0,0.0
1790640792,604,11,transition,llama_p2048_o64,0,0.0
1790640793,605,11,transition,resnet50_image,176.963,109.74604911579873
1790640793,605,11,transition,vgg16_image,468.144,400.5084112149533
1790640793,605,11,transition,vit_base_image,89.405,73.56037151702786
1790640793,605,11,transition,gpt2_p64_o64,1.456,0.0
1790640793,605,11,transition,gpt2_p512_o512,0.18,0.0
1790640793,605,11,transition,llama_p1024_o128,0,0.0
1790640793,605,11,transition,llama_p2048_o64,0,0.0
1790640794,606,11,transition,resnet50_image,176.963,109.74604911579873
1790640794,606,11,transition,vgg16_image,468.144,400.5084112149533
1790640794,606,11,transition,vit_base_image,89.405,73.56037151702786
1790640794,606,11,transition,gpt2_p64_o64,1.456,0.0
1790640794,606,11,transition,gpt2_p512_o512,0.18,0.0
1790640794,606,11,transition,llama_p1024_o128,0,0.0
1790640794,606,11,transition,llama_p2048_o64,0,0.0
1790640795,607,11,transition,resnet50_image,176.963,109.74604911579873
1790640795,607,11,transition,vgg16_image,468.144,400.5084112149533
1790640795,607,11,transition,vit_base_image,89.405,73.56037151702786
1790640795,607,11,transition,gpt2_p64_o64,1.456,0.0
1790640795,607,11,transition,gpt2_p512_o512,0.18,0.0
1790640795,607,11,transition,llama_p1024_o128,0,0.0
1790640795,607,11,transition,llama_p2048_o64,0,0.0
1790640796,608,11,transition,resnet50_image,176.963,109.74604911579873
1790640796,608,11,transition,vgg16_image,468.144,400.5084112149533
1790640796,608,11,transition,vit_base_image,89.405,73.56037151702786
1790640796,608,11,transition,gpt2_p64_o64,1.456,0.0
1790640796,608,11,transition,gpt2_p512_o512,0.18,0.0
1790640796,608,11,transition,llama_p1024_o128,0,0.0
1790640796,608,11,transition,llama_p2048_o64,0,0.0
1790640797,609,11,transition,resnet50_image,176.963,109.74604911579873
1790640797,609,11,transition,vgg16_image,468.144,400.5084112149533
1790640797,609,11,transition,vit_base_image,89.405,73.56037151702786
1790640797,609,11,transition,gpt2_p64_o64,1.456,0.0
1790640797,609,11,transition,gpt2_p512_o512,0.18,0.0
1790640797,609,11,transition,llama_p1024_o128,0,0.0
1790640797,609,11,transition,llama_p2048_o64,0,0.0
1790640798,610,11,transition,resnet50_image,176.963,109.74604911579873
1790640798,610,11,transition,vgg16_image,468.144,400.5084112149533
1790640798,610,11,transition,vit_base_image,89.405,73.56037151702786
1790640798,610,11,transition,gpt2_p64_o64,1.456,0.0
1790640798,610,11,transition,gpt2_p512_o512,0.18,0.0
1790640798,610,11,transition,llama_p1024_o128,0,0.0
1790640798,610,11,transition,llama_p2048_o64,0,0.0
1790640799,611,11,transition,resnet50_image,176.963,109.74604911579873
1790640799,611,11,transition,vgg16_image,468.144,400.5084112149533
1790640799,611,11,transition,vit_base_image,89.405,73.56037151702786
1790640799,611,11,transition,gpt2_p64_o64,1.456,0.0
1790640799,611,11,transition,gpt2_p512_o512,0.18,0.0
1790640799,611,11,transition,llama_p1024_o128,0,0.0
1790640799,611,11,transition,llama_p2048_o64,0,0.0
1790640800,612,11,transition,resnet50_image,176.963,109.74604911579873
1790640800,612,11,transition,vgg16_image,468.144,400.5084112149533
1790640800,612,11,transition,vit_base_image,89.405,73.56037151702786
1790640800,612,11,transition,gpt2_p64_o64,1.456,0.0
1790640800,612,11,transition,gpt2_p512_o512,0.18,0.0
1790640800,612,11,transition,llama_p1024_o128,0,0.0
1790640800,612,11,transition,llama_p2048_o64,0,0.0
1790640801,613,11,transition,resnet50_image,176.963,109.74604911579873
1790640801,613,11,transition,vgg16_image,468.144,400.5084112149533
1790640801,613,11,transition,vit_base_image,89.405,73.56037151702786
1790640801,613,11,transition,gpt2_p64_o64,1.456,0.0
1790640801,613,11,transition,gpt2_p512_o512,0.18,0.0
1790640801,613,11,transition,llama_p1024_o128,0,0.0
1790640801,613,11,transition,llama_p2048_o64,0,0.0
1790640802,614,11,transition,resnet50_image,176.963,109.74604911579873
1790640802,614,11,transition,vgg16_image,468.144,400.5084112149533
1790640802,614,11,transition,vit_base_image,89.405,73.56037151702786
1790640802,614,11,transition,gpt2_p64_o64,1.456,0.0
1790640802,614,11,transition,gpt2_p512_o512,0.18,0.0
1790640802,614,11,transition,llama_p1024_o128,0,0.0
1790640802,614,11,transition,llama_p2048_o64,0,0.0
1790640803,615,11,transition,resnet50_image,176.963,109.74604911579873
1790640803,615,11,transition,vgg16_image,468.144,400.5084112149533
1790640803,615,11,transition,vit_base_image,89.405,73.56037151702786
1790640803,615,11,transition,gpt2_p64_o64,1.456,0.0
1790640803,615,11,transition,gpt2_p512_o512,0.18,0.0
1790640803,615,11,transition,llama_p1024_o128,0,0.0
1790640803,615,11,transition,llama_p2048_o64,0,0.0
1790640804,616,11,transition,resnet50_image,176.963,109.74604911579873
1790640804,616,11,transition,vgg16_image,468.144,400.5084112149533
1790640804,616,11,transition,vit_base_image,89.405,73.56037151702786
1790640804,616,11,transition,gpt2_p64_o64,1.456,0.0
1790640804,616,11,transition,gpt2_p512_o512,0.18,0.0
1790640804,616,11,transition,llama_p1024_o128,0,0.0
1790640804,616,11,transition,llama_p2048_o64,0,0.0
1790640805,617,11,transition,resnet50_image,176.963,109.74604911579873
1790640805,617,11,transition,vgg16_image,468.144,400.5084112149533
1790640805,617,11,transition,vit_base_image,89.405,73.56037151702786
1790640805,617,11,transition,gpt2_p64_o64,1.456,0.0
1790640805,617,11,transition,gpt2_p512_o512,0.18,0.0
1790640805,617,11,transition,llama_p1024_o128,0,0.0
1790640805,617,11,transition,llama_p2048_o64,0,0.0
1790640806,618,11,transition,resnet50_image,176.963,109.74604911579873
1790640806,618,11,transition,vgg16_image,468.144,400.5084112149533
1790640806,618,11,transition,vit_base_image,89.405,73.56037151702786
1790640806,618,11,transition,gpt2_p64_o64,1.456,0.0
1790640806,618,11,transition,gpt2_p512_o512,0.18,0.0
1790640806,618,11,transition,llama_p1024_o128,0,0.0
1790640806,618,11,transition,llama_p2048_o64,0,0.0
1790640807,619,11,transition,resnet50_image,176.963,109.74604911579873
1790640807,619,11,transition,vgg16_image,468.144,400.5084112149533
1790640807,619,11,transition,vit_base_image,89.405,73.56037151702786
1790640807,619,11,transition,gpt2_p64_o64,1.456,0.0
1790640807,619,11,transition,gpt2_p512_o512,0.18,0.0
1790640807,619,11,transition,llama_p1024_o128,0,0.0
1790640807,619,11,transition,llama_p2048_o64,0,0.0
1790640808,620,11,transition,resnet50_image,176.963,109.74604911579873
1790640808,620,11,transition,vgg16_image,468.144,400.5084112149533
1790640808,620,11,transition,vit_base_image,89.405,73.56037151702786
1790640808,620,11,transition,gpt2_p64_o64,1.456,0.0
1790640808,620,11,transition,gpt2_p512_o512,0.18,0.0
1790640808,620,11,transition,llama_p1024_o128,0,0.0
1790640808,620,11,transition,llama_p2048_o64,0,0.0
1790640809,621,11,transition,resnet50_image,176.963,109.74604911579873
1790640809,621,11,transition,vgg16_image,468.144,400.5084112149533
1790640809,621,11,transition,vit_base_image,89.405,73.56037151702786
1790640809,621,11,transition,gpt2_p64_o64,1.456,0.0
1790640809,621,11,transition,gpt2_p512_o512,0.18,0.0
1790640809,621,11,transition,llama_p1024_o128,0,0.0
1790640809,621,11,transition,llama_p2048_o64,0,0.0
1790640810,622,11,transition,resnet50_image,176.963,109.74604911579873
1790640810,622,11,transition,vgg16_image,468.144,400.5084112149533
1790640810,622,11,transition,vit_base_image,89.405,73.56037151702786
1790640810,622,11,transition,gpt2_p64_o64,1.456,0.0
1790640810,622,11,transition,gpt2_p512_o512,0.18,0.0
1790640810,622,11,transition,llama_p1024_o128,0,0.0
1790640810,622,11,transition,llama_p2048_o64,0,0.0
1790640811,623,11,transition,resnet50_image,176.963,109.74604911579873
1790640811,623,11,transition,vgg16_image,468.144,400.5084112149533
1790640811,623,11,transition,vit_base_image,89.405,73.56037151702786
1790640811,623,11,transition,gpt2_p64_o64,1.456,0.0
1790640811,623,11,transition,gpt2_p512_o512,0.18,0.0
1790640811,623,11,transition,llama_p1024_o128,0,0.0
1790640811,623,11,transition,llama_p2048_o64,0,0.0
1790640812,624,11,transition,resnet50_image,176.963,109.74604911579873
1790640812,624,11,transition,vgg16_image,468.144,400.5084112149533
1790640812,624,11,transition,vit_base_image,89.405,73.56037151702786
1790640812,624,11,transition,gpt2_p64_o64,1.456,0.0
1790640812,624,11,transition,gpt2_p512_o512,0.18,0.0
1790640812,624,11,transition,llama_p1024_o128,0,0.0
1790640812,624,11,transition,llama_p2048_o64,0,0.0
1790640813,625,11,transition,resnet50_image,176.963,109.74604911579873
1790640813,625,11,transition,vgg16_image,468.144,400.5084112149533
1790640813,625,11,transition,vit_base_image,89.405,73.56037151702786
1790640813,625,11,transition,gpt2_p64_o64,1.456,0.0
1790640813,625,11,transition,gpt2_p512_o512,0.18,0.0
1790640813,625,11,transition,llama_p1024_o128,0,0.0
1790640813,625,11,transition,llama_p2048_o64,0,0.0
1790640814,626,11,transition,resnet50_image,176.963,109.74604911579873
1790640814,626,11,transition,vgg16_image,468.144,400.5084112149533
1790640814,626,11,transition,vit_base_image,89.405,73.56037151702786
1790640814,626,11,transition,gpt2_p64_o64,1.456,0.0
1790640814,626,11,transition,gpt2_p512_o512,0.18,0.0
1790640814,626,11,transition,llama_p1024_o128,0,0.0
1790640814,626,11,transition,llama_p2048_o64,0,0.0
1790640815,627,11,transition,resnet50_image,176.963,109.74604911579873
1790640815,627,11,transition,vgg16_image,468.144,400.5084112149533
1790640815,627,11,transition,vit_base_image,89.405,73.56037151702786
1790640815,627,11,transition,gpt2_p64_o64,1.456,0.0
1790640815,627,11,transition,gpt2_p512_o512,0.18,0.0
1790640815,627,11,transition,llama_p1024_o128,0,0.0
1790640815,627,11,transition,llama_p2048_o64,0,0.0
1790640816,628,11,transition,resnet50_image,176.963,109.74604911579873
1790640816,628,11,transition,vgg16_image,468.144,400.5084112149533
1790640816,628,11,transition,vit_base_image,89.405,73.56037151702786
1790640816,628,11,transition,gpt2_p64_o64,1.456,0.0
1790640816,628,11,transition,gpt2_p512_o512,0.18,0.0
1790640816,628,11,transition,llama_p1024_o128,0,0.0
1790640816,628,11,transition,llama_p2048_o64,0,0.0
1790640817,629,11,transition,resnet50_image,176.963,109.74604911579873
1790640817,629,11,transition,vgg16_image,468.144,400.5084112149533
1790640817,629,11,transition,vit_base_image,89.405,73.56037151702786
1790640817,629,11,transition,gpt2_p64_o64,1.456,0.0
1790640817,629,11,transition,gpt2_p512_o512,0.18,0.0
1790640817,629,11,transition,llama_p1024_o128,0,0.0
1790640817,629,11,transition,llama_p2048_o64,0,0.0
1790640818,630,11,transition,resnet50_image,176.963,109.74604911579873
1790640818,630,11,transition,vgg16_image,468.144,400.5084112149533
1790640818,630,11,transition,vit_base_image,89.405,73.56037151702786
1790640818,630,11,transition,gpt2_p64_o64,1.456,0.0
1790640818,630,11,transition,gpt2_p512_o512,0.18,0.0
1790640818,630,11,transition,llama_p1024_o128,0,0.0
1790640818,630,11,transition,llama_p2048_o64,0,0.0
1790640819,631,11,transition,resnet50_image,176.963,109.74604911579873
1790640819,631,11,transition,vgg16_image,468.144,400.5084112149533
1790640819,631,11,transition,vit_base_image,89.405,73.56037151702786
1790640819,631,11,transition,gpt2_p64_o64,1.456,0.0
1790640819,631,11,transition,gpt2_p512_o512,0.18,0.0
1790640819,631,11,transition,llama_p1024_o128,0,0.0
1790640819,631,11,transition,llama_p2048_o64,0,0.0
1790640820,632,11,transition,resnet50_image,176.963,109.74604911579873
1790640820,632,11,transition,vgg16_image,468.144,400.5084112149533
1790640820,632,11,transition,vit_base_image,89.405,73.56037151702786
1790640820,632,11,transition,gpt2_p64_o64,1.456,0.0
1790640820,632,11,transition,gpt2_p512_o512,0.18,0.0
1790640820,632,11,transition,llama_p1024_o128,0,0.0
1790640820,632,11,transition,llama_p2048_o64,0,0.0
1790640821,633,11,steady,resnet50_image,176.963,147.12836721576207
1790640821,633,11,steady,vgg16_image,468.144,400.5084112149533
1790640821,633,11,steady,vit_base_image,89.405,73.56037151702786
1790640821,633,11,steady,gpt2_p64_o64,1.456,0.0
1790640821,633,11,steady,gpt2_p512_o512,0.18,0.0
1790640821,633,11,steady,llama_p1024_o128,0,0.0
1790640821,633,11,steady,llama_p2048_o64,0.655,0.1795511221945137
1790640822,634,11,steady,resnet50_image,176.963,147.12836721576207
1790640822,634,11,steady,vgg16_image,468.144,400.5084112149533
1790640822,634,11,steady,vit_base_image,89.405,73.56037151702786
1790640822,634,11,steady,gpt2_p64_o64,1.456,0.0
1790640822,634,11,steady,gpt2_p512_o512,0.18,0.0
1790640822,634,11,steady,llama_p1024_o128,0,0.0
1790640822,634,11,steady,llama_p2048_o64,0.655,0.1795511221945137
1790640823,635,11,steady,resnet50_image,176.963,147.12836721576207
1790640823,635,11,steady,vgg16_image,468.144,400.5084112149533
1790640823,635,11,steady,vit_base_image,89.405,73.56037151702786
1790640823,635,11,steady,gpt2_p64_o64,1.456,0.0
1790640823,635,11,steady,gpt2_p512_o512,0.18,0.0
1790640823,635,11,steady,llama_p1024_o128,0,0.0
1790640823,635,11,steady,llama_p2048_o64,0.655,0.1795511221945137
1790640824,636,11,steady,resnet50_image,176.963,147.12836721576207
1790640824,636,11,steady,vgg16_image,468.144,400.5084112149533
1790640824,636,11,steady,vit_base_image,89.405,73.56037151702786
1790640824,636,11,steady,gpt2_p64_o64,1.456,0.0
1790640824,636,11,steady,gpt2_p512_o512,0.18,0.0
1790640824,636,11,steady,llama_p1024_o128,0,0.0
1790640824,636,11,steady,llama_p2048_o64,0.655,0.1795511221945137
1790640825,637,11,steady,resnet50_image,176.963,147.12836721576207
1790640825,637,11,steady,vgg16_image,468.144,400.5084112149533
1790640825,637,11,steady,vit_base_image,89.405,73.56037151702786
1790640825,637,11,steady,gpt2_p64_o64,1.456,0.0
1790640825,637,11,steady,gpt2_p512_o512,0.18,0.0
1790640825,637,11,steady,llama_p1024_o128,0,0.0
1790640825,637,11,steady,llama_p2048_o64,0.655,0.1795511221945137
1790640826,638,11,steady,resnet50_image,176.963,147.12836721576207
1790640826,638,11,steady,vgg16_image,468.144,400.5084112149533
1790640826,638,11,steady,vit_base_image,89.405,73.56037151702786
1790640826,638,11,steady,gpt2_p64_o64,1.456,0.0
1790640826,638,11,steady,gpt2_p512_o512,0.18,0.0
1790640826,638,11,steady,llama_p1024_o128,0,0.0
1790640826,638,11,steady,llama_p2048_o64,0.655,0.1795511221945137
1790640827,639,11,steady,resnet50_image,176.963,147.12836721576207
1790640827,639,11,steady,vgg16_image,468.144,400.5084112149533
1790640827,639,11,steady,vit_base_image,89.405,73.56037151702786
1790640827,639,11,steady,gpt2_p64_o64,1.456,0.0
1790640827,639,11,steady,gpt2_p512_o512,0.18,0.0
1790640827,639,11,steady,llama_p1024_o128,0,0.0
1790640827,639,11,steady,llama_p2048_o64,0.655,0.1795511221945137
1790640828,640,11,steady,resnet50_image,176.963,147.12836721576207
1790640828,640,11,steady,vgg16_image,468.144,400.5084112149533
1790640828,640,11,steady,vit_base_image,89.405,73.56037151702786
1790640828,640,11,steady,gpt2_p64_o64,1.456,0.0
1790640828,640,11,steady,gpt2_p512_o512,0.18,0.0
1790640828,640,11,steady,llama_p1024_o128,0,0.0
1790640828,640,11,steady,llama_p2048_o64,0.655,0.1795511221945137
1790640829,641,11,steady,resnet50_image,176.963,147.12836721576207
1790640829,641,11,steady,vgg16_image,468.144,400.5084112149533
1790640829,641,11,steady,vit_base_image,89.405,73.56037151702786
1790640829,641,11,steady,gpt2_p64_o64,1.456,0.0
1790640829,641,11,steady,gpt2_p512_o512,0.18,0.0
1790640829,641,11,steady,llama_p1024_o128,0,0.0
1790640829,641,11,steady,llama_p2048_o64,0.655,0.1795511221945137
1790640830,642,11,steady,resnet50_image,176.963,147.12836721576207
1790640830,642,11,steady,vgg16_image,468.144,400.5084112149533
1790640830,642,11,steady,vit_base_image,89.405,73.56037151702786
1790640830,642,11,steady,gpt2_p64_o64,1.456,0.0
1790640830,642,11,steady,gpt2_p512_o512,0.18,0.0
1790640830,642,11,steady,llama_p1024_o128,0,0.0
1790640830,642,11,steady,llama_p2048_o64,0.655,0.1795511221945137
1790640831,643,11,steady,resnet50_image,176.963,147.12836721576207
1790640831,643,11,steady,vgg16_image,468.144,400.5084112149533
1790640831,643,11,steady,vit_base_image,89.405,73.56037151702786
1790640831,643,11,steady,gpt2_p64_o64,1.456,0.0
1790640831,643,11,steady,gpt2_p512_o512,0.18,0.0
1790640831,643,11,steady,llama_p1024_o128,0,0.0
1790640831,643,11,steady,llama_p2048_o64,0.655,0.1795511221945137
1790640832,644,11,steady,resnet50_image,176.963,147.12836721576207
1790640832,644,11,steady,vgg16_image,468.144,400.5084112149533
1790640832,644,11,steady,vit_base_image,89.405,73.56037151702786
1790640832,644,11,steady,gpt2_p64_o64,1.456,0.0
1790640832,644,11,steady,gpt2_p512_o512,0.18,0.0
1790640832,644,11,steady,llama_p1024_o128,0,0.0
1790640832,644,11,steady,llama_p2048_o64,0.655,0.1795511221945137
1790640833,645,11,steady,resnet50_image,176.963,147.12836721576207
1790640833,645,11,steady,vgg16_image,468.144,400.5084112149533
1790640833,645,11,steady,vit_base_image,89.405,73.56037151702786
1790640833,645,11,steady,gpt2_p64_o64,1.456,0.0
1790640833,645,11,steady,gpt2_p512_o512,0.18,0.0
1790640833,645,11,steady,llama_p1024_o128,0,0.0
1790640833,645,11,steady,llama_p2048_o64,0.655,0.1795511221945137
1790640834,646,11,steady,resnet50_image,176.963,147.12836721576207
1790640834,646,11,steady,vgg16_image,468.144,400.5084112149533
1790640834,646,11,steady,vit_base_image,89.405,73.56037151702786
1790640834,646,11,steady,gpt2_p64_o64,1.456,0.0
1790640834,646,11,steady,gpt2_p512_o512,0.18,0.0
1790640834,646,11,steady,llama_p1024_o128,0,0.0
1790640834,646,11,steady,llama_p2048_o64,0.655,0.1795511221945137
1790640835,647,11,steady,resnet50_image,176.963,147.12836721576207
1790640835,647,11,steady,vgg16_image,468.144,400.5084112149533
1790640835,647,11,steady,vit_base_image,89.405,73.56037151702786
1790640835,647,11,steady,gpt2_p64_o64,1.456,0.0
1790640835,647,11,steady,gpt2_p512_o512,0.18,0.0
1790640835,647,11,steady,llama_p1024_o128,0,0.0
1790640835,647,11,steady,llama_p2048_o64,0.655,0.1795511221945137
1790640836,648,11,steady,resnet50_image,176.963,147.12836721576207
1790640836,648,11,steady,vgg16_image,468.144,400.5084112149533
1790640836,648,11,steady,vit_base_image,89.405,73.56037151702786
1790640836,648,11,steady,gpt2_p64_o64,1.456,0.0
1790640836,648,11,steady,gpt2_p512_o512,0.18,0.0
1790640836,648,11,steady,llama_p1024_o128,0,0.0
1790640836,648,11,steady,llama_p2048_o64,0.655,0.1795511221945137
1790640837,649,11,steady,resnet50_image,176.963,147.12836721576207
1790640837,649,11,steady,vgg16_image,468.144,400.5084112149533
1790640837,649,11,steady,vit_base_image,89.405,73.56037151702786
1790640837,649,11,steady,gpt2_p64_o64,1.456,0.0
1790640837,649,11,steady,gpt2_p512_o512,0.18,0.0
1790640837,649,11,steady,llama_p1024_o128,0,0.0
1790640837,649,11,steady,llama_p2048_o64,0.655,0.1795511221945137
1790640838,650,11,steady,resnet50_image,176.963,147.12836721576207
1790640838,650,11,steady,vgg16_image,468.144,400.5084112149533
1790640838,650,11,steady,vit_base_image,89.405,73.56037151702786
1790640838,650,11,steady,gpt2_p64_o64,1.456,0.0
1790640838,650,11,steady,gpt2_p512_o512,0.18,0.0
1790640838,650,11,steady,llama_p1024_o128,0,0.0
1790640838,650,11,steady,llama_p2048_o64,0.655,0.1795511221945137
1790640839,651,11,steady,resnet50_image,176.963,147.12836721576207
1790640839,651,11,steady,vgg16_image,468.144,400.5084112149533
1790640839,651,11,steady,vit_base_image,89.405,73.56037151702786
1790640839,651,11,steady,gpt2_p64_o64,1.456,0.0
1790640839,651,11,steady,gpt2_p512_o512,0.18,0.0
1790640839,651,11,steady,llama_p1024_o128,0,0.0
1790640839,651,11,steady,llama_p2048_o64,0.655,0.1795511221945137
1790640840,652,11,steady,resnet50_image,176.963,147.12836721576207
1790640840,652,11,steady,vgg16_image,468.144,400.5084112149533
1790640840,652,11,steady,vit_base_image,89.405,73.56037151702786
1790640840,652,11,steady,gpt2_p64_o64,1.456,0.0
1790640840,652,11,steady,gpt2_p512_o512,0.18,0.0
1790640840,652,11,steady,llama_p1024_o128,0,0.0
1790640840,652,11,steady,llama_p2048_o64,0.655,0.1795511221945137
1790640841,653,11,steady,resnet50_image,176.963,147.12836721576207
1790640841,653,11,steady,vgg16_image,468.144,400.5084112149533
1790640841,653,11,steady,vit_base_image,89.405,73.56037151702786
1790640841,653,11,steady,gpt2_p64_o64,1.456,0.0
1790640841,653,11,steady,gpt2_p512_o512,0.18,0.0
1790640841,653,11,steady,llama_p1024_o128,0,0.0
1790640841,653,11,steady,llama_p2048_o64,0.655,0.1795511221945137
1790640842,654,11,steady,resnet50_image,176.963,147.12836721576207
1790640842,654,11,steady,vgg16_image,468.144,400.5084112149533
1790640842,654,11,steady,vit_base_image,89.405,73.56037151702786
1790640842,654,11,steady,gpt2_p64_o64,1.456,0.0
1790640842,654,11,steady,gpt2_p512_o512,0.18,0.0
1790640842,654,11,steady,llama_p1024_o128,0,0.0
1790640842,654,11,steady,llama_p2048_o64,0.655,0.1795511221945137
1790640843,655,11,steady,resnet50_image,176.963,147.12836721576207
1790640843,655,11,steady,vgg16_image,468.144,400.5084112149533
1790640843,655,11,steady,vit_base_image,89.405,73.56037151702786
1790640843,655,11,steady,gpt2_p64_o64,1.456,0.0
1790640843,655,11,steady,gpt2_p512_o512,0.18,0.0
1790640843,655,11,steady,llama_p1024_o128,0,0.0
1790640843,655,11,steady,llama_p2048_o64,0.655,0.1795511221945137
1790640844,656,11,steady,resnet50_image,176.963,147.12836721576207
1790640844,656,11,steady,vgg16_image,468.144,400.5084112149533
1790640844,656,11,steady,vit_base_image,89.405,73.56037151702786
1790640844,656,11,steady,gpt2_p64_o64,1.456,0.0
1790640844,656,11,steady,gpt2_p512_o512,0.18,0.0
1790640844,656,11,steady,llama_p1024_o128,0,0.0
1790640844,656,11,steady,llama_p2048_o64,0.655,0.1795511221945137
1790640845,657,11,steady,resnet50_image,176.963,147.12836721576207
1790640845,657,11,steady,vgg16_image,468.144,400.5084112149533
1790640845,657,11,steady,vit_base_image,89.405,73.56037151702786
1790640845,657,11,steady,gpt2_p64_o64,1.456,0.0
1790640845,657,11,steady,gpt2_p512_o512,0.18,0.0
1790640845,657,11,steady,llama_p1024_o128,0,0.0
1790640845,657,11,steady,llama_p2048_o64,0.655,0.1795511221945137
1790640846,658,11,steady,resnet50_image,176.963,147.12836721576207
1790640846,658,11,steady,vgg16_image,468.144,400.5084112149533
1790640846,658,11,steady,vit_base_image,89.405,73.56037151702786
1790640846,658,11,steady,gpt2_p64_o64,1.456,0.0
1790640846,658,11,steady,gpt2_p512_o512,0.18,0.0
1790640846,658,11,steady,llama_p1024_o128,0,0.0
1790640846,658,11,steady,llama_p2048_o64,0.655,0.1795511221945137
1790640847,659,11,steady,resnet50_image,176.963,147.12836721576207
1790640847,659,11,steady,vgg16_image,468.144,400.5084112149533
1790640847,659,11,steady,vit_base_image,89.405,73.56037151702786
1790640847,659,11,steady,gpt2_p64_o64,1.456,0.0
1790640847,659,11,steady,gpt2_p512_o512,0.18,0.0
1790640847,659,11,steady,llama_p1024_o128,0,0.0
1790640847,659,11,steady,llama_p2048_o64,0.655,0.1795511221945137
1790640848,660,11,steady,resnet50_image,176.963,147.12836721576207
1790640848,660,11,steady,vgg16_image,468.144,400.5084112149533
1790640848,660,11,steady,vit_base_image,89.405,73.56037151702786
1790640848,660,11,steady,gpt2_p64_o64,1.456,0.0
1790640848,660,11,steady,gpt2_p512_o512,0.18,0.0
1790640848,660,11,steady,llama_p1024_o128,0,0.0
1790640848,660,11,steady,llama_p2048_o64,0.655,0.1795511221945137
1790640849,661,11,steady,resnet50_image,176.963,147.12836721576207
1790640849,661,11,steady,vgg16_image,468.144,400.5084112149533
1790640849,661,11,steady,vit_base_image,89.405,73.56037151702786
1790640849,661,11,steady,gpt2_p64_o64,1.456,0.0
1790640849,661,11,steady,gpt2_p512_o512,0.18,0.0
1790640849,661,11,steady,llama_p1024_o128,0,0.0
1790640849,661,11,steady,llama_p2048_o64,0.655,0.1795511221945137
1790640850,662,11,steady,resnet50_image,176.963,147.12836721576207
1790640850,662,11,steady,vgg16_image,468.144,400.5084112149533
1790640850,662,11,steady,vit_base_image,89.405,73.56037151702786
1790640850,662,11,steady,gpt2_p64_o64,1.456,0.0
1790640850,662,11,steady,gpt2_p512_o512,0.18,0.0
1790640850,662,11,steady,llama_p1024_o128,0,0.0
1790640850,662,11,steady,llama_p2048_o64,0.655,0.1795511221945137
1790640851,663,,,resnet50_image,176.963,
1790640851,663,,,vgg16_image,468.144,
1790640851,663,,,vit_base_image,89.405,
1790640851,663,,,gpt2_p64_o64,1.456,
1790640851,663,,,gpt2_p512_o512,0.18,
1790640851,663,,,llama_p1024_o128,0,
1790640851,663,,,llama_p2048_o64,0.655,
1790640852,664,,,resnet50_image,176.963,
1790640852,664,,,vgg16_image,468.144,
1790640852,664,,,vit_base_image,89.405,
1790640852,664,,,gpt2_p64_o64,1.456,
1790640852,664,,,gpt2_p512_o512,0.18,
1790640852,664,,,llama_p1024_o128,0,
1790640852,664,,,llama_p2048_o64,0.655,
1790640853,665,,,resnet50_image,176.963,
1790640853,665,,,vgg16_image,468.144,
1790640853,665,,,vit_base_image,89.405,
1790640853,665,,,gpt2_p64_o64,1.456,
1790640853,665,,,gpt2_p512_o512,0.18,
1790640853,665,,,llama_p1024_o128,0,
1790640853,665,,,llama_p2048_o64,0.655,
1790640854,666,,,resnet50_image,176.963,
1790640854,666,,,vgg16_image,468.144,
1790640854,666,,,vit_base_image,89.405,
1790640854,666,,,gpt2_p64_o64,1.456,
1790640854,666,,,gpt2_p512_o512,0.18,
1790640854,666,,,llama_p1024_o128,0,
1790640854,666,,,llama_p2048_o64,0.655,
1790640855,667,,,resnet50_image,176.963,
1790640855,667,,,vgg16_image,468.144,
1790640855,667,,,vit_base_image,89.405,
1790640855,667,,,gpt2_p64_o64,1.456,
1790640855,667,,,gpt2_p512_o512,0.18,
1790640855,667,,,llama_p1024_o128,0,
1790640855,667,,,llama_p2048_o64,0.655,
1790640856,668,,,resnet50_image,176.963,
1790640856,668,,,vgg16_image,468.144,
1790640856,668,,,vit_base_image,89.405,
1790640856,668,,,gpt2_p64_o64,1.456,
1790640856,668,,,gpt2_p512_o512,0.18,
1790640856,668,,,llama_p1024_o128,0,
1790640856,668,,,llama_p2048_o64,0.655,
1790640857,669,12,transition,resnet50_image,176.963,133.64290912567927
1790640857,669,12,transition,vgg16_image,468.144,400.5084112149533
1790640857,669,12,transition,vit_base_image,89.405,73.56037151702786
1790640857,669,12,transition,gpt2_p64_o64,1.456,0.0
1790640857,669,12,transition,gpt2_p512_o512,0.18,0.0
1790640857,669,12,transition,llama_p1024_o128,0,0.0
1790640857,669,12,transition,llama_p2048_o64,0.655,0.1795511221945137
1790640858,670,12,transition,resnet50_image,176.963,133.64290912567927
1790640858,670,12,transition,vgg16_image,468.144,400.5084112149533
1790640858,670,12,transition,vit_base_image,89.405,73.56037151702786
1790640858,670,12,transition,gpt2_p64_o64,1.456,0.0
1790640858,670,12,transition,gpt2_p512_o512,0.18,0.0
1790640858,670,12,transition,llama_p1024_o128,0,0.0
1790640858,670,12,transition,llama_p2048_o64,0.655,0.1795511221945137
1790640859,671,12,transition,resnet50_image,176.963,133.64290912567927
1790640859,671,12,transition,vgg16_image,468.144,400.5084112149533
1790640859,671,12,transition,vit_base_image,89.405,73.56037151702786
1790640859,671,12,transition,gpt2_p64_o64,1.456,0.0
1790640859,671,12,transition,gpt2_p512_o512,0.18,0.0
1790640859,671,12,transition,llama_p1024_o128,0,0.0
1790640859,671,12,transition,llama_p2048_o64,0.655,0.1795511221945137
1790640860,672,12,transition,resnet50_image,176.963,133.64290912567927
1790640860,672,12,transition,vgg16_image,468.144,400.5084112149533
1790640860,672,12,transition,vit_base_image,89.405,73.56037151702786
1790640860,672,12,transition,gpt2_p64_o64,1.456,0.0
1790640860,672,12,transition,gpt2_p512_o512,0.18,0.0
1790640860,672,12,transition,llama_p1024_o128,0,0.0
1790640860,672,12,transition,llama_p2048_o64,0.655,0.1795511221945137
1790640861,673,12,transition,resnet50_image,176.963,133.64290912567927
1790640861,673,12,transition,vgg16_image,468.144,400.5084112149533
1790640861,673,12,transition,vit_base_image,89.405,73.56037151702786
1790640861,673,12,transition,gpt2_p64_o64,1.456,0.0
1790640861,673,12,transition,gpt2_p512_o512,0.18,0.0
1790640861,673,12,transition,llama_p1024_o128,0,0.0
1790640861,673,12,transition,llama_p2048_o64,0.655,0.1795511221945137
1790640862,674,12,transition,resnet50_image,176.963,133.64290912567927
1790640862,674,12,transition,vgg16_image,468.144,400.5084112149533
1790640862,674,12,transition,vit_base_image,89.405,73.56037151702786
1790640862,674,12,transition,gpt2_p64_o64,1.456,0.0
1790640862,674,12,transition,gpt2_p512_o512,0.18,0.0
1790640862,674,12,transition,llama_p1024_o128,0,0.0
1790640862,674,12,transition,llama_p2048_o64,0.655,0.1795511221945137
1790640863,675,12,transition,resnet50_image,176.963,133.64290912567927
1790640863,675,12,transition,vgg16_image,468.144,400.5084112149533
1790640863,675,12,transition,vit_base_image,89.405,73.56037151702786
1790640863,675,12,transition,gpt2_p64_o64,1.456,0.0
1790640863,675,12,transition,gpt2_p512_o512,0.18,0.0
1790640863,675,12,transition,llama_p1024_o128,0,0.0
1790640863,675,12,transition,llama_p2048_o64,0.655,0.1795511221945137
1790640864,676,12,transition,resnet50_image,176.963,133.64290912567927
1790640864,676,12,transition,vgg16_image,468.144,400.5084112149533
1790640864,676,12,transition,vit_base_image,89.405,73.56037151702786
1790640864,676,12,transition,gpt2_p64_o64,1.456,0.0
1790640864,676,12,transition,gpt2_p512_o512,0.18,0.0
1790640864,676,12,transition,llama_p1024_o128,0,0.0
1790640864,676,12,transition,llama_p2048_o64,0.655,0.1795511221945137
1790640865,677,12,transition,resnet50_image,176.963,133.64290912567927
1790640865,677,12,transition,vgg16_image,468.144,400.5084112149533
1790640865,677,12,transition,vit_base_image,89.405,73.56037151702786
1790640865,677,12,transition,gpt2_p64_o64,1.456,0.0
1790640865,677,12,transition,gpt2_p512_o512,0.18,0.0
1790640865,677,12,transition,llama_p1024_o128,0,0.0
1790640865,677,12,transition,llama_p2048_o64,0.655,0.1795511221945137
1790640866,678,12,transition,resnet50_image,176.963,133.64290912567927
1790640866,678,12,transition,vgg16_image,468.144,400.5084112149533
1790640866,678,12,transition,vit_base_image,89.405,73.56037151702786
1790640866,678,12,transition,gpt2_p64_o64,0,0.0
1790640866,678,12,transition,gpt2_p512_o512,0,0.0
1790640866,678,12,transition,llama_p1024_o128,0,0.0
1790640866,678,12,transition,llama_p2048_o64,0.655,0.1795511221945137
1790640867,679,12,transition,resnet50_image,176.963,133.64290912567927
1790640867,679,12,transition,vgg16_image,468.144,400.5084112149533
1790640867,679,12,transition,vit_base_image,89.405,73.56037151702786
1790640867,679,12,transition,gpt2_p64_o64,0,0.0
1790640867,679,12,transition,gpt2_p512_o512,0,0.0
1790640867,679,12,transition,llama_p1024_o128,0,0.0
1790640867,679,12,transition,llama_p2048_o64,0.655,0.1795511221945137
1790640868,680,12,transition,resnet50_image,176.963,133.64290912567927
1790640868,680,12,transition,vgg16_image,468.144,400.5084112149533
1790640868,680,12,transition,vit_base_image,89.405,73.56037151702786
1790640868,680,12,transition,gpt2_p64_o64,0,0.0
1790640868,680,12,transition,gpt2_p512_o512,0,0.0
1790640868,680,12,transition,llama_p1024_o128,0,0.0
1790640868,680,12,transition,llama_p2048_o64,0.655,0.1795511221945137
1790640869,681,12,transition,resnet50_image,176.963,133.64290912567927
1790640869,681,12,transition,vgg16_image,468.144,400.5084112149533
1790640869,681,12,transition,vit_base_image,89.405,73.56037151702786
1790640869,681,12,transition,gpt2_p64_o64,0,0.0
1790640869,681,12,transition,gpt2_p512_o512,0,0.0
1790640869,681,12,transition,llama_p1024_o128,0,0.0
1790640869,681,12,transition,llama_p2048_o64,0.655,0.1795511221945137
1790640870,682,12,transition,resnet50_image,176.963,133.64290912567927
1790640870,682,12,transition,vgg16_image,468.144,400.5084112149533
1790640870,682,12,transition,vit_base_image,89.405,73.56037151702786
1790640870,682,12,transition,gpt2_p64_o64,0,0.0
1790640870,682,12,transition,gpt2_p512_o512,0,0.0
1790640870,682,12,transition,llama_p1024_o128,0,0.0
1790640870,682,12,transition,llama_p2048_o64,0.655,0.1795511221945137
1790640871,683,12,transition,resnet50_image,176.963,133.64290912567927
1790640871,683,12,transition,vgg16_image,468.144,400.5084112149533
1790640871,683,12,transition,vit_base_image,89.405,73.56037151702786
1790640871,683,12,transition,gpt2_p64_o64,0,0.0
1790640871,683,12,transition,gpt2_p512_o512,0,0.0
1790640871,683,12,transition,llama_p1024_o128,0,0.0
1790640871,683,12,transition,llama_p2048_o64,0.655,0.1795511221945137
1790640872,684,12,transition,resnet50_image,176.963,133.64290912567927
1790640872,684,12,transition,vgg16_image,468.144,400.5084112149533
1790640872,684,12,transition,vit_base_image,89.405,73.56037151702786
1790640872,684,12,transition,gpt2_p64_o64,0,0.0
1790640872,684,12,transition,gpt2_p512_o512,0,0.0
1790640872,684,12,transition,llama_p1024_o128,0,0.0
1790640872,684,12,transition,llama_p2048_o64,0.655,0.1795511221945137
1790640873,685,12,transition,resnet50_image,176.963,133.64290912567927
1790640873,685,12,transition,vgg16_image,468.144,400.5084112149533
1790640873,685,12,transition,vit_base_image,89.405,73.56037151702786
1790640873,685,12,transition,gpt2_p64_o64,0,0.0
1790640873,685,12,transition,gpt2_p512_o512,0,0.0
1790640873,685,12,transition,llama_p1024_o128,0,0.0
1790640873,685,12,transition,llama_p2048_o64,0.655,0.1795511221945137
1790640874,686,12,transition,resnet50_image,176.963,133.64290912567927
1790640874,686,12,transition,vgg16_image,468.144,400.5084112149533
1790640874,686,12,transition,vit_base_image,89.405,73.56037151702786
1790640874,686,12,transition,gpt2_p64_o64,0,0.0
1790640874,686,12,transition,gpt2_p512_o512,0,0.0
1790640874,686,12,transition,llama_p1024_o128,0,0.0
1790640874,686,12,transition,llama_p2048_o64,0.655,0.1795511221945137
1790640875,687,12,transition,resnet50_image,176.963,133.64290912567927
1790640875,687,12,transition,vgg16_image,468.144,400.5084112149533
1790640875,687,12,transition,vit_base_image,89.405,73.56037151702786
1790640875,687,12,transition,gpt2_p64_o64,0,0.0
1790640875,687,12,transition,gpt2_p512_o512,0,0.0
1790640875,687,12,transition,llama_p1024_o128,0,0.0
1790640875,687,12,transition,llama_p2048_o64,0.655,0.1795511221945137
1790640876,688,12,transition,resnet50_image,176.963,133.64290912567927
1790640876,688,12,transition,vgg16_image,468.144,400.5084112149533
1790640876,688,12,transition,vit_base_image,89.405,73.56037151702786
1790640876,688,12,transition,gpt2_p64_o64,0,0.0
1790640876,688,12,transition,gpt2_p512_o512,0,0.0
1790640876,688,12,transition,llama_p1024_o128,0,0.0
1790640876,688,12,transition,llama_p2048_o64,0.655,0.1795511221945137
1790640877,689,12,transition,resnet50_image,176.963,133.64290912567927
1790640877,689,12,transition,vgg16_image,468.144,400.5084112149533
1790640877,689,12,transition,vit_base_image,89.405,73.56037151702786
1790640877,689,12,transition,gpt2_p64_o64,0,0.0
1790640877,689,12,transition,gpt2_p512_o512,0,0.0
1790640877,689,12,transition,llama_p1024_o128,0,0.0
1790640877,689,12,transition,llama_p2048_o64,0.655,0.1795511221945137
1790640878,690,12,transition,resnet50_image,176.963,133.64290912567927
1790640878,690,12,transition,vgg16_image,468.144,400.5084112149533
1790640878,690,12,transition,vit_base_image,89.405,73.56037151702786
1790640878,690,12,transition,gpt2_p64_o64,0,0.0
1790640878,690,12,transition,gpt2_p512_o512,0,0.0
1790640878,690,12,transition,llama_p1024_o128,0,0.0
1790640878,690,12,transition,llama_p2048_o64,0.655,0.1795511221945137
1790640879,691,12,transition,resnet50_image,176.963,133.64290912567927
1790640879,691,12,transition,vgg16_image,468.144,400.5084112149533
1790640879,691,12,transition,vit_base_image,89.405,73.56037151702786
1790640879,691,12,transition,gpt2_p64_o64,0,0.0
1790640879,691,12,transition,gpt2_p512_o512,0,0.0
1790640879,691,12,transition,llama_p1024_o128,0,0.0
1790640879,691,12,transition,llama_p2048_o64,0.655,0.1795511221945137
1790640880,692,12,transition,resnet50_image,176.963,133.64290912567927
1790640880,692,12,transition,vgg16_image,468.144,400.5084112149533
1790640880,692,12,transition,vit_base_image,89.405,73.56037151702786
1790640880,692,12,transition,gpt2_p64_o64,0,0.0
1790640880,692,12,transition,gpt2_p512_o512,0,0.0
1790640880,692,12,transition,llama_p1024_o128,0,0.0
1790640880,692,12,transition,llama_p2048_o64,0.655,0.1795511221945137
1790640881,693,12,transition,resnet50_image,176.963,133.64290912567927
1790640881,693,12,transition,vgg16_image,468.144,400.5084112149533
1790640881,693,12,transition,vit_base_image,89.405,73.56037151702786
1790640881,693,12,transition,gpt2_p64_o64,0,0.0
1790640881,693,12,transition,gpt2_p512_o512,0,0.0
1790640881,693,12,transition,llama_p1024_o128,0,0.0
1790640881,693,12,transition,llama_p2048_o64,0.655,0.1795511221945137
1790640882,694,12,transition,resnet50_image,176.963,133.64290912567927
1790640882,694,12,transition,vgg16_image,468.144,400.5084112149533
1790640882,694,12,transition,vit_base_image,89.405,73.56037151702786
1790640882,694,12,transition,gpt2_p64_o64,0,0.0
1790640882,694,12,transition,gpt2_p512_o512,0,0.0
1790640882,694,12,transition,llama_p1024_o128,0,0.0
1790640882,694,12,transition,llama_p2048_o64,0.655,0.1795511221945137
1790640883,695,12,transition,resnet50_image,176.963,133.64290912567927
1790640883,695,12,transition,vgg16_image,468.144,400.5084112149533
1790640883,695,12,transition,vit_base_image,89.405,73.56037151702786
1790640883,695,12,transition,gpt2_p64_o64,0,0.0
1790640883,695,12,transition,gpt2_p512_o512,0,0.0
1790640883,695,12,transition,llama_p1024_o128,0,0.0
1790640883,695,12,transition,llama_p2048_o64,0.655,0.1795511221945137
1790640884,696,12,transition,resnet50_image,176.963,133.64290912567927
1790640884,696,12,transition,vgg16_image,468.144,400.5084112149533
1790640884,696,12,transition,vit_base_image,89.405,73.56037151702786
1790640884,696,12,transition,gpt2_p64_o64,0,0.0
1790640884,696,12,transition,gpt2_p512_o512,0,0.0
1790640884,696,12,transition,llama_p1024_o128,0,0.0
1790640884,696,12,transition,llama_p2048_o64,0.655,0.1795511221945137
1790640885,697,12,transition,resnet50_image,176.963,133.64290912567927
1790640885,697,12,transition,vgg16_image,468.144,400.5084112149533
1790640885,697,12,transition,vit_base_image,89.405,73.56037151702786
1790640885,697,12,transition,gpt2_p64_o64,0,0.0
1790640885,697,12,transition,gpt2_p512_o512,0,0.0
1790640885,697,12,transition,llama_p1024_o128,0,0.0
1790640885,697,12,transition,llama_p2048_o64,0.655,0.1795511221945137
1790640886,698,12,transition,resnet50_image,176.963,133.64290912567927
1790640886,698,12,transition,vgg16_image,468.144,400.5084112149533
1790640886,698,12,transition,vit_base_image,89.405,73.56037151702786
1790640886,698,12,transition,gpt2_p64_o64,0,0.0
1790640886,698,12,transition,gpt2_p512_o512,0,0.0
1790640886,698,12,transition,llama_p1024_o128,0,0.0
1790640886,698,12,transition,llama_p2048_o64,0.655,0.1795511221945137
1790640887,699,12,transition,resnet50_image,176.963,133.64290912567927
1790640887,699,12,transition,vgg16_image,468.144,400.5084112149533
1790640887,699,12,transition,vit_base_image,89.405,73.56037151702786
1790640887,699,12,transition,gpt2_p64_o64,0,0.0
1790640887,699,12,transition,gpt2_p512_o512,0.18,0.0
1790640887,699,12,transition,llama_p1024_o128,0,0.0
1790640887,699,12,transition,llama_p2048_o64,0.655,0.1795511221945137
1790640888,700,12,transition,resnet50_image,176.963,133.64290912567927
1790640888,700,12,transition,vgg16_image,468.144,400.5084112149533
1790640888,700,12,transition,vit_base_image,89.405,73.56037151702786
1790640888,700,12,transition,gpt2_p64_o64,0,0.0
1790640888,700,12,transition,gpt2_p512_o512,0.18,0.0
1790640888,700,12,transition,llama_p1024_o128,0,0.0
1790640888,700,12,transition,llama_p2048_o64,0.655,0.1795511221945137
1790640889,701,12,transition,resnet50_image,176.963,133.64290912567927
1790640889,701,12,transition,vgg16_image,468.144,400.5084112149533
1790640889,701,12,transition,vit_base_image,89.405,73.56037151702786
1790640889,701,12,transition,gpt2_p64_o64,0,0.0
1790640889,701,12,transition,gpt2_p512_o512,0.18,0.0
1790640889,701,12,transition,llama_p1024_o128,0,0.0
1790640889,701,12,transition,llama_p2048_o64,0.655,0.1795511221945137
1790640890,702,12,transition,resnet50_image,176.963,133.64290912567927
1790640890,702,12,transition,vgg16_image,468.144,400.5084112149533
1790640890,702,12,transition,vit_base_image,89.405,73.56037151702786
1790640890,702,12,transition,gpt2_p64_o64,0,0.0
1790640890,702,12,transition,gpt2_p512_o512,0.18,0.0
1790640890,702,12,transition,llama_p1024_o128,0,0.0
1790640890,702,12,transition,llama_p2048_o64,0.655,0.1795511221945137
1790640891,703,12,transition,resnet50_image,176.963,133.64290912567927
1790640891,703,12,transition,vgg16_image,468.144,400.5084112149533
1790640891,703,12,transition,vit_base_image,89.405,73.56037151702786
1790640891,703,12,transition,gpt2_p64_o64,0,0.0
1790640891,703,12,transition,gpt2_p512_o512,0.18,0.0
1790640891,703,12,transition,llama_p1024_o128,0,0.0
1790640891,703,12,transition,llama_p2048_o64,0.655,0.1795511221945137
1790640892,704,12,transition,resnet50_image,176.963,133.64290912567927
1790640892,704,12,transition,vgg16_image,468.144,400.5084112149533
1790640892,704,12,transition,vit_base_image,89.405,73.56037151702786
1790640892,704,12,transition,gpt2_p64_o64,0,0.0
1790640892,704,12,transition,gpt2_p512_o512,0.18,0.0
1790640892,704,12,transition,llama_p1024_o128,0.263,0.0
1790640892,704,12,transition,llama_p2048_o64,0.655,0.1795511221945137
1790640893,705,12,transition,resnet50_image,176.963,133.64290912567927
1790640893,705,12,transition,vgg16_image,468.144,400.5084112149533
1790640893,705,12,transition,vit_base_image,89.405,73.56037151702786
1790640893,705,12,transition,gpt2_p64_o64,0,0.0
1790640893,705,12,transition,gpt2_p512_o512,0.18,0.0
1790640893,705,12,transition,llama_p1024_o128,0.621,0.0
1790640893,705,12,transition,llama_p2048_o64,0.655,0.1795511221945137
1790640894,706,12,transition,resnet50_image,176.963,133.64290912567927
1790640894,706,12,transition,vgg16_image,468.144,400.5084112149533
1790640894,706,12,transition,vit_base_image,89.405,73.56037151702786
1790640894,706,12,transition,gpt2_p64_o64,0,0.0
1790640894,706,12,transition,gpt2_p512_o512,0.18,0.0
1790640894,706,12,transition,llama_p1024_o128,0.621,0.0
1790640894,706,12,transition,llama_p2048_o64,0.655,0.1795511221945137
1790640895,707,12,steady,resnet50_image,176.963,133.64290912567927
1790640895,707,12,steady,vgg16_image,468.144,460.08224299065415
1790640895,707,12,steady,vit_base_image,89.405,73.56037151702786
1790640895,707,12,steady,gpt2_p64_o64,0,0.0
1790640895,707,12,steady,gpt2_p512_o512,0.18,0.0
1790640895,707,12,steady,llama_p1024_o128,0.621,0.5975103734439834
1790640895,707,12,steady,llama_p2048_o64,0.655,0.1795511221945137
1790640896,708,12,steady,resnet50_image,176.963,133.64290912567927
1790640896,708,12,steady,vgg16_image,468.144,460.08224299065415
1790640896,708,12,steady,vit_base_image,89.405,73.56037151702786
1790640896,708,12,steady,gpt2_p64_o64,0,0.0
1790640896,708,12,steady,gpt2_p512_o512,0.18,0.0
1790640896,708,12,steady,llama_p1024_o128,0.621,0.5975103734439834
1790640896,708,12,steady,llama_p2048_o64,0.655,0.1795511221945137
1790640897,709,12,steady,resnet50_image,176.963,133.64290912567927
1790640897,709,12,steady,vgg16_image,468.144,460.08224299065415
1790640897,709,12,steady,vit_base_image,89.405,73.56037151702786
1790640897,709,12,steady,gpt2_p64_o64,0,0.0
1790640897,709,12,steady,gpt2_p512_o512,0.18,0.0
1790640897,709,12,steady,llama_p1024_o128,0.621,0.5975103734439834
1790640897,709,12,steady,llama_p2048_o64,0.655,0.1795511221945137
1790640898,710,12,steady,resnet50_image,176.963,133.64290912567927
1790640898,710,12,steady,vgg16_image,468.144,460.08224299065415
1790640898,710,12,steady,vit_base_image,89.405,73.56037151702786
1790640898,710,12,steady,gpt2_p64_o64,0,0.0
1790640898,710,12,steady,gpt2_p512_o512,0.18,0.0
1790640898,710,12,steady,llama_p1024_o128,0.621,0.5975103734439834
1790640898,710,12,steady,llama_p2048_o64,0.655,0.1795511221945137
1790640899,711,12,steady,resnet50_image,176.963,133.64290912567927
1790640899,711,12,steady,vgg16_image,468.144,460.08224299065415
1790640899,711,12,steady,vit_base_image,89.405,73.56037151702786
1790640899,711,12,steady,gpt2_p64_o64,0,0.0
1790640899,711,12,steady,gpt2_p512_o512,0.18,0.0
1790640899,711,12,steady,llama_p1024_o128,0.621,0.5975103734439834
1790640899,711,12,steady,llama_p2048_o64,0.655,0.1795511221945137
1790640900,712,12,steady,resnet50_image,176.963,133.64290912567927
1790640900,712,12,steady,vgg16_image,468.144,460.08224299065415
1790640900,712,12,steady,vit_base_image,89.405,73.56037151702786
1790640900,712,12,steady,gpt2_p64_o64,0,0.0
1790640900,712,12,steady,gpt2_p512_o512,0.18,0.0
1790640900,712,12,steady,llama_p1024_o128,0.621,0.5975103734439834
1790640900,712,12,steady,llama_p2048_o64,0.655,0.1795511221945137
1790640901,713,12,steady,resnet50_image,176.963,133.64290912567927
1790640901,713,12,steady,vgg16_image,468.144,460.08224299065415
1790640901,713,12,steady,vit_base_image,89.405,73.56037151702786
1790640901,713,12,steady,gpt2_p64_o64,0,0.0
1790640901,713,12,steady,gpt2_p512_o512,0.18,0.0
1790640901,713,12,steady,llama_p1024_o128,0.621,0.5975103734439834
1790640901,713,12,steady,llama_p2048_o64,0.655,0.1795511221945137
1790640902,714,12,steady,resnet50_image,176.963,133.64290912567927
1790640902,714,12,steady,vgg16_image,468.144,460.08224299065415
1790640902,714,12,steady,vit_base_image,89.405,73.56037151702786
1790640902,714,12,steady,gpt2_p64_o64,0,0.0
1790640902,714,12,steady,gpt2_p512_o512,0.18,0.0
1790640902,714,12,steady,llama_p1024_o128,0.621,0.5975103734439834
1790640902,714,12,steady,llama_p2048_o64,0.655,0.1795511221945137
1790640903,715,12,steady,resnet50_image,176.963,133.64290912567927
1790640903,715,12,steady,vgg16_image,468.144,460.08224299065415
1790640903,715,12,steady,vit_base_image,89.405,73.56037151702786
1790640903,715,12,steady,gpt2_p64_o64,0,0.0
1790640903,715,12,steady,gpt2_p512_o512,0.18,0.0
1790640903,715,12,steady,llama_p1024_o128,0.621,0.5975103734439834
1790640903,715,12,steady,llama_p2048_o64,0.655,0.1795511221945137
1790640904,716,12,steady,resnet50_image,176.963,133.64290912567927
1790640904,716,12,steady,vgg16_image,468.144,460.08224299065415
1790640904,716,12,steady,vit_base_image,89.405,73.56037151702786
1790640904,716,12,steady,gpt2_p64_o64,0,0.0
1790640904,716,12,steady,gpt2_p512_o512,0.18,0.0
1790640904,716,12,steady,llama_p1024_o128,0.621,0.5975103734439834
1790640904,716,12,steady,llama_p2048_o64,0.655,0.1795511221945137
1790640905,717,12,steady,resnet50_image,176.963,133.64290912567927
1790640905,717,12,steady,vgg16_image,468.144,460.08224299065415
1790640905,717,12,steady,vit_base_image,89.405,73.56037151702786
1790640905,717,12,steady,gpt2_p64_o64,0,0.0
1790640905,717,12,steady,gpt2_p512_o512,0.18,0.0
1790640905,717,12,steady,llama_p1024_o128,0.621,0.5975103734439834
1790640905,717,12,steady,llama_p2048_o64,0.655,0.1795511221945137
1790640906,718,12,steady,resnet50_image,176.963,133.64290912567927
1790640906,718,12,steady,vgg16_image,468.144,460.08224299065415
1790640906,718,12,steady,vit_base_image,89.405,73.56037151702786
1790640906,718,12,steady,gpt2_p64_o64,0,0.0
1790640906,718,12,steady,gpt2_p512_o512,0.18,0.0
1790640906,718,12,steady,llama_p1024_o128,0.621,0.5975103734439834
1790640906,718,12,steady,llama_p2048_o64,0.655,0.1795511221945137
1790640907,719,12,steady,resnet50_image,176.963,133.64290912567927
1790640907,719,12,steady,vgg16_image,468.144,460.08224299065415
1790640907,719,12,steady,vit_base_image,89.405,73.56037151702786
1790640907,719,12,steady,gpt2_p64_o64,0,0.0
1790640907,719,12,steady,gpt2_p512_o512,0.18,0.0
1790640907,719,12,steady,llama_p1024_o128,0.621,0.5975103734439834
1790640907,719,12,steady,llama_p2048_o64,0.655,0.1795511221945137
1790640908,720,12,steady,resnet50_image,176.963,133.64290912567927
1790640908,720,12,steady,vgg16_image,468.144,460.08224299065415
1790640908,720,12,steady,vit_base_image,89.405,73.56037151702786
1790640908,720,12,steady,gpt2_p64_o64,0,0.0
1790640908,720,12,steady,gpt2_p512_o512,0.18,0.0
1790640908,720,12,steady,llama_p1024_o128,0.621,0.5975103734439834
1790640908,720,12,steady,llama_p2048_o64,0.655,0.1795511221945137
1790640909,721,12,steady,resnet50_image,176.963,133.64290912567927
1790640909,721,12,steady,vgg16_image,468.144,460.08224299065415
1790640909,721,12,steady,vit_base_image,89.405,73.56037151702786
1790640909,721,12,steady,gpt2_p64_o64,0,0.0
1790640909,721,12,steady,gpt2_p512_o512,0.18,0.0
1790640909,721,12,steady,llama_p1024_o128,0.621,0.5975103734439834
1790640909,721,12,steady,llama_p2048_o64,0.655,0.1795511221945137
1790640910,722,12,steady,resnet50_image,176.963,133.64290912567927
1790640910,722,12,steady,vgg16_image,468.144,460.08224299065415
1790640910,722,12,steady,vit_base_image,89.405,73.56037151702786
1790640910,722,12,steady,gpt2_p64_o64,0,0.0
1790640910,722,12,steady,gpt2_p512_o512,0.18,0.0
1790640910,722,12,steady,llama_p1024_o128,0.621,0.5975103734439834
1790640910,722,12,steady,llama_p2048_o64,0.655,0.1795511221945137
1790640911,723,12,steady,resnet50_image,176.963,133.64290912567927
1790640911,723,12,steady,vgg16_image,468.144,460.08224299065415
1790640911,723,12,steady,vit_base_image,89.405,73.56037151702786
1790640911,723,12,steady,gpt2_p64_o64,0,0.0
1790640911,723,12,steady,gpt2_p512_o512,0.18,0.0
1790640911,723,12,steady,llama_p1024_o128,0.621,0.5975103734439834
1790640911,723,12,steady,llama_p2048_o64,0.655,0.1795511221945137
1790640912,724,12,steady,resnet50_image,176.963,133.64290912567927
1790640912,724,12,steady,vgg16_image,468.144,460.08224299065415
1790640912,724,12,steady,vit_base_image,89.405,73.56037151702786
1790640912,724,12,steady,gpt2_p64_o64,0,0.0
1790640912,724,12,steady,gpt2_p512_o512,0.18,0.0
1790640912,724,12,steady,llama_p1024_o128,0.621,0.5975103734439834
1790640912,724,12,steady,llama_p2048_o64,0.655,0.1795511221945137
1790640913,725,12,steady,resnet50_image,176.963,133.64290912567927
1790640913,725,12,steady,vgg16_image,468.144,460.08224299065415
1790640913,725,12,steady,vit_base_image,89.405,73.56037151702786
1790640913,725,12,steady,gpt2_p64_o64,0,0.0
1790640913,725,12,steady,gpt2_p512_o512,0.18,0.0
1790640913,725,12,steady,llama_p1024_o128,0.621,0.5975103734439834
1790640913,725,12,steady,llama_p2048_o64,0.655,0.1795511221945137
1790640914,726,12,steady,resnet50_image,176.963,133.64290912567927
1790640914,726,12,steady,vgg16_image,468.144,460.08224299065415
1790640914,726,12,steady,vit_base_image,89.405,73.56037151702786
1790640914,726,12,steady,gpt2_p64_o64,0,0.0
1790640914,726,12,steady,gpt2_p512_o512,0.18,0.0
1790640914,726,12,steady,llama_p1024_o128,0.621,0.5975103734439834
1790640914,726,12,steady,llama_p2048_o64,0.655,0.1795511221945137
1790640915,727,12,steady,resnet50_image,176.963,133.64290912567927
1790640915,727,12,steady,vgg16_image,468.144,460.08224299065415
1790640915,727,12,steady,vit_base_image,89.405,73.56037151702786
1790640915,727,12,steady,gpt2_p64_o64,0,0.0
1790640915,727,12,steady,gpt2_p512_o512,0.18,0.0
1790640915,727,12,steady,llama_p1024_o128,0.621,0.5975103734439834
1790640915,727,12,steady,llama_p2048_o64,0.655,0.1795511221945137
1790640916,728,12,steady,resnet50_image,176.963,133.64290912567927
1790640916,728,12,steady,vgg16_image,468.144,460.08224299065415
1790640916,728,12,steady,vit_base_image,89.405,73.56037151702786
1790640916,728,12,steady,gpt2_p64_o64,0,0.0
1790640916,728,12,steady,gpt2_p512_o512,0.18,0.0
1790640916,728,12,steady,llama_p1024_o128,0.621,0.5975103734439834
1790640916,728,12,steady,llama_p2048_o64,0.655,0.1795511221945137
1790640917,729,12,steady,resnet50_image,176.963,133.64290912567927
1790640917,729,12,steady,vgg16_image,468.144,460.08224299065415
1790640917,729,12,steady,vit_base_image,89.405,73.56037151702786
1790640917,729,12,steady,gpt2_p64_o64,0,0.0
1790640917,729,12,steady,gpt2_p512_o512,0.18,0.0
1790640917,729,12,steady,llama_p1024_o128,0.621,0.5975103734439834
1790640917,729,12,steady,llama_p2048_o64,0.655,0.1795511221945137
1790640918,730,12,steady,resnet50_image,176.963,133.64290912567927
1790640918,730,12,steady,vgg16_image,468.144,460.08224299065415
1790640918,730,12,steady,vit_base_image,89.405,73.56037151702786
1790640918,730,12,steady,gpt2_p64_o64,0,0.0
1790640918,730,12,steady,gpt2_p512_o512,0.18,0.0
1790640918,730,12,steady,llama_p1024_o128,0.621,0.5975103734439834
1790640918,730,12,steady,llama_p2048_o64,0.655,0.1795511221945137
1790640919,731,12,steady,resnet50_image,176.963,133.64290912567927
1790640919,731,12,steady,vgg16_image,468.144,460.08224299065415
1790640919,731,12,steady,vit_base_image,89.405,73.56037151702786
1790640919,731,12,steady,gpt2_p64_o64,0,0.0
1790640919,731,12,steady,gpt2_p512_o512,0.18,0.0
1790640919,731,12,steady,llama_p1024_o128,0.621,0.5975103734439834
1790640919,731,12,steady,llama_p2048_o64,0.655,0.1795511221945137
1790640920,732,12,steady,resnet50_image,176.963,133.64290912567927
1790640920,732,12,steady,vgg16_image,468.144,460.08224299065415
1790640920,732,12,steady,vit_base_image,89.405,73.56037151702786
1790640920,732,12,steady,gpt2_p64_o64,0,0.0
1790640920,732,12,steady,gpt2_p512_o512,0.18,0.0
1790640920,732,12,steady,llama_p1024_o128,0.621,0.5975103734439834
1790640920,732,12,steady,llama_p2048_o64,0.655,0.1795511221945137
1790640921,733,12,steady,resnet50_image,176.963,133.64290912567927
1790640921,733,12,steady,vgg16_image,468.144,460.08224299065415
1790640921,733,12,steady,vit_base_image,89.405,73.56037151702786
1790640921,733,12,steady,gpt2_p64_o64,0,0.0
1790640921,733,12,steady,gpt2_p512_o512,0.18,0.0
1790640921,733,12,steady,llama_p1024_o128,0.621,0.5975103734439834
1790640921,733,12,steady,llama_p2048_o64,0.655,0.1795511221945137
1790640922,734,12,steady,resnet50_image,176.963,133.64290912567927
1790640922,734,12,steady,vgg16_image,468.144,460.08224299065415
1790640922,734,12,steady,vit_base_image,89.405,73.56037151702786
1790640922,734,12,steady,gpt2_p64_o64,0,0.0
1790640922,734,12,steady,gpt2_p512_o512,0.18,0.0
1790640922,734,12,steady,llama_p1024_o128,0.621,0.5975103734439834
1790640922,734,12,steady,llama_p2048_o64,0.655,0.1795511221945137
1790640923,735,12,steady,resnet50_image,176.963,133.64290912567927
1790640923,735,12,steady,vgg16_image,468.144,460.08224299065415
1790640923,735,12,steady,vit_base_image,89.405,73.56037151702786
1790640923,735,12,steady,gpt2_p64_o64,0,0.0
1790640923,735,12,steady,gpt2_p512_o512,0.18,0.0
1790640923,735,12,steady,llama_p1024_o128,0.621,0.5975103734439834
1790640923,735,12,steady,llama_p2048_o64,0.655,0.1795511221945137
1790640924,736,12,steady,resnet50_image,176.963,133.64290912567927
1790640924,736,12,steady,vgg16_image,468.144,460.08224299065415
1790640924,736,12,steady,vit_base_image,89.405,73.56037151702786
1790640924,736,12,steady,gpt2_p64_o64,0,0.0
1790640924,736,12,steady,gpt2_p512_o512,0.18,0.0
1790640924,736,12,steady,llama_p1024_o128,0.621,0.5975103734439834
1790640924,736,12,steady,llama_p2048_o64,0.655,0.1795511221945137
1790640925,737,,,resnet50_image,176.963,
1790640925,737,,,vgg16_image,468.144,
1790640925,737,,,vit_base_image,89.405,
1790640925,737,,,gpt2_p64_o64,0,
1790640925,737,,,gpt2_p512_o512,0.18,
1790640925,737,,,llama_p1024_o128,0.621,
1790640925,737,,,llama_p2048_o64,0.655,
