t_utc,t_rel,live_round,window,workload,offered,sent,completed,rate_rps,target_rps,ledger_capacity_rps
1790692540,0,,,resnet50_image,0,0,0,,,
1790692540,0,,,vgg16_image,0,0,0,,,
1790692540,0,,,vit_base_image,0,0,0,,,
1790692541,1,1,transition,resnet50_image,0,0,0,0.0,242.71580725528415,
1790692541,1,1,transition,vgg16_image,0,0,0,0.0,446.803738317757,
1790692541,1,1,transition,vit_base_image,0,0,0,0.0,122.60061919504642,
1790692542,2,1,transition,resnet50_image,0,0,0,0.0,242.71580725528415,
1790692542,2,1,transition,vgg16_image,0,0,0,0.0,446.803738317757,
1790692542,2,1,transition,vit_base_image,0,0,0,0.0,122.60061919504642,
1790692543,3,1,transition,resnet50_image,0,0,0,0.0,242.71580725528415,
1790692543,3,1,transition,vgg16_image,0,0,0,0.0,446.803738317757,
1790692543,3,1,transition,vit_base_image,0,0,0,0.0,122.60061919504642,
1790692544,4,1,transition,resnet50_image,0,0,0,0.0,242.71580725528415,
1790692544,4,1,transition,vgg16_image,0,0,0,0.0,446.803738317757,
1790692544,4,1,transition,vit_base_image,0,0,0,0.0,122.60061919504642,
1790692545,5,1,transition,resnet50_image,0,0,0,0.0,242.71580725528415,
1790692545,5,1,transition,vgg16_image,0,0,0,0.0,446.803738317757,
1790692545,5,1,transition,vit_base_image,0,0,0,0.0,122.60061919504642,
1790692546,6,1,transition,resnet50_image,0,0,0,0.0,242.71580725528415,
1790692546,6,1,transition,vgg16_image,0,0,0,0.0,446.803738317757,
1790692546,6,1,transition,vit_base_image,0,0,0,0.0,122.60061919504642,
1790692547,7,1,transition,resnet50_image,0,0,0,0.0,242.71580725528415,
1790692547,7,1,transition,vgg16_image,0,0,0,0.0,446.803738317757,
1790692547,7,1,transition,vit_base_image,0,0,0,0.0,122.60061919504642,
1790692548,8,1,transition,resnet50_image,0,0,0,0.0,242.71580725528415,
1790692548,8,1,transition,vgg16_image,0,0,0,0.0,446.803738317757,
1790692548,8,1,transition,vit_base_image,0,0,0,0.0,122.60061919504642,
1790692549,9,1,transition,resnet50_image,0,0,0,0.0,242.71580725528415,
1790692549,9,1,transition,vgg16_image,0,0,0,0.0,446.803738317757,
1790692549,9,1,transition,vit_base_image,0,0,0,0.0,122.60061919504642,
1790692550,10,1,transition,resnet50_image,0,0,0,0.0,242.71580725528415,0
1790692550,10,1,transition,vgg16_image,0,0,0,0.0,446.803738317757,0
1790692550,10,1,transition,vit_base_image,0,0,0,0.0,122.60061919504642,0
1790692551,11,1,transition,resnet50_image,0,0,0,0.0,242.71580725528415,0
1790692551,11,1,transition,vgg16_image,0,0,0,0.0,446.803738317757,0
1790692551,11,1,transition,vit_base_image,0,0,0,0.0,122.60061919504642,0
1790692552,12,1,transition,resnet50_image,0,0,0,0.0,242.71580725528415,0
1790692552,12,1,transition,vgg16_image,0,0,0,0.0,446.803738317757,0
1790692552,12,1,transition,vit_base_image,0,0,0,0.0,122.60061919504642,0
1790692553,13,1,transition,resnet50_image,0,0,0,0.0,242.71580725528415,0
1790692553,13,1,transition,vgg16_image,0,0,0,0.0,446.803738317757,0
1790692553,13,1,transition,vit_base_image,0,0,0,0.0,122.60061919504642,0
1790692554,14,1,transition,resnet50_image,0,0,0,0.0,242.71580725528415,0
1790692554,14,1,transition,vgg16_image,0,0,0,0.0,446.803738317757,0
1790692554,14,1,transition,vit_base_image,0,0,0,0.0,122.60061919504642,0
1790692555,15,1,transition,resnet50_image,0,0,0,0.0,242.71580725528415,0
1790692555,15,1,transition,vgg16_image,0,0,0,0.0,446.803738317757,0
1790692555,15,1,transition,vit_base_image,0,0,0,0.0,122.60061919504642,0
1790692556,16,1,transition,resnet50_image,0,0,0,0.0,242.71580725528415,0
1790692556,16,1,transition,vgg16_image,0,0,0,0.0,446.803738317757,0
1790692556,16,1,transition,vit_base_image,0,0,0,0.0,122.60061919504642,0
1790692557,17,1,transition,resnet50_image,0,0,0,0.0,242.71580725528415,0
1790692557,17,1,transition,vgg16_image,0,0,0,0.0,446.803738317757,0
1790692557,17,1,transition,vit_base_image,0,0,0,0.0,122.60061919504642,0
1790692558,18,1,transition,resnet50_image,0,0,0,0.0,242.71580725528415,0
1790692558,18,1,transition,vgg16_image,0,0,0,0.0,446.803738317757,0
1790692558,18,1,transition,vit_base_image,0,0,0,0.0,122.60061919504642,0
1790692559,19,1,transition,resnet50_image,0,0,0,0.0,242.71580725528415,0
1790692559,19,1,transition,vgg16_image,0,0,0,0.0,446.803738317757,0
1790692559,19,1,transition,vit_base_image,0,0,0,0.0,122.60061919504642,0
1790692560,20,1,transition,resnet50_image,0,0,0,0.0,242.71580725528415,0
1790692560,20,1,transition,vgg16_image,0,0,0,0.0,446.803738317757,0
1790692560,20,1,transition,vit_base_image,0,0,0,0.0,122.60061919504642,0
1790692561,21,1,transition,resnet50_image,0,0,0,0.0,242.71580725528415,0
1790692561,21,1,transition,vgg16_image,0,0,0,0.0,446.803738317757,0
1790692561,21,1,transition,vit_base_image,0,0,0,0.0,122.60061919504642,0
1790692562,22,1,transition,resnet50_image,0,0,0,0.0,242.71580725528415,0
1790692562,22,1,transition,vgg16_image,0,0,0,0.0,446.803738317757,0
1790692562,22,1,transition,vit_base_image,0,0,0,0.0,122.60061919504642,0
1790692563,23,1,transition,resnet50_image,0,0,0,0.0,242.71580725528415,0
1790692563,23,1,transition,vgg16_image,0,0,0,0.0,446.803738317757,0
1790692563,23,1,transition,vit_base_image,0,0,0,0.0,122.60061919504642,0
1790692564,24,1,transition,resnet50_image,0,0,0,0.0,242.71580725528415,0
1790692564,24,1,transition,vgg16_image,0,0,0,0.0,446.803738317757,0
1790692564,24,1,transition,vit_base_image,0,0,0,0.0,122.60061919504642,0
1790692565,25,1,transition,resnet50_image,0,0,0,0.0,242.71580725528415,0
1790692565,25,1,transition,vgg16_image,0,0,0,0.0,446.803738317757,0
1790692565,25,1,transition,vit_base_image,0,0,0,0.0,122.60061919504642,0
1790692566,26,1,transition,resnet50_image,0,0,0,0.0,242.71580725528415,0
1790692566,26,1,transition,vgg16_image,0,0,0,0.0,446.803738317757,0
1790692566,26,1,transition,vit_base_image,0,0,0,0.0,122.60061919504642,0
1790692567,27,1,transition,resnet50_image,0,0,0,0.0,242.71580725528415,0
1790692567,27,1,transition,vgg16_image,0,0,0,0.0,446.803738317757,0
1790692567,27,1,transition,vit_base_image,0,0,0,0.0,122.60061919504642,0
1790692568,28,1,transition,resnet50_image,0,0,0,0.0,242.71580725528415,0
1790692568,28,1,transition,vgg16_image,0,0,0,0.0,446.803738317757,0
1790692568,28,1,transition,vit_base_image,0,0,0,0.0,122.60061919504642,0
1790692569,29,1,transition,resnet50_image,0,0,0,0.0,242.71580725528415,0
1790692569,29,1,transition,vgg16_image,0,0,0,0.0,446.803738317757,0
1790692569,29,1,transition,vit_base_image,0,0,0,0.0,122.60061919504642,63.099
1790692570,30,1,transition,resnet50_image,0,0,0,0.0,242.71580725528415,307.73
1790692570,30,1,transition,vgg16_image,0,0,0,0.0,446.803738317757,0
1790692570,30,1,transition,vit_base_image,0,0,0,0.0,122.60061919504642,126.198
1790692571,31,1,transition,resnet50_image,0,0,0,0.0,242.71580725528415,307.73
1790692571,31,1,transition,vgg16_image,0,0,0,0.0,446.803738317757,0
1790692571,31,1,transition,vit_base_image,0,0,0,0.0,122.60061919504642,126.198
1790692572,32,1,transition,resnet50_image,0,0,0,0.0,242.71580725528415,307.73
1790692572,32,1,transition,vgg16_image,0,0,0,0.0,446.803738317757,476.781
1790692572,32,1,transition,vit_base_image,0,0,0,0.0,122.60061919504642,126.198
1790692573,33,1,transition,resnet50_image,0,0,0,0.0,242.71580725528415,307.73
1790692573,33,1,transition,vgg16_image,0,0,0,0.0,446.803738317757,476.781
1790692573,33,1,transition,vit_base_image,0,0,0,0.0,122.60061919504642,126.198
1790692574,34,1,transition,resnet50_image,0,0,0,0.0,242.71580725528415,307.73
1790692574,34,1,transition,vgg16_image,0,0,0,0.0,446.803738317757,476.781
1790692574,34,1,transition,vit_base_image,0,0,0,0.0,122.60061919504642,126.198
1790692575,35,1,transition,resnet50_image,0,0,0,0.0,242.71580725528415,307.73
1790692575,35,1,transition,vgg16_image,0,0,0,0.0,446.803738317757,476.781
1790692575,35,1,transition,vit_base_image,0,0,0,0.0,122.60061919504642,126.198
1790692576,36,1,transition,resnet50_image,0,0,0,0.0,242.71580725528415,307.73
1790692576,36,1,transition,vgg16_image,0,0,0,0.0,446.803738317757,476.781
1790692576,36,1,transition,vit_base_image,0,0,0,0.0,122.60061919504642,126.198
1790692577,37,1,transition,resnet50_image,24,24,10,0.0,242.71580725528415,307.73
1790692577,37,1,transition,vgg16_image,44,44,18,0.0,446.803738317757,476.781
1790692577,37,1,transition,vit_base_image,13,12,4,0.0,122.60061919504642,126.198
1790692578,38,1,steady,resnet50_image,242,242,218,242.71580725528415,242.71580725528415,307.73
1790692578,38,1,steady,vgg16_image,447,446,371,446.803738317757,446.803738317757,476.781
1790692578,38,1,steady,vit_base_image,122,123,102,122.60061919504642,122.60061919504642,126.198
1790692579,39,1,steady,resnet50_image,243,243,277,242.71580725528415,242.71580725528415,307.73
1790692579,39,1,steady,vgg16_image,447,447,479,446.803738317757,446.803738317757,476.781
1790692579,39,1,steady,vit_base_image,123,123,115,122.60061919504642,122.60061919504642,126.198
1790692580,40,1,steady,resnet50_image,243,243,242,242.71580725528415,242.71580725528415,307.73
1790692580,40,1,steady,vgg16_image,447,447,464,446.803738317757,446.803738317757,476.781
1790692580,40,1,steady,vit_base_image,122,122,116,122.60061919504642,122.60061919504642,126.198
1790692581,41,1,steady,resnet50_image,243,242,242,242.71580725528415,242.71580725528415,307.73
1790692581,41,1,steady,vgg16_image,446,447,464,446.803738317757,446.803738317757,476.781
1790692581,41,1,steady,vit_base_image,123,123,125,122.60061919504642,122.60061919504642,126.198
1790692582,42,1,steady,resnet50_image,242,243,243,242.71580725528415,242.71580725528415,307.73
1790692582,42,1,steady,vgg16_image,447,447,458,446.803738317757,446.803738317757,476.781
1790692582,42,1,steady,vit_base_image,123,122,129,122.60061919504642,122.60061919504642,126.198
1790692583,43,1,steady,resnet50_image,243,242,243,242.71580725528415,242.71580725528415,307.73
1790692583,43,1,steady,vgg16_image,447,447,441,446.803738317757,446.803738317757,476.781
1790692583,43,1,steady,vit_base_image,122,123,123,122.60061919504642,122.60061919504642,126.198
1790692584,44,1,steady,resnet50_image,243,243,236,242.71580725528415,242.71580725528415,307.73
1790692584,44,1,steady,vgg16_image,447,446,395,446.803738317757,446.803738317757,476.781
1790692584,44,1,steady,vit_base_image,123,123,107,122.60061919504642,122.60061919504642,126.198
1790692585,45,1,steady,resnet50_image,243,243,249,242.71580725528415,242.71580725528415,307.73
1790692585,45,1,steady,vgg16_image,447,447,464,446.803738317757,446.803738317757,476.781
1790692585,45,1,steady,vit_base_image,122,122,128,122.60061919504642,122.60061919504642,126.198
1790692586,46,1,steady,resnet50_image,242,243,244,242.71580725528415,242.71580725528415,307.73
1790692586,46,1,steady,vgg16_image,446,447,464,446.803738317757,446.803738317757,476.781
1790692586,46,1,steady,vit_base_image,123,123,124,122.60061919504642,122.60061919504642,126.198
1790692587,47,1,steady,resnet50_image,243,243,242,242.71580725528415,242.71580725528415,307.73
1790692587,47,1,steady,vgg16_image,447,446,464,446.803738317757,446.803738317757,476.781
1790692587,47,1,steady,vit_base_image,123,122,117,122.60061919504642,122.60061919504642,126.198
1790692588,48,1,steady,resnet50_image,243,242,243,242.71580725528415,242.71580725528415,307.73
1790692588,48,1,steady,vgg16_image,447,447,456,446.803738317757,446.803738317757,476.781
1790692588,48,1,steady,vit_base_image,122,123,138,122.60061919504642,122.60061919504642,126.198
1790692589,49,1,steady,resnet50_image,242,243,243,242.71580725528415,242.71580725528415,307.73
1790692589,49,1,steady,vgg16_image,447,447,442,446.803738317757,446.803738317757,476.781
1790692589,49,1,steady,vit_base_image,123,123,104,122.60061919504642,122.60061919504642,126.198
1790692590,50,1,steady,resnet50_image,243,243,242,242.71580725528415,242.71580725528415,307.73
1790692590,50,1,steady,vgg16_image,447,448,444,446.803738317757,446.803738317757,476.781
1790692590,50,1,steady,vit_base_image,122,122,133,122.60061919504642,122.60061919504642,126.198
1790692591,51,1,steady,resnet50_image,243,242,242,242.71580725528415,242.71580725528415,307.73
1790692591,51,1,steady,vgg16_image,446,446,444,446.803738317757,446.803738317757,476.781
1790692591,51,1,steady,vit_base_image,123,123,132,122.60061919504642,122.60061919504642,126.198
1790692592,52,1,steady,resnet50_image,243,243,243,242.71580725528415,242.71580725528415,307.73
1790692592,52,1,steady,vgg16_image,447,446,446,446.803738317757,446.803738317757,476.781
1790692592,52,1,steady,vit_base_image,123,122,112,122.60061919504642,122.60061919504642,126.198
1790692593,53,1,steady,resnet50_image,242,243,242,242.71580725528415,242.71580725528415,307.73
1790692593,53,1,steady,vgg16_image,447,447,452,446.803738317757,446.803738317757,476.781
1790692593,53,1,steady,vit_base_image,122,123,114,122.60061919504642,122.60061919504642,126.198
1790692594,54,1,steady,resnet50_image,243,242,245,242.71580725528415,242.71580725528415,307.73
1790692594,54,1,steady,vgg16_image,447,447,451,446.803738317757,446.803738317757,476.781
1790692594,54,1,steady,vit_base_image,123,122,134,122.60061919504642,122.60061919504642,126.198
1790692595,55,1,steady,resnet50_image,243,243,242,242.71580725528415,242.71580725528415,307.73
1790692595,55,1,steady,vgg16_image,447,447,446,446.803738317757,446.803738317757,476.781
1790692595,55,1,steady,vit_base_image,122,123,121,122.60061919504642,122.60061919504642,126.198
1790692596,56,1,steady,resnet50_image,242,243,243,242.71580725528415,242.71580725528415,307.73
1790692596,56,1,steady,vgg16_image,446,447,446,446.803738317757,446.803738317757,476.781
1790692596,56,1,steady,vit_base_image,123,123,121,122.60061919504642,122.60061919504642,126.198
1790692597,57,1,steady,resnet50_image,243,243,243,242.71580725528415,242.71580725528415,307.73
1790692597,57,1,steady,vgg16_image,447,447,448,446.803738317757,446.803738317757,476.781
1790692597,57,1,steady,vit_base_image,123,122,133,122.60061919504642,122.60061919504642,126.198
1790692598,58,1,steady,resnet50_image,243,243,242,242.71580725528415,242.71580725528415,307.73
1790692598,58,1,steady,vgg16_image,447,447,445,446.803738317757,446.803738317757,476.781
1790692598,58,1,steady,vit_base_image,122,123,123,122.60061919504642,122.60061919504642,126.198
1790692599,59,1,steady,resnet50_image,243,242,242,242.71580725528415,242.71580725528415,307.73
1790692599,59,1,steady,vgg16_image,447,446,446,446.803738317757,446.803738317757,476.781
1790692599,59,1,steady,vit_base_image,123,123,123,122.60061919504642,122.60061919504642,126.198
1790692600,60,1,steady,resnet50_image,242,243,244,242.71580725528415,242.71580725528415,307.73
1790692600,60,1,steady,vgg16_image,447,447,447,446.803738317757,446.803738317757,476.781
1790692600,60,1,steady,vit_base_image,122,122,107,122.60061919504642,122.60061919504642,126.198
1790692601,61,1,steady,resnet50_image,243,242,240,242.71580725528415,242.71580725528415,307.73
1790692601,61,1,steady,vgg16_image,446,446,447,446.803738317757,446.803738317757,476.781
1790692601,61,1,steady,vit_base_image,123,123,128,122.60061919504642,122.60061919504642,126.198
1790692602,62,1,steady,resnet50_image,243,244,244,242.71580725528415,242.71580725528415,307.73
1790692602,62,1,steady,vgg16_image,447,448,447,446.803738317757,446.803738317757,476.781
1790692602,62,1,steady,vit_base_image,123,122,117,122.60061919504642,122.60061919504642,126.198
1790692603,63,1,steady,resnet50_image,242,242,243,242.71580725528415,242.71580725528415,307.73
1790692603,63,1,steady,vgg16_image,447,446,447,446.803738317757,446.803738317757,476.781
1790692603,63,1,steady,vit_base_image,122,123,133,122.60061919504642,122.60061919504642,126.198
1790692604,64,1,steady,resnet50_image,243,243,243,242.71580725528415,242.71580725528415,307.73
1790692604,64,1,steady,vgg16_image,447,448,448,446.803738317757,446.803738317757,476.781
1790692604,64,1,steady,vit_base_image,123,122,120,122.60061919504642,122.60061919504642,126.198
1790692605,65,1,steady,resnet50_image,243,242,243,242.71580725528415,242.71580725528415,307.73
1790692605,65,1,steady,vgg16_image,447,446,447,446.803738317757,446.803738317757,476.781
1790692605,65,1,steady,vit_base_image,122,123,120,122.60061919504642,122.60061919504642,126.198
1790692606,66,1,steady,resnet50_image,243,243,241,242.71580725528415,242.71580725528415,307.73
1790692606,66,1,steady,vgg16_image,446,447,447,446.803738317757,446.803738317757,476.781
1790692606,66,1,steady,vit_base_image,123,123,124,122.60061919504642,122.60061919504642,126.198
1790692607,67,1,steady,resnet50_image,242,243,243,242.71580725528415,242.71580725528415,307.73
1790692607,67,1,steady,vgg16_image,447,447,446,446.803738317757,446.803738317757,476.781
1790692607,67,1,steady,vit_base_image,123,122,115,122.60061919504642,122.60061919504642,126.198
1790692608,68,,,resnet50_image,243,243,245,,,307.73
1790692608,68,,,vgg16_image,447,447,443,,,476.781
1790692608,68,,,vit_base_image,122,123,131,,,126.198
1790692609,69,,,resnet50_image,243,242,241,,,307.73
1790692609,69,,,vgg16_image,447,447,447,,,476.781
1790692609,69,,,vit_base_image,123,123,118,,,126.198
1790692610,70,,,resnet50_image,242,243,224,,,307.73
1790692610,70,,,vgg16_image,447,445,385,,,476.781
1790692610,70,,,vit_base_image,122,122,118,,,126.198
1790692611,71,,,resnet50_image,243,242,261,,,307.73
1790692611,71,,,vgg16_image,447,447,462,,,476.781
1790692611,71,,,vit_base_image,123,122,125,,,126.198
1790692612,72,,,resnet50_image,243,244,243,,,307.73
1790692612,72,,,vgg16_image,446,448,450,,,476.781
1790692612,72,,,vit_base_image,123,123,122,,,126.198
1790692613,73,,,resnet50_image,243,242,244,,,307.73
1790692613,73,,,vgg16_image,447,447,464,,,476.781
1790692613,73,,,vit_base_image,122,123,127,,,126.198
1790692614,74,,,resnet50_image,242,243,240,,,307.73
1790692614,74,,,vgg16_image,447,447,464,,,476.781
1790692614,74,,,vit_base_image,123,123,116,,,126.198
1790692615,75,2,transition,resnet50_image,221,220,225,214.84735642686016,214.84735642686016,307.73
1790692615,75,2,transition,vgg16_image,446,446,448,446.803738317757,478.026168224299,476.781
1790692615,75,2,transition,vit_base_image,123,123,122,122.60061919504642,122.60061919504642,126.198
1790692616,76,2,transition,resnet50_image,215,216,214,214.84735642686016,214.84735642686016,307.73
1790692616,76,2,transition,vgg16_image,447,446,448,446.803738317757,478.026168224299,476.781
1790692616,76,2,transition,vit_base_image,123,122,122,122.60061919504642,122.60061919504642,126.198
1790692617,77,2,transition,resnet50_image,215,214,203,214.84735642686016,214.84735642686016,307.73
1790692617,77,2,transition,vgg16_image,446,447,331,446.803738317757,478.026168224299,476.781
1790692617,77,2,transition,vit_base_image,122,123,114,122.60061919504642,122.60061919504642,126.198
1790692618,78,2,transition,resnet50_image,214,215,224,214.84735642686016,214.84735642686016,307.73
1790692618,78,2,transition,vgg16_image,447,447,464,446.803738317757,478.026168224299,476.781
1790692618,78,2,transition,vit_base_image,123,122,124,122.60061919504642,122.60061919504642,126.198
1790692619,79,2,transition,resnet50_image,215,215,215,214.84735642686016,214.84735642686016,307.73
1790692619,79,2,transition,vgg16_image,447,446,464,446.803738317757,478.026168224299,476.781
1790692619,79,2,transition,vit_base_image,122,123,148,122.60061919504642,122.60061919504642,126.198
1790692620,80,2,transition,resnet50_image,215,215,216,214.84735642686016,214.84735642686016,307.73
1790692620,80,2,transition,vgg16_image,447,447,479,446.803738317757,478.026168224299,476.781
1790692620,80,2,transition,vit_base_image,123,123,119,122.60061919504642,122.60061919504642,126.198
1790692621,81,2,transition,resnet50_image,215,215,215,214.84735642686016,214.84735642686016,307.73
1790692621,81,2,transition,vgg16_image,447,447,449,446.803738317757,478.026168224299,476.781
1790692621,81,2,transition,vit_base_image,123,122,113,122.60061919504642,122.60061919504642,126.198
1790692622,82,2,transition,resnet50_image,215,215,214,214.84735642686016,214.84735642686016,307.73
1790692622,82,2,transition,vgg16_image,446,447,464,446.803738317757,478.026168224299,476.781
1790692622,82,2,transition,vit_base_image,122,123,129,122.60061919504642,122.60061919504642,126.198
1790692623,83,2,transition,resnet50_image,215,214,216,214.84735642686016,214.84735642686016,307.73
1790692623,83,2,transition,vgg16_image,447,447,464,446.803738317757,478.026168224299,476.781
1790692623,83,2,transition,vit_base_image,123,123,126,122.60061919504642,122.60061919504642,126.198
1790692624,84,2,transition,resnet50_image,215,215,215,214.84735642686016,214.84735642686016,307.73
1790692624,84,2,transition,vgg16_image,447,446,435,446.803738317757,478.026168224299,476.781
1790692624,84,2,transition,vit_base_image,122,122,124,122.60061919504642,122.60061919504642,126.198
1790692625,85,2,transition,resnet50_image,214,215,212,214.84735642686016,214.84735642686016,307.73
1790692625,85,2,transition,vgg16_image,447,447,456,446.803738317757,478.026168224299,494.421
1790692625,85,2,transition,vit_base_image,123,123,116,122.60061919504642,122.60061919504642,126.198
1790692626,86,2,transition,resnet50_image,215,215,218,214.84735642686016,214.84735642686016,307.73
1790692626,86,2,transition,vgg16_image,447,447,441,446.803738317757,478.026168224299,494.421
1790692626,86,2,transition,vit_base_image,123,122,122,122.60061919504642,122.60061919504642,126.198
1790692627,87,2,transition,resnet50_image,214,214,183,214.84735642686016,214.84735642686016,307.73
1790692627,87,2,transition,vgg16_image,445,446,394,446.803738317757,478.026168224299,494.421
1790692627,87,2,transition,vit_base_image,122,123,130,122.60061919504642,122.60061919504642,126.198
1790692628,88,2,steady,resnet50_image,215,214,244,214.84735642686016,214.84735642686016,307.73
1790692628,88,2,steady,vgg16_image,478,476,423,478.026168224299,478.026168224299,494.421
1790692628,88,2,steady,vit_base_image,123,123,123,122.60061919504642,122.60061919504642,126.198
1790692629,89,2,steady,resnet50_image,214,215,216,214.84735642686016,214.84735642686016,307.73
1790692629,89,2,steady,vgg16_image,478,480,508,478.026168224299,478.026168224299,494.421
1790692629,89,2,steady,vit_base_image,123,122,120,122.60061919504642,122.60061919504642,126.198
1790692630,90,2,steady,resnet50_image,215,215,214,214.84735642686016,214.84735642686016,307.73
1790692630,90,2,steady,vgg16_image,478,477,480,478.026168224299,478.026168224299,494.421
1790692630,90,2,steady,vit_base_image,122,123,117,122.60061919504642,122.60061919504642,126.198
1790692631,91,2,steady,resnet50_image,215,215,214,214.84735642686016,214.84735642686016,307.73
1790692631,91,2,steady,vgg16_image,478,479,480,478.026168224299,478.026168224299,494.421
1790692631,91,2,steady,vit_base_image,123,122,123,122.60061919504642,122.60061919504642,126.198
1790692632,92,2,steady,resnet50_image,215,215,216,214.84735642686016,214.84735642686016,307.73
1790692632,92,2,steady,vgg16_image,478,477,449,478.026168224299,478.026168224299,494.421
1790692632,92,2,steady,vit_base_image,122,123,130,122.60061919504642,122.60061919504642,126.198
1790692633,93,2,steady,resnet50_image,215,214,214,214.84735642686016,214.84735642686016,307.73
1790692633,93,2,steady,vgg16_image,478,478,482,478.026168224299,478.026168224299,494.421
1790692633,93,2,steady,vit_base_image,123,123,106,122.60061919504642,122.60061919504642,126.198
1790692634,94,2,steady,resnet50_image,215,215,214,214.84735642686016,214.84735642686016,307.73
1790692634,94,2,steady,vgg16_image,478,478,469,478.026168224299,478.026168224299,494.421
1790692634,94,2,steady,vit_base_image,123,123,136,122.60061919504642,122.60061919504642,126.198
1790692635,95,2,steady,resnet50_image,214,215,218,214.84735642686016,214.84735642686016,307.73
1790692635,95,2,steady,vgg16_image,478,465,392,478.026168224299,478.026168224299,494.421
1790692635,95,2,steady,vit_base_image,122,122,129,122.60061919504642,122.60061919504642,126.198
1790692636,96,2,steady,resnet50_image,215,215,214,214.84735642686016,214.84735642686016,307.73
1790692636,96,2,steady,vgg16_image,478,477,480,478.026168224299,478.026168224299,494.421
1790692636,96,2,steady,vit_base_image,123,123,113,122.60061919504642,122.60061919504642,126.198
1790692637,97,2,steady,resnet50_image,215,215,215,214.84735642686016,214.84735642686016,307.73
1790692637,97,2,steady,vgg16_image,478,479,482,478.026168224299,478.026168224299,494.421
1790692637,97,2,steady,vit_base_image,122,122,116,122.60061919504642,122.60061919504642,126.198
1790692638,98,2,steady,resnet50_image,215,215,214,214.84735642686016,214.84735642686016,307.73
1790692638,98,2,steady,vgg16_image,478,477,510,478.026168224299,478.026168224299,494.421
1790692638,98,2,steady,vit_base_image,123,123,132,122.60061919504642,122.60061919504642,126.198
1790692639,99,2,steady,resnet50_image,215,214,216,214.84735642686016,214.84735642686016,307.73
1790692639,99,2,steady,vgg16_image,478,478,480,478.026168224299,478.026168224299,494.421
1790692639,99,2,steady,vit_base_image,123,122,132,122.60061919504642,122.60061919504642,126.198
1790692640,100,2,steady,resnet50_image,215,216,212,214.84735642686016,214.84735642686016,307.73
1790692640,100,2,steady,vgg16_image,478,479,480,478.026168224299,478.026168224299,494.421
1790692640,100,2,steady,vit_base_image,122,123,118,122.60061919504642,122.60061919504642,126.198
1790692641,101,2,steady,resnet50_image,215,214,218,214.84735642686016,214.84735642686016,307.73
1790692641,101,2,steady,vgg16_image,478,478,480,478.026168224299,478.026168224299,494.421
1790692641,101,2,steady,vit_base_image,123,123,112,122.60061919504642,122.60061919504642,126.198
1790692642,102,2,steady,resnet50_image,214,215,215,214.84735642686016,214.84735642686016,307.73
1790692642,102,2,steady,vgg16_image,478,478,480,478.026168224299,478.026168224299,494.421
1790692642,102,2,steady,vit_base_image,122,122,138,122.60061919504642,122.60061919504642,126.198
1790692643,103,2,steady,resnet50_image,215,215,214,214.84735642686016,214.84735642686016,307.73
1790692643,103,2,steady,vgg16_image,478,478,480,478.026168224299,478.026168224299,494.421
1790692643,103,2,steady,vit_base_image,123,123,120,122.60061919504642,122.60061919504642,126.198
1790692644,104,2,steady,resnet50_image,215,215,214,214.84735642686016,214.84735642686016,307.73
1790692644,104,2,steady,vgg16_image,478,478,512,478.026168224299,478.026168224299,494.421
1790692644,104,2,steady,vit_base_image,123,122,117,122.60061919504642,122.60061919504642,126.198
1790692645,105,2,steady,resnet50_image,215,215,216,214.84735642686016,214.84735642686016,307.73
1790692645,105,2,steady,vgg16_image,478,478,480,478.026168224299,478.026168224299,494.421
1790692645,105,2,steady,vit_base_image,122,123,121,122.60061919504642,122.60061919504642,126.198
1790692646,106,2,steady,resnet50_image,215,214,213,214.84735642686016,214.84735642686016,307.73
1790692646,106,2,steady,vgg16_image,478,478,480,478.026168224299,478.026168224299,494.421
1790692646,106,2,steady,vit_base_image,123,123,116,122.60061919504642,122.60061919504642,126.198
1790692647,107,2,steady,resnet50_image,215,215,215,214.84735642686016,214.84735642686016,307.73
1790692647,107,2,steady,vgg16_image,478,477,480,478.026168224299,478.026168224299,494.421
1790692647,107,2,steady,vit_base_image,122,122,139,122.60061919504642,122.60061919504642,126.198
1790692648,108,2,steady,resnet50_image,214,215,214,214.84735642686016,214.84735642686016,307.73
1790692648,108,2,steady,vgg16_image,478,479,480,478.026168224299,478.026168224299,494.421
1790692648,108,2,steady,vit_base_image,123,123,117,122.60061919504642,122.60061919504642,126.198
1790692649,109,2,steady,resnet50_image,215,214,217,214.84735642686016,214.84735642686016,307.73
1790692649,109,2,steady,vgg16_image,478,476,491,478.026168224299,478.026168224299,494.421
1790692649,109,2,steady,vit_base_image,123,122,113,122.60061919504642,122.60061919504642,126.198
1790692650,110,2,steady,resnet50_image,215,216,214,214.84735642686016,214.84735642686016,307.73
1790692650,110,2,steady,vgg16_image,478,480,501,478.026168224299,478.026168224299,494.421
1790692650,110,2,steady,vit_base_image,122,123,134,122.60061919504642,122.60061919504642,126.198
1790692651,111,2,steady,resnet50_image,215,215,215,214.84735642686016,214.84735642686016,307.73
1790692651,111,2,steady,vgg16_image,478,478,454,478.026168224299,478.026168224299,494.421
1790692651,111,2,steady,vit_base_image,123,122,121,122.60061919504642,122.60061919504642,126.198
1790692652,112,2,steady,resnet50_image,215,214,215,214.84735642686016,214.84735642686016,307.73
1790692652,112,2,steady,vgg16_image,479,478,506,478.026168224299,478.026168224299,494.421
1790692652,112,2,steady,vit_base_image,122,123,121,122.60061919504642,122.60061919504642,126.198
1790692653,113,2,steady,resnet50_image,215,216,215,214.84735642686016,214.84735642686016,307.73
1790692653,113,2,steady,vgg16_image,478,478,480,478.026168224299,478.026168224299,494.421
1790692653,113,2,steady,vit_base_image,123,123,122,122.60061919504642,122.60061919504642,126.198
1790692654,114,2,steady,resnet50_image,215,214,215,214.84735642686016,214.84735642686016,307.73
1790692654,114,2,steady,vgg16_image,478,478,480,478.026168224299,478.026168224299,494.421
1790692654,114,2,steady,vit_base_image,123,122,122,122.60061919504642,122.60061919504642,126.198
1790692655,115,2,steady,resnet50_image,214,215,214,214.84735642686016,214.84735642686016,307.73
1790692655,115,2,steady,vgg16_image,478,478,480,478.026168224299,478.026168224299,494.421
1790692655,115,2,steady,vit_base_image,122,123,121,122.60061919504642,122.60061919504642,126.198
1790692656,116,2,steady,resnet50_image,215,215,217,214.84735642686016,214.84735642686016,307.73
1790692656,116,2,steady,vgg16_image,478,478,457,478.026168224299,478.026168224299,494.421
1790692656,116,2,steady,vit_base_image,123,123,122,122.60061919504642,122.60061919504642,126.198
1790692657,117,2,steady,resnet50_image,215,215,215,214.84735642686016,214.84735642686016,307.73
1790692657,117,2,steady,vgg16_image,478,478,503,478.026168224299,478.026168224299,494.421
1790692657,117,2,steady,vit_base_image,122,122,123,122.60061919504642,122.60061919504642,126.198
1790692658,118,,,resnet50_image,215,215,215,,,307.73
1790692658,118,,,vgg16_image,478,478,482,,,494.421
1790692658,118,,,vit_base_image,123,123,123,,,126.198
1790692659,119,,,resnet50_image,215,214,213,,,307.73
1790692659,119,,,vgg16_image,478,478,510,,,494.421
1790692659,119,,,vit_base_image,123,122,126,,,126.198
1790692660,120,,,resnet50_image,215,215,201,,,307.73
1790692660,120,,,vgg16_image,478,478,310,,,494.421
1790692660,120,,,vit_base_image,122,123,114,,,126.198
1790692661,121,,,resnet50_image,214,215,227,,,307.73
1790692661,121,,,vgg16_image,478,478,490,,,494.421
1790692661,121,,,vit_base_image,123,123,123,,,126.198
1790692662,122,,,resnet50_image,215,215,218,,,307.73
1790692662,122,,,vgg16_image,478,478,481,,,494.421
1790692662,122,,,vit_base_image,122,122,128,,,126.198
1790692663,123,,,resnet50_image,215,215,213,,,307.73
1790692663,123,,,vgg16_image,478,478,511,,,494.421
1790692663,123,,,vit_base_image,123,123,111,,,126.198
1790692664,124,,,resnet50_image,215,214,216,,,307.73
1790692664,124,,,vgg16_image,478,478,480,,,494.421
1790692664,124,,,vit_base_image,123,122,126,,,126.198
1790692665,125,3,transition,resnet50_image,214,215,214,214.69028786341497,214.69028786341497,307.73
1790692665,125,3,transition,vgg16_image,477,477,480,478.026168224299,507.4542056074765,494.421
1790692665,125,3,transition,vit_base_image,123,123,124,122.60061919504642,122.60061919504642,126.198
1790692666,126,3,transition,resnet50_image,215,215,213,214.69028786341497,214.69028786341497,307.73
1790692666,126,3,transition,vgg16_image,478,478,480,478.026168224299,507.4542056074765,494.421
1790692666,126,3,transition,vit_base_image,122,123,130,122.60061919504642,122.60061919504642,126.198
1790692667,127,3,transition,resnet50_image,215,215,215,214.69028786341497,214.69028786341497,307.73
1790692667,127,3,transition,vgg16_image,478,442,384,478.026168224299,507.4542056074765,494.421
1790692667,127,3,transition,vit_base_image,123,123,118,122.60061919504642,122.60061919504642,126.198
1790692668,128,3,transition,resnet50_image,215,214,217,214.69028786341497,214.69028786341497,307.73
1790692668,128,3,transition,vgg16_image,478,479,480,478.026168224299,507.4542056074765,494.421
1790692668,128,3,transition,vit_base_image,122,122,123,122.60061919504642,122.60061919504642,126.198
1790692669,129,3,transition,resnet50_image,214,215,214,214.69028786341497,214.69028786341497,307.73
1790692669,129,3,transition,vgg16_image,478,477,480,478.026168224299,507.4542056074765,494.421
1790692669,129,3,transition,vit_base_image,123,123,119,122.60061919504642,122.60061919504642,126.198
1790692670,130,3,transition,resnet50_image,215,215,216,214.69028786341497,214.69028786341497,307.73
1790692670,130,3,transition,vgg16_image,478,478,512,478.026168224299,507.4542056074765,494.421
1790692670,130,3,transition,vit_base_image,123,122,121,122.60061919504642,122.60061919504642,126.198
1790692671,131,3,transition,resnet50_image,215,214,210,214.69028786341497,214.69028786341497,307.73
1790692671,131,3,transition,vgg16_image,478,478,448,478.026168224299,507.4542056074765,494.421
1790692671,131,3,transition,vit_base_image,122,123,125,122.60061919504642,122.60061919504642,126.198
1790692672,132,3,transition,resnet50_image,214,215,219,214.69028786341497,214.69028786341497,307.73
1790692672,132,3,transition,vgg16_image,478,479,480,478.026168224299,507.4542056074765,494.421
1790692672,132,3,transition,vit_base_image,123,123,125,122.60061919504642,122.60061919504642,126.198
1790692673,133,3,transition,resnet50_image,215,215,212,214.69028786341497,214.69028786341497,307.73
1790692673,133,3,transition,vgg16_image,478,477,480,478.026168224299,507.4542056074765,494.421
1790692673,133,3,transition,vit_base_image,122,122,126,122.60061919504642,122.60061919504642,126.198
1790692674,134,3,transition,resnet50_image,215,213,215,214.69028786341497,214.69028786341497,307.73
1790692674,134,3,transition,vgg16_image,478,476,486,478.026168224299,507.4542056074765,494.421
1790692674,134,3,transition,vit_base_image,123,122,112,122.60061919504642,122.60061919504642,126.198
1790692675,135,3,transition,resnet50_image,214,216,216,214.69028786341497,214.69028786341497,307.73
1790692675,135,3,transition,vgg16_image,478,480,506,478.026168224299,507.4542056074765,494.421
1790692675,135,3,transition,vit_base_image,123,123,126,122.60061919504642,122.60061919504642,126.198
1790692676,136,3,transition,resnet50_image,215,214,215,214.69028786341497,214.69028786341497,307.73
1790692676,136,3,transition,vgg16_image,478,478,471,478.026168224299,507.4542056074765,494.421
1790692676,136,3,transition,vit_base_image,122,123,126,122.60061919504642,122.60061919504642,126.198
1790692677,137,3,transition,resnet50_image,215,215,214,214.69028786341497,214.69028786341497,307.73
1790692677,137,3,transition,vgg16_image,478,479,489,478.026168224299,507.4542056074765,494.421
1790692677,137,3,transition,vit_base_image,123,123,111,122.60061919504642,122.60061919504642,126.198
1790692678,138,3,transition,resnet50_image,214,215,215,214.69028786341497,214.69028786341497,307.73
1790692678,138,3,transition,vgg16_image,478,477,480,478.026168224299,507.4542056074765,494.421
1790692678,138,3,transition,vit_base_image,122,122,139,122.60061919504642,122.60061919504642,126.198
1790692679,139,3,transition,resnet50_image,215,214,215,214.69028786341497,214.69028786341497,307.73
1790692679,139,3,transition,vgg16_image,478,444,387,478.026168224299,507.4542056074765,494.421
1790692679,139,3,transition,vit_base_image,123,123,116,122.60061919504642,122.60061919504642,126.198
1790692680,140,3,transition,resnet50_image,215,215,213,214.69028786341497,214.69028786341497,307.73
1790692680,140,3,transition,vgg16_image,478,479,509,478.026168224299,507.4542056074765,494.421
1790692680,140,3,transition,vit_base_image,123,122,118,122.60061919504642,122.60061919504642,126.198
1790692681,141,3,transition,resnet50_image,215,215,217,214.69028786341497,214.69028786341497,307.73
1790692681,141,3,transition,vgg16_image,478,478,480,478.026168224299,507.4542056074765,494.421
1790692681,141,3,transition,vit_base_image,122,123,116,122.60061919504642,122.60061919504642,126.198
1790692682,142,3,transition,resnet50_image,214,215,215,214.69028786341497,214.69028786341497,307.73
1790692682,142,3,transition,vgg16_image,478,479,480,478.026168224299,507.4542056074765,494.421
1790692682,142,3,transition,vit_base_image,123,123,137,122.60061919504642,122.60061919504642,126.198
1790692683,143,3,transition,resnet50_image,215,215,212,214.69028786341497,214.69028786341497,307.73
1790692683,143,3,transition,vgg16_image,478,477,480,478.026168224299,507.4542056074765,494.421
1790692683,143,3,transition,vit_base_image,122,122,110,122.60061919504642,122.60061919504642,126.198
1790692684,144,3,transition,resnet50_image,215,214,216,214.69028786341497,214.69028786341497,307.73
1790692684,144,3,transition,vgg16_image,478,479,576,478.026168224299,507.4542056074765,494.421
1790692684,144,3,transition,vit_base_image,123,123,137,122.60061919504642,122.60061919504642,126.198
1790692685,145,3,transition,resnet50_image,214,215,214,214.69028786341497,214.69028786341497,307.73
1790692685,145,3,transition,vgg16_image,478,478,565,478.026168224299,507.4542056074765,607.52
1790692685,145,3,transition,vit_base_image,123,122,109,122.60061919504642,122.60061919504642,126.198
1790692686,146,3,transition,resnet50_image,215,215,216,214.69028786341497,214.69028786341497,307.73
1790692686,146,3,transition,vgg16_image,479,478,477,478.026168224299,507.4542056074765,607.52
1790692686,146,3,transition,vit_base_image,122,123,139,122.60061919504642,122.60061919504642,126.198
1790692687,147,3,transition,resnet50_image,215,214,214,214.69028786341497,214.69028786341497,307.73
1790692687,147,3,transition,vgg16_image,478,477,481,478.026168224299,507.4542056074765,607.52
1790692687,147,3,transition,vit_base_image,123,123,117,122.60061919504642,122.60061919504642,126.198
1790692688,148,3,transition,resnet50_image,214,215,215,214.69028786341497,214.69028786341497,307.73
1790692688,148,3,transition,vgg16_image,478,479,476,478.026168224299,507.4542056074765,607.52
1790692688,148,3,transition,vit_base_image,122,122,124,122.60061919504642,122.60061919504642,126.198
1790692689,149,3,transition,resnet50_image,215,215,213,214.69028786341497,214.69028786341497,307.73
1790692689,149,3,transition,vgg16_image,478,478,476,478.026168224299,507.4542056074765,607.52
1790692689,149,3,transition,vit_base_image,123,123,119,122.60061919504642,122.60061919504642,126.198
1790692690,150,3,transition,resnet50_image,213,213,216,214.69028786341497,214.69028786341497,307.73
1790692690,150,3,transition,vgg16_image,488,488,411,478.026168224299,507.4542056074765,607.52
1790692690,150,3,transition,vit_base_image,123,123,108,122.60061919504642,122.60061919504642,126.198
1790692691,151,3,steady,resnet50_image,215,215,213,214.69028786341497,214.69028786341497,307.73
1790692691,151,3,steady,vgg16_image,507,507,560,507.4542056074765,507.4542056074765,607.52
1790692691,151,3,steady,vit_base_image,123,122,123,122.60061919504642,122.60061919504642,126.198
1790692692,152,3,steady,resnet50_image,215,214,216,214.69028786341497,214.69028786341497,307.73
1790692692,152,3,steady,vgg16_image,507,507,529,507.4542056074765,507.4542056074765,607.52
1790692692,152,3,steady,vit_base_image,122,123,122,122.60061919504642,122.60061919504642,126.198
1790692693,153,3,steady,resnet50_image,214,215,215,214.69028786341497,214.69028786341497,307.73
1790692693,153,3,steady,vgg16_image,508,508,510,507.4542056074765,507.4542056074765,607.52
1790692693,153,3,steady,vit_base_image,123,123,146,122.60061919504642,122.60061919504642,126.198
1790692694,154,3,steady,resnet50_image,215,215,214,214.69028786341497,214.69028786341497,307.73
1790692694,154,3,steady,vgg16_image,507,507,505,507.4542056074765,507.4542056074765,607.52
1790692694,154,3,steady,vit_base_image,122,122,111,122.60061919504642,122.60061919504642,126.198
1790692695,155,3,steady,resnet50_image,215,215,214,214.69028786341497,214.69028786341497,307.73
1790692695,155,3,steady,vgg16_image,508,508,398,507.4542056074765,507.4542056074765,607.52
1790692695,155,3,steady,vit_base_image,123,123,128,122.60061919504642,122.60061919504642,126.198
1790692696,156,3,steady,resnet50_image,215,214,216,214.69028786341497,214.69028786341497,307.73
1790692696,156,3,steady,vgg16_image,507,508,565,507.4542056074765,507.4542056074765,607.52
1790692696,156,3,steady,vit_base_image,123,122,119,122.60061919504642,122.60061919504642,126.198
1790692697,157,3,steady,resnet50_image,214,215,214,214.69028786341497,214.69028786341497,307.73
1790692697,157,3,steady,vgg16_image,508,507,515,507.4542056074765,507.4542056074765,607.52
1790692697,157,3,steady,vit_base_image,122,123,120,122.60061919504642,122.60061919504642,126.198
1790692698,158,3,steady,resnet50_image,215,215,215,214.69028786341497,214.69028786341497,307.73
1790692698,158,3,steady,vgg16_image,507,508,517,507.4542056074765,507.4542056074765,607.52
1790692698,158,3,steady,vit_base_image,123,123,127,122.60061919504642,122.60061919504642,126.198
1790692699,159,3,steady,resnet50_image,215,214,214,214.69028786341497,214.69028786341497,307.73
1790692699,159,3,steady,vgg16_image,508,507,478,507.4542056074765,507.4542056074765,607.52
1790692699,159,3,steady,vit_base_image,122,122,124,122.60061919504642,122.60061919504642,126.198
1790692700,160,3,steady,resnet50_image,214,215,213,214.69028786341497,214.69028786341497,307.73
1790692700,160,3,steady,vgg16_image,507,507,479,507.4542056074765,507.4542056074765,607.52
1790692700,160,3,steady,vit_base_image,123,123,122,122.60061919504642,122.60061919504642,126.198
1790692701,161,3,steady,resnet50_image,215,215,217,214.69028786341497,214.69028786341497,307.73
1790692701,161,3,steady,vgg16_image,507,508,512,507.4542056074765,507.4542056074765,607.52
1790692701,161,3,steady,vit_base_image,123,123,124,122.60061919504642,122.60061919504642,126.198
1790692702,162,3,steady,resnet50_image,215,214,213,214.69028786341497,214.69028786341497,307.73
1790692702,162,3,steady,vgg16_image,508,508,524,507.4542056074765,507.4542056074765,607.52
1790692702,162,3,steady,vit_base_image,122,122,122,122.60061919504642,122.60061919504642,126.198
1790692703,163,3,steady,resnet50_image,214,215,207,214.69028786341497,214.69028786341497,307.73
1790692703,163,3,steady,vgg16_image,507,507,455,507.4542056074765,507.4542056074765,607.52
1790692703,163,3,steady,vit_base_image,123,123,121,122.60061919504642,122.60061919504642,126.198
1790692704,164,3,steady,resnet50_image,215,215,224,214.69028786341497,214.69028786341497,307.73
1790692704,164,3,steady,vgg16_image,508,507,517,507.4542056074765,507.4542056074765,607.52
1790692704,164,3,steady,vit_base_image,122,122,117,122.60061919504642,122.60061919504642,126.198
1790692705,165,3,steady,resnet50_image,215,214,215,214.69028786341497,214.69028786341497,307.73
1790692705,165,3,steady,vgg16_image,507,507,546,507.4542056074765,507.4542056074765,607.52
1790692705,165,3,steady,vit_base_image,123,123,118,122.60061919504642,122.60061919504642,126.198
1790692706,166,3,steady,resnet50_image,214,215,214,214.69028786341497,214.69028786341497,307.73
1790692706,166,3,steady,vgg16_image,508,509,502,507.4542056074765,507.4542056074765,607.52
1790692706,166,3,steady,vit_base_image,123,123,135,122.60061919504642,122.60061919504642,126.198
1790692707,167,3,steady,resnet50_image,215,215,216,214.69028786341497,214.69028786341497,307.73
1790692707,167,3,steady,vgg16_image,507,507,527,507.4542056074765,507.4542056074765,607.52
1790692707,167,3,steady,vit_base_image,122,122,122,122.60061919504642,122.60061919504642,126.198
1790692708,168,3,steady,resnet50_image,215,214,214,214.69028786341497,214.69028786341497,307.73
1790692708,168,3,steady,vgg16_image,508,507,543,507.4542056074765,507.4542056074765,607.52
1790692708,168,3,steady,vit_base_image,123,123,123,122.60061919504642,122.60061919504642,126.198
1790692709,169,3,steady,resnet50_image,214,215,215,214.69028786341497,214.69028786341497,307.73
1790692709,169,3,steady,vgg16_image,507,508,518,507.4542056074765,507.4542056074765,607.52
1790692709,169,3,steady,vit_base_image,122,122,123,122.60061919504642,122.60061919504642,126.198
1790692710,170,3,steady,resnet50_image,215,215,215,214.69028786341497,214.69028786341497,307.73
1790692710,170,3,steady,vgg16_image,508,507,523,507.4542056074765,507.4542056074765,607.52
1790692710,170,3,steady,vit_base_image,123,123,121,122.60061919504642,122.60061919504642,126.198
1790692711,171,3,steady,resnet50_image,215,214,213,214.69028786341497,214.69028786341497,307.73
1790692711,171,3,steady,vgg16_image,507,507,511,507.4542056074765,507.4542056074765,607.52
1790692711,171,3,steady,vit_base_image,123,122,122,122.60061919504642,122.60061919504642,126.198
1790692712,172,3,steady,resnet50_image,215,215,214,214.69028786341497,214.69028786341497,307.73
1790692712,172,3,steady,vgg16_image,507,508,502,507.4542056074765,507.4542056074765,607.52
1790692712,172,3,steady,vit_base_image,122,123,123,122.60061919504642,122.60061919504642,126.198
1790692713,173,3,steady,resnet50_image,214,215,215,214.69028786341497,214.69028786341497,307.73
1790692713,173,3,steady,vgg16_image,508,507,510,507.4542056074765,507.4542056074765,607.52
1790692713,173,3,steady,vit_base_image,123,123,122,122.60061919504642,122.60061919504642,126.198
1790692714,174,3,steady,resnet50_image,215,215,216,214.69028786341497,214.69028786341497,307.73
1790692714,174,3,steady,vgg16_image,507,508,508,507.4542056074765,507.4542056074765,607.52
1790692714,174,3,steady,vit_base_image,122,122,121,122.60061919504642,122.60061919504642,126.198
1790692715,175,3,steady,resnet50_image,215,214,213,214.69028786341497,214.69028786341497,307.73
1790692715,175,3,steady,vgg16_image,508,507,506,507.4542056074765,507.4542056074765,607.52
1790692715,175,3,steady,vit_base_image,123,123,122,122.60061919504642,122.60061919504642,126.198
1790692716,176,3,steady,resnet50_image,214,215,214,214.69028786341497,214.69028786341497,307.73
1790692716,176,3,steady,vgg16_image,507,508,509,507.4542056074765,507.4542056074765,607.52
1790692716,176,3,steady,vit_base_image,123,123,124,122.60061919504642,122.60061919504642,126.198
1790692717,177,3,steady,resnet50_image,215,215,216,214.69028786341497,214.69028786341497,307.73
1790692717,177,3,steady,vgg16_image,508,507,512,507.4542056074765,507.4542056074765,607.52
1790692717,177,3,steady,vit_base_image,122,122,123,122.60061919504642,122.60061919504642,126.198
1790692718,178,3,steady,resnet50_image,215,215,216,214.69028786341497,214.69028786341497,307.73
1790692718,178,3,steady,vgg16_image,507,508,502,507.4542056074765,507.4542056074765,607.52
1790692718,178,3,steady,vit_base_image,123,123,121,122.60061919504642,122.60061919504642,126.198
1790692719,179,3,steady,resnet50_image,214,214,215,214.69028786341497,214.69028786341497,307.73
1790692719,179,3,steady,vgg16_image,508,507,509,507.4542056074765,507.4542056074765,607.52
1790692719,179,3,steady,vit_base_image,122,122,121,122.60061919504642,122.60061919504642,126.198
1790692720,180,3,steady,resnet50_image,215,214,214,214.69028786341497,214.69028786341497,307.73
1790692720,180,3,steady,vgg16_image,507,508,502,507.4542056074765,507.4542056074765,607.52
1790692720,180,3,steady,vit_base_image,123,123,124,122.60061919504642,122.60061919504642,126.198
1790692721,181,,,resnet50_image,215,215,214,,,307.73
1790692721,181,,,vgg16_image,508,507,513,,,607.52
1790692721,181,,,vit_base_image,123,122,122,,,126.198
1790692722,182,,,resnet50_image,214,215,215,,,307.73
1790692722,182,,,vgg16_image,507,507,509,,,607.52
1790692722,182,,,vit_base_image,122,123,121,,,126.198
1790692723,183,,,resnet50_image,215,215,213,,,307.73
1790692723,183,,,vgg16_image,507,507,507,,,607.52
1790692723,183,,,vit_base_image,123,123,136,,,126.198
1790692724,184,,,resnet50_image,215,215,217,,,307.73
1790692724,184,,,vgg16_image,508,509,506,,,607.52
1790692724,184,,,vit_base_image,122,122,109,,,126.198
1790692725,185,,,resnet50_image,215,213,205,,,307.73
1790692725,185,,,vgg16_image,507,506,485,,,607.52
1790692725,185,,,vit_base_image,123,122,135,,,126.198
1790692726,186,,,resnet50_image,214,216,224,,,307.73
1790692726,186,,,vgg16_image,508,508,443,,,607.52
1790692726,186,,,vit_base_image,123,123,114,,,126.198
1790692727,187,,,resnet50_image,211,211,212,,,307.73
1790692727,187,,,vgg16_image,503,504,564,,,607.52
1790692727,187,,,vit_base_image,123,123,112,,,126.198
1790692728,188,4,transition,resnet50_image,166,165,166,165.43807404023391,165.43807404023391,307.73
1790692728,188,4,transition,vgg16_image,462,461,488,461.5177570093458,461.5177570093458,607.52
1790692728,188,4,transition,vit_base_image,122,123,140,122.60061919504642,122.60061919504642,126.198
1790692729,189,4,transition,resnet50_image,165,166,165,165.43807404023391,165.43807404023391,307.73
1790692729,189,4,transition,vgg16_image,461,462,467,461.5177570093458,461.5177570093458,607.52
1790692729,189,4,transition,vit_base_image,123,123,112,122.60061919504642,122.60061919504642,126.198
1790692730,190,4,transition,resnet50_image,165,165,165,165.43807404023391,165.43807404023391,307.73
1790692730,190,4,transition,vgg16_image,462,462,461,461.5177570093458,461.5177570093458,607.52
1790692730,190,4,transition,vit_base_image,122,122,126,122.60061919504642,122.60061919504642,126.198
1790692731,191,4,transition,resnet50_image,166,165,166,165.43807404023391,165.43807404023391,307.73
1790692731,191,4,transition,vgg16_image,461,460,460,461.5177570093458,461.5177570093458,607.52
1790692731,191,4,transition,vit_base_image,123,123,126,122.60061919504642,122.60061919504642,126.198
1790692732,192,4,transition,resnet50_image,165,166,166,165.43807404023391,165.43807404023391,307.73
1790692732,192,4,transition,vgg16_image,462,462,464,461.5177570093458,461.5177570093458,607.52
1790692732,192,4,transition,vit_base_image,123,122,123,122.60061919504642,122.60061919504642,126.198
1790692733,193,4,transition,resnet50_image,166,163,154,165.43807404023391,165.43807404023391,307.73
1790692733,193,4,transition,vgg16_image,462,450,431,461.5177570093458,461.5177570093458,607.52
1790692733,193,4,transition,vit_base_image,122,120,123,122.60061919504642,122.60061919504642,126.198
1790692734,194,4,transition,resnet50_image,165,168,176,165.43807404023391,165.43807404023391,307.73
1790692734,194,4,transition,vgg16_image,461,474,451,461.5177570093458,461.5177570093458,607.52
1790692734,194,4,transition,vit_base_image,123,126,106,122.60061919504642,122.60061919504642,126.198
1790692735,195,4,transition,resnet50_image,166,165,166,165.43807404023391,165.43807404023391,307.73
1790692735,195,4,transition,vgg16_image,462,461,502,461.5177570093458,461.5177570093458,607.52
1790692735,195,4,transition,vit_base_image,122,122,145,122.60061919504642,122.60061919504642,126.198
1790692736,196,4,transition,resnet50_image,165,166,165,165.43807404023391,165.43807404023391,307.73
1790692736,196,4,transition,vgg16_image,461,462,461,461.5177570093458,461.5177570093458,607.52
1790692736,196,4,transition,vit_base_image,123,123,108,122.60061919504642,122.60061919504642,126.198
1790692737,197,4,transition,resnet50_image,165,165,138,165.43807404023391,165.43807404023391,187.183
1790692737,197,4,transition,vgg16_image,462,461,431,461.5177570093458,461.5177570093458,478.08
1790692737,197,4,transition,vit_base_image,123,123,132,122.60061919504642,122.60061919504642,126.198
1790692738,198,4,transition,resnet50_image,166,166,136,165.43807404023391,165.43807404023391,187.183
1790692738,198,4,transition,vgg16_image,461,461,435,461.5177570093458,461.5177570093458,478.08
1790692738,198,4,transition,vit_base_image,122,122,123,122.60061919504642,122.60061919504642,126.198
1790692739,199,4,transition,resnet50_image,165,165,135,165.43807404023391,165.43807404023391,187.183
1790692739,199,4,transition,vgg16_image,462,463,435,461.5177570093458,461.5177570093458,478.08
1790692739,199,4,transition,vit_base_image,123,123,117,122.60061919504642,122.60061919504642,126.198
1790692740,200,4,transition,resnet50_image,166,166,136,165.43807404023391,165.43807404023391,187.183
1790692740,200,4,transition,vgg16_image,461,461,438,461.5177570093458,461.5177570093458,478.08
1790692740,200,4,transition,vit_base_image,122,122,131,122.60061919504642,122.60061919504642,126.198
1790692741,201,4,transition,resnet50_image,165,165,137,165.43807404023391,165.43807404023391,187.183
1790692741,201,4,transition,vgg16_image,462,461,438,461.5177570093458,461.5177570093458,478.08
1790692741,201,4,transition,vit_base_image,123,123,127,122.60061919504642,122.60061919504642,126.198
1790692742,202,4,transition,resnet50_image,166,165,136,165.43807404023391,165.43807404023391,187.183
1790692742,202,4,transition,vgg16_image,461,461,437,461.5177570093458,461.5177570093458,478.08
1790692742,202,4,transition,vit_base_image,123,122,114,122.60061919504642,122.60061919504642,126.198
1790692743,203,4,transition,resnet50_image,165,166,135,165.43807404023391,165.43807404023391,187.183
1790692743,203,4,transition,vgg16_image,462,462,432,461.5177570093458,461.5177570093458,478.08
1790692743,203,4,transition,vit_base_image,122,123,128,122.60061919504642,122.60061919504642,126.198
1790692744,204,4,transition,resnet50_image,166,165,136,165.43807404023391,165.43807404023391,187.183
1790692744,204,4,transition,vgg16_image,461,462,437,461.5177570093458,461.5177570093458,478.08
1790692744,204,4,transition,vit_base_image,123,123,115,122.60061919504642,122.60061919504642,126.198
1790692745,205,4,transition,resnet50_image,165,154,135,165.43807404023391,165.43807404023391,187.183
1790692745,205,4,transition,vgg16_image,462,461,437,461.5177570093458,461.5177570093458,478.08
1790692745,205,4,transition,vit_base_image,122,122,126,122.60061919504642,122.60061919504642,126.198
1790692746,206,4,transition,resnet50_image,165,122,123,165.43807404023391,165.43807404023391,187.183
1790692746,206,4,transition,vgg16_image,461,402,389,461.5177570093458,461.5177570093458,478.08
1790692746,206,4,transition,vit_base_image,123,123,127,122.60061919504642,122.60061919504642,126.198
1790692747,207,4,transition,resnet50_image,166,136,135,165.43807404023391,165.43807404023391,187.183
1790692747,207,4,transition,vgg16_image,462,440,440,461.5177570093458,461.5177570093458,478.08
1790692747,207,4,transition,vit_base_image,123,122,118,122.60061919504642,122.60061919504642,126.198
1790692748,208,4,transition,resnet50_image,165,135,136,165.43807404023391,165.43807404023391,187.183
1790692748,208,4,transition,vgg16_image,461,439,442,461.5177570093458,461.5177570093458,478.08
1790692748,208,4,transition,vit_base_image,122,123,120,122.60061919504642,122.60061919504642,126.198
1790692749,209,4,transition,resnet50_image,166,137,136,165.43807404023391,165.43807404023391,187.183
1790692749,209,4,transition,vgg16_image,462,433,432,461.5177570093458,461.5177570093458,478.08
1790692749,209,4,transition,vit_base_image,123,123,120,122.60061919504642,122.60061919504642,126.198
1790692750,210,4,transition,resnet50_image,165,136,137,165.43807404023391,165.43807404023391,187.183
1790692750,210,4,transition,vgg16_image,461,440,439,461.5177570093458,461.5177570093458,478.08
1790692750,210,4,transition,vit_base_image,122,122,130,122.60061919504642,122.60061919504642,126.198
1790692751,211,4,transition,resnet50_image,166,136,135,165.43807404023391,165.43807404023391,187.183
1790692751,211,4,transition,vgg16_image,462,439,440,461.5177570093458,461.5177570093458,478.08
1790692751,211,4,transition,vit_base_image,123,123,134,122.60061919504642,122.60061919504642,126.198
1790692752,212,4,transition,resnet50_image,165,135,136,165.43807404023391,165.43807404023391,187.183
1790692752,212,4,transition,vgg16_image,461,442,441,461.5177570093458,461.5177570093458,478.08
1790692752,212,4,transition,vit_base_image,123,123,119,122.60061919504642,122.60061919504642,126.198
1790692753,213,4,transition,resnet50_image,165,135,135,165.43807404023391,165.43807404023391,187.183
1790692753,213,4,transition,vgg16_image,462,439,439,461.5177570093458,461.5177570093458,478.08
1790692753,213,4,transition,vit_base_image,122,122,116,122.60061919504642,122.60061919504642,126.198
1790692754,214,4,transition,resnet50_image,166,138,137,165.43807404023391,165.43807404023391,187.183
1790692754,214,4,transition,vgg16_image,461,438,437,461.5177570093458,461.5177570093458,478.08
1790692754,214,4,transition,vit_base_image,123,123,118,122.60061919504642,122.60061919504642,126.198
1790692755,215,4,transition,resnet50_image,165,134,135,165.43807404023391,165.43807404023391,187.183
1790692755,215,4,transition,vgg16_image,462,439,440,461.5177570093458,461.5177570093458,478.08
1790692755,215,4,transition,vit_base_image,122,122,123,122.60061919504642,122.60061919504642,126.198
1790692756,216,4,transition,resnet50_image,166,126,125,165.43807404023391,165.43807404023391,187.183
1790692756,216,4,transition,vgg16_image,461,405,404,461.5177570093458,461.5177570093458,478.08
1790692756,216,4,transition,vit_base_image,123,122,118,122.60061919504642,122.60061919504642,126.198
1790692757,217,4,transition,resnet50_image,165,131,131,165.43807404023391,165.43807404023391,187.183
1790692757,217,4,transition,vgg16_image,462,415,416,461.5177570093458,461.5177570093458,478.08
1790692757,217,4,transition,vit_base_image,123,123,121,122.60061919504642,122.60061919504642,126.198
1790692758,218,4,transition,resnet50_image,166,136,137,165.43807404023391,165.43807404023391,187.183
1790692758,218,4,transition,vgg16_image,461,439,440,461.5177570093458,461.5177570093458,478.08
1790692758,218,4,transition,vit_base_image,122,123,136,122.60061919504642,122.60061919504642,126.198
1790692759,219,4,transition,resnet50_image,165,136,135,165.43807404023391,165.43807404023391,187.183
1790692759,219,4,transition,vgg16_image,462,443,442,461.5177570093458,461.5177570093458,478.08
1790692759,219,4,transition,vit_base_image,123,123,123,122.60061919504642,122.60061919504642,126.198
1790692760,220,4,transition,resnet50_image,166,134,135,165.43807404023391,165.43807404023391,187.183
1790692760,220,4,transition,vgg16_image,461,442,442,461.5177570093458,461.5177570093458,478.08
1790692760,220,4,transition,vit_base_image,122,122,119,122.60061919504642,122.60061919504642,126.198
1790692761,221,4,transition,resnet50_image,165,136,135,165.43807404023391,165.43807404023391,187.183
1790692761,221,4,transition,vgg16_image,462,442,441,461.5177570093458,461.5177570093458,478.08
1790692761,221,4,transition,vit_base_image,123,123,123,122.60061919504642,122.60061919504642,126.198
1790692762,222,4,transition,resnet50_image,165,134,134,165.43807404023391,165.43807404023391,187.183
1790692762,222,4,transition,vgg16_image,462,441,442,461.5177570093458,461.5177570093458,478.08
1790692762,222,4,transition,vit_base_image,123,122,121,122.60061919504642,122.60061919504642,126.198
1790692763,223,4,transition,resnet50_image,166,137,137,165.43807404023391,165.43807404023391,187.183
1790692763,223,4,transition,vgg16_image,461,440,442,461.5177570093458,461.5177570093458,478.08
1790692763,223,4,transition,vit_base_image,122,123,122,122.60061919504642,122.60061919504642,126.198
1790692764,224,4,transition,resnet50_image,165,134,135,165.43807404023391,165.43807404023391,187.183
1790692764,224,4,transition,vgg16_image,462,441,440,461.5177570093458,461.5177570093458,478.08
1790692764,224,4,transition,vit_base_image,123,123,122,122.60061919504642,122.60061919504642,126.198
1790692765,225,4,transition,resnet50_image,166,136,135,165.43807404023391,165.43807404023391,187.183
1790692765,225,4,transition,vgg16_image,461,439,438,461.5177570093458,461.5177570093458,478.08
1790692765,225,4,transition,vit_base_image,122,122,122,122.60061919504642,122.60061919504642,126.198
1790692766,226,4,transition,resnet50_image,165,115,115,165.43807404023391,165.43807404023391,187.183
1790692766,226,4,transition,vgg16_image,462,373,372,461.5177570093458,461.5177570093458,478.08
1790692766,226,4,transition,vit_base_image,123,123,119,122.60061919504642,122.60061919504642,126.198
1790692767,227,4,transition,resnet50_image,166,135,135,165.43807404023391,165.43807404023391,187.183
1790692767,227,4,transition,vgg16_image,461,438,440,461.5177570093458,461.5177570093458,478.08
1790692767,227,4,transition,vit_base_image,123,123,121,122.60061919504642,122.60061919504642,126.198
1790692768,228,4,transition,resnet50_image,163,133,134,165.43807404023391,165.43807404023391,187.183
1790692768,228,4,transition,vgg16_image,459,437,438,461.5177570093458,461.5177570093458,478.08
1790692768,228,4,transition,vit_base_image,122,122,126,122.60061919504642,122.60061919504642,126.198
1790692769,229,4,steady,resnet50_image,166,136,135,165.43807404023391,165.43807404023391,187.183
1790692769,229,4,steady,vgg16_image,461,435,434,461.5177570093458,461.5177570093458,478.08
1790692769,229,4,steady,vit_base_image,122,122,111,122.60061919504642,122.60061919504642,126.198
1790692770,230,4,steady,resnet50_image,165,135,135,165.43807404023391,165.43807404023391,187.183
1790692770,230,4,steady,vgg16_image,462,437,435,461.5177570093458,461.5177570093458,478.08
1790692770,230,4,steady,vit_base_image,123,123,143,122.60061919504642,122.60061919504642,126.198
1790692771,231,4,steady,resnet50_image,166,135,135,165.43807404023391,165.43807404023391,187.183
1790692771,231,4,steady,vgg16_image,461,439,439,461.5177570093458,461.5177570093458,478.08
1790692771,231,4,steady,vit_base_image,123,123,113,122.60061919504642,122.60061919504642,126.198
1790692772,232,4,steady,resnet50_image,165,112,113,165.43807404023391,165.43807404023391,187.183
1790692772,232,4,steady,vgg16_image,462,359,360,461.5177570093458,461.5177570093458,478.08
1790692772,232,4,steady,vit_base_image,122,122,121,122.60061919504642,122.60061919504642,126.198
1790692773,233,4,steady,resnet50_image,166,135,134,165.43807404023391,165.43807404023391,187.183
1790692773,233,4,steady,vgg16_image,461,439,441,461.5177570093458,461.5177570093458,478.08
1790692773,233,4,steady,vit_base_image,123,123,112,122.60061919504642,122.60061919504642,126.198
1790692774,234,4,steady,resnet50_image,165,134,135,165.43807404023391,165.43807404023391,187.183
1790692774,234,4,steady,vgg16_image,462,441,438,461.5177570093458,461.5177570093458,478.08
1790692774,234,4,steady,vit_base_image,122,122,128,122.60061919504642,122.60061919504642,126.198
1790692775,235,4,steady,resnet50_image,165,135,135,165.43807404023391,165.43807404023391,187.183
1790692775,235,4,steady,vgg16_image,461,439,440,461.5177570093458,461.5177570093458,478.08
1790692775,235,4,steady,vit_base_image,123,123,123,122.60061919504642,122.60061919504642,126.198
1790692776,236,4,steady,resnet50_image,166,137,136,165.43807404023391,165.43807404023391,187.183
1790692776,236,4,steady,vgg16_image,462,437,437,461.5177570093458,461.5177570093458,478.08
1790692776,236,4,steady,vit_base_image,123,122,122,122.60061919504642,122.60061919504642,126.198
1790692777,237,4,steady,resnet50_image,165,135,135,165.43807404023391,165.43807404023391,187.183
1790692777,237,4,steady,vgg16_image,461,438,438,461.5177570093458,461.5177570093458,478.08
1790692777,237,4,steady,vit_base_image,122,123,134,122.60061919504642,122.60061919504642,126.198
1790692778,238,4,steady,resnet50_image,166,118,118,165.43807404023391,165.43807404023391,187.183
1790692778,238,4,steady,vgg16_image,462,383,382,461.5177570093458,461.5177570093458,478.08
1790692778,238,4,steady,vit_base_image,123,123,89,122.60061919504642,122.60061919504642,126.198
1790692779,239,4,steady,resnet50_image,165,134,134,165.43807404023391,165.43807404023391,187.183
1790692779,239,4,steady,vgg16_image,461,435,437,461.5177570093458,461.5177570093458,478.08
1790692779,239,4,steady,vit_base_image,122,122,123,122.60061919504642,122.60061919504642,126.198
1790692780,240,4,steady,resnet50_image,166,134,135,165.43807404023391,165.43807404023391,187.183
1790692780,240,4,steady,vgg16_image,462,442,441,461.5177570093458,461.5177570093458,478.08
1790692780,240,4,steady,vit_base_image,123,123,128,122.60061919504642,122.60061919504642,126.198
1790692781,241,4,steady,resnet50_image,165,136,135,165.43807404023391,165.43807404023391,187.183
1790692781,241,4,steady,vgg16_image,461,441,441,461.5177570093458,461.5177570093458,478.08
1790692781,241,4,steady,vit_base_image,123,122,128,122.60061919504642,122.60061919504642,126.198
1790692782,242,4,steady,resnet50_image,166,135,136,165.43807404023391,165.43807404023391,187.183
1790692782,242,4,steady,vgg16_image,462,439,441,461.5177570093458,461.5177570093458,478.08
1790692782,242,4,steady,vit_base_image,122,123,128,122.60061919504642,122.60061919504642,126.198
1790692783,243,4,steady,resnet50_image,165,136,135,165.43807404023391,165.43807404023391,187.183
1790692783,243,4,steady,vgg16_image,461,439,437,461.5177570093458,461.5177570093458,478.08
1790692783,243,4,steady,vit_base_image,123,123,127,122.60061919504642,122.60061919504642,126.198
1790692784,244,4,steady,resnet50_image,165,135,136,165.43807404023391,165.43807404023391,187.183
1790692784,244,4,steady,vgg16_image,462,441,441,461.5177570093458,461.5177570093458,478.08
1790692784,244,4,steady,vit_base_image,122,122,117,122.60061919504642,122.60061919504642,126.198
1790692785,245,4,steady,resnet50_image,166,137,136,165.43807404023391,165.43807404023391,187.183
1790692785,245,4,steady,vgg16_image,461,437,437,461.5177570093458,461.5177570093458,478.08
1790692785,245,4,steady,vit_base_image,123,123,147,122.60061919504642,122.60061919504642,126.198
1790692786,246,4,steady,resnet50_image,165,135,136,165.43807404023391,165.43807404023391,187.183
1790692786,246,4,steady,vgg16_image,462,437,437,461.5177570093458,461.5177570093458,478.08
1790692786,246,4,steady,vit_base_image,123,122,114,122.60061919504642,122.60061919504642,126.198
1790692787,247,4,steady,resnet50_image,166,135,135,165.43807404023391,165.43807404023391,187.183
1790692787,247,4,steady,vgg16_image,461,438,438,461.5177570093458,461.5177570093458,478.08
1790692787,247,4,steady,vit_base_image,122,123,117,122.60061919504642,122.60061919504642,126.198
1790692788,248,4,steady,resnet50_image,165,135,135,165.43807404023391,165.43807404023391,187.183
1790692788,248,4,steady,vgg16_image,462,437,437,461.5177570093458,461.5177570093458,478.08
1790692788,248,4,steady,vit_base_image,123,123,128,122.60061919504642,122.60061919504642,126.198
1790692789,249,4,steady,resnet50_image,166,136,136,165.43807404023391,165.43807404023391,187.183
1790692789,249,4,steady,vgg16_image,461,441,440,461.5177570093458,461.5177570093458,478.08
1790692789,249,4,steady,vit_base_image,122,122,122,122.60061919504642,122.60061919504642,126.198
1790692790,250,4,steady,resnet50_image,165,136,135,165.43807404023391,165.43807404023391,187.183
1790692790,250,4,steady,vgg16_image,462,441,443,461.5177570093458,461.5177570093458,478.08
1790692790,250,4,steady,vit_base_image,123,123,118,122.60061919504642,122.60061919504642,126.198
1790692791,251,4,steady,resnet50_image,165,135,136,165.43807404023391,165.43807404023391,187.183
1790692791,251,4,steady,vgg16_image,461,441,439,461.5177570093458,461.5177570093458,478.08
1790692791,251,4,steady,vit_base_image,123,122,128,122.60061919504642,122.60061919504642,126.198
1790692792,252,4,steady,resnet50_image,166,136,135,165.43807404023391,165.43807404023391,187.183
1790692792,252,4,steady,vgg16_image,462,440,441,461.5177570093458,461.5177570093458,478.08
1790692792,252,4,steady,vit_base_image,122,123,134,122.60061919504642,122.60061919504642,126.198
1790692793,253,4,steady,resnet50_image,165,134,134,165.43807404023391,165.43807404023391,187.183
1790692793,253,4,steady,vgg16_image,461,441,441,461.5177570093458,461.5177570093458,478.08
1790692793,253,4,steady,vit_base_image,123,123,121,122.60061919504642,122.60061919504642,126.198
1790692794,254,4,steady,resnet50_image,166,135,135,165.43807404023391,165.43807404023391,187.183
1790692794,254,4,steady,vgg16_image,462,435,434,461.5177570093458,461.5177570093458,478.08
1790692794,254,4,steady,vit_base_image,122,122,114,122.60061919504642,122.60061919504642,126.198
1790692795,255,4,steady,resnet50_image,165,126,126,165.43807404023391,165.43807404023391,187.183
1790692795,255,4,steady,vgg16_image,461,390,390,461.5177570093458,461.5177570093458,478.08
1790692795,255,4,steady,vit_base_image,123,123,120,122.60061919504642,122.60061919504642,126.198
1790692796,256,4,steady,resnet50_image,166,131,132,165.43807404023391,165.43807404023391,187.183
1790692796,256,4,steady,vgg16_image,462,430,431,461.5177570093458,461.5177570093458,478.08
1790692796,256,4,steady,vit_base_image,123,122,127,122.60061919504642,122.60061919504642,126.198
1790692797,257,4,steady,resnet50_image,165,135,135,165.43807404023391,165.43807404023391,187.183
1790692797,257,4,steady,vgg16_image,462,437,437,461.5177570093458,461.5177570093458,478.08
1790692797,257,4,steady,vit_base_image,122,123,127,122.60061919504642,122.60061919504642,126.198
1790692798,258,4,steady,resnet50_image,166,135,134,165.43807404023391,165.43807404023391,187.183
1790692798,258,4,steady,vgg16_image,461,434,436,461.5177570093458,461.5177570093458,478.08
1790692798,258,4,steady,vit_base_image,123,123,117,122.60061919504642,122.60061919504642,126.198
1790692799,259,,,resnet50_image,165,136,136,,,187.183
1790692799,259,,,vgg16_image,462,440,438,,,478.08
1790692799,259,,,vit_base_image,122,122,119,,,126.198
1790692800,260,,,resnet50_image,165,135,135,,,187.183
1790692800,260,,,vgg16_image,461,439,439,,,478.08
1790692800,260,,,vit_base_image,123,123,123,,,126.198
1790692801,261,,,resnet50_image,166,135,136,,,187.183
1790692801,261,,,vgg16_image,462,439,441,,,478.08
1790692801,261,,,vit_base_image,123,122,125,,,126.198
1790692802,262,,,resnet50_image,165,136,136,,,187.183
1790692802,262,,,vgg16_image,461,439,438,,,478.08
1790692802,262,,,vit_base_image,122,123,123,,,126.198
1790692803,263,,,resnet50_image,166,136,135,,,187.183
1790692803,263,,,vgg16_image,462,438,437,,,478.08
1790692803,263,,,vit_base_image,123,123,115,,,126.198
1790692804,264,,,resnet50_image,165,136,136,,,187.183
1790692804,264,,,vgg16_image,461,439,439,,,478.08
1790692804,264,,,vit_base_image,122,122,132,,,126.198
1790692805,265,,,resnet50_image,166,135,136,,,187.183
1790692805,265,,,vgg16_image,462,437,437,,,478.08
1790692805,265,,,vit_base_image,123,123,126,,,126.198
1790692806,266,,,resnet50_image,165,135,135,,,187.183
1790692806,266,,,vgg16_image,461,437,438,,,478.08
1790692806,266,,,vit_base_image,123,122,118,,,126.198
1790692807,267,,,resnet50_image,165,122,122,,,187.183
1790692807,267,,,vgg16_image,462,381,380,,,478.08
1790692807,267,,,vit_base_image,122,123,114,,,126.198
1790692808,268,,,resnet50_image,136,118,135,,,187.183
1790692808,268,,,vgg16_image,460,431,431,,,478.08
1790692808,268,,,vit_base_image,123,123,126,,,126.198
1790692809,269,5,transition,resnet50_image,92,91,135,91.3690271927075,91.3690271927075,187.183
1790692809,269,5,transition,vgg16_image,461,432,433,461.5177570093458,462.9532710280373,478.08
1790692809,269,5,transition,vit_base_image,123,122,128,122.60061919504642,122.60061919504642,126.198
1790692810,270,5,transition,resnet50_image,91,92,134,91.3690271927075,91.3690271927075,187.183
1790692810,270,5,transition,vgg16_image,462,434,435,461.5177570093458,462.9532710280373,478.08
1790692810,270,5,transition,vit_base_image,122,123,115,122.60061919504642,122.60061919504642,126.198
1790692811,271,5,transition,resnet50_image,91,91,136,91.3690271927075,91.3690271927075,187.183
1790692811,271,5,transition,vgg16_image,461,439,436,461.5177570093458,462.9532710280373,478.08
1790692811,271,5,transition,vit_base_image,123,123,115,122.60061919504642,122.60061919504642,126.198
1790692812,272,5,transition,resnet50_image,92,92,134,91.3690271927075,91.3690271927075,187.183
1790692812,272,5,transition,vgg16_image,462,434,435,461.5177570093458,462.9532710280373,478.08
1790692812,272,5,transition,vit_base_image,123,122,144,122.60061919504642,122.60061919504642,126.198
1790692813,273,5,transition,resnet50_image,91,84,116,91.3690271927075,91.3690271927075,187.183
1790692813,273,5,transition,vgg16_image,461,370,373,461.5177570093458,462.9532710280373,478.08
1790692813,273,5,transition,vit_base_image,122,113,91,122.60061919504642,122.60061919504642,126.198
1790692814,274,5,transition,resnet50_image,91,98,130,91.3690271927075,91.3690271927075,187.183
1790692814,274,5,transition,vgg16_image,462,435,433,461.5177570093458,462.9532710280373,478.08
1790692814,274,5,transition,vit_base_image,123,133,141,122.60061919504642,122.60061919504642,126.198
1790692815,275,5,transition,resnet50_image,92,92,91,91.3690271927075,91.3690271927075,187.183
1790692815,275,5,transition,vgg16_image,461,439,438,461.5177570093458,462.9532710280373,478.08
1790692815,275,5,transition,vit_base_image,122,122,120,122.60061919504642,122.60061919504642,126.198
1790692816,276,5,transition,resnet50_image,91,91,92,91.3690271927075,91.3690271927075,187.183
1790692816,276,5,transition,vgg16_image,462,437,437,461.5177570093458,462.9532710280373,478.08
1790692816,276,5,transition,vit_base_image,123,123,118,122.60061919504642,122.60061919504642,126.198
1790692817,277,5,transition,resnet50_image,92,91,91,91.3690271927075,91.3690271927075,187.183
1790692817,277,5,transition,vgg16_image,461,433,434,461.5177570093458,462.9532710280373,478.08
1790692817,277,5,transition,vit_base_image,123,122,133,122.60061919504642,122.60061919504642,126.198
1790692818,278,5,transition,resnet50_image,91,92,91,91.3690271927075,91.3690271927075,187.183
1790692818,278,5,transition,vgg16_image,462,440,439,461.5177570093458,462.9532710280373,478.08
1790692818,278,5,transition,vit_base_image,122,123,118,122.60061919504642,122.60061919504642,126.198
1790692819,279,5,transition,resnet50_image,91,91,92,91.3690271927075,91.3690271927075,187.183
1790692819,279,5,transition,vgg16_image,461,436,436,461.5177570093458,462.9532710280373,478.08
1790692819,279,5,transition,vit_base_image,123,122,119,122.60061919504642,122.60061919504642,126.198
1790692820,280,5,transition,resnet50_image,92,92,91,91.3690271927075,91.3690271927075,187.183
1790692820,280,5,transition,vgg16_image,462,434,433,461.5177570093458,462.9532710280373,478.08
1790692820,280,5,transition,vit_base_image,122,123,129,122.60061919504642,122.60061919504642,126.198
1790692821,281,5,transition,resnet50_image,91,91,92,91.3690271927075,91.3690271927075,187.183
1790692821,281,5,transition,vgg16_image,461,440,441,461.5177570093458,462.9532710280373,478.08
1790692821,281,5,transition,vit_base_image,123,123,124,122.60061919504642,122.60061919504642,126.198
1790692822,282,5,transition,resnet50_image,91,91,91,91.3690271927075,91.3690271927075,187.183
1790692822,282,5,transition,vgg16_image,462,438,437,461.5177570093458,462.9532710280373,478.08
1790692822,282,5,transition,vit_base_image,123,122,130,122.60061919504642,122.60061919504642,126.198
1790692823,283,5,transition,resnet50_image,92,92,92,91.3690271927075,91.3690271927075,187.183
1790692823,283,5,transition,vgg16_image,461,437,438,461.5177570093458,462.9532710280373,478.08
1790692823,283,5,transition,vit_base_image,122,123,124,122.60061919504642,122.60061919504642,126.198
1790692824,284,5,transition,resnet50_image,91,91,91,91.3690271927075,91.3690271927075,187.183
1790692824,284,5,transition,vgg16_image,462,437,436,461.5177570093458,462.9532710280373,478.08
1790692824,284,5,transition,vit_base_image,123,123,126,122.60061919504642,122.60061919504642,126.198
1790692825,285,5,transition,resnet50_image,92,91,91,91.3690271927075,91.3690271927075,187.183
1790692825,285,5,transition,vgg16_image,462,436,437,461.5177570093458,462.9532710280373,478.08
1790692825,285,5,transition,vit_base_image,122,122,124,122.60061919504642,122.60061919504642,126.198
1790692826,286,5,transition,resnet50_image,91,92,92,91.3690271927075,91.3690271927075,187.183
1790692826,286,5,transition,vgg16_image,461,437,438,461.5177570093458,462.9532710280373,478.08
1790692826,286,5,transition,vit_base_image,123,123,112,122.60061919504642,122.60061919504642,126.198
1790692827,287,5,transition,resnet50_image,91,91,91,91.3690271927075,91.3690271927075,187.183
1790692827,287,5,transition,vgg16_image,462,437,436,461.5177570093458,462.9532710280373,478.08
1790692827,287,5,transition,vit_base_image,123,122,119,122.60061919504642,122.60061919504642,126.198
1790692828,288,5,transition,resnet50_image,92,92,92,91.3690271927075,91.3690271927075,187.183
1790692828,288,5,transition,vgg16_image,461,437,437,461.5177570093458,462.9532710280373,478.08
1790692828,288,5,transition,vit_base_image,122,123,130,122.60061919504642,122.60061919504642,126.198
1790692829,289,5,transition,resnet50_image,91,91,78,91.3690271927075,91.3690271927075,187.183
1790692829,289,5,transition,vgg16_image,462,372,372,461.5177570093458,462.9532710280373,478.08
1790692829,289,5,transition,vit_base_image,123,123,130,122.60061919504642,122.60061919504642,126.198
1790692830,290,5,transition,resnet50_image,91,91,104,91.3690271927075,91.3690271927075,187.183
1790692830,290,5,transition,vgg16_image,461,435,434,461.5177570093458,462.9532710280373,478.08
1790692830,290,5,transition,vit_base_image,122,122,107,122.60061919504642,122.60061919504642,126.198
1790692831,291,5,transition,resnet50_image,92,92,92,91.3690271927075,91.3690271927075,187.183
1790692831,291,5,transition,vgg16_image,462,438,439,461.5177570093458,462.9532710280373,478.08
1790692831,291,5,transition,vit_base_image,123,123,134,122.60061919504642,122.60061919504642,126.198
1790692832,292,5,transition,resnet50_image,91,91,91,91.3690271927075,91.3690271927075,187.183
1790692832,292,5,transition,vgg16_image,461,440,440,461.5177570093458,462.9532710280373,478.08
1790692832,292,5,transition,vit_base_image,123,122,123,122.60061919504642,122.60061919504642,126.198
1790692833,293,5,transition,resnet50_image,91,91,91,91.3690271927075,91.3690271927075,187.183
1790692833,293,5,transition,vgg16_image,462,439,439,461.5177570093458,462.9532710280373,478.08
1790692833,293,5,transition,vit_base_image,122,123,119,122.60061919504642,122.60061919504642,126.198
1790692834,294,5,transition,resnet50_image,92,92,92,91.3690271927075,91.3690271927075,187.183
1790692834,294,5,transition,vgg16_image,461,435,435,461.5177570093458,462.9532710280373,478.08
1790692834,294,5,transition,vit_base_image,123,123,119,122.60061919504642,122.60061919504642,126.198
1790692835,295,5,transition,resnet50_image,91,91,91,91.3690271927075,91.3690271927075,187.183
1790692835,295,5,transition,vgg16_image,462,439,439,461.5177570093458,462.9532710280373,478.08
1790692835,295,5,transition,vit_base_image,122,122,124,122.60061919504642,122.60061919504642,126.198
1790692836,296,5,transition,resnet50_image,92,91,91,91.3690271927075,91.3690271927075,187.183
1790692836,296,5,transition,vgg16_image,461,437,438,461.5177570093458,462.9532710280373,478.08
1790692836,296,5,transition,vit_base_image,123,123,129,122.60061919504642,122.60061919504642,126.198
1790692837,297,5,transition,resnet50_image,91,92,92,91.3690271927075,91.3690271927075,187.183
1790692837,297,5,transition,vgg16_image,462,406,406,461.5177570093458,462.9532710280373,478.08
1790692837,297,5,transition,vit_base_image,123,123,120,122.60061919504642,122.60061919504642,126.198
1790692838,298,5,transition,resnet50_image,91,91,91,91.3690271927075,91.3690271927075,187.183
1790692838,298,5,transition,vgg16_image,461,438,438,461.5177570093458,462.9532710280373,478.08
1790692838,298,5,transition,vit_base_image,122,122,119,122.60061919504642,122.60061919504642,126.198
1790692839,299,5,transition,resnet50_image,92,92,92,91.3690271927075,91.3690271927075,187.183
1790692839,299,5,transition,vgg16_image,462,437,436,461.5177570093458,462.9532710280373,478.08
1790692839,299,5,transition,vit_base_image,123,123,118,122.60061919504642,122.60061919504642,126.198
1790692840,300,5,transition,resnet50_image,91,91,91,91.3690271927075,91.3690271927075,187.183
1790692840,300,5,transition,vgg16_image,461,436,436,461.5177570093458,462.9532710280373,478.08
1790692840,300,5,transition,vit_base_image,122,122,125,122.60061919504642,122.60061919504642,126.198
1790692841,301,5,transition,resnet50_image,91,91,91,91.3690271927075,91.3690271927075,187.183
1790692841,301,5,transition,vgg16_image,462,440,440,461.5177570093458,462.9532710280373,478.08
1790692841,301,5,transition,vit_base_image,123,123,127,122.60061919504642,122.60061919504642,126.198
1790692842,302,5,transition,resnet50_image,92,92,92,91.3690271927075,91.3690271927075,187.183
1790692842,302,5,transition,vgg16_image,461,363,363,461.5177570093458,462.9532710280373,478.08
1790692842,302,5,transition,vit_base_image,123,122,107,122.60061919504642,122.60061919504642,126.198
1790692843,303,5,transition,resnet50_image,91,91,91,91.3690271927075,91.3690271927075,187.183
1790692843,303,5,transition,vgg16_image,462,439,441,461.5177570093458,462.9532710280373,478.08
1790692843,303,5,transition,vit_base_image,122,123,139,122.60061919504642,122.60061919504642,126.198
1790692844,304,5,transition,resnet50_image,92,91,91,91.3690271927075,91.3690271927075,187.183
1790692844,304,5,transition,vgg16_image,461,441,439,461.5177570093458,462.9532710280373,478.08
1790692844,304,5,transition,vit_base_image,123,123,121,122.60061919504642,122.60061919504642,126.198
1790692845,305,5,transition,resnet50_image,91,92,92,91.3690271927075,91.3690271927075,187.183
1790692845,305,5,transition,vgg16_image,462,441,440,461.5177570093458,462.9532710280373,478.08
1790692845,305,5,transition,vit_base_image,122,122,114,122.60061919504642,122.60061919504642,126.198
1790692846,306,5,transition,resnet50_image,91,91,91,91.3690271927075,91.3690271927075,187.183
1790692846,306,5,transition,vgg16_image,461,440,441,461.5177570093458,462.9532710280373,478.08
1790692846,306,5,transition,vit_base_image,123,123,132,122.60061919504642,122.60061919504642,126.198
1790692847,307,5,transition,resnet50_image,92,91,92,91.3690271927075,91.3690271927075,187.183
1790692847,307,5,transition,vgg16_image,462,440,440,461.5177570093458,462.9532710280373,478.08
1790692847,307,5,transition,vit_base_image,123,122,123,122.60061919504642,122.60061919504642,126.198
1790692848,308,5,transition,resnet50_image,91,92,91,91.3690271927075,91.3690271927075,187.183
1790692848,308,5,transition,vgg16_image,461,441,449,461.5177570093458,462.9532710280373,476.781
1790692848,308,5,transition,vit_base_image,122,123,153,122.60061919504642,122.60061919504642,189.297
1790692849,309,5,transition,resnet50_image,91,91,91,91.3690271927075,91.3690271927075,187.183
1790692849,309,5,transition,vgg16_image,462,461,480,461.5177570093458,462.9532710280373,476.781
1790692849,309,5,transition,vit_base_image,123,123,115,122.60061919504642,122.60061919504642,189.297
1790692850,310,5,transition,resnet50_image,92,92,92,91.3690271927075,91.3690271927075,187.183
1790692850,310,5,transition,vgg16_image,461,462,464,461.5177570093458,462.9532710280373,476.781
1790692850,310,5,transition,vit_base_image,122,122,114,122.60061919504642,122.60061919504642,126.198
1790692851,311,5,transition,resnet50_image,91,91,91,91.3690271927075,91.3690271927075,187.183
1790692851,311,5,transition,vgg16_image,462,462,464,461.5177570093458,462.9532710280373,476.781
1790692851,311,5,transition,vit_base_image,123,123,113,122.60061919504642,122.60061919504642,126.198
1790692852,312,5,transition,resnet50_image,91,91,91,91.3690271927075,91.3690271927075,187.183
1790692852,312,5,transition,vgg16_image,462,454,448,461.5177570093458,462.9532710280373,476.781
1790692852,312,5,transition,vit_base_image,123,122,108,122.60061919504642,122.60061919504642,126.198
1790692853,313,5,transition,resnet50_image,92,92,92,91.3690271927075,91.3690271927075,187.183
1790692853,313,5,transition,vgg16_image,461,461,464,461.5177570093458,462.9532710280373,476.781
1790692853,313,5,transition,vit_base_image,122,123,128,122.60061919504642,122.60061919504642,126.198
1790692854,314,5,transition,resnet50_image,91,91,91,91.3690271927075,91.3690271927075,187.183
1790692854,314,5,transition,vgg16_image,462,462,464,461.5177570093458,462.9532710280373,476.781
1790692854,314,5,transition,vit_base_image,123,123,113,122.60061919504642,122.60061919504642,126.198
1790692855,315,5,transition,resnet50_image,92,91,91,91.3690271927075,91.3690271927075,187.183
1790692855,315,5,transition,vgg16_image,461,460,476,461.5177570093458,462.9532710280373,476.781
1790692855,315,5,transition,vit_base_image,122,122,118,122.60061919504642,122.60061919504642,126.198
1790692856,316,5,transition,resnet50_image,91,92,92,91.3690271927075,91.3690271927075,187.183
1790692856,316,5,transition,vgg16_image,462,463,468,461.5177570093458,462.9532710280373,476.781
1790692856,316,5,transition,vit_base_image,123,123,118,122.60061919504642,122.60061919504642,126.198
1790692857,317,5,transition,resnet50_image,91,91,91,91.3690271927075,91.3690271927075,187.183
1790692857,317,5,transition,vgg16_image,461,461,464,461.5177570093458,462.9532710280373,476.781
1790692857,317,5,transition,vit_base_image,123,122,122,122.60061919504642,122.60061919504642,126.198
1790692858,318,5,transition,resnet50_image,92,92,92,91.3690271927075,91.3690271927075,187.183
1790692858,318,5,transition,vgg16_image,462,462,464,461.5177570093458,462.9532710280373,476.781
1790692858,318,5,transition,vit_base_image,122,123,126,122.60061919504642,122.60061919504642,126.198
1790692859,319,5,transition,resnet50_image,91,91,91,91.3690271927075,91.3690271927075,187.183
1790692859,319,5,transition,vgg16_image,461,462,464,461.5177570093458,462.9532710280373,476.781
1790692859,319,5,transition,vit_base_image,123,123,128,122.60061919504642,122.60061919504642,126.198
1790692860,320,5,transition,resnet50_image,91,91,91,91.3690271927075,91.3690271927075,187.183
1790692860,320,5,transition,vgg16_image,461,461,464,461.5177570093458,462.9532710280373,476.781
1790692860,320,5,transition,vit_base_image,122,122,128,122.60061919504642,122.60061919504642,126.198
1790692861,321,5,steady,resnet50_image,91,91,91,91.3690271927075,91.3690271927075,187.183
1790692861,321,5,steady,vgg16_image,463,444,400,462.9532710280373,462.9532710280373,476.781
1790692861,321,5,steady,vit_base_image,123,123,116,122.60061919504642,122.60061919504642,126.198
1790692862,322,5,steady,resnet50_image,92,92,92,91.3690271927075,91.3690271927075,187.183
1790692862,322,5,steady,vgg16_image,463,464,464,462.9532710280373,462.9532710280373,476.781
1790692862,322,5,steady,vit_base_image,122,122,128,122.60061919504642,122.60061919504642,126.198
1790692863,323,5,steady,resnet50_image,91,91,91,91.3690271927075,91.3690271927075,187.183
1790692863,323,5,steady,vgg16_image,463,463,464,462.9532710280373,462.9532710280373,476.781
1790692863,323,5,steady,vit_base_image,123,123,96,122.60061919504642,122.60061919504642,126.198
1790692864,324,5,steady,resnet50_image,92,92,92,91.3690271927075,91.3690271927075,187.183
1790692864,324,5,steady,vgg16_image,463,463,464,462.9532710280373,462.9532710280373,476.781
1790692864,324,5,steady,vit_base_image,123,123,128,122.60061919504642,122.60061919504642,126.198
1790692865,325,5,steady,resnet50_image,91,91,91,91.3690271927075,91.3690271927075,187.183
1790692865,325,5,steady,vgg16_image,463,463,464,462.9532710280373,462.9532710280373,476.781
1790692865,325,5,steady,vit_base_image,122,122,128,122.60061919504642,122.60061919504642,126.198
1790692866,326,5,steady,resnet50_image,91,91,91,91.3690271927075,91.3690271927075,187.183
1790692866,326,5,steady,vgg16_image,463,463,464,462.9532710280373,462.9532710280373,476.781
1790692866,326,5,steady,vit_base_image,123,123,128,122.60061919504642,122.60061919504642,126.198
1790692867,327,5,steady,resnet50_image,92,92,92,91.3690271927075,91.3690271927075,187.183
1790692867,327,5,steady,vgg16_image,463,452,448,462.9532710280373,462.9532710280373,476.781
1790692867,327,5,steady,vit_base_image,122,122,128,122.60061919504642,122.60061919504642,126.198
1790692868,328,5,steady,resnet50_image,91,91,91,91.3690271927075,91.3690271927075,187.183
1790692868,328,5,steady,vgg16_image,463,463,464,462.9532710280373,462.9532710280373,476.781
1790692868,328,5,steady,vit_base_image,123,123,96,122.60061919504642,122.60061919504642,126.198
1790692869,329,5,steady,resnet50_image,91,91,92,91.3690271927075,91.3690271927075,187.183
1790692869,329,5,steady,vgg16_image,463,463,464,462.9532710280373,462.9532710280373,476.781
1790692869,329,5,steady,vit_base_image,123,123,128,122.60061919504642,122.60061919504642,126.198
1790692870,330,5,steady,resnet50_image,92,92,91,91.3690271927075,91.3690271927075,187.183
1790692870,330,5,steady,vgg16_image,463,463,464,462.9532710280373,462.9532710280373,476.781
1790692870,330,5,steady,vit_base_image,122,122,128,122.60061919504642,122.60061919504642,126.198
1790692871,331,5,steady,resnet50_image,91,91,91,91.3690271927075,91.3690271927075,187.183
1790692871,331,5,steady,vgg16_image,463,464,464,462.9532710280373,462.9532710280373,476.781
1790692871,331,5,steady,vit_base_image,123,123,128,122.60061919504642,122.60061919504642,126.198
1790692872,332,5,steady,resnet50_image,92,91,92,91.3690271927075,91.3690271927075,187.183
1790692872,332,5,steady,vgg16_image,463,463,480,462.9532710280373,462.9532710280373,476.781
1790692872,332,5,steady,vit_base_image,122,122,112,122.60061919504642,122.60061919504642,126.198
1790692873,333,5,steady,resnet50_image,91,92,91,91.3690271927075,91.3690271927075,187.183
1790692873,333,5,steady,vgg16_image,463,463,464,462.9532710280373,462.9532710280373,476.781
1790692873,333,5,steady,vit_base_image,123,123,112,122.60061919504642,122.60061919504642,126.198
1790692874,334,5,steady,resnet50_image,91,91,91,91.3690271927075,91.3690271927075,187.183
1790692874,334,5,steady,vgg16_image,463,462,464,462.9532710280373,462.9532710280373,476.781
1790692874,334,5,steady,vit_base_image,123,122,128,122.60061919504642,122.60061919504642,126.198
1790692875,335,5,steady,resnet50_image,92,91,92,91.3690271927075,91.3690271927075,187.183
1790692875,335,5,steady,vgg16_image,463,463,464,462.9532710280373,462.9532710280373,476.781
1790692875,335,5,steady,vit_base_image,122,123,128,122.60061919504642,122.60061919504642,126.198
1790692876,336,5,steady,resnet50_image,91,92,91,91.3690271927075,91.3690271927075,187.183
1790692876,336,5,steady,vgg16_image,463,463,464,462.9532710280373,462.9532710280373,476.781
1790692876,336,5,steady,vit_base_image,123,123,112,122.60061919504642,122.60061919504642,126.198
1790692877,337,5,steady,resnet50_image,91,91,91,91.3690271927075,91.3690271927075,187.183
1790692877,337,5,steady,vgg16_image,463,463,448,462.9532710280373,462.9532710280373,476.781
1790692877,337,5,steady,vit_base_image,122,122,112,122.60061919504642,122.60061919504642,126.198
1790692878,338,5,steady,resnet50_image,92,92,92,91.3690271927075,91.3690271927075,187.183
1790692878,338,5,steady,vgg16_image,463,463,464,462.9532710280373,462.9532710280373,476.781
1790692878,338,5,steady,vit_base_image,123,123,128,122.60061919504642,122.60061919504642,126.198
1790692879,339,5,steady,resnet50_image,91,91,90,91.3690271927075,91.3690271927075,187.183
1790692879,339,5,steady,vgg16_image,462,433,432,462.9532710280373,462.9532710280373,476.781
1790692879,339,5,steady,vit_base_image,123,123,128,122.60061919504642,122.60061919504642,126.198
1790692880,340,5,steady,resnet50_image,91,91,92,91.3690271927075,91.3690271927075,187.183
1790692880,340,5,steady,vgg16_image,463,464,464,462.9532710280373,462.9532710280373,476.781
1790692880,340,5,steady,vit_base_image,122,122,112,122.60061919504642,122.60061919504642,126.198
1790692881,341,5,steady,resnet50_image,92,92,91,91.3690271927075,91.3690271927075,187.183
1790692881,341,5,steady,vgg16_image,463,463,464,462.9532710280373,462.9532710280373,476.781
1790692881,341,5,steady,vit_base_image,123,123,128,122.60061919504642,122.60061919504642,126.198
1790692882,342,5,steady,resnet50_image,91,91,92,91.3690271927075,91.3690271927075,187.183
1790692882,342,5,steady,vgg16_image,463,462,464,462.9532710280373,462.9532710280373,476.781
1790692882,342,5,steady,vit_base_image,122,122,112,122.60061919504642,122.60061919504642,126.198
1790692883,343,5,steady,resnet50_image,92,91,92,91.3690271927075,91.3690271927075,187.183
1790692883,343,5,steady,vgg16_image,463,463,464,462.9532710280373,462.9532710280373,476.781
1790692883,343,5,steady,vit_base_image,123,123,128,122.60061919504642,122.60061919504642,126.198
1790692884,344,5,steady,resnet50_image,91,92,91,91.3690271927075,91.3690271927075,187.183
1790692884,344,5,steady,vgg16_image,463,464,464,462.9532710280373,462.9532710280373,476.781
1790692884,344,5,steady,vit_base_image,123,123,128,122.60061919504642,122.60061919504642,126.198
1790692885,345,5,steady,resnet50_image,91,91,91,91.3690271927075,91.3690271927075,187.183
1790692885,345,5,steady,vgg16_image,463,462,464,462.9532710280373,462.9532710280373,476.781
1790692885,345,5,steady,vit_base_image,122,122,112,122.60061919504642,122.60061919504642,126.198
1790692886,346,5,steady,resnet50_image,92,92,91,91.3690271927075,91.3690271927075,187.183
1790692886,346,5,steady,vgg16_image,463,464,464,462.9532710280373,462.9532710280373,476.781
1790692886,346,5,steady,vit_base_image,123,123,128,122.60061919504642,122.60061919504642,126.198
1790692887,347,5,steady,resnet50_image,91,91,92,91.3690271927075,91.3690271927075,187.183
1790692887,347,5,steady,vgg16_image,463,463,464,462.9532710280373,462.9532710280373,476.781
1790692887,347,5,steady,vit_base_image,122,122,112,122.60061919504642,122.60061919504642,126.198
1790692888,348,5,steady,resnet50_image,91,91,91,91.3690271927075,91.3690271927075,187.183
1790692888,348,5,steady,vgg16_image,463,463,464,462.9532710280373,462.9532710280373,476.781
1790692888,348,5,steady,vit_base_image,123,123,128,122.60061919504642,122.60061919504642,126.198
1790692889,349,5,steady,resnet50_image,92,92,92,91.3690271927075,91.3690271927075,187.183
1790692889,349,5,steady,vgg16_image,463,463,464,462.9532710280373,462.9532710280373,476.781
1790692889,349,5,steady,vit_base_image,123,123,112,122.60061919504642,122.60061919504642,126.198
1790692890,350,5,steady,resnet50_image,91,91,91,91.3690271927075,91.3690271927075,187.183
1790692890,350,5,steady,vgg16_image,463,463,448,462.9532710280373,462.9532710280373,476.781
1790692890,350,5,steady,vit_base_image,122,122,128,122.60061919504642,122.60061919504642,126.198
1790692891,351,,,resnet50_image,92,91,91,,,187.183
1790692891,351,,,vgg16_image,463,462,464,,,476.781
1790692891,351,,,vit_base_image,123,123,112,,,126.198
1790692892,352,,,resnet50_image,91,92,92,,,187.183
1790692892,352,,,vgg16_image,463,463,464,,,476.781
1790692892,352,,,vit_base_image,123,122,112,,,126.198
1790692893,353,,,resnet50_image,91,91,91,,,187.183
1790692893,353,,,vgg16_image,463,463,464,,,476.781
1790692893,353,,,vit_base_image,122,123,128,,,126.198
1790692894,354,,,resnet50_image,92,91,91,,,187.183
1790692894,354,,,vgg16_image,463,463,464,,,476.781
1790692894,354,,,vit_base_image,123,123,128,,,126.198
1790692895,355,,,resnet50_image,91,92,91,,,187.183
1790692895,355,,,vgg16_image,463,463,464,,,476.781
1790692895,355,,,vit_base_image,122,122,123,,,126.198
1790692896,356,,,resnet50_image,91,91,92,,,187.183
1790692896,356,,,vgg16_image,463,463,464,,,476.781
1790692896,356,,,vit_base_image,123,123,117,,,126.198
1790692897,357,,,resnet50_image,85,85,85,,,187.183
1790692897,357,,,vgg16_image,462,462,464,,,476.781
1790692897,357,,,vit_base_image,112,112,112,,,126.198
1790692898,358,6,transition,resnet50_image,67,64,56,66.79901619663318,66.79901619663318,187.183
1790692898,358,6,transition,vgg16_image,461,420,398,460.7999999999999,460.7999999999999,476.781
1790692898,358,6,transition,vit_base_image,73,65,103,73.56037151702786,73.56037151702786,126.198
1790692899,359,6,transition,resnet50_image,67,70,78,66.79901619663318,66.79901619663318,187.183
1790692899,359,6,transition,vgg16_image,460,440,450,460.7999999999999,460.7999999999999,476.781
1790692899,359,6,transition,vit_base_image,74,82,154,73.56037151702786,73.56037151702786,126.198
1790692900,360,6,transition,resnet50_image,67,67,67,66.79901619663318,66.79901619663318,187.183
1790692900,360,6,transition,vgg16_image,461,462,464,460.7999999999999,460.7999999999999,476.781
1790692900,360,6,transition,vit_base_image,73,73,80,73.56037151702786,73.56037151702786,126.198
1790692901,361,6,transition,resnet50_image,67,67,67,66.79901619663318,66.79901619663318,187.183
1790692901,361,6,transition,vgg16_image,461,461,464,460.7999999999999,460.7999999999999,476.781
1790692901,361,6,transition,vit_base_image,74,74,74,73.56037151702786,73.56037151702786,126.198
1790692902,362,6,transition,resnet50_image,66,66,66,66.79901619663318,66.79901619663318,187.183
1790692902,362,6,transition,vgg16_image,461,459,448,460.7999999999999,460.7999999999999,476.781
1790692902,362,6,transition,vit_base_image,73,73,73,73.56037151702786,73.56037151702786,126.198
1790692903,363,6,transition,resnet50_image,67,67,67,66.79901619663318,66.79901619663318,187.183
1790692903,363,6,transition,vgg16_image,461,462,468,460.7999999999999,460.7999999999999,476.781
1790692903,363,6,transition,vit_base_image,74,74,75,73.56037151702786,73.56037151702786,126.198
1790692904,364,6,transition,resnet50_image,67,67,67,66.79901619663318,66.79901619663318,187.183
1790692904,364,6,transition,vgg16_image,460,461,458,460.7999999999999,460.7999999999999,476.781
1790692904,364,6,transition,vit_base_image,74,73,73,73.56037151702786,73.56037151702786,126.198
1790692905,365,6,transition,resnet50_image,67,67,67,66.79901619663318,66.79901619663318,187.183
1790692905,365,6,transition,vgg16_image,461,461,466,460.7999999999999,460.7999999999999,476.781
1790692905,365,6,transition,vit_base_image,73,74,74,73.56037151702786,73.56037151702786,126.198
1790692906,366,6,transition,resnet50_image,67,66,67,66.79901619663318,66.79901619663318,187.183
1790692906,366,6,transition,vgg16_image,461,460,464,460.7999999999999,460.7999999999999,476.781
1790692906,366,6,transition,vit_base_image,74,74,73,73.56037151702786,73.56037151702786,126.198
1790692907,367,6,transition,resnet50_image,66,67,66,66.79901619663318,66.79901619663318,187.183
1790692907,367,6,transition,vgg16_image,461,461,480,460.7999999999999,460.7999999999999,476.781
1790692907,367,6,transition,vit_base_image,73,73,74,73.56037151702786,73.56037151702786,100.828
1790692908,368,6,transition,resnet50_image,67,67,67,66.79901619663318,66.79901619663318,187.183
1790692908,368,6,transition,vgg16_image,461,461,464,460.7999999999999,460.7999999999999,476.781
1790692908,368,6,transition,vit_base_image,74,74,74,73.56037151702786,73.56037151702786,100.828
1790692909,369,6,transition,resnet50_image,67,67,67,66.79901619663318,66.79901619663318,187.183
1790692909,369,6,transition,vgg16_image,460,461,464,460.7999999999999,460.7999999999999,476.781
1790692909,369,6,transition,vit_base_image,73,73,73,73.56037151702786,73.56037151702786,100.828
1790692910,370,6,transition,resnet50_image,67,67,67,66.79901619663318,66.79901619663318,187.183
1790692910,370,6,transition,vgg16_image,461,424,384,460.7999999999999,460.7999999999999,476.781
1790692910,370,6,transition,vit_base_image,74,74,69,73.56037151702786,73.56037151702786,100.828
1790692911,371,6,steady,resnet50_image,66,65,66,66.79901619663318,66.79901619663318,187.183
1790692911,371,6,steady,vgg16_image,459,444,448,460.7999999999999,460.7999999999999,476.781
1790692911,371,6,steady,vit_base_image,73,73,78,73.56037151702786,73.56037151702786,100.828
1790692912,372,6,steady,resnet50_image,66,67,66,66.79901619663318,66.79901619663318,187.183
1790692912,372,6,steady,vgg16_image,460,461,480,460.7999999999999,460.7999999999999,476.781
1790692912,372,6,steady,vit_base_image,74,74,74,73.56037151702786,73.56037151702786,100.828
1790692913,373,6,steady,resnet50_image,67,67,67,66.79901619663318,66.79901619663318,187.183
1790692913,373,6,steady,vgg16_image,461,461,464,460.7999999999999,460.7999999999999,476.781
1790692913,373,6,steady,vit_base_image,73,73,73,73.56037151702786,73.56037151702786,100.828
1790692914,374,6,steady,resnet50_image,67,67,67,66.79901619663318,66.79901619663318,187.183
1790692914,374,6,steady,vgg16_image,461,460,464,460.7999999999999,460.7999999999999,476.781
1790692914,374,6,steady,vit_base_image,74,74,74,73.56037151702786,73.56037151702786,100.828
1790692915,375,6,steady,resnet50_image,67,67,67,66.79901619663318,66.79901619663318,187.183
1790692915,375,6,steady,vgg16_image,461,461,464,460.7999999999999,460.7999999999999,476.781
1790692915,375,6,steady,vit_base_image,74,73,74,73.56037151702786,73.56037151702786,100.828
1790692916,376,6,steady,resnet50_image,67,67,67,66.79901619663318,66.79901619663318,187.183
1790692916,376,6,steady,vgg16_image,461,461,422,460.7999999999999,460.7999999999999,476.781
1790692916,376,6,steady,vit_base_image,73,74,73,73.56037151702786,73.56037151702786,100.828
1790692917,377,6,steady,resnet50_image,66,66,66,66.79901619663318,66.79901619663318,187.183
1790692917,377,6,steady,vgg16_image,460,453,458,460.7999999999999,460.7999999999999,476.781
1790692917,377,6,steady,vit_base_image,74,74,74,73.56037151702786,73.56037151702786,100.828
1790692918,378,6,steady,resnet50_image,67,67,67,66.79901619663318,66.79901619663318,187.183
1790692918,378,6,steady,vgg16_image,461,461,480,460.7999999999999,460.7999999999999,476.781
1790692918,378,6,steady,vit_base_image,73,73,73,73.56037151702786,73.56037151702786,100.828
1790692919,379,6,steady,resnet50_image,67,67,67,66.79901619663318,66.79901619663318,187.183
1790692919,379,6,steady,vgg16_image,461,461,464,460.7999999999999,460.7999999999999,476.781
1790692919,379,6,steady,vit_base_image,74,74,74,73.56037151702786,73.56037151702786,100.828
1790692920,380,6,steady,resnet50_image,67,67,67,66.79901619663318,66.79901619663318,187.183
1790692920,380,6,steady,vgg16_image,461,460,464,460.7999999999999,460.7999999999999,476.781
1790692920,380,6,steady,vit_base_image,73,73,74,73.56037151702786,73.56037151702786,100.828
1790692921,381,6,steady,resnet50_image,67,66,67,66.79901619663318,66.79901619663318,187.183
1790692921,381,6,steady,vgg16_image,461,461,464,460.7999999999999,460.7999999999999,476.781
1790692921,381,6,steady,vit_base_image,74,74,73,73.56037151702786,73.56037151702786,100.828
1790692922,382,6,steady,resnet50_image,66,67,67,66.79901619663318,66.79901619663318,187.183
1790692922,382,6,steady,vgg16_image,460,461,480,460.7999999999999,460.7999999999999,476.781
1790692922,382,6,steady,vit_base_image,73,73,74,73.56037151702786,73.56037151702786,100.828
1790692923,383,6,steady,resnet50_image,67,67,66,66.79901619663318,66.79901619663318,187.183
1790692923,383,6,steady,vgg16_image,461,460,451,460.7999999999999,460.7999999999999,476.781
1790692923,383,6,steady,vit_base_image,74,74,73,73.56037151702786,73.56037151702786,100.828
1790692924,384,6,steady,resnet50_image,67,67,67,66.79901619663318,66.79901619663318,187.183
1790692924,384,6,steady,vgg16_image,461,461,477,460.7999999999999,460.7999999999999,476.781
1790692924,384,6,steady,vit_base_image,74,73,74,73.56037151702786,73.56037151702786,100.828
1790692925,385,6,steady,resnet50_image,67,67,67,66.79901619663318,66.79901619663318,187.183
1790692925,385,6,steady,vgg16_image,461,461,464,460.7999999999999,460.7999999999999,476.781
1790692925,385,6,steady,vit_base_image,73,74,73,73.56037151702786,73.56037151702786,100.828
1790692926,386,6,steady,resnet50_image,67,66,67,66.79901619663318,66.79901619663318,187.183
1790692926,386,6,steady,vgg16_image,461,460,469,460.7999999999999,460.7999999999999,476.781
1790692926,386,6,steady,vit_base_image,74,73,74,73.56037151702786,73.56037151702786,100.828
1790692927,387,6,steady,resnet50_image,66,67,66,66.79901619663318,66.79901619663318,187.183
1790692927,387,6,steady,vgg16_image,460,461,459,460.7999999999999,460.7999999999999,476.781
1790692927,387,6,steady,vit_base_image,73,74,73,73.56037151702786,73.56037151702786,100.828
1790692928,388,6,steady,resnet50_image,67,67,67,66.79901619663318,66.79901619663318,187.183
1790692928,388,6,steady,vgg16_image,461,461,467,460.7999999999999,460.7999999999999,476.781
1790692928,388,6,steady,vit_base_image,74,74,74,73.56037151702786,73.56037151702786,100.828
1790692929,389,6,steady,resnet50_image,67,67,67,66.79901619663318,66.79901619663318,187.183
1790692929,389,6,steady,vgg16_image,461,461,477,460.7999999999999,460.7999999999999,476.781
1790692929,389,6,steady,vit_base_image,73,73,74,73.56037151702786,73.56037151702786,100.828
1790692930,390,6,steady,resnet50_image,67,67,67,66.79901619663318,66.79901619663318,187.183
1790692930,390,6,steady,vgg16_image,461,461,464,460.7999999999999,460.7999999999999,476.781
1790692930,390,6,steady,vit_base_image,74,74,73,73.56037151702786,73.56037151702786,100.828
1790692931,391,6,steady,resnet50_image,67,67,67,66.79901619663318,66.79901619663318,187.183
1790692931,391,6,steady,vgg16_image,461,461,464,460.7999999999999,460.7999999999999,476.781
1790692931,391,6,steady,vit_base_image,73,73,73,73.56037151702786,73.56037151702786,100.828
1790692932,392,6,steady,resnet50_image,66,66,66,66.79901619663318,66.79901619663318,187.183
1790692932,392,6,steady,vgg16_image,460,460,466,460.7999999999999,460.7999999999999,476.781
1790692932,392,6,steady,vit_base_image,74,74,74,73.56037151702786,73.56037151702786,100.828
1790692933,393,6,steady,resnet50_image,67,67,67,66.79901619663318,66.79901619663318,187.183
1790692933,393,6,steady,vgg16_image,461,462,412,460.7999999999999,460.7999999999999,476.781
1790692933,393,6,steady,vit_base_image,74,74,74,73.56037151702786,73.56037151702786,100.828
1790692934,394,6,steady,resnet50_image,67,67,67,66.79901619663318,66.79901619663318,187.183
1790692934,394,6,steady,vgg16_image,461,461,466,460.7999999999999,460.7999999999999,476.781
1790692934,394,6,steady,vit_base_image,73,73,73,73.56037151702786,73.56037151702786,100.828
1790692935,395,6,steady,resnet50_image,67,67,67,66.79901619663318,66.79901619663318,187.183
1790692935,395,6,steady,vgg16_image,461,460,464,460.7999999999999,460.7999999999999,476.781
1790692935,395,6,steady,vit_base_image,74,74,74,73.56037151702786,73.56037151702786,100.828
1790692936,396,6,steady,resnet50_image,67,66,67,66.79901619663318,66.79901619663318,187.183
1790692936,396,6,steady,vgg16_image,461,461,464,460.7999999999999,460.7999999999999,476.781
1790692936,396,6,steady,vit_base_image,73,73,73,73.56037151702786,73.56037151702786,100.828
1790692937,397,6,steady,resnet50_image,66,67,66,66.79901619663318,66.79901619663318,187.183
1790692937,397,6,steady,vgg16_image,460,461,480,460.7999999999999,460.7999999999999,476.781
1790692937,397,6,steady,vit_base_image,74,74,74,73.56037151702786,73.56037151702786,100.828
1790692938,398,6,steady,resnet50_image,67,67,67,66.79901619663318,66.79901619663318,187.183
1790692938,398,6,steady,vgg16_image,461,461,464,460.7999999999999,460.7999999999999,476.781
1790692938,398,6,steady,vit_base_image,73,73,74,73.56037151702786,73.56037151702786,100.828
1790692939,399,6,steady,resnet50_image,67,67,67,66.79901619663318,66.79901619663318,187.183
1790692939,399,6,steady,vgg16_image,461,461,464,460.7999999999999,460.7999999999999,476.781
1790692939,399,6,steady,vit_base_image,74,74,73,73.56037151702786,73.56037151702786,100.828
1790692940,400,6,steady,resnet50_image,67,67,67,66.79901619663318,66.79901619663318,187.183
1790692940,400,6,steady,vgg16_image,461,461,464,460.7999999999999,460.7999999999999,476.781
1790692940,400,6,steady,vit_base_image,74,73,74,73.56037151702786,73.56037151702786,100.828
1790692941,401,,,resnet50_image,67,66,67,,,187.183
1790692941,401,,,vgg16_image,461,460,464,,,476.781
1790692941,401,,,vit_base_image,73,74,73,,,100.828
1790692942,402,,,resnet50_image,66,67,67,,,187.183
1790692942,402,,,vgg16_image,460,460,480,,,476.781
1790692942,402,,,vit_base_image,74,73,74,,,100.828
1790692943,403,,,resnet50_image,67,67,66,,,187.183
1790692943,403,,,vgg16_image,461,462,464,,,476.781
1790692943,403,,,vit_base_image,73,74,73,,,100.828
1790692944,404,,,resnet50_image,67,67,67,,,187.183
1790692944,404,,,vgg16_image,461,460,464,,,476.781
1790692944,404,,,vit_base_image,74,74,74,,,100.828
1790692945,405,,,resnet50_image,67,67,67,,,187.183
1790692945,405,,,vgg16_image,461,462,464,,,476.781
1790692945,405,,,vit_base_image,73,73,73,,,100.828
1790692946,406,,,resnet50_image,67,66,66,,,187.183
1790692946,406,,,vgg16_image,461,460,464,,,476.781
1790692946,406,,,vit_base_image,74,74,74,,,100.828
1790692947,407,,,resnet50_image,66,67,67,,,187.183
1790692947,407,,,vgg16_image,460,460,479,,,476.781
1790692947,407,,,vit_base_image,73,73,73,,,100.828
1790692948,408,7,transition,resnet50_image,59,59,59,57.53197095336495,57.53197095336495,187.183
1790692948,408,7,transition,vgg16_image,461,462,465,460.7999999999999,469.7719626168224,476.781
1790692948,408,7,transition,vit_base_image,74,74,74,73.56037151702786,122.60061919504642,100.828
1790692949,409,7,transition,resnet50_image,57,57,58,57.53197095336495,57.53197095336495,187.183
1790692949,409,7,transition,vgg16_image,461,460,464,460.7999999999999,469.7719626168224,476.781
1790692949,409,7,transition,vit_base_image,74,74,74,73.56037151702786,122.60061919504642,100.828
1790692950,410,7,transition,resnet50_image,58,58,57,57.53197095336495,57.53197095336495,187.183
1790692950,410,7,transition,vgg16_image,460,461,464,460.7999999999999,469.7719626168224,476.781
1790692950,410,7,transition,vit_base_image,73,73,74,73.56037151702786,122.60061919504642,100.828
1790692951,411,7,transition,resnet50_image,58,57,58,57.53197095336495,57.53197095336495,187.183
1790692951,411,7,transition,vgg16_image,461,460,453,460.7999999999999,469.7719626168224,476.781
1790692951,411,7,transition,vit_base_image,74,74,73,73.56037151702786,122.60061919504642,100.828
1790692952,412,7,transition,resnet50_image,57,58,57,57.53197095336495,57.53197095336495,187.183
1790692952,412,7,transition,vgg16_image,461,462,363,460.7999999999999,469.7719626168224,476.781
1790692952,412,7,transition,vit_base_image,74,74,68,73.56037151702786,122.60061919504642,100.828
1790692953,413,7,transition,resnet50_image,58,58,58,57.53197095336495,57.53197095336495,187.183
1790692953,413,7,transition,vgg16_image,461,461,464,460.7999999999999,469.7719626168224,476.781
1790692953,413,7,transition,vit_base_image,73,73,79,73.56037151702786,122.60061919504642,100.828
1790692954,414,7,transition,resnet50_image,57,57,57,57.53197095336495,57.53197095336495,187.183
1790692954,414,7,transition,vgg16_image,461,460,464,460.7999999999999,469.7719626168224,476.781
1790692954,414,7,transition,vit_base_image,74,74,74,73.56037151702786,122.60061919504642,100.828
1790692955,415,7,transition,resnet50_image,58,58,58,57.53197095336495,57.53197095336495,187.183
1790692955,415,7,transition,vgg16_image,460,461,464,460.7999999999999,469.7719626168224,476.781
1790692955,415,7,transition,vit_base_image,73,73,73,73.56037151702786,122.60061919504642,100.828
1790692956,416,7,transition,resnet50_image,57,57,57,57.53197095336495,57.53197095336495,187.183
1790692956,416,7,transition,vgg16_image,461,460,464,460.7999999999999,469.7719626168224,476.781
1790692956,416,7,transition,vit_base_image,74,74,74,73.56037151702786,122.60061919504642,100.828
1790692957,417,7,transition,resnet50_image,58,58,58,57.53197095336495,57.53197095336495,187.183
1790692957,417,7,transition,vgg16_image,461,461,480,460.7999999999999,469.7719626168224,476.781
1790692957,417,7,transition,vit_base_image,73,73,73,73.56037151702786,122.60061919504642,126.198
1790692958,418,7,transition,resnet50_image,57,57,58,57.53197095336495,57.53197095336495,187.183
1790692958,418,7,transition,vgg16_image,461,462,464,460.7999999999999,469.7719626168224,476.781
1790692958,418,7,transition,vit_base_image,74,74,73,73.56037151702786,122.60061919504642,126.198
1790692959,419,7,transition,resnet50_image,58,58,57,57.53197095336495,57.53197095336495,187.183
1790692959,419,7,transition,vgg16_image,461,460,464,460.7999999999999,469.7719626168224,476.781
1790692959,419,7,transition,vit_base_image,73,73,74,73.56037151702786,122.60061919504642,126.198
1790692960,420,7,transition,resnet50_image,57,57,58,57.53197095336495,57.53197095336495,187.183
1790692960,420,7,transition,vgg16_image,460,461,464,460.7999999999999,469.7719626168224,476.781
1790692960,420,7,transition,vit_base_image,74,74,74,73.56037151702786,122.60061919504642,126.198
1790692961,421,7,steady,resnet50_image,58,58,57,57.53197095336495,57.53197095336495,187.183
1790692961,421,7,steady,vgg16_image,468,468,448,469.7719626168224,469.7719626168224,476.781
1790692961,421,7,steady,vit_base_image,119,118,101,122.60061919504642,122.60061919504642,126.198
1790692962,422,7,steady,resnet50_image,57,57,57,57.53197095336495,57.53197095336495,187.183
1790692962,422,7,steady,vgg16_image,470,398,320,469.7719626168224,469.7719626168224,476.781
1790692962,422,7,steady,vit_base_image,122,123,84,122.60061919504642,122.60061919504642,126.198
1790692963,423,7,steady,resnet50_image,58,58,58,57.53197095336495,57.53197095336495,187.183
1790692963,423,7,steady,vgg16_image,470,464,464,469.7719626168224,469.7719626168224,476.781
1790692963,423,7,steady,vit_base_image,123,123,128,122.60061919504642,122.60061919504642,126.198
1790692964,424,7,steady,resnet50_image,57,57,57,57.53197095336495,57.53197095336495,187.183
1790692964,424,7,steady,vgg16_image,469,463,464,469.7719626168224,469.7719626168224,476.781
1790692964,424,7,steady,vit_base_image,122,122,128,122.60061919504642,122.60061919504642,126.198
1790692965,425,7,steady,resnet50_image,58,58,58,57.53197095336495,57.53197095336495,187.183
1790692965,425,7,steady,vgg16_image,470,465,465,469.7719626168224,469.7719626168224,476.781
1790692965,425,7,steady,vit_base_image,123,123,96,122.60061919504642,122.60061919504642,126.198
1790692966,426,7,steady,resnet50_image,57,57,58,57.53197095336495,57.53197095336495,187.183
1790692966,426,7,steady,vgg16_image,470,463,463,469.7719626168224,469.7719626168224,476.781
1790692966,426,7,steady,vit_base_image,123,123,128,122.60061919504642,122.60061919504642,126.198
1790692967,427,7,steady,resnet50_image,58,58,57,57.53197095336495,57.53197095336495,187.183
1790692967,427,7,steady,vgg16_image,470,464,465,469.7719626168224,469.7719626168224,476.781
1790692967,427,7,steady,vit_base_image,122,122,128,122.60061919504642,122.60061919504642,126.198
1790692968,428,7,steady,resnet50_image,58,57,58,57.53197095336495,57.53197095336495,187.183
1790692968,428,7,steady,vgg16_image,469,466,463,469.7719626168224,469.7719626168224,476.781
1790692968,428,7,steady,vit_base_image,123,123,128,122.60061919504642,122.60061919504642,126.198
1790692969,429,7,steady,resnet50_image,57,58,57,57.53197095336495,57.53197095336495,187.183
1790692969,429,7,steady,vgg16_image,470,400,416,469.7719626168224,469.7719626168224,476.781
1790692969,429,7,steady,vit_base_image,122,122,108,122.60061919504642,122.60061919504642,126.198
1790692970,430,7,steady,resnet50_image,58,58,58,57.53197095336495,57.53197095336495,187.183
1790692970,430,7,steady,vgg16_image,470,470,464,469.7719626168224,469.7719626168224,476.781
1790692970,430,7,steady,vit_base_image,123,123,116,122.60061919504642,122.60061919504642,126.198
1790692971,431,7,steady,resnet50_image,57,57,58,57.53197095336495,57.53197095336495,187.183
1790692971,431,7,steady,vgg16_image,470,466,464,469.7719626168224,469.7719626168224,476.781
1790692971,431,7,steady,vit_base_image,123,122,128,122.60061919504642,122.60061919504642,126.198
1790692972,432,7,steady,resnet50_image,58,58,57,57.53197095336495,57.53197095336495,187.183
1790692972,432,7,steady,vgg16_image,469,462,464,469.7719626168224,469.7719626168224,476.781
1790692972,432,7,steady,vit_base_image,122,123,128,122.60061919504642,122.60061919504642,126.198
1790692973,433,7,steady,resnet50_image,57,57,57,57.53197095336495,57.53197095336495,187.183
1790692973,433,7,steady,vgg16_image,470,465,464,469.7719626168224,469.7719626168224,476.781
1790692973,433,7,steady,vit_base_image,123,123,128,122.60061919504642,122.60061919504642,126.198
1790692974,434,7,steady,resnet50_image,58,58,57,57.53197095336495,57.53197095336495,187.183
1790692974,434,7,steady,vgg16_image,470,464,464,469.7719626168224,469.7719626168224,476.781
1790692974,434,7,steady,vit_base_image,122,122,96,122.60061919504642,122.60061919504642,126.198
1790692975,435,7,steady,resnet50_image,57,57,59,57.53197095336495,57.53197095336495,187.183
1790692975,435,7,steady,vgg16_image,470,464,464,469.7719626168224,469.7719626168224,476.781
1790692975,435,7,steady,vit_base_image,123,123,128,122.60061919504642,122.60061919504642,126.198
1790692976,436,7,steady,resnet50_image,58,58,57,57.53197095336495,57.53197095336495,187.183
1790692976,436,7,steady,vgg16_image,470,464,464,469.7719626168224,469.7719626168224,476.781
1790692976,436,7,steady,vit_base_image,123,122,128,122.60061919504642,122.60061919504642,126.198
1790692977,437,7,steady,resnet50_image,57,57,58,57.53197095336495,57.53197095336495,187.183
1790692977,437,7,steady,vgg16_image,469,464,464,469.7719626168224,469.7719626168224,476.781
1790692977,437,7,steady,vit_base_image,122,123,128,122.60061919504642,122.60061919504642,126.198
1790692978,438,7,steady,resnet50_image,58,58,57,57.53197095336495,57.53197095336495,187.183
1790692978,438,7,steady,vgg16_image,470,464,464,469.7719626168224,469.7719626168224,476.781
1790692978,438,7,steady,vit_base_image,123,123,112,122.60061919504642,122.60061919504642,126.198
1790692979,439,7,steady,resnet50_image,57,57,58,57.53197095336495,57.53197095336495,187.183
1790692979,439,7,steady,vgg16_image,470,464,464,469.7719626168224,469.7719626168224,476.781
1790692979,439,7,steady,vit_base_image,122,122,112,122.60061919504642,122.60061919504642,126.198
1790692980,440,7,steady,resnet50_image,58,58,57,57.53197095336495,57.53197095336495,187.183
1790692980,440,7,steady,vgg16_image,470,464,464,469.7719626168224,469.7719626168224,476.781
1790692980,440,7,steady,vit_base_image,123,123,128,122.60061919504642,122.60061919504642,126.198
1790692981,441,7,steady,resnet50_image,57,57,58,57.53197095336495,57.53197095336495,187.183
1790692981,441,7,steady,vgg16_image,469,463,464,469.7719626168224,469.7719626168224,476.781
1790692981,441,7,steady,vit_base_image,123,122,128,122.60061919504642,122.60061919504642,126.198
1790692982,442,7,steady,resnet50_image,58,58,57,57.53197095336495,57.53197095336495,187.183
1790692982,442,7,steady,vgg16_image,470,467,464,469.7719626168224,469.7719626168224,476.781
1790692982,442,7,steady,vit_base_image,122,123,112,122.60061919504642,122.60061919504642,126.198
1790692983,443,7,steady,resnet50_image,57,57,58,57.53197095336495,57.53197095336495,187.183
1790692983,443,7,steady,vgg16_image,470,462,464,469.7719626168224,469.7719626168224,476.781
1790692983,443,7,steady,vit_base_image,123,123,112,122.60061919504642,122.60061919504642,126.198
1790692984,444,7,steady,resnet50_image,58,58,57,57.53197095336495,57.53197095336495,187.183
1790692984,444,7,steady,vgg16_image,470,464,455,469.7719626168224,469.7719626168224,476.781
1790692984,444,7,steady,vit_base_image,122,122,128,122.60061919504642,122.60061919504642,126.198
1790692985,445,7,steady,resnet50_image,58,57,57,57.53197095336495,57.53197095336495,187.183
1790692985,445,7,steady,vgg16_image,469,464,473,469.7719626168224,469.7719626168224,476.781
1790692985,445,7,steady,vit_base_image,123,123,128,122.60061919504642,122.60061919504642,126.198
1790692986,446,7,steady,resnet50_image,57,58,58,57.53197095336495,57.53197095336495,187.183
1790692986,446,7,steady,vgg16_image,470,465,464,469.7719626168224,469.7719626168224,476.781
1790692986,446,7,steady,vit_base_image,123,122,112,122.60061919504642,122.60061919504642,126.198
1790692987,447,7,steady,resnet50_image,58,58,57,57.53197095336495,57.53197095336495,187.183
1790692987,447,7,steady,vgg16_image,470,463,464,469.7719626168224,469.7719626168224,476.781
1790692987,447,7,steady,vit_base_image,122,123,128,122.60061919504642,122.60061919504642,126.198
1790692988,448,7,steady,resnet50_image,57,57,58,57.53197095336495,57.53197095336495,187.183
1790692988,448,7,steady,vgg16_image,470,463,464,469.7719626168224,469.7719626168224,476.781
1790692988,448,7,steady,vit_base_image,123,123,112,122.60061919504642,122.60061919504642,126.198
1790692989,449,7,steady,resnet50_image,58,58,58,57.53197095336495,57.53197095336495,187.183
1790692989,449,7,steady,vgg16_image,470,465,464,469.7719626168224,469.7719626168224,476.781
1790692989,449,7,steady,vit_base_image,122,122,128,122.60061919504642,122.60061919504642,126.198
1790692990,450,7,steady,resnet50_image,57,57,57,57.53197095336495,57.53197095336495,187.183
1790692990,450,7,steady,vgg16_image,469,465,464,469.7719626168224,469.7719626168224,476.781
1790692990,450,7,steady,vit_base_image,123,123,112,122.60061919504642,122.60061919504642,126.198
1790692991,451,,,resnet50_image,58,58,58,,,187.183
1790692991,451,,,vgg16_image,470,418,416,,,476.781
1790692991,451,,,vit_base_image,123,122,128,,,126.198
1790692992,452,,,resnet50_image,57,57,57,,,187.183
1790692992,452,,,vgg16_image,470,465,464,,,476.781
1790692992,452,,,vit_base_image,122,123,112,,,126.198
1790692993,453,,,resnet50_image,58,58,58,,,187.183
1790692993,453,,,vgg16_image,470,466,464,,,476.781
1790692993,453,,,vit_base_image,123,122,128,,,126.198
1790692994,454,,,resnet50_image,57,57,57,,,187.183
1790692994,454,,,vgg16_image,469,464,464,,,476.781
1790692994,454,,,vit_base_image,122,123,128,,,126.198
1790692995,455,,,resnet50_image,58,58,58,,,187.183
1790692995,455,,,vgg16_image,470,464,464,,,476.781
1790692995,455,,,vit_base_image,123,123,112,,,126.198
1790692996,456,,,resnet50_image,57,57,58,,,187.183
1790692996,456,,,vgg16_image,470,466,464,,,476.781
1790692996,456,,,vit_base_image,123,122,128,,,126.198
1790692997,457,,,resnet50_image,58,58,57,,,187.183
1790692997,457,,,vgg16_image,470,463,464,,,476.781
1790692997,457,,,vit_base_image,122,123,112,,,126.198
1790692998,458,,,resnet50_image,57,57,58,,,187.183
1790692998,458,,,vgg16_image,470,465,465,,,476.781
1790692998,458,,,vit_base_image,123,123,128,,,126.198
1790692999,459,,,resnet50_image,58,58,57,,,187.183
1790692999,459,,,vgg16_image,469,463,463,,,476.781
1790692999,459,,,vit_base_image,122,122,112,,,126.198
1790693000,460,,,resnet50_image,58,57,58,,,187.183
1790693000,460,,,vgg16_image,470,465,465,,,476.781
1790693000,460,,,vit_base_image,123,123,128,,,126.198
1790693001,461,8,transition,resnet50_image,57,58,57,57.53197095336495,82.23661214667806,187.183
1790693001,461,8,transition,vgg16_image,386,372,463,317.607476635514,317.607476635514,476.781
1790693001,461,8,transition,vit_base_image,123,122,128,122.60061919504642,122.60061919504642,126.198
1790693002,462,8,transition,resnet50_image,57,57,58,57.53197095336495,82.23661214667806,187.183
1790693002,462,8,transition,vgg16_image,318,317,368,317.607476635514,317.607476635514,476.781
1790693002,462,8,transition,vit_base_image,122,123,112,122.60061919504642,122.60061919504642,126.198
1790693003,463,8,transition,resnet50_image,58,58,57,57.53197095336495,82.23661214667806,187.183
1790693003,463,8,transition,vgg16_image,317,318,423,317.607476635514,317.607476635514,476.781
1790693003,463,8,transition,vit_base_image,123,123,113,122.60061919504642,122.60061919504642,126.198
1790693004,464,8,transition,resnet50_image,57,57,57,57.53197095336495,82.23661214667806,187.183
1790693004,464,8,transition,vgg16_image,318,318,315,317.607476635514,317.607476635514,476.781
1790693004,464,8,transition,vit_base_image,122,122,127,122.60061919504642,122.60061919504642,126.198
1790693005,465,8,transition,resnet50_image,58,58,58,57.53197095336495,82.23661214667806,187.183
1790693005,465,8,transition,vgg16_image,318,317,318,317.607476635514,317.607476635514,476.781
1790693005,465,8,transition,vit_base_image,123,123,128,122.60061919504642,122.60061919504642,126.198
1790693006,466,8,transition,resnet50_image,57,57,58,57.53197095336495,82.23661214667806,187.183
1790693006,466,8,transition,vgg16_image,317,318,319,317.607476635514,317.607476635514,476.781
1790693006,466,8,transition,vit_base_image,123,122,128,122.60061919504642,122.60061919504642,126.198
1790693007,467,8,transition,resnet50_image,58,58,57,57.53197095336495,82.23661214667806,187.183
1790693007,467,8,transition,vgg16_image,318,317,315,317.607476635514,317.607476635514,476.781
1790693007,467,8,transition,vit_base_image,122,123,128,122.60061919504642,122.60061919504642,126.198
1790693008,468,8,transition,resnet50_image,57,57,58,57.53197095336495,82.23661214667806,187.183
1790693008,468,8,transition,vgg16_image,317,318,318,317.607476635514,317.607476635514,476.781
1790693008,468,8,transition,vit_base_image,123,122,112,122.60061919504642,122.60061919504642,126.198
1790693009,469,8,transition,resnet50_image,58,58,57,57.53197095336495,82.23661214667806,187.183
1790693009,469,8,transition,vgg16_image,318,318,320,317.607476635514,317.607476635514,476.781
1790693009,469,8,transition,vit_base_image,122,123,128,122.60061919504642,122.60061919504642,126.198
1790693010,470,8,transition,resnet50_image,57,57,58,57.53197095336495,82.23661214667806,187.183
1790693010,470,8,transition,vgg16_image,318,317,319,317.607476635514,317.607476635514,368.48
1790693010,470,8,transition,vit_base_image,123,123,112,122.60061919504642,122.60061919504642,126.198
1790693011,471,8,transition,resnet50_image,58,58,57,57.53197095336495,82.23661214667806,187.183
1790693011,471,8,transition,vgg16_image,317,318,316,317.607476635514,317.607476635514,368.48
1790693011,471,8,transition,vit_base_image,123,122,128,122.60061919504642,122.60061919504642,126.198
1790693012,472,8,transition,resnet50_image,62,62,62,57.53197095336495,82.23661214667806,187.183
1790693012,472,8,transition,vgg16_image,316,316,297,317.607476635514,317.607476635514,368.48
1790693012,472,8,transition,vit_base_image,122,123,128,122.60061919504642,122.60061919504642,126.198
1790693013,473,8,steady,resnet50_image,83,82,82,82.23661214667806,82.23661214667806,187.183
1790693013,473,8,steady,vgg16_image,318,317,336,317.607476635514,317.607476635514,368.48
1790693013,473,8,steady,vit_base_image,123,123,128,122.60061919504642,122.60061919504642,126.198
1790693014,474,8,steady,resnet50_image,82,83,83,82.23661214667806,82.23661214667806,187.183
1790693014,474,8,steady,vgg16_image,318,318,222,317.607476635514,317.607476635514,368.48
1790693014,474,8,steady,vit_base_image,123,122,128,122.60061919504642,122.60061919504642,126.198
1790693015,475,8,steady,resnet50_image,82,82,82,82.23661214667806,82.23661214667806,187.183
1790693015,475,8,steady,vgg16_image,317,318,355,317.607476635514,317.607476635514,368.48
1790693015,475,8,steady,vit_base_image,122,123,96,122.60061919504642,122.60061919504642,126.198
1790693016,476,8,steady,resnet50_image,82,82,82,82.23661214667806,82.23661214667806,187.183
1790693016,476,8,steady,vgg16_image,318,317,348,317.607476635514,317.607476635514,368.48
1790693016,476,8,steady,vit_base_image,123,123,128,122.60061919504642,122.60061919504642,126.198
1790693017,477,8,steady,resnet50_image,83,82,83,82.23661214667806,82.23661214667806,187.183
1790693017,477,8,steady,vgg16_image,317,318,346,317.607476635514,317.607476635514,368.48
1790693017,477,8,steady,vit_base_image,122,122,128,122.60061919504642,122.60061919504642,126.198
1790693018,478,8,steady,resnet50_image,82,83,82,82.23661214667806,82.23661214667806,187.183
1790693018,478,8,steady,vgg16_image,318,318,319,317.607476635514,317.607476635514,368.48
1790693018,478,8,steady,vit_base_image,123,123,128,122.60061919504642,122.60061919504642,126.198
1790693019,479,8,steady,resnet50_image,82,82,82,82.23661214667806,82.23661214667806,187.183
1790693019,479,8,steady,vgg16_image,318,317,315,317.607476635514,317.607476635514,368.48
1790693019,479,8,steady,vit_base_image,123,122,128,122.60061919504642,122.60061919504642,126.198
1790693020,480,8,steady,resnet50_image,82,82,82,82.23661214667806,82.23661214667806,187.183
1790693020,480,8,steady,vgg16_image,317,318,318,317.607476635514,317.607476635514,368.48
1790693020,480,8,steady,vit_base_image,122,123,128,122.60061919504642,122.60061919504642,126.198
1790693021,481,8,steady,resnet50_image,82,82,83,82.23661214667806,82.23661214667806,187.183
1790693021,481,8,steady,vgg16_image,318,318,319,317.607476635514,317.607476635514,368.48
1790693021,481,8,steady,vit_base_image,123,123,96,122.60061919504642,122.60061919504642,126.198
1790693022,482,8,steady,resnet50_image,83,83,82,82.23661214667806,82.23661214667806,187.183
1790693022,482,8,steady,vgg16_image,317,317,243,317.607476635514,317.607476635514,368.48
1790693022,482,8,steady,vit_base_image,122,122,128,122.60061919504642,122.60061919504642,126.198
1790693023,483,8,steady,resnet50_image,82,82,82,82.23661214667806,82.23661214667806,187.183
1790693023,483,8,steady,vgg16_image,318,318,352,317.607476635514,317.607476635514,368.48
1790693023,483,8,steady,vit_base_image,123,123,128,122.60061919504642,122.60061919504642,126.198
1790693024,484,8,steady,resnet50_image,82,82,82,82.23661214667806,82.23661214667806,187.183
1790693024,484,8,steady,vgg16_image,318,317,352,317.607476635514,317.607476635514,368.48
1790693024,484,8,steady,vit_base_image,123,122,128,122.60061919504642,122.60061919504642,126.198
1790693025,485,8,steady,resnet50_image,82,82,83,82.23661214667806,82.23661214667806,187.183
1790693025,485,8,steady,vgg16_image,317,318,323,317.607476635514,317.607476635514,368.48
1790693025,485,8,steady,vit_base_image,122,123,128,122.60061919504642,122.60061919504642,126.198
1790693026,486,8,steady,resnet50_image,83,83,81,82.23661214667806,82.23661214667806,187.183
1790693026,486,8,steady,vgg16_image,318,318,316,317.607476635514,317.607476635514,368.48
1790693026,486,8,steady,vit_base_image,123,123,112,122.60061919504642,122.60061919504642,126.198
1790693027,487,8,steady,resnet50_image,82,82,83,82.23661214667806,82.23661214667806,187.183
1790693027,487,8,steady,vgg16_image,317,317,320,317.607476635514,317.607476635514,368.48
1790693027,487,8,steady,vit_base_image,122,122,112,122.60061919504642,122.60061919504642,126.198
1790693028,488,8,steady,resnet50_image,82,82,82,82.23661214667806,82.23661214667806,187.183
1790693028,488,8,steady,vgg16_image,318,318,317,317.607476635514,317.607476635514,368.48
1790693028,488,8,steady,vit_base_image,123,123,128,122.60061919504642,122.60061919504642,126.198
1790693029,489,8,steady,resnet50_image,82,82,82,82.23661214667806,82.23661214667806,187.183
1790693029,489,8,steady,vgg16_image,318,318,317,317.607476635514,317.607476635514,368.48
1790693029,489,8,steady,vit_base_image,123,122,128,122.60061919504642,122.60061919504642,126.198
1790693030,490,8,steady,resnet50_image,83,82,83,82.23661214667806,82.23661214667806,187.183
1790693030,490,8,steady,vgg16_image,317,317,319,317.607476635514,317.607476635514,368.48
1790693030,490,8,steady,vit_base_image,122,123,128,122.60061919504642,122.60061919504642,126.198
1790693031,491,8,steady,resnet50_image,82,83,82,82.23661214667806,82.23661214667806,187.183
1790693031,491,8,steady,vgg16_image,318,317,318,317.607476635514,317.607476635514,368.48
1790693031,491,8,steady,vit_base_image,123,122,128,122.60061919504642,122.60061919504642,126.198
1790693032,492,8,steady,resnet50_image,82,82,82,82.23661214667806,82.23661214667806,187.183
1790693032,492,8,steady,vgg16_image,318,318,316,317.607476635514,317.607476635514,368.48
1790693032,492,8,steady,vit_base_image,122,123,112,122.60061919504642,122.60061919504642,126.198
1790693033,493,8,steady,resnet50_image,82,82,82,82.23661214667806,82.23661214667806,187.183
1790693033,493,8,steady,vgg16_image,317,318,318,317.607476635514,317.607476635514,368.48
1790693033,493,8,steady,vit_base_image,123,123,112,122.60061919504642,122.60061919504642,126.198
1790693034,494,8,steady,resnet50_image,83,82,83,82.23661214667806,82.23661214667806,187.183
1790693034,494,8,steady,vgg16_image,318,318,318,317.607476635514,317.607476635514,368.48
1790693034,494,8,steady,vit_base_image,123,122,128,122.60061919504642,122.60061919504642,126.198
1790693035,495,8,steady,resnet50_image,82,83,82,82.23661214667806,82.23661214667806,187.183
1790693035,495,8,steady,vgg16_image,317,317,318,317.607476635514,317.607476635514,368.48
1790693035,495,8,steady,vit_base_image,122,123,128,122.60061919504642,122.60061919504642,126.198
1790693036,496,8,steady,resnet50_image,82,82,82,82.23661214667806,82.23661214667806,187.183
1790693036,496,8,steady,vgg16_image,318,317,316,317.607476635514,317.607476635514,368.48
1790693036,496,8,steady,vit_base_image,123,122,128,122.60061919504642,122.60061919504642,126.198
1790693037,497,8,steady,resnet50_image,82,82,82,82.23661214667806,82.23661214667806,187.183
1790693037,497,8,steady,vgg16_image,318,318,319,317.607476635514,317.607476635514,368.48
1790693037,497,8,steady,vit_base_image,122,123,112,122.60061919504642,122.60061919504642,126.198
1790693038,498,8,steady,resnet50_image,82,82,82,82.23661214667806,82.23661214667806,187.183
1790693038,498,8,steady,vgg16_image,317,318,316,317.607476635514,317.607476635514,368.48
1790693038,498,8,steady,vit_base_image,123,123,128,122.60061919504642,122.60061919504642,126.198
1790693039,499,8,steady,resnet50_image,83,83,82,82.23661214667806,82.23661214667806,187.183
1790693039,499,8,steady,vgg16_image,318,318,319,317.607476635514,317.607476635514,368.48
1790693039,499,8,steady,vit_base_image,123,122,128,122.60061919504642,122.60061919504642,126.198
1790693040,500,8,steady,resnet50_image,82,82,83,82.23661214667806,82.23661214667806,187.183
1790693040,500,8,steady,vgg16_image,317,317,316,317.607476635514,317.607476635514,368.48
1790693040,500,8,steady,vit_base_image,122,123,112,122.60061919504642,122.60061919504642,126.198
1790693041,501,8,steady,resnet50_image,82,82,82,82.23661214667806,82.23661214667806,187.183
1790693041,501,8,steady,vgg16_image,318,317,319,317.607476635514,317.607476635514,368.48
1790693041,501,8,steady,vit_base_image,123,122,128,122.60061919504642,122.60061919504642,126.198
1790693042,502,8,steady,resnet50_image,82,82,82,82.23661214667806,82.23661214667806,187.183
1790693042,502,8,steady,vgg16_image,318,317,317,317.607476635514,317.607476635514,368.48
1790693042,502,8,steady,vit_base_image,122,123,128,122.60061919504642,122.60061919504642,126.198
1790693043,503,,,resnet50_image,83,82,83,,,187.183
1790693043,503,,,vgg16_image,317,318,318,,,368.48
1790693043,503,,,vit_base_image,123,123,112,,,126.198
1790693044,504,,,resnet50_image,82,83,82,,,187.183
1790693044,504,,,vgg16_image,318,318,319,,,368.48
1790693044,504,,,vit_base_image,123,122,128,,,126.198
1790693045,505,,,resnet50_image,82,82,82,,,187.183
1790693045,505,,,vgg16_image,317,318,275,,,368.48
1790693045,505,,,vit_base_image,122,123,128,,,126.198
1790693046,506,,,resnet50_image,82,82,82,,,187.183
1790693046,506,,,vgg16_image,318,317,352,,,368.48
1790693046,506,,,vit_base_image,123,122,112,,,126.198
1790693047,507,,,resnet50_image,83,82,83,,,187.183
1790693047,507,,,vgg16_image,318,318,325,,,368.48
1790693047,507,,,vit_base_image,122,123,128,,,126.198
1790693048,508,,,resnet50_image,82,83,82,,,187.183
1790693048,508,,,vgg16_image,317,317,319,,,368.48
1790693048,508,,,vit_base_image,123,123,112,,,126.198
1790693049,509,,,resnet50_image,82,82,82,,,187.183
1790693049,509,,,vgg16_image,318,319,318,,,368.48
1790693049,509,,,vit_base_image,123,122,128,,,126.198
1790693050,510,9,transition,resnet50_image,82,81,81,82.23661214667806,100.61363406976928,187.183
1790693050,510,9,transition,vgg16_image,316,316,316,317.607476635514,474.79626168224297,368.48
1790693050,510,9,transition,vit_base_image,123,123,128,122.60061919504642,122.60061919504642,126.198
1790693051,511,9,transition,resnet50_image,82,83,83,82.23661214667806,100.61363406976928,187.183
1790693051,511,9,transition,vgg16_image,318,318,315,317.607476635514,474.79626168224297,368.48
1790693051,511,9,transition,vit_base_image,122,123,128,122.60061919504642,122.60061919504642,126.198
1790693052,512,9,transition,resnet50_image,82,79,74,82.23661214667806,100.61363406976928,187.183
1790693052,512,9,transition,vgg16_image,317,306,291,317.607476635514,474.79626168224297,368.48
1790693052,512,9,transition,vit_base_image,123,118,96,122.60061919504642,122.60061919504642,126.198
1790693053,513,9,transition,resnet50_image,82,85,90,82.23661214667806,100.61363406976928,187.183
1790693053,513,9,transition,vgg16_image,318,329,310,317.607476635514,474.79626168224297,368.48
1790693053,513,9,transition,vit_base_image,122,127,144,122.60061919504642,122.60061919504642,126.198
1790693054,514,9,transition,resnet50_image,82,82,82,82.23661214667806,100.61363406976928,187.183
1790693054,514,9,transition,vgg16_image,318,317,352,317.607476635514,474.79626168224297,368.48
1790693054,514,9,transition,vit_base_image,123,123,112,122.60061919504642,122.60061919504642,126.198
1790693055,515,9,transition,resnet50_image,83,83,82,82.23661214667806,100.61363406976928,187.183
1790693055,515,9,transition,vgg16_image,317,318,320,317.607476635514,474.79626168224297,368.48
1790693055,515,9,transition,vit_base_image,123,122,128,122.60061919504642,122.60061919504642,126.198
1790693056,516,9,transition,resnet50_image,82,82,83,82.23661214667806,100.61363406976928,187.183
1790693056,516,9,transition,vgg16_image,318,317,317,317.607476635514,474.79626168224297,368.48
1790693056,516,9,transition,vit_base_image,122,123,128,122.60061919504642,122.60061919504642,126.198
1790693057,517,9,transition,resnet50_image,82,82,82,82.23661214667806,100.61363406976928,187.183
1790693057,517,9,transition,vgg16_image,318,318,316,317.607476635514,474.79626168224297,368.48
1790693057,517,9,transition,vit_base_image,123,123,128,122.60061919504642,122.60061919504642,126.198
1790693058,518,9,transition,resnet50_image,82,82,82,82.23661214667806,100.61363406976928,187.183
1790693058,518,9,transition,vgg16_image,317,318,318,317.607476635514,474.79626168224297,368.48
1790693058,518,9,transition,vit_base_image,122,122,128,122.60061919504642,122.60061919504642,126.198
1790693059,519,9,transition,resnet50_image,83,82,82,82.23661214667806,100.61363406976928,187.183
1790693059,519,9,transition,vgg16_image,318,316,298,317.607476635514,474.79626168224297,476.781
1790693059,519,9,transition,vit_base_image,123,122,102,122.60061919504642,122.60061919504642,126.198
1790693060,520,9,transition,resnet50_image,82,83,83,82.23661214667806,100.61363406976928,187.183
1790693060,520,9,transition,vgg16_image,317,319,335,317.607476635514,474.79626168224297,476.781
1790693060,520,9,transition,vit_base_image,123,123,122,122.60061919504642,122.60061919504642,126.198
1790693061,521,9,transition,resnet50_image,82,82,82,82.23661214667806,100.61363406976928,187.183
1790693061,521,9,transition,vgg16_image,318,318,316,317.607476635514,474.79626168224297,476.781
1790693061,521,9,transition,vit_base_image,122,123,128,122.60061919504642,122.60061919504642,126.198
1790693062,522,9,transition,resnet50_image,82,82,83,82.23661214667806,100.61363406976928,187.183
1790693062,522,9,transition,vgg16_image,318,317,323,317.607476635514,474.79626168224297,476.781
1790693062,522,9,transition,vit_base_image,123,123,128,122.60061919504642,122.60061919504642,126.198
1790693063,523,9,transition,resnet50_image,83,82,82,82.23661214667806,100.61363406976928,187.183
1790693063,523,9,transition,vgg16_image,317,318,314,317.607476635514,474.79626168224297,476.781
1790693063,523,9,transition,vit_base_image,122,122,128,122.60061919504642,122.60061919504642,126.198
1790693064,524,9,transition,resnet50_image,82,83,82,82.23661214667806,100.61363406976928,187.183
1790693064,524,9,transition,vgg16_image,318,317,319,317.607476635514,474.79626168224297,476.781
1790693064,524,9,transition,vit_base_image,123,123,128,122.60061919504642,122.60061919504642,126.198
1790693065,525,9,transition,resnet50_image,82,82,82,82.23661214667806,100.61363406976928,187.183
1790693065,525,9,transition,vgg16_image,317,318,311,317.607476635514,474.79626168224297,476.781
1790693065,525,9,transition,vit_base_image,123,122,96,122.60061919504642,122.60061919504642,126.198
1790693066,526,9,transition,resnet50_image,82,82,82,82.23661214667806,100.61363406976928,187.183
1790693066,526,9,transition,vgg16_image,318,318,322,317.607476635514,474.79626168224297,476.781
1790693066,526,9,transition,vit_base_image,122,123,128,122.60061919504642,122.60061919504642,126.198
1790693067,527,9,transition,resnet50_image,83,82,82,82.23661214667806,100.61363406976928,187.183
1790693067,527,9,transition,vgg16_image,318,317,318,317.607476635514,474.79626168224297,476.781
1790693067,527,9,transition,vit_base_image,123,123,128,122.60061919504642,122.60061919504642,126.198
1790693068,528,9,transition,resnet50_image,82,83,83,82.23661214667806,100.61363406976928,187.183
1790693068,528,9,transition,vgg16_image,317,318,313,317.607476635514,474.79626168224297,476.781
1790693068,528,9,transition,vit_base_image,122,122,128,122.60061919504642,122.60061919504642,126.198
1790693069,529,9,transition,resnet50_image,82,82,82,82.23661214667806,100.61363406976928,187.183
1790693069,529,9,transition,vgg16_image,318,318,326,317.607476635514,474.79626168224297,476.781
1790693069,529,9,transition,vit_base_image,123,123,128,122.60061919504642,122.60061919504642,126.198
1790693070,530,9,transition,resnet50_image,82,82,82,82.23661214667806,100.61363406976928,187.183
1790693070,530,9,transition,vgg16_image,317,317,289,317.607476635514,474.79626168224297,476.781
1790693070,530,9,transition,vit_base_image,123,122,128,122.60061919504642,122.60061919504642,126.198
1790693071,531,9,transition,resnet50_image,82,82,82,82.23661214667806,100.61363406976928,187.183
1790693071,531,9,transition,vgg16_image,318,318,343,317.607476635514,474.79626168224297,476.781
1790693071,531,9,transition,vit_base_image,122,123,112,122.60061919504642,122.60061919504642,126.198
1790693072,532,9,transition,resnet50_image,83,83,83,82.23661214667806,100.61363406976928,187.183
1790693072,532,9,transition,vgg16_image,318,317,319,317.607476635514,474.79626168224297,476.781
1790693072,532,9,transition,vit_base_image,123,123,112,122.60061919504642,122.60061919504642,126.198
1790693073,533,9,transition,resnet50_image,82,82,82,82.23661214667806,100.61363406976928,187.183
1790693073,533,9,transition,vgg16_image,317,318,319,317.607476635514,474.79626168224297,476.781
1790693073,533,9,transition,vit_base_image,122,122,128,122.60061919504642,122.60061919504642,126.198
1790693074,534,9,transition,resnet50_image,82,82,82,82.23661214667806,100.61363406976928,187.183
1790693074,534,9,transition,vgg16_image,318,317,317,317.607476635514,474.79626168224297,476.781
1790693074,534,9,transition,vit_base_image,123,123,128,122.60061919504642,122.60061919504642,126.198
1790693075,535,9,transition,resnet50_image,82,82,82,82.23661214667806,100.61363406976928,187.183
1790693075,535,9,transition,vgg16_image,317,318,315,317.607476635514,474.79626168224297,476.781
1790693075,535,9,transition,vit_base_image,123,123,128,122.60061919504642,122.60061919504642,126.198
1790693076,536,9,transition,resnet50_image,83,83,82,82.23661214667806,100.61363406976928,187.183
1790693076,536,9,transition,vgg16_image,318,318,322,317.607476635514,474.79626168224297,476.781
1790693076,536,9,transition,vit_base_image,122,122,128,122.60061919504642,122.60061919504642,126.198
1790693077,537,9,transition,resnet50_image,82,82,83,82.23661214667806,100.61363406976928,187.183
1790693077,537,9,transition,vgg16_image,318,317,317,317.607476635514,474.79626168224297,476.781
1790693077,537,9,transition,vit_base_image,123,123,112,122.60061919504642,122.60061919504642,126.198
1790693078,538,9,transition,resnet50_image,82,82,82,82.23661214667806,100.61363406976928,187.183
1790693078,538,9,transition,vgg16_image,317,318,315,317.607476635514,474.79626168224297,476.781
1790693078,538,9,transition,vit_base_image,122,122,128,122.60061919504642,122.60061919504642,126.198
1790693079,539,9,transition,resnet50_image,82,82,82,82.23661214667806,100.61363406976928,187.183
1790693079,539,9,transition,vgg16_image,318,318,318,317.607476635514,474.79626168224297,476.781
1790693079,539,9,transition,vit_base_image,123,123,112,122.60061919504642,122.60061919504642,126.198
1790693080,540,9,transition,resnet50_image,83,83,73,82.23661214667806,100.61363406976928,187.183
1790693080,540,9,transition,vgg16_image,318,317,273,317.607476635514,474.79626168224297,476.781
1790693080,540,9,transition,vit_base_image,123,123,128,122.60061919504642,122.60061919504642,126.198
1790693081,541,9,transition,resnet50_image,82,82,92,82.23661214667806,100.61363406976928,187.183
1790693081,541,9,transition,vgg16_image,317,318,361,317.607476635514,474.79626168224297,476.781
1790693081,541,9,transition,vit_base_image,122,122,128,122.60061919504642,122.60061919504642,126.198
1790693082,542,9,transition,resnet50_image,82,82,82,82.23661214667806,100.61363406976928,187.183
1790693082,542,9,transition,vgg16_image,318,317,318,317.607476635514,474.79626168224297,476.781
1790693082,542,9,transition,vit_base_image,123,123,119,122.60061919504642,122.60061919504642,126.198
1790693083,543,9,transition,resnet50_image,82,82,82,82.23661214667806,100.61363406976928,187.183
1790693083,543,9,transition,vgg16_image,317,318,319,317.607476635514,474.79626168224297,476.781
1790693083,543,9,transition,vit_base_image,122,122,121,122.60061919504642,122.60061919504642,126.198
1790693084,544,9,transition,resnet50_image,89,89,88,82.23661214667806,100.61363406976928,187.183
1790693084,544,9,transition,vgg16_image,378,378,337,317.607476635514,474.79626168224297,476.781
1790693084,544,9,transition,vit_base_image,123,123,128,122.60061919504642,122.60061919504642,126.198
1790693085,545,9,steady,resnet50_image,100,100,101,100.61363406976928,100.61363406976928,187.183
1790693085,545,9,steady,vgg16_image,475,474,464,474.79626168224297,474.79626168224297,476.781
1790693085,545,9,steady,vit_base_image,123,123,112,122.60061919504642,122.60061919504642,126.198
1790693086,546,9,steady,resnet50_image,101,101,100,100.61363406976928,100.61363406976928,187.183
1790693086,546,9,steady,vgg16_image,475,474,451,474.79626168224297,474.79626168224297,476.781
1790693086,546,9,steady,vit_base_image,122,122,128,122.60061919504642,122.60061919504642,126.198
1790693087,547,9,steady,resnet50_image,101,100,101,100.61363406976928,100.61363406976928,187.183
1790693087,547,9,steady,vgg16_image,474,475,349,474.79626168224297,474.79626168224297,476.781
1790693087,547,9,steady,vit_base_image,123,123,112,122.60061919504642,122.60061919504642,126.198
1790693088,548,9,steady,resnet50_image,100,101,101,100.61363406976928,100.61363406976928,187.183
1790693088,548,9,steady,vgg16_image,475,475,464,474.79626168224297,474.79626168224297,476.781
1790693088,548,9,steady,vit_base_image,123,122,128,122.60061919504642,122.60061919504642,126.198
1790693089,549,9,steady,resnet50_image,101,101,101,100.61363406976928,100.61363406976928,187.183
1790693089,549,9,steady,vgg16_image,475,475,448,474.79626168224297,474.79626168224297,476.781
1790693089,549,9,steady,vit_base_image,122,123,112,122.60061919504642,122.60061919504642,126.198
1790693090,550,9,steady,resnet50_image,101,100,100,100.61363406976928,100.61363406976928,187.183
1790693090,550,9,steady,vgg16_image,475,467,464,474.79626168224297,474.79626168224297,476.781
1790693090,550,9,steady,vit_base_image,123,122,112,122.60061919504642,122.60061919504642,126.198
1790693091,551,9,steady,resnet50_image,100,101,101,100.61363406976928,100.61363406976928,187.183
1790693091,551,9,steady,vgg16_image,475,455,450,474.79626168224297,474.79626168224297,476.781
1790693091,551,9,steady,vit_base_image,122,123,128,122.60061919504642,122.60061919504642,126.198
1790693092,552,9,steady,resnet50_image,101,101,100,100.61363406976928,100.61363406976928,187.183
1790693092,552,9,steady,vgg16_image,474,457,462,474.79626168224297,474.79626168224297,476.781
1790693092,552,9,steady,vit_base_image,123,123,112,122.60061919504642,122.60061919504642,126.198
1790693093,553,9,steady,resnet50_image,100,100,101,100.61363406976928,100.61363406976928,187.183
1790693093,553,9,steady,vgg16_image,475,465,464,474.79626168224297,474.79626168224297,476.781
1790693093,553,9,steady,vit_base_image,123,122,112,122.60061919504642,122.60061919504642,126.198
1790693094,554,9,steady,resnet50_image,101,101,94,100.61363406976928,100.61363406976928,187.183
1790693094,554,9,steady,vgg16_image,475,438,432,474.79626168224297,474.79626168224297,476.781
1790693094,554,9,steady,vit_base_image,122,123,128,122.60061919504642,122.60061919504642,126.198
1790693095,555,9,steady,resnet50_image,101,100,108,100.61363406976928,100.61363406976928,187.183
1790693095,555,9,steady,vgg16_image,475,440,448,474.79626168224297,474.79626168224297,476.781
1790693095,555,9,steady,vit_base_image,123,123,128,122.60061919504642,122.60061919504642,126.198
1790693096,556,9,steady,resnet50_image,100,101,100,100.61363406976928,100.61363406976928,187.183
1790693096,556,9,steady,vgg16_image,474,464,464,474.79626168224297,474.79626168224297,476.781
1790693096,556,9,steady,vit_base_image,122,122,112,122.60061919504642,122.60061919504642,126.198
1790693097,557,9,steady,resnet50_image,101,101,100,100.61363406976928,100.61363406976928,187.183
1790693097,557,9,steady,vgg16_image,475,459,464,474.79626168224297,474.79626168224297,476.781
1790693097,557,9,steady,vit_base_image,123,123,112,122.60061919504642,122.60061919504642,126.198
1790693098,558,9,steady,resnet50_image,100,100,101,100.61363406976928,100.61363406976928,187.183
1790693098,558,9,steady,vgg16_image,475,460,448,474.79626168224297,474.79626168224297,476.781
1790693098,558,9,steady,vit_base_image,123,122,128,122.60061919504642,122.60061919504642,126.198
1790693099,559,9,steady,resnet50_image,101,101,101,100.61363406976928,100.61363406976928,187.183
1790693099,559,9,steady,vgg16_image,475,460,464,474.79626168224297,474.79626168224297,476.781
1790693099,559,9,steady,vit_base_image,122,123,128,122.60061919504642,122.60061919504642,126.198
1790693100,560,9,steady,resnet50_image,101,101,100,100.61363406976928,100.61363406976928,187.183
1790693100,560,9,steady,vgg16_image,475,457,464,474.79626168224297,474.79626168224297,476.781
1790693100,560,9,steady,vit_base_image,123,123,111,122.60061919504642,122.60061919504642,126.198
1790693101,561,9,steady,resnet50_image,100,100,101,100.61363406976928,100.61363406976928,187.183
1790693101,561,9,steady,vgg16_image,474,458,448,474.79626168224297,474.79626168224297,476.781
1790693101,561,9,steady,vit_base_image,122,122,113,122.60061919504642,122.60061919504642,126.198
1790693102,562,9,steady,resnet50_image,101,101,101,100.61363406976928,100.61363406976928,187.183
1790693102,562,9,steady,vgg16_image,475,457,464,474.79626168224297,474.79626168224297,476.781
1790693102,562,9,steady,vit_base_image,123,123,128,122.60061919504642,122.60061919504642,126.198
1790693103,563,9,steady,resnet50_image,100,100,100,100.61363406976928,100.61363406976928,187.183
1790693103,563,9,steady,vgg16_image,475,458,456,474.79626168224297,474.79626168224297,476.781
1790693103,563,9,steady,vit_base_image,123,122,111,122.60061919504642,122.60061919504642,126.198
1790693104,564,9,steady,resnet50_image,101,101,101,100.61363406976928,100.61363406976928,187.183
1790693104,564,9,steady,vgg16_image,475,468,472,474.79626168224297,474.79626168224297,476.781
1790693104,564,9,steady,vit_base_image,122,123,113,122.60061919504642,122.60061919504642,126.198
1790693105,565,9,steady,resnet50_image,101,101,101,100.61363406976928,100.61363406976928,187.183
1790693105,565,9,steady,vgg16_image,475,459,449,474.79626168224297,474.79626168224297,476.781
1790693105,565,9,steady,vit_base_image,123,122,128,122.60061919504642,122.60061919504642,126.198
1790693106,566,9,steady,resnet50_image,100,100,100,100.61363406976928,100.61363406976928,187.183
1790693106,566,9,steady,vgg16_image,474,415,431,474.79626168224297,474.79626168224297,476.781
1790693106,566,9,steady,vit_base_image,122,123,128,122.60061919504642,122.60061919504642,126.198
1790693107,567,9,steady,resnet50_image,101,101,100,100.61363406976928,100.61363406976928,187.183
1790693107,567,9,steady,vgg16_image,475,470,464,474.79626168224297,474.79626168224297,476.781
1790693107,567,9,steady,vit_base_image,123,123,112,122.60061919504642,122.60061919504642,126.198
1790693108,568,9,steady,resnet50_image,101,100,101,100.61363406976928,100.61363406976928,187.183
1790693108,568,9,steady,vgg16_image,475,465,464,474.79626168224297,474.79626168224297,476.781
1790693108,568,9,steady,vit_base_image,123,122,112,122.60061919504642,122.60061919504642,126.198
1790693109,569,9,steady,resnet50_image,100,101,101,100.61363406976928,100.61363406976928,187.183
1790693109,569,9,steady,vgg16_image,475,462,464,474.79626168224297,474.79626168224297,476.781
1790693109,569,9,steady,vit_base_image,122,123,128,122.60061919504642,122.60061919504642,126.198
1790693110,570,9,steady,resnet50_image,101,101,101,100.61363406976928,100.61363406976928,187.183
1790693110,570,9,steady,vgg16_image,475,456,448,474.79626168224297,474.79626168224297,476.781
1790693110,570,9,steady,vit_base_image,123,123,128,122.60061919504642,122.60061919504642,126.198
1790693111,571,9,steady,resnet50_image,100,100,100,100.61363406976928,100.61363406976928,187.183
1790693111,571,9,steady,vgg16_image,474,461,464,474.79626168224297,474.79626168224297,476.781
1790693111,571,9,steady,vit_base_image,122,122,96,122.60061919504642,122.60061919504642,126.198
1790693112,572,9,steady,resnet50_image,101,101,101,100.61363406976928,100.61363406976928,187.183
1790693112,572,9,steady,vgg16_image,475,459,464,474.79626168224297,474.79626168224297,476.781
1790693112,572,9,steady,vit_base_image,123,123,128,122.60061919504642,122.60061919504642,126.198
1790693113,573,9,steady,resnet50_image,101,101,100,100.61363406976928,100.61363406976928,187.183
1790693113,573,9,steady,vgg16_image,475,459,448,474.79626168224297,474.79626168224297,476.781
1790693113,573,9,steady,vit_base_image,123,122,128,122.60061919504642,122.60061919504642,126.198
1790693114,574,9,steady,resnet50_image,100,100,101,100.61363406976928,100.61363406976928,187.183
1790693114,574,9,steady,vgg16_image,475,453,453,474.79626168224297,474.79626168224297,476.781
1790693114,574,9,steady,vit_base_image,122,123,100,122.60061919504642,122.60061919504642,126.198
1790693115,575,,,resnet50_image,101,101,100,,,187.183
1790693115,575,,,vgg16_image,475,461,475,,,476.781
1790693115,575,,,vit_base_image,123,123,124,,,126.198
1790693116,576,,,resnet50_image,100,100,101,,,187.183
1790693116,576,,,vgg16_image,474,463,453,,,476.781
1790693116,576,,,vit_base_image,122,122,128,,,126.198
1790693117,577,,,resnet50_image,101,101,101,,,187.183
1790693117,577,,,vgg16_image,475,463,459,,,476.781
1790693117,577,,,vit_base_image,123,123,115,,,126.198
1790693118,578,,,resnet50_image,101,100,100,,,187.183
1790693118,578,,,vgg16_image,475,424,432,,,476.781
1790693118,578,,,vit_base_image,123,122,125,,,126.198
1790693119,579,,,resnet50_image,100,101,101,,,187.183
1790693119,579,,,vgg16_image,475,466,464,,,476.781
1790693119,579,,,vit_base_image,122,122,112,,,126.198
1790693120,580,,,resnet50_image,101,101,101,,,187.183
1790693120,580,,,vgg16_image,475,462,464,,,476.781
1790693120,580,,,vit_base_image,123,121,128,,,126.198
1790693121,581,,,resnet50_image,101,100,100,,,187.183
1790693121,581,,,vgg16_image,474,459,464,,,476.781
1790693121,581,,,vit_base_image,122,119,112,,,126.198
1790693122,582,,,resnet50_image,100,101,101,,,187.183
1790693122,582,,,vgg16_image,475,458,448,,,476.781
1790693122,582,,,vit_base_image,123,119,126,,,126.198
1790693123,583,,,resnet50_image,101,101,100,,,187.183
1790693123,583,,,vgg16_image,475,460,464,,,476.781
1790693123,583,,,vit_base_image,123,118,114,,,126.198
1790693124,584,,,resnet50_image,100,100,101,,,187.183
1790693124,584,,,vgg16_image,475,456,452,,,476.781
1790693124,584,,,vit_base_image,122,118,112,,,126.198
1790693125,585,,,resnet50_image,101,101,100,,,187.183
1790693125,585,,,vgg16_image,475,457,460,,,476.781
1790693125,585,,,vit_base_image,123,118,128,,,126.198
1790693126,586,,,resnet50_image,101,100,101,,,187.183
1790693126,586,,,vgg16_image,474,459,461,,,476.781
1790693126,586,,,vit_base_image,122,119,112,,,126.198
1790693127,587,10,transition,resnet50_image,100,101,100,100.61363406976928,109.74604911579873,187.183
1790693127,587,10,transition,vgg16_image,451,384,403,444.6504672897196,444.6504672897196,476.781
1790693127,587,10,transition,vit_base_image,86,84,128,73.56037151702786,73.56037151702786,126.198
1790693128,588,10,transition,resnet50_image,100,100,101,100.61363406976928,109.74604911579873,187.183
1790693128,588,10,transition,vgg16_image,445,445,464,444.6504672897196,444.6504672897196,476.781
1790693128,588,10,transition,vit_base_image,73,73,112,73.56037151702786,73.56037151702786,126.198
1790693129,589,10,transition,resnet50_image,101,101,101,100.61363406976928,109.74604911579873,187.183
1790693129,589,10,transition,vgg16_image,444,444,448,444.6504672897196,444.6504672897196,476.781
1790693129,589,10,transition,vit_base_image,74,74,128,73.56037151702786,73.56037151702786,126.198
1790693130,590,10,transition,resnet50_image,101,101,100,100.61363406976928,109.74604911579873,187.183
1790693130,590,10,transition,vgg16_image,445,445,456,444.6504672897196,444.6504672897196,476.781
1790693130,590,10,transition,vit_base_image,73,73,112,73.56037151702786,73.56037151702786,126.198
1790693131,591,10,transition,resnet50_image,100,100,101,100.61363406976928,109.74604911579873,187.183
1790693131,591,10,transition,vgg16_image,445,444,466,444.6504672897196,444.6504672897196,476.781
1790693131,591,10,transition,vit_base_image,74,74,121,73.56037151702786,73.56037151702786,126.198
1790693132,592,10,transition,resnet50_image,101,101,101,100.61363406976928,109.74604911579873,187.183
1790693132,592,10,transition,vgg16_image,444,444,454,444.6504672897196,444.6504672897196,476.781
1790693132,592,10,transition,vit_base_image,74,74,98,73.56037151702786,73.56037151702786,126.198
1790693133,593,10,transition,resnet50_image,101,100,100,100.61363406976928,109.74604911579873,187.183
1790693133,593,10,transition,vgg16_image,445,445,464,444.6504672897196,444.6504672897196,476.781
1790693133,593,10,transition,vit_base_image,73,73,74,73.56037151702786,73.56037151702786,126.198
1790693134,594,10,transition,resnet50_image,100,101,101,100.61363406976928,109.74604911579873,187.183
1790693134,594,10,transition,vgg16_image,445,445,464,444.6504672897196,444.6504672897196,476.781
1790693134,594,10,transition,vit_base_image,74,74,73,73.56037151702786,73.56037151702786,126.198
1790693135,595,10,transition,resnet50_image,101,101,101,100.61363406976928,109.74604911579873,187.183
1790693135,595,10,transition,vgg16_image,444,444,451,444.6504672897196,444.6504672897196,476.781
1790693135,595,10,transition,vit_base_image,73,73,74,73.56037151702786,73.56037151702786,126.198
1790693136,596,10,transition,resnet50_image,100,100,100,100.61363406976928,109.74604911579873,187.183
1790693136,596,10,transition,vgg16_image,445,445,445,444.6504672897196,444.6504672897196,476.781
1790693136,596,10,transition,vit_base_image,74,74,74,73.56037151702786,73.56037151702786,100.828
1790693137,597,10,transition,resnet50_image,101,101,101,100.61363406976928,109.74604911579873,187.183
1790693137,597,10,transition,vgg16_image,445,445,464,444.6504672897196,444.6504672897196,476.781
1790693137,597,10,transition,vit_base_image,73,73,73,73.56037151702786,73.56037151702786,100.828
1790693138,598,10,transition,resnet50_image,101,100,100,100.61363406976928,109.74604911579873,187.183
1790693138,598,10,transition,vgg16_image,444,444,464,444.6504672897196,444.6504672897196,476.781
1790693138,598,10,transition,vit_base_image,74,74,74,73.56037151702786,73.56037151702786,100.828
1790693139,599,10,transition,resnet50_image,100,101,101,100.61363406976928,109.74604911579873,187.183
1790693139,599,10,transition,vgg16_image,445,445,464,444.6504672897196,444.6504672897196,476.781
1790693139,599,10,transition,vit_base_image,74,73,74,73.56037151702786,73.56037151702786,100.828
1790693140,600,10,transition,resnet50_image,101,101,100,100.61363406976928,109.74604911579873,187.183
1790693140,600,10,transition,vgg16_image,445,445,464,444.6504672897196,444.6504672897196,476.781
1790693140,600,10,transition,vit_base_image,73,74,73,73.56037151702786,73.56037151702786,100.828
1790693141,601,10,transition,resnet50_image,100,100,101,100.61363406976928,109.74604911579873,187.183
1790693141,601,10,transition,vgg16_image,444,444,449,444.6504672897196,444.6504672897196,476.781
1790693141,601,10,transition,vit_base_image,74,74,74,73.56037151702786,73.56037151702786,100.828
1790693142,602,10,transition,resnet50_image,101,101,87,100.61363406976928,109.74604911579873,187.183
1790693142,602,10,transition,vgg16_image,445,445,384,444.6504672897196,444.6504672897196,476.781
1790693142,602,10,transition,vit_base_image,73,73,66,73.56037151702786,73.56037151702786,100.828
1790693143,603,10,transition,resnet50_image,101,100,114,100.61363406976928,109.74604911579873,187.183
1790693143,603,10,transition,vgg16_image,445,445,383,444.6504672897196,444.6504672897196,476.781
1790693143,603,10,transition,vit_base_image,74,74,81,73.56037151702786,73.56037151702786,100.828
1790693144,604,10,steady,resnet50_image,105,106,106,109.74604911579873,109.74604911579873,187.183
1790693144,604,10,steady,vgg16_image,442,442,448,444.6504672897196,444.6504672897196,476.781
1790693144,604,10,steady,vit_base_image,74,74,74,73.56037151702786,73.56037151702786,100.828
1790693145,605,10,steady,resnet50_image,110,110,109,109.74604911579873,109.74604911579873,187.183
1790693145,605,10,steady,vgg16_image,444,445,464,444.6504672897196,444.6504672897196,476.781
1790693145,605,10,steady,vit_base_image,73,73,73,73.56037151702786,73.56037151702786,100.828
1790693146,606,10,steady,resnet50_image,110,109,110,109.74604911579873,109.74604911579873,187.183
1790693146,606,10,steady,vgg16_image,445,444,464,444.6504672897196,444.6504672897196,476.781
1790693146,606,10,steady,vit_base_image,74,74,74,73.56037151702786,73.56037151702786,100.828
1790693147,607,10,steady,resnet50_image,109,110,110,109.74604911579873,109.74604911579873,187.183
1790693147,607,10,steady,vgg16_image,445,445,448,444.6504672897196,444.6504672897196,476.781
1790693147,607,10,steady,vit_base_image,73,73,73,73.56037151702786,73.56037151702786,100.828
1790693148,608,10,steady,resnet50_image,110,110,110,109.74604911579873,109.74604911579873,187.183
1790693148,608,10,steady,vgg16_image,444,445,464,444.6504672897196,444.6504672897196,476.781
1790693148,608,10,steady,vit_base_image,74,74,74,73.56037151702786,73.56037151702786,100.828
1790693149,609,10,steady,resnet50_image,110,110,109,109.74604911579873,109.74604911579873,187.183
1790693149,609,10,steady,vgg16_image,445,444,336,444.6504672897196,444.6504672897196,476.781
1790693149,609,10,steady,vit_base_image,73,73,73,73.56037151702786,73.56037151702786,100.828
1790693150,610,10,steady,resnet50_image,110,109,110,109.74604911579873,109.74604911579873,187.183
1790693150,610,10,steady,vgg16_image,445,445,464,444.6504672897196,444.6504672897196,476.781
1790693150,610,10,steady,vit_base_image,74,74,74,73.56037151702786,73.56037151702786,100.828
1790693151,611,10,steady,resnet50_image,109,110,110,109.74604911579873,109.74604911579873,187.183
1790693151,611,10,steady,vgg16_image,444,445,464,444.6504672897196,444.6504672897196,476.781
1790693151,611,10,steady,vit_base_image,74,73,74,73.56037151702786,73.56037151702786,100.828
1790693152,612,10,steady,resnet50_image,110,110,110,109.74604911579873,109.74604911579873,187.183
1790693152,612,10,steady,vgg16_image,445,444,464,444.6504672897196,444.6504672897196,476.781
1790693152,612,10,steady,vit_base_image,73,74,73,73.56037151702786,73.56037151702786,100.828
1790693153,613,10,steady,resnet50_image,110,110,110,109.74604911579873,109.74604911579873,187.183
1790693153,613,10,steady,vgg16_image,445,445,464,444.6504672897196,444.6504672897196,476.781
1790693153,613,10,steady,vit_base_image,74,74,74,73.56037151702786,73.56037151702786,100.828
1790693154,614,10,steady,resnet50_image,110,110,109,109.74604911579873,109.74604911579873,187.183
1790693154,614,10,steady,vgg16_image,444,445,464,444.6504672897196,444.6504672897196,476.781
1790693154,614,10,steady,vit_base_image,73,73,73,73.56037151702786,73.56037151702786,100.828
1790693155,615,10,steady,resnet50_image,109,109,110,109.74604911579873,109.74604911579873,187.183
1790693155,615,10,steady,vgg16_image,445,445,464,444.6504672897196,444.6504672897196,476.781
1790693155,615,10,steady,vit_base_image,74,74,74,73.56037151702786,73.56037151702786,100.828
1790693156,616,10,steady,resnet50_image,110,110,110,109.74604911579873,109.74604911579873,187.183
1790693156,616,10,steady,vgg16_image,445,444,464,444.6504672897196,444.6504672897196,476.781
1790693156,616,10,steady,vit_base_image,73,73,73,73.56037151702786,73.56037151702786,100.828
1790693157,617,10,steady,resnet50_image,110,110,90,109.74604911579873,109.74604911579873,187.183
1790693157,617,10,steady,vgg16_image,444,444,385,444.6504672897196,444.6504672897196,476.781
1790693157,617,10,steady,vit_base_image,74,74,65,73.56037151702786,73.56037151702786,100.828
1790693158,618,10,steady,resnet50_image,110,110,129,109.74604911579873,109.74604911579873,187.183
1790693158,618,10,steady,vgg16_image,445,434,319,444.6504672897196,444.6504672897196,476.781
1790693158,618,10,steady,vit_base_image,73,73,83,73.56037151702786,73.56037151702786,100.828
1790693159,619,10,steady,resnet50_image,109,109,110,109.74604911579873,109.74604911579873,187.183
1790693159,619,10,steady,vgg16_image,445,444,462,444.6504672897196,444.6504672897196,476.781
1790693159,619,10,steady,vit_base_image,74,74,73,73.56037151702786,73.56037151702786,100.828
1790693160,620,10,steady,resnet50_image,110,110,110,109.74604911579873,109.74604911579873,187.183
1790693160,620,10,steady,vgg16_image,444,444,466,444.6504672897196,444.6504672897196,476.781
1790693160,620,10,steady,vit_base_image,74,74,74,73.56037151702786,73.56037151702786,100.828
1790693161,621,10,steady,resnet50_image,110,110,110,109.74604911579873,109.74604911579873,187.183
1790693161,621,10,steady,vgg16_image,445,445,448,444.6504672897196,444.6504672897196,476.781
1790693161,621,10,steady,vit_base_image,73,73,73,73.56037151702786,73.56037151702786,100.828
1790693162,622,10,steady,resnet50_image,110,110,109,109.74604911579873,109.74604911579873,187.183
1790693162,622,10,steady,vgg16_image,445,445,464,444.6504672897196,444.6504672897196,476.781
1790693162,622,10,steady,vit_base_image,74,74,74,73.56037151702786,73.56037151702786,100.828
1790693163,623,10,steady,resnet50_image,109,109,110,109.74604911579873,109.74604911579873,187.183
1790693163,623,10,steady,vgg16_image,444,445,464,444.6504672897196,444.6504672897196,476.781
1790693163,623,10,steady,vit_base_image,73,73,73,73.56037151702786,73.56037151702786,100.828
1790693164,624,10,steady,resnet50_image,110,110,110,109.74604911579873,109.74604911579873,187.183
1790693164,624,10,steady,vgg16_image,445,444,464,444.6504672897196,444.6504672897196,476.781
1790693164,624,10,steady,vit_base_image,74,74,74,73.56037151702786,73.56037151702786,100.828
1790693165,625,10,steady,resnet50_image,110,110,109,109.74604911579873,109.74604911579873,187.183
1790693165,625,10,steady,vgg16_image,444,445,464,444.6504672897196,444.6504672897196,476.781
1790693165,625,10,steady,vit_base_image,73,73,73,73.56037151702786,73.56037151702786,100.828
1790693166,626,10,steady,resnet50_image,110,110,110,109.74604911579873,109.74604911579873,187.183
1790693166,626,10,steady,vgg16_image,445,445,465,444.6504672897196,444.6504672897196,476.781
1790693166,626,10,steady,vit_base_image,74,74,74,73.56037151702786,73.56037151702786,100.828
1790693167,627,10,steady,resnet50_image,109,109,110,109.74604911579873,109.74604911579873,187.183
1790693167,627,10,steady,vgg16_image,445,444,474,444.6504672897196,444.6504672897196,476.781
1790693167,627,10,steady,vit_base_image,74,73,74,73.56037151702786,73.56037151702786,100.828
1790693168,628,10,steady,resnet50_image,110,110,96,109.74604911579873,109.74604911579873,187.183
1790693168,628,10,steady,vgg16_image,444,445,344,444.6504672897196,444.6504672897196,476.781
1790693168,628,10,steady,vit_base_image,73,74,66,73.56037151702786,73.56037151702786,100.828
1790693169,629,10,steady,resnet50_image,110,110,124,109.74604911579873,109.74604911579873,187.183
1790693169,629,10,steady,vgg16_image,445,445,461,444.6504672897196,444.6504672897196,476.781
1790693169,629,10,steady,vit_base_image,74,74,81,73.56037151702786,73.56037151702786,100.828
1790693170,630,10,steady,resnet50_image,110,109,109,109.74604911579873,109.74604911579873,187.183
1790693170,630,10,steady,vgg16_image,445,444,464,444.6504672897196,444.6504672897196,476.781
1790693170,630,10,steady,vit_base_image,73,73,73,73.56037151702786,73.56037151702786,100.828
1790693171,631,10,steady,resnet50_image,109,110,110,109.74604911579873,109.74604911579873,187.183
1790693171,631,10,steady,vgg16_image,444,445,464,444.6504672897196,444.6504672897196,476.781
1790693171,631,10,steady,vit_base_image,74,74,74,73.56037151702786,73.56037151702786,100.828
1790693172,632,10,steady,resnet50_image,110,110,110,109.74604911579873,109.74604911579873,187.183
1790693172,632,10,steady,vgg16_image,445,445,461,444.6504672897196,444.6504672897196,476.781
1790693172,632,10,steady,vit_base_image,73,73,73,73.56037151702786,73.56037151702786,100.828
1790693173,633,10,steady,resnet50_image,110,110,109,109.74604911579873,109.74604911579873,187.183
1790693173,633,10,steady,vgg16_image,445,444,451,444.6504672897196,444.6504672897196,476.781
1790693173,633,10,steady,vit_base_image,74,74,74,73.56037151702786,73.56037151702786,100.828
1790693174,634,,,resnet50_image,110,109,110,,,187.183
1790693174,634,,,vgg16_image,444,444,464,,,476.781
1790693174,634,,,vit_base_image,73,73,73,,,100.828
1790693175,635,,,resnet50_image,109,110,110,,,187.183
1790693175,635,,,vgg16_image,445,445,464,,,476.781
1790693175,635,,,vit_base_image,74,74,74,,,100.828
1790693176,636,,,resnet50_image,110,110,110,,,187.183
1790693176,636,,,vgg16_image,445,445,464,,,476.781
1790693176,636,,,vit_base_image,74,74,74,,,100.828
1790693177,637,,,resnet50_image,110,110,109,,,187.183
1790693177,637,,,vgg16_image,444,445,448,,,476.781
1790693177,637,,,vit_base_image,73,73,73,,,100.828
1790693178,638,,,resnet50_image,110,109,110,,,187.183
1790693178,638,,,vgg16_image,445,445,448,,,476.781
1790693178,638,,,vit_base_image,74,74,74,,,100.828
1790693179,639,,,resnet50_image,109,110,110,,,187.183
1790693179,639,,,vgg16_image,445,444,446,,,476.781
1790693179,639,,,vit_base_image,73,73,73,,,100.828
1790693180,640,,,resnet50_image,110,110,107,,,187.183
1790693180,640,,,vgg16_image,444,444,364,,,476.781
1790693180,640,,,vit_base_image,74,74,74,,,100.828
1790693181,641,,,resnet50_image,110,110,113,,,187.183
1790693181,641,,,vgg16_image,445,445,464,,,476.781
1790693181,641,,,vit_base_image,73,73,73,,,100.828
1790693182,642,,,resnet50_image,110,109,109,,,187.183
1790693182,642,,,vgg16_image,445,445,464,,,476.781
1790693182,642,,,vit_base_image,74,74,74,,,100.828
1790693183,643,,,resnet50_image,109,110,109,,,187.183
1790693183,643,,,vgg16_image,444,445,448,,,476.781
1790693183,643,,,vit_base_image,74,73,74,,,100.828
1790693184,644,,,resnet50_image,110,110,111,,,187.183
1790693184,644,,,vgg16_image,445,444,464,,,476.781
1790693184,644,,,vit_base_image,73,74,73,,,100.828
1790693185,645,,,resnet50_image,110,110,104,,,187.183
1790693185,645,,,vgg16_image,444,444,457,,,476.781
1790693185,645,,,vit_base_image,74,74,70,,,100.828
1790693186,646,11,transition,resnet50_image,109,109,115,109.74604911579873,147.12836721576207,187.183
1790693186,646,11,transition,vgg16_image,403,403,413,400.5084112149533,400.5084112149533,476.781
1790693186,646,11,transition,vit_base_image,74,73,78,73.56037151702786,73.56037151702786,100.828
1790693187,647,11,transition,resnet50_image,110,109,92,109.74604911579873,147.12836721576207,187.183
1790693187,647,11,transition,vgg16_image,400,401,284,400.5084112149533,400.5084112149533,476.781
1790693187,647,11,transition,vit_base_image,73,74,65,73.56037151702786,73.56037151702786,100.828
1790693188,648,11,transition,resnet50_image,109,110,127,109.74604911579873,147.12836721576207,187.183
1790693188,648,11,transition,vgg16_image,401,400,408,400.5084112149533,400.5084112149533,476.781
1790693188,648,11,transition,vit_base_image,74,73,82,73.56037151702786,73.56037151702786,100.828
1790693189,649,11,transition,resnet50_image,110,110,110,109.74604911579873,147.12836721576207,187.183
1790693189,649,11,transition,vgg16_image,400,401,477,400.5084112149533,400.5084112149533,476.781
1790693189,649,11,transition,vit_base_image,73,74,73,73.56037151702786,73.56037151702786,100.828
1790693190,650,11,transition,resnet50_image,110,110,110,109.74604911579873,147.12836721576207,187.183
1790693190,650,11,transition,vgg16_image,401,401,433,400.5084112149533,400.5084112149533,476.781
1790693190,650,11,transition,vit_base_image,74,74,74,73.56037151702786,73.56037151702786,100.828
1790693191,651,11,transition,resnet50_image,110,110,109,109.74604911579873,147.12836721576207,187.183
1790693191,651,11,transition,vgg16_image,400,400,402,400.5084112149533,400.5084112149533,476.781
1790693191,651,11,transition,vit_base_image,73,73,73,73.56037151702786,73.56037151702786,100.828
1790693192,652,11,transition,resnet50_image,109,109,110,109.74604911579873,147.12836721576207,187.183
1790693192,652,11,transition,vgg16_image,401,400,399,400.5084112149533,400.5084112149533,476.781
1790693192,652,11,transition,vit_base_image,74,74,74,73.56037151702786,73.56037151702786,100.828
1790693193,653,11,transition,resnet50_image,110,110,110,109.74604911579873,147.12836721576207,187.183
1790693193,653,11,transition,vgg16_image,400,401,394,400.5084112149533,400.5084112149533,476.781
1790693193,653,11,transition,vit_base_image,73,73,73,73.56037151702786,73.56037151702786,100.828
1790693194,654,11,transition,resnet50_image,110,110,109,109.74604911579873,147.12836721576207,187.183
1790693194,654,11,transition,vgg16_image,401,401,409,400.5084112149533,400.5084112149533,476.781
1790693194,654,11,transition,vit_base_image,74,74,74,73.56037151702786,73.56037151702786,100.828
1790693195,655,11,transition,resnet50_image,110,109,110,109.74604911579873,147.12836721576207,187.183
1790693195,655,11,transition,vgg16_image,400,400,401,400.5084112149533,400.5084112149533,476.781
1790693195,655,11,transition,vit_base_image,74,74,74,73.56037151702786,73.56037151702786,100.828
1790693196,656,11,transition,resnet50_image,109,110,110,109.74604911579873,147.12836721576207,187.183
1790693196,656,11,transition,vgg16_image,401,400,401,400.5084112149533,400.5084112149533,476.781
1790693196,656,11,transition,vit_base_image,73,73,73,73.56037151702786,73.56037151702786,100.828
1790693197,657,11,transition,resnet50_image,110,110,110,109.74604911579873,147.12836721576207,187.183
1790693197,657,11,transition,vgg16_image,400,401,399,400.5084112149533,400.5084112149533,476.781
1790693197,657,11,transition,vit_base_image,74,74,74,73.56037151702786,73.56037151702786,100.828
1790693198,658,11,transition,resnet50_image,110,110,109,109.74604911579873,147.12836721576207,187.183
1790693198,658,11,transition,vgg16_image,401,400,403,400.5084112149533,400.5084112149533,476.781
1790693198,658,11,transition,vit_base_image,73,73,73,73.56037151702786,73.56037151702786,100.828
1790693199,659,11,transition,resnet50_image,110,109,98,109.74604911579873,147.12836721576207,187.183
1790693199,659,11,transition,vgg16_image,400,401,321,400.5084112149533,400.5084112149533,476.781
1790693199,659,11,transition,vit_base_image,74,74,68,73.56037151702786,73.56037151702786,100.828
1790693200,660,11,transition,resnet50_image,109,110,122,109.74604911579873,147.12836721576207,187.183
1790693200,660,11,transition,vgg16_image,401,401,427,400.5084112149533,400.5084112149533,476.781
1790693200,660,11,transition,vit_base_image,73,73,80,73.56037151702786,73.56037151702786,100.828
1790693201,661,11,transition,resnet50_image,110,110,110,109.74604911579873,147.12836721576207,187.183
1790693201,661,11,transition,vgg16_image,400,400,447,400.5084112149533,400.5084112149533,476.781
1790693201,661,11,transition,vit_base_image,74,74,73,73.56037151702786,73.56037151702786,100.828
1790693202,662,11,transition,resnet50_image,110,110,109,109.74604911579873,147.12836721576207,187.183
1790693202,662,11,transition,vgg16_image,401,400,397,400.5084112149533,400.5084112149533,476.781
1790693202,662,11,transition,vit_base_image,74,73,74,73.56037151702786,73.56037151702786,100.828
1790693203,663,11,transition,resnet50_image,110,109,110,109.74604911579873,147.12836721576207,187.183
1790693203,663,11,transition,vgg16_image,400,401,409,400.5084112149533,400.5084112149533,476.781
1790693203,663,11,transition,vit_base_image,73,74,73,73.56037151702786,73.56037151702786,100.828
1790693204,664,11,transition,resnet50_image,109,110,110,109.74604911579873,147.12836721576207,187.183
1790693204,664,11,transition,vgg16_image,401,400,387,400.5084112149533,400.5084112149533,476.781
1790693204,664,11,transition,vit_base_image,74,74,74,73.56037151702786,73.56037151702786,100.828
1790693205,665,11,transition,resnet50_image,110,110,110,109.74604911579873,147.12836721576207,187.183
1790693205,665,11,transition,vgg16_image,400,401,413,400.5084112149533,400.5084112149533,476.781
1790693205,665,11,transition,vit_base_image,73,73,73,73.56037151702786,73.56037151702786,100.828
1790693206,666,11,transition,resnet50_image,110,110,110,109.74604911579873,147.12836721576207,187.183
1790693206,666,11,transition,vgg16_image,401,400,397,400.5084112149533,400.5084112149533,476.781
1790693206,666,11,transition,vit_base_image,74,74,74,73.56037151702786,73.56037151702786,100.828
1790693207,667,11,transition,resnet50_image,110,110,109,109.74604911579873,147.12836721576207,187.183
1790693207,667,11,transition,vgg16_image,400,401,408,400.5084112149533,400.5084112149533,476.781
1790693207,667,11,transition,vit_base_image,73,73,74,73.56037151702786,73.56037151702786,100.828
1790693208,668,11,transition,resnet50_image,109,109,110,109.74604911579873,147.12836721576207,187.183
1790693208,668,11,transition,vgg16_image,401,400,396,400.5084112149533,400.5084112149533,476.781
1790693208,668,11,transition,vit_base_image,74,74,73,73.56037151702786,73.56037151702786,100.828
1790693209,669,11,transition,resnet50_image,110,110,109,109.74604911579873,147.12836721576207,187.183
1790693209,669,11,transition,vgg16_image,400,401,401,400.5084112149533,400.5084112149533,476.781
1790693209,669,11,transition,vit_base_image,73,73,74,73.56037151702786,73.56037151702786,100.828
1790693210,670,11,transition,resnet50_image,110,110,111,109.74604911579873,147.12836721576207,187.183
1790693210,670,11,transition,vgg16_image,401,400,405,400.5084112149533,400.5084112149533,476.781
1790693210,670,11,transition,vit_base_image,74,74,73,73.56037151702786,73.56037151702786,100.828
1790693211,671,11,transition,resnet50_image,110,109,92,109.74604911579873,147.12836721576207,187.183
1790693211,671,11,transition,vgg16_image,400,401,323,400.5084112149533,400.5084112149533,476.781
1790693211,671,11,transition,vit_base_image,74,74,65,73.56037151702786,73.56037151702786,100.828
1790693212,672,11,transition,resnet50_image,109,110,127,109.74604911579873,147.12836721576207,187.183
1790693212,672,11,transition,vgg16_image,401,400,428,400.5084112149533,400.5084112149533,476.781
1790693212,672,11,transition,vit_base_image,73,73,82,73.56037151702786,73.56037151702786,100.828
1790693213,673,11,transition,resnet50_image,110,110,110,109.74604911579873,147.12836721576207,187.183
1790693213,673,11,transition,vgg16_image,400,401,441,400.5084112149533,400.5084112149533,476.781
1790693213,673,11,transition,vit_base_image,74,74,74,73.56037151702786,73.56037151702786,100.828
1790693214,674,11,transition,resnet50_image,110,110,110,109.74604911579873,147.12836721576207,187.183
1790693214,674,11,transition,vgg16_image,401,401,407,400.5084112149533,400.5084112149533,476.781
1790693214,674,11,transition,vit_base_image,73,73,73,73.56037151702786,73.56037151702786,100.828
1790693215,675,11,transition,resnet50_image,110,109,109,109.74604911579873,147.12836721576207,187.183
1790693215,675,11,transition,vgg16_image,401,400,390,400.5084112149533,400.5084112149533,476.781
1790693215,675,11,transition,vit_base_image,74,74,74,73.56037151702786,73.56037151702786,100.828
1790693216,676,11,transition,resnet50_image,109,110,110,109.74604911579873,147.12836721576207,187.183
1790693216,676,11,transition,vgg16_image,400,400,407,400.5084112149533,400.5084112149533,476.781
1790693216,676,11,transition,vit_base_image,73,73,73,73.56037151702786,73.56037151702786,100.828
1790693217,677,11,transition,resnet50_image,110,110,110,109.74604911579873,147.12836721576207,187.183
1790693217,677,11,transition,vgg16_image,401,401,410,400.5084112149533,400.5084112149533,476.781
1790693217,677,11,transition,vit_base_image,74,74,74,73.56037151702786,73.56037151702786,100.828
1790693218,678,11,transition,resnet50_image,110,110,110,109.74604911579873,147.12836721576207,187.183
1790693218,678,11,transition,vgg16_image,400,400,383,400.5084112149533,400.5084112149533,476.781
1790693218,678,11,transition,vit_base_image,74,73,74,73.56037151702786,73.56037151702786,100.828
1790693219,679,11,transition,resnet50_image,110,109,109,109.74604911579873,147.12836721576207,187.183
1790693219,679,11,transition,vgg16_image,401,401,413,400.5084112149533,400.5084112149533,476.781
1790693219,679,11,transition,vit_base_image,73,74,73,73.56037151702786,73.56037151702786,100.828
1790693220,680,11,transition,resnet50_image,109,110,109,109.74604911579873,147.12836721576207,187.183
1790693220,680,11,transition,vgg16_image,400,401,397,400.5084112149533,400.5084112149533,476.781
1790693220,680,11,transition,vit_base_image,74,74,74,73.56037151702786,73.56037151702786,100.828
1790693221,681,11,transition,resnet50_image,110,110,111,109.74604911579873,147.12836721576207,187.183
1790693221,681,11,transition,vgg16_image,401,400,394,400.5084112149533,400.5084112149533,476.781
1790693221,681,11,transition,vit_base_image,73,73,73,73.56037151702786,73.56037151702786,100.828
1790693222,682,11,transition,resnet50_image,110,110,110,109.74604911579873,147.12836721576207,187.183
1790693222,682,11,transition,vgg16_image,400,401,410,400.5084112149533,400.5084112149533,476.781
1790693222,682,11,transition,vit_base_image,74,74,74,73.56037151702786,73.56037151702786,100.828
1790693223,683,11,transition,resnet50_image,110,109,91,109.74604911579873,147.12836721576207,187.183
1790693223,683,11,transition,vgg16_image,401,400,317,400.5084112149533,400.5084112149533,476.781
1790693223,683,11,transition,vit_base_image,73,73,62,73.56037151702786,73.56037151702786,100.828
1790693224,684,11,transition,resnet50_image,122,123,130,109.74604911579873,147.12836721576207,187.183
1790693224,684,11,transition,vgg16_image,398,398,331,400.5084112149533,400.5084112149533,476.781
1790693224,684,11,transition,vit_base_image,74,73,85,73.56037151702786,73.56037151702786,100.828
1790693225,685,11,steady,resnet50_image,147,147,137,147.12836721576207,147.12836721576207,187.183
1790693225,685,11,steady,vgg16_image,400,401,464,400.5084112149533,400.5084112149533,476.781
1790693225,685,11,steady,vit_base_image,73,74,73,73.56037151702786,73.56037151702786,100.828
1790693226,686,11,steady,resnet50_image,147,147,137,147.12836721576207,147.12836721576207,187.183
1790693226,686,11,steady,vgg16_image,401,400,464,400.5084112149533,400.5084112149533,476.781
1790693226,686,11,steady,vit_base_image,74,74,74,73.56037151702786,73.56037151702786,100.828
1790693227,687,11,steady,resnet50_image,147,147,137,147.12836721576207,147.12836721576207,187.183
1790693227,687,11,steady,vgg16_image,400,401,426,400.5084112149533,400.5084112149533,476.781
1790693227,687,11,steady,vit_base_image,73,73,73,73.56037151702786,73.56037151702786,100.828
1790693228,688,11,steady,resnet50_image,148,147,130,147.12836721576207,147.12836721576207,187.183
1790693228,688,11,steady,vgg16_image,401,400,370,400.5084112149533,400.5084112149533,476.781
1790693228,688,11,steady,vit_base_image,74,74,71,73.56037151702786,73.56037151702786,100.828
1790693229,689,11,steady,resnet50_image,147,148,118,147.12836721576207,147.12836721576207,187.183
1790693229,689,11,steady,vgg16_image,400,401,320,400.5084112149533,400.5084112149533,476.781
1790693229,689,11,steady,vit_base_image,73,73,76,73.56037151702786,73.56037151702786,100.828
1790693230,690,11,steady,resnet50_image,147,147,136,147.12836721576207,147.12836721576207,187.183
1790693230,690,11,steady,vgg16_image,401,400,464,400.5084112149533,400.5084112149533,476.781
1790693230,690,11,steady,vit_base_image,74,74,74,73.56037151702786,73.56037151702786,100.828
1790693231,691,11,steady,resnet50_image,147,147,138,147.12836721576207,147.12836721576207,187.183
1790693231,691,11,steady,vgg16_image,400,401,443,400.5084112149533,400.5084112149533,476.781
1790693231,691,11,steady,vit_base_image,73,73,74,73.56037151702786,73.56037151702786,100.828
1790693232,692,11,steady,resnet50_image,147,147,112,147.12836721576207,147.12836721576207,187.183
1790693232,692,11,steady,vgg16_image,401,400,329,400.5084112149533,400.5084112149533,476.781
1790693232,692,11,steady,vit_base_image,74,74,73,73.56037151702786,73.56037151702786,100.828
1790693233,693,11,steady,resnet50_image,147,147,136,147.12836721576207,147.12836721576207,187.183
1790693233,693,11,steady,vgg16_image,400,400,429,400.5084112149533,400.5084112149533,476.781
1790693233,693,11,steady,vit_base_image,74,73,73,73.56037151702786,73.56037151702786,100.828
1790693234,694,11,steady,resnet50_image,147,147,135,147.12836721576207,147.12836721576207,187.183
1790693234,694,11,steady,vgg16_image,401,401,447,400.5084112149533,400.5084112149533,476.781
1790693234,694,11,steady,vit_base_image,73,74,74,73.56037151702786,73.56037151702786,100.828
1790693235,695,11,steady,resnet50_image,147,147,135,147.12836721576207,147.12836721576207,187.183
1790693235,695,11,steady,vgg16_image,400,401,400,400.5084112149533,400.5084112149533,476.781
1790693235,695,11,steady,vit_base_image,74,74,74,73.56037151702786,73.56037151702786,100.828
1790693236,696,11,steady,resnet50_image,148,148,136,147.12836721576207,147.12836721576207,187.183
1790693236,696,11,steady,vgg16_image,401,401,400,400.5084112149533,400.5084112149533,476.781
1790693236,696,11,steady,vit_base_image,73,73,73,73.56037151702786,73.56037151702786,100.828
1790693237,697,11,steady,resnet50_image,147,146,137,147.12836721576207,147.12836721576207,187.183
1790693237,697,11,steady,vgg16_image,400,400,400,400.5084112149533,400.5084112149533,476.781
1790693237,697,11,steady,vit_base_image,74,74,74,73.56037151702786,73.56037151702786,100.828
1790693238,698,11,steady,resnet50_image,147,148,137,147.12836721576207,147.12836721576207,187.183
1790693238,698,11,steady,vgg16_image,401,400,396,400.5084112149533,400.5084112149533,476.781
1790693238,698,11,steady,vit_base_image,73,73,73,73.56037151702786,73.56037151702786,100.828
1790693239,699,11,steady,resnet50_image,147,147,137,147.12836721576207,147.12836721576207,187.183
1790693239,699,11,steady,vgg16_image,400,401,401,400.5084112149533,400.5084112149533,476.781
1790693239,699,11,steady,vit_base_image,74,74,74,73.56037151702786,73.56037151702786,100.828
1790693240,700,11,steady,resnet50_image,147,147,136,147.12836721576207,147.12836721576207,187.183
1790693240,700,11,steady,vgg16_image,401,401,402,400.5084112149533,400.5084112149533,476.781
1790693240,700,11,steady,vit_base_image,73,73,74,73.56037151702786,73.56037151702786,100.828
1790693241,701,11,steady,resnet50_image,147,144,121,147.12836721576207,147.12836721576207,187.183
1790693241,701,11,steady,vgg16_image,400,400,341,400.5084112149533,400.5084112149533,476.781
1790693241,701,11,steady,vit_base_image,74,74,73,73.56037151702786,73.56037151702786,100.828
1790693242,702,11,steady,resnet50_image,147,137,136,147.12836721576207,147.12836721576207,187.183
1790693242,702,11,steady,vgg16_image,401,400,460,400.5084112149533,400.5084112149533,476.781
1790693242,702,11,steady,vit_base_image,74,73,74,73.56037151702786,73.56037151702786,100.828
1790693243,703,11,steady,resnet50_image,147,137,137,147.12836721576207,147.12836721576207,187.183
1790693243,703,11,steady,vgg16_image,400,401,404,400.5084112149533,400.5084112149533,476.781
1790693243,703,11,steady,vit_base_image,73,74,73,73.56037151702786,73.56037151702786,100.828
1790693244,704,11,steady,resnet50_image,148,136,137,147.12836721576207,147.12836721576207,187.183
1790693244,704,11,steady,vgg16_image,401,400,394,400.5084112149533,400.5084112149533,476.781
1790693244,704,11,steady,vit_base_image,74,74,74,73.56037151702786,73.56037151702786,100.828
1790693245,705,11,steady,resnet50_image,147,135,136,147.12836721576207,147.12836721576207,187.183
1790693245,705,11,steady,vgg16_image,401,401,409,400.5084112149533,400.5084112149533,476.781
1790693245,705,11,steady,vit_base_image,73,73,74,73.56037151702786,73.56037151702786,100.828
1790693246,706,11,steady,resnet50_image,147,139,137,147.12836721576207,147.12836721576207,187.183
1790693246,706,11,steady,vgg16_image,400,400,396,400.5084112149533,400.5084112149533,476.781
1790693246,706,11,steady,vit_base_image,74,74,73,73.56037151702786,73.56037151702786,100.828
1790693247,707,11,steady,resnet50_image,147,136,136,147.12836721576207,147.12836721576207,187.183
1790693247,707,11,steady,vgg16_image,401,401,406,400.5084112149533,400.5084112149533,476.781
1790693247,707,11,steady,vit_base_image,73,73,74,73.56037151702786,73.56037151702786,100.828
1790693248,708,11,steady,resnet50_image,147,136,137,147.12836721576207,147.12836721576207,187.183
1790693248,708,11,steady,vgg16_image,400,401,395,400.5084112149533,400.5084112149533,476.781
1790693248,708,11,steady,vit_base_image,74,74,73,73.56037151702786,73.56037151702786,100.828
1790693249,709,11,steady,resnet50_image,147,137,136,147.12836721576207,147.12836721576207,187.183
1790693249,709,11,steady,vgg16_image,401,400,405,400.5084112149533,400.5084112149533,476.781
1790693249,709,11,steady,vit_base_image,74,73,74,73.56037151702786,73.56037151702786,100.828
1790693250,710,11,steady,resnet50_image,147,137,138,147.12836721576207,147.12836721576207,187.183
1790693250,710,11,steady,vgg16_image,400,401,396,400.5084112149533,400.5084112149533,476.781
1790693250,710,11,steady,vit_base_image,73,74,73,73.56037151702786,73.56037151702786,100.828
1790693251,711,11,steady,resnet50_image,147,137,136,147.12836721576207,147.12836721576207,187.183
1790693251,711,11,steady,vgg16_image,401,400,397,400.5084112149533,400.5084112149533,476.781
1790693251,711,11,steady,vit_base_image,74,74,74,73.56037151702786,73.56037151702786,100.828
1790693252,712,11,steady,resnet50_image,148,136,137,147.12836721576207,147.12836721576207,187.183
1790693252,712,11,steady,vgg16_image,400,400,406,400.5084112149533,400.5084112149533,476.781
1790693252,712,11,steady,vit_base_image,73,73,73,73.56037151702786,73.56037151702786,100.828
1790693253,713,11,steady,resnet50_image,147,138,137,147.12836721576207,147.12836721576207,187.183
1790693253,713,11,steady,vgg16_image,401,401,395,400.5084112149533,400.5084112149533,476.781
1790693253,713,11,steady,vit_base_image,74,74,74,73.56037151702786,73.56037151702786,100.828
1790693254,714,11,steady,resnet50_image,147,136,137,147.12836721576207,147.12836721576207,187.183
1790693254,714,11,steady,vgg16_image,400,401,408,400.5084112149533,400.5084112149533,476.781
1790693254,714,11,steady,vit_base_image,73,73,73,73.56037151702786,73.56037151702786,100.828
1790693255,715,,,resnet50_image,147,137,136,,,187.183
1790693255,715,,,vgg16_image,401,400,396,,,476.781
1790693255,715,,,vit_base_image,74,74,74,,,100.828
1790693256,716,,,resnet50_image,147,117,118,,,187.183
1790693256,716,,,vgg16_image,400,400,338,,,476.781
1790693256,716,,,vit_base_image,73,73,71,,,100.828
1790693257,717,,,resnet50_image,147,137,137,,,187.183
1790693257,717,,,vgg16_image,401,401,461,,,476.781
1790693257,717,,,vit_base_image,74,74,76,,,100.828
1790693258,718,,,resnet50_image,147,137,137,,,187.183
1790693258,718,,,vgg16_image,400,400,402,,,476.781
1790693258,718,,,vit_base_image,74,73,74,,,100.828
1790693259,719,,,resnet50_image,148,137,137,,,187.183
1790693259,719,,,vgg16_image,401,401,405,,,476.781
1790693259,719,,,vit_base_image,73,74,73,,,100.828
1790693260,720,,,resnet50_image,147,137,138,,,187.183
1790693260,720,,,vgg16_image,400,401,400,,,476.781
1790693260,720,,,vit_base_image,74,74,74,,,100.828
1790693261,721,,,resnet50_image,147,136,136,,,187.183
1790693261,721,,,vgg16_image,401,400,378,,,476.781
1790693261,721,,,vit_base_image,73,73,70,,,100.828
1790693262,722,12,transition,resnet50_image,134,134,137,133.64290912567927,133.64290912567927,187.183
1790693262,722,12,transition,vgg16_image,399,399,420,400.5084112149533,460.08224299065415,476.781
1790693262,722,12,transition,vit_base_image,74,74,77,73.56037151702786,73.56037151702786,100.828
1790693263,723,12,transition,resnet50_image,134,134,135,133.64290912567927,133.64290912567927,187.183
1790693263,723,12,transition,vgg16_image,401,401,403,400.5084112149533,460.08224299065415,476.781
1790693263,723,12,transition,vit_base_image,73,73,74,73.56037151702786,73.56037151702786,100.828
1790693264,724,12,transition,resnet50_image,133,133,138,133.64290912567927,133.64290912567927,187.183
1790693264,724,12,transition,vgg16_image,400,401,400,400.5084112149533,460.08224299065415,476.781
1790693264,724,12,transition,vit_base_image,74,74,73,73.56037151702786,73.56037151702786,100.828
1790693265,725,12,transition,resnet50_image,134,134,136,133.64290912567927,133.64290912567927,187.183
1790693265,725,12,transition,vgg16_image,401,400,394,400.5084112149533,460.08224299065415,476.781
1790693265,725,12,transition,vit_base_image,74,73,74,73.56037151702786,73.56037151702786,100.828
1790693266,726,12,transition,resnet50_image,133,133,136,133.64290912567927,133.64290912567927,187.183
1790693266,726,12,transition,vgg16_image,400,401,399,400.5084112149533,460.08224299065415,476.781
1790693266,726,12,transition,vit_base_image,73,74,73,73.56037151702786,73.56037151702786,100.828
1790693267,727,12,transition,resnet50_image,134,125,112,133.64290912567927,133.64290912567927,187.183
1790693267,727,12,transition,vgg16_image,401,401,309,400.5084112149533,460.08224299065415,476.781
1790693267,727,12,transition,vit_base_image,74,74,71,73.56037151702786,73.56037151702786,100.828
1790693268,728,12,transition,resnet50_image,134,134,134,133.64290912567927,133.64290912567927,187.183
1790693268,728,12,transition,vgg16_image,400,400,464,400.5084112149533,460.08224299065415,476.781
1790693268,728,12,transition,vit_base_image,73,73,76,73.56037151702786,73.56037151702786,100.828
1790693269,729,12,transition,resnet50_image,133,133,136,133.64290912567927,133.64290912567927,187.183
1790693269,729,12,transition,vgg16_image,401,400,437,400.5084112149533,460.08224299065415,476.781
1790693269,729,12,transition,vit_base_image,74,74,74,73.56037151702786,73.56037151702786,100.828
1790693270,730,12,transition,resnet50_image,134,134,137,133.64290912567927,133.64290912567927,187.183
1790693270,730,12,transition,vgg16_image,400,401,398,400.5084112149533,460.08224299065415,476.781
1790693270,730,12,transition,vit_base_image,73,73,74,73.56037151702786,73.56037151702786,100.828
1790693271,731,12,transition,resnet50_image,134,133,137,133.64290912567927,133.64290912567927,187.183
1790693271,731,12,transition,vgg16_image,401,400,403,400.5084112149533,460.08224299065415,476.781
1790693271,731,12,transition,vit_base_image,74,74,73,73.56037151702786,73.56037151702786,100.828
1790693272,732,12,transition,resnet50_image,133,134,136,133.64290912567927,133.64290912567927,187.183
1790693272,732,12,transition,vgg16_image,400,400,396,400.5084112149533,460.08224299065415,476.781
1790693272,732,12,transition,vit_base_image,74,73,74,73.56037151702786,73.56037151702786,100.828
1790693273,733,12,transition,resnet50_image,134,134,135,133.64290912567927,133.64290912567927,187.183
1790693273,733,12,transition,vgg16_image,401,402,397,400.5084112149533,460.08224299065415,476.781
1790693273,733,12,transition,vit_base_image,73,74,73,73.56037151702786,73.56037151702786,100.828
1790693274,734,12,transition,resnet50_image,134,133,137,133.64290912567927,133.64290912567927,187.183
1790693274,734,12,transition,vgg16_image,400,400,397,400.5084112149533,460.08224299065415,476.781
1790693274,734,12,transition,vit_base_image,74,74,74,73.56037151702786,73.56037151702786,100.828
1790693275,735,12,transition,resnet50_image,133,134,137,133.64290912567927,133.64290912567927,187.183
1790693275,735,12,transition,vgg16_image,401,400,403,400.5084112149533,460.08224299065415,476.781
1790693275,735,12,transition,vit_base_image,73,73,73,73.56037151702786,73.56037151702786,100.828
1790693276,736,12,transition,resnet50_image,134,134,137,133.64290912567927,133.64290912567927,187.183
1790693276,736,12,transition,vgg16_image,400,401,400,400.5084112149533,460.08224299065415,476.781
1790693276,736,12,transition,vit_base_image,74,74,74,73.56037151702786,73.56037151702786,100.828
1790693277,737,12,transition,resnet50_image,134,133,136,133.64290912567927,133.64290912567927,187.183
1790693277,737,12,transition,vgg16_image,401,401,408,400.5084112149533,460.08224299065415,476.781
1790693277,737,12,transition,vit_base_image,73,73,74,73.56037151702786,73.56037151702786,100.828
1790693278,738,12,transition,resnet50_image,133,134,137,133.64290912567927,133.64290912567927,187.183
1790693278,738,12,transition,vgg16_image,400,400,406,400.5084112149533,460.08224299065415,476.781
1790693278,738,12,transition,vit_base_image,74,74,73,73.56037151702786,73.56037151702786,100.828
1790693279,739,12,transition,resnet50_image,134,134,137,133.64290912567927,133.64290912567927,187.183
1790693279,739,12,transition,vgg16_image,401,400,399,400.5084112149533,460.08224299065415,476.781
1790693279,739,12,transition,vit_base_image,73,73,74,73.56037151702786,73.56037151702786,100.828
1790693280,740,12,transition,resnet50_image,133,133,115,133.64290912567927,133.64290912567927,187.183
1790693280,740,12,transition,vgg16_image,400,401,342,400.5084112149533,460.08224299065415,476.781
1790693280,740,12,transition,vit_base_image,74,74,65,73.56037151702786,73.56037151702786,100.828
1790693281,741,12,transition,resnet50_image,134,134,137,133.64290912567927,133.64290912567927,187.183
1790693281,741,12,transition,vgg16_image,401,401,455,400.5084112149533,460.08224299065415,476.781
1790693281,741,12,transition,vit_base_image,74,74,82,73.56037151702786,73.56037151702786,100.828
1790693282,742,12,transition,resnet50_image,134,134,136,133.64290912567927,133.64290912567927,187.183
1790693282,742,12,transition,vgg16_image,400,399,409,400.5084112149533,460.08224299065415,476.781
1790693282,742,12,transition,vit_base_image,73,73,73,73.56037151702786,73.56037151702786,100.828
1790693283,743,12,transition,resnet50_image,133,133,136,133.64290912567927,133.64290912567927,187.183
1790693283,743,12,transition,vgg16_image,401,401,396,400.5084112149533,460.08224299065415,476.781
1790693283,743,12,transition,vit_base_image,74,74,74,73.56037151702786,73.56037151702786,100.828
1790693284,744,12,transition,resnet50_image,134,134,139,133.64290912567927,133.64290912567927,187.183
1790693284,744,12,transition,vgg16_image,400,401,403,400.5084112149533,460.08224299065415,476.781
1790693284,744,12,transition,vit_base_image,73,73,73,73.56037151702786,73.56037151702786,100.828
1790693285,745,12,transition,resnet50_image,134,134,136,133.64290912567927,133.64290912567927,187.183
1790693285,745,12,transition,vgg16_image,401,400,395,400.5084112149533,460.08224299065415,476.781
1790693285,745,12,transition,vit_base_image,74,74,74,73.56037151702786,73.56037151702786,100.828
1790693286,746,12,transition,resnet50_image,133,133,135,133.64290912567927,133.64290912567927,187.183
1790693286,746,12,transition,vgg16_image,400,401,400,400.5084112149533,460.08224299065415,476.781
1790693286,746,12,transition,vit_base_image,73,73,73,73.56037151702786,73.56037151702786,100.828
1790693287,747,12,transition,resnet50_image,134,134,147,133.64290912567927,133.64290912567927,187.183
1790693287,747,12,transition,vgg16_image,401,400,405,400.5084112149533,460.08224299065415,476.781
1790693287,747,12,transition,vit_base_image,74,74,74,73.56037151702786,73.56037151702786,100.828
1790693288,748,12,transition,resnet50_image,134,133,166,133.64290912567927,133.64290912567927,187.183
1790693288,748,12,transition,vgg16_image,400,401,398,400.5084112149533,460.08224299065415,476.781
1790693288,748,12,transition,vit_base_image,73,73,74,73.56037151702786,73.56037151702786,100.828
1790693289,749,12,transition,resnet50_image,133,134,168,133.64290912567927,133.64290912567927,187.183
1790693289,749,12,transition,vgg16_image,401,401,402,400.5084112149533,460.08224299065415,476.781
1790693289,749,12,transition,vit_base_image,74,74,73,73.56037151702786,73.56037151702786,100.828
1790693290,750,12,transition,resnet50_image,134,134,168,133.64290912567927,133.64290912567927,187.183
1790693290,750,12,transition,vgg16_image,400,400,397,400.5084112149533,460.08224299065415,476.781
1790693290,750,12,transition,vit_base_image,74,74,74,73.56037151702786,73.56037151702786,100.828
1790693291,751,12,transition,resnet50_image,134,133,153,133.64290912567927,133.64290912567927,187.183
1790693291,751,12,transition,vgg16_image,401,400,392,400.5084112149533,460.08224299065415,476.781
1790693291,751,12,transition,vit_base_image,73,73,74,73.56037151702786,73.56037151702786,100.828
1790693292,752,12,transition,resnet50_image,133,134,171,133.64290912567927,133.64290912567927,187.183
1790693292,752,12,transition,vgg16_image,400,401,413,400.5084112149533,460.08224299065415,476.781
1790693292,752,12,transition,vit_base_image,74,74,73,73.56037151702786,73.56037151702786,100.828
1790693293,753,12,transition,resnet50_image,134,134,172,133.64290912567927,133.64290912567927,187.183
1790693293,753,12,transition,vgg16_image,401,401,399,400.5084112149533,460.08224299065415,476.781
1790693293,753,12,transition,vit_base_image,73,73,74,73.56037151702786,73.56037151702786,100.828
1790693294,754,12,transition,resnet50_image,133,133,145,133.64290912567927,133.64290912567927,187.183
1790693294,754,12,transition,vgg16_image,400,400,398,400.5084112149533,460.08224299065415,476.781
1790693294,754,12,transition,vit_base_image,74,74,73,73.56037151702786,73.56037151702786,100.828
1790693295,755,12,transition,resnet50_image,134,134,134,133.64290912567927,133.64290912567927,187.183
1790693295,755,12,transition,vgg16_image,401,400,408,400.5084112149533,460.08224299065415,476.781
1790693295,755,12,transition,vit_base_image,73,73,74,73.56037151702786,73.56037151702786,100.828
1790693296,756,12,transition,resnet50_image,134,133,134,133.64290912567927,133.64290912567927,187.183
1790693296,756,12,transition,vgg16_image,400,401,394,400.5084112149533,460.08224299065415,476.781
1790693296,756,12,transition,vit_base_image,74,74,73,73.56037151702786,73.56037151702786,100.828
1790693297,757,12,transition,resnet50_image,132,133,129,133.64290912567927,133.64290912567927,187.183
1790693297,757,12,transition,vgg16_image,405,404,388,400.5084112149533,460.08224299065415,476.781
1790693297,757,12,transition,vit_base_image,73,73,71,73.56037151702786,73.56037151702786,100.828
1790693298,758,12,steady,resnet50_image,134,133,122,133.64290912567927,133.64290912567927,187.183
1790693298,758,12,steady,vgg16_image,460,461,416,460.08224299065415,460.08224299065415,476.781
1790693298,758,12,steady,vit_base_image,74,74,68,73.56037151702786,73.56037151702786,100.828
1790693299,759,12,steady,resnet50_image,133,134,148,133.64290912567927,133.64290912567927,187.183
1790693299,759,12,steady,vgg16_image,460,459,448,460.08224299065415,460.08224299065415,476.781
1790693299,759,12,steady,vit_base_image,73,73,82,73.56037151702786,73.56037151702786,100.828
1790693300,760,12,steady,resnet50_image,134,134,134,133.64290912567927,133.64290912567927,187.183
1790693300,760,12,steady,vgg16_image,460,461,478,460.08224299065415,460.08224299065415,476.781
1790693300,760,12,steady,vit_base_image,74,74,73,73.56037151702786,73.56037151702786,100.828
1790693301,761,12,steady,resnet50_image,134,133,133,133.64290912567927,133.64290912567927,187.183
1790693301,761,12,steady,vgg16_image,461,459,467,460.08224299065415,460.08224299065415,476.781
1790693301,761,12,steady,vit_base_image,73,73,74,73.56037151702786,73.56037151702786,100.828
1790693302,762,12,steady,resnet50_image,133,134,134,133.64290912567927,133.64290912567927,187.183
1790693302,762,12,steady,vgg16_image,460,462,461,460.08224299065415,460.08224299065415,476.781
1790693302,762,12,steady,vit_base_image,74,74,73,73.56037151702786,73.56037151702786,100.828
1790693303,763,12,steady,resnet50_image,134,134,134,133.64290912567927,133.64290912567927,187.183
1790693303,763,12,steady,vgg16_image,460,459,480,460.08224299065415,460.08224299065415,476.781
1790693303,763,12,steady,vit_base_image,74,74,74,73.56037151702786,73.56037151702786,100.828
1790693304,764,12,steady,resnet50_image,133,133,133,133.64290912567927,133.64290912567927,187.183
1790693304,764,12,steady,vgg16_image,460,461,464,460.08224299065415,460.08224299065415,476.781
1790693304,764,12,steady,vit_base_image,73,73,73,73.56037151702786,73.56037151702786,100.828
1790693305,765,12,steady,resnet50_image,134,134,133,133.64290912567927,133.64290912567927,187.183
1790693305,765,12,steady,vgg16_image,460,459,403,460.08224299065415,460.08224299065415,476.781
1790693305,765,12,steady,vit_base_image,74,74,74,73.56037151702786,73.56037151702786,100.828
1790693306,766,12,steady,resnet50_image,134,134,134,133.64290912567927,133.64290912567927,187.183
1790693306,766,12,steady,vgg16_image,460,461,477,460.08224299065415,460.08224299065415,476.781
1790693306,766,12,steady,vit_base_image,73,73,73,73.56037151702786,73.56037151702786,100.828
1790693307,767,12,steady,resnet50_image,133,133,134,133.64290912567927,133.64290912567927,187.183
1790693307,767,12,steady,vgg16_image,460,459,464,460.08224299065415,460.08224299065415,476.781
1790693307,767,12,steady,vit_base_image,74,74,74,73.56037151702786,73.56037151702786,100.828
1790693308,768,12,steady,resnet50_image,134,134,134,133.64290912567927,133.64290912567927,187.183
1790693308,768,12,steady,vgg16_image,460,461,464,460.08224299065415,460.08224299065415,476.781
1790693308,768,12,steady,vit_base_image,73,73,74,73.56037151702786,73.56037151702786,100.828
1790693309,769,12,steady,resnet50_image,134,134,134,133.64290912567927,133.64290912567927,187.183
1790693309,769,12,steady,vgg16_image,460,460,480,460.08224299065415,460.08224299065415,476.781
1790693309,769,12,steady,vit_base_image,74,74,73,73.56037151702786,73.56037151702786,100.828
1790693310,770,12,steady,resnet50_image,133,133,133,133.64290912567927,133.64290912567927,187.183
1790693310,770,12,steady,vgg16_image,460,460,464,460.08224299065415,460.08224299065415,476.781
1790693310,770,12,steady,vit_base_image,74,73,74,73.56037151702786,73.56037151702786,100.828
1790693311,771,12,steady,resnet50_image,134,134,134,133.64290912567927,133.64290912567927,187.183
1790693311,771,12,steady,vgg16_image,460,460,480,460.08224299065415,460.08224299065415,476.781
1790693311,771,12,steady,vit_base_image,73,74,73,73.56037151702786,73.56037151702786,100.828
1790693312,772,12,steady,resnet50_image,134,133,134,133.64290912567927,133.64290912567927,187.183
1790693312,772,12,steady,vgg16_image,460,460,464,460.08224299065415,460.08224299065415,476.781
1790693312,772,12,steady,vit_base_image,74,74,74,73.56037151702786,73.56037151702786,100.828
1790693313,773,12,steady,resnet50_image,133,134,133,133.64290912567927,133.64290912567927,187.183
1790693313,773,12,steady,vgg16_image,460,460,456,460.08224299065415,460.08224299065415,476.781
1790693313,773,12,steady,vit_base_image,73,73,73,73.56037151702786,73.56037151702786,100.828
1790693314,774,12,steady,resnet50_image,134,133,134,133.64290912567927,133.64290912567927,187.183
1790693314,774,12,steady,vgg16_image,461,460,459,460.08224299065415,460.08224299065415,476.781
1790693314,774,12,steady,vit_base_image,74,73,74,73.56037151702786,73.56037151702786,100.828
1790693315,775,12,steady,resnet50_image,134,134,133,133.64290912567927,133.64290912567927,187.183
1790693315,775,12,steady,vgg16_image,460,460,461,460.08224299065415,460.08224299065415,476.781
1790693315,775,12,steady,vit_base_image,73,74,74,73.56037151702786,73.56037151702786,100.828
1790693316,776,12,steady,resnet50_image,133,134,134,133.64290912567927,133.64290912567927,187.183
1790693316,776,12,steady,vgg16_image,460,460,463,460.08224299065415,460.08224299065415,476.781
1790693316,776,12,steady,vit_base_image,74,74,73,73.56037151702786,73.56037151702786,100.828
1790693317,777,12,steady,resnet50_image,134,134,133,133.64290912567927,133.64290912567927,187.183
1790693317,777,12,steady,vgg16_image,460,461,464,460.08224299065415,460.08224299065415,476.781
1790693317,777,12,steady,vit_base_image,73,73,74,73.56037151702786,73.56037151702786,100.828
1790693318,778,12,steady,resnet50_image,133,133,134,133.64290912567927,133.64290912567927,187.183
1790693318,778,12,steady,vgg16_image,460,459,454,460.08224299065415,460.08224299065415,476.781
1790693318,778,12,steady,vit_base_image,74,74,73,73.56037151702786,73.56037151702786,100.828
1790693319,779,12,steady,resnet50_image,134,134,134,133.64290912567927,133.64290912567927,187.183
1790693319,779,12,steady,vgg16_image,460,460,458,460.08224299065415,460.08224299065415,476.781
1790693319,779,12,steady,vit_base_image,74,73,73,73.56037151702786,73.56037151702786,100.828
1790693320,780,12,steady,resnet50_image,134,134,134,133.64290912567927,133.64290912567927,187.183
1790693320,780,12,steady,vgg16_image,460,460,463,460.08224299065415,460.08224299065415,476.781
1790693320,780,12,steady,vit_base_image,73,74,74,73.56037151702786,73.56037151702786,100.828
1790693321,781,12,steady,resnet50_image,133,133,133,133.64290912567927,133.64290912567927,187.183
1790693321,781,12,steady,vgg16_image,460,460,463,460.08224299065415,460.08224299065415,476.781
1790693321,781,12,steady,vit_base_image,74,74,74,73.56037151702786,73.56037151702786,100.828
1790693322,782,12,steady,resnet50_image,134,134,134,133.64290912567927,133.64290912567927,187.183
1790693322,782,12,steady,vgg16_image,460,461,388,460.08224299065415,460.08224299065415,476.781
1790693322,782,12,steady,vit_base_image,73,73,74,73.56037151702786,73.56037151702786,100.828
1790693323,783,12,steady,resnet50_image,134,133,133,133.64290912567927,133.64290912567927,187.183
1790693323,783,12,steady,vgg16_image,460,459,468,460.08224299065415,460.08224299065415,476.781
1790693323,783,12,steady,vit_base_image,74,74,73,73.56037151702786,73.56037151702786,100.828
1790693324,784,12,steady,resnet50_image,133,134,134,133.64290912567927,133.64290912567927,187.183
1790693324,784,12,steady,vgg16_image,460,461,460,460.08224299065415,460.08224299065415,476.781
1790693324,784,12,steady,vit_base_image,73,73,74,73.56037151702786,73.56037151702786,100.828
1790693325,785,12,steady,resnet50_image,134,134,134,133.64290912567927,133.64290912567927,187.183
1790693325,785,12,steady,vgg16_image,460,459,464,460.08224299065415,460.08224299065415,476.781
1790693325,785,12,steady,vit_base_image,74,74,73,73.56037151702786,73.56037151702786,100.828
1790693326,786,12,steady,resnet50_image,134,133,133,133.64290912567927,133.64290912567927,187.183
1790693326,786,12,steady,vgg16_image,461,461,469,460.08224299065415,460.08224299065415,476.781
1790693326,786,12,steady,vit_base_image,73,73,74,73.56037151702786,73.56037151702786,100.828
1790693327,787,12,steady,resnet50_image,133,134,134,133.64290912567927,133.64290912567927,187.183
1790693327,787,12,steady,vgg16_image,460,460,475,460.08224299065415,460.08224299065415,476.781
1790693327,787,12,steady,vit_base_image,74,74,73,73.56037151702786,73.56037151702786,100.828
