t_utc,t_rel,live_round,window,workload,ledger_capacity_rps,commitment_or_target_rps
1790837673,0,,,resnet50_image,,
1790837673,0,,,vgg16_image,,
1790837673,0,,,vit_base_image,,
1790837673,0,,,gpt2_p64_o64,,
1790837673,0,,,gpt2_p512_o512,,
1790837673,0,,,llama_p1024_o128,,
1790837673,0,,,llama_p2048_o64,,
1790837674,1,2,transition,resnet50_image,,0.0
1790837674,1,2,transition,vgg16_image,,0.0
1790837674,1,2,transition,vit_base_image,,0.0
1790837674,1,2,transition,gpt2_p64_o64,,0.0
1790837674,1,2,transition,gpt2_p512_o512,,0.0
1790837674,1,2,transition,llama_p1024_o128,,0.0
1790837674,1,2,transition,llama_p2048_o64,,0.0
1790837675,2,2,transition,resnet50_image,,0.0
1790837675,2,2,transition,vgg16_image,,0.0
1790837675,2,2,transition,vit_base_image,,0.0
1790837675,2,2,transition,gpt2_p64_o64,,0.0
1790837675,2,2,transition,gpt2_p512_o512,,0.0
1790837675,2,2,transition,llama_p1024_o128,,0.0
1790837675,2,2,transition,llama_p2048_o64,,0.0
1790837676,3,2,transition,resnet50_image,,0.0
1790837676,3,2,transition,vgg16_image,,0.0
1790837676,3,2,transition,vit_base_image,,0.0
1790837676,3,2,transition,gpt2_p64_o64,,0.0
1790837676,3,2,transition,gpt2_p512_o512,,0.0
1790837676,3,2,transition,llama_p1024_o128,,0.0
1790837676,3,2,transition,llama_p2048_o64,,0.0
1790837677,4,2,transition,resnet50_image,,0.0
1790837677,4,2,transition,vgg16_image,,0.0
1790837677,4,2,transition,vit_base_image,,0.0
1790837677,4,2,transition,gpt2_p64_o64,,0.0
1790837677,4,2,transition,gpt2_p512_o512,,0.0
1790837677,4,2,transition,llama_p1024_o128,,0.0
1790837677,4,2,transition,llama_p2048_o64,,0.0
1790837678,5,2,transition,resnet50_image,,0.0
1790837678,5,2,transition,vgg16_image,,0.0
1790837678,5,2,transition,vit_base_image,,0.0
1790837678,5,2,transition,gpt2_p64_o64,,0.0
1790837678,5,2,transition,gpt2_p512_o512,,0.0
1790837678,5,2,transition,llama_p1024_o128,,0.0
1790837678,5,2,transition,llama_p2048_o64,,0.0
1790837679,6,2,transition,resnet50_image,,0.0
1790837679,6,2,transition,vgg16_image,,0.0
1790837679,6,2,transition,vit_base_image,,0.0
1790837679,6,2,transition,gpt2_p64_o64,,0.0
1790837679,6,2,transition,gpt2_p512_o512,,0.0
1790837679,6,2,transition,llama_p1024_o128,,0.0
1790837679,6,2,transition,llama_p2048_o64,,0.0
1790837680,7,2,transition,resnet50_image,,0.0
1790837680,7,2,transition,vgg16_image,,0.0
1790837680,7,2,transition,vit_base_image,,0.0
1790837680,7,2,transition,gpt2_p64_o64,,0.0
1790837680,7,2,transition,gpt2_p512_o512,,0.0
1790837680,7,2,transition,llama_p1024_o128,,0.0
1790837680,7,2,transition,llama_p2048_o64,,0.0
1790837681,8,2,transition,resnet50_image,,0.0
1790837681,8,2,transition,vgg16_image,,0.0
1790837681,8,2,transition,vit_base_image,,0.0
1790837681,8,2,transition,gpt2_p64_o64,,0.0
1790837681,8,2,transition,gpt2_p512_o512,,0.0
1790837681,8,2,transition,llama_p1024_o128,,0.0
1790837681,8,2,transition,llama_p2048_o64,,0.0
1790837682,9,2,transition,resnet50_image,,0.0
1790837682,9,2,transition,vgg16_image,,0.0
1790837682,9,2,transition,vit_base_image,,0.0
1790837682,9,2,transition,gpt2_p64_o64,,0.0
1790837682,9,2,transition,gpt2_p512_o512,,0.0
1790837682,9,2,transition,llama_p1024_o128,,0.0
1790837682,9,2,transition,llama_p2048_o64,,0.0
1790837683,10,2,transition,resnet50_image,,0.0
1790837683,10,2,transition,vgg16_image,,0.0
1790837683,10,2,transition,vit_base_image,,0.0
1790837683,10,2,transition,gpt2_p64_o64,,0.0
1790837683,10,2,transition,gpt2_p512_o512,,0.0
1790837683,10,2,transition,llama_p1024_o128,,0.0
1790837683,10,2,transition,llama_p2048_o64,,0.0
1790837684,11,2,transition,resnet50_image,,0.0
1790837684,11,2,transition,vgg16_image,,0.0
1790837684,11,2,transition,vit_base_image,,0.0
1790837684,11,2,transition,gpt2_p64_o64,,0.0
1790837684,11,2,transition,gpt2_p512_o512,,0.0
1790837684,11,2,transition,llama_p1024_o128,,0.0
1790837684,11,2,transition,llama_p2048_o64,,0.0
1790837685,12,2,transition,resnet50_image,,0.0
1790837685,12,2,transition,vgg16_image,,0.0
1790837685,12,2,transition,vit_base_image,,0.0
1790837685,12,2,transition,gpt2_p64_o64,,0.0
1790837685,12,2,transition,gpt2_p512_o512,,0.0
1790837685,12,2,transition,llama_p1024_o128,,0.0
1790837685,12,2,transition,llama_p2048_o64,,0.0
1790837686,13,2,transition,resnet50_image,,0.0
1790837686,13,2,transition,vgg16_image,,0.0
1790837686,13,2,transition,vit_base_image,,0.0
1790837686,13,2,transition,gpt2_p64_o64,,0.0
1790837686,13,2,transition,gpt2_p512_o512,,0.0
1790837686,13,2,transition,llama_p1024_o128,,0.0
1790837686,13,2,transition,llama_p2048_o64,,0.0
1790837687,14,2,transition,resnet50_image,,0.0
1790837687,14,2,transition,vgg16_image,,0.0
1790837687,14,2,transition,vit_base_image,,0.0
1790837687,14,2,transition,gpt2_p64_o64,,0.0
1790837687,14,2,transition,gpt2_p512_o512,,0.0
1790837687,14,2,transition,llama_p1024_o128,,0.0
1790837687,14,2,transition,llama_p2048_o64,,0.0
1790837688,15,2,transition,resnet50_image,0,0.0
1790837688,15,2,transition,vgg16_image,0,0.0
1790837688,15,2,transition,vit_base_image,0,0.0
1790837688,15,2,transition,gpt2_p64_o64,0,0.0
1790837688,15,2,transition,gpt2_p512_o512,0,0.0
1790837688,15,2,transition,llama_p1024_o128,0,0.0
1790837688,15,2,transition,llama_p2048_o64,0,0.0
1790837689,16,2,transition,resnet50_image,0,0.0
1790837689,16,2,transition,vgg16_image,0,0.0
1790837689,16,2,transition,vit_base_image,0,0.0
1790837689,16,2,transition,gpt2_p64_o64,0,0.0
1790837689,16,2,transition,gpt2_p512_o512,0,0.0
1790837689,16,2,transition,llama_p1024_o128,0,0.0
1790837689,16,2,transition,llama_p2048_o64,0,0.0
1790837690,17,2,transition,resnet50_image,0,0.0
1790837690,17,2,transition,vgg16_image,0,0.0
1790837690,17,2,transition,vit_base_image,0,0.0
1790837690,17,2,transition,gpt2_p64_o64,0,0.0
1790837690,17,2,transition,gpt2_p512_o512,0,0.0
1790837690,17,2,transition,llama_p1024_o128,0,0.0
1790837690,17,2,transition,llama_p2048_o64,0,0.0
1790837691,18,2,transition,resnet50_image,0,0.0
1790837691,18,2,transition,vgg16_image,0,0.0
1790837691,18,2,transition,vit_base_image,0,0.0
1790837691,18,2,transition,gpt2_p64_o64,0,0.0
1790837691,18,2,transition,gpt2_p512_o512,0,0.0
1790837691,18,2,transition,llama_p1024_o128,0,0.0
1790837691,18,2,transition,llama_p2048_o64,0,0.0
1790837692,19,2,transition,resnet50_image,0,0.0
1790837692,19,2,transition,vgg16_image,0,0.0
1790837692,19,2,transition,vit_base_image,0,0.0
1790837692,19,2,transition,gpt2_p64_o64,0,0.0
1790837692,19,2,transition,gpt2_p512_o512,0,0.0
1790837692,19,2,transition,llama_p1024_o128,0,0.0
1790837692,19,2,transition,llama_p2048_o64,0,0.0
1790837693,20,2,transition,resnet50_image,0,0.0
1790837693,20,2,transition,vgg16_image,0,0.0
1790837693,20,2,transition,vit_base_image,0,0.0
1790837693,20,2,transition,gpt2_p64_o64,0,0.0
1790837693,20,2,transition,gpt2_p512_o512,0,0.0
1790837693,20,2,transition,llama_p1024_o128,0,0.0
1790837693,20,2,transition,llama_p2048_o64,0,0.0
1790837694,21,2,transition,resnet50_image,0,0.0
1790837694,21,2,transition,vgg16_image,0,0.0
1790837694,21,2,transition,vit_base_image,0,0.0
1790837694,21,2,transition,gpt2_p64_o64,0,0.0
1790837694,21,2,transition,gpt2_p512_o512,0,0.0
1790837694,21,2,transition,llama_p1024_o128,0,0.0
1790837694,21,2,transition,llama_p2048_o64,0,0.0
1790837695,22,2,transition,resnet50_image,0,0.0
1790837695,22,2,transition,vgg16_image,0,0.0
1790837695,22,2,transition,vit_base_image,0,0.0
1790837695,22,2,transition,gpt2_p64_o64,0,0.0
1790837695,22,2,transition,gpt2_p512_o512,0,0.0
1790837695,22,2,transition,llama_p1024_o128,0,0.0
1790837695,22,2,transition,llama_p2048_o64,0,0.0
1790837696,23,2,transition,resnet50_image,0,0.0
1790837696,23,2,transition,vgg16_image,0,0.0
1790837696,23,2,transition,vit_base_image,0,0.0
1790837696,23,2,transition,gpt2_p64_o64,0,0.0
1790837696,23,2,transition,gpt2_p512_o512,0,0.0
1790837696,23,2,transition,llama_p1024_o128,0,0.0
1790837696,23,2,transition,llama_p2048_o64,0,0.0
1790837697,24,2,transition,resnet50_image,0,0.0
1790837697,24,2,transition,vgg16_image,0,0.0
1790837697,24,2,transition,vit_base_image,0,0.0
1790837697,24,2,transition,gpt2_p64_o64,0,0.0
1790837697,24,2,transition,gpt2_p512_o512,0,0.0
1790837697,24,2,transition,llama_p1024_o128,0,0.0
1790837697,24,2,transition,llama_p2048_o64,0,0.0
1790837698,25,2,transition,resnet50_image,0,0.0
1790837698,25,2,transition,vgg16_image,0,0.0
1790837698,25,2,transition,vit_base_image,0,0.0
1790837698,25,2,transition,gpt2_p64_o64,0,0.0
1790837698,25,2,transition,gpt2_p512_o512,0,0.0
1790837698,25,2,transition,llama_p1024_o128,0,0.0
1790837698,25,2,transition,llama_p2048_o64,0,0.0
1790837699,26,2,transition,resnet50_image,0,0.0
1790837699,26,2,transition,vgg16_image,0,0.0
1790837699,26,2,transition,vit_base_image,0,0.0
1790837699,26,2,transition,gpt2_p64_o64,0,0.0
1790837699,26,2,transition,gpt2_p512_o512,0,0.0
1790837699,26,2,transition,llama_p1024_o128,0,0.0
1790837699,26,2,transition,llama_p2048_o64,0,0.0
1790837700,27,2,transition,resnet50_image,0,0.0
1790837700,27,2,transition,vgg16_image,0,0.0
1790837700,27,2,transition,vit_base_image,0,0.0
1790837700,27,2,transition,gpt2_p64_o64,0,0.0
1790837700,27,2,transition,gpt2_p512_o512,0,0.0
1790837700,27,2,transition,llama_p1024_o128,0,0.0
1790837700,27,2,transition,llama_p2048_o64,0,0.0
1790837701,28,2,transition,resnet50_image,0,0.0
1790837701,28,2,transition,vgg16_image,0,0.0
1790837701,28,2,transition,vit_base_image,0,0.0
1790837701,28,2,transition,gpt2_p64_o64,0,0.0
1790837701,28,2,transition,gpt2_p512_o512,0,0.0
1790837701,28,2,transition,llama_p1024_o128,0,0.0
1790837701,28,2,transition,llama_p2048_o64,0,0.0
1790837702,29,2,transition,resnet50_image,0,0.0
1790837702,29,2,transition,vgg16_image,0,0.0
1790837702,29,2,transition,vit_base_image,0,0.0
1790837702,29,2,transition,gpt2_p64_o64,0,0.0
1790837702,29,2,transition,gpt2_p512_o512,0,0.0
1790837702,29,2,transition,llama_p1024_o128,0,0.0
1790837702,29,2,transition,llama_p2048_o64,0,0.0
1790837703,30,2,transition,resnet50_image,0,0.0
1790837703,30,2,transition,vgg16_image,0,0.0
1790837703,30,2,transition,vit_base_image,0,0.0
1790837703,30,2,transition,gpt2_p64_o64,0,0.0
1790837703,30,2,transition,gpt2_p512_o512,0,0.0
1790837703,30,2,transition,llama_p1024_o128,0,0.0
1790837703,30,2,transition,llama_p2048_o64,0,0.0
1790837704,31,2,transition,resnet50_image,0,0.0
1790837704,31,2,transition,vgg16_image,0,0.0
1790837704,31,2,transition,vit_base_image,0,0.0
1790837704,31,2,transition,gpt2_p64_o64,0,0.0
1790837704,31,2,transition,gpt2_p512_o512,0,0.0
1790837704,31,2,transition,llama_p1024_o128,0,0.0
1790837704,31,2,transition,llama_p2048_o64,0,0.0
1790837705,32,2,transition,resnet50_image,0,0.0
1790837705,32,2,transition,vgg16_image,0,0.0
1790837705,32,2,transition,vit_base_image,0,0.0
1790837705,32,2,transition,gpt2_p64_o64,0,0.0
1790837705,32,2,transition,gpt2_p512_o512,0.163,0.0
1790837705,32,2,transition,llama_p1024_o128,0,0.0
1790837705,32,2,transition,llama_p2048_o64,0,0.0
1790837706,33,2,transition,resnet50_image,0,0.0
1790837706,33,2,transition,vgg16_image,0,0.0
1790837706,33,2,transition,vit_base_image,0,0.0
1790837706,33,2,transition,gpt2_p64_o64,0,0.0
1790837706,33,2,transition,gpt2_p512_o512,0.163,0.0
1790837706,33,2,transition,llama_p1024_o128,0,0.0
1790837706,33,2,transition,llama_p2048_o64,0,0.0
1790837707,34,2,transition,resnet50_image,0,0.0
1790837707,34,2,transition,vgg16_image,0,0.0
1790837707,34,2,transition,vit_base_image,0,0.0
1790837707,34,2,transition,gpt2_p64_o64,0,0.0
1790837707,34,2,transition,gpt2_p512_o512,0.163,0.0
1790837707,34,2,transition,llama_p1024_o128,0,0.0
1790837707,34,2,transition,llama_p2048_o64,0,0.0
1790837708,35,2,transition,resnet50_image,0,0.0
1790837708,35,2,transition,vgg16_image,0,0.0
1790837708,35,2,transition,vit_base_image,0,0.0
1790837708,35,2,transition,gpt2_p64_o64,0,0.0
1790837708,35,2,transition,gpt2_p512_o512,0.163,0.0
1790837708,35,2,transition,llama_p1024_o128,0,0.0
1790837708,35,2,transition,llama_p2048_o64,0,0.0
1790837709,36,2,transition,resnet50_image,370.33500000000004,0.0
1790837709,36,2,transition,vgg16_image,553.509,0.0
1790837709,36,2,transition,vit_base_image,131.391,0.0
1790837709,36,2,transition,gpt2_p64_o64,0,0.0
1790837709,36,2,transition,gpt2_p512_o512,0.163,0.0
1790837709,36,2,transition,llama_p1024_o128,0,0.0
1790837709,36,2,transition,llama_p2048_o64,0,0.0
1790837710,37,2,transition,resnet50_image,370.33500000000004,0.0
1790837710,37,2,transition,vgg16_image,553.509,0.0
1790837710,37,2,transition,vit_base_image,131.391,0.0
1790837710,37,2,transition,gpt2_p64_o64,0,0.0
1790837710,37,2,transition,gpt2_p512_o512,0.163,0.0
1790837710,37,2,transition,llama_p1024_o128,0,0.0
1790837710,37,2,transition,llama_p2048_o64,0,0.0
1790837711,38,2,transition,resnet50_image,370.33500000000004,0.0
1790837711,38,2,transition,vgg16_image,553.509,0.0
1790837711,38,2,transition,vit_base_image,131.391,0.0
1790837711,38,2,transition,gpt2_p64_o64,1.327,0.0
1790837711,38,2,transition,gpt2_p512_o512,0.326,0.0
1790837711,38,2,transition,llama_p1024_o128,0,0.0
1790837711,38,2,transition,llama_p2048_o64,0,0.0
1790837712,39,2,transition,resnet50_image,370.33500000000004,0.0
1790837712,39,2,transition,vgg16_image,553.509,0.0
1790837712,39,2,transition,vit_base_image,131.391,0.0
1790837712,39,2,transition,gpt2_p64_o64,1.327,0.0
1790837712,39,2,transition,gpt2_p512_o512,0.326,0.0
1790837712,39,2,transition,llama_p1024_o128,0,0.0
1790837712,39,2,transition,llama_p2048_o64,0,0.0
1790837713,40,2,transition,resnet50_image,370.33500000000004,0.0
1790837713,40,2,transition,vgg16_image,553.509,0.0
1790837713,40,2,transition,vit_base_image,131.391,0.0
1790837713,40,2,transition,gpt2_p64_o64,1.327,0.0
1790837713,40,2,transition,gpt2_p512_o512,0.326,0.0
1790837713,40,2,transition,llama_p1024_o128,0.732,0.0
1790837713,40,2,transition,llama_p2048_o64,0,0.0
1790837714,41,2,transition,resnet50_image,370.33500000000004,0.0
1790837714,41,2,transition,vgg16_image,553.509,0.0
1790837714,41,2,transition,vit_base_image,131.391,0.0
1790837714,41,2,transition,gpt2_p64_o64,1.327,0.0
1790837714,41,2,transition,gpt2_p512_o512,0.326,0.0
1790837714,41,2,transition,llama_p1024_o128,0.732,0.0
1790837714,41,2,transition,llama_p2048_o64,0,0.0
1790837715,42,2,transition,resnet50_image,370.33500000000004,0.0
1790837715,42,2,transition,vgg16_image,553.509,0.0
1790837715,42,2,transition,vit_base_image,131.391,0.0
1790837715,42,2,transition,gpt2_p64_o64,1.327,0.0
1790837715,42,2,transition,gpt2_p512_o512,0.326,0.0
1790837715,42,2,transition,llama_p1024_o128,0.732,0.0
1790837715,42,2,transition,llama_p2048_o64,0,0.0
1790837716,43,2,transition,resnet50_image,370.33500000000004,0.0
1790837716,43,2,transition,vgg16_image,553.509,0.0
1790837716,43,2,transition,vit_base_image,131.391,0.0
1790837716,43,2,transition,gpt2_p64_o64,1.327,0.0
1790837716,43,2,transition,gpt2_p512_o512,0.326,0.0
1790837716,43,2,transition,llama_p1024_o128,0.732,0.0
1790837716,43,2,transition,llama_p2048_o64,0,0.0
1790837717,44,2,steady,resnet50_image,370.33500000000004,214.84735642686016
1790837717,44,2,steady,vgg16_image,553.509,478.026168224299
1790837717,44,2,steady,vit_base_image,131.391,122.60061919504642
1790837717,44,2,steady,gpt2_p64_o64,1.327,0.232258064516129
1790837717,44,2,steady,gpt2_p512_o512,0.326,0.1706161137440758
1790837717,44,2,steady,llama_p1024_o128,0.732,0.5975103734439834
1790837717,44,2,steady,llama_p2048_o64,0.594,0.3591022443890275
1790837718,45,2,steady,resnet50_image,370.33500000000004,214.84735642686016
1790837718,45,2,steady,vgg16_image,553.509,478.026168224299
1790837718,45,2,steady,vit_base_image,131.391,122.60061919504642
1790837718,45,2,steady,gpt2_p64_o64,1.327,0.232258064516129
1790837718,45,2,steady,gpt2_p512_o512,0.326,0.1706161137440758
1790837718,45,2,steady,llama_p1024_o128,0.732,0.5975103734439834
1790837718,45,2,steady,llama_p2048_o64,0.594,0.3591022443890275
1790837719,46,2,steady,resnet50_image,370.33500000000004,214.84735642686016
1790837719,46,2,steady,vgg16_image,553.509,478.026168224299
1790837719,46,2,steady,vit_base_image,131.391,122.60061919504642
1790837719,46,2,steady,gpt2_p64_o64,1.327,0.232258064516129
1790837719,46,2,steady,gpt2_p512_o512,0.326,0.1706161137440758
1790837719,46,2,steady,llama_p1024_o128,0.732,0.5975103734439834
1790837719,46,2,steady,llama_p2048_o64,0.594,0.3591022443890275
1790837720,47,2,steady,resnet50_image,370.33500000000004,214.84735642686016
1790837720,47,2,steady,vgg16_image,553.509,478.026168224299
1790837720,47,2,steady,vit_base_image,131.391,122.60061919504642
1790837720,47,2,steady,gpt2_p64_o64,1.327,0.232258064516129
1790837720,47,2,steady,gpt2_p512_o512,0.326,0.1706161137440758
1790837720,47,2,steady,llama_p1024_o128,0.732,0.5975103734439834
1790837720,47,2,steady,llama_p2048_o64,0.594,0.3591022443890275
1790837721,48,2,steady,resnet50_image,370.33500000000004,214.84735642686016
1790837721,48,2,steady,vgg16_image,553.509,478.026168224299
1790837721,48,2,steady,vit_base_image,131.391,122.60061919504642
1790837721,48,2,steady,gpt2_p64_o64,1.327,0.232258064516129
1790837721,48,2,steady,gpt2_p512_o512,0.326,0.1706161137440758
1790837721,48,2,steady,llama_p1024_o128,0.732,0.5975103734439834
1790837721,48,2,steady,llama_p2048_o64,0.594,0.3591022443890275
1790837722,49,2,steady,resnet50_image,370.33500000000004,214.84735642686016
1790837722,49,2,steady,vgg16_image,553.509,478.026168224299
1790837722,49,2,steady,vit_base_image,131.391,122.60061919504642
1790837722,49,2,steady,gpt2_p64_o64,1.327,0.232258064516129
1790837722,49,2,steady,gpt2_p512_o512,0.326,0.1706161137440758
1790837722,49,2,steady,llama_p1024_o128,0.732,0.5975103734439834
1790837722,49,2,steady,llama_p2048_o64,0.594,0.3591022443890275
1790837723,50,2,steady,resnet50_image,370.33500000000004,214.84735642686016
1790837723,50,2,steady,vgg16_image,553.509,478.026168224299
1790837723,50,2,steady,vit_base_image,131.391,122.60061919504642
1790837723,50,2,steady,gpt2_p64_o64,1.327,0.232258064516129
1790837723,50,2,steady,gpt2_p512_o512,0.326,0.1706161137440758
1790837723,50,2,steady,llama_p1024_o128,0.732,0.5975103734439834
1790837723,50,2,steady,llama_p2048_o64,0.594,0.3591022443890275
1790837724,51,2,steady,resnet50_image,370.33500000000004,214.84735642686016
1790837724,51,2,steady,vgg16_image,553.509,478.026168224299
1790837724,51,2,steady,vit_base_image,131.391,122.60061919504642
1790837724,51,2,steady,gpt2_p64_o64,1.327,0.232258064516129
1790837724,51,2,steady,gpt2_p512_o512,0.326,0.1706161137440758
1790837724,51,2,steady,llama_p1024_o128,0.732,0.5975103734439834
1790837724,51,2,steady,llama_p2048_o64,0.594,0.3591022443890275
1790837725,52,2,steady,resnet50_image,370.33500000000004,214.84735642686016
1790837725,52,2,steady,vgg16_image,553.509,478.026168224299
1790837725,52,2,steady,vit_base_image,131.391,122.60061919504642
1790837725,52,2,steady,gpt2_p64_o64,1.327,0.232258064516129
1790837725,52,2,steady,gpt2_p512_o512,0.326,0.1706161137440758
1790837725,52,2,steady,llama_p1024_o128,0.732,0.5975103734439834
1790837725,52,2,steady,llama_p2048_o64,0.594,0.3591022443890275
1790837726,53,2,steady,resnet50_image,370.33500000000004,214.84735642686016
1790837726,53,2,steady,vgg16_image,553.509,478.026168224299
1790837726,53,2,steady,vit_base_image,131.391,122.60061919504642
1790837726,53,2,steady,gpt2_p64_o64,1.327,0.232258064516129
1790837726,53,2,steady,gpt2_p512_o512,0.326,0.1706161137440758
1790837726,53,2,steady,llama_p1024_o128,0.732,0.5975103734439834
1790837726,53,2,steady,llama_p2048_o64,0.594,0.3591022443890275
1790837727,54,2,steady,resnet50_image,370.33500000000004,214.84735642686016
1790837727,54,2,steady,vgg16_image,553.509,478.026168224299
1790837727,54,2,steady,vit_base_image,131.391,122.60061919504642
1790837727,54,2,steady,gpt2_p64_o64,1.327,0.232258064516129
1790837727,54,2,steady,gpt2_p512_o512,0.326,0.1706161137440758
1790837727,54,2,steady,llama_p1024_o128,0.732,0.5975103734439834
1790837727,54,2,steady,llama_p2048_o64,0.594,0.3591022443890275
1790837728,55,2,steady,resnet50_image,370.33500000000004,214.84735642686016
1790837728,55,2,steady,vgg16_image,553.509,478.026168224299
1790837728,55,2,steady,vit_base_image,131.391,122.60061919504642
1790837728,55,2,steady,gpt2_p64_o64,1.327,0.232258064516129
1790837728,55,2,steady,gpt2_p512_o512,0.326,0.1706161137440758
1790837728,55,2,steady,llama_p1024_o128,0.732,0.5975103734439834
1790837728,55,2,steady,llama_p2048_o64,0.594,0.3591022443890275
1790837729,56,2,steady,resnet50_image,370.33500000000004,214.84735642686016
1790837729,56,2,steady,vgg16_image,553.509,478.026168224299
1790837729,56,2,steady,vit_base_image,131.391,122.60061919504642
1790837729,56,2,steady,gpt2_p64_o64,1.327,0.232258064516129
1790837729,56,2,steady,gpt2_p512_o512,0.326,0.1706161137440758
1790837729,56,2,steady,llama_p1024_o128,0.732,0.5975103734439834
1790837729,56,2,steady,llama_p2048_o64,0.594,0.3591022443890275
1790837730,57,2,steady,resnet50_image,370.33500000000004,214.84735642686016
1790837730,57,2,steady,vgg16_image,553.509,478.026168224299
1790837730,57,2,steady,vit_base_image,131.391,122.60061919504642
1790837730,57,2,steady,gpt2_p64_o64,1.327,0.232258064516129
1790837730,57,2,steady,gpt2_p512_o512,0.326,0.1706161137440758
1790837730,57,2,steady,llama_p1024_o128,0.732,0.5975103734439834
1790837730,57,2,steady,llama_p2048_o64,0.594,0.3591022443890275
1790837731,58,2,steady,resnet50_image,370.33500000000004,214.84735642686016
1790837731,58,2,steady,vgg16_image,553.509,478.026168224299
1790837731,58,2,steady,vit_base_image,131.391,122.60061919504642
1790837731,58,2,steady,gpt2_p64_o64,1.327,0.232258064516129
1790837731,58,2,steady,gpt2_p512_o512,0.326,0.1706161137440758
1790837731,58,2,steady,llama_p1024_o128,0.732,0.5975103734439834
1790837731,58,2,steady,llama_p2048_o64,0.594,0.3591022443890275
1790837732,59,2,steady,resnet50_image,370.33500000000004,214.84735642686016
1790837732,59,2,steady,vgg16_image,553.509,478.026168224299
1790837732,59,2,steady,vit_base_image,131.391,122.60061919504642
1790837732,59,2,steady,gpt2_p64_o64,1.327,0.232258064516129
1790837732,59,2,steady,gpt2_p512_o512,0.326,0.1706161137440758
1790837732,59,2,steady,llama_p1024_o128,0.732,0.5975103734439834
1790837732,59,2,steady,llama_p2048_o64,0.594,0.3591022443890275
1790837733,60,2,steady,resnet50_image,370.33500000000004,214.84735642686016
1790837733,60,2,steady,vgg16_image,553.509,478.026168224299
1790837733,60,2,steady,vit_base_image,131.391,122.60061919504642
1790837733,60,2,steady,gpt2_p64_o64,1.327,0.232258064516129
1790837733,60,2,steady,gpt2_p512_o512,0.326,0.1706161137440758
1790837733,60,2,steady,llama_p1024_o128,0.732,0.5975103734439834
1790837733,60,2,steady,llama_p2048_o64,0.594,0.3591022443890275
1790837734,61,2,steady,resnet50_image,370.33500000000004,214.84735642686016
1790837734,61,2,steady,vgg16_image,553.509,478.026168224299
1790837734,61,2,steady,vit_base_image,131.391,122.60061919504642
1790837734,61,2,steady,gpt2_p64_o64,1.327,0.232258064516129
1790837734,61,2,steady,gpt2_p512_o512,0.326,0.1706161137440758
1790837734,61,2,steady,llama_p1024_o128,0.732,0.5975103734439834
1790837734,61,2,steady,llama_p2048_o64,0.594,0.3591022443890275
1790837735,62,2,steady,resnet50_image,370.33500000000004,214.84735642686016
1790837735,62,2,steady,vgg16_image,553.509,478.026168224299
1790837735,62,2,steady,vit_base_image,131.391,122.60061919504642
1790837735,62,2,steady,gpt2_p64_o64,1.327,0.232258064516129
1790837735,62,2,steady,gpt2_p512_o512,0.326,0.1706161137440758
1790837735,62,2,steady,llama_p1024_o128,0.732,0.5975103734439834
1790837735,62,2,steady,llama_p2048_o64,0.594,0.3591022443890275
1790837736,63,2,steady,resnet50_image,370.33500000000004,214.84735642686016
1790837736,63,2,steady,vgg16_image,553.509,478.026168224299
1790837736,63,2,steady,vit_base_image,131.391,122.60061919504642
1790837736,63,2,steady,gpt2_p64_o64,1.327,0.232258064516129
1790837736,63,2,steady,gpt2_p512_o512,0.326,0.1706161137440758
1790837736,63,2,steady,llama_p1024_o128,0.732,0.5975103734439834
1790837736,63,2,steady,llama_p2048_o64,0.594,0.3591022443890275
1790837737,64,2,steady,resnet50_image,370.33500000000004,214.84735642686016
1790837737,64,2,steady,vgg16_image,553.509,478.026168224299
1790837737,64,2,steady,vit_base_image,131.391,122.60061919504642
1790837737,64,2,steady,gpt2_p64_o64,1.327,0.232258064516129
1790837737,64,2,steady,gpt2_p512_o512,0.326,0.1706161137440758
1790837737,64,2,steady,llama_p1024_o128,0.732,0.5975103734439834
1790837737,64,2,steady,llama_p2048_o64,0.594,0.3591022443890275
1790837738,65,2,steady,resnet50_image,370.33500000000004,214.84735642686016
1790837738,65,2,steady,vgg16_image,553.509,478.026168224299
1790837738,65,2,steady,vit_base_image,131.391,122.60061919504642
1790837738,65,2,steady,gpt2_p64_o64,1.327,0.232258064516129
1790837738,65,2,steady,gpt2_p512_o512,0.326,0.1706161137440758
1790837738,65,2,steady,llama_p1024_o128,0.732,0.5975103734439834
1790837738,65,2,steady,llama_p2048_o64,0.594,0.3591022443890275
1790837739,66,2,steady,resnet50_image,370.33500000000004,214.84735642686016
1790837739,66,2,steady,vgg16_image,553.509,478.026168224299
1790837739,66,2,steady,vit_base_image,131.391,122.60061919504642
1790837739,66,2,steady,gpt2_p64_o64,1.327,0.232258064516129
1790837739,66,2,steady,gpt2_p512_o512,0.326,0.1706161137440758
1790837739,66,2,steady,llama_p1024_o128,0.732,0.5975103734439834
1790837739,66,2,steady,llama_p2048_o64,0.594,0.3591022443890275
1790837740,67,2,steady,resnet50_image,370.33500000000004,214.84735642686016
1790837740,67,2,steady,vgg16_image,553.509,478.026168224299
1790837740,67,2,steady,vit_base_image,131.391,122.60061919504642
1790837740,67,2,steady,gpt2_p64_o64,1.327,0.232258064516129
1790837740,67,2,steady,gpt2_p512_o512,0.326,0.1706161137440758
1790837740,67,2,steady,llama_p1024_o128,0.732,0.5975103734439834
1790837740,67,2,steady,llama_p2048_o64,0.594,0.3591022443890275
1790837741,68,2,steady,resnet50_image,370.33500000000004,214.84735642686016
1790837741,68,2,steady,vgg16_image,553.509,478.026168224299
1790837741,68,2,steady,vit_base_image,131.391,122.60061919504642
1790837741,68,2,steady,gpt2_p64_o64,1.327,0.232258064516129
1790837741,68,2,steady,gpt2_p512_o512,0.326,0.1706161137440758
1790837741,68,2,steady,llama_p1024_o128,0.732,0.5975103734439834
1790837741,68,2,steady,llama_p2048_o64,0.594,0.3591022443890275
1790837742,69,2,steady,resnet50_image,370.33500000000004,214.84735642686016
1790837742,69,2,steady,vgg16_image,553.509,478.026168224299
1790837742,69,2,steady,vit_base_image,131.391,122.60061919504642
1790837742,69,2,steady,gpt2_p64_o64,1.327,0.232258064516129
1790837742,69,2,steady,gpt2_p512_o512,0.326,0.1706161137440758
1790837742,69,2,steady,llama_p1024_o128,0.732,0.5975103734439834
1790837742,69,2,steady,llama_p2048_o64,0.594,0.3591022443890275
1790837743,70,2,steady,resnet50_image,370.33500000000004,214.84735642686016
1790837743,70,2,steady,vgg16_image,553.509,478.026168224299
1790837743,70,2,steady,vit_base_image,131.391,122.60061919504642
1790837743,70,2,steady,gpt2_p64_o64,1.327,0.232258064516129
1790837743,70,2,steady,gpt2_p512_o512,0.326,0.1706161137440758
1790837743,70,2,steady,llama_p1024_o128,0.732,0.5975103734439834
1790837743,70,2,steady,llama_p2048_o64,0.594,0.3591022443890275
1790837744,71,2,steady,resnet50_image,370.33500000000004,214.84735642686016
1790837744,71,2,steady,vgg16_image,553.509,478.026168224299
1790837744,71,2,steady,vit_base_image,131.391,122.60061919504642
1790837744,71,2,steady,gpt2_p64_o64,1.327,0.232258064516129
1790837744,71,2,steady,gpt2_p512_o512,0.326,0.1706161137440758
1790837744,71,2,steady,llama_p1024_o128,0.732,0.5975103734439834
1790837744,71,2,steady,llama_p2048_o64,0.594,0.3591022443890275
1790837745,72,2,steady,resnet50_image,370.33500000000004,214.84735642686016
1790837745,72,2,steady,vgg16_image,553.509,478.026168224299
1790837745,72,2,steady,vit_base_image,131.391,122.60061919504642
1790837745,72,2,steady,gpt2_p64_o64,1.327,0.232258064516129
1790837745,72,2,steady,gpt2_p512_o512,0.326,0.1706161137440758
1790837745,72,2,steady,llama_p1024_o128,0.732,0.5975103734439834
1790837745,72,2,steady,llama_p2048_o64,0.594,0.3591022443890275
1790837746,73,2,steady,resnet50_image,370.33500000000004,214.84735642686016
1790837746,73,2,steady,vgg16_image,553.509,478.026168224299
1790837746,73,2,steady,vit_base_image,131.391,122.60061919504642
1790837746,73,2,steady,gpt2_p64_o64,1.327,0.232258064516129
1790837746,73,2,steady,gpt2_p512_o512,0.326,0.1706161137440758
1790837746,73,2,steady,llama_p1024_o128,0.732,0.5975103734439834
1790837746,73,2,steady,llama_p2048_o64,0.594,0.3591022443890275
1790837747,74,,,resnet50_image,370.33500000000004,
1790837747,74,,,vgg16_image,553.509,
1790837747,74,,,vit_base_image,131.391,
1790837747,74,,,gpt2_p64_o64,1.327,
1790837747,74,,,gpt2_p512_o512,0.326,
1790837747,74,,,llama_p1024_o128,0.732,
1790837747,74,,,llama_p2048_o64,0.594,
1790837748,75,,,resnet50_image,370.33500000000004,
1790837748,75,,,vgg16_image,553.509,
1790837748,75,,,vit_base_image,131.391,
1790837748,75,,,gpt2_p64_o64,1.327,
1790837748,75,,,gpt2_p512_o512,0.326,
1790837748,75,,,llama_p1024_o128,0.732,
1790837748,75,,,llama_p2048_o64,0.594,
1790837749,76,,,resnet50_image,370.33500000000004,
1790837749,76,,,vgg16_image,553.509,
1790837749,76,,,vit_base_image,131.391,
1790837749,76,,,gpt2_p64_o64,1.327,
1790837749,76,,,gpt2_p512_o512,0.326,
1790837749,76,,,llama_p1024_o128,0.732,
1790837749,76,,,llama_p2048_o64,0.594,
1790837750,77,,,resnet50_image,370.33500000000004,
1790837750,77,,,vgg16_image,553.509,
1790837750,77,,,vit_base_image,131.391,
1790837750,77,,,gpt2_p64_o64,1.327,
1790837750,77,,,gpt2_p512_o512,0.326,
1790837750,77,,,llama_p1024_o128,0.732,
1790837750,77,,,llama_p2048_o64,0.594,
1790837751,78,,,resnet50_image,370.33500000000004,
1790837751,78,,,vgg16_image,553.509,
1790837751,78,,,vit_base_image,131.391,
1790837751,78,,,gpt2_p64_o64,1.327,
1790837751,78,,,gpt2_p512_o512,0.326,
1790837751,78,,,llama_p1024_o128,0.732,
1790837751,78,,,llama_p2048_o64,0.594,
1790837752,79,,,resnet50_image,370.33500000000004,
1790837752,79,,,vgg16_image,553.509,
1790837752,79,,,vit_base_image,131.391,
1790837752,79,,,gpt2_p64_o64,1.327,
1790837752,79,,,gpt2_p512_o512,0.326,
1790837752,79,,,llama_p1024_o128,0.732,
1790837752,79,,,llama_p2048_o64,0.594,
1790837753,80,,,resnet50_image,370.33500000000004,
1790837753,80,,,vgg16_image,553.509,
1790837753,80,,,vit_base_image,131.391,
1790837753,80,,,gpt2_p64_o64,1.327,
1790837753,80,,,gpt2_p512_o512,0.326,
1790837753,80,,,llama_p1024_o128,0.732,
1790837753,80,,,llama_p2048_o64,0.594,
1790837754,81,,,resnet50_image,370.33500000000004,
1790837754,81,,,vgg16_image,553.509,
1790837754,81,,,vit_base_image,131.391,
1790837754,81,,,gpt2_p64_o64,1.327,
1790837754,81,,,gpt2_p512_o512,0.326,
1790837754,81,,,llama_p1024_o128,0.732,
1790837754,81,,,llama_p2048_o64,0.594,
1790837755,82,,,resnet50_image,370.33500000000004,
1790837755,82,,,vgg16_image,553.509,
1790837755,82,,,vit_base_image,131.391,
1790837755,82,,,gpt2_p64_o64,1.327,
1790837755,82,,,gpt2_p512_o512,0.326,
1790837755,82,,,llama_p1024_o128,0.732,
1790837755,82,,,llama_p2048_o64,0.594,
1790837756,83,,,resnet50_image,370.33500000000004,
1790837756,83,,,vgg16_image,553.509,
1790837756,83,,,vit_base_image,131.391,
1790837756,83,,,gpt2_p64_o64,1.327,
1790837756,83,,,gpt2_p512_o512,0.326,
1790837756,83,,,llama_p1024_o128,0.732,
1790837756,83,,,llama_p2048_o64,0.594,
1790837757,84,,,resnet50_image,370.33500000000004,
1790837757,84,,,vgg16_image,553.509,
1790837757,84,,,vit_base_image,131.391,
1790837757,84,,,gpt2_p64_o64,1.327,
1790837757,84,,,gpt2_p512_o512,0.326,
1790837757,84,,,llama_p1024_o128,0.732,
1790837757,84,,,llama_p2048_o64,0.594,
1790837758,85,,,resnet50_image,370.33500000000004,
1790837758,85,,,vgg16_image,553.509,
1790837758,85,,,vit_base_image,131.391,
1790837758,85,,,gpt2_p64_o64,1.327,
1790837758,85,,,gpt2_p512_o512,0.326,
1790837758,85,,,llama_p1024_o128,0.732,
1790837758,85,,,llama_p2048_o64,0.594,
1790837759,86,,,resnet50_image,370.33500000000004,
1790837759,86,,,vgg16_image,553.509,
1790837759,86,,,vit_base_image,131.391,
1790837759,86,,,gpt2_p64_o64,1.327,
1790837759,86,,,gpt2_p512_o512,0.326,
1790837759,86,,,llama_p1024_o128,0.732,
1790837759,86,,,llama_p2048_o64,0.594,
1790837760,87,3,transition,resnet50_image,370.33500000000004,214.69028786341497
1790837760,87,3,transition,vgg16_image,553.509,478.026168224299
1790837760,87,3,transition,vit_base_image,131.391,122.60061919504642
1790837760,87,3,transition,gpt2_p64_o64,1.327,0.0
1790837760,87,3,transition,gpt2_p512_o512,0.326,0.1706161137440758
1790837760,87,3,transition,llama_p1024_o128,0.732,0.5975103734439834
1790837760,87,3,transition,llama_p2048_o64,0.594,0.1795511221945137
1790837761,88,3,transition,resnet50_image,370.33500000000004,214.69028786341497
1790837761,88,3,transition,vgg16_image,553.509,478.026168224299
1790837761,88,3,transition,vit_base_image,131.391,122.60061919504642
1790837761,88,3,transition,gpt2_p64_o64,1.327,0.0
1790837761,88,3,transition,gpt2_p512_o512,0.326,0.1706161137440758
1790837761,88,3,transition,llama_p1024_o128,0.732,0.5975103734439834
1790837761,88,3,transition,llama_p2048_o64,0.594,0.1795511221945137
1790837762,89,3,transition,resnet50_image,370.33500000000004,214.69028786341497
1790837762,89,3,transition,vgg16_image,553.509,478.026168224299
1790837762,89,3,transition,vit_base_image,131.391,122.60061919504642
1790837762,89,3,transition,gpt2_p64_o64,1.327,0.0
1790837762,89,3,transition,gpt2_p512_o512,0.326,0.1706161137440758
1790837762,89,3,transition,llama_p1024_o128,0.732,0.5975103734439834
1790837762,89,3,transition,llama_p2048_o64,0.594,0.1795511221945137
1790837763,90,3,transition,resnet50_image,370.33500000000004,214.69028786341497
1790837763,90,3,transition,vgg16_image,553.509,478.026168224299
1790837763,90,3,transition,vit_base_image,131.391,122.60061919504642
1790837763,90,3,transition,gpt2_p64_o64,1.327,0.0
1790837763,90,3,transition,gpt2_p512_o512,0.326,0.1706161137440758
1790837763,90,3,transition,llama_p1024_o128,0.732,0.5975103734439834
1790837763,90,3,transition,llama_p2048_o64,0.594,0.1795511221945137
1790837764,91,3,transition,resnet50_image,370.33500000000004,214.69028786341497
1790837764,91,3,transition,vgg16_image,553.509,478.026168224299
1790837764,91,3,transition,vit_base_image,131.391,122.60061919504642
1790837764,91,3,transition,gpt2_p64_o64,1.327,0.0
1790837764,91,3,transition,gpt2_p512_o512,0.326,0.1706161137440758
1790837764,91,3,transition,llama_p1024_o128,0.732,0.5975103734439834
1790837764,91,3,transition,llama_p2048_o64,0.594,0.1795511221945137
1790837765,92,3,transition,resnet50_image,370.33500000000004,214.69028786341497
1790837765,92,3,transition,vgg16_image,553.509,478.026168224299
1790837765,92,3,transition,vit_base_image,131.391,122.60061919504642
1790837765,92,3,transition,gpt2_p64_o64,1.327,0.0
1790837765,92,3,transition,gpt2_p512_o512,0.326,0.1706161137440758
1790837765,92,3,transition,llama_p1024_o128,0.732,0.5975103734439834
1790837765,92,3,transition,llama_p2048_o64,0.594,0.1795511221945137
1790837766,93,3,transition,resnet50_image,370.33500000000004,214.69028786341497
1790837766,93,3,transition,vgg16_image,553.509,478.026168224299
1790837766,93,3,transition,vit_base_image,131.391,122.60061919504642
1790837766,93,3,transition,gpt2_p64_o64,1.327,0.0
1790837766,93,3,transition,gpt2_p512_o512,0.326,0.1706161137440758
1790837766,93,3,transition,llama_p1024_o128,0.732,0.5975103734439834
1790837766,93,3,transition,llama_p2048_o64,0.594,0.1795511221945137
1790837767,94,3,transition,resnet50_image,370.33500000000004,214.69028786341497
1790837767,94,3,transition,vgg16_image,553.509,478.026168224299
1790837767,94,3,transition,vit_base_image,131.391,122.60061919504642
1790837767,94,3,transition,gpt2_p64_o64,1.327,0.0
1790837767,94,3,transition,gpt2_p512_o512,0.326,0.1706161137440758
1790837767,94,3,transition,llama_p1024_o128,0.732,0.5975103734439834
1790837767,94,3,transition,llama_p2048_o64,0.594,0.1795511221945137
1790837768,95,3,transition,resnet50_image,370.33500000000004,214.69028786341497
1790837768,95,3,transition,vgg16_image,553.509,478.026168224299
1790837768,95,3,transition,vit_base_image,131.391,122.60061919504642
1790837768,95,3,transition,gpt2_p64_o64,1.327,0.0
1790837768,95,3,transition,gpt2_p512_o512,0.326,0.1706161137440758
1790837768,95,3,transition,llama_p1024_o128,0.732,0.5975103734439834
1790837768,95,3,transition,llama_p2048_o64,0.594,0.1795511221945137
1790837769,96,3,transition,resnet50_image,370.33500000000004,214.69028786341497
1790837769,96,3,transition,vgg16_image,553.509,478.026168224299
1790837769,96,3,transition,vit_base_image,131.391,122.60061919504642
1790837769,96,3,transition,gpt2_p64_o64,1.327,0.0
1790837769,96,3,transition,gpt2_p512_o512,0.326,0.1706161137440758
1790837769,96,3,transition,llama_p1024_o128,0.732,0.5975103734439834
1790837769,96,3,transition,llama_p2048_o64,0.594,0.1795511221945137
1790837770,97,3,transition,resnet50_image,370.33500000000004,214.69028786341497
1790837770,97,3,transition,vgg16_image,553.509,478.026168224299
1790837770,97,3,transition,vit_base_image,131.391,122.60061919504642
1790837770,97,3,transition,gpt2_p64_o64,1.327,0.0
1790837770,97,3,transition,gpt2_p512_o512,0.326,0.1706161137440758
1790837770,97,3,transition,llama_p1024_o128,0.732,0.5975103734439834
1790837770,97,3,transition,llama_p2048_o64,0.594,0.1795511221945137
1790837771,98,3,transition,resnet50_image,370.33500000000004,214.69028786341497
1790837771,98,3,transition,vgg16_image,553.509,478.026168224299
1790837771,98,3,transition,vit_base_image,131.391,122.60061919504642
1790837771,98,3,transition,gpt2_p64_o64,1.327,0.0
1790837771,98,3,transition,gpt2_p512_o512,0.326,0.1706161137440758
1790837771,98,3,transition,llama_p1024_o128,0.732,0.5975103734439834
1790837771,98,3,transition,llama_p2048_o64,0.594,0.1795511221945137
1790837772,99,3,transition,resnet50_image,370.33500000000004,214.69028786341497
1790837772,99,3,transition,vgg16_image,553.509,478.026168224299
1790837772,99,3,transition,vit_base_image,131.391,122.60061919504642
1790837772,99,3,transition,gpt2_p64_o64,1.327,0.0
1790837772,99,3,transition,gpt2_p512_o512,0.326,0.1706161137440758
1790837772,99,3,transition,llama_p1024_o128,0.732,0.5975103734439834
1790837772,99,3,transition,llama_p2048_o64,0.594,0.1795511221945137
1790837773,100,3,transition,resnet50_image,370.33500000000004,214.69028786341497
1790837773,100,3,transition,vgg16_image,553.509,478.026168224299
1790837773,100,3,transition,vit_base_image,131.391,122.60061919504642
1790837773,100,3,transition,gpt2_p64_o64,1.327,0.0
1790837773,100,3,transition,gpt2_p512_o512,0.326,0.1706161137440758
1790837773,100,3,transition,llama_p1024_o128,0.732,0.5975103734439834
1790837773,100,3,transition,llama_p2048_o64,0.594,0.1795511221945137
1790837774,101,3,transition,resnet50_image,370.33500000000004,214.69028786341497
1790837774,101,3,transition,vgg16_image,553.509,478.026168224299
1790837774,101,3,transition,vit_base_image,131.391,122.60061919504642
1790837774,101,3,transition,gpt2_p64_o64,1.327,0.0
1790837774,101,3,transition,gpt2_p512_o512,0.326,0.1706161137440758
1790837774,101,3,transition,llama_p1024_o128,0.732,0.5975103734439834
1790837774,101,3,transition,llama_p2048_o64,0.594,0.1795511221945137
1790837775,102,3,steady,resnet50_image,370.33500000000004,214.69028786341497
1790837775,102,3,steady,vgg16_image,553.509,507.4542056074765
1790837775,102,3,steady,vit_base_image,131.391,122.60061919504642
1790837775,102,3,steady,gpt2_p64_o64,1.327,0.0
1790837775,102,3,steady,gpt2_p512_o512,0.326,0.1706161137440758
1790837775,102,3,steady,llama_p1024_o128,0.732,0.5975103734439834
1790837775,102,3,steady,llama_p2048_o64,0.594,0.1795511221945137
1790837776,103,3,steady,resnet50_image,370.33500000000004,214.69028786341497
1790837776,103,3,steady,vgg16_image,553.509,507.4542056074765
1790837776,103,3,steady,vit_base_image,131.391,122.60061919504642
1790837776,103,3,steady,gpt2_p64_o64,1.327,0.0
1790837776,103,3,steady,gpt2_p512_o512,0.326,0.1706161137440758
1790837776,103,3,steady,llama_p1024_o128,0.732,0.5975103734439834
1790837776,103,3,steady,llama_p2048_o64,0.594,0.1795511221945137
1790837777,104,3,steady,resnet50_image,370.33500000000004,214.69028786341497
1790837777,104,3,steady,vgg16_image,553.509,507.4542056074765
1790837777,104,3,steady,vit_base_image,131.391,122.60061919504642
1790837777,104,3,steady,gpt2_p64_o64,1.327,0.0
1790837777,104,3,steady,gpt2_p512_o512,0.326,0.1706161137440758
1790837777,104,3,steady,llama_p1024_o128,0.732,0.5975103734439834
1790837777,104,3,steady,llama_p2048_o64,0.594,0.1795511221945137
1790837778,105,3,steady,resnet50_image,370.33500000000004,214.69028786341497
1790837778,105,3,steady,vgg16_image,553.509,507.4542056074765
1790837778,105,3,steady,vit_base_image,131.391,122.60061919504642
1790837778,105,3,steady,gpt2_p64_o64,1.327,0.0
1790837778,105,3,steady,gpt2_p512_o512,0.326,0.1706161137440758
1790837778,105,3,steady,llama_p1024_o128,0.732,0.5975103734439834
1790837778,105,3,steady,llama_p2048_o64,0.594,0.1795511221945137
1790837779,106,3,steady,resnet50_image,370.33500000000004,214.69028786341497
1790837779,106,3,steady,vgg16_image,553.509,507.4542056074765
1790837779,106,3,steady,vit_base_image,131.391,122.60061919504642
1790837779,106,3,steady,gpt2_p64_o64,1.327,0.0
1790837779,106,3,steady,gpt2_p512_o512,0.326,0.1706161137440758
1790837779,106,3,steady,llama_p1024_o128,0.732,0.5975103734439834
1790837779,106,3,steady,llama_p2048_o64,0.594,0.1795511221945137
1790837780,107,3,steady,resnet50_image,370.33500000000004,214.69028786341497
1790837780,107,3,steady,vgg16_image,553.509,507.4542056074765
1790837780,107,3,steady,vit_base_image,131.391,122.60061919504642
1790837780,107,3,steady,gpt2_p64_o64,1.327,0.0
1790837780,107,3,steady,gpt2_p512_o512,0.326,0.1706161137440758
1790837780,107,3,steady,llama_p1024_o128,0.732,0.5975103734439834
1790837780,107,3,steady,llama_p2048_o64,0.594,0.1795511221945137
1790837781,108,3,steady,resnet50_image,370.33500000000004,214.69028786341497
1790837781,108,3,steady,vgg16_image,553.509,507.4542056074765
1790837781,108,3,steady,vit_base_image,131.391,122.60061919504642
1790837781,108,3,steady,gpt2_p64_o64,1.327,0.0
1790837781,108,3,steady,gpt2_p512_o512,0.326,0.1706161137440758
1790837781,108,3,steady,llama_p1024_o128,0.732,0.5975103734439834
1790837781,108,3,steady,llama_p2048_o64,0.594,0.1795511221945137
1790837782,109,3,steady,resnet50_image,370.33500000000004,214.69028786341497
1790837782,109,3,steady,vgg16_image,553.509,507.4542056074765
1790837782,109,3,steady,vit_base_image,131.391,122.60061919504642
1790837782,109,3,steady,gpt2_p64_o64,1.327,0.0
1790837782,109,3,steady,gpt2_p512_o512,0.326,0.1706161137440758
1790837782,109,3,steady,llama_p1024_o128,0.732,0.5975103734439834
1790837782,109,3,steady,llama_p2048_o64,0.594,0.1795511221945137
1790837783,110,3,steady,resnet50_image,370.33500000000004,214.69028786341497
1790837783,110,3,steady,vgg16_image,553.509,507.4542056074765
1790837783,110,3,steady,vit_base_image,131.391,122.60061919504642
1790837783,110,3,steady,gpt2_p64_o64,1.327,0.0
1790837783,110,3,steady,gpt2_p512_o512,0.326,0.1706161137440758
1790837783,110,3,steady,llama_p1024_o128,0.732,0.5975103734439834
1790837783,110,3,steady,llama_p2048_o64,0.594,0.1795511221945137
1790837784,111,3,steady,resnet50_image,370.33500000000004,214.69028786341497
1790837784,111,3,steady,vgg16_image,553.509,507.4542056074765
1790837784,111,3,steady,vit_base_image,131.391,122.60061919504642
1790837784,111,3,steady,gpt2_p64_o64,1.327,0.0
1790837784,111,3,steady,gpt2_p512_o512,0.326,0.1706161137440758
1790837784,111,3,steady,llama_p1024_o128,0.732,0.5975103734439834
1790837784,111,3,steady,llama_p2048_o64,0.594,0.1795511221945137
1790837785,112,3,steady,resnet50_image,370.33500000000004,214.69028786341497
1790837785,112,3,steady,vgg16_image,553.509,507.4542056074765
1790837785,112,3,steady,vit_base_image,131.391,122.60061919504642
1790837785,112,3,steady,gpt2_p64_o64,1.327,0.0
1790837785,112,3,steady,gpt2_p512_o512,0.326,0.1706161137440758
1790837785,112,3,steady,llama_p1024_o128,0.732,0.5975103734439834
1790837785,112,3,steady,llama_p2048_o64,0.594,0.1795511221945137
1790837786,113,3,steady,resnet50_image,370.33500000000004,214.69028786341497
1790837786,113,3,steady,vgg16_image,553.509,507.4542056074765
1790837786,113,3,steady,vit_base_image,131.391,122.60061919504642
1790837786,113,3,steady,gpt2_p64_o64,1.327,0.0
1790837786,113,3,steady,gpt2_p512_o512,0.326,0.1706161137440758
1790837786,113,3,steady,llama_p1024_o128,0.732,0.5975103734439834
1790837786,113,3,steady,llama_p2048_o64,0.594,0.1795511221945137
1790837787,114,3,steady,resnet50_image,370.33500000000004,214.69028786341497
1790837787,114,3,steady,vgg16_image,553.509,507.4542056074765
1790837787,114,3,steady,vit_base_image,131.391,122.60061919504642
1790837787,114,3,steady,gpt2_p64_o64,1.327,0.0
1790837787,114,3,steady,gpt2_p512_o512,0.326,0.1706161137440758
1790837787,114,3,steady,llama_p1024_o128,0.732,0.5975103734439834
1790837787,114,3,steady,llama_p2048_o64,0.594,0.1795511221945137
1790837788,115,3,steady,resnet50_image,370.33500000000004,214.69028786341497
1790837788,115,3,steady,vgg16_image,553.509,507.4542056074765
1790837788,115,3,steady,vit_base_image,131.391,122.60061919504642
1790837788,115,3,steady,gpt2_p64_o64,1.327,0.0
1790837788,115,3,steady,gpt2_p512_o512,0.326,0.1706161137440758
1790837788,115,3,steady,llama_p1024_o128,0.732,0.5975103734439834
1790837788,115,3,steady,llama_p2048_o64,0.594,0.1795511221945137
1790837789,116,3,steady,resnet50_image,370.33500000000004,214.69028786341497
1790837789,116,3,steady,vgg16_image,553.509,507.4542056074765
1790837789,116,3,steady,vit_base_image,131.391,122.60061919504642
1790837789,116,3,steady,gpt2_p64_o64,1.327,0.0
1790837789,116,3,steady,gpt2_p512_o512,0.326,0.1706161137440758
1790837789,116,3,steady,llama_p1024_o128,0.732,0.5975103734439834
1790837789,116,3,steady,llama_p2048_o64,0.594,0.1795511221945137
1790837790,117,3,steady,resnet50_image,370.33500000000004,214.69028786341497
1790837790,117,3,steady,vgg16_image,553.509,507.4542056074765
1790837790,117,3,steady,vit_base_image,131.391,122.60061919504642
1790837790,117,3,steady,gpt2_p64_o64,1.327,0.0
1790837790,117,3,steady,gpt2_p512_o512,0.326,0.1706161137440758
1790837790,117,3,steady,llama_p1024_o128,0.732,0.5975103734439834
1790837790,117,3,steady,llama_p2048_o64,0.594,0.1795511221945137
1790837791,118,3,steady,resnet50_image,370.33500000000004,214.69028786341497
1790837791,118,3,steady,vgg16_image,553.509,507.4542056074765
1790837791,118,3,steady,vit_base_image,131.391,122.60061919504642
1790837791,118,3,steady,gpt2_p64_o64,1.327,0.0
1790837791,118,3,steady,gpt2_p512_o512,0.326,0.1706161137440758
1790837791,118,3,steady,llama_p1024_o128,0.732,0.5975103734439834
1790837791,118,3,steady,llama_p2048_o64,0.594,0.1795511221945137
1790837792,119,3,steady,resnet50_image,370.33500000000004,214.69028786341497
1790837792,119,3,steady,vgg16_image,553.509,507.4542056074765
1790837792,119,3,steady,vit_base_image,131.391,122.60061919504642
1790837792,119,3,steady,gpt2_p64_o64,1.327,0.0
1790837792,119,3,steady,gpt2_p512_o512,0.326,0.1706161137440758
1790837792,119,3,steady,llama_p1024_o128,0.732,0.5975103734439834
1790837792,119,3,steady,llama_p2048_o64,0.594,0.1795511221945137
1790837793,120,3,steady,resnet50_image,370.33500000000004,214.69028786341497
1790837793,120,3,steady,vgg16_image,553.509,507.4542056074765
1790837793,120,3,steady,vit_base_image,131.391,122.60061919504642
1790837793,120,3,steady,gpt2_p64_o64,1.327,0.0
1790837793,120,3,steady,gpt2_p512_o512,0.326,0.1706161137440758
1790837793,120,3,steady,llama_p1024_o128,0.732,0.5975103734439834
1790837793,120,3,steady,llama_p2048_o64,0.594,0.1795511221945137
1790837794,121,3,steady,resnet50_image,370.33500000000004,214.69028786341497
1790837794,121,3,steady,vgg16_image,553.509,507.4542056074765
1790837794,121,3,steady,vit_base_image,131.391,122.60061919504642
1790837794,121,3,steady,gpt2_p64_o64,1.327,0.0
1790837794,121,3,steady,gpt2_p512_o512,0.326,0.1706161137440758
1790837794,121,3,steady,llama_p1024_o128,0.732,0.5975103734439834
1790837794,121,3,steady,llama_p2048_o64,0.594,0.1795511221945137
1790837795,122,3,steady,resnet50_image,370.33500000000004,214.69028786341497
1790837795,122,3,steady,vgg16_image,553.509,507.4542056074765
1790837795,122,3,steady,vit_base_image,131.391,122.60061919504642
1790837795,122,3,steady,gpt2_p64_o64,1.327,0.0
1790837795,122,3,steady,gpt2_p512_o512,0.326,0.1706161137440758
1790837795,122,3,steady,llama_p1024_o128,0.732,0.5975103734439834
1790837795,122,3,steady,llama_p2048_o64,0.594,0.1795511221945137
1790837796,123,3,steady,resnet50_image,370.33500000000004,214.69028786341497
1790837796,123,3,steady,vgg16_image,553.509,507.4542056074765
1790837796,123,3,steady,vit_base_image,131.391,122.60061919504642
1790837796,123,3,steady,gpt2_p64_o64,1.327,0.0
1790837796,123,3,steady,gpt2_p512_o512,0.326,0.1706161137440758
1790837796,123,3,steady,llama_p1024_o128,0.732,0.5975103734439834
1790837796,123,3,steady,llama_p2048_o64,0.594,0.1795511221945137
1790837797,124,3,steady,resnet50_image,370.33500000000004,214.69028786341497
1790837797,124,3,steady,vgg16_image,553.509,507.4542056074765
1790837797,124,3,steady,vit_base_image,131.391,122.60061919504642
1790837797,124,3,steady,gpt2_p64_o64,1.327,0.0
1790837797,124,3,steady,gpt2_p512_o512,0.326,0.1706161137440758
1790837797,124,3,steady,llama_p1024_o128,0.732,0.5975103734439834
1790837797,124,3,steady,llama_p2048_o64,0.594,0.1795511221945137
1790837798,125,3,steady,resnet50_image,370.33500000000004,214.69028786341497
1790837798,125,3,steady,vgg16_image,553.509,507.4542056074765
1790837798,125,3,steady,vit_base_image,131.391,122.60061919504642
1790837798,125,3,steady,gpt2_p64_o64,1.327,0.0
1790837798,125,3,steady,gpt2_p512_o512,0.326,0.1706161137440758
1790837798,125,3,steady,llama_p1024_o128,0.732,0.5975103734439834
1790837798,125,3,steady,llama_p2048_o64,0.594,0.1795511221945137
1790837799,126,3,steady,resnet50_image,370.33500000000004,214.69028786341497
1790837799,126,3,steady,vgg16_image,553.509,507.4542056074765
1790837799,126,3,steady,vit_base_image,131.391,122.60061919504642
1790837799,126,3,steady,gpt2_p64_o64,1.327,0.0
1790837799,126,3,steady,gpt2_p512_o512,0.326,0.1706161137440758
1790837799,126,3,steady,llama_p1024_o128,0.732,0.5975103734439834
1790837799,126,3,steady,llama_p2048_o64,0.594,0.1795511221945137
1790837800,127,3,steady,resnet50_image,370.33500000000004,214.69028786341497
1790837800,127,3,steady,vgg16_image,553.509,507.4542056074765
1790837800,127,3,steady,vit_base_image,131.391,122.60061919504642
1790837800,127,3,steady,gpt2_p64_o64,1.327,0.0
1790837800,127,3,steady,gpt2_p512_o512,0.326,0.1706161137440758
1790837800,127,3,steady,llama_p1024_o128,0.732,0.5975103734439834
1790837800,127,3,steady,llama_p2048_o64,0.594,0.1795511221945137
1790837801,128,3,steady,resnet50_image,370.33500000000004,214.69028786341497
1790837801,128,3,steady,vgg16_image,553.509,507.4542056074765
1790837801,128,3,steady,vit_base_image,131.391,122.60061919504642
1790837801,128,3,steady,gpt2_p64_o64,1.327,0.0
1790837801,128,3,steady,gpt2_p512_o512,0.326,0.1706161137440758
1790837801,128,3,steady,llama_p1024_o128,0.732,0.5975103734439834
1790837801,128,3,steady,llama_p2048_o64,0.594,0.1795511221945137
1790837802,129,3,steady,resnet50_image,370.33500000000004,214.69028786341497
1790837802,129,3,steady,vgg16_image,553.509,507.4542056074765
1790837802,129,3,steady,vit_base_image,131.391,122.60061919504642
1790837802,129,3,steady,gpt2_p64_o64,1.327,0.0
1790837802,129,3,steady,gpt2_p512_o512,0.326,0.1706161137440758
1790837802,129,3,steady,llama_p1024_o128,0.732,0.5975103734439834
1790837802,129,3,steady,llama_p2048_o64,0.594,0.1795511221945137
1790837803,130,3,steady,resnet50_image,370.33500000000004,214.69028786341497
1790837803,130,3,steady,vgg16_image,553.509,507.4542056074765
1790837803,130,3,steady,vit_base_image,131.391,122.60061919504642
1790837803,130,3,steady,gpt2_p64_o64,1.327,0.0
1790837803,130,3,steady,gpt2_p512_o512,0.326,0.1706161137440758
1790837803,130,3,steady,llama_p1024_o128,0.732,0.5975103734439834
1790837803,130,3,steady,llama_p2048_o64,0.594,0.1795511221945137
1790837804,131,3,steady,resnet50_image,370.33500000000004,214.69028786341497
1790837804,131,3,steady,vgg16_image,553.509,507.4542056074765
1790837804,131,3,steady,vit_base_image,131.391,122.60061919504642
1790837804,131,3,steady,gpt2_p64_o64,1.327,0.0
1790837804,131,3,steady,gpt2_p512_o512,0.326,0.1706161137440758
1790837804,131,3,steady,llama_p1024_o128,0.732,0.5975103734439834
1790837804,131,3,steady,llama_p2048_o64,0.594,0.1795511221945137
1790837805,132,,,resnet50_image,370.33500000000004,
1790837805,132,,,vgg16_image,553.509,
1790837805,132,,,vit_base_image,131.391,
1790837805,132,,,gpt2_p64_o64,1.327,
1790837805,132,,,gpt2_p512_o512,0.326,
1790837805,132,,,llama_p1024_o128,0.732,
1790837805,132,,,llama_p2048_o64,0.594,
1790837806,133,,,resnet50_image,370.33500000000004,
1790837806,133,,,vgg16_image,553.509,
1790837806,133,,,vit_base_image,131.391,
1790837806,133,,,gpt2_p64_o64,1.327,
1790837806,133,,,gpt2_p512_o512,0.326,
1790837806,133,,,llama_p1024_o128,0.732,
1790837806,133,,,llama_p2048_o64,0.594,
1790837807,134,,,resnet50_image,370.33500000000004,
1790837807,134,,,vgg16_image,553.509,
1790837807,134,,,vit_base_image,131.391,
1790837807,134,,,gpt2_p64_o64,1.327,
1790837807,134,,,gpt2_p512_o512,0.326,
1790837807,134,,,llama_p1024_o128,0.732,
1790837807,134,,,llama_p2048_o64,0.594,
1790837808,135,,,resnet50_image,370.33500000000004,
1790837808,135,,,vgg16_image,553.509,
1790837808,135,,,vit_base_image,131.391,
1790837808,135,,,gpt2_p64_o64,1.327,
1790837808,135,,,gpt2_p512_o512,0.326,
1790837808,135,,,llama_p1024_o128,0.732,
1790837808,135,,,llama_p2048_o64,0.594,
1790837809,136,,,resnet50_image,370.33500000000004,
1790837809,136,,,vgg16_image,553.509,
1790837809,136,,,vit_base_image,131.391,
1790837809,136,,,gpt2_p64_o64,1.327,
1790837809,136,,,gpt2_p512_o512,0.326,
1790837809,136,,,llama_p1024_o128,0.732,
1790837809,136,,,llama_p2048_o64,0.594,
1790837810,137,,,resnet50_image,370.33500000000004,
1790837810,137,,,vgg16_image,553.509,
1790837810,137,,,vit_base_image,131.391,
1790837810,137,,,gpt2_p64_o64,1.327,
1790837810,137,,,gpt2_p512_o512,0.326,
1790837810,137,,,llama_p1024_o128,0.732,
1790837810,137,,,llama_p2048_o64,0.594,
1790837811,138,,,resnet50_image,370.33500000000004,
1790837811,138,,,vgg16_image,553.509,
1790837811,138,,,vit_base_image,131.391,
1790837811,138,,,gpt2_p64_o64,1.327,
1790837811,138,,,gpt2_p512_o512,0.326,
1790837811,138,,,llama_p1024_o128,0.732,
1790837811,138,,,llama_p2048_o64,0.594,
1790837812,139,,,resnet50_image,370.33500000000004,
1790837812,139,,,vgg16_image,553.509,
1790837812,139,,,vit_base_image,131.391,
1790837812,139,,,gpt2_p64_o64,1.327,
1790837812,139,,,gpt2_p512_o512,0.326,
1790837812,139,,,llama_p1024_o128,0.732,
1790837812,139,,,llama_p2048_o64,0.594,
1790837813,140,,,resnet50_image,370.33500000000004,
1790837813,140,,,vgg16_image,553.509,
1790837813,140,,,vit_base_image,131.391,
1790837813,140,,,gpt2_p64_o64,1.327,
1790837813,140,,,gpt2_p512_o512,0.326,
1790837813,140,,,llama_p1024_o128,0.732,
1790837813,140,,,llama_p2048_o64,0.594,
1790837814,141,,,resnet50_image,370.33500000000004,
1790837814,141,,,vgg16_image,553.509,
1790837814,141,,,vit_base_image,131.391,
1790837814,141,,,gpt2_p64_o64,1.327,
1790837814,141,,,gpt2_p512_o512,0.326,
1790837814,141,,,llama_p1024_o128,0.732,
1790837814,141,,,llama_p2048_o64,0.594,
1790837815,142,,,resnet50_image,370.33500000000004,
1790837815,142,,,vgg16_image,553.509,
1790837815,142,,,vit_base_image,131.391,
1790837815,142,,,gpt2_p64_o64,1.327,
1790837815,142,,,gpt2_p512_o512,0.326,
1790837815,142,,,llama_p1024_o128,0.732,
1790837815,142,,,llama_p2048_o64,0.594,
1790837816,143,,,resnet50_image,370.33500000000004,
1790837816,143,,,vgg16_image,553.509,
1790837816,143,,,vit_base_image,131.391,
1790837816,143,,,gpt2_p64_o64,1.327,
1790837816,143,,,gpt2_p512_o512,0.326,
1790837816,143,,,llama_p1024_o128,0.732,
1790837816,143,,,llama_p2048_o64,0.594,
1790837817,144,,,resnet50_image,370.33500000000004,
1790837817,144,,,vgg16_image,553.509,
1790837817,144,,,vit_base_image,131.391,
1790837817,144,,,gpt2_p64_o64,1.327,
1790837817,144,,,gpt2_p512_o512,0.326,
1790837817,144,,,llama_p1024_o128,0.732,
1790837817,144,,,llama_p2048_o64,0.594,
1790837818,145,4,transition,resnet50_image,370.33500000000004,165.43807404023391
1790837818,145,4,transition,vgg16_image,553.509,461.5177570093458
1790837818,145,4,transition,vit_base_image,131.391,122.60061919504642
1790837818,145,4,transition,gpt2_p64_o64,1.327,0.0
1790837818,145,4,transition,gpt2_p512_o512,0.326,0.0853080568720379
1790837818,145,4,transition,llama_p1024_o128,0.732,0.0
1790837818,145,4,transition,llama_p2048_o64,0.594,0.1795511221945137
1790837819,146,4,transition,resnet50_image,370.33500000000004,165.43807404023391
1790837819,146,4,transition,vgg16_image,553.509,461.5177570093458
1790837819,146,4,transition,vit_base_image,131.391,122.60061919504642
1790837819,146,4,transition,gpt2_p64_o64,1.327,0.0
1790837819,146,4,transition,gpt2_p512_o512,0.326,0.0853080568720379
1790837819,146,4,transition,llama_p1024_o128,0.732,0.0
1790837819,146,4,transition,llama_p2048_o64,0.594,0.1795511221945137
1790837820,147,4,transition,resnet50_image,370.33500000000004,165.43807404023391
1790837820,147,4,transition,vgg16_image,553.509,461.5177570093458
1790837820,147,4,transition,vit_base_image,131.391,122.60061919504642
1790837820,147,4,transition,gpt2_p64_o64,1.327,0.0
1790837820,147,4,transition,gpt2_p512_o512,0.326,0.0853080568720379
1790837820,147,4,transition,llama_p1024_o128,0.732,0.0
1790837820,147,4,transition,llama_p2048_o64,0.594,0.1795511221945137
1790837821,148,4,transition,resnet50_image,370.33500000000004,165.43807404023391
1790837821,148,4,transition,vgg16_image,553.509,461.5177570093458
1790837821,148,4,transition,vit_base_image,131.391,122.60061919504642
1790837821,148,4,transition,gpt2_p64_o64,1.327,0.0
1790837821,148,4,transition,gpt2_p512_o512,0.326,0.0853080568720379
1790837821,148,4,transition,llama_p1024_o128,0.732,0.0
1790837821,148,4,transition,llama_p2048_o64,0.594,0.1795511221945137
1790837822,149,4,transition,resnet50_image,370.33500000000004,165.43807404023391
1790837822,149,4,transition,vgg16_image,553.509,461.5177570093458
1790837822,149,4,transition,vit_base_image,131.391,122.60061919504642
1790837822,149,4,transition,gpt2_p64_o64,1.327,0.0
1790837822,149,4,transition,gpt2_p512_o512,0.326,0.0853080568720379
1790837822,149,4,transition,llama_p1024_o128,0.732,0.0
1790837822,149,4,transition,llama_p2048_o64,0.594,0.1795511221945137
1790837823,150,4,transition,resnet50_image,370.33500000000004,165.43807404023391
1790837823,150,4,transition,vgg16_image,553.509,461.5177570093458
1790837823,150,4,transition,vit_base_image,131.391,122.60061919504642
1790837823,150,4,transition,gpt2_p64_o64,1.327,0.0
1790837823,150,4,transition,gpt2_p512_o512,0.326,0.0853080568720379
1790837823,150,4,transition,llama_p1024_o128,0.732,0.0
1790837823,150,4,transition,llama_p2048_o64,0.594,0.1795511221945137
1790837824,151,4,transition,resnet50_image,370.33500000000004,165.43807404023391
1790837824,151,4,transition,vgg16_image,553.509,461.5177570093458
1790837824,151,4,transition,vit_base_image,131.391,122.60061919504642
1790837824,151,4,transition,gpt2_p64_o64,1.327,0.0
1790837824,151,4,transition,gpt2_p512_o512,0.326,0.0853080568720379
1790837824,151,4,transition,llama_p1024_o128,0.732,0.0
1790837824,151,4,transition,llama_p2048_o64,0.594,0.1795511221945137
1790837825,152,4,transition,resnet50_image,370.33500000000004,165.43807404023391
1790837825,152,4,transition,vgg16_image,553.509,461.5177570093458
1790837825,152,4,transition,vit_base_image,131.391,122.60061919504642
1790837825,152,4,transition,gpt2_p64_o64,1.327,0.0
1790837825,152,4,transition,gpt2_p512_o512,0.326,0.0853080568720379
1790837825,152,4,transition,llama_p1024_o128,0.732,0.0
1790837825,152,4,transition,llama_p2048_o64,0.594,0.1795511221945137
1790837826,153,4,transition,resnet50_image,370.33500000000004,165.43807404023391
1790837826,153,4,transition,vgg16_image,553.509,461.5177570093458
1790837826,153,4,transition,vit_base_image,131.391,122.60061919504642
1790837826,153,4,transition,gpt2_p64_o64,1.327,0.0
1790837826,153,4,transition,gpt2_p512_o512,0.326,0.0853080568720379
1790837826,153,4,transition,llama_p1024_o128,0.732,0.0
1790837826,153,4,transition,llama_p2048_o64,0.594,0.1795511221945137
1790837827,154,4,transition,resnet50_image,370.33500000000004,165.43807404023391
1790837827,154,4,transition,vgg16_image,553.509,461.5177570093458
1790837827,154,4,transition,vit_base_image,131.391,122.60061919504642
1790837827,154,4,transition,gpt2_p64_o64,1.327,0.0
1790837827,154,4,transition,gpt2_p512_o512,0.326,0.0853080568720379
1790837827,154,4,transition,llama_p1024_o128,0.732,0.0
1790837827,154,4,transition,llama_p2048_o64,0.594,0.1795511221945137
1790837828,155,4,transition,resnet50_image,370.33500000000004,165.43807404023391
1790837828,155,4,transition,vgg16_image,553.509,461.5177570093458
1790837828,155,4,transition,vit_base_image,131.391,122.60061919504642
1790837828,155,4,transition,gpt2_p64_o64,1.327,0.0
1790837828,155,4,transition,gpt2_p512_o512,0.326,0.0853080568720379
1790837828,155,4,transition,llama_p1024_o128,0.732,0.0
1790837828,155,4,transition,llama_p2048_o64,0.594,0.1795511221945137
1790837829,156,4,transition,resnet50_image,370.33500000000004,165.43807404023391
1790837829,156,4,transition,vgg16_image,553.509,461.5177570093458
1790837829,156,4,transition,vit_base_image,131.391,122.60061919504642
1790837829,156,4,transition,gpt2_p64_o64,1.327,0.0
1790837829,156,4,transition,gpt2_p512_o512,0.326,0.0853080568720379
1790837829,156,4,transition,llama_p1024_o128,0.732,0.0
1790837829,156,4,transition,llama_p2048_o64,0.594,0.1795511221945137
1790837830,157,4,transition,resnet50_image,370.33500000000004,165.43807404023391
1790837830,157,4,transition,vgg16_image,553.509,461.5177570093458
1790837830,157,4,transition,vit_base_image,131.391,122.60061919504642
1790837830,157,4,transition,gpt2_p64_o64,1.327,0.0
1790837830,157,4,transition,gpt2_p512_o512,0.326,0.0853080568720379
1790837830,157,4,transition,llama_p1024_o128,0.732,0.0
1790837830,157,4,transition,llama_p2048_o64,0.594,0.1795511221945137
1790837831,158,4,transition,resnet50_image,370.33500000000004,165.43807404023391
1790837831,158,4,transition,vgg16_image,553.509,461.5177570093458
1790837831,158,4,transition,vit_base_image,131.391,122.60061919504642
1790837831,158,4,transition,gpt2_p64_o64,1.327,0.0
1790837831,158,4,transition,gpt2_p512_o512,0.326,0.0853080568720379
1790837831,158,4,transition,llama_p1024_o128,0.732,0.0
1790837831,158,4,transition,llama_p2048_o64,0.594,0.1795511221945137
1790837832,159,4,transition,resnet50_image,370.33500000000004,165.43807404023391
1790837832,159,4,transition,vgg16_image,553.509,461.5177570093458
1790837832,159,4,transition,vit_base_image,131.391,122.60061919504642
1790837832,159,4,transition,gpt2_p64_o64,1.327,0.0
1790837832,159,4,transition,gpt2_p512_o512,0.326,0.0853080568720379
1790837832,159,4,transition,llama_p1024_o128,0.732,0.0
1790837832,159,4,transition,llama_p2048_o64,0.594,0.1795511221945137
1790837833,160,4,transition,resnet50_image,370.33500000000004,165.43807404023391
1790837833,160,4,transition,vgg16_image,553.509,461.5177570093458
1790837833,160,4,transition,vit_base_image,131.391,122.60061919504642
1790837833,160,4,transition,gpt2_p64_o64,1.327,0.0
1790837833,160,4,transition,gpt2_p512_o512,0.163,0.0853080568720379
1790837833,160,4,transition,llama_p1024_o128,0,0.0
1790837833,160,4,transition,llama_p2048_o64,0.594,0.1795511221945137
1790837834,161,4,transition,resnet50_image,370.33500000000004,165.43807404023391
1790837834,161,4,transition,vgg16_image,553.509,461.5177570093458
1790837834,161,4,transition,vit_base_image,131.391,122.60061919504642
1790837834,161,4,transition,gpt2_p64_o64,1.327,0.0
1790837834,161,4,transition,gpt2_p512_o512,0.163,0.0853080568720379
1790837834,161,4,transition,llama_p1024_o128,0,0.0
1790837834,161,4,transition,llama_p2048_o64,0.594,0.1795511221945137
1790837835,162,4,transition,resnet50_image,370.33500000000004,165.43807404023391
1790837835,162,4,transition,vgg16_image,553.509,461.5177570093458
1790837835,162,4,transition,vit_base_image,131.391,122.60061919504642
1790837835,162,4,transition,gpt2_p64_o64,1.327,0.0
1790837835,162,4,transition,gpt2_p512_o512,0.163,0.0853080568720379
1790837835,162,4,transition,llama_p1024_o128,0,0.0
1790837835,162,4,transition,llama_p2048_o64,0.594,0.1795511221945137
1790837836,163,4,transition,resnet50_image,370.33500000000004,165.43807404023391
1790837836,163,4,transition,vgg16_image,553.509,461.5177570093458
1790837836,163,4,transition,vit_base_image,131.391,122.60061919504642
1790837836,163,4,transition,gpt2_p64_o64,1.327,0.0
1790837836,163,4,transition,gpt2_p512_o512,0.163,0.0853080568720379
1790837836,163,4,transition,llama_p1024_o128,0,0.0
1790837836,163,4,transition,llama_p2048_o64,0.594,0.1795511221945137
1790837837,164,4,transition,resnet50_image,370.33500000000004,165.43807404023391
1790837837,164,4,transition,vgg16_image,553.509,461.5177570093458
1790837837,164,4,transition,vit_base_image,131.391,122.60061919504642
1790837837,164,4,transition,gpt2_p64_o64,1.327,0.0
1790837837,164,4,transition,gpt2_p512_o512,0.163,0.0853080568720379
1790837837,164,4,transition,llama_p1024_o128,0,0.0
1790837837,164,4,transition,llama_p2048_o64,0.594,0.1795511221945137
1790837838,165,4,transition,resnet50_image,370.33500000000004,165.43807404023391
1790837838,165,4,transition,vgg16_image,553.509,461.5177570093458
1790837838,165,4,transition,vit_base_image,131.391,122.60061919504642
1790837838,165,4,transition,gpt2_p64_o64,1.327,0.0
1790837838,165,4,transition,gpt2_p512_o512,0.163,0.0853080568720379
1790837838,165,4,transition,llama_p1024_o128,0,0.0
1790837838,165,4,transition,llama_p2048_o64,0.594,0.1795511221945137
1790837839,166,4,transition,resnet50_image,370.33500000000004,165.43807404023391
1790837839,166,4,transition,vgg16_image,553.509,461.5177570093458
1790837839,166,4,transition,vit_base_image,131.391,122.60061919504642
1790837839,166,4,transition,gpt2_p64_o64,1.327,0.0
1790837839,166,4,transition,gpt2_p512_o512,0.163,0.0853080568720379
1790837839,166,4,transition,llama_p1024_o128,0,0.0
1790837839,166,4,transition,llama_p2048_o64,0.594,0.1795511221945137
1790837840,167,4,steady,resnet50_image,370.33500000000004,165.43807404023391
1790837840,167,4,steady,vgg16_image,553.509,461.5177570093458
1790837840,167,4,steady,vit_base_image,131.391,122.60061919504642
1790837840,167,4,steady,gpt2_p64_o64,1.327,0.232258064516129
1790837840,167,4,steady,gpt2_p512_o512,0.163,0.0853080568720379
1790837840,167,4,steady,llama_p1024_o128,0,0.0
1790837840,167,4,steady,llama_p2048_o64,0.594,0.1795511221945137
1790837841,168,4,steady,resnet50_image,370.33500000000004,165.43807404023391
1790837841,168,4,steady,vgg16_image,553.509,461.5177570093458
1790837841,168,4,steady,vit_base_image,131.391,122.60061919504642
1790837841,168,4,steady,gpt2_p64_o64,1.327,0.232258064516129
1790837841,168,4,steady,gpt2_p512_o512,0.163,0.0853080568720379
1790837841,168,4,steady,llama_p1024_o128,0,0.0
1790837841,168,4,steady,llama_p2048_o64,0.594,0.1795511221945137
1790837842,169,4,steady,resnet50_image,370.33500000000004,165.43807404023391
1790837842,169,4,steady,vgg16_image,553.509,461.5177570093458
1790837842,169,4,steady,vit_base_image,131.391,122.60061919504642
1790837842,169,4,steady,gpt2_p64_o64,1.327,0.232258064516129
1790837842,169,4,steady,gpt2_p512_o512,0.163,0.0853080568720379
1790837842,169,4,steady,llama_p1024_o128,0,0.0
1790837842,169,4,steady,llama_p2048_o64,0.594,0.1795511221945137
1790837843,170,4,steady,resnet50_image,370.33500000000004,165.43807404023391
1790837843,170,4,steady,vgg16_image,553.509,461.5177570093458
1790837843,170,4,steady,vit_base_image,131.391,122.60061919504642
1790837843,170,4,steady,gpt2_p64_o64,1.327,0.232258064516129
1790837843,170,4,steady,gpt2_p512_o512,0.163,0.0853080568720379
1790837843,170,4,steady,llama_p1024_o128,0,0.0
1790837843,170,4,steady,llama_p2048_o64,0.594,0.1795511221945137
1790837844,171,4,steady,resnet50_image,370.33500000000004,165.43807404023391
1790837844,171,4,steady,vgg16_image,553.509,461.5177570093458
1790837844,171,4,steady,vit_base_image,131.391,122.60061919504642
1790837844,171,4,steady,gpt2_p64_o64,1.327,0.232258064516129
1790837844,171,4,steady,gpt2_p512_o512,0.163,0.0853080568720379
1790837844,171,4,steady,llama_p1024_o128,0,0.0
1790837844,171,4,steady,llama_p2048_o64,0.594,0.1795511221945137
1790837845,172,4,steady,resnet50_image,370.33500000000004,165.43807404023391
1790837845,172,4,steady,vgg16_image,553.509,461.5177570093458
1790837845,172,4,steady,vit_base_image,131.391,122.60061919504642
1790837845,172,4,steady,gpt2_p64_o64,1.327,0.232258064516129
1790837845,172,4,steady,gpt2_p512_o512,0.163,0.0853080568720379
1790837845,172,4,steady,llama_p1024_o128,0,0.0
1790837845,172,4,steady,llama_p2048_o64,0.594,0.1795511221945137
1790837846,173,4,steady,resnet50_image,370.33500000000004,165.43807404023391
1790837846,173,4,steady,vgg16_image,553.509,461.5177570093458
1790837846,173,4,steady,vit_base_image,131.391,122.60061919504642
1790837846,173,4,steady,gpt2_p64_o64,1.327,0.232258064516129
1790837846,173,4,steady,gpt2_p512_o512,0.163,0.0853080568720379
1790837846,173,4,steady,llama_p1024_o128,0,0.0
1790837846,173,4,steady,llama_p2048_o64,0.594,0.1795511221945137
1790837847,174,4,steady,resnet50_image,370.33500000000004,165.43807404023391
1790837847,174,4,steady,vgg16_image,553.509,461.5177570093458
1790837847,174,4,steady,vit_base_image,131.391,122.60061919504642
1790837847,174,4,steady,gpt2_p64_o64,1.327,0.232258064516129
1790837847,174,4,steady,gpt2_p512_o512,0.163,0.0853080568720379
1790837847,174,4,steady,llama_p1024_o128,0,0.0
1790837847,174,4,steady,llama_p2048_o64,0.594,0.1795511221945137
1790837848,175,4,steady,resnet50_image,370.33500000000004,165.43807404023391
1790837848,175,4,steady,vgg16_image,553.509,461.5177570093458
1790837848,175,4,steady,vit_base_image,131.391,122.60061919504642
1790837848,175,4,steady,gpt2_p64_o64,1.327,0.232258064516129
1790837848,175,4,steady,gpt2_p512_o512,0.163,0.0853080568720379
1790837848,175,4,steady,llama_p1024_o128,0,0.0
1790837848,175,4,steady,llama_p2048_o64,0.594,0.1795511221945137
1790837849,176,4,steady,resnet50_image,370.33500000000004,165.43807404023391
1790837849,176,4,steady,vgg16_image,553.509,461.5177570093458
1790837849,176,4,steady,vit_base_image,131.391,122.60061919504642
1790837849,176,4,steady,gpt2_p64_o64,1.327,0.232258064516129
1790837849,176,4,steady,gpt2_p512_o512,0.163,0.0853080568720379
1790837849,176,4,steady,llama_p1024_o128,0,0.0
1790837849,176,4,steady,llama_p2048_o64,0.594,0.1795511221945137
1790837850,177,4,steady,resnet50_image,370.33500000000004,165.43807404023391
1790837850,177,4,steady,vgg16_image,553.509,461.5177570093458
1790837850,177,4,steady,vit_base_image,131.391,122.60061919504642
1790837850,177,4,steady,gpt2_p64_o64,1.327,0.232258064516129
1790837850,177,4,steady,gpt2_p512_o512,0.163,0.0853080568720379
1790837850,177,4,steady,llama_p1024_o128,0,0.0
1790837850,177,4,steady,llama_p2048_o64,0.594,0.1795511221945137
1790837851,178,4,steady,resnet50_image,370.33500000000004,165.43807404023391
1790837851,178,4,steady,vgg16_image,553.509,461.5177570093458
1790837851,178,4,steady,vit_base_image,131.391,122.60061919504642
1790837851,178,4,steady,gpt2_p64_o64,1.327,0.232258064516129
1790837851,178,4,steady,gpt2_p512_o512,0.163,0.0853080568720379
1790837851,178,4,steady,llama_p1024_o128,0,0.0
1790837851,178,4,steady,llama_p2048_o64,0.594,0.1795511221945137
1790837852,179,4,steady,resnet50_image,370.33500000000004,165.43807404023391
1790837852,179,4,steady,vgg16_image,553.509,461.5177570093458
1790837852,179,4,steady,vit_base_image,131.391,122.60061919504642
1790837852,179,4,steady,gpt2_p64_o64,1.327,0.232258064516129
1790837852,179,4,steady,gpt2_p512_o512,0.163,0.0853080568720379
1790837852,179,4,steady,llama_p1024_o128,0,0.0
1790837852,179,4,steady,llama_p2048_o64,0.594,0.1795511221945137
1790837853,180,4,steady,resnet50_image,370.33500000000004,165.43807404023391
1790837853,180,4,steady,vgg16_image,553.509,461.5177570093458
1790837853,180,4,steady,vit_base_image,131.391,122.60061919504642
1790837853,180,4,steady,gpt2_p64_o64,1.327,0.232258064516129
1790837853,180,4,steady,gpt2_p512_o512,0.163,0.0853080568720379
1790837853,180,4,steady,llama_p1024_o128,0,0.0
1790837853,180,4,steady,llama_p2048_o64,0.594,0.1795511221945137
1790837854,181,4,steady,resnet50_image,370.33500000000004,165.43807404023391
1790837854,181,4,steady,vgg16_image,553.509,461.5177570093458
1790837854,181,4,steady,vit_base_image,131.391,122.60061919504642
1790837854,181,4,steady,gpt2_p64_o64,1.327,0.232258064516129
1790837854,181,4,steady,gpt2_p512_o512,0.163,0.0853080568720379
1790837854,181,4,steady,llama_p1024_o128,0,0.0
1790837854,181,4,steady,llama_p2048_o64,0.594,0.1795511221945137
1790837855,182,4,steady,resnet50_image,370.33500000000004,165.43807404023391
1790837855,182,4,steady,vgg16_image,553.509,461.5177570093458
1790837855,182,4,steady,vit_base_image,131.391,122.60061919504642
1790837855,182,4,steady,gpt2_p64_o64,1.327,0.232258064516129
1790837855,182,4,steady,gpt2_p512_o512,0.163,0.0853080568720379
1790837855,182,4,steady,llama_p1024_o128,0,0.0
1790837855,182,4,steady,llama_p2048_o64,0.594,0.1795511221945137
1790837856,183,4,steady,resnet50_image,370.33500000000004,165.43807404023391
1790837856,183,4,steady,vgg16_image,553.509,461.5177570093458
1790837856,183,4,steady,vit_base_image,131.391,122.60061919504642
1790837856,183,4,steady,gpt2_p64_o64,1.327,0.232258064516129
1790837856,183,4,steady,gpt2_p512_o512,0.163,0.0853080568720379
1790837856,183,4,steady,llama_p1024_o128,0,0.0
1790837856,183,4,steady,llama_p2048_o64,0.594,0.1795511221945137
1790837857,184,4,steady,resnet50_image,370.33500000000004,165.43807404023391
1790837857,184,4,steady,vgg16_image,553.509,461.5177570093458
1790837857,184,4,steady,vit_base_image,131.391,122.60061919504642
1790837857,184,4,steady,gpt2_p64_o64,1.327,0.232258064516129
1790837857,184,4,steady,gpt2_p512_o512,0.163,0.0853080568720379
1790837857,184,4,steady,llama_p1024_o128,0,0.0
1790837857,184,4,steady,llama_p2048_o64,0.594,0.1795511221945137
1790837858,185,4,steady,resnet50_image,370.33500000000004,165.43807404023391
1790837858,185,4,steady,vgg16_image,553.509,461.5177570093458
1790837858,185,4,steady,vit_base_image,131.391,122.60061919504642
1790837858,185,4,steady,gpt2_p64_o64,1.327,0.232258064516129
1790837858,185,4,steady,gpt2_p512_o512,0.163,0.0853080568720379
1790837858,185,4,steady,llama_p1024_o128,0,0.0
1790837858,185,4,steady,llama_p2048_o64,0.594,0.1795511221945137
1790837859,186,4,steady,resnet50_image,370.33500000000004,165.43807404023391
1790837859,186,4,steady,vgg16_image,553.509,461.5177570093458
1790837859,186,4,steady,vit_base_image,131.391,122.60061919504642
1790837859,186,4,steady,gpt2_p64_o64,1.327,0.232258064516129
1790837859,186,4,steady,gpt2_p512_o512,0.163,0.0853080568720379
1790837859,186,4,steady,llama_p1024_o128,0,0.0
1790837859,186,4,steady,llama_p2048_o64,0.594,0.1795511221945137
1790837860,187,4,steady,resnet50_image,370.33500000000004,165.43807404023391
1790837860,187,4,steady,vgg16_image,553.509,461.5177570093458
1790837860,187,4,steady,vit_base_image,131.391,122.60061919504642
1790837860,187,4,steady,gpt2_p64_o64,1.327,0.232258064516129
1790837860,187,4,steady,gpt2_p512_o512,0.163,0.0853080568720379
1790837860,187,4,steady,llama_p1024_o128,0,0.0
1790837860,187,4,steady,llama_p2048_o64,0.594,0.1795511221945137
1790837861,188,4,steady,resnet50_image,370.33500000000004,165.43807404023391
1790837861,188,4,steady,vgg16_image,553.509,461.5177570093458
1790837861,188,4,steady,vit_base_image,131.391,122.60061919504642
1790837861,188,4,steady,gpt2_p64_o64,1.327,0.232258064516129
1790837861,188,4,steady,gpt2_p512_o512,0.163,0.0853080568720379
1790837861,188,4,steady,llama_p1024_o128,0,0.0
1790837861,188,4,steady,llama_p2048_o64,0.594,0.1795511221945137
1790837862,189,4,steady,resnet50_image,370.33500000000004,165.43807404023391
1790837862,189,4,steady,vgg16_image,553.509,461.5177570093458
1790837862,189,4,steady,vit_base_image,131.391,122.60061919504642
1790837862,189,4,steady,gpt2_p64_o64,1.327,0.232258064516129
1790837862,189,4,steady,gpt2_p512_o512,0.163,0.0853080568720379
1790837862,189,4,steady,llama_p1024_o128,0,0.0
1790837862,189,4,steady,llama_p2048_o64,0.594,0.1795511221945137
1790837863,190,4,steady,resnet50_image,370.33500000000004,165.43807404023391
1790837863,190,4,steady,vgg16_image,553.509,461.5177570093458
1790837863,190,4,steady,vit_base_image,131.391,122.60061919504642
1790837863,190,4,steady,gpt2_p64_o64,1.327,0.232258064516129
1790837863,190,4,steady,gpt2_p512_o512,0.163,0.0853080568720379
1790837863,190,4,steady,llama_p1024_o128,0,0.0
1790837863,190,4,steady,llama_p2048_o64,0.594,0.1795511221945137
1790837864,191,4,steady,resnet50_image,370.33500000000004,165.43807404023391
1790837864,191,4,steady,vgg16_image,553.509,461.5177570093458
1790837864,191,4,steady,vit_base_image,131.391,122.60061919504642
1790837864,191,4,steady,gpt2_p64_o64,1.327,0.232258064516129
1790837864,191,4,steady,gpt2_p512_o512,0.163,0.0853080568720379
1790837864,191,4,steady,llama_p1024_o128,0,0.0
1790837864,191,4,steady,llama_p2048_o64,0.594,0.1795511221945137
1790837865,192,4,steady,resnet50_image,370.33500000000004,165.43807404023391
1790837865,192,4,steady,vgg16_image,553.509,461.5177570093458
1790837865,192,4,steady,vit_base_image,131.391,122.60061919504642
1790837865,192,4,steady,gpt2_p64_o64,1.327,0.232258064516129
1790837865,192,4,steady,gpt2_p512_o512,0.163,0.0853080568720379
1790837865,192,4,steady,llama_p1024_o128,0,0.0
1790837865,192,4,steady,llama_p2048_o64,0.594,0.1795511221945137
1790837866,193,4,steady,resnet50_image,370.33500000000004,165.43807404023391
1790837866,193,4,steady,vgg16_image,553.509,461.5177570093458
1790837866,193,4,steady,vit_base_image,131.391,122.60061919504642
1790837866,193,4,steady,gpt2_p64_o64,1.327,0.232258064516129
1790837866,193,4,steady,gpt2_p512_o512,0.163,0.0853080568720379
1790837866,193,4,steady,llama_p1024_o128,0,0.0
1790837866,193,4,steady,llama_p2048_o64,0.594,0.1795511221945137
1790837867,194,4,steady,resnet50_image,370.33500000000004,165.43807404023391
1790837867,194,4,steady,vgg16_image,553.509,461.5177570093458
1790837867,194,4,steady,vit_base_image,131.391,122.60061919504642
1790837867,194,4,steady,gpt2_p64_o64,1.327,0.232258064516129
1790837867,194,4,steady,gpt2_p512_o512,0.163,0.0853080568720379
1790837867,194,4,steady,llama_p1024_o128,0,0.0
1790837867,194,4,steady,llama_p2048_o64,0.594,0.1795511221945137
1790837868,195,4,steady,resnet50_image,370.33500000000004,165.43807404023391
1790837868,195,4,steady,vgg16_image,553.509,461.5177570093458
1790837868,195,4,steady,vit_base_image,131.391,122.60061919504642
1790837868,195,4,steady,gpt2_p64_o64,1.327,0.232258064516129
1790837868,195,4,steady,gpt2_p512_o512,0.163,0.0853080568720379
1790837868,195,4,steady,llama_p1024_o128,0,0.0
1790837868,195,4,steady,llama_p2048_o64,0.594,0.1795511221945137
1790837869,196,4,steady,resnet50_image,370.33500000000004,165.43807404023391
1790837869,196,4,steady,vgg16_image,553.509,461.5177570093458
1790837869,196,4,steady,vit_base_image,131.391,122.60061919504642
1790837869,196,4,steady,gpt2_p64_o64,1.327,0.232258064516129
1790837869,196,4,steady,gpt2_p512_o512,0.163,0.0853080568720379
1790837869,196,4,steady,llama_p1024_o128,0,0.0
1790837869,196,4,steady,llama_p2048_o64,0.594,0.1795511221945137
1790837870,197,,,resnet50_image,370.33500000000004,
1790837870,197,,,vgg16_image,553.509,
1790837870,197,,,vit_base_image,131.391,
1790837870,197,,,gpt2_p64_o64,1.327,
1790837870,197,,,gpt2_p512_o512,0.163,
1790837870,197,,,llama_p1024_o128,0,
1790837870,197,,,llama_p2048_o64,0.594,
1790837871,198,,,resnet50_image,370.33500000000004,
1790837871,198,,,vgg16_image,553.509,
1790837871,198,,,vit_base_image,131.391,
1790837871,198,,,gpt2_p64_o64,1.327,
1790837871,198,,,gpt2_p512_o512,0.163,
1790837871,198,,,llama_p1024_o128,0,
1790837871,198,,,llama_p2048_o64,0.594,
1790837872,199,,,resnet50_image,370.33500000000004,
1790837872,199,,,vgg16_image,553.509,
1790837872,199,,,vit_base_image,131.391,
1790837872,199,,,gpt2_p64_o64,1.327,
1790837872,199,,,gpt2_p512_o512,0.163,
1790837872,199,,,llama_p1024_o128,0,
1790837872,199,,,llama_p2048_o64,0.594,
1790837873,200,,,resnet50_image,370.33500000000004,
1790837873,200,,,vgg16_image,553.509,
1790837873,200,,,vit_base_image,131.391,
1790837873,200,,,gpt2_p64_o64,1.327,
1790837873,200,,,gpt2_p512_o512,0.163,
1790837873,200,,,llama_p1024_o128,0,
1790837873,200,,,llama_p2048_o64,0.594,
1790837874,201,,,resnet50_image,370.33500000000004,
1790837874,201,,,vgg16_image,553.509,
1790837874,201,,,vit_base_image,131.391,
1790837874,201,,,gpt2_p64_o64,1.327,
1790837874,201,,,gpt2_p512_o512,0.163,
1790837874,201,,,llama_p1024_o128,0,
1790837874,201,,,llama_p2048_o64,0.594,
1790837875,202,,,resnet50_image,370.33500000000004,
1790837875,202,,,vgg16_image,553.509,
1790837875,202,,,vit_base_image,131.391,
1790837875,202,,,gpt2_p64_o64,1.327,
1790837875,202,,,gpt2_p512_o512,0.163,
1790837875,202,,,llama_p1024_o128,0,
1790837875,202,,,llama_p2048_o64,0.594,
1790837876,203,,,resnet50_image,370.33500000000004,
1790837876,203,,,vgg16_image,553.509,
1790837876,203,,,vit_base_image,131.391,
1790837876,203,,,gpt2_p64_o64,1.327,
1790837876,203,,,gpt2_p512_o512,0.163,
1790837876,203,,,llama_p1024_o128,0,
1790837876,203,,,llama_p2048_o64,0.594,
1790837877,204,,,resnet50_image,370.33500000000004,
1790837877,204,,,vgg16_image,553.509,
1790837877,204,,,vit_base_image,131.391,
1790837877,204,,,gpt2_p64_o64,1.327,
1790837877,204,,,gpt2_p512_o512,0.163,
1790837877,204,,,llama_p1024_o128,0,
1790837877,204,,,llama_p2048_o64,0.594,
1790837878,205,,,resnet50_image,370.33500000000004,
1790837878,205,,,vgg16_image,553.509,
1790837878,205,,,vit_base_image,131.391,
1790837878,205,,,gpt2_p64_o64,1.327,
1790837878,205,,,gpt2_p512_o512,0.163,
1790837878,205,,,llama_p1024_o128,0,
1790837878,205,,,llama_p2048_o64,0.594,
1790837879,206,,,resnet50_image,370.33500000000004,
1790837879,206,,,vgg16_image,553.509,
1790837879,206,,,vit_base_image,131.391,
1790837879,206,,,gpt2_p64_o64,1.327,
1790837879,206,,,gpt2_p512_o512,0.163,
1790837879,206,,,llama_p1024_o128,0,
1790837879,206,,,llama_p2048_o64,0.594,
1790837880,207,,,resnet50_image,370.33500000000004,
1790837880,207,,,vgg16_image,553.509,
1790837880,207,,,vit_base_image,131.391,
1790837880,207,,,gpt2_p64_o64,1.327,
1790837880,207,,,gpt2_p512_o512,0.163,
1790837880,207,,,llama_p1024_o128,0,
1790837880,207,,,llama_p2048_o64,0.594,
1790837881,208,,,resnet50_image,370.33500000000004,
1790837881,208,,,vgg16_image,553.509,
1790837881,208,,,vit_base_image,131.391,
1790837881,208,,,gpt2_p64_o64,1.327,
1790837881,208,,,gpt2_p512_o512,0.163,
1790837881,208,,,llama_p1024_o128,0,
1790837881,208,,,llama_p2048_o64,0.594,
1790837882,209,,,resnet50_image,370.33500000000004,
1790837882,209,,,vgg16_image,553.509,
1790837882,209,,,vit_base_image,131.391,
1790837882,209,,,gpt2_p64_o64,1.327,
1790837882,209,,,gpt2_p512_o512,0.163,
1790837882,209,,,llama_p1024_o128,0,
1790837882,209,,,llama_p2048_o64,0.594,
1790837883,210,,,resnet50_image,370.33500000000004,
1790837883,210,,,vgg16_image,553.509,
1790837883,210,,,vit_base_image,131.391,
1790837883,210,,,gpt2_p64_o64,1.327,
1790837883,210,,,gpt2_p512_o512,0.163,
1790837883,210,,,llama_p1024_o128,0,
1790837883,210,,,llama_p2048_o64,0.594,
1790837884,211,,,resnet50_image,370.33500000000004,
1790837884,211,,,vgg16_image,553.509,
1790837884,211,,,vit_base_image,131.391,
1790837884,211,,,gpt2_p64_o64,1.327,
1790837884,211,,,gpt2_p512_o512,0.163,
1790837884,211,,,llama_p1024_o128,0,
1790837884,211,,,llama_p2048_o64,0.594,
1790837885,212,,,resnet50_image,370.33500000000004,
1790837885,212,,,vgg16_image,553.509,
1790837885,212,,,vit_base_image,131.391,
1790837885,212,,,gpt2_p64_o64,1.327,
1790837885,212,,,gpt2_p512_o512,0.163,
1790837885,212,,,llama_p1024_o128,0,
1790837885,212,,,llama_p2048_o64,0.594,
1790837886,213,,,resnet50_image,370.33500000000004,
1790837886,213,,,vgg16_image,553.509,
1790837886,213,,,vit_base_image,131.391,
1790837886,213,,,gpt2_p64_o64,1.327,
1790837886,213,,,gpt2_p512_o512,0.163,
1790837886,213,,,llama_p1024_o128,0,
1790837886,213,,,llama_p2048_o64,0.594,
1790837887,214,,,resnet50_image,370.33500000000004,
1790837887,214,,,vgg16_image,553.509,
1790837887,214,,,vit_base_image,131.391,
1790837887,214,,,gpt2_p64_o64,1.327,
1790837887,214,,,gpt2_p512_o512,0.163,
1790837887,214,,,llama_p1024_o128,0,
1790837887,214,,,llama_p2048_o64,0.594,
1790837888,215,,,resnet50_image,370.33500000000004,
1790837888,215,,,vgg16_image,553.509,
1790837888,215,,,vit_base_image,131.391,
1790837888,215,,,gpt2_p64_o64,1.327,
1790837888,215,,,gpt2_p512_o512,0.163,
1790837888,215,,,llama_p1024_o128,0,
1790837888,215,,,llama_p2048_o64,0.594,
1790837889,216,,,resnet50_image,370.33500000000004,
1790837889,216,,,vgg16_image,553.509,
1790837889,216,,,vit_base_image,131.391,
1790837889,216,,,gpt2_p64_o64,1.327,
1790837889,216,,,gpt2_p512_o512,0.163,
1790837889,216,,,llama_p1024_o128,0,
1790837889,216,,,llama_p2048_o64,0.594,
1790837890,217,,,resnet50_image,370.33500000000004,
1790837890,217,,,vgg16_image,553.509,
1790837890,217,,,vit_base_image,131.391,
1790837890,217,,,gpt2_p64_o64,1.327,
1790837890,217,,,gpt2_p512_o512,0.163,
1790837890,217,,,llama_p1024_o128,0,
1790837890,217,,,llama_p2048_o64,0.594,
1790837891,218,,,resnet50_image,370.33500000000004,
1790837891,218,,,vgg16_image,553.509,
1790837891,218,,,vit_base_image,131.391,
1790837891,218,,,gpt2_p64_o64,1.327,
1790837891,218,,,gpt2_p512_o512,0.163,
1790837891,218,,,llama_p1024_o128,0,
1790837891,218,,,llama_p2048_o64,0.594,
1790837892,219,,,resnet50_image,370.33500000000004,
1790837892,219,,,vgg16_image,553.509,
1790837892,219,,,vit_base_image,131.391,
1790837892,219,,,gpt2_p64_o64,1.327,
1790837892,219,,,gpt2_p512_o512,0.163,
1790837892,219,,,llama_p1024_o128,0,
1790837892,219,,,llama_p2048_o64,0.594,
1790837893,220,5,transition,resnet50_image,370.33500000000004,91.3690271927075
1790837893,220,5,transition,vgg16_image,553.509,461.5177570093458
1790837893,220,5,transition,vit_base_image,131.391,122.60061919504642
1790837893,220,5,transition,gpt2_p64_o64,1.327,0.232258064516129
1790837893,220,5,transition,gpt2_p512_o512,0.163,0.0853080568720379
1790837893,220,5,transition,llama_p1024_o128,0,0.0
1790837893,220,5,transition,llama_p2048_o64,0.594,0.0
1790837894,221,5,transition,resnet50_image,370.33500000000004,91.3690271927075
1790837894,221,5,transition,vgg16_image,553.509,461.5177570093458
1790837894,221,5,transition,vit_base_image,131.391,122.60061919504642
1790837894,221,5,transition,gpt2_p64_o64,1.327,0.232258064516129
1790837894,221,5,transition,gpt2_p512_o512,0.163,0.0853080568720379
1790837894,221,5,transition,llama_p1024_o128,0,0.0
1790837894,221,5,transition,llama_p2048_o64,0.594,0.0
1790837895,222,5,transition,resnet50_image,370.33500000000004,91.3690271927075
1790837895,222,5,transition,vgg16_image,553.509,461.5177570093458
1790837895,222,5,transition,vit_base_image,131.391,122.60061919504642
1790837895,222,5,transition,gpt2_p64_o64,1.327,0.232258064516129
1790837895,222,5,transition,gpt2_p512_o512,0.163,0.0853080568720379
1790837895,222,5,transition,llama_p1024_o128,0,0.0
1790837895,222,5,transition,llama_p2048_o64,0.594,0.0
1790837896,223,5,transition,resnet50_image,370.33500000000004,91.3690271927075
1790837896,223,5,transition,vgg16_image,553.509,461.5177570093458
1790837896,223,5,transition,vit_base_image,131.391,122.60061919504642
1790837896,223,5,transition,gpt2_p64_o64,1.327,0.232258064516129
1790837896,223,5,transition,gpt2_p512_o512,0.163,0.0853080568720379
1790837896,223,5,transition,llama_p1024_o128,0,0.0
1790837896,223,5,transition,llama_p2048_o64,0.594,0.0
1790837897,224,5,transition,resnet50_image,370.33500000000004,91.3690271927075
1790837897,224,5,transition,vgg16_image,553.509,461.5177570093458
1790837897,224,5,transition,vit_base_image,131.391,122.60061919504642
1790837897,224,5,transition,gpt2_p64_o64,1.327,0.232258064516129
1790837897,224,5,transition,gpt2_p512_o512,0.163,0.0853080568720379
1790837897,224,5,transition,llama_p1024_o128,0,0.0
1790837897,224,5,transition,llama_p2048_o64,0.594,0.0
1790837898,225,5,transition,resnet50_image,370.33500000000004,91.3690271927075
1790837898,225,5,transition,vgg16_image,553.509,461.5177570093458
1790837898,225,5,transition,vit_base_image,131.391,122.60061919504642
1790837898,225,5,transition,gpt2_p64_o64,1.327,0.232258064516129
1790837898,225,5,transition,gpt2_p512_o512,0.163,0.0853080568720379
1790837898,225,5,transition,llama_p1024_o128,0,0.0
1790837898,225,5,transition,llama_p2048_o64,0.594,0.0
1790837899,226,5,transition,resnet50_image,370.33500000000004,91.3690271927075
1790837899,226,5,transition,vgg16_image,553.509,461.5177570093458
1790837899,226,5,transition,vit_base_image,131.391,122.60061919504642
1790837899,226,5,transition,gpt2_p64_o64,1.327,0.232258064516129
1790837899,226,5,transition,gpt2_p512_o512,0.163,0.0853080568720379
1790837899,226,5,transition,llama_p1024_o128,0,0.0
1790837899,226,5,transition,llama_p2048_o64,0.594,0.0
1790837900,227,5,transition,resnet50_image,370.33500000000004,91.3690271927075
1790837900,227,5,transition,vgg16_image,553.509,461.5177570093458
1790837900,227,5,transition,vit_base_image,131.391,122.60061919504642
1790837900,227,5,transition,gpt2_p64_o64,1.327,0.232258064516129
1790837900,227,5,transition,gpt2_p512_o512,0.163,0.0853080568720379
1790837900,227,5,transition,llama_p1024_o128,0,0.0
1790837900,227,5,transition,llama_p2048_o64,0.594,0.0
1790837901,228,5,transition,resnet50_image,370.33500000000004,91.3690271927075
1790837901,228,5,transition,vgg16_image,553.509,461.5177570093458
1790837901,228,5,transition,vit_base_image,131.391,122.60061919504642
1790837901,228,5,transition,gpt2_p64_o64,1.327,0.232258064516129
1790837901,228,5,transition,gpt2_p512_o512,0.163,0.0853080568720379
1790837901,228,5,transition,llama_p1024_o128,0,0.0
1790837901,228,5,transition,llama_p2048_o64,0.594,0.0
1790837902,229,5,transition,resnet50_image,370.33500000000004,91.3690271927075
1790837902,229,5,transition,vgg16_image,553.509,461.5177570093458
1790837902,229,5,transition,vit_base_image,131.391,122.60061919504642
1790837902,229,5,transition,gpt2_p64_o64,1.327,0.232258064516129
1790837902,229,5,transition,gpt2_p512_o512,0.163,0.0853080568720379
1790837902,229,5,transition,llama_p1024_o128,0,0.0
1790837902,229,5,transition,llama_p2048_o64,0.594,0.0
1790837903,230,5,transition,resnet50_image,370.33500000000004,91.3690271927075
1790837903,230,5,transition,vgg16_image,553.509,461.5177570093458
1790837903,230,5,transition,vit_base_image,131.391,122.60061919504642
1790837903,230,5,transition,gpt2_p64_o64,1.327,0.232258064516129
1790837903,230,5,transition,gpt2_p512_o512,0.163,0.0853080568720379
1790837903,230,5,transition,llama_p1024_o128,0,0.0
1790837903,230,5,transition,llama_p2048_o64,0.594,0.0
1790837904,231,5,transition,resnet50_image,370.33500000000004,91.3690271927075
1790837904,231,5,transition,vgg16_image,553.509,461.5177570093458
1790837904,231,5,transition,vit_base_image,131.391,122.60061919504642
1790837904,231,5,transition,gpt2_p64_o64,1.327,0.232258064516129
1790837904,231,5,transition,gpt2_p512_o512,0.163,0.0853080568720379
1790837904,231,5,transition,llama_p1024_o128,0,0.0
1790837904,231,5,transition,llama_p2048_o64,0.594,0.0
1790837905,232,5,transition,resnet50_image,370.33500000000004,91.3690271927075
1790837905,232,5,transition,vgg16_image,553.509,461.5177570093458
1790837905,232,5,transition,vit_base_image,131.391,122.60061919504642
1790837905,232,5,transition,gpt2_p64_o64,1.327,0.232258064516129
1790837905,232,5,transition,gpt2_p512_o512,0.163,0.0853080568720379
1790837905,232,5,transition,llama_p1024_o128,0,0.0
1790837905,232,5,transition,llama_p2048_o64,0.594,0.0
1790837906,233,5,transition,resnet50_image,370.33500000000004,91.3690271927075
1790837906,233,5,transition,vgg16_image,553.509,461.5177570093458
1790837906,233,5,transition,vit_base_image,131.391,122.60061919504642
1790837906,233,5,transition,gpt2_p64_o64,1.327,0.232258064516129
1790837906,233,5,transition,gpt2_p512_o512,0.163,0.0853080568720379
1790837906,233,5,transition,llama_p1024_o128,0,0.0
1790837906,233,5,transition,llama_p2048_o64,0.594,0.0
1790837907,234,5,steady,resnet50_image,370.33500000000004,91.3690271927075
1790837907,234,5,steady,vgg16_image,553.509,462.9532710280373
1790837907,234,5,steady,vit_base_image,131.391,122.60061919504642
1790837907,234,5,steady,gpt2_p64_o64,1.327,0.232258064516129
1790837907,234,5,steady,gpt2_p512_o512,0.163,0.0853080568720379
1790837907,234,5,steady,llama_p1024_o128,0,0.0
1790837907,234,5,steady,llama_p2048_o64,0.594,0.0
1790837908,235,5,steady,resnet50_image,370.33500000000004,91.3690271927075
1790837908,235,5,steady,vgg16_image,553.509,462.9532710280373
1790837908,235,5,steady,vit_base_image,131.391,122.60061919504642
1790837908,235,5,steady,gpt2_p64_o64,1.327,0.232258064516129
1790837908,235,5,steady,gpt2_p512_o512,0.163,0.0853080568720379
1790837908,235,5,steady,llama_p1024_o128,0,0.0
1790837908,235,5,steady,llama_p2048_o64,0.594,0.0
1790837909,236,5,steady,resnet50_image,370.33500000000004,91.3690271927075
1790837909,236,5,steady,vgg16_image,553.509,462.9532710280373
1790837909,236,5,steady,vit_base_image,131.391,122.60061919504642
1790837909,236,5,steady,gpt2_p64_o64,1.327,0.232258064516129
1790837909,236,5,steady,gpt2_p512_o512,0.163,0.0853080568720379
1790837909,236,5,steady,llama_p1024_o128,0,0.0
1790837909,236,5,steady,llama_p2048_o64,0.594,0.0
1790837910,237,5,steady,resnet50_image,370.33500000000004,91.3690271927075
1790837910,237,5,steady,vgg16_image,553.509,462.9532710280373
1790837910,237,5,steady,vit_base_image,131.391,122.60061919504642
1790837910,237,5,steady,gpt2_p64_o64,1.327,0.232258064516129
1790837910,237,5,steady,gpt2_p512_o512,0.163,0.0853080568720379
1790837910,237,5,steady,llama_p1024_o128,0,0.0
1790837910,237,5,steady,llama_p2048_o64,0.594,0.0
1790837911,238,5,steady,resnet50_image,370.33500000000004,91.3690271927075
1790837911,238,5,steady,vgg16_image,553.509,462.9532710280373
1790837911,238,5,steady,vit_base_image,131.391,122.60061919504642
1790837911,238,5,steady,gpt2_p64_o64,1.327,0.232258064516129
1790837911,238,5,steady,gpt2_p512_o512,0.163,0.0853080568720379
1790837911,238,5,steady,llama_p1024_o128,0,0.0
1790837911,238,5,steady,llama_p2048_o64,0.594,0.0
1790837912,239,5,steady,resnet50_image,370.33500000000004,91.3690271927075
1790837912,239,5,steady,vgg16_image,553.509,462.9532710280373
1790837912,239,5,steady,vit_base_image,131.391,122.60061919504642
1790837912,239,5,steady,gpt2_p64_o64,1.327,0.232258064516129
1790837912,239,5,steady,gpt2_p512_o512,0.163,0.0853080568720379
1790837912,239,5,steady,llama_p1024_o128,0,0.0
1790837912,239,5,steady,llama_p2048_o64,0.594,0.0
1790837913,240,5,steady,resnet50_image,370.33500000000004,91.3690271927075
1790837913,240,5,steady,vgg16_image,553.509,462.9532710280373
1790837913,240,5,steady,vit_base_image,131.391,122.60061919504642
1790837913,240,5,steady,gpt2_p64_o64,1.327,0.232258064516129
1790837913,240,5,steady,gpt2_p512_o512,0.163,0.0853080568720379
1790837913,240,5,steady,llama_p1024_o128,0,0.0
1790837913,240,5,steady,llama_p2048_o64,0.594,0.0
1790837914,241,5,steady,resnet50_image,370.33500000000004,91.3690271927075
1790837914,241,5,steady,vgg16_image,553.509,462.9532710280373
1790837914,241,5,steady,vit_base_image,131.391,122.60061919504642
1790837914,241,5,steady,gpt2_p64_o64,1.327,0.232258064516129
1790837914,241,5,steady,gpt2_p512_o512,0.163,0.0853080568720379
1790837914,241,5,steady,llama_p1024_o128,0,0.0
1790837914,241,5,steady,llama_p2048_o64,0.594,0.0
1790837915,242,5,steady,resnet50_image,370.33500000000004,91.3690271927075
1790837915,242,5,steady,vgg16_image,553.509,462.9532710280373
1790837915,242,5,steady,vit_base_image,131.391,122.60061919504642
1790837915,242,5,steady,gpt2_p64_o64,1.327,0.232258064516129
1790837915,242,5,steady,gpt2_p512_o512,0.163,0.0853080568720379
1790837915,242,5,steady,llama_p1024_o128,0,0.0
1790837915,242,5,steady,llama_p2048_o64,0.594,0.0
1790837916,243,5,steady,resnet50_image,370.33500000000004,91.3690271927075
1790837916,243,5,steady,vgg16_image,553.509,462.9532710280373
1790837916,243,5,steady,vit_base_image,131.391,122.60061919504642
1790837916,243,5,steady,gpt2_p64_o64,1.327,0.232258064516129
1790837916,243,5,steady,gpt2_p512_o512,0.163,0.0853080568720379
1790837916,243,5,steady,llama_p1024_o128,0,0.0
1790837916,243,5,steady,llama_p2048_o64,0.594,0.0
1790837917,244,5,steady,resnet50_image,370.33500000000004,91.3690271927075
1790837917,244,5,steady,vgg16_image,553.509,462.9532710280373
1790837917,244,5,steady,vit_base_image,131.391,122.60061919504642
1790837917,244,5,steady,gpt2_p64_o64,1.327,0.232258064516129
1790837917,244,5,steady,gpt2_p512_o512,0.163,0.0853080568720379
1790837917,244,5,steady,llama_p1024_o128,0,0.0
1790837917,244,5,steady,llama_p2048_o64,0.594,0.0
1790837918,245,5,steady,resnet50_image,370.33500000000004,91.3690271927075
1790837918,245,5,steady,vgg16_image,553.509,462.9532710280373
1790837918,245,5,steady,vit_base_image,131.391,122.60061919504642
1790837918,245,5,steady,gpt2_p64_o64,1.327,0.232258064516129
1790837918,245,5,steady,gpt2_p512_o512,0.163,0.0853080568720379
1790837918,245,5,steady,llama_p1024_o128,0,0.0
1790837918,245,5,steady,llama_p2048_o64,0.594,0.0
1790837919,246,5,steady,resnet50_image,370.33500000000004,91.3690271927075
1790837919,246,5,steady,vgg16_image,553.509,462.9532710280373
1790837919,246,5,steady,vit_base_image,131.391,122.60061919504642
1790837919,246,5,steady,gpt2_p64_o64,1.327,0.232258064516129
1790837919,246,5,steady,gpt2_p512_o512,0.163,0.0853080568720379
1790837919,246,5,steady,llama_p1024_o128,0,0.0
1790837919,246,5,steady,llama_p2048_o64,0.594,0.0
1790837920,247,5,steady,resnet50_image,370.33500000000004,91.3690271927075
1790837920,247,5,steady,vgg16_image,553.509,462.9532710280373
1790837920,247,5,steady,vit_base_image,131.391,122.60061919504642
1790837920,247,5,steady,gpt2_p64_o64,1.327,0.232258064516129
1790837920,247,5,steady,gpt2_p512_o512,0.163,0.0853080568720379
1790837920,247,5,steady,llama_p1024_o128,0,0.0
1790837920,247,5,steady,llama_p2048_o64,0.594,0.0
1790837921,248,5,steady,resnet50_image,370.33500000000004,91.3690271927075
1790837921,248,5,steady,vgg16_image,553.509,462.9532710280373
1790837921,248,5,steady,vit_base_image,131.391,122.60061919504642
1790837921,248,5,steady,gpt2_p64_o64,1.327,0.232258064516129
1790837921,248,5,steady,gpt2_p512_o512,0.163,0.0853080568720379
1790837921,248,5,steady,llama_p1024_o128,0,0.0
1790837921,248,5,steady,llama_p2048_o64,0.594,0.0
1790837922,249,5,steady,resnet50_image,370.33500000000004,91.3690271927075
1790837922,249,5,steady,vgg16_image,553.509,462.9532710280373
1790837922,249,5,steady,vit_base_image,131.391,122.60061919504642
1790837922,249,5,steady,gpt2_p64_o64,1.327,0.232258064516129
1790837922,249,5,steady,gpt2_p512_o512,0.163,0.0853080568720379
1790837922,249,5,steady,llama_p1024_o128,0,0.0
1790837922,249,5,steady,llama_p2048_o64,0.594,0.0
1790837923,250,5,steady,resnet50_image,370.33500000000004,91.3690271927075
1790837923,250,5,steady,vgg16_image,553.509,462.9532710280373
1790837923,250,5,steady,vit_base_image,131.391,122.60061919504642
1790837923,250,5,steady,gpt2_p64_o64,1.327,0.232258064516129
1790837923,250,5,steady,gpt2_p512_o512,0.163,0.0853080568720379
1790837923,250,5,steady,llama_p1024_o128,0,0.0
1790837923,250,5,steady,llama_p2048_o64,0.594,0.0
1790837924,251,5,steady,resnet50_image,370.33500000000004,91.3690271927075
1790837924,251,5,steady,vgg16_image,553.509,462.9532710280373
1790837924,251,5,steady,vit_base_image,131.391,122.60061919504642
1790837924,251,5,steady,gpt2_p64_o64,1.327,0.232258064516129
1790837924,251,5,steady,gpt2_p512_o512,0.163,0.0853080568720379
1790837924,251,5,steady,llama_p1024_o128,0,0.0
1790837924,251,5,steady,llama_p2048_o64,0.594,0.0
1790837925,252,5,steady,resnet50_image,370.33500000000004,91.3690271927075
1790837925,252,5,steady,vgg16_image,553.509,462.9532710280373
1790837925,252,5,steady,vit_base_image,131.391,122.60061919504642
1790837925,252,5,steady,gpt2_p64_o64,1.327,0.232258064516129
1790837925,252,5,steady,gpt2_p512_o512,0.163,0.0853080568720379
1790837925,252,5,steady,llama_p1024_o128,0,0.0
1790837925,252,5,steady,llama_p2048_o64,0.594,0.0
1790837926,253,5,steady,resnet50_image,370.33500000000004,91.3690271927075
1790837926,253,5,steady,vgg16_image,553.509,462.9532710280373
1790837926,253,5,steady,vit_base_image,131.391,122.60061919504642
1790837926,253,5,steady,gpt2_p64_o64,1.327,0.232258064516129
1790837926,253,5,steady,gpt2_p512_o512,0.163,0.0853080568720379
1790837926,253,5,steady,llama_p1024_o128,0,0.0
1790837926,253,5,steady,llama_p2048_o64,0.594,0.0
1790837927,254,5,steady,resnet50_image,370.33500000000004,91.3690271927075
1790837927,254,5,steady,vgg16_image,553.509,462.9532710280373
1790837927,254,5,steady,vit_base_image,131.391,122.60061919504642
1790837927,254,5,steady,gpt2_p64_o64,1.327,0.232258064516129
1790837927,254,5,steady,gpt2_p512_o512,0.163,0.0853080568720379
1790837927,254,5,steady,llama_p1024_o128,0,0.0
1790837927,254,5,steady,llama_p2048_o64,0.594,0.0
1790837928,255,5,steady,resnet50_image,370.33500000000004,91.3690271927075
1790837928,255,5,steady,vgg16_image,553.509,462.9532710280373
1790837928,255,5,steady,vit_base_image,131.391,122.60061919504642
1790837928,255,5,steady,gpt2_p64_o64,1.327,0.232258064516129
1790837928,255,5,steady,gpt2_p512_o512,0.163,0.0853080568720379
1790837928,255,5,steady,llama_p1024_o128,0,0.0
1790837928,255,5,steady,llama_p2048_o64,0.594,0.0
1790837929,256,5,steady,resnet50_image,370.33500000000004,91.3690271927075
1790837929,256,5,steady,vgg16_image,553.509,462.9532710280373
1790837929,256,5,steady,vit_base_image,131.391,122.60061919504642
1790837929,256,5,steady,gpt2_p64_o64,1.327,0.232258064516129
1790837929,256,5,steady,gpt2_p512_o512,0.163,0.0853080568720379
1790837929,256,5,steady,llama_p1024_o128,0,0.0
1790837929,256,5,steady,llama_p2048_o64,0.594,0.0
1790837930,257,5,steady,resnet50_image,370.33500000000004,91.3690271927075
1790837930,257,5,steady,vgg16_image,553.509,462.9532710280373
1790837930,257,5,steady,vit_base_image,131.391,122.60061919504642
1790837930,257,5,steady,gpt2_p64_o64,1.327,0.232258064516129
1790837930,257,5,steady,gpt2_p512_o512,0.163,0.0853080568720379
1790837930,257,5,steady,llama_p1024_o128,0,0.0
1790837930,257,5,steady,llama_p2048_o64,0.594,0.0
1790837931,258,5,steady,resnet50_image,370.33500000000004,91.3690271927075
1790837931,258,5,steady,vgg16_image,553.509,462.9532710280373
1790837931,258,5,steady,vit_base_image,131.391,122.60061919504642
1790837931,258,5,steady,gpt2_p64_o64,1.327,0.232258064516129
1790837931,258,5,steady,gpt2_p512_o512,0.163,0.0853080568720379
1790837931,258,5,steady,llama_p1024_o128,0,0.0
1790837931,258,5,steady,llama_p2048_o64,0.594,0.0
1790837932,259,5,steady,resnet50_image,370.33500000000004,91.3690271927075
1790837932,259,5,steady,vgg16_image,553.509,462.9532710280373
1790837932,259,5,steady,vit_base_image,131.391,122.60061919504642
1790837932,259,5,steady,gpt2_p64_o64,1.327,0.232258064516129
1790837932,259,5,steady,gpt2_p512_o512,0.163,0.0853080568720379
1790837932,259,5,steady,llama_p1024_o128,0,0.0
1790837932,259,5,steady,llama_p2048_o64,0.594,0.0
1790837933,260,5,steady,resnet50_image,370.33500000000004,91.3690271927075
1790837933,260,5,steady,vgg16_image,553.509,462.9532710280373
1790837933,260,5,steady,vit_base_image,131.391,122.60061919504642
1790837933,260,5,steady,gpt2_p64_o64,1.327,0.232258064516129
1790837933,260,5,steady,gpt2_p512_o512,0.163,0.0853080568720379
1790837933,260,5,steady,llama_p1024_o128,0,0.0
1790837933,260,5,steady,llama_p2048_o64,0.594,0.0
1790837934,261,5,steady,resnet50_image,370.33500000000004,91.3690271927075
1790837934,261,5,steady,vgg16_image,553.509,462.9532710280373
1790837934,261,5,steady,vit_base_image,131.391,122.60061919504642
1790837934,261,5,steady,gpt2_p64_o64,1.327,0.232258064516129
1790837934,261,5,steady,gpt2_p512_o512,0.163,0.0853080568720379
1790837934,261,5,steady,llama_p1024_o128,0,0.0
1790837934,261,5,steady,llama_p2048_o64,0.594,0.0
1790837935,262,5,steady,resnet50_image,370.33500000000004,91.3690271927075
1790837935,262,5,steady,vgg16_image,553.509,462.9532710280373
1790837935,262,5,steady,vit_base_image,131.391,122.60061919504642
1790837935,262,5,steady,gpt2_p64_o64,1.327,0.232258064516129
1790837935,262,5,steady,gpt2_p512_o512,0.163,0.0853080568720379
1790837935,262,5,steady,llama_p1024_o128,0,0.0
1790837935,262,5,steady,llama_p2048_o64,0.594,0.0
1790837936,263,5,steady,resnet50_image,370.33500000000004,91.3690271927075
1790837936,263,5,steady,vgg16_image,553.509,462.9532710280373
1790837936,263,5,steady,vit_base_image,131.391,122.60061919504642
1790837936,263,5,steady,gpt2_p64_o64,1.327,0.232258064516129
1790837936,263,5,steady,gpt2_p512_o512,0.163,0.0853080568720379
1790837936,263,5,steady,llama_p1024_o128,0,0.0
1790837936,263,5,steady,llama_p2048_o64,0.594,0.0
1790837937,264,,,resnet50_image,370.33500000000004,
1790837937,264,,,vgg16_image,553.509,
1790837937,264,,,vit_base_image,131.391,
1790837937,264,,,gpt2_p64_o64,1.327,
1790837937,264,,,gpt2_p512_o512,0.163,
1790837937,264,,,llama_p1024_o128,0,
1790837937,264,,,llama_p2048_o64,0.594,
1790837938,265,,,resnet50_image,370.33500000000004,
1790837938,265,,,vgg16_image,553.509,
1790837938,265,,,vit_base_image,131.391,
1790837938,265,,,gpt2_p64_o64,1.327,
1790837938,265,,,gpt2_p512_o512,0.163,
1790837938,265,,,llama_p1024_o128,0,
1790837938,265,,,llama_p2048_o64,0.594,
1790837939,266,,,resnet50_image,370.33500000000004,
1790837939,266,,,vgg16_image,553.509,
1790837939,266,,,vit_base_image,131.391,
1790837939,266,,,gpt2_p64_o64,1.327,
1790837939,266,,,gpt2_p512_o512,0.163,
1790837939,266,,,llama_p1024_o128,0,
1790837939,266,,,llama_p2048_o64,0.594,
1790837940,267,,,resnet50_image,370.33500000000004,
1790837940,267,,,vgg16_image,553.509,
1790837940,267,,,vit_base_image,131.391,
1790837940,267,,,gpt2_p64_o64,1.327,
1790837940,267,,,gpt2_p512_o512,0.163,
1790837940,267,,,llama_p1024_o128,0,
1790837940,267,,,llama_p2048_o64,0.594,
1790837941,268,,,resnet50_image,370.33500000000004,
1790837941,268,,,vgg16_image,553.509,
1790837941,268,,,vit_base_image,131.391,
1790837941,268,,,gpt2_p64_o64,1.327,
1790837941,268,,,gpt2_p512_o512,0.163,
1790837941,268,,,llama_p1024_o128,0,
1790837941,268,,,llama_p2048_o64,0.594,
1790837942,269,,,resnet50_image,370.33500000000004,
1790837942,269,,,vgg16_image,553.509,
1790837942,269,,,vit_base_image,131.391,
1790837942,269,,,gpt2_p64_o64,1.327,
1790837942,269,,,gpt2_p512_o512,0.163,
1790837942,269,,,llama_p1024_o128,0,
1790837942,269,,,llama_p2048_o64,0.594,
1790837943,270,,,resnet50_image,370.33500000000004,
1790837943,270,,,vgg16_image,553.509,
1790837943,270,,,vit_base_image,131.391,
1790837943,270,,,gpt2_p64_o64,1.327,
1790837943,270,,,gpt2_p512_o512,0.163,
1790837943,270,,,llama_p1024_o128,0,
1790837943,270,,,llama_p2048_o64,0.594,
1790837944,271,,,resnet50_image,370.33500000000004,
1790837944,271,,,vgg16_image,553.509,
1790837944,271,,,vit_base_image,131.391,
1790837944,271,,,gpt2_p64_o64,1.327,
1790837944,271,,,gpt2_p512_o512,0.163,
1790837944,271,,,llama_p1024_o128,0,
1790837944,271,,,llama_p2048_o64,0.594,
1790837945,272,,,resnet50_image,370.33500000000004,
1790837945,272,,,vgg16_image,553.509,
1790837945,272,,,vit_base_image,131.391,
1790837945,272,,,gpt2_p64_o64,1.327,
1790837945,272,,,gpt2_p512_o512,0.163,
1790837945,272,,,llama_p1024_o128,0,
1790837945,272,,,llama_p2048_o64,0.594,
1790837946,273,,,resnet50_image,370.33500000000004,
1790837946,273,,,vgg16_image,553.509,
1790837946,273,,,vit_base_image,131.391,
1790837946,273,,,gpt2_p64_o64,1.327,
1790837946,273,,,gpt2_p512_o512,0.163,
1790837946,273,,,llama_p1024_o128,0,
1790837946,273,,,llama_p2048_o64,0.594,
1790837947,274,,,resnet50_image,370.33500000000004,
1790837947,274,,,vgg16_image,553.509,
1790837947,274,,,vit_base_image,131.391,
1790837947,274,,,gpt2_p64_o64,1.327,
1790837947,274,,,gpt2_p512_o512,0.163,
1790837947,274,,,llama_p1024_o128,0,
1790837947,274,,,llama_p2048_o64,0.594,
1790837948,275,,,resnet50_image,370.33500000000004,
1790837948,275,,,vgg16_image,553.509,
1790837948,275,,,vit_base_image,131.391,
1790837948,275,,,gpt2_p64_o64,1.327,
1790837948,275,,,gpt2_p512_o512,0.163,
1790837948,275,,,llama_p1024_o128,0,
1790837948,275,,,llama_p2048_o64,0.594,
1790837949,276,,,resnet50_image,370.33500000000004,
1790837949,276,,,vgg16_image,553.509,
1790837949,276,,,vit_base_image,131.391,
1790837949,276,,,gpt2_p64_o64,1.327,
1790837949,276,,,gpt2_p512_o512,0.163,
1790837949,276,,,llama_p1024_o128,0,
1790837949,276,,,llama_p2048_o64,0.594,
1790837950,277,,,resnet50_image,370.33500000000004,
1790837950,277,,,vgg16_image,553.509,
1790837950,277,,,vit_base_image,131.391,
1790837950,277,,,gpt2_p64_o64,1.327,
1790837950,277,,,gpt2_p512_o512,0.163,
1790837950,277,,,llama_p1024_o128,0,
1790837950,277,,,llama_p2048_o64,0.594,
1790837951,278,,,resnet50_image,370.33500000000004,
1790837951,278,,,vgg16_image,553.509,
1790837951,278,,,vit_base_image,131.391,
1790837951,278,,,gpt2_p64_o64,1.327,
1790837951,278,,,gpt2_p512_o512,0.163,
1790837951,278,,,llama_p1024_o128,0,
1790837951,278,,,llama_p2048_o64,0.594,
1790837952,279,,,resnet50_image,370.33500000000004,
1790837952,279,,,vgg16_image,553.509,
1790837952,279,,,vit_base_image,131.391,
1790837952,279,,,gpt2_p64_o64,1.327,
1790837952,279,,,gpt2_p512_o512,0.163,
1790837952,279,,,llama_p1024_o128,0,
1790837952,279,,,llama_p2048_o64,0.594,
1790837953,280,,,resnet50_image,370.33500000000004,
1790837953,280,,,vgg16_image,553.509,
1790837953,280,,,vit_base_image,131.391,
1790837953,280,,,gpt2_p64_o64,1.327,
1790837953,280,,,gpt2_p512_o512,0.163,
1790837953,280,,,llama_p1024_o128,0,
1790837953,280,,,llama_p2048_o64,0.594,
1790837954,281,,,resnet50_image,370.33500000000004,
1790837954,281,,,vgg16_image,553.509,
1790837954,281,,,vit_base_image,131.391,
1790837954,281,,,gpt2_p64_o64,1.327,
1790837954,281,,,gpt2_p512_o512,0.163,
1790837954,281,,,llama_p1024_o128,0,
1790837954,281,,,llama_p2048_o64,0.594,
1790837955,282,,,resnet50_image,370.33500000000004,
1790837955,282,,,vgg16_image,553.509,
1790837955,282,,,vit_base_image,131.391,
1790837955,282,,,gpt2_p64_o64,1.327,
1790837955,282,,,gpt2_p512_o512,0.163,
1790837955,282,,,llama_p1024_o128,0,
1790837955,282,,,llama_p2048_o64,0.594,
1790837956,283,,,resnet50_image,370.33500000000004,
1790837956,283,,,vgg16_image,553.509,
1790837956,283,,,vit_base_image,131.391,
1790837956,283,,,gpt2_p64_o64,1.327,
1790837956,283,,,gpt2_p512_o512,0.163,
1790837956,283,,,llama_p1024_o128,0,
1790837956,283,,,llama_p2048_o64,0.594,
1790837957,284,6,transition,resnet50_image,370.33500000000004,66.79901619663318
1790837957,284,6,transition,vgg16_image,553.509,460.7999999999999
1790837957,284,6,transition,vit_base_image,131.391,73.56037151702786
1790837957,284,6,transition,gpt2_p64_o64,1.327,0.232258064516129
1790837957,284,6,transition,gpt2_p512_o512,0.163,0.0
1790837957,284,6,transition,llama_p1024_o128,0,0.0
1790837957,284,6,transition,llama_p2048_o64,0.594,0.0
1790837958,285,6,transition,resnet50_image,370.33500000000004,66.79901619663318
1790837958,285,6,transition,vgg16_image,553.509,460.7999999999999
1790837958,285,6,transition,vit_base_image,131.391,73.56037151702786
1790837958,285,6,transition,gpt2_p64_o64,1.327,0.232258064516129
1790837958,285,6,transition,gpt2_p512_o512,0.163,0.0
1790837958,285,6,transition,llama_p1024_o128,0,0.0
1790837958,285,6,transition,llama_p2048_o64,0.594,0.0
1790837959,286,6,transition,resnet50_image,370.33500000000004,66.79901619663318
1790837959,286,6,transition,vgg16_image,553.509,460.7999999999999
1790837959,286,6,transition,vit_base_image,131.391,73.56037151702786
1790837959,286,6,transition,gpt2_p64_o64,1.327,0.232258064516129
1790837959,286,6,transition,gpt2_p512_o512,0.163,0.0
1790837959,286,6,transition,llama_p1024_o128,0,0.0
1790837959,286,6,transition,llama_p2048_o64,0.594,0.0
1790837960,287,6,transition,resnet50_image,370.33500000000004,66.79901619663318
1790837960,287,6,transition,vgg16_image,553.509,460.7999999999999
1790837960,287,6,transition,vit_base_image,131.391,73.56037151702786
1790837960,287,6,transition,gpt2_p64_o64,1.327,0.232258064516129
1790837960,287,6,transition,gpt2_p512_o512,0.163,0.0
1790837960,287,6,transition,llama_p1024_o128,0,0.0
1790837960,287,6,transition,llama_p2048_o64,0.594,0.0
1790837961,288,6,transition,resnet50_image,370.33500000000004,66.79901619663318
1790837961,288,6,transition,vgg16_image,553.509,460.7999999999999
1790837961,288,6,transition,vit_base_image,131.391,73.56037151702786
1790837961,288,6,transition,gpt2_p64_o64,1.327,0.232258064516129
1790837961,288,6,transition,gpt2_p512_o512,0.163,0.0
1790837961,288,6,transition,llama_p1024_o128,0,0.0
1790837961,288,6,transition,llama_p2048_o64,0.594,0.0
1790837962,289,6,transition,resnet50_image,370.33500000000004,66.79901619663318
1790837962,289,6,transition,vgg16_image,553.509,460.7999999999999
1790837962,289,6,transition,vit_base_image,131.391,73.56037151702786
1790837962,289,6,transition,gpt2_p64_o64,1.327,0.232258064516129
1790837962,289,6,transition,gpt2_p512_o512,0.163,0.0
1790837962,289,6,transition,llama_p1024_o128,0,0.0
1790837962,289,6,transition,llama_p2048_o64,0.594,0.0
1790837963,290,6,transition,resnet50_image,370.33500000000004,66.79901619663318
1790837963,290,6,transition,vgg16_image,553.509,460.7999999999999
1790837963,290,6,transition,vit_base_image,131.391,73.56037151702786
1790837963,290,6,transition,gpt2_p64_o64,1.327,0.232258064516129
1790837963,290,6,transition,gpt2_p512_o512,0.163,0.0
1790837963,290,6,transition,llama_p1024_o128,0,0.0
1790837963,290,6,transition,llama_p2048_o64,0.594,0.0
1790837964,291,6,transition,resnet50_image,370.33500000000004,66.79901619663318
1790837964,291,6,transition,vgg16_image,553.509,460.7999999999999
1790837964,291,6,transition,vit_base_image,131.391,73.56037151702786
1790837964,291,6,transition,gpt2_p64_o64,1.327,0.232258064516129
1790837964,291,6,transition,gpt2_p512_o512,0.163,0.0
1790837964,291,6,transition,llama_p1024_o128,0,0.0
1790837964,291,6,transition,llama_p2048_o64,0.594,0.0
1790837965,292,6,transition,resnet50_image,370.33500000000004,66.79901619663318
1790837965,292,6,transition,vgg16_image,553.509,460.7999999999999
1790837965,292,6,transition,vit_base_image,131.391,73.56037151702786
1790837965,292,6,transition,gpt2_p64_o64,1.327,0.232258064516129
1790837965,292,6,transition,gpt2_p512_o512,0.163,0.0
1790837965,292,6,transition,llama_p1024_o128,0,0.0
1790837965,292,6,transition,llama_p2048_o64,0.594,0.0
1790837966,293,6,transition,resnet50_image,370.33500000000004,66.79901619663318
1790837966,293,6,transition,vgg16_image,553.509,460.7999999999999
1790837966,293,6,transition,vit_base_image,131.391,73.56037151702786
1790837966,293,6,transition,gpt2_p64_o64,1.327,0.232258064516129
1790837966,293,6,transition,gpt2_p512_o512,0.163,0.0
1790837966,293,6,transition,llama_p1024_o128,0,0.0
1790837966,293,6,transition,llama_p2048_o64,0.594,0.0
1790837967,294,6,transition,resnet50_image,0,66.79901619663318
1790837967,294,6,transition,vgg16_image,553.509,460.7999999999999
1790837967,294,6,transition,vit_base_image,84.865,73.56037151702786
1790837967,294,6,transition,gpt2_p64_o64,0,0.232258064516129
1790837967,294,6,transition,gpt2_p512_o512,0,0.0
1790837967,294,6,transition,llama_p1024_o128,0,0.0
1790837967,294,6,transition,llama_p2048_o64,0,0.0
1790837968,295,6,transition,resnet50_image,0,66.79901619663318
1790837968,295,6,transition,vgg16_image,553.509,460.7999999999999
1790837968,295,6,transition,vit_base_image,84.865,73.56037151702786
1790837968,295,6,transition,gpt2_p64_o64,0,0.232258064516129
1790837968,295,6,transition,gpt2_p512_o512,0,0.0
1790837968,295,6,transition,llama_p1024_o128,0,0.0
1790837968,295,6,transition,llama_p2048_o64,0,0.0
1790837969,296,6,transition,resnet50_image,0,66.79901619663318
1790837969,296,6,transition,vgg16_image,553.509,460.7999999999999
1790837969,296,6,transition,vit_base_image,84.865,73.56037151702786
1790837969,296,6,transition,gpt2_p64_o64,0,0.232258064516129
1790837969,296,6,transition,gpt2_p512_o512,0,0.0
1790837969,296,6,transition,llama_p1024_o128,0,0.0
1790837969,296,6,transition,llama_p2048_o64,0,0.0
1790837970,297,6,transition,resnet50_image,0,66.79901619663318
1790837970,297,6,transition,vgg16_image,553.509,460.7999999999999
1790837970,297,6,transition,vit_base_image,84.865,73.56037151702786
1790837970,297,6,transition,gpt2_p64_o64,0,0.232258064516129
1790837970,297,6,transition,gpt2_p512_o512,0,0.0
1790837970,297,6,transition,llama_p1024_o128,0,0.0
1790837970,297,6,transition,llama_p2048_o64,0,0.0
1790837971,298,6,transition,resnet50_image,0,66.79901619663318
1790837971,298,6,transition,vgg16_image,553.509,460.7999999999999
1790837971,298,6,transition,vit_base_image,84.865,73.56037151702786
1790837971,298,6,transition,gpt2_p64_o64,0,0.232258064516129
1790837971,298,6,transition,gpt2_p512_o512,0,0.0
1790837971,298,6,transition,llama_p1024_o128,0,0.0
1790837971,298,6,transition,llama_p2048_o64,0,0.0
1790837972,299,6,transition,resnet50_image,0,66.79901619663318
1790837972,299,6,transition,vgg16_image,553.509,460.7999999999999
1790837972,299,6,transition,vit_base_image,84.865,73.56037151702786
1790837972,299,6,transition,gpt2_p64_o64,0,0.232258064516129
1790837972,299,6,transition,gpt2_p512_o512,0,0.0
1790837972,299,6,transition,llama_p1024_o128,0,0.0
1790837972,299,6,transition,llama_p2048_o64,0,0.0
1790837973,300,6,transition,resnet50_image,0,66.79901619663318
1790837973,300,6,transition,vgg16_image,553.509,460.7999999999999
1790837973,300,6,transition,vit_base_image,84.865,73.56037151702786
1790837973,300,6,transition,gpt2_p64_o64,0,0.232258064516129
1790837973,300,6,transition,gpt2_p512_o512,0,0.0
1790837973,300,6,transition,llama_p1024_o128,0,0.0
1790837973,300,6,transition,llama_p2048_o64,0,0.0
1790837974,301,6,transition,resnet50_image,0,66.79901619663318
1790837974,301,6,transition,vgg16_image,553.509,460.7999999999999
1790837974,301,6,transition,vit_base_image,84.865,73.56037151702786
1790837974,301,6,transition,gpt2_p64_o64,0,0.232258064516129
1790837974,301,6,transition,gpt2_p512_o512,0,0.0
1790837974,301,6,transition,llama_p1024_o128,0,0.0
1790837974,301,6,transition,llama_p2048_o64,0,0.0
1790837975,302,6,transition,resnet50_image,0,66.79901619663318
1790837975,302,6,transition,vgg16_image,553.509,460.7999999999999
1790837975,302,6,transition,vit_base_image,84.865,73.56037151702786
1790837975,302,6,transition,gpt2_p64_o64,0,0.232258064516129
1790837975,302,6,transition,gpt2_p512_o512,0,0.0
1790837975,302,6,transition,llama_p1024_o128,0,0.0
1790837975,302,6,transition,llama_p2048_o64,0,0.0
1790837976,303,6,transition,resnet50_image,0,66.79901619663318
1790837976,303,6,transition,vgg16_image,553.509,460.7999999999999
1790837976,303,6,transition,vit_base_image,84.865,73.56037151702786
1790837976,303,6,transition,gpt2_p64_o64,0,0.232258064516129
1790837976,303,6,transition,gpt2_p512_o512,0,0.0
1790837976,303,6,transition,llama_p1024_o128,0,0.0
1790837976,303,6,transition,llama_p2048_o64,0,0.0
1790837977,304,6,transition,resnet50_image,0,66.79901619663318
1790837977,304,6,transition,vgg16_image,553.509,460.7999999999999
1790837977,304,6,transition,vit_base_image,84.865,73.56037151702786
1790837977,304,6,transition,gpt2_p64_o64,0,0.232258064516129
1790837977,304,6,transition,gpt2_p512_o512,0,0.0
1790837977,304,6,transition,llama_p1024_o128,0,0.0
1790837977,304,6,transition,llama_p2048_o64,0,0.0
1790837978,305,6,transition,resnet50_image,0,66.79901619663318
1790837978,305,6,transition,vgg16_image,553.509,460.7999999999999
1790837978,305,6,transition,vit_base_image,84.865,73.56037151702786
1790837978,305,6,transition,gpt2_p64_o64,0,0.232258064516129
1790837978,305,6,transition,gpt2_p512_o512,0,0.0
1790837978,305,6,transition,llama_p1024_o128,0,0.0
1790837978,305,6,transition,llama_p2048_o64,0,0.0
1790837979,306,6,transition,resnet50_image,0,66.79901619663318
1790837979,306,6,transition,vgg16_image,553.509,460.7999999999999
1790837979,306,6,transition,vit_base_image,84.865,73.56037151702786
1790837979,306,6,transition,gpt2_p64_o64,0,0.232258064516129
1790837979,306,6,transition,gpt2_p512_o512,0,0.0
1790837979,306,6,transition,llama_p1024_o128,0,0.0
1790837979,306,6,transition,llama_p2048_o64,0,0.0
1790837980,307,6,transition,resnet50_image,0,66.79901619663318
1790837980,307,6,transition,vgg16_image,553.509,460.7999999999999
1790837980,307,6,transition,vit_base_image,84.865,73.56037151702786
1790837980,307,6,transition,gpt2_p64_o64,0,0.232258064516129
1790837980,307,6,transition,gpt2_p512_o512,0,0.0
1790837980,307,6,transition,llama_p1024_o128,0,0.0
1790837980,307,6,transition,llama_p2048_o64,0,0.0
1790837981,308,6,transition,resnet50_image,0,66.79901619663318
1790837981,308,6,transition,vgg16_image,553.509,460.7999999999999
1790837981,308,6,transition,vit_base_image,84.865,73.56037151702786
1790837981,308,6,transition,gpt2_p64_o64,0,0.232258064516129
1790837981,308,6,transition,gpt2_p512_o512,0,0.0
1790837981,308,6,transition,llama_p1024_o128,0,0.0
1790837981,308,6,transition,llama_p2048_o64,0,0.0
1790837982,309,6,transition,resnet50_image,0,66.79901619663318
1790837982,309,6,transition,vgg16_image,553.509,460.7999999999999
1790837982,309,6,transition,vit_base_image,84.865,73.56037151702786
1790837982,309,6,transition,gpt2_p64_o64,0,0.232258064516129
1790837982,309,6,transition,gpt2_p512_o512,0,0.0
1790837982,309,6,transition,llama_p1024_o128,0,0.0
1790837982,309,6,transition,llama_p2048_o64,0,0.0
1790837983,310,6,transition,resnet50_image,176.875,66.79901619663318
1790837983,310,6,transition,vgg16_image,553.509,460.7999999999999
1790837983,310,6,transition,vit_base_image,84.865,73.56037151702786
1790837983,310,6,transition,gpt2_p64_o64,0,0.232258064516129
1790837983,310,6,transition,gpt2_p512_o512,0,0.0
1790837983,310,6,transition,llama_p1024_o128,0,0.0
1790837983,310,6,transition,llama_p2048_o64,0,0.0
1790837984,311,6,transition,resnet50_image,176.875,66.79901619663318
1790837984,311,6,transition,vgg16_image,553.509,460.7999999999999
1790837984,311,6,transition,vit_base_image,84.865,73.56037151702786
1790837984,311,6,transition,gpt2_p64_o64,0,0.232258064516129
1790837984,311,6,transition,gpt2_p512_o512,0,0.0
1790837984,311,6,transition,llama_p1024_o128,0,0.0
1790837984,311,6,transition,llama_p2048_o64,0,0.0
1790837985,312,6,transition,resnet50_image,176.875,66.79901619663318
1790837985,312,6,transition,vgg16_image,553.509,460.7999999999999
1790837985,312,6,transition,vit_base_image,84.865,73.56037151702786
1790837985,312,6,transition,gpt2_p64_o64,1.327,0.232258064516129
1790837985,312,6,transition,gpt2_p512_o512,0,0.0
1790837985,312,6,transition,llama_p1024_o128,0,0.0
1790837985,312,6,transition,llama_p2048_o64,0,0.0
1790837986,313,6,transition,resnet50_image,176.875,66.79901619663318
1790837986,313,6,transition,vgg16_image,553.509,460.7999999999999
1790837986,313,6,transition,vit_base_image,84.865,73.56037151702786
1790837986,313,6,transition,gpt2_p64_o64,1.327,0.232258064516129
1790837986,313,6,transition,gpt2_p512_o512,0,0.0
1790837986,313,6,transition,llama_p1024_o128,0,0.0
1790837986,313,6,transition,llama_p2048_o64,0,0.0
1790837987,314,6,transition,resnet50_image,176.875,66.79901619663318
1790837987,314,6,transition,vgg16_image,553.509,460.7999999999999
1790837987,314,6,transition,vit_base_image,84.865,73.56037151702786
1790837987,314,6,transition,gpt2_p64_o64,1.327,0.232258064516129
1790837987,314,6,transition,gpt2_p512_o512,0,0.0
1790837987,314,6,transition,llama_p1024_o128,0,0.0
1790837987,314,6,transition,llama_p2048_o64,0,0.0
1790837988,315,6,transition,resnet50_image,176.875,66.79901619663318
1790837988,315,6,transition,vgg16_image,553.509,460.7999999999999
1790837988,315,6,transition,vit_base_image,84.865,73.56037151702786
1790837988,315,6,transition,gpt2_p64_o64,1.327,0.232258064516129
1790837988,315,6,transition,gpt2_p512_o512,0,0.0
1790837988,315,6,transition,llama_p1024_o128,0,0.0
1790837988,315,6,transition,llama_p2048_o64,0,0.0
1790837989,316,6,transition,resnet50_image,176.875,66.79901619663318
1790837989,316,6,transition,vgg16_image,553.509,460.7999999999999
1790837989,316,6,transition,vit_base_image,84.865,73.56037151702786
1790837989,316,6,transition,gpt2_p64_o64,1.327,0.232258064516129
1790837989,316,6,transition,gpt2_p512_o512,0,0.0
1790837989,316,6,transition,llama_p1024_o128,0,0.0
1790837989,316,6,transition,llama_p2048_o64,0,0.0
1790837990,317,6,steady,resnet50_image,176.875,66.79901619663318
1790837990,317,6,steady,vgg16_image,553.509,460.7999999999999
1790837990,317,6,steady,vit_base_image,84.865,73.56037151702786
1790837990,317,6,steady,gpt2_p64_o64,1.327,0.232258064516129
1790837990,317,6,steady,gpt2_p512_o512,0,0.0
1790837990,317,6,steady,llama_p1024_o128,0,0.0
1790837990,317,6,steady,llama_p2048_o64,0,0.0
1790837991,318,6,steady,resnet50_image,176.875,66.79901619663318
1790837991,318,6,steady,vgg16_image,553.509,460.7999999999999
1790837991,318,6,steady,vit_base_image,84.865,73.56037151702786
1790837991,318,6,steady,gpt2_p64_o64,1.327,0.232258064516129
1790837991,318,6,steady,gpt2_p512_o512,0,0.0
1790837991,318,6,steady,llama_p1024_o128,0,0.0
1790837991,318,6,steady,llama_p2048_o64,0,0.0
1790837992,319,6,steady,resnet50_image,176.875,66.79901619663318
1790837992,319,6,steady,vgg16_image,553.509,460.7999999999999
1790837992,319,6,steady,vit_base_image,84.865,73.56037151702786
1790837992,319,6,steady,gpt2_p64_o64,1.327,0.232258064516129
1790837992,319,6,steady,gpt2_p512_o512,0,0.0
1790837992,319,6,steady,llama_p1024_o128,0,0.0
1790837992,319,6,steady,llama_p2048_o64,0,0.0
1790837993,320,6,steady,resnet50_image,176.875,66.79901619663318
1790837993,320,6,steady,vgg16_image,553.509,460.7999999999999
1790837993,320,6,steady,vit_base_image,84.865,73.56037151702786
1790837993,320,6,steady,gpt2_p64_o64,1.327,0.232258064516129
1790837993,320,6,steady,gpt2_p512_o512,0,0.0
1790837993,320,6,steady,llama_p1024_o128,0,0.0
1790837993,320,6,steady,llama_p2048_o64,0,0.0
1790837994,321,6,steady,resnet50_image,176.875,66.79901619663318
1790837994,321,6,steady,vgg16_image,553.509,460.7999999999999
1790837994,321,6,steady,vit_base_image,84.865,73.56037151702786
1790837994,321,6,steady,gpt2_p64_o64,1.327,0.232258064516129
1790837994,321,6,steady,gpt2_p512_o512,0,0.0
1790837994,321,6,steady,llama_p1024_o128,0,0.0
1790837994,321,6,steady,llama_p2048_o64,0,0.0
1790837995,322,6,steady,resnet50_image,176.875,66.79901619663318
1790837995,322,6,steady,vgg16_image,553.509,460.7999999999999
1790837995,322,6,steady,vit_base_image,84.865,73.56037151702786
1790837995,322,6,steady,gpt2_p64_o64,1.327,0.232258064516129
1790837995,322,6,steady,gpt2_p512_o512,0,0.0
1790837995,322,6,steady,llama_p1024_o128,0,0.0
1790837995,322,6,steady,llama_p2048_o64,0,0.0
1790837996,323,6,steady,resnet50_image,176.875,66.79901619663318
1790837996,323,6,steady,vgg16_image,553.509,460.7999999999999
1790837996,323,6,steady,vit_base_image,84.865,73.56037151702786
1790837996,323,6,steady,gpt2_p64_o64,1.327,0.232258064516129
1790837996,323,6,steady,gpt2_p512_o512,0,0.0
1790837996,323,6,steady,llama_p1024_o128,0,0.0
1790837996,323,6,steady,llama_p2048_o64,0,0.0
1790837997,324,6,steady,resnet50_image,176.875,66.79901619663318
1790837997,324,6,steady,vgg16_image,553.509,460.7999999999999
1790837997,324,6,steady,vit_base_image,84.865,73.56037151702786
1790837997,324,6,steady,gpt2_p64_o64,1.327,0.232258064516129
1790837997,324,6,steady,gpt2_p512_o512,0,0.0
1790837997,324,6,steady,llama_p1024_o128,0,0.0
1790837997,324,6,steady,llama_p2048_o64,0,0.0
1790837998,325,6,steady,resnet50_image,176.875,66.79901619663318
1790837998,325,6,steady,vgg16_image,553.509,460.7999999999999
1790837998,325,6,steady,vit_base_image,84.865,73.56037151702786
1790837998,325,6,steady,gpt2_p64_o64,1.327,0.232258064516129
1790837998,325,6,steady,gpt2_p512_o512,0,0.0
1790837998,325,6,steady,llama_p1024_o128,0,0.0
1790837998,325,6,steady,llama_p2048_o64,0,0.0
1790837999,326,6,steady,resnet50_image,176.875,66.79901619663318
1790837999,326,6,steady,vgg16_image,553.509,460.7999999999999
1790837999,326,6,steady,vit_base_image,84.865,73.56037151702786
1790837999,326,6,steady,gpt2_p64_o64,1.327,0.232258064516129
1790837999,326,6,steady,gpt2_p512_o512,0,0.0
1790837999,326,6,steady,llama_p1024_o128,0,0.0
1790837999,326,6,steady,llama_p2048_o64,0,0.0
1790838000,327,6,steady,resnet50_image,176.875,66.79901619663318
1790838000,327,6,steady,vgg16_image,553.509,460.7999999999999
1790838000,327,6,steady,vit_base_image,84.865,73.56037151702786
1790838000,327,6,steady,gpt2_p64_o64,1.327,0.232258064516129
1790838000,327,6,steady,gpt2_p512_o512,0,0.0
1790838000,327,6,steady,llama_p1024_o128,0,0.0
1790838000,327,6,steady,llama_p2048_o64,0,0.0
1790838001,328,6,steady,resnet50_image,176.875,66.79901619663318
1790838001,328,6,steady,vgg16_image,553.509,460.7999999999999
1790838001,328,6,steady,vit_base_image,84.865,73.56037151702786
1790838001,328,6,steady,gpt2_p64_o64,1.327,0.232258064516129
1790838001,328,6,steady,gpt2_p512_o512,0,0.0
1790838001,328,6,steady,llama_p1024_o128,0,0.0
1790838001,328,6,steady,llama_p2048_o64,0,0.0
1790838002,329,6,steady,resnet50_image,176.875,66.79901619663318
1790838002,329,6,steady,vgg16_image,553.509,460.7999999999999
1790838002,329,6,steady,vit_base_image,84.865,73.56037151702786
1790838002,329,6,steady,gpt2_p64_o64,1.327,0.232258064516129
1790838002,329,6,steady,gpt2_p512_o512,0,0.0
1790838002,329,6,steady,llama_p1024_o128,0,0.0
1790838002,329,6,steady,llama_p2048_o64,0,0.0
1790838003,330,6,steady,resnet50_image,176.875,66.79901619663318
1790838003,330,6,steady,vgg16_image,553.509,460.7999999999999
1790838003,330,6,steady,vit_base_image,84.865,73.56037151702786
1790838003,330,6,steady,gpt2_p64_o64,1.327,0.232258064516129
1790838003,330,6,steady,gpt2_p512_o512,0,0.0
1790838003,330,6,steady,llama_p1024_o128,0,0.0
1790838003,330,6,steady,llama_p2048_o64,0,0.0
1790838004,331,6,steady,resnet50_image,176.875,66.79901619663318
1790838004,331,6,steady,vgg16_image,553.509,460.7999999999999
1790838004,331,6,steady,vit_base_image,84.865,73.56037151702786
1790838004,331,6,steady,gpt2_p64_o64,1.327,0.232258064516129
1790838004,331,6,steady,gpt2_p512_o512,0,0.0
1790838004,331,6,steady,llama_p1024_o128,0,0.0
1790838004,331,6,steady,llama_p2048_o64,0,0.0
1790838005,332,6,steady,resnet50_image,176.875,66.79901619663318
1790838005,332,6,steady,vgg16_image,553.509,460.7999999999999
1790838005,332,6,steady,vit_base_image,84.865,73.56037151702786
1790838005,332,6,steady,gpt2_p64_o64,1.327,0.232258064516129
1790838005,332,6,steady,gpt2_p512_o512,0,0.0
1790838005,332,6,steady,llama_p1024_o128,0,0.0
1790838005,332,6,steady,llama_p2048_o64,0,0.0
1790838006,333,6,steady,resnet50_image,176.875,66.79901619663318
1790838006,333,6,steady,vgg16_image,553.509,460.7999999999999
1790838006,333,6,steady,vit_base_image,84.865,73.56037151702786
1790838006,333,6,steady,gpt2_p64_o64,1.327,0.232258064516129
1790838006,333,6,steady,gpt2_p512_o512,0,0.0
1790838006,333,6,steady,llama_p1024_o128,0,0.0
1790838006,333,6,steady,llama_p2048_o64,0,0.0
1790838007,334,6,steady,resnet50_image,176.875,66.79901619663318
1790838007,334,6,steady,vgg16_image,553.509,460.7999999999999
1790838007,334,6,steady,vit_base_image,84.865,73.56037151702786
1790838007,334,6,steady,gpt2_p64_o64,1.327,0.232258064516129
1790838007,334,6,steady,gpt2_p512_o512,0,0.0
1790838007,334,6,steady,llama_p1024_o128,0,0.0
1790838007,334,6,steady,llama_p2048_o64,0,0.0
1790838008,335,6,steady,resnet50_image,176.875,66.79901619663318
1790838008,335,6,steady,vgg16_image,553.509,460.7999999999999
1790838008,335,6,steady,vit_base_image,84.865,73.56037151702786
1790838008,335,6,steady,gpt2_p64_o64,1.327,0.232258064516129
1790838008,335,6,steady,gpt2_p512_o512,0,0.0
1790838008,335,6,steady,llama_p1024_o128,0,0.0
1790838008,335,6,steady,llama_p2048_o64,0,0.0
1790838009,336,6,steady,resnet50_image,176.875,66.79901619663318
1790838009,336,6,steady,vgg16_image,553.509,460.7999999999999
1790838009,336,6,steady,vit_base_image,84.865,73.56037151702786
1790838009,336,6,steady,gpt2_p64_o64,1.327,0.232258064516129
1790838009,336,6,steady,gpt2_p512_o512,0,0.0
1790838009,336,6,steady,llama_p1024_o128,0,0.0
1790838009,336,6,steady,llama_p2048_o64,0,0.0
1790838010,337,6,steady,resnet50_image,176.875,66.79901619663318
1790838010,337,6,steady,vgg16_image,553.509,460.7999999999999
1790838010,337,6,steady,vit_base_image,84.865,73.56037151702786
1790838010,337,6,steady,gpt2_p64_o64,1.327,0.232258064516129
1790838010,337,6,steady,gpt2_p512_o512,0,0.0
1790838010,337,6,steady,llama_p1024_o128,0,0.0
1790838010,337,6,steady,llama_p2048_o64,0,0.0
1790838011,338,6,steady,resnet50_image,176.875,66.79901619663318
1790838011,338,6,steady,vgg16_image,553.509,460.7999999999999
1790838011,338,6,steady,vit_base_image,84.865,73.56037151702786
1790838011,338,6,steady,gpt2_p64_o64,1.327,0.232258064516129
1790838011,338,6,steady,gpt2_p512_o512,0,0.0
1790838011,338,6,steady,llama_p1024_o128,0,0.0
1790838011,338,6,steady,llama_p2048_o64,0,0.0
1790838012,339,6,steady,resnet50_image,176.875,66.79901619663318
1790838012,339,6,steady,vgg16_image,553.509,460.7999999999999
1790838012,339,6,steady,vit_base_image,84.865,73.56037151702786
1790838012,339,6,steady,gpt2_p64_o64,1.327,0.232258064516129
1790838012,339,6,steady,gpt2_p512_o512,0,0.0
1790838012,339,6,steady,llama_p1024_o128,0,0.0
1790838012,339,6,steady,llama_p2048_o64,0,0.0
1790838013,340,6,steady,resnet50_image,176.875,66.79901619663318
1790838013,340,6,steady,vgg16_image,553.509,460.7999999999999
1790838013,340,6,steady,vit_base_image,84.865,73.56037151702786
1790838013,340,6,steady,gpt2_p64_o64,1.327,0.232258064516129
1790838013,340,6,steady,gpt2_p512_o512,0,0.0
1790838013,340,6,steady,llama_p1024_o128,0,0.0
1790838013,340,6,steady,llama_p2048_o64,0,0.0
1790838014,341,6,steady,resnet50_image,176.875,66.79901619663318
1790838014,341,6,steady,vgg16_image,553.509,460.7999999999999
1790838014,341,6,steady,vit_base_image,84.865,73.56037151702786
1790838014,341,6,steady,gpt2_p64_o64,1.327,0.232258064516129
1790838014,341,6,steady,gpt2_p512_o512,0,0.0
1790838014,341,6,steady,llama_p1024_o128,0,0.0
1790838014,341,6,steady,llama_p2048_o64,0,0.0
1790838015,342,6,steady,resnet50_image,176.875,66.79901619663318
1790838015,342,6,steady,vgg16_image,553.509,460.7999999999999
1790838015,342,6,steady,vit_base_image,84.865,73.56037151702786
1790838015,342,6,steady,gpt2_p64_o64,1.327,0.232258064516129
1790838015,342,6,steady,gpt2_p512_o512,0,0.0
1790838015,342,6,steady,llama_p1024_o128,0,0.0
1790838015,342,6,steady,llama_p2048_o64,0,0.0
1790838016,343,6,steady,resnet50_image,176.875,66.79901619663318
1790838016,343,6,steady,vgg16_image,553.509,460.7999999999999
1790838016,343,6,steady,vit_base_image,84.865,73.56037151702786
1790838016,343,6,steady,gpt2_p64_o64,1.327,0.232258064516129
1790838016,343,6,steady,gpt2_p512_o512,0,0.0
1790838016,343,6,steady,llama_p1024_o128,0,0.0
1790838016,343,6,steady,llama_p2048_o64,0,0.0
1790838017,344,6,steady,resnet50_image,176.875,66.79901619663318
1790838017,344,6,steady,vgg16_image,553.509,460.7999999999999
1790838017,344,6,steady,vit_base_image,84.865,73.56037151702786
1790838017,344,6,steady,gpt2_p64_o64,1.327,0.232258064516129
1790838017,344,6,steady,gpt2_p512_o512,0,0.0
1790838017,344,6,steady,llama_p1024_o128,0,0.0
1790838017,344,6,steady,llama_p2048_o64,0,0.0
1790838018,345,6,steady,resnet50_image,176.875,66.79901619663318
1790838018,345,6,steady,vgg16_image,553.509,460.7999999999999
1790838018,345,6,steady,vit_base_image,84.865,73.56037151702786
1790838018,345,6,steady,gpt2_p64_o64,1.327,0.232258064516129
1790838018,345,6,steady,gpt2_p512_o512,0,0.0
1790838018,345,6,steady,llama_p1024_o128,0,0.0
1790838018,345,6,steady,llama_p2048_o64,0,0.0
1790838019,346,6,steady,resnet50_image,176.875,66.79901619663318
1790838019,346,6,steady,vgg16_image,553.509,460.7999999999999
1790838019,346,6,steady,vit_base_image,84.865,73.56037151702786
1790838019,346,6,steady,gpt2_p64_o64,1.327,0.232258064516129
1790838019,346,6,steady,gpt2_p512_o512,0,0.0
1790838019,346,6,steady,llama_p1024_o128,0,0.0
1790838019,346,6,steady,llama_p2048_o64,0,0.0
1790838020,347,,,resnet50_image,176.875,
1790838020,347,,,vgg16_image,553.509,
1790838020,347,,,vit_base_image,84.865,
1790838020,347,,,gpt2_p64_o64,1.327,
1790838020,347,,,gpt2_p512_o512,0,
1790838020,347,,,llama_p1024_o128,0,
1790838020,347,,,llama_p2048_o64,0,
1790838021,348,,,resnet50_image,176.875,
1790838021,348,,,vgg16_image,553.509,
1790838021,348,,,vit_base_image,84.865,
1790838021,348,,,gpt2_p64_o64,1.327,
1790838021,348,,,gpt2_p512_o512,0,
1790838021,348,,,llama_p1024_o128,0,
1790838021,348,,,llama_p2048_o64,0,
1790838022,349,,,resnet50_image,176.875,
1790838022,349,,,vgg16_image,553.509,
1790838022,349,,,vit_base_image,84.865,
1790838022,349,,,gpt2_p64_o64,1.327,
1790838022,349,,,gpt2_p512_o512,0,
1790838022,349,,,llama_p1024_o128,0,
1790838022,349,,,llama_p2048_o64,0,
1790838023,350,,,resnet50_image,176.875,
1790838023,350,,,vgg16_image,553.509,
1790838023,350,,,vit_base_image,84.865,
1790838023,350,,,gpt2_p64_o64,1.327,
1790838023,350,,,gpt2_p512_o512,0,
1790838023,350,,,llama_p1024_o128,0,
1790838023,350,,,llama_p2048_o64,0,
1790838024,351,,,resnet50_image,176.875,
1790838024,351,,,vgg16_image,553.509,
1790838024,351,,,vit_base_image,84.865,
1790838024,351,,,gpt2_p64_o64,1.327,
1790838024,351,,,gpt2_p512_o512,0,
1790838024,351,,,llama_p1024_o128,0,
1790838024,351,,,llama_p2048_o64,0,
1790838025,352,,,resnet50_image,176.875,
1790838025,352,,,vgg16_image,553.509,
1790838025,352,,,vit_base_image,84.865,
1790838025,352,,,gpt2_p64_o64,1.327,
1790838025,352,,,gpt2_p512_o512,0,
1790838025,352,,,llama_p1024_o128,0,
1790838025,352,,,llama_p2048_o64,0,
1790838026,353,,,resnet50_image,176.875,
1790838026,353,,,vgg16_image,553.509,
1790838026,353,,,vit_base_image,84.865,
1790838026,353,,,gpt2_p64_o64,1.327,
1790838026,353,,,gpt2_p512_o512,0,
1790838026,353,,,llama_p1024_o128,0,
1790838026,353,,,llama_p2048_o64,0,
1790838027,354,,,resnet50_image,176.875,
1790838027,354,,,vgg16_image,553.509,
1790838027,354,,,vit_base_image,84.865,
1790838027,354,,,gpt2_p64_o64,1.327,
1790838027,354,,,gpt2_p512_o512,0,
1790838027,354,,,llama_p1024_o128,0,
1790838027,354,,,llama_p2048_o64,0,
1790838028,355,,,resnet50_image,176.875,
1790838028,355,,,vgg16_image,553.509,
1790838028,355,,,vit_base_image,84.865,
1790838028,355,,,gpt2_p64_o64,1.327,
1790838028,355,,,gpt2_p512_o512,0,
1790838028,355,,,llama_p1024_o128,0,
1790838028,355,,,llama_p2048_o64,0,
1790838029,356,,,resnet50_image,176.875,
1790838029,356,,,vgg16_image,553.509,
1790838029,356,,,vit_base_image,84.865,
1790838029,356,,,gpt2_p64_o64,1.327,
1790838029,356,,,gpt2_p512_o512,0,
1790838029,356,,,llama_p1024_o128,0,
1790838029,356,,,llama_p2048_o64,0,
1790838030,357,,,resnet50_image,176.875,
1790838030,357,,,vgg16_image,553.509,
1790838030,357,,,vit_base_image,84.865,
1790838030,357,,,gpt2_p64_o64,1.327,
1790838030,357,,,gpt2_p512_o512,0,
1790838030,357,,,llama_p1024_o128,0,
1790838030,357,,,llama_p2048_o64,0,
1790838031,358,,,resnet50_image,176.875,
1790838031,358,,,vgg16_image,553.509,
1790838031,358,,,vit_base_image,84.865,
1790838031,358,,,gpt2_p64_o64,1.327,
1790838031,358,,,gpt2_p512_o512,0,
1790838031,358,,,llama_p1024_o128,0,
1790838031,358,,,llama_p2048_o64,0,
1790838032,359,,,resnet50_image,176.875,
1790838032,359,,,vgg16_image,553.509,
1790838032,359,,,vit_base_image,84.865,
1790838032,359,,,gpt2_p64_o64,1.327,
1790838032,359,,,gpt2_p512_o512,0,
1790838032,359,,,llama_p1024_o128,0,
1790838032,359,,,llama_p2048_o64,0,
1790838033,360,,,resnet50_image,176.875,
1790838033,360,,,vgg16_image,553.509,
1790838033,360,,,vit_base_image,84.865,
1790838033,360,,,gpt2_p64_o64,1.327,
1790838033,360,,,gpt2_p512_o512,0,
1790838033,360,,,llama_p1024_o128,0,
1790838033,360,,,llama_p2048_o64,0,
1790838034,361,,,resnet50_image,176.875,
1790838034,361,,,vgg16_image,553.509,
1790838034,361,,,vit_base_image,84.865,
1790838034,361,,,gpt2_p64_o64,1.327,
1790838034,361,,,gpt2_p512_o512,0,
1790838034,361,,,llama_p1024_o128,0,
1790838034,361,,,llama_p2048_o64,0,
1790838035,362,,,resnet50_image,176.875,
1790838035,362,,,vgg16_image,553.509,
1790838035,362,,,vit_base_image,84.865,
1790838035,362,,,gpt2_p64_o64,1.327,
1790838035,362,,,gpt2_p512_o512,0,
1790838035,362,,,llama_p1024_o128,0,
1790838035,362,,,llama_p2048_o64,0,
1790838036,363,,,resnet50_image,176.875,
1790838036,363,,,vgg16_image,553.509,
1790838036,363,,,vit_base_image,84.865,
1790838036,363,,,gpt2_p64_o64,1.327,
1790838036,363,,,gpt2_p512_o512,0,
1790838036,363,,,llama_p1024_o128,0,
1790838036,363,,,llama_p2048_o64,0,
1790838037,364,,,resnet50_image,176.875,
1790838037,364,,,vgg16_image,553.509,
1790838037,364,,,vit_base_image,84.865,
1790838037,364,,,gpt2_p64_o64,1.327,
1790838037,364,,,gpt2_p512_o512,0,
1790838037,364,,,llama_p1024_o128,0,
1790838037,364,,,llama_p2048_o64,0,
1790838038,365,7,transition,resnet50_image,176.875,57.53197095336495
1790838038,365,7,transition,vgg16_image,553.509,460.7999999999999
1790838038,365,7,transition,vit_base_image,84.865,73.56037151702786
1790838038,365,7,transition,gpt2_p64_o64,1.327,0.0
1790838038,365,7,transition,gpt2_p512_o512,0,0.0
1790838038,365,7,transition,llama_p1024_o128,0,0.0
1790838038,365,7,transition,llama_p2048_o64,0,0.0
1790838039,366,7,transition,resnet50_image,176.875,57.53197095336495
1790838039,366,7,transition,vgg16_image,553.509,460.7999999999999
1790838039,366,7,transition,vit_base_image,84.865,73.56037151702786
1790838039,366,7,transition,gpt2_p64_o64,1.327,0.0
1790838039,366,7,transition,gpt2_p512_o512,0,0.0
1790838039,366,7,transition,llama_p1024_o128,0,0.0
1790838039,366,7,transition,llama_p2048_o64,0,0.0
1790838040,367,7,transition,resnet50_image,176.875,57.53197095336495
1790838040,367,7,transition,vgg16_image,553.509,460.7999999999999
1790838040,367,7,transition,vit_base_image,84.865,73.56037151702786
1790838040,367,7,transition,gpt2_p64_o64,1.327,0.0
1790838040,367,7,transition,gpt2_p512_o512,0,0.0
1790838040,367,7,transition,llama_p1024_o128,0,0.0
1790838040,367,7,transition,llama_p2048_o64,0,0.0
1790838041,368,7,transition,resnet50_image,176.875,57.53197095336495
1790838041,368,7,transition,vgg16_image,553.509,460.7999999999999
1790838041,368,7,transition,vit_base_image,84.865,73.56037151702786
1790838041,368,7,transition,gpt2_p64_o64,1.327,0.0
1790838041,368,7,transition,gpt2_p512_o512,0,0.0
1790838041,368,7,transition,llama_p1024_o128,0,0.0
1790838041,368,7,transition,llama_p2048_o64,0,0.0
1790838042,369,7,transition,resnet50_image,176.875,57.53197095336495
1790838042,369,7,transition,vgg16_image,553.509,460.7999999999999
1790838042,369,7,transition,vit_base_image,84.865,73.56037151702786
1790838042,369,7,transition,gpt2_p64_o64,1.327,0.0
1790838042,369,7,transition,gpt2_p512_o512,0,0.0
1790838042,369,7,transition,llama_p1024_o128,0,0.0
1790838042,369,7,transition,llama_p2048_o64,0,0.0
1790838043,370,7,transition,resnet50_image,176.875,57.53197095336495
1790838043,370,7,transition,vgg16_image,553.509,460.7999999999999
1790838043,370,7,transition,vit_base_image,84.865,73.56037151702786
1790838043,370,7,transition,gpt2_p64_o64,1.327,0.0
1790838043,370,7,transition,gpt2_p512_o512,0,0.0
1790838043,370,7,transition,llama_p1024_o128,0,0.0
1790838043,370,7,transition,llama_p2048_o64,0,0.0
1790838044,371,7,transition,resnet50_image,176.875,57.53197095336495
1790838044,371,7,transition,vgg16_image,553.509,460.7999999999999
1790838044,371,7,transition,vit_base_image,84.865,73.56037151702786
1790838044,371,7,transition,gpt2_p64_o64,1.327,0.0
1790838044,371,7,transition,gpt2_p512_o512,0,0.0
1790838044,371,7,transition,llama_p1024_o128,0,0.0
1790838044,371,7,transition,llama_p2048_o64,0,0.0
1790838045,372,7,transition,resnet50_image,176.875,57.53197095336495
1790838045,372,7,transition,vgg16_image,553.509,460.7999999999999
1790838045,372,7,transition,vit_base_image,84.865,73.56037151702786
1790838045,372,7,transition,gpt2_p64_o64,1.327,0.0
1790838045,372,7,transition,gpt2_p512_o512,0,0.0
1790838045,372,7,transition,llama_p1024_o128,0,0.0
1790838045,372,7,transition,llama_p2048_o64,0,0.0
1790838046,373,7,transition,resnet50_image,176.875,57.53197095336495
1790838046,373,7,transition,vgg16_image,553.509,460.7999999999999
1790838046,373,7,transition,vit_base_image,84.865,73.56037151702786
1790838046,373,7,transition,gpt2_p64_o64,1.327,0.0
1790838046,373,7,transition,gpt2_p512_o512,0,0.0
1790838046,373,7,transition,llama_p1024_o128,0,0.0
1790838046,373,7,transition,llama_p2048_o64,0,0.0
1790838047,374,7,transition,resnet50_image,176.875,57.53197095336495
1790838047,374,7,transition,vgg16_image,553.509,460.7999999999999
1790838047,374,7,transition,vit_base_image,84.865,73.56037151702786
1790838047,374,7,transition,gpt2_p64_o64,1.327,0.0
1790838047,374,7,transition,gpt2_p512_o512,0,0.0
1790838047,374,7,transition,llama_p1024_o128,0,0.0
1790838047,374,7,transition,llama_p2048_o64,0,0.0
1790838048,375,7,transition,resnet50_image,176.875,57.53197095336495
1790838048,375,7,transition,vgg16_image,553.509,460.7999999999999
1790838048,375,7,transition,vit_base_image,84.865,73.56037151702786
1790838048,375,7,transition,gpt2_p64_o64,1.327,0.0
1790838048,375,7,transition,gpt2_p512_o512,0,0.0
1790838048,375,7,transition,llama_p1024_o128,0,0.0
1790838048,375,7,transition,llama_p2048_o64,0,0.0
1790838049,376,7,transition,resnet50_image,176.875,57.53197095336495
1790838049,376,7,transition,vgg16_image,553.509,460.7999999999999
1790838049,376,7,transition,vit_base_image,84.865,73.56037151702786
1790838049,376,7,transition,gpt2_p64_o64,1.327,0.0
1790838049,376,7,transition,gpt2_p512_o512,0,0.0
1790838049,376,7,transition,llama_p1024_o128,0,0.0
1790838049,376,7,transition,llama_p2048_o64,0,0.0
1790838050,377,7,transition,resnet50_image,176.875,57.53197095336495
1790838050,377,7,transition,vgg16_image,553.509,460.7999999999999
1790838050,377,7,transition,vit_base_image,84.865,73.56037151702786
1790838050,377,7,transition,gpt2_p64_o64,1.327,0.0
1790838050,377,7,transition,gpt2_p512_o512,0,0.0
1790838050,377,7,transition,llama_p1024_o128,0,0.0
1790838050,377,7,transition,llama_p2048_o64,0,0.0
1790838051,378,7,transition,resnet50_image,176.875,57.53197095336495
1790838051,378,7,transition,vgg16_image,553.509,460.7999999999999
1790838051,378,7,transition,vit_base_image,84.865,73.56037151702786
1790838051,378,7,transition,gpt2_p64_o64,1.327,0.0
1790838051,378,7,transition,gpt2_p512_o512,0,0.0
1790838051,378,7,transition,llama_p1024_o128,0,0.0
1790838051,378,7,transition,llama_p2048_o64,0,0.0
1790838052,379,7,transition,resnet50_image,176.875,57.53197095336495
1790838052,379,7,transition,vgg16_image,553.509,460.7999999999999
1790838052,379,7,transition,vit_base_image,84.865,73.56037151702786
1790838052,379,7,transition,gpt2_p64_o64,1.327,0.0
1790838052,379,7,transition,gpt2_p512_o512,0,0.0
1790838052,379,7,transition,llama_p1024_o128,0,0.0
1790838052,379,7,transition,llama_p2048_o64,0,0.0
1790838053,380,7,transition,resnet50_image,176.875,57.53197095336495
1790838053,380,7,transition,vgg16_image,553.509,460.7999999999999
1790838053,380,7,transition,vit_base_image,84.865,73.56037151702786
1790838053,380,7,transition,gpt2_p64_o64,1.327,0.0
1790838053,380,7,transition,gpt2_p512_o512,0,0.0
1790838053,380,7,transition,llama_p1024_o128,0,0.0
1790838053,380,7,transition,llama_p2048_o64,0,0.0
1790838054,381,7,transition,resnet50_image,176.875,57.53197095336495
1790838054,381,7,transition,vgg16_image,553.509,460.7999999999999
1790838054,381,7,transition,vit_base_image,84.865,73.56037151702786
1790838054,381,7,transition,gpt2_p64_o64,0,0.0
1790838054,381,7,transition,gpt2_p512_o512,0,0.0
1790838054,381,7,transition,llama_p1024_o128,0,0.0
1790838054,381,7,transition,llama_p2048_o64,0,0.0
1790838055,382,7,transition,resnet50_image,176.875,57.53197095336495
1790838055,382,7,transition,vgg16_image,553.509,460.7999999999999
1790838055,382,7,transition,vit_base_image,84.865,73.56037151702786
1790838055,382,7,transition,gpt2_p64_o64,0,0.0
1790838055,382,7,transition,gpt2_p512_o512,0,0.0
1790838055,382,7,transition,llama_p1024_o128,0,0.0
1790838055,382,7,transition,llama_p2048_o64,0,0.0
1790838056,383,7,transition,resnet50_image,176.875,57.53197095336495
1790838056,383,7,transition,vgg16_image,553.509,460.7999999999999
1790838056,383,7,transition,vit_base_image,84.865,73.56037151702786
1790838056,383,7,transition,gpt2_p64_o64,0,0.0
1790838056,383,7,transition,gpt2_p512_o512,0,0.0
1790838056,383,7,transition,llama_p1024_o128,0,0.0
1790838056,383,7,transition,llama_p2048_o64,0,0.0
1790838057,384,7,transition,resnet50_image,176.875,57.53197095336495
1790838057,384,7,transition,vgg16_image,553.509,460.7999999999999
1790838057,384,7,transition,vit_base_image,84.865,73.56037151702786
1790838057,384,7,transition,gpt2_p64_o64,0,0.0
1790838057,384,7,transition,gpt2_p512_o512,0,0.0
1790838057,384,7,transition,llama_p1024_o128,0,0.0
1790838057,384,7,transition,llama_p2048_o64,0,0.0
1790838058,385,7,transition,resnet50_image,176.875,57.53197095336495
1790838058,385,7,transition,vgg16_image,553.509,460.7999999999999
1790838058,385,7,transition,vit_base_image,84.865,73.56037151702786
1790838058,385,7,transition,gpt2_p64_o64,0,0.0
1790838058,385,7,transition,gpt2_p512_o512,0,0.0
1790838058,385,7,transition,llama_p1024_o128,0,0.0
1790838058,385,7,transition,llama_p2048_o64,0,0.0
1790838059,386,7,transition,resnet50_image,176.875,57.53197095336495
1790838059,386,7,transition,vgg16_image,553.509,460.7999999999999
1790838059,386,7,transition,vit_base_image,84.865,73.56037151702786
1790838059,386,7,transition,gpt2_p64_o64,0,0.0
1790838059,386,7,transition,gpt2_p512_o512,0,0.0
1790838059,386,7,transition,llama_p1024_o128,0,0.0
1790838059,386,7,transition,llama_p2048_o64,0,0.0
1790838060,387,7,transition,resnet50_image,176.875,57.53197095336495
1790838060,387,7,transition,vgg16_image,553.509,460.7999999999999
1790838060,387,7,transition,vit_base_image,84.865,73.56037151702786
1790838060,387,7,transition,gpt2_p64_o64,0,0.0
1790838060,387,7,transition,gpt2_p512_o512,0,0.0
1790838060,387,7,transition,llama_p1024_o128,0,0.0
1790838060,387,7,transition,llama_p2048_o64,0,0.0
1790838061,388,7,transition,resnet50_image,176.875,57.53197095336495
1790838061,388,7,transition,vgg16_image,553.509,460.7999999999999
1790838061,388,7,transition,vit_base_image,84.865,73.56037151702786
1790838061,388,7,transition,gpt2_p64_o64,0,0.0
1790838061,388,7,transition,gpt2_p512_o512,0,0.0
1790838061,388,7,transition,llama_p1024_o128,0,0.0
1790838061,388,7,transition,llama_p2048_o64,0,0.0
1790838062,389,7,transition,resnet50_image,176.875,57.53197095336495
1790838062,389,7,transition,vgg16_image,553.509,460.7999999999999
1790838062,389,7,transition,vit_base_image,84.865,73.56037151702786
1790838062,389,7,transition,gpt2_p64_o64,0,0.0
1790838062,389,7,transition,gpt2_p512_o512,0,0.0
1790838062,389,7,transition,llama_p1024_o128,0,0.0
1790838062,389,7,transition,llama_p2048_o64,0,0.0
1790838063,390,7,transition,resnet50_image,176.875,57.53197095336495
1790838063,390,7,transition,vgg16_image,553.509,460.7999999999999
1790838063,390,7,transition,vit_base_image,84.865,73.56037151702786
1790838063,390,7,transition,gpt2_p64_o64,0,0.0
1790838063,390,7,transition,gpt2_p512_o512,0,0.0
1790838063,390,7,transition,llama_p1024_o128,0,0.0
1790838063,390,7,transition,llama_p2048_o64,0,0.0
1790838064,391,7,steady,resnet50_image,176.875,57.53197095336495
1790838064,391,7,steady,vgg16_image,553.509,469.7719626168224
1790838064,391,7,steady,vit_base_image,131.391,122.60061919504642
1790838064,391,7,steady,gpt2_p64_o64,0,0.0
1790838064,391,7,steady,gpt2_p512_o512,0,0.0
1790838064,391,7,steady,llama_p1024_o128,0,0.0
1790838064,391,7,steady,llama_p2048_o64,0,0.0
1790838065,392,7,steady,resnet50_image,176.875,57.53197095336495
1790838065,392,7,steady,vgg16_image,553.509,469.7719626168224
1790838065,392,7,steady,vit_base_image,131.391,122.60061919504642
1790838065,392,7,steady,gpt2_p64_o64,0,0.0
1790838065,392,7,steady,gpt2_p512_o512,0,0.0
1790838065,392,7,steady,llama_p1024_o128,0,0.0
1790838065,392,7,steady,llama_p2048_o64,0,0.0
1790838066,393,7,steady,resnet50_image,176.875,57.53197095336495
1790838066,393,7,steady,vgg16_image,553.509,469.7719626168224
1790838066,393,7,steady,vit_base_image,131.391,122.60061919504642
1790838066,393,7,steady,gpt2_p64_o64,0,0.0
1790838066,393,7,steady,gpt2_p512_o512,0,0.0
1790838066,393,7,steady,llama_p1024_o128,0,0.0
1790838066,393,7,steady,llama_p2048_o64,0,0.0
1790838067,394,7,steady,resnet50_image,176.875,57.53197095336495
1790838067,394,7,steady,vgg16_image,553.509,469.7719626168224
1790838067,394,7,steady,vit_base_image,131.391,122.60061919504642
1790838067,394,7,steady,gpt2_p64_o64,0,0.0
1790838067,394,7,steady,gpt2_p512_o512,0,0.0
1790838067,394,7,steady,llama_p1024_o128,0,0.0
1790838067,394,7,steady,llama_p2048_o64,0,0.0
1790838068,395,7,steady,resnet50_image,176.875,57.53197095336495
1790838068,395,7,steady,vgg16_image,553.509,469.7719626168224
1790838068,395,7,steady,vit_base_image,131.391,122.60061919504642
1790838068,395,7,steady,gpt2_p64_o64,0,0.0
1790838068,395,7,steady,gpt2_p512_o512,0,0.0
1790838068,395,7,steady,llama_p1024_o128,0,0.0
1790838068,395,7,steady,llama_p2048_o64,0,0.0
1790838069,396,7,steady,resnet50_image,176.875,57.53197095336495
1790838069,396,7,steady,vgg16_image,553.509,469.7719626168224
1790838069,396,7,steady,vit_base_image,131.391,122.60061919504642
1790838069,396,7,steady,gpt2_p64_o64,0,0.0
1790838069,396,7,steady,gpt2_p512_o512,0,0.0
1790838069,396,7,steady,llama_p1024_o128,0,0.0
1790838069,396,7,steady,llama_p2048_o64,0,0.0
1790838070,397,7,steady,resnet50_image,176.875,57.53197095336495
1790838070,397,7,steady,vgg16_image,553.509,469.7719626168224
1790838070,397,7,steady,vit_base_image,131.391,122.60061919504642
1790838070,397,7,steady,gpt2_p64_o64,0,0.0
1790838070,397,7,steady,gpt2_p512_o512,0,0.0
1790838070,397,7,steady,llama_p1024_o128,0,0.0
1790838070,397,7,steady,llama_p2048_o64,0,0.0
1790838071,398,7,steady,resnet50_image,176.875,57.53197095336495
1790838071,398,7,steady,vgg16_image,553.509,469.7719626168224
1790838071,398,7,steady,vit_base_image,131.391,122.60061919504642
1790838071,398,7,steady,gpt2_p64_o64,0,0.0
1790838071,398,7,steady,gpt2_p512_o512,0,0.0
1790838071,398,7,steady,llama_p1024_o128,0,0.0
1790838071,398,7,steady,llama_p2048_o64,0,0.0
1790838072,399,7,steady,resnet50_image,176.875,57.53197095336495
1790838072,399,7,steady,vgg16_image,553.509,469.7719626168224
1790838072,399,7,steady,vit_base_image,131.391,122.60061919504642
1790838072,399,7,steady,gpt2_p64_o64,0,0.0
1790838072,399,7,steady,gpt2_p512_o512,0,0.0
1790838072,399,7,steady,llama_p1024_o128,0,0.0
1790838072,399,7,steady,llama_p2048_o64,0,0.0
1790838073,400,7,steady,resnet50_image,176.875,57.53197095336495
1790838073,400,7,steady,vgg16_image,553.509,469.7719626168224
1790838073,400,7,steady,vit_base_image,131.391,122.60061919504642
1790838073,400,7,steady,gpt2_p64_o64,0,0.0
1790838073,400,7,steady,gpt2_p512_o512,0,0.0
1790838073,400,7,steady,llama_p1024_o128,0,0.0
1790838073,400,7,steady,llama_p2048_o64,0,0.0
1790838074,401,7,steady,resnet50_image,176.875,57.53197095336495
1790838074,401,7,steady,vgg16_image,553.509,469.7719626168224
1790838074,401,7,steady,vit_base_image,131.391,122.60061919504642
1790838074,401,7,steady,gpt2_p64_o64,0,0.0
1790838074,401,7,steady,gpt2_p512_o512,0,0.0
1790838074,401,7,steady,llama_p1024_o128,0,0.0
1790838074,401,7,steady,llama_p2048_o64,0,0.0
1790838075,402,7,steady,resnet50_image,176.875,57.53197095336495
1790838075,402,7,steady,vgg16_image,553.509,469.7719626168224
1790838075,402,7,steady,vit_base_image,131.391,122.60061919504642
1790838075,402,7,steady,gpt2_p64_o64,0,0.0
1790838075,402,7,steady,gpt2_p512_o512,0,0.0
1790838075,402,7,steady,llama_p1024_o128,0,0.0
1790838075,402,7,steady,llama_p2048_o64,0,0.0
1790838076,403,7,steady,resnet50_image,176.875,57.53197095336495
1790838076,403,7,steady,vgg16_image,553.509,469.7719626168224
1790838076,403,7,steady,vit_base_image,131.391,122.60061919504642
1790838076,403,7,steady,gpt2_p64_o64,0,0.0
1790838076,403,7,steady,gpt2_p512_o512,0,0.0
1790838076,403,7,steady,llama_p1024_o128,0,0.0
1790838076,403,7,steady,llama_p2048_o64,0,0.0
1790838077,404,7,steady,resnet50_image,176.875,57.53197095336495
1790838077,404,7,steady,vgg16_image,553.509,469.7719626168224
1790838077,404,7,steady,vit_base_image,131.391,122.60061919504642
1790838077,404,7,steady,gpt2_p64_o64,0,0.0
1790838077,404,7,steady,gpt2_p512_o512,0,0.0
1790838077,404,7,steady,llama_p1024_o128,0,0.0
1790838077,404,7,steady,llama_p2048_o64,0,0.0
1790838078,405,7,steady,resnet50_image,176.875,57.53197095336495
1790838078,405,7,steady,vgg16_image,553.509,469.7719626168224
1790838078,405,7,steady,vit_base_image,131.391,122.60061919504642
1790838078,405,7,steady,gpt2_p64_o64,0,0.0
1790838078,405,7,steady,gpt2_p512_o512,0,0.0
1790838078,405,7,steady,llama_p1024_o128,0,0.0
1790838078,405,7,steady,llama_p2048_o64,0,0.0
1790838079,406,7,steady,resnet50_image,176.875,57.53197095336495
1790838079,406,7,steady,vgg16_image,553.509,469.7719626168224
1790838079,406,7,steady,vit_base_image,131.391,122.60061919504642
1790838079,406,7,steady,gpt2_p64_o64,0,0.0
1790838079,406,7,steady,gpt2_p512_o512,0,0.0
1790838079,406,7,steady,llama_p1024_o128,0,0.0
1790838079,406,7,steady,llama_p2048_o64,0,0.0
1790838080,407,7,steady,resnet50_image,176.875,57.53197095336495
1790838080,407,7,steady,vgg16_image,553.509,469.7719626168224
1790838080,407,7,steady,vit_base_image,131.391,122.60061919504642
1790838080,407,7,steady,gpt2_p64_o64,0,0.0
1790838080,407,7,steady,gpt2_p512_o512,0,0.0
1790838080,407,7,steady,llama_p1024_o128,0,0.0
1790838080,407,7,steady,llama_p2048_o64,0,0.0
1790838081,408,7,steady,resnet50_image,176.875,57.53197095336495
1790838081,408,7,steady,vgg16_image,553.509,469.7719626168224
1790838081,408,7,steady,vit_base_image,131.391,122.60061919504642
1790838081,408,7,steady,gpt2_p64_o64,0,0.0
1790838081,408,7,steady,gpt2_p512_o512,0,0.0
1790838081,408,7,steady,llama_p1024_o128,0,0.0
1790838081,408,7,steady,llama_p2048_o64,0,0.0
1790838082,409,7,steady,resnet50_image,176.875,57.53197095336495
1790838082,409,7,steady,vgg16_image,553.509,469.7719626168224
1790838082,409,7,steady,vit_base_image,131.391,122.60061919504642
1790838082,409,7,steady,gpt2_p64_o64,0,0.0
1790838082,409,7,steady,gpt2_p512_o512,0,0.0
1790838082,409,7,steady,llama_p1024_o128,0,0.0
1790838082,409,7,steady,llama_p2048_o64,0,0.0
1790838083,410,7,steady,resnet50_image,176.875,57.53197095336495
1790838083,410,7,steady,vgg16_image,553.509,469.7719626168224
1790838083,410,7,steady,vit_base_image,131.391,122.60061919504642
1790838083,410,7,steady,gpt2_p64_o64,0,0.0
1790838083,410,7,steady,gpt2_p512_o512,0,0.0
1790838083,410,7,steady,llama_p1024_o128,0,0.0
1790838083,410,7,steady,llama_p2048_o64,0,0.0
1790838084,411,7,steady,resnet50_image,176.875,57.53197095336495
1790838084,411,7,steady,vgg16_image,553.509,469.7719626168224
1790838084,411,7,steady,vit_base_image,131.391,122.60061919504642
1790838084,411,7,steady,gpt2_p64_o64,0,0.0
1790838084,411,7,steady,gpt2_p512_o512,0,0.0
1790838084,411,7,steady,llama_p1024_o128,0,0.0
1790838084,411,7,steady,llama_p2048_o64,0,0.0
1790838085,412,7,steady,resnet50_image,176.875,57.53197095336495
1790838085,412,7,steady,vgg16_image,553.509,469.7719626168224
1790838085,412,7,steady,vit_base_image,131.391,122.60061919504642
1790838085,412,7,steady,gpt2_p64_o64,0,0.0
1790838085,412,7,steady,gpt2_p512_o512,0,0.0
1790838085,412,7,steady,llama_p1024_o128,0,0.0
1790838085,412,7,steady,llama_p2048_o64,0,0.0
1790838086,413,7,steady,resnet50_image,176.875,57.53197095336495
1790838086,413,7,steady,vgg16_image,553.509,469.7719626168224
1790838086,413,7,steady,vit_base_image,131.391,122.60061919504642
1790838086,413,7,steady,gpt2_p64_o64,0,0.0
1790838086,413,7,steady,gpt2_p512_o512,0,0.0
1790838086,413,7,steady,llama_p1024_o128,0,0.0
1790838086,413,7,steady,llama_p2048_o64,0,0.0
1790838087,414,7,steady,resnet50_image,176.875,57.53197095336495
1790838087,414,7,steady,vgg16_image,553.509,469.7719626168224
1790838087,414,7,steady,vit_base_image,131.391,122.60061919504642
1790838087,414,7,steady,gpt2_p64_o64,0,0.0
1790838087,414,7,steady,gpt2_p512_o512,0,0.0
1790838087,414,7,steady,llama_p1024_o128,0,0.0
1790838087,414,7,steady,llama_p2048_o64,0,0.0
1790838088,415,7,steady,resnet50_image,176.875,57.53197095336495
1790838088,415,7,steady,vgg16_image,553.509,469.7719626168224
1790838088,415,7,steady,vit_base_image,131.391,122.60061919504642
1790838088,415,7,steady,gpt2_p64_o64,0,0.0
1790838088,415,7,steady,gpt2_p512_o512,0,0.0
1790838088,415,7,steady,llama_p1024_o128,0,0.0
1790838088,415,7,steady,llama_p2048_o64,0,0.0
1790838089,416,7,steady,resnet50_image,176.875,57.53197095336495
1790838089,416,7,steady,vgg16_image,553.509,469.7719626168224
1790838089,416,7,steady,vit_base_image,131.391,122.60061919504642
1790838089,416,7,steady,gpt2_p64_o64,0,0.0
1790838089,416,7,steady,gpt2_p512_o512,0,0.0
1790838089,416,7,steady,llama_p1024_o128,0,0.0
1790838089,416,7,steady,llama_p2048_o64,0,0.0
1790838090,417,7,steady,resnet50_image,176.875,57.53197095336495
1790838090,417,7,steady,vgg16_image,553.509,469.7719626168224
1790838090,417,7,steady,vit_base_image,131.391,122.60061919504642
1790838090,417,7,steady,gpt2_p64_o64,0,0.0
1790838090,417,7,steady,gpt2_p512_o512,0,0.0
1790838090,417,7,steady,llama_p1024_o128,0,0.0
1790838090,417,7,steady,llama_p2048_o64,0,0.0
1790838091,418,7,steady,resnet50_image,176.875,57.53197095336495
1790838091,418,7,steady,vgg16_image,553.509,469.7719626168224
1790838091,418,7,steady,vit_base_image,131.391,122.60061919504642
1790838091,418,7,steady,gpt2_p64_o64,0,0.0
1790838091,418,7,steady,gpt2_p512_o512,0,0.0
1790838091,418,7,steady,llama_p1024_o128,0,0.0
1790838091,418,7,steady,llama_p2048_o64,0,0.0
1790838092,419,7,steady,resnet50_image,176.875,57.53197095336495
1790838092,419,7,steady,vgg16_image,553.509,469.7719626168224
1790838092,419,7,steady,vit_base_image,131.391,122.60061919504642
1790838092,419,7,steady,gpt2_p64_o64,0,0.0
1790838092,419,7,steady,gpt2_p512_o512,0,0.0
1790838092,419,7,steady,llama_p1024_o128,0,0.0
1790838092,419,7,steady,llama_p2048_o64,0,0.0
1790838093,420,7,steady,resnet50_image,176.875,57.53197095336495
1790838093,420,7,steady,vgg16_image,553.509,469.7719626168224
1790838093,420,7,steady,vit_base_image,131.391,122.60061919504642
1790838093,420,7,steady,gpt2_p64_o64,0,0.0
1790838093,420,7,steady,gpt2_p512_o512,0,0.0
1790838093,420,7,steady,llama_p1024_o128,0,0.0
1790838093,420,7,steady,llama_p2048_o64,0,0.0
1790838094,421,,,resnet50_image,176.875,
1790838094,421,,,vgg16_image,553.509,
1790838094,421,,,vit_base_image,131.391,
1790838094,421,,,gpt2_p64_o64,0,
1790838094,421,,,gpt2_p512_o512,0,
1790838094,421,,,llama_p1024_o128,0,
1790838094,421,,,llama_p2048_o64,0,
1790838095,422,,,resnet50_image,176.875,
1790838095,422,,,vgg16_image,553.509,
1790838095,422,,,vit_base_image,131.391,
1790838095,422,,,gpt2_p64_o64,0,
1790838095,422,,,gpt2_p512_o512,0,
1790838095,422,,,llama_p1024_o128,0,
1790838095,422,,,llama_p2048_o64,0,
1790838096,423,,,resnet50_image,176.875,
1790838096,423,,,vgg16_image,553.509,
1790838096,423,,,vit_base_image,131.391,
1790838096,423,,,gpt2_p64_o64,0,
1790838096,423,,,gpt2_p512_o512,0,
1790838096,423,,,llama_p1024_o128,0,
1790838096,423,,,llama_p2048_o64,0,
1790838097,424,,,resnet50_image,176.875,
1790838097,424,,,vgg16_image,553.509,
1790838097,424,,,vit_base_image,131.391,
1790838097,424,,,gpt2_p64_o64,0,
1790838097,424,,,gpt2_p512_o512,0,
1790838097,424,,,llama_p1024_o128,0,
1790838097,424,,,llama_p2048_o64,0,
1790838098,425,,,resnet50_image,176.875,
1790838098,425,,,vgg16_image,553.509,
1790838098,425,,,vit_base_image,131.391,
1790838098,425,,,gpt2_p64_o64,0,
1790838098,425,,,gpt2_p512_o512,0,
1790838098,425,,,llama_p1024_o128,0,
1790838098,425,,,llama_p2048_o64,0,
1790838099,426,,,resnet50_image,176.875,
1790838099,426,,,vgg16_image,553.509,
1790838099,426,,,vit_base_image,131.391,
1790838099,426,,,gpt2_p64_o64,0,
1790838099,426,,,gpt2_p512_o512,0,
1790838099,426,,,llama_p1024_o128,0,
1790838099,426,,,llama_p2048_o64,0,
1790838100,427,,,resnet50_image,176.875,
1790838100,427,,,vgg16_image,553.509,
1790838100,427,,,vit_base_image,131.391,
1790838100,427,,,gpt2_p64_o64,0,
1790838100,427,,,gpt2_p512_o512,0,
1790838100,427,,,llama_p1024_o128,0,
1790838100,427,,,llama_p2048_o64,0,
1790838101,428,,,resnet50_image,176.875,
1790838101,428,,,vgg16_image,553.509,
1790838101,428,,,vit_base_image,131.391,
1790838101,428,,,gpt2_p64_o64,0,
1790838101,428,,,gpt2_p512_o512,0,
1790838101,428,,,llama_p1024_o128,0,
1790838101,428,,,llama_p2048_o64,0,
1790838102,429,,,resnet50_image,176.875,
1790838102,429,,,vgg16_image,553.509,
1790838102,429,,,vit_base_image,131.391,
1790838102,429,,,gpt2_p64_o64,0,
1790838102,429,,,gpt2_p512_o512,0,
1790838102,429,,,llama_p1024_o128,0,
1790838102,429,,,llama_p2048_o64,0,
1790838103,430,,,resnet50_image,176.875,
1790838103,430,,,vgg16_image,553.509,
1790838103,430,,,vit_base_image,131.391,
1790838103,430,,,gpt2_p64_o64,0,
1790838103,430,,,gpt2_p512_o512,0,
1790838103,430,,,llama_p1024_o128,0,
1790838103,430,,,llama_p2048_o64,0,
1790838104,431,,,resnet50_image,176.875,
1790838104,431,,,vgg16_image,553.509,
1790838104,431,,,vit_base_image,131.391,
1790838104,431,,,gpt2_p64_o64,0,
1790838104,431,,,gpt2_p512_o512,0,
1790838104,431,,,llama_p1024_o128,0,
1790838104,431,,,llama_p2048_o64,0,
1790838105,432,,,resnet50_image,176.875,
1790838105,432,,,vgg16_image,553.509,
1790838105,432,,,vit_base_image,131.391,
1790838105,432,,,gpt2_p64_o64,0,
1790838105,432,,,gpt2_p512_o512,0,
1790838105,432,,,llama_p1024_o128,0,
1790838105,432,,,llama_p2048_o64,0,
1790838106,433,,,resnet50_image,176.875,
1790838106,433,,,vgg16_image,553.509,
1790838106,433,,,vit_base_image,131.391,
1790838106,433,,,gpt2_p64_o64,0,
1790838106,433,,,gpt2_p512_o512,0,
1790838106,433,,,llama_p1024_o128,0,
1790838106,433,,,llama_p2048_o64,0,
1790838107,434,,,resnet50_image,176.875,
1790838107,434,,,vgg16_image,553.509,
1790838107,434,,,vit_base_image,131.391,
1790838107,434,,,gpt2_p64_o64,0,
1790838107,434,,,gpt2_p512_o512,0,
1790838107,434,,,llama_p1024_o128,0,
1790838107,434,,,llama_p2048_o64,0,
1790838108,435,,,resnet50_image,176.875,
1790838108,435,,,vgg16_image,553.509,
1790838108,435,,,vit_base_image,131.391,
1790838108,435,,,gpt2_p64_o64,0,
1790838108,435,,,gpt2_p512_o512,0,
1790838108,435,,,llama_p1024_o128,0,
1790838108,435,,,llama_p2048_o64,0,
1790838109,436,,,resnet50_image,176.875,
1790838109,436,,,vgg16_image,553.509,
1790838109,436,,,vit_base_image,131.391,
1790838109,436,,,gpt2_p64_o64,0,
1790838109,436,,,gpt2_p512_o512,0,
1790838109,436,,,llama_p1024_o128,0,
1790838109,436,,,llama_p2048_o64,0,
1790838110,437,,,resnet50_image,176.875,
1790838110,437,,,vgg16_image,553.509,
1790838110,437,,,vit_base_image,131.391,
1790838110,437,,,gpt2_p64_o64,0,
1790838110,437,,,gpt2_p512_o512,0,
1790838110,437,,,llama_p1024_o128,0,
1790838110,437,,,llama_p2048_o64,0,
1790838111,438,8,transition,resnet50_image,176.875,57.53197095336495
1790838111,438,8,transition,vgg16_image,553.509,317.607476635514
1790838111,438,8,transition,vit_base_image,131.391,122.60061919504642
1790838111,438,8,transition,gpt2_p64_o64,0,0.0
1790838111,438,8,transition,gpt2_p512_o512,0,0.0
1790838111,438,8,transition,llama_p1024_o128,0,0.0
1790838111,438,8,transition,llama_p2048_o64,0,0.0
1790838112,439,8,transition,resnet50_image,176.875,57.53197095336495
1790838112,439,8,transition,vgg16_image,553.509,317.607476635514
1790838112,439,8,transition,vit_base_image,131.391,122.60061919504642
1790838112,439,8,transition,gpt2_p64_o64,0,0.0
1790838112,439,8,transition,gpt2_p512_o512,0,0.0
1790838112,439,8,transition,llama_p1024_o128,0,0.0
1790838112,439,8,transition,llama_p2048_o64,0,0.0
1790838113,440,8,transition,resnet50_image,176.875,57.53197095336495
1790838113,440,8,transition,vgg16_image,553.509,317.607476635514
1790838113,440,8,transition,vit_base_image,131.391,122.60061919504642
1790838113,440,8,transition,gpt2_p64_o64,0,0.0
1790838113,440,8,transition,gpt2_p512_o512,0,0.0
1790838113,440,8,transition,llama_p1024_o128,0,0.0
1790838113,440,8,transition,llama_p2048_o64,0,0.0
1790838114,441,8,transition,resnet50_image,176.875,57.53197095336495
1790838114,441,8,transition,vgg16_image,553.509,317.607476635514
1790838114,441,8,transition,vit_base_image,131.391,122.60061919504642
1790838114,441,8,transition,gpt2_p64_o64,0,0.0
1790838114,441,8,transition,gpt2_p512_o512,0,0.0
1790838114,441,8,transition,llama_p1024_o128,0,0.0
1790838114,441,8,transition,llama_p2048_o64,0,0.0
1790838115,442,8,transition,resnet50_image,176.875,57.53197095336495
1790838115,442,8,transition,vgg16_image,553.509,317.607476635514
1790838115,442,8,transition,vit_base_image,131.391,122.60061919504642
1790838115,442,8,transition,gpt2_p64_o64,0,0.0
1790838115,442,8,transition,gpt2_p512_o512,0,0.0
1790838115,442,8,transition,llama_p1024_o128,0,0.0
1790838115,442,8,transition,llama_p2048_o64,0,0.0
1790838116,443,8,transition,resnet50_image,176.875,57.53197095336495
1790838116,443,8,transition,vgg16_image,553.509,317.607476635514
1790838116,443,8,transition,vit_base_image,131.391,122.60061919504642
1790838116,443,8,transition,gpt2_p64_o64,0,0.0
1790838116,443,8,transition,gpt2_p512_o512,0,0.0
1790838116,443,8,transition,llama_p1024_o128,0,0.0
1790838116,443,8,transition,llama_p2048_o64,0,0.0
1790838117,444,8,transition,resnet50_image,176.875,57.53197095336495
1790838117,444,8,transition,vgg16_image,553.509,317.607476635514
1790838117,444,8,transition,vit_base_image,131.391,122.60061919504642
1790838117,444,8,transition,gpt2_p64_o64,0,0.0
1790838117,444,8,transition,gpt2_p512_o512,0,0.0
1790838117,444,8,transition,llama_p1024_o128,0,0.0
1790838117,444,8,transition,llama_p2048_o64,0,0.0
1790838118,445,8,transition,resnet50_image,176.875,57.53197095336495
1790838118,445,8,transition,vgg16_image,553.509,317.607476635514
1790838118,445,8,transition,vit_base_image,131.391,122.60061919504642
1790838118,445,8,transition,gpt2_p64_o64,0,0.0
1790838118,445,8,transition,gpt2_p512_o512,0,0.0
1790838118,445,8,transition,llama_p1024_o128,0,0.0
1790838118,445,8,transition,llama_p2048_o64,0,0.0
1790838119,446,8,transition,resnet50_image,176.875,57.53197095336495
1790838119,446,8,transition,vgg16_image,553.509,317.607476635514
1790838119,446,8,transition,vit_base_image,131.391,122.60061919504642
1790838119,446,8,transition,gpt2_p64_o64,0,0.0
1790838119,446,8,transition,gpt2_p512_o512,0,0.0
1790838119,446,8,transition,llama_p1024_o128,0,0.0
1790838119,446,8,transition,llama_p2048_o64,0,0.0
1790838120,447,8,transition,resnet50_image,176.875,57.53197095336495
1790838120,447,8,transition,vgg16_image,553.509,317.607476635514
1790838120,447,8,transition,vit_base_image,131.391,122.60061919504642
1790838120,447,8,transition,gpt2_p64_o64,0,0.0
1790838120,447,8,transition,gpt2_p512_o512,0,0.0
1790838120,447,8,transition,llama_p1024_o128,0,0.0
1790838120,447,8,transition,llama_p2048_o64,0,0.0
1790838121,448,8,transition,resnet50_image,176.875,57.53197095336495
1790838121,448,8,transition,vgg16_image,553.509,317.607476635514
1790838121,448,8,transition,vit_base_image,131.391,122.60061919504642
1790838121,448,8,transition,gpt2_p64_o64,0,0.0
1790838121,448,8,transition,gpt2_p512_o512,0,0.0
1790838121,448,8,transition,llama_p1024_o128,0,0.0
1790838121,448,8,transition,llama_p2048_o64,0,0.0
1790838122,449,8,transition,resnet50_image,176.875,57.53197095336495
1790838122,449,8,transition,vgg16_image,553.509,317.607476635514
1790838122,449,8,transition,vit_base_image,131.391,122.60061919504642
1790838122,449,8,transition,gpt2_p64_o64,0,0.0
1790838122,449,8,transition,gpt2_p512_o512,0,0.0
1790838122,449,8,transition,llama_p1024_o128,0,0.0
1790838122,449,8,transition,llama_p2048_o64,0,0.0
1790838123,450,8,transition,resnet50_image,176.875,57.53197095336495
1790838123,450,8,transition,vgg16_image,553.509,317.607476635514
1790838123,450,8,transition,vit_base_image,131.391,122.60061919504642
1790838123,450,8,transition,gpt2_p64_o64,0,0.0
1790838123,450,8,transition,gpt2_p512_o512,0,0.0
1790838123,450,8,transition,llama_p1024_o128,0,0.0
1790838123,450,8,transition,llama_p2048_o64,0,0.0
1790838124,451,8,transition,resnet50_image,176.875,57.53197095336495
1790838124,451,8,transition,vgg16_image,553.509,317.607476635514
1790838124,451,8,transition,vit_base_image,131.391,122.60061919504642
1790838124,451,8,transition,gpt2_p64_o64,0,0.0
1790838124,451,8,transition,gpt2_p512_o512,0,0.0
1790838124,451,8,transition,llama_p1024_o128,0,0.0
1790838124,451,8,transition,llama_p2048_o64,0,0.0
1790838125,452,8,transition,resnet50_image,176.875,57.53197095336495
1790838125,452,8,transition,vgg16_image,553.509,317.607476635514
1790838125,452,8,transition,vit_base_image,131.391,122.60061919504642
1790838125,452,8,transition,gpt2_p64_o64,0,0.0
1790838125,452,8,transition,gpt2_p512_o512,0,0.0
1790838125,452,8,transition,llama_p1024_o128,0,0.0
1790838125,452,8,transition,llama_p2048_o64,0,0.0
1790838126,453,8,transition,resnet50_image,176.875,57.53197095336495
1790838126,453,8,transition,vgg16_image,338.841,317.607476635514
1790838126,453,8,transition,vit_base_image,131.391,122.60061919504642
1790838126,453,8,transition,gpt2_p64_o64,0,0.0
1790838126,453,8,transition,gpt2_p512_o512,0,0.0
1790838126,453,8,transition,llama_p1024_o128,0,0.0
1790838126,453,8,transition,llama_p2048_o64,0,0.0
1790838127,454,8,transition,resnet50_image,176.875,57.53197095336495
1790838127,454,8,transition,vgg16_image,338.841,317.607476635514
1790838127,454,8,transition,vit_base_image,131.391,122.60061919504642
1790838127,454,8,transition,gpt2_p64_o64,0,0.0
1790838127,454,8,transition,gpt2_p512_o512,0,0.0
1790838127,454,8,transition,llama_p1024_o128,0,0.0
1790838127,454,8,transition,llama_p2048_o64,0,0.0
1790838128,455,8,transition,resnet50_image,176.875,57.53197095336495
1790838128,455,8,transition,vgg16_image,338.841,317.607476635514
1790838128,455,8,transition,vit_base_image,131.391,122.60061919504642
1790838128,455,8,transition,gpt2_p64_o64,0,0.0
1790838128,455,8,transition,gpt2_p512_o512,0,0.0
1790838128,455,8,transition,llama_p1024_o128,0,0.0
1790838128,455,8,transition,llama_p2048_o64,0,0.0
1790838129,456,8,steady,resnet50_image,176.875,82.23661214667806
1790838129,456,8,steady,vgg16_image,338.841,317.607476635514
1790838129,456,8,steady,vit_base_image,131.391,122.60061919504642
1790838129,456,8,steady,gpt2_p64_o64,0,0.0
1790838129,456,8,steady,gpt2_p512_o512,0,0.0
1790838129,456,8,steady,llama_p1024_o128,0,0.0
1790838129,456,8,steady,llama_p2048_o64,0,0.0
1790838130,457,8,steady,resnet50_image,176.875,82.23661214667806
1790838130,457,8,steady,vgg16_image,338.841,317.607476635514
1790838130,457,8,steady,vit_base_image,131.391,122.60061919504642
1790838130,457,8,steady,gpt2_p64_o64,0,0.0
1790838130,457,8,steady,gpt2_p512_o512,0,0.0
1790838130,457,8,steady,llama_p1024_o128,0,0.0
1790838130,457,8,steady,llama_p2048_o64,0,0.0
1790838131,458,8,steady,resnet50_image,176.875,82.23661214667806
1790838131,458,8,steady,vgg16_image,338.841,317.607476635514
1790838131,458,8,steady,vit_base_image,131.391,122.60061919504642
1790838131,458,8,steady,gpt2_p64_o64,0,0.0
1790838131,458,8,steady,gpt2_p512_o512,0,0.0
1790838131,458,8,steady,llama_p1024_o128,0,0.0
1790838131,458,8,steady,llama_p2048_o64,0,0.0
1790838132,459,8,steady,resnet50_image,176.875,82.23661214667806
1790838132,459,8,steady,vgg16_image,338.841,317.607476635514
1790838132,459,8,steady,vit_base_image,131.391,122.60061919504642
1790838132,459,8,steady,gpt2_p64_o64,0,0.0
1790838132,459,8,steady,gpt2_p512_o512,0,0.0
1790838132,459,8,steady,llama_p1024_o128,0,0.0
1790838132,459,8,steady,llama_p2048_o64,0,0.0
1790838133,460,8,steady,resnet50_image,176.875,82.23661214667806
1790838133,460,8,steady,vgg16_image,338.841,317.607476635514
1790838133,460,8,steady,vit_base_image,131.391,122.60061919504642
1790838133,460,8,steady,gpt2_p64_o64,0,0.0
1790838133,460,8,steady,gpt2_p512_o512,0,0.0
1790838133,460,8,steady,llama_p1024_o128,0,0.0
1790838133,460,8,steady,llama_p2048_o64,0,0.0
1790838134,461,8,steady,resnet50_image,176.875,82.23661214667806
1790838134,461,8,steady,vgg16_image,338.841,317.607476635514
1790838134,461,8,steady,vit_base_image,131.391,122.60061919504642
1790838134,461,8,steady,gpt2_p64_o64,0,0.0
1790838134,461,8,steady,gpt2_p512_o512,0,0.0
1790838134,461,8,steady,llama_p1024_o128,0,0.0
1790838134,461,8,steady,llama_p2048_o64,0,0.0
1790838135,462,8,steady,resnet50_image,176.875,82.23661214667806
1790838135,462,8,steady,vgg16_image,338.841,317.607476635514
1790838135,462,8,steady,vit_base_image,131.391,122.60061919504642
1790838135,462,8,steady,gpt2_p64_o64,0,0.0
1790838135,462,8,steady,gpt2_p512_o512,0,0.0
1790838135,462,8,steady,llama_p1024_o128,0,0.0
1790838135,462,8,steady,llama_p2048_o64,0,0.0
1790838136,463,8,steady,resnet50_image,176.875,82.23661214667806
1790838136,463,8,steady,vgg16_image,338.841,317.607476635514
1790838136,463,8,steady,vit_base_image,131.391,122.60061919504642
1790838136,463,8,steady,gpt2_p64_o64,0,0.0
1790838136,463,8,steady,gpt2_p512_o512,0,0.0
1790838136,463,8,steady,llama_p1024_o128,0,0.0
1790838136,463,8,steady,llama_p2048_o64,0,0.0
1790838137,464,8,steady,resnet50_image,176.875,82.23661214667806
1790838137,464,8,steady,vgg16_image,338.841,317.607476635514
1790838137,464,8,steady,vit_base_image,131.391,122.60061919504642
1790838137,464,8,steady,gpt2_p64_o64,0,0.0
1790838137,464,8,steady,gpt2_p512_o512,0,0.0
1790838137,464,8,steady,llama_p1024_o128,0,0.0
1790838137,464,8,steady,llama_p2048_o64,0,0.0
1790838138,465,8,steady,resnet50_image,176.875,82.23661214667806
1790838138,465,8,steady,vgg16_image,338.841,317.607476635514
1790838138,465,8,steady,vit_base_image,131.391,122.60061919504642
1790838138,465,8,steady,gpt2_p64_o64,0,0.0
1790838138,465,8,steady,gpt2_p512_o512,0,0.0
1790838138,465,8,steady,llama_p1024_o128,0,0.0
1790838138,465,8,steady,llama_p2048_o64,0,0.0
1790838139,466,8,steady,resnet50_image,176.875,82.23661214667806
1790838139,466,8,steady,vgg16_image,338.841,317.607476635514
1790838139,466,8,steady,vit_base_image,131.391,122.60061919504642
1790838139,466,8,steady,gpt2_p64_o64,0,0.0
1790838139,466,8,steady,gpt2_p512_o512,0,0.0
1790838139,466,8,steady,llama_p1024_o128,0,0.0
1790838139,466,8,steady,llama_p2048_o64,0,0.0
1790838140,467,8,steady,resnet50_image,176.875,82.23661214667806
1790838140,467,8,steady,vgg16_image,338.841,317.607476635514
1790838140,467,8,steady,vit_base_image,131.391,122.60061919504642
1790838140,467,8,steady,gpt2_p64_o64,0,0.0
1790838140,467,8,steady,gpt2_p512_o512,0,0.0
1790838140,467,8,steady,llama_p1024_o128,0,0.0
1790838140,467,8,steady,llama_p2048_o64,0,0.0
1790838141,468,8,steady,resnet50_image,176.875,82.23661214667806
1790838141,468,8,steady,vgg16_image,338.841,317.607476635514
1790838141,468,8,steady,vit_base_image,131.391,122.60061919504642
1790838141,468,8,steady,gpt2_p64_o64,0,0.0
1790838141,468,8,steady,gpt2_p512_o512,0,0.0
1790838141,468,8,steady,llama_p1024_o128,0,0.0
1790838141,468,8,steady,llama_p2048_o64,0,0.0
1790838142,469,8,steady,resnet50_image,176.875,82.23661214667806
1790838142,469,8,steady,vgg16_image,338.841,317.607476635514
1790838142,469,8,steady,vit_base_image,131.391,122.60061919504642
1790838142,469,8,steady,gpt2_p64_o64,0,0.0
1790838142,469,8,steady,gpt2_p512_o512,0,0.0
1790838142,469,8,steady,llama_p1024_o128,0,0.0
1790838142,469,8,steady,llama_p2048_o64,0,0.0
1790838143,470,8,steady,resnet50_image,176.875,82.23661214667806
1790838143,470,8,steady,vgg16_image,338.841,317.607476635514
1790838143,470,8,steady,vit_base_image,131.391,122.60061919504642
1790838143,470,8,steady,gpt2_p64_o64,0,0.0
1790838143,470,8,steady,gpt2_p512_o512,0,0.0
1790838143,470,8,steady,llama_p1024_o128,0,0.0
1790838143,470,8,steady,llama_p2048_o64,0,0.0
1790838144,471,8,steady,resnet50_image,176.875,82.23661214667806
1790838144,471,8,steady,vgg16_image,338.841,317.607476635514
1790838144,471,8,steady,vit_base_image,131.391,122.60061919504642
1790838144,471,8,steady,gpt2_p64_o64,0,0.0
1790838144,471,8,steady,gpt2_p512_o512,0,0.0
1790838144,471,8,steady,llama_p1024_o128,0,0.0
1790838144,471,8,steady,llama_p2048_o64,0,0.0
1790838145,472,8,steady,resnet50_image,176.875,82.23661214667806
1790838145,472,8,steady,vgg16_image,338.841,317.607476635514
1790838145,472,8,steady,vit_base_image,131.391,122.60061919504642
1790838145,472,8,steady,gpt2_p64_o64,0,0.0
1790838145,472,8,steady,gpt2_p512_o512,0,0.0
1790838145,472,8,steady,llama_p1024_o128,0,0.0
1790838145,472,8,steady,llama_p2048_o64,0,0.0
1790838146,473,8,steady,resnet50_image,176.875,82.23661214667806
1790838146,473,8,steady,vgg16_image,338.841,317.607476635514
1790838146,473,8,steady,vit_base_image,131.391,122.60061919504642
1790838146,473,8,steady,gpt2_p64_o64,0,0.0
1790838146,473,8,steady,gpt2_p512_o512,0,0.0
1790838146,473,8,steady,llama_p1024_o128,0,0.0
1790838146,473,8,steady,llama_p2048_o64,0,0.0
1790838147,474,8,steady,resnet50_image,176.875,82.23661214667806
1790838147,474,8,steady,vgg16_image,338.841,317.607476635514
1790838147,474,8,steady,vit_base_image,131.391,122.60061919504642
1790838147,474,8,steady,gpt2_p64_o64,0,0.0
1790838147,474,8,steady,gpt2_p512_o512,0,0.0
1790838147,474,8,steady,llama_p1024_o128,0,0.0
1790838147,474,8,steady,llama_p2048_o64,0,0.0
1790838148,475,8,steady,resnet50_image,176.875,82.23661214667806
1790838148,475,8,steady,vgg16_image,338.841,317.607476635514
1790838148,475,8,steady,vit_base_image,131.391,122.60061919504642
1790838148,475,8,steady,gpt2_p64_o64,0,0.0
1790838148,475,8,steady,gpt2_p512_o512,0,0.0
1790838148,475,8,steady,llama_p1024_o128,0,0.0
1790838148,475,8,steady,llama_p2048_o64,0,0.0
1790838149,476,8,steady,resnet50_image,176.875,82.23661214667806
1790838149,476,8,steady,vgg16_image,338.841,317.607476635514
1790838149,476,8,steady,vit_base_image,131.391,122.60061919504642
1790838149,476,8,steady,gpt2_p64_o64,0,0.0
1790838149,476,8,steady,gpt2_p512_o512,0,0.0
1790838149,476,8,steady,llama_p1024_o128,0,0.0
1790838149,476,8,steady,llama_p2048_o64,0,0.0
1790838150,477,8,steady,resnet50_image,176.875,82.23661214667806
1790838150,477,8,steady,vgg16_image,338.841,317.607476635514
1790838150,477,8,steady,vit_base_image,131.391,122.60061919504642
1790838150,477,8,steady,gpt2_p64_o64,0,0.0
1790838150,477,8,steady,gpt2_p512_o512,0,0.0
1790838150,477,8,steady,llama_p1024_o128,0,0.0
1790838150,477,8,steady,llama_p2048_o64,0,0.0
1790838151,478,8,steady,resnet50_image,176.875,82.23661214667806
1790838151,478,8,steady,vgg16_image,338.841,317.607476635514
1790838151,478,8,steady,vit_base_image,131.391,122.60061919504642
1790838151,478,8,steady,gpt2_p64_o64,0,0.0
1790838151,478,8,steady,gpt2_p512_o512,0,0.0
1790838151,478,8,steady,llama_p1024_o128,0,0.0
1790838151,478,8,steady,llama_p2048_o64,0,0.0
1790838152,479,8,steady,resnet50_image,176.875,82.23661214667806
1790838152,479,8,steady,vgg16_image,338.841,317.607476635514
1790838152,479,8,steady,vit_base_image,131.391,122.60061919504642
1790838152,479,8,steady,gpt2_p64_o64,0,0.0
1790838152,479,8,steady,gpt2_p512_o512,0,0.0
1790838152,479,8,steady,llama_p1024_o128,0,0.0
1790838152,479,8,steady,llama_p2048_o64,0,0.0
1790838153,480,8,steady,resnet50_image,176.875,82.23661214667806
1790838153,480,8,steady,vgg16_image,338.841,317.607476635514
1790838153,480,8,steady,vit_base_image,131.391,122.60061919504642
1790838153,480,8,steady,gpt2_p64_o64,0,0.0
1790838153,480,8,steady,gpt2_p512_o512,0,0.0
1790838153,480,8,steady,llama_p1024_o128,0,0.0
1790838153,480,8,steady,llama_p2048_o64,0,0.0
1790838154,481,8,steady,resnet50_image,176.875,82.23661214667806
1790838154,481,8,steady,vgg16_image,338.841,317.607476635514
1790838154,481,8,steady,vit_base_image,131.391,122.60061919504642
1790838154,481,8,steady,gpt2_p64_o64,0,0.0
1790838154,481,8,steady,gpt2_p512_o512,0,0.0
1790838154,481,8,steady,llama_p1024_o128,0,0.0
1790838154,481,8,steady,llama_p2048_o64,0,0.0
1790838155,482,8,steady,resnet50_image,176.875,82.23661214667806
1790838155,482,8,steady,vgg16_image,338.841,317.607476635514
1790838155,482,8,steady,vit_base_image,131.391,122.60061919504642
1790838155,482,8,steady,gpt2_p64_o64,0,0.0
1790838155,482,8,steady,gpt2_p512_o512,0,0.0
1790838155,482,8,steady,llama_p1024_o128,0,0.0
1790838155,482,8,steady,llama_p2048_o64,0,0.0
1790838156,483,8,steady,resnet50_image,176.875,82.23661214667806
1790838156,483,8,steady,vgg16_image,338.841,317.607476635514
1790838156,483,8,steady,vit_base_image,131.391,122.60061919504642
1790838156,483,8,steady,gpt2_p64_o64,0,0.0
1790838156,483,8,steady,gpt2_p512_o512,0,0.0
1790838156,483,8,steady,llama_p1024_o128,0,0.0
1790838156,483,8,steady,llama_p2048_o64,0,0.0
1790838157,484,8,steady,resnet50_image,176.875,82.23661214667806
1790838157,484,8,steady,vgg16_image,338.841,317.607476635514
1790838157,484,8,steady,vit_base_image,131.391,122.60061919504642
1790838157,484,8,steady,gpt2_p64_o64,0,0.0
1790838157,484,8,steady,gpt2_p512_o512,0,0.0
1790838157,484,8,steady,llama_p1024_o128,0,0.0
1790838157,484,8,steady,llama_p2048_o64,0,0.0
1790838158,485,8,steady,resnet50_image,176.875,82.23661214667806
1790838158,485,8,steady,vgg16_image,338.841,317.607476635514
1790838158,485,8,steady,vit_base_image,131.391,122.60061919504642
1790838158,485,8,steady,gpt2_p64_o64,0,0.0
1790838158,485,8,steady,gpt2_p512_o512,0,0.0
1790838158,485,8,steady,llama_p1024_o128,0,0.0
1790838158,485,8,steady,llama_p2048_o64,0,0.0
1790838159,486,,,resnet50_image,176.875,
1790838159,486,,,vgg16_image,338.841,
1790838159,486,,,vit_base_image,131.391,
1790838159,486,,,gpt2_p64_o64,0,
1790838159,486,,,gpt2_p512_o512,0,
1790838159,486,,,llama_p1024_o128,0,
1790838159,486,,,llama_p2048_o64,0,
1790838160,487,,,resnet50_image,176.875,
1790838160,487,,,vgg16_image,338.841,
1790838160,487,,,vit_base_image,131.391,
1790838160,487,,,gpt2_p64_o64,0,
1790838160,487,,,gpt2_p512_o512,0,
1790838160,487,,,llama_p1024_o128,0,
1790838160,487,,,llama_p2048_o64,0,
1790838161,488,,,resnet50_image,176.875,
1790838161,488,,,vgg16_image,338.841,
1790838161,488,,,vit_base_image,131.391,
1790838161,488,,,gpt2_p64_o64,0,
1790838161,488,,,gpt2_p512_o512,0,
1790838161,488,,,llama_p1024_o128,0,
1790838161,488,,,llama_p2048_o64,0,
1790838162,489,,,resnet50_image,176.875,
1790838162,489,,,vgg16_image,338.841,
1790838162,489,,,vit_base_image,131.391,
1790838162,489,,,gpt2_p64_o64,0,
1790838162,489,,,gpt2_p512_o512,0,
1790838162,489,,,llama_p1024_o128,0,
1790838162,489,,,llama_p2048_o64,0,
1790838163,490,,,resnet50_image,176.875,
1790838163,490,,,vgg16_image,338.841,
1790838163,490,,,vit_base_image,131.391,
1790838163,490,,,gpt2_p64_o64,0,
1790838163,490,,,gpt2_p512_o512,0,
1790838163,490,,,llama_p1024_o128,0,
1790838163,490,,,llama_p2048_o64,0,
1790838164,491,,,resnet50_image,176.875,
1790838164,491,,,vgg16_image,338.841,
1790838164,491,,,vit_base_image,131.391,
1790838164,491,,,gpt2_p64_o64,0,
1790838164,491,,,gpt2_p512_o512,0,
1790838164,491,,,llama_p1024_o128,0,
1790838164,491,,,llama_p2048_o64,0,
1790838165,492,,,resnet50_image,176.875,
1790838165,492,,,vgg16_image,338.841,
1790838165,492,,,vit_base_image,131.391,
1790838165,492,,,gpt2_p64_o64,0,
1790838165,492,,,gpt2_p512_o512,0,
1790838165,492,,,llama_p1024_o128,0,
1790838165,492,,,llama_p2048_o64,0,
1790838166,493,,,resnet50_image,176.875,
1790838166,493,,,vgg16_image,338.841,
1790838166,493,,,vit_base_image,131.391,
1790838166,493,,,gpt2_p64_o64,0,
1790838166,493,,,gpt2_p512_o512,0,
1790838166,493,,,llama_p1024_o128,0,
1790838166,493,,,llama_p2048_o64,0,
1790838167,494,,,resnet50_image,176.875,
1790838167,494,,,vgg16_image,338.841,
1790838167,494,,,vit_base_image,131.391,
1790838167,494,,,gpt2_p64_o64,0,
1790838167,494,,,gpt2_p512_o512,0,
1790838167,494,,,llama_p1024_o128,0,
1790838167,494,,,llama_p2048_o64,0,
1790838168,495,,,resnet50_image,176.875,
1790838168,495,,,vgg16_image,338.841,
1790838168,495,,,vit_base_image,131.391,
1790838168,495,,,gpt2_p64_o64,0,
1790838168,495,,,gpt2_p512_o512,0,
1790838168,495,,,llama_p1024_o128,0,
1790838168,495,,,llama_p2048_o64,0,
1790838169,496,,,resnet50_image,176.875,
1790838169,496,,,vgg16_image,338.841,
1790838169,496,,,vit_base_image,131.391,
1790838169,496,,,gpt2_p64_o64,0,
1790838169,496,,,gpt2_p512_o512,0,
1790838169,496,,,llama_p1024_o128,0,
1790838169,496,,,llama_p2048_o64,0,
1790838170,497,,,resnet50_image,176.875,
1790838170,497,,,vgg16_image,338.841,
1790838170,497,,,vit_base_image,131.391,
1790838170,497,,,gpt2_p64_o64,0,
1790838170,497,,,gpt2_p512_o512,0,
1790838170,497,,,llama_p1024_o128,0,
1790838170,497,,,llama_p2048_o64,0,
1790838171,498,,,resnet50_image,176.875,
1790838171,498,,,vgg16_image,338.841,
1790838171,498,,,vit_base_image,131.391,
1790838171,498,,,gpt2_p64_o64,0,
1790838171,498,,,gpt2_p512_o512,0,
1790838171,498,,,llama_p1024_o128,0,
1790838171,498,,,llama_p2048_o64,0,
1790838172,499,,,resnet50_image,176.875,
1790838172,499,,,vgg16_image,338.841,
1790838172,499,,,vit_base_image,131.391,
1790838172,499,,,gpt2_p64_o64,0,
1790838172,499,,,gpt2_p512_o512,0,
1790838172,499,,,llama_p1024_o128,0,
1790838172,499,,,llama_p2048_o64,0,
1790838173,500,9,transition,resnet50_image,176.875,82.23661214667806
1790838173,500,9,transition,vgg16_image,338.841,317.607476635514
1790838173,500,9,transition,vit_base_image,131.391,122.60061919504642
1790838173,500,9,transition,gpt2_p64_o64,0,0.0
1790838173,500,9,transition,gpt2_p512_o512,0,0.0
1790838173,500,9,transition,llama_p1024_o128,0,0.0
1790838173,500,9,transition,llama_p2048_o64,0,0.0
1790838174,501,9,transition,resnet50_image,176.875,82.23661214667806
1790838174,501,9,transition,vgg16_image,338.841,317.607476635514
1790838174,501,9,transition,vit_base_image,131.391,122.60061919504642
1790838174,501,9,transition,gpt2_p64_o64,0,0.0
1790838174,501,9,transition,gpt2_p512_o512,0,0.0
1790838174,501,9,transition,llama_p1024_o128,0,0.0
1790838174,501,9,transition,llama_p2048_o64,0,0.0
1790838175,502,9,transition,resnet50_image,176.875,82.23661214667806
1790838175,502,9,transition,vgg16_image,338.841,317.607476635514
1790838175,502,9,transition,vit_base_image,131.391,122.60061919504642
1790838175,502,9,transition,gpt2_p64_o64,0,0.0
1790838175,502,9,transition,gpt2_p512_o512,0,0.0
1790838175,502,9,transition,llama_p1024_o128,0,0.0
1790838175,502,9,transition,llama_p2048_o64,0,0.0
1790838176,503,9,transition,resnet50_image,176.875,82.23661214667806
1790838176,503,9,transition,vgg16_image,338.841,317.607476635514
1790838176,503,9,transition,vit_base_image,131.391,122.60061919504642
1790838176,503,9,transition,gpt2_p64_o64,0,0.0
1790838176,503,9,transition,gpt2_p512_o512,0,0.0
1790838176,503,9,transition,llama_p1024_o128,0,0.0
1790838176,503,9,transition,llama_p2048_o64,0,0.0
1790838177,504,9,transition,resnet50_image,176.875,82.23661214667806
1790838177,504,9,transition,vgg16_image,338.841,317.607476635514
1790838177,504,9,transition,vit_base_image,131.391,122.60061919504642
1790838177,504,9,transition,gpt2_p64_o64,0,0.0
1790838177,504,9,transition,gpt2_p512_o512,0,0.0
1790838177,504,9,transition,llama_p1024_o128,0,0.0
1790838177,504,9,transition,llama_p2048_o64,0,0.0
1790838178,505,9,transition,resnet50_image,176.875,82.23661214667806
1790838178,505,9,transition,vgg16_image,338.841,317.607476635514
1790838178,505,9,transition,vit_base_image,131.391,122.60061919504642
1790838178,505,9,transition,gpt2_p64_o64,0,0.0
1790838178,505,9,transition,gpt2_p512_o512,0,0.0
1790838178,505,9,transition,llama_p1024_o128,0,0.0
1790838178,505,9,transition,llama_p2048_o64,0,0.0
1790838179,506,9,transition,resnet50_image,176.875,82.23661214667806
1790838179,506,9,transition,vgg16_image,338.841,317.607476635514
1790838179,506,9,transition,vit_base_image,131.391,122.60061919504642
1790838179,506,9,transition,gpt2_p64_o64,0,0.0
1790838179,506,9,transition,gpt2_p512_o512,0,0.0
1790838179,506,9,transition,llama_p1024_o128,0,0.0
1790838179,506,9,transition,llama_p2048_o64,0,0.0
1790838180,507,9,transition,resnet50_image,176.875,82.23661214667806
1790838180,507,9,transition,vgg16_image,338.841,317.607476635514
1790838180,507,9,transition,vit_base_image,131.391,122.60061919504642
1790838180,507,9,transition,gpt2_p64_o64,0,0.0
1790838180,507,9,transition,gpt2_p512_o512,0,0.0
1790838180,507,9,transition,llama_p1024_o128,0,0.0
1790838180,507,9,transition,llama_p2048_o64,0,0.0
1790838181,508,9,transition,resnet50_image,176.875,82.23661214667806
1790838181,508,9,transition,vgg16_image,338.841,317.607476635514
1790838181,508,9,transition,vit_base_image,131.391,122.60061919504642
1790838181,508,9,transition,gpt2_p64_o64,0,0.0
1790838181,508,9,transition,gpt2_p512_o512,0,0.0
1790838181,508,9,transition,llama_p1024_o128,0,0.0
1790838181,508,9,transition,llama_p2048_o64,0,0.0
1790838182,509,9,transition,resnet50_image,176.875,82.23661214667806
1790838182,509,9,transition,vgg16_image,338.841,317.607476635514
1790838182,509,9,transition,vit_base_image,131.391,122.60061919504642
1790838182,509,9,transition,gpt2_p64_o64,0,0.0
1790838182,509,9,transition,gpt2_p512_o512,0,0.0
1790838182,509,9,transition,llama_p1024_o128,0,0.0
1790838182,509,9,transition,llama_p2048_o64,0,0.0
1790838183,510,9,transition,resnet50_image,176.875,82.23661214667806
1790838183,510,9,transition,vgg16_image,338.841,317.607476635514
1790838183,510,9,transition,vit_base_image,131.391,122.60061919504642
1790838183,510,9,transition,gpt2_p64_o64,0,0.0
1790838183,510,9,transition,gpt2_p512_o512,0,0.0
1790838183,510,9,transition,llama_p1024_o128,0,0.0
1790838183,510,9,transition,llama_p2048_o64,0,0.0
1790838184,511,9,transition,resnet50_image,176.875,82.23661214667806
1790838184,511,9,transition,vgg16_image,338.841,317.607476635514
1790838184,511,9,transition,vit_base_image,131.391,122.60061919504642
1790838184,511,9,transition,gpt2_p64_o64,0,0.0
1790838184,511,9,transition,gpt2_p512_o512,0,0.0
1790838184,511,9,transition,llama_p1024_o128,0,0.0
1790838184,511,9,transition,llama_p2048_o64,0,0.0
1790838185,512,9,transition,resnet50_image,176.875,82.23661214667806
1790838185,512,9,transition,vgg16_image,338.841,317.607476635514
1790838185,512,9,transition,vit_base_image,131.391,122.60061919504642
1790838185,512,9,transition,gpt2_p64_o64,0,0.0
1790838185,512,9,transition,gpt2_p512_o512,0,0.0
1790838185,512,9,transition,llama_p1024_o128,0,0.0
1790838185,512,9,transition,llama_p2048_o64,0,0.0
1790838186,513,9,transition,resnet50_image,176.875,82.23661214667806
1790838186,513,9,transition,vgg16_image,338.841,317.607476635514
1790838186,513,9,transition,vit_base_image,131.391,122.60061919504642
1790838186,513,9,transition,gpt2_p64_o64,0,0.0
1790838186,513,9,transition,gpt2_p512_o512,0,0.0
1790838186,513,9,transition,llama_p1024_o128,0,0.0
1790838186,513,9,transition,llama_p2048_o64,0,0.0
1790838187,514,9,transition,resnet50_image,176.875,82.23661214667806
1790838187,514,9,transition,vgg16_image,338.841,317.607476635514
1790838187,514,9,transition,vit_base_image,131.391,122.60061919504642
1790838187,514,9,transition,gpt2_p64_o64,0,0.0
1790838187,514,9,transition,gpt2_p512_o512,0,0.0
1790838187,514,9,transition,llama_p1024_o128,0,0.0
1790838187,514,9,transition,llama_p2048_o64,0,0.0
1790838188,515,9,transition,resnet50_image,176.875,82.23661214667806
1790838188,515,9,transition,vgg16_image,553.509,317.607476635514
1790838188,515,9,transition,vit_base_image,131.391,122.60061919504642
1790838188,515,9,transition,gpt2_p64_o64,0,0.0
1790838188,515,9,transition,gpt2_p512_o512,0,0.0
1790838188,515,9,transition,llama_p1024_o128,0,0.0
1790838188,515,9,transition,llama_p2048_o64,0,0.0
1790838189,516,9,transition,resnet50_image,176.875,82.23661214667806
1790838189,516,9,transition,vgg16_image,553.509,317.607476635514
1790838189,516,9,transition,vit_base_image,131.391,122.60061919504642
1790838189,516,9,transition,gpt2_p64_o64,0,0.0
1790838189,516,9,transition,gpt2_p512_o512,0,0.0
1790838189,516,9,transition,llama_p1024_o128,0,0.0
1790838189,516,9,transition,llama_p2048_o64,0,0.0
1790838190,517,9,transition,resnet50_image,176.875,82.23661214667806
1790838190,517,9,transition,vgg16_image,553.509,317.607476635514
1790838190,517,9,transition,vit_base_image,131.391,122.60061919504642
1790838190,517,9,transition,gpt2_p64_o64,0,0.0
1790838190,517,9,transition,gpt2_p512_o512,0,0.0
1790838190,517,9,transition,llama_p1024_o128,0,0.0
1790838190,517,9,transition,llama_p2048_o64,0,0.0
1790838191,518,9,transition,resnet50_image,176.875,82.23661214667806
1790838191,518,9,transition,vgg16_image,553.509,317.607476635514
1790838191,518,9,transition,vit_base_image,131.391,122.60061919504642
1790838191,518,9,transition,gpt2_p64_o64,0,0.0
1790838191,518,9,transition,gpt2_p512_o512,0,0.0
1790838191,518,9,transition,llama_p1024_o128,0,0.0
1790838191,518,9,transition,llama_p2048_o64,0,0.0
1790838192,519,9,transition,resnet50_image,176.875,82.23661214667806
1790838192,519,9,transition,vgg16_image,553.509,317.607476635514
1790838192,519,9,transition,vit_base_image,131.391,122.60061919504642
1790838192,519,9,transition,gpt2_p64_o64,0,0.0
1790838192,519,9,transition,gpt2_p512_o512,0,0.0
1790838192,519,9,transition,llama_p1024_o128,0,0.0
1790838192,519,9,transition,llama_p2048_o64,0,0.0
1790838193,520,9,transition,resnet50_image,176.875,82.23661214667806
1790838193,520,9,transition,vgg16_image,553.509,317.607476635514
1790838193,520,9,transition,vit_base_image,131.391,122.60061919504642
1790838193,520,9,transition,gpt2_p64_o64,0,0.0
1790838193,520,9,transition,gpt2_p512_o512,0,0.0
1790838193,520,9,transition,llama_p1024_o128,0,0.0
1790838193,520,9,transition,llama_p2048_o64,0,0.0
1790838194,521,9,transition,resnet50_image,176.875,82.23661214667806
1790838194,521,9,transition,vgg16_image,553.509,317.607476635514
1790838194,521,9,transition,vit_base_image,131.391,122.60061919504642
1790838194,521,9,transition,gpt2_p64_o64,0,0.0
1790838194,521,9,transition,gpt2_p512_o512,0,0.0
1790838194,521,9,transition,llama_p1024_o128,0,0.0
1790838194,521,9,transition,llama_p2048_o64,0,0.0
1790838195,522,9,transition,resnet50_image,176.875,82.23661214667806
1790838195,522,9,transition,vgg16_image,553.509,317.607476635514
1790838195,522,9,transition,vit_base_image,131.391,122.60061919504642
1790838195,522,9,transition,gpt2_p64_o64,0,0.0
1790838195,522,9,transition,gpt2_p512_o512,0,0.0
1790838195,522,9,transition,llama_p1024_o128,0,0.0
1790838195,522,9,transition,llama_p2048_o64,0,0.0
1790838196,523,9,transition,resnet50_image,176.875,82.23661214667806
1790838196,523,9,transition,vgg16_image,553.509,317.607476635514
1790838196,523,9,transition,vit_base_image,131.391,122.60061919504642
1790838196,523,9,transition,gpt2_p64_o64,0,0.0
1790838196,523,9,transition,gpt2_p512_o512,0,0.0
1790838196,523,9,transition,llama_p1024_o128,0,0.0
1790838196,523,9,transition,llama_p2048_o64,0,0.0
1790838197,524,9,transition,resnet50_image,176.875,82.23661214667806
1790838197,524,9,transition,vgg16_image,553.509,317.607476635514
1790838197,524,9,transition,vit_base_image,131.391,122.60061919504642
1790838197,524,9,transition,gpt2_p64_o64,0,0.0
1790838197,524,9,transition,gpt2_p512_o512,0,0.0
1790838197,524,9,transition,llama_p1024_o128,0,0.0
1790838197,524,9,transition,llama_p2048_o64,0,0.0
1790838198,525,9,transition,resnet50_image,176.875,82.23661214667806
1790838198,525,9,transition,vgg16_image,553.509,317.607476635514
1790838198,525,9,transition,vit_base_image,131.391,122.60061919504642
1790838198,525,9,transition,gpt2_p64_o64,0,0.0
1790838198,525,9,transition,gpt2_p512_o512,0,0.0
1790838198,525,9,transition,llama_p1024_o128,0,0.0
1790838198,525,9,transition,llama_p2048_o64,0,0.0
1790838199,526,9,transition,resnet50_image,176.875,82.23661214667806
1790838199,526,9,transition,vgg16_image,553.509,317.607476635514
1790838199,526,9,transition,vit_base_image,131.391,122.60061919504642
1790838199,526,9,transition,gpt2_p64_o64,0,0.0
1790838199,526,9,transition,gpt2_p512_o512,0,0.0
1790838199,526,9,transition,llama_p1024_o128,0,0.0
1790838199,526,9,transition,llama_p2048_o64,0,0.0
1790838200,527,9,transition,resnet50_image,176.875,82.23661214667806
1790838200,527,9,transition,vgg16_image,553.509,317.607476635514
1790838200,527,9,transition,vit_base_image,131.391,122.60061919504642
1790838200,527,9,transition,gpt2_p64_o64,0,0.0
1790838200,527,9,transition,gpt2_p512_o512,0,0.0
1790838200,527,9,transition,llama_p1024_o128,0,0.0
1790838200,527,9,transition,llama_p2048_o64,0,0.0
1790838201,528,9,transition,resnet50_image,176.875,82.23661214667806
1790838201,528,9,transition,vgg16_image,553.509,317.607476635514
1790838201,528,9,transition,vit_base_image,131.391,122.60061919504642
1790838201,528,9,transition,gpt2_p64_o64,0,0.0
1790838201,528,9,transition,gpt2_p512_o512,0,0.0
1790838201,528,9,transition,llama_p1024_o128,0,0.0
1790838201,528,9,transition,llama_p2048_o64,0,0.0
1790838202,529,9,transition,resnet50_image,176.875,82.23661214667806
1790838202,529,9,transition,vgg16_image,553.509,317.607476635514
1790838202,529,9,transition,vit_base_image,131.391,122.60061919504642
1790838202,529,9,transition,gpt2_p64_o64,0,0.0
1790838202,529,9,transition,gpt2_p512_o512,0,0.0
1790838202,529,9,transition,llama_p1024_o128,0,0.0
1790838202,529,9,transition,llama_p2048_o64,0,0.0
1790838203,530,9,transition,resnet50_image,176.875,82.23661214667806
1790838203,530,9,transition,vgg16_image,553.509,317.607476635514
1790838203,530,9,transition,vit_base_image,131.391,122.60061919504642
1790838203,530,9,transition,gpt2_p64_o64,0,0.0
1790838203,530,9,transition,gpt2_p512_o512,0,0.0
1790838203,530,9,transition,llama_p1024_o128,0,0.0
1790838203,530,9,transition,llama_p2048_o64,0,0.0
1790838204,531,9,transition,resnet50_image,176.875,82.23661214667806
1790838204,531,9,transition,vgg16_image,553.509,317.607476635514
1790838204,531,9,transition,vit_base_image,131.391,122.60061919504642
1790838204,531,9,transition,gpt2_p64_o64,0,0.0
1790838204,531,9,transition,gpt2_p512_o512,0,0.0
1790838204,531,9,transition,llama_p1024_o128,0,0.0
1790838204,531,9,transition,llama_p2048_o64,0,0.0
1790838205,532,9,transition,resnet50_image,176.875,82.23661214667806
1790838205,532,9,transition,vgg16_image,553.509,317.607476635514
1790838205,532,9,transition,vit_base_image,131.391,122.60061919504642
1790838205,532,9,transition,gpt2_p64_o64,0,0.0
1790838205,532,9,transition,gpt2_p512_o512,0,0.0
1790838205,532,9,transition,llama_p1024_o128,0,0.0
1790838205,532,9,transition,llama_p2048_o64,0,0.0
1790838206,533,9,transition,resnet50_image,176.875,82.23661214667806
1790838206,533,9,transition,vgg16_image,553.509,317.607476635514
1790838206,533,9,transition,vit_base_image,131.391,122.60061919504642
1790838206,533,9,transition,gpt2_p64_o64,0,0.0
1790838206,533,9,transition,gpt2_p512_o512,0,0.0
1790838206,533,9,transition,llama_p1024_o128,0,0.0
1790838206,533,9,transition,llama_p2048_o64,0,0.0
1790838207,534,9,transition,resnet50_image,176.875,82.23661214667806
1790838207,534,9,transition,vgg16_image,553.509,317.607476635514
1790838207,534,9,transition,vit_base_image,131.391,122.60061919504642
1790838207,534,9,transition,gpt2_p64_o64,0,0.0
1790838207,534,9,transition,gpt2_p512_o512,0,0.0
1790838207,534,9,transition,llama_p1024_o128,0,0.0
1790838207,534,9,transition,llama_p2048_o64,0,0.0
1790838208,535,9,transition,resnet50_image,176.875,82.23661214667806
1790838208,535,9,transition,vgg16_image,553.509,317.607476635514
1790838208,535,9,transition,vit_base_image,131.391,122.60061919504642
1790838208,535,9,transition,gpt2_p64_o64,0,0.0
1790838208,535,9,transition,gpt2_p512_o512,0,0.0
1790838208,535,9,transition,llama_p1024_o128,0,0.0
1790838208,535,9,transition,llama_p2048_o64,0,0.0
1790838209,536,9,transition,resnet50_image,176.875,82.23661214667806
1790838209,536,9,transition,vgg16_image,553.509,317.607476635514
1790838209,536,9,transition,vit_base_image,131.391,122.60061919504642
1790838209,536,9,transition,gpt2_p64_o64,0,0.0
1790838209,536,9,transition,gpt2_p512_o512,0,0.0
1790838209,536,9,transition,llama_p1024_o128,0,0.0
1790838209,536,9,transition,llama_p2048_o64,0,0.0
1790838210,537,9,transition,resnet50_image,176.875,82.23661214667806
1790838210,537,9,transition,vgg16_image,553.509,317.607476635514
1790838210,537,9,transition,vit_base_image,131.391,122.60061919504642
1790838210,537,9,transition,gpt2_p64_o64,1.327,0.0
1790838210,537,9,transition,gpt2_p512_o512,0.163,0.0
1790838210,537,9,transition,llama_p1024_o128,0,0.0
1790838210,537,9,transition,llama_p2048_o64,0,0.0
1790838211,538,9,transition,resnet50_image,176.875,82.23661214667806
1790838211,538,9,transition,vgg16_image,553.509,317.607476635514
1790838211,538,9,transition,vit_base_image,131.391,122.60061919504642
1790838211,538,9,transition,gpt2_p64_o64,1.327,0.0
1790838211,538,9,transition,gpt2_p512_o512,0.163,0.0
1790838211,538,9,transition,llama_p1024_o128,0,0.0
1790838211,538,9,transition,llama_p2048_o64,0,0.0
1790838212,539,9,transition,resnet50_image,176.875,82.23661214667806
1790838212,539,9,transition,vgg16_image,553.509,317.607476635514
1790838212,539,9,transition,vit_base_image,131.391,122.60061919504642
1790838212,539,9,transition,gpt2_p64_o64,1.327,0.0
1790838212,539,9,transition,gpt2_p512_o512,0.163,0.0
1790838212,539,9,transition,llama_p1024_o128,0,0.0
1790838212,539,9,transition,llama_p2048_o64,0,0.0
1790838213,540,9,transition,resnet50_image,176.875,82.23661214667806
1790838213,540,9,transition,vgg16_image,553.509,317.607476635514
1790838213,540,9,transition,vit_base_image,131.391,122.60061919504642
1790838213,540,9,transition,gpt2_p64_o64,1.327,0.0
1790838213,540,9,transition,gpt2_p512_o512,0.163,0.0
1790838213,540,9,transition,llama_p1024_o128,0,0.0
1790838213,540,9,transition,llama_p2048_o64,0,0.0
1790838214,541,9,transition,resnet50_image,176.875,82.23661214667806
1790838214,541,9,transition,vgg16_image,553.509,317.607476635514
1790838214,541,9,transition,vit_base_image,131.391,122.60061919504642
1790838214,541,9,transition,gpt2_p64_o64,1.327,0.0
1790838214,541,9,transition,gpt2_p512_o512,0.163,0.0
1790838214,541,9,transition,llama_p1024_o128,0,0.0
1790838214,541,9,transition,llama_p2048_o64,0,0.0
1790838215,542,9,transition,resnet50_image,176.875,82.23661214667806
1790838215,542,9,transition,vgg16_image,553.509,317.607476635514
1790838215,542,9,transition,vit_base_image,131.391,122.60061919504642
1790838215,542,9,transition,gpt2_p64_o64,1.327,0.0
1790838215,542,9,transition,gpt2_p512_o512,0.163,0.0
1790838215,542,9,transition,llama_p1024_o128,0,0.0
1790838215,542,9,transition,llama_p2048_o64,0.594,0.0
1790838216,543,9,steady,resnet50_image,176.875,100.61363406976928
1790838216,543,9,steady,vgg16_image,553.509,474.79626168224297
1790838216,543,9,steady,vit_base_image,131.391,122.60061919504642
1790838216,543,9,steady,gpt2_p64_o64,1.327,0.232258064516129
1790838216,543,9,steady,gpt2_p512_o512,0.163,0.0853080568720379
1790838216,543,9,steady,llama_p1024_o128,0,0.0
1790838216,543,9,steady,llama_p2048_o64,0.594,0.1795511221945137
1790838217,544,9,steady,resnet50_image,176.875,100.61363406976928
1790838217,544,9,steady,vgg16_image,553.509,474.79626168224297
1790838217,544,9,steady,vit_base_image,131.391,122.60061919504642
1790838217,544,9,steady,gpt2_p64_o64,1.327,0.232258064516129
1790838217,544,9,steady,gpt2_p512_o512,0.163,0.0853080568720379
1790838217,544,9,steady,llama_p1024_o128,0,0.0
1790838217,544,9,steady,llama_p2048_o64,0.594,0.1795511221945137
1790838218,545,9,steady,resnet50_image,176.875,100.61363406976928
1790838218,545,9,steady,vgg16_image,553.509,474.79626168224297
1790838218,545,9,steady,vit_base_image,131.391,122.60061919504642
1790838218,545,9,steady,gpt2_p64_o64,1.327,0.232258064516129
1790838218,545,9,steady,gpt2_p512_o512,0.163,0.0853080568720379
1790838218,545,9,steady,llama_p1024_o128,0,0.0
1790838218,545,9,steady,llama_p2048_o64,0.594,0.1795511221945137
1790838219,546,9,steady,resnet50_image,176.875,100.61363406976928
1790838219,546,9,steady,vgg16_image,553.509,474.79626168224297
1790838219,546,9,steady,vit_base_image,131.391,122.60061919504642
1790838219,546,9,steady,gpt2_p64_o64,1.327,0.232258064516129
1790838219,546,9,steady,gpt2_p512_o512,0.163,0.0853080568720379
1790838219,546,9,steady,llama_p1024_o128,0,0.0
1790838219,546,9,steady,llama_p2048_o64,0.594,0.1795511221945137
1790838220,547,9,steady,resnet50_image,176.875,100.61363406976928
1790838220,547,9,steady,vgg16_image,553.509,474.79626168224297
1790838220,547,9,steady,vit_base_image,131.391,122.60061919504642
1790838220,547,9,steady,gpt2_p64_o64,1.327,0.232258064516129
1790838220,547,9,steady,gpt2_p512_o512,0.163,0.0853080568720379
1790838220,547,9,steady,llama_p1024_o128,0,0.0
1790838220,547,9,steady,llama_p2048_o64,0.594,0.1795511221945137
1790838221,548,9,steady,resnet50_image,176.875,100.61363406976928
1790838221,548,9,steady,vgg16_image,553.509,474.79626168224297
1790838221,548,9,steady,vit_base_image,131.391,122.60061919504642
1790838221,548,9,steady,gpt2_p64_o64,1.327,0.232258064516129
1790838221,548,9,steady,gpt2_p512_o512,0.163,0.0853080568720379
1790838221,548,9,steady,llama_p1024_o128,0,0.0
1790838221,548,9,steady,llama_p2048_o64,0.594,0.1795511221945137
1790838222,549,9,steady,resnet50_image,176.875,100.61363406976928
1790838222,549,9,steady,vgg16_image,553.509,474.79626168224297
1790838222,549,9,steady,vit_base_image,131.391,122.60061919504642
1790838222,549,9,steady,gpt2_p64_o64,1.327,0.232258064516129
1790838222,549,9,steady,gpt2_p512_o512,0.163,0.0853080568720379
1790838222,549,9,steady,llama_p1024_o128,0,0.0
1790838222,549,9,steady,llama_p2048_o64,0.594,0.1795511221945137
1790838223,550,9,steady,resnet50_image,176.875,100.61363406976928
1790838223,550,9,steady,vgg16_image,553.509,474.79626168224297
1790838223,550,9,steady,vit_base_image,131.391,122.60061919504642
1790838223,550,9,steady,gpt2_p64_o64,1.327,0.232258064516129
1790838223,550,9,steady,gpt2_p512_o512,0.163,0.0853080568720379
1790838223,550,9,steady,llama_p1024_o128,0,0.0
1790838223,550,9,steady,llama_p2048_o64,0.594,0.1795511221945137
1790838224,551,9,steady,resnet50_image,176.875,100.61363406976928
1790838224,551,9,steady,vgg16_image,553.509,474.79626168224297
1790838224,551,9,steady,vit_base_image,131.391,122.60061919504642
1790838224,551,9,steady,gpt2_p64_o64,1.327,0.232258064516129
1790838224,551,9,steady,gpt2_p512_o512,0.163,0.0853080568720379
1790838224,551,9,steady,llama_p1024_o128,0,0.0
1790838224,551,9,steady,llama_p2048_o64,0.594,0.1795511221945137
1790838225,552,9,steady,resnet50_image,176.875,100.61363406976928
1790838225,552,9,steady,vgg16_image,553.509,474.79626168224297
1790838225,552,9,steady,vit_base_image,131.391,122.60061919504642
1790838225,552,9,steady,gpt2_p64_o64,1.327,0.232258064516129
1790838225,552,9,steady,gpt2_p512_o512,0.163,0.0853080568720379
1790838225,552,9,steady,llama_p1024_o128,0,0.0
1790838225,552,9,steady,llama_p2048_o64,0.594,0.1795511221945137
1790838226,553,9,steady,resnet50_image,176.875,100.61363406976928
1790838226,553,9,steady,vgg16_image,553.509,474.79626168224297
1790838226,553,9,steady,vit_base_image,131.391,122.60061919504642
1790838226,553,9,steady,gpt2_p64_o64,1.327,0.232258064516129
1790838226,553,9,steady,gpt2_p512_o512,0.163,0.0853080568720379
1790838226,553,9,steady,llama_p1024_o128,0,0.0
1790838226,553,9,steady,llama_p2048_o64,0.594,0.1795511221945137
1790838227,554,9,steady,resnet50_image,176.875,100.61363406976928
1790838227,554,9,steady,vgg16_image,553.509,474.79626168224297
1790838227,554,9,steady,vit_base_image,131.391,122.60061919504642
1790838227,554,9,steady,gpt2_p64_o64,1.327,0.232258064516129
1790838227,554,9,steady,gpt2_p512_o512,0.163,0.0853080568720379
1790838227,554,9,steady,llama_p1024_o128,0,0.0
1790838227,554,9,steady,llama_p2048_o64,0.594,0.1795511221945137
1790838228,555,9,steady,resnet50_image,176.875,100.61363406976928
1790838228,555,9,steady,vgg16_image,553.509,474.79626168224297
1790838228,555,9,steady,vit_base_image,131.391,122.60061919504642
1790838228,555,9,steady,gpt2_p64_o64,1.327,0.232258064516129
1790838228,555,9,steady,gpt2_p512_o512,0.163,0.0853080568720379
1790838228,555,9,steady,llama_p1024_o128,0,0.0
1790838228,555,9,steady,llama_p2048_o64,0.594,0.1795511221945137
1790838229,556,9,steady,resnet50_image,176.875,100.61363406976928
1790838229,556,9,steady,vgg16_image,553.509,474.79626168224297
1790838229,556,9,steady,vit_base_image,131.391,122.60061919504642
1790838229,556,9,steady,gpt2_p64_o64,1.327,0.232258064516129
1790838229,556,9,steady,gpt2_p512_o512,0.163,0.0853080568720379
1790838229,556,9,steady,llama_p1024_o128,0,0.0
1790838229,556,9,steady,llama_p2048_o64,0.594,0.1795511221945137
1790838230,557,9,steady,resnet50_image,176.875,100.61363406976928
1790838230,557,9,steady,vgg16_image,553.509,474.79626168224297
1790838230,557,9,steady,vit_base_image,131.391,122.60061919504642
1790838230,557,9,steady,gpt2_p64_o64,1.327,0.232258064516129
1790838230,557,9,steady,gpt2_p512_o512,0.163,0.0853080568720379
1790838230,557,9,steady,llama_p1024_o128,0,0.0
1790838230,557,9,steady,llama_p2048_o64,0.594,0.1795511221945137
1790838231,558,9,steady,resnet50_image,176.875,100.61363406976928
1790838231,558,9,steady,vgg16_image,553.509,474.79626168224297
1790838231,558,9,steady,vit_base_image,131.391,122.60061919504642
1790838231,558,9,steady,gpt2_p64_o64,1.327,0.232258064516129
1790838231,558,9,steady,gpt2_p512_o512,0.163,0.0853080568720379
1790838231,558,9,steady,llama_p1024_o128,0,0.0
1790838231,558,9,steady,llama_p2048_o64,0.594,0.1795511221945137
1790838232,559,9,steady,resnet50_image,176.875,100.61363406976928
1790838232,559,9,steady,vgg16_image,553.509,474.79626168224297
1790838232,559,9,steady,vit_base_image,131.391,122.60061919504642
1790838232,559,9,steady,gpt2_p64_o64,1.327,0.232258064516129
1790838232,559,9,steady,gpt2_p512_o512,0.163,0.0853080568720379
1790838232,559,9,steady,llama_p1024_o128,0,0.0
1790838232,559,9,steady,llama_p2048_o64,0.594,0.1795511221945137
1790838233,560,9,steady,resnet50_image,176.875,100.61363406976928
1790838233,560,9,steady,vgg16_image,553.509,474.79626168224297
1790838233,560,9,steady,vit_base_image,131.391,122.60061919504642
1790838233,560,9,steady,gpt2_p64_o64,1.327,0.232258064516129
1790838233,560,9,steady,gpt2_p512_o512,0.163,0.0853080568720379
1790838233,560,9,steady,llama_p1024_o128,0,0.0
1790838233,560,9,steady,llama_p2048_o64,0.594,0.1795511221945137
1790838234,561,9,steady,resnet50_image,176.875,100.61363406976928
1790838234,561,9,steady,vgg16_image,553.509,474.79626168224297
1790838234,561,9,steady,vit_base_image,131.391,122.60061919504642
1790838234,561,9,steady,gpt2_p64_o64,1.327,0.232258064516129
1790838234,561,9,steady,gpt2_p512_o512,0.163,0.0853080568720379
1790838234,561,9,steady,llama_p1024_o128,0,0.0
1790838234,561,9,steady,llama_p2048_o64,0.594,0.1795511221945137
1790838235,562,9,steady,resnet50_image,176.875,100.61363406976928
1790838235,562,9,steady,vgg16_image,553.509,474.79626168224297
1790838235,562,9,steady,vit_base_image,131.391,122.60061919504642
1790838235,562,9,steady,gpt2_p64_o64,1.327,0.232258064516129
1790838235,562,9,steady,gpt2_p512_o512,0.163,0.0853080568720379
1790838235,562,9,steady,llama_p1024_o128,0,0.0
1790838235,562,9,steady,llama_p2048_o64,0.594,0.1795511221945137
1790838236,563,9,steady,resnet50_image,176.875,100.61363406976928
1790838236,563,9,steady,vgg16_image,553.509,474.79626168224297
1790838236,563,9,steady,vit_base_image,131.391,122.60061919504642
1790838236,563,9,steady,gpt2_p64_o64,1.327,0.232258064516129
1790838236,563,9,steady,gpt2_p512_o512,0.163,0.0853080568720379
1790838236,563,9,steady,llama_p1024_o128,0,0.0
1790838236,563,9,steady,llama_p2048_o64,0.594,0.1795511221945137
1790838237,564,9,steady,resnet50_image,176.875,100.61363406976928
1790838237,564,9,steady,vgg16_image,553.509,474.79626168224297
1790838237,564,9,steady,vit_base_image,131.391,122.60061919504642
1790838237,564,9,steady,gpt2_p64_o64,1.327,0.232258064516129
1790838237,564,9,steady,gpt2_p512_o512,0.163,0.0853080568720379
1790838237,564,9,steady,llama_p1024_o128,0,0.0
1790838237,564,9,steady,llama_p2048_o64,0.594,0.1795511221945137
1790838238,565,9,steady,resnet50_image,176.875,100.61363406976928
1790838238,565,9,steady,vgg16_image,553.509,474.79626168224297
1790838238,565,9,steady,vit_base_image,131.391,122.60061919504642
1790838238,565,9,steady,gpt2_p64_o64,1.327,0.232258064516129
1790838238,565,9,steady,gpt2_p512_o512,0.163,0.0853080568720379
1790838238,565,9,steady,llama_p1024_o128,0,0.0
1790838238,565,9,steady,llama_p2048_o64,0.594,0.1795511221945137
1790838239,566,9,steady,resnet50_image,176.875,100.61363406976928
1790838239,566,9,steady,vgg16_image,553.509,474.79626168224297
1790838239,566,9,steady,vit_base_image,131.391,122.60061919504642
1790838239,566,9,steady,gpt2_p64_o64,1.327,0.232258064516129
1790838239,566,9,steady,gpt2_p512_o512,0.163,0.0853080568720379
1790838239,566,9,steady,llama_p1024_o128,0,0.0
1790838239,566,9,steady,llama_p2048_o64,0.594,0.1795511221945137
1790838240,567,9,steady,resnet50_image,176.875,100.61363406976928
1790838240,567,9,steady,vgg16_image,553.509,474.79626168224297
1790838240,567,9,steady,vit_base_image,131.391,122.60061919504642
1790838240,567,9,steady,gpt2_p64_o64,1.327,0.232258064516129
1790838240,567,9,steady,gpt2_p512_o512,0.163,0.0853080568720379
1790838240,567,9,steady,llama_p1024_o128,0,0.0
1790838240,567,9,steady,llama_p2048_o64,0.594,0.1795511221945137
1790838241,568,9,steady,resnet50_image,176.875,100.61363406976928
1790838241,568,9,steady,vgg16_image,553.509,474.79626168224297
1790838241,568,9,steady,vit_base_image,131.391,122.60061919504642
1790838241,568,9,steady,gpt2_p64_o64,1.327,0.232258064516129
1790838241,568,9,steady,gpt2_p512_o512,0.163,0.0853080568720379
1790838241,568,9,steady,llama_p1024_o128,0,0.0
1790838241,568,9,steady,llama_p2048_o64,0.594,0.1795511221945137
1790838242,569,9,steady,resnet50_image,176.875,100.61363406976928
1790838242,569,9,steady,vgg16_image,553.509,474.79626168224297
1790838242,569,9,steady,vit_base_image,131.391,122.60061919504642
1790838242,569,9,steady,gpt2_p64_o64,1.327,0.232258064516129
1790838242,569,9,steady,gpt2_p512_o512,0.163,0.0853080568720379
1790838242,569,9,steady,llama_p1024_o128,0,0.0
1790838242,569,9,steady,llama_p2048_o64,0.594,0.1795511221945137
1790838243,570,9,steady,resnet50_image,176.875,100.61363406976928
1790838243,570,9,steady,vgg16_image,553.509,474.79626168224297
1790838243,570,9,steady,vit_base_image,131.391,122.60061919504642
1790838243,570,9,steady,gpt2_p64_o64,1.327,0.232258064516129
1790838243,570,9,steady,gpt2_p512_o512,0.163,0.0853080568720379
1790838243,570,9,steady,llama_p1024_o128,0,0.0
1790838243,570,9,steady,llama_p2048_o64,0.594,0.1795511221945137
1790838244,571,9,steady,resnet50_image,176.875,100.61363406976928
1790838244,571,9,steady,vgg16_image,553.509,474.79626168224297
1790838244,571,9,steady,vit_base_image,131.391,122.60061919504642
1790838244,571,9,steady,gpt2_p64_o64,1.327,0.232258064516129
1790838244,571,9,steady,gpt2_p512_o512,0.163,0.0853080568720379
1790838244,571,9,steady,llama_p1024_o128,0,0.0
1790838244,571,9,steady,llama_p2048_o64,0.594,0.1795511221945137
1790838245,572,9,steady,resnet50_image,176.875,100.61363406976928
1790838245,572,9,steady,vgg16_image,553.509,474.79626168224297
1790838245,572,9,steady,vit_base_image,131.391,122.60061919504642
1790838245,572,9,steady,gpt2_p64_o64,1.327,0.232258064516129
1790838245,572,9,steady,gpt2_p512_o512,0.163,0.0853080568720379
1790838245,572,9,steady,llama_p1024_o128,0,0.0
1790838245,572,9,steady,llama_p2048_o64,0.594,0.1795511221945137
1790838246,573,,,resnet50_image,176.875,
1790838246,573,,,vgg16_image,553.509,
1790838246,573,,,vit_base_image,131.391,
1790838246,573,,,gpt2_p64_o64,1.327,
1790838246,573,,,gpt2_p512_o512,0.163,
1790838246,573,,,llama_p1024_o128,0,
1790838246,573,,,llama_p2048_o64,0.594,
1790838247,574,,,resnet50_image,176.875,
1790838247,574,,,vgg16_image,553.509,
1790838247,574,,,vit_base_image,131.391,
1790838247,574,,,gpt2_p64_o64,1.327,
1790838247,574,,,gpt2_p512_o512,0.163,
1790838247,574,,,llama_p1024_o128,0,
1790838247,574,,,llama_p2048_o64,0.594,
1790838248,575,,,resnet50_image,176.875,
1790838248,575,,,vgg16_image,553.509,
1790838248,575,,,vit_base_image,131.391,
1790838248,575,,,gpt2_p64_o64,1.327,
1790838248,575,,,gpt2_p512_o512,0.163,
1790838248,575,,,llama_p1024_o128,0,
1790838248,575,,,llama_p2048_o64,0.594,
1790838249,576,,,resnet50_image,176.875,
1790838249,576,,,vgg16_image,553.509,
1790838249,576,,,vit_base_image,131.391,
1790838249,576,,,gpt2_p64_o64,1.327,
1790838249,576,,,gpt2_p512_o512,0.163,
1790838249,576,,,llama_p1024_o128,0,
1790838249,576,,,llama_p2048_o64,0.594,
1790838250,577,,,resnet50_image,176.875,
1790838250,577,,,vgg16_image,553.509,
1790838250,577,,,vit_base_image,131.391,
1790838250,577,,,gpt2_p64_o64,1.327,
1790838250,577,,,gpt2_p512_o512,0.163,
1790838250,577,,,llama_p1024_o128,0,
1790838250,577,,,llama_p2048_o64,0.594,
1790838251,578,,,resnet50_image,176.875,
1790838251,578,,,vgg16_image,553.509,
1790838251,578,,,vit_base_image,131.391,
1790838251,578,,,gpt2_p64_o64,1.327,
1790838251,578,,,gpt2_p512_o512,0.163,
1790838251,578,,,llama_p1024_o128,0,
1790838251,578,,,llama_p2048_o64,0.594,
1790838252,579,,,resnet50_image,176.875,
1790838252,579,,,vgg16_image,553.509,
1790838252,579,,,vit_base_image,131.391,
1790838252,579,,,gpt2_p64_o64,1.327,
1790838252,579,,,gpt2_p512_o512,0.163,
1790838252,579,,,llama_p1024_o128,0,
1790838252,579,,,llama_p2048_o64,0.594,
1790838253,580,,,resnet50_image,176.875,
1790838253,580,,,vgg16_image,553.509,
1790838253,580,,,vit_base_image,131.391,
1790838253,580,,,gpt2_p64_o64,1.327,
1790838253,580,,,gpt2_p512_o512,0.163,
1790838253,580,,,llama_p1024_o128,0,
1790838253,580,,,llama_p2048_o64,0.594,
1790838254,581,,,resnet50_image,176.875,
1790838254,581,,,vgg16_image,553.509,
1790838254,581,,,vit_base_image,131.391,
1790838254,581,,,gpt2_p64_o64,1.327,
1790838254,581,,,gpt2_p512_o512,0.163,
1790838254,581,,,llama_p1024_o128,0,
1790838254,581,,,llama_p2048_o64,0.594,
1790838255,582,,,resnet50_image,176.875,
1790838255,582,,,vgg16_image,553.509,
1790838255,582,,,vit_base_image,131.391,
1790838255,582,,,gpt2_p64_o64,1.327,
1790838255,582,,,gpt2_p512_o512,0.163,
1790838255,582,,,llama_p1024_o128,0,
1790838255,582,,,llama_p2048_o64,0.594,
1790838256,583,,,resnet50_image,176.875,
1790838256,583,,,vgg16_image,553.509,
1790838256,583,,,vit_base_image,131.391,
1790838256,583,,,gpt2_p64_o64,1.327,
1790838256,583,,,gpt2_p512_o512,0.163,
1790838256,583,,,llama_p1024_o128,0,
1790838256,583,,,llama_p2048_o64,0.594,
1790838257,584,,,resnet50_image,176.875,
1790838257,584,,,vgg16_image,553.509,
1790838257,584,,,vit_base_image,131.391,
1790838257,584,,,gpt2_p64_o64,1.327,
1790838257,584,,,gpt2_p512_o512,0.163,
1790838257,584,,,llama_p1024_o128,0,
1790838257,584,,,llama_p2048_o64,0.594,
1790838258,585,,,resnet50_image,176.875,
1790838258,585,,,vgg16_image,553.509,
1790838258,585,,,vit_base_image,131.391,
1790838258,585,,,gpt2_p64_o64,1.327,
1790838258,585,,,gpt2_p512_o512,0.163,
1790838258,585,,,llama_p1024_o128,0,
1790838258,585,,,llama_p2048_o64,0.594,
1790838259,586,10,transition,resnet50_image,176.875,100.61363406976928
1790838259,586,10,transition,vgg16_image,553.509,444.6504672897196
1790838259,586,10,transition,vit_base_image,131.391,73.56037151702786
1790838259,586,10,transition,gpt2_p64_o64,1.327,0.232258064516129
1790838259,586,10,transition,gpt2_p512_o512,0.163,0.0853080568720379
1790838259,586,10,transition,llama_p1024_o128,0,0.0
1790838259,586,10,transition,llama_p2048_o64,0.594,0.0
1790838260,587,10,transition,resnet50_image,176.875,100.61363406976928
1790838260,587,10,transition,vgg16_image,553.509,444.6504672897196
1790838260,587,10,transition,vit_base_image,131.391,73.56037151702786
1790838260,587,10,transition,gpt2_p64_o64,1.327,0.232258064516129
1790838260,587,10,transition,gpt2_p512_o512,0.163,0.0853080568720379
1790838260,587,10,transition,llama_p1024_o128,0,0.0
1790838260,587,10,transition,llama_p2048_o64,0.594,0.0
1790838261,588,10,transition,resnet50_image,176.875,100.61363406976928
1790838261,588,10,transition,vgg16_image,553.509,444.6504672897196
1790838261,588,10,transition,vit_base_image,131.391,73.56037151702786
1790838261,588,10,transition,gpt2_p64_o64,1.327,0.232258064516129
1790838261,588,10,transition,gpt2_p512_o512,0.163,0.0853080568720379
1790838261,588,10,transition,llama_p1024_o128,0,0.0
1790838261,588,10,transition,llama_p2048_o64,0.594,0.0
1790838262,589,10,transition,resnet50_image,176.875,100.61363406976928
1790838262,589,10,transition,vgg16_image,553.509,444.6504672897196
1790838262,589,10,transition,vit_base_image,131.391,73.56037151702786
1790838262,589,10,transition,gpt2_p64_o64,1.327,0.232258064516129
1790838262,589,10,transition,gpt2_p512_o512,0.163,0.0853080568720379
1790838262,589,10,transition,llama_p1024_o128,0,0.0
1790838262,589,10,transition,llama_p2048_o64,0.594,0.0
1790838263,590,10,transition,resnet50_image,176.875,100.61363406976928
1790838263,590,10,transition,vgg16_image,553.509,444.6504672897196
1790838263,590,10,transition,vit_base_image,131.391,73.56037151702786
1790838263,590,10,transition,gpt2_p64_o64,1.327,0.232258064516129
1790838263,590,10,transition,gpt2_p512_o512,0.163,0.0853080568720379
1790838263,590,10,transition,llama_p1024_o128,0,0.0
1790838263,590,10,transition,llama_p2048_o64,0.594,0.0
1790838264,591,10,transition,resnet50_image,176.875,100.61363406976928
1790838264,591,10,transition,vgg16_image,553.509,444.6504672897196
1790838264,591,10,transition,vit_base_image,131.391,73.56037151702786
1790838264,591,10,transition,gpt2_p64_o64,1.327,0.232258064516129
1790838264,591,10,transition,gpt2_p512_o512,0.163,0.0853080568720379
1790838264,591,10,transition,llama_p1024_o128,0,0.0
1790838264,591,10,transition,llama_p2048_o64,0.594,0.0
1790838265,592,10,transition,resnet50_image,176.875,100.61363406976928
1790838265,592,10,transition,vgg16_image,553.509,444.6504672897196
1790838265,592,10,transition,vit_base_image,131.391,73.56037151702786
1790838265,592,10,transition,gpt2_p64_o64,1.327,0.232258064516129
1790838265,592,10,transition,gpt2_p512_o512,0.163,0.0853080568720379
1790838265,592,10,transition,llama_p1024_o128,0,0.0
1790838265,592,10,transition,llama_p2048_o64,0.594,0.0
1790838266,593,10,transition,resnet50_image,176.875,100.61363406976928
1790838266,593,10,transition,vgg16_image,553.509,444.6504672897196
1790838266,593,10,transition,vit_base_image,131.391,73.56037151702786
1790838266,593,10,transition,gpt2_p64_o64,1.327,0.232258064516129
1790838266,593,10,transition,gpt2_p512_o512,0.163,0.0853080568720379
1790838266,593,10,transition,llama_p1024_o128,0,0.0
1790838266,593,10,transition,llama_p2048_o64,0.594,0.0
1790838267,594,10,transition,resnet50_image,176.875,100.61363406976928
1790838267,594,10,transition,vgg16_image,553.509,444.6504672897196
1790838267,594,10,transition,vit_base_image,131.391,73.56037151702786
1790838267,594,10,transition,gpt2_p64_o64,1.327,0.232258064516129
1790838267,594,10,transition,gpt2_p512_o512,0.163,0.0853080568720379
1790838267,594,10,transition,llama_p1024_o128,0,0.0
1790838267,594,10,transition,llama_p2048_o64,0.594,0.0
1790838268,595,10,transition,resnet50_image,0,100.61363406976928
1790838268,595,10,transition,vgg16_image,0,444.6504672897196
1790838268,595,10,transition,vit_base_image,0,73.56037151702786
1790838268,595,10,transition,gpt2_p64_o64,1.327,0.232258064516129
1790838268,595,10,transition,gpt2_p512_o512,0.163,0.0853080568720379
1790838268,595,10,transition,llama_p1024_o128,0,0.0
1790838268,595,10,transition,llama_p2048_o64,0,0.0
1790838269,596,10,transition,resnet50_image,0,100.61363406976928
1790838269,596,10,transition,vgg16_image,0,444.6504672897196
1790838269,596,10,transition,vit_base_image,0,73.56037151702786
1790838269,596,10,transition,gpt2_p64_o64,1.327,0.232258064516129
1790838269,596,10,transition,gpt2_p512_o512,0.163,0.0853080568720379
1790838269,596,10,transition,llama_p1024_o128,0,0.0
1790838269,596,10,transition,llama_p2048_o64,0,0.0
1790838270,597,10,transition,resnet50_image,0,100.61363406976928
1790838270,597,10,transition,vgg16_image,0,444.6504672897196
1790838270,597,10,transition,vit_base_image,0,73.56037151702786
1790838270,597,10,transition,gpt2_p64_o64,1.327,0.232258064516129
1790838270,597,10,transition,gpt2_p512_o512,0.163,0.0853080568720379
1790838270,597,10,transition,llama_p1024_o128,0,0.0
1790838270,597,10,transition,llama_p2048_o64,0,0.0
1790838271,598,10,transition,resnet50_image,0,100.61363406976928
1790838271,598,10,transition,vgg16_image,0,444.6504672897196
1790838271,598,10,transition,vit_base_image,0,73.56037151702786
1790838271,598,10,transition,gpt2_p64_o64,1.327,0.232258064516129
1790838271,598,10,transition,gpt2_p512_o512,0.163,0.0853080568720379
1790838271,598,10,transition,llama_p1024_o128,0,0.0
1790838271,598,10,transition,llama_p2048_o64,0,0.0
1790838272,599,10,transition,resnet50_image,0,100.61363406976928
1790838272,599,10,transition,vgg16_image,0,444.6504672897196
1790838272,599,10,transition,vit_base_image,0,73.56037151702786
1790838272,599,10,transition,gpt2_p64_o64,1.327,0.232258064516129
1790838272,599,10,transition,gpt2_p512_o512,0.163,0.0853080568720379
1790838272,599,10,transition,llama_p1024_o128,0,0.0
1790838272,599,10,transition,llama_p2048_o64,0,0.0
1790838273,600,10,transition,resnet50_image,0,100.61363406976928
1790838273,600,10,transition,vgg16_image,0,444.6504672897196
1790838273,600,10,transition,vit_base_image,0,73.56037151702786
1790838273,600,10,transition,gpt2_p64_o64,1.327,0.232258064516129
1790838273,600,10,transition,gpt2_p512_o512,0.163,0.0853080568720379
1790838273,600,10,transition,llama_p1024_o128,0,0.0
1790838273,600,10,transition,llama_p2048_o64,0,0.0
1790838274,601,10,transition,resnet50_image,0,100.61363406976928
1790838274,601,10,transition,vgg16_image,0,444.6504672897196
1790838274,601,10,transition,vit_base_image,0,73.56037151702786
1790838274,601,10,transition,gpt2_p64_o64,1.327,0.232258064516129
1790838274,601,10,transition,gpt2_p512_o512,0.163,0.0853080568720379
1790838274,601,10,transition,llama_p1024_o128,0,0.0
1790838274,601,10,transition,llama_p2048_o64,0,0.0
1790838275,602,10,transition,resnet50_image,0,100.61363406976928
1790838275,602,10,transition,vgg16_image,458.849,444.6504672897196
1790838275,602,10,transition,vit_base_image,0,73.56037151702786
1790838275,602,10,transition,gpt2_p64_o64,1.327,0.232258064516129
1790838275,602,10,transition,gpt2_p512_o512,0.163,0.0853080568720379
1790838275,602,10,transition,llama_p1024_o128,0,0.0
1790838275,602,10,transition,llama_p2048_o64,0,0.0
1790838276,603,10,transition,resnet50_image,0,100.61363406976928
1790838276,603,10,transition,vgg16_image,458.849,444.6504672897196
1790838276,603,10,transition,vit_base_image,0,73.56037151702786
1790838276,603,10,transition,gpt2_p64_o64,1.327,0.232258064516129
1790838276,603,10,transition,gpt2_p512_o512,0.163,0.0853080568720379
1790838276,603,10,transition,llama_p1024_o128,0,0.0
1790838276,603,10,transition,llama_p2048_o64,0,0.0
1790838277,604,10,transition,resnet50_image,0,100.61363406976928
1790838277,604,10,transition,vgg16_image,458.849,444.6504672897196
1790838277,604,10,transition,vit_base_image,0,73.56037151702786
1790838277,604,10,transition,gpt2_p64_o64,1.327,0.232258064516129
1790838277,604,10,transition,gpt2_p512_o512,0.163,0.0853080568720379
1790838277,604,10,transition,llama_p1024_o128,0,0.0
1790838277,604,10,transition,llama_p2048_o64,0,0.0
1790838278,605,10,transition,resnet50_image,0,100.61363406976928
1790838278,605,10,transition,vgg16_image,458.849,444.6504672897196
1790838278,605,10,transition,vit_base_image,0,73.56037151702786
1790838278,605,10,transition,gpt2_p64_o64,1.327,0.232258064516129
1790838278,605,10,transition,gpt2_p512_o512,0.163,0.0853080568720379
1790838278,605,10,transition,llama_p1024_o128,0,0.0
1790838278,605,10,transition,llama_p2048_o64,0,0.0
1790838279,606,10,transition,resnet50_image,0,100.61363406976928
1790838279,606,10,transition,vgg16_image,458.849,444.6504672897196
1790838279,606,10,transition,vit_base_image,0,73.56037151702786
1790838279,606,10,transition,gpt2_p64_o64,1.327,0.232258064516129
1790838279,606,10,transition,gpt2_p512_o512,0.163,0.0853080568720379
1790838279,606,10,transition,llama_p1024_o128,0,0.0
1790838279,606,10,transition,llama_p2048_o64,0,0.0
1790838280,607,10,transition,resnet50_image,0,100.61363406976928
1790838280,607,10,transition,vgg16_image,458.849,444.6504672897196
1790838280,607,10,transition,vit_base_image,0,73.56037151702786
1790838280,607,10,transition,gpt2_p64_o64,1.327,0.232258064516129
1790838280,607,10,transition,gpt2_p512_o512,0.163,0.0853080568720379
1790838280,607,10,transition,llama_p1024_o128,0,0.0
1790838280,607,10,transition,llama_p2048_o64,0,0.0
1790838281,608,10,transition,resnet50_image,0,100.61363406976928
1790838281,608,10,transition,vgg16_image,458.849,444.6504672897196
1790838281,608,10,transition,vit_base_image,0,73.56037151702786
1790838281,608,10,transition,gpt2_p64_o64,1.327,0.232258064516129
1790838281,608,10,transition,gpt2_p512_o512,0.163,0.0853080568720379
1790838281,608,10,transition,llama_p1024_o128,0,0.0
1790838281,608,10,transition,llama_p2048_o64,0,0.0
1790838282,609,10,transition,resnet50_image,0,100.61363406976928
1790838282,609,10,transition,vgg16_image,458.849,444.6504672897196
1790838282,609,10,transition,vit_base_image,0,73.56037151702786
1790838282,609,10,transition,gpt2_p64_o64,1.327,0.232258064516129
1790838282,609,10,transition,gpt2_p512_o512,0.163,0.0853080568720379
1790838282,609,10,transition,llama_p1024_o128,0,0.0
1790838282,609,10,transition,llama_p2048_o64,0,0.0
1790838283,610,10,transition,resnet50_image,0,100.61363406976928
1790838283,610,10,transition,vgg16_image,458.849,444.6504672897196
1790838283,610,10,transition,vit_base_image,0,73.56037151702786
1790838283,610,10,transition,gpt2_p64_o64,1.327,0.232258064516129
1790838283,610,10,transition,gpt2_p512_o512,0.163,0.0853080568720379
1790838283,610,10,transition,llama_p1024_o128,0,0.0
1790838283,610,10,transition,llama_p2048_o64,0,0.0
1790838284,611,10,transition,resnet50_image,0,100.61363406976928
1790838284,611,10,transition,vgg16_image,458.849,444.6504672897196
1790838284,611,10,transition,vit_base_image,0,73.56037151702786
1790838284,611,10,transition,gpt2_p64_o64,1.327,0.232258064516129
1790838284,611,10,transition,gpt2_p512_o512,0.163,0.0853080568720379
1790838284,611,10,transition,llama_p1024_o128,0,0.0
1790838284,611,10,transition,llama_p2048_o64,0,0.0
1790838285,612,10,transition,resnet50_image,0,100.61363406976928
1790838285,612,10,transition,vgg16_image,458.849,444.6504672897196
1790838285,612,10,transition,vit_base_image,0,73.56037151702786
1790838285,612,10,transition,gpt2_p64_o64,1.327,0.232258064516129
1790838285,612,10,transition,gpt2_p512_o512,0.163,0.0853080568720379
1790838285,612,10,transition,llama_p1024_o128,0,0.0
1790838285,612,10,transition,llama_p2048_o64,0,0.0
1790838286,613,10,transition,resnet50_image,0,100.61363406976928
1790838286,613,10,transition,vgg16_image,458.849,444.6504672897196
1790838286,613,10,transition,vit_base_image,0,73.56037151702786
1790838286,613,10,transition,gpt2_p64_o64,1.327,0.232258064516129
1790838286,613,10,transition,gpt2_p512_o512,0.163,0.0853080568720379
1790838286,613,10,transition,llama_p1024_o128,0,0.0
1790838286,613,10,transition,llama_p2048_o64,0,0.0
1790838287,614,10,transition,resnet50_image,0,100.61363406976928
1790838287,614,10,transition,vgg16_image,458.849,444.6504672897196
1790838287,614,10,transition,vit_base_image,0,73.56037151702786
1790838287,614,10,transition,gpt2_p64_o64,1.327,0.232258064516129
1790838287,614,10,transition,gpt2_p512_o512,0.163,0.0853080568720379
1790838287,614,10,transition,llama_p1024_o128,0,0.0
1790838287,614,10,transition,llama_p2048_o64,0,0.0
1790838288,615,10,transition,resnet50_image,0,100.61363406976928
1790838288,615,10,transition,vgg16_image,458.849,444.6504672897196
1790838288,615,10,transition,vit_base_image,0,73.56037151702786
1790838288,615,10,transition,gpt2_p64_o64,1.327,0.232258064516129
1790838288,615,10,transition,gpt2_p512_o512,0.163,0.0853080568720379
1790838288,615,10,transition,llama_p1024_o128,0,0.0
1790838288,615,10,transition,llama_p2048_o64,0,0.0
1790838289,616,10,transition,resnet50_image,176.875,100.61363406976928
1790838289,616,10,transition,vgg16_image,458.849,444.6504672897196
1790838289,616,10,transition,vit_base_image,84.865,73.56037151702786
1790838289,616,10,transition,gpt2_p64_o64,1.327,0.232258064516129
1790838289,616,10,transition,gpt2_p512_o512,0.163,0.0853080568720379
1790838289,616,10,transition,llama_p1024_o128,0,0.0
1790838289,616,10,transition,llama_p2048_o64,0,0.0
1790838290,617,10,steady,resnet50_image,176.875,109.74604911579873
1790838290,617,10,steady,vgg16_image,458.849,444.6504672897196
1790838290,617,10,steady,vit_base_image,84.865,73.56037151702786
1790838290,617,10,steady,gpt2_p64_o64,1.327,0.232258064516129
1790838290,617,10,steady,gpt2_p512_o512,0.163,0.0853080568720379
1790838290,617,10,steady,llama_p1024_o128,0,0.0
1790838290,617,10,steady,llama_p2048_o64,0,0.0
1790838291,618,10,steady,resnet50_image,176.875,109.74604911579873
1790838291,618,10,steady,vgg16_image,458.849,444.6504672897196
1790838291,618,10,steady,vit_base_image,84.865,73.56037151702786
1790838291,618,10,steady,gpt2_p64_o64,1.327,0.232258064516129
1790838291,618,10,steady,gpt2_p512_o512,0.163,0.0853080568720379
1790838291,618,10,steady,llama_p1024_o128,0,0.0
1790838291,618,10,steady,llama_p2048_o64,0,0.0
1790838292,619,10,steady,resnet50_image,176.875,109.74604911579873
1790838292,619,10,steady,vgg16_image,458.849,444.6504672897196
1790838292,619,10,steady,vit_base_image,84.865,73.56037151702786
1790838292,619,10,steady,gpt2_p64_o64,1.327,0.232258064516129
1790838292,619,10,steady,gpt2_p512_o512,0.163,0.0853080568720379
1790838292,619,10,steady,llama_p1024_o128,0,0.0
1790838292,619,10,steady,llama_p2048_o64,0,0.0
1790838293,620,10,steady,resnet50_image,176.875,109.74604911579873
1790838293,620,10,steady,vgg16_image,458.849,444.6504672897196
1790838293,620,10,steady,vit_base_image,84.865,73.56037151702786
1790838293,620,10,steady,gpt2_p64_o64,1.327,0.232258064516129
1790838293,620,10,steady,gpt2_p512_o512,0.163,0.0853080568720379
1790838293,620,10,steady,llama_p1024_o128,0,0.0
1790838293,620,10,steady,llama_p2048_o64,0,0.0
1790838294,621,10,steady,resnet50_image,176.875,109.74604911579873
1790838294,621,10,steady,vgg16_image,458.849,444.6504672897196
1790838294,621,10,steady,vit_base_image,84.865,73.56037151702786
1790838294,621,10,steady,gpt2_p64_o64,1.327,0.232258064516129
1790838294,621,10,steady,gpt2_p512_o512,0.163,0.0853080568720379
1790838294,621,10,steady,llama_p1024_o128,0,0.0
1790838294,621,10,steady,llama_p2048_o64,0,0.0
1790838295,622,10,steady,resnet50_image,176.875,109.74604911579873
1790838295,622,10,steady,vgg16_image,458.849,444.6504672897196
1790838295,622,10,steady,vit_base_image,84.865,73.56037151702786
1790838295,622,10,steady,gpt2_p64_o64,1.327,0.232258064516129
1790838295,622,10,steady,gpt2_p512_o512,0.163,0.0853080568720379
1790838295,622,10,steady,llama_p1024_o128,0,0.0
1790838295,622,10,steady,llama_p2048_o64,0,0.0
1790838296,623,10,steady,resnet50_image,176.875,109.74604911579873
1790838296,623,10,steady,vgg16_image,458.849,444.6504672897196
1790838296,623,10,steady,vit_base_image,84.865,73.56037151702786
1790838296,623,10,steady,gpt2_p64_o64,1.327,0.232258064516129
1790838296,623,10,steady,gpt2_p512_o512,0.163,0.0853080568720379
1790838296,623,10,steady,llama_p1024_o128,0,0.0
1790838296,623,10,steady,llama_p2048_o64,0,0.0
1790838297,624,10,steady,resnet50_image,176.875,109.74604911579873
1790838297,624,10,steady,vgg16_image,458.849,444.6504672897196
1790838297,624,10,steady,vit_base_image,84.865,73.56037151702786
1790838297,624,10,steady,gpt2_p64_o64,1.327,0.232258064516129
1790838297,624,10,steady,gpt2_p512_o512,0.163,0.0853080568720379
1790838297,624,10,steady,llama_p1024_o128,0,0.0
1790838297,624,10,steady,llama_p2048_o64,0,0.0
1790838298,625,10,steady,resnet50_image,176.875,109.74604911579873
1790838298,625,10,steady,vgg16_image,458.849,444.6504672897196
1790838298,625,10,steady,vit_base_image,84.865,73.56037151702786
1790838298,625,10,steady,gpt2_p64_o64,1.327,0.232258064516129
1790838298,625,10,steady,gpt2_p512_o512,0.163,0.0853080568720379
1790838298,625,10,steady,llama_p1024_o128,0,0.0
1790838298,625,10,steady,llama_p2048_o64,0,0.0
1790838299,626,10,steady,resnet50_image,176.875,109.74604911579873
1790838299,626,10,steady,vgg16_image,458.849,444.6504672897196
1790838299,626,10,steady,vit_base_image,84.865,73.56037151702786
1790838299,626,10,steady,gpt2_p64_o64,1.327,0.232258064516129
1790838299,626,10,steady,gpt2_p512_o512,0.163,0.0853080568720379
1790838299,626,10,steady,llama_p1024_o128,0,0.0
1790838299,626,10,steady,llama_p2048_o64,0,0.0
1790838300,627,10,steady,resnet50_image,176.875,109.74604911579873
1790838300,627,10,steady,vgg16_image,458.849,444.6504672897196
1790838300,627,10,steady,vit_base_image,84.865,73.56037151702786
1790838300,627,10,steady,gpt2_p64_o64,1.327,0.232258064516129
1790838300,627,10,steady,gpt2_p512_o512,0.163,0.0853080568720379
1790838300,627,10,steady,llama_p1024_o128,0,0.0
1790838300,627,10,steady,llama_p2048_o64,0,0.0
1790838301,628,10,steady,resnet50_image,176.875,109.74604911579873
1790838301,628,10,steady,vgg16_image,458.849,444.6504672897196
1790838301,628,10,steady,vit_base_image,84.865,73.56037151702786
1790838301,628,10,steady,gpt2_p64_o64,1.327,0.232258064516129
1790838301,628,10,steady,gpt2_p512_o512,0.163,0.0853080568720379
1790838301,628,10,steady,llama_p1024_o128,0,0.0
1790838301,628,10,steady,llama_p2048_o64,0,0.0
1790838302,629,10,steady,resnet50_image,176.875,109.74604911579873
1790838302,629,10,steady,vgg16_image,458.849,444.6504672897196
1790838302,629,10,steady,vit_base_image,84.865,73.56037151702786
1790838302,629,10,steady,gpt2_p64_o64,1.327,0.232258064516129
1790838302,629,10,steady,gpt2_p512_o512,0.163,0.0853080568720379
1790838302,629,10,steady,llama_p1024_o128,0,0.0
1790838302,629,10,steady,llama_p2048_o64,0,0.0
1790838303,630,10,steady,resnet50_image,176.875,109.74604911579873
1790838303,630,10,steady,vgg16_image,458.849,444.6504672897196
1790838303,630,10,steady,vit_base_image,84.865,73.56037151702786
1790838303,630,10,steady,gpt2_p64_o64,1.327,0.232258064516129
1790838303,630,10,steady,gpt2_p512_o512,0.163,0.0853080568720379
1790838303,630,10,steady,llama_p1024_o128,0,0.0
1790838303,630,10,steady,llama_p2048_o64,0,0.0
1790838304,631,10,steady,resnet50_image,176.875,109.74604911579873
1790838304,631,10,steady,vgg16_image,458.849,444.6504672897196
1790838304,631,10,steady,vit_base_image,84.865,73.56037151702786
1790838304,631,10,steady,gpt2_p64_o64,1.327,0.232258064516129
1790838304,631,10,steady,gpt2_p512_o512,0.163,0.0853080568720379
1790838304,631,10,steady,llama_p1024_o128,0,0.0
1790838304,631,10,steady,llama_p2048_o64,0,0.0
1790838305,632,10,steady,resnet50_image,176.875,109.74604911579873
1790838305,632,10,steady,vgg16_image,458.849,444.6504672897196
1790838305,632,10,steady,vit_base_image,84.865,73.56037151702786
1790838305,632,10,steady,gpt2_p64_o64,1.327,0.232258064516129
1790838305,632,10,steady,gpt2_p512_o512,0.163,0.0853080568720379
1790838305,632,10,steady,llama_p1024_o128,0,0.0
1790838305,632,10,steady,llama_p2048_o64,0,0.0
1790838306,633,10,steady,resnet50_image,176.875,109.74604911579873
1790838306,633,10,steady,vgg16_image,458.849,444.6504672897196
1790838306,633,10,steady,vit_base_image,84.865,73.56037151702786
1790838306,633,10,steady,gpt2_p64_o64,1.327,0.232258064516129
1790838306,633,10,steady,gpt2_p512_o512,0.163,0.0853080568720379
1790838306,633,10,steady,llama_p1024_o128,0,0.0
1790838306,633,10,steady,llama_p2048_o64,0,0.0
1790838307,634,10,steady,resnet50_image,176.875,109.74604911579873
1790838307,634,10,steady,vgg16_image,458.849,444.6504672897196
1790838307,634,10,steady,vit_base_image,84.865,73.56037151702786
1790838307,634,10,steady,gpt2_p64_o64,1.327,0.232258064516129
1790838307,634,10,steady,gpt2_p512_o512,0.163,0.0853080568720379
1790838307,634,10,steady,llama_p1024_o128,0,0.0
1790838307,634,10,steady,llama_p2048_o64,0,0.0
1790838308,635,10,steady,resnet50_image,176.875,109.74604911579873
1790838308,635,10,steady,vgg16_image,458.849,444.6504672897196
1790838308,635,10,steady,vit_base_image,84.865,73.56037151702786
1790838308,635,10,steady,gpt2_p64_o64,1.327,0.232258064516129
1790838308,635,10,steady,gpt2_p512_o512,0.163,0.0853080568720379
1790838308,635,10,steady,llama_p1024_o128,0,0.0
1790838308,635,10,steady,llama_p2048_o64,0,0.0
1790838309,636,10,steady,resnet50_image,176.875,109.74604911579873
1790838309,636,10,steady,vgg16_image,458.849,444.6504672897196
1790838309,636,10,steady,vit_base_image,84.865,73.56037151702786
1790838309,636,10,steady,gpt2_p64_o64,1.327,0.232258064516129
1790838309,636,10,steady,gpt2_p512_o512,0.163,0.0853080568720379
1790838309,636,10,steady,llama_p1024_o128,0,0.0
1790838309,636,10,steady,llama_p2048_o64,0,0.0
1790838310,637,10,steady,resnet50_image,176.875,109.74604911579873
1790838310,637,10,steady,vgg16_image,458.849,444.6504672897196
1790838310,637,10,steady,vit_base_image,84.865,73.56037151702786
1790838310,637,10,steady,gpt2_p64_o64,1.327,0.232258064516129
1790838310,637,10,steady,gpt2_p512_o512,0.163,0.0853080568720379
1790838310,637,10,steady,llama_p1024_o128,0,0.0
1790838310,637,10,steady,llama_p2048_o64,0,0.0
1790838311,638,10,steady,resnet50_image,176.875,109.74604911579873
1790838311,638,10,steady,vgg16_image,458.849,444.6504672897196
1790838311,638,10,steady,vit_base_image,84.865,73.56037151702786
1790838311,638,10,steady,gpt2_p64_o64,1.327,0.232258064516129
1790838311,638,10,steady,gpt2_p512_o512,0.163,0.0853080568720379
1790838311,638,10,steady,llama_p1024_o128,0,0.0
1790838311,638,10,steady,llama_p2048_o64,0,0.0
1790838312,639,10,steady,resnet50_image,176.875,109.74604911579873
1790838312,639,10,steady,vgg16_image,458.849,444.6504672897196
1790838312,639,10,steady,vit_base_image,84.865,73.56037151702786
1790838312,639,10,steady,gpt2_p64_o64,1.327,0.232258064516129
1790838312,639,10,steady,gpt2_p512_o512,0.163,0.0853080568720379
1790838312,639,10,steady,llama_p1024_o128,0,0.0
1790838312,639,10,steady,llama_p2048_o64,0,0.0
1790838313,640,10,steady,resnet50_image,176.875,109.74604911579873
1790838313,640,10,steady,vgg16_image,458.849,444.6504672897196
1790838313,640,10,steady,vit_base_image,84.865,73.56037151702786
1790838313,640,10,steady,gpt2_p64_o64,1.327,0.232258064516129
1790838313,640,10,steady,gpt2_p512_o512,0.163,0.0853080568720379
1790838313,640,10,steady,llama_p1024_o128,0,0.0
1790838313,640,10,steady,llama_p2048_o64,0,0.0
1790838314,641,10,steady,resnet50_image,176.875,109.74604911579873
1790838314,641,10,steady,vgg16_image,458.849,444.6504672897196
1790838314,641,10,steady,vit_base_image,84.865,73.56037151702786
1790838314,641,10,steady,gpt2_p64_o64,1.327,0.232258064516129
1790838314,641,10,steady,gpt2_p512_o512,0.163,0.0853080568720379
1790838314,641,10,steady,llama_p1024_o128,0,0.0
1790838314,641,10,steady,llama_p2048_o64,0,0.0
1790838315,642,10,steady,resnet50_image,176.875,109.74604911579873
1790838315,642,10,steady,vgg16_image,458.849,444.6504672897196
1790838315,642,10,steady,vit_base_image,84.865,73.56037151702786
1790838315,642,10,steady,gpt2_p64_o64,1.327,0.232258064516129
1790838315,642,10,steady,gpt2_p512_o512,0.163,0.0853080568720379
1790838315,642,10,steady,llama_p1024_o128,0,0.0
1790838315,642,10,steady,llama_p2048_o64,0,0.0
1790838316,643,10,steady,resnet50_image,176.875,109.74604911579873
1790838316,643,10,steady,vgg16_image,458.849,444.6504672897196
1790838316,643,10,steady,vit_base_image,84.865,73.56037151702786
1790838316,643,10,steady,gpt2_p64_o64,1.327,0.232258064516129
1790838316,643,10,steady,gpt2_p512_o512,0.163,0.0853080568720379
1790838316,643,10,steady,llama_p1024_o128,0,0.0
1790838316,643,10,steady,llama_p2048_o64,0,0.0
1790838317,644,10,steady,resnet50_image,176.875,109.74604911579873
1790838317,644,10,steady,vgg16_image,458.849,444.6504672897196
1790838317,644,10,steady,vit_base_image,84.865,73.56037151702786
1790838317,644,10,steady,gpt2_p64_o64,1.327,0.232258064516129
1790838317,644,10,steady,gpt2_p512_o512,0.163,0.0853080568720379
1790838317,644,10,steady,llama_p1024_o128,0,0.0
1790838317,644,10,steady,llama_p2048_o64,0,0.0
1790838318,645,10,steady,resnet50_image,176.875,109.74604911579873
1790838318,645,10,steady,vgg16_image,458.849,444.6504672897196
1790838318,645,10,steady,vit_base_image,84.865,73.56037151702786
1790838318,645,10,steady,gpt2_p64_o64,1.327,0.232258064516129
1790838318,645,10,steady,gpt2_p512_o512,0.163,0.0853080568720379
1790838318,645,10,steady,llama_p1024_o128,0,0.0
1790838318,645,10,steady,llama_p2048_o64,0,0.0
1790838319,646,10,steady,resnet50_image,176.875,109.74604911579873
1790838319,646,10,steady,vgg16_image,458.849,444.6504672897196
1790838319,646,10,steady,vit_base_image,84.865,73.56037151702786
1790838319,646,10,steady,gpt2_p64_o64,1.327,0.232258064516129
1790838319,646,10,steady,gpt2_p512_o512,0.163,0.0853080568720379
1790838319,646,10,steady,llama_p1024_o128,0,0.0
1790838319,646,10,steady,llama_p2048_o64,0,0.0
1790838320,647,,,resnet50_image,176.875,
1790838320,647,,,vgg16_image,458.849,
1790838320,647,,,vit_base_image,84.865,
1790838320,647,,,gpt2_p64_o64,1.327,
1790838320,647,,,gpt2_p512_o512,0.163,
1790838320,647,,,llama_p1024_o128,0,
1790838320,647,,,llama_p2048_o64,0,
1790838321,648,,,resnet50_image,176.875,
1790838321,648,,,vgg16_image,458.849,
1790838321,648,,,vit_base_image,84.865,
1790838321,648,,,gpt2_p64_o64,1.327,
1790838321,648,,,gpt2_p512_o512,0.163,
1790838321,648,,,llama_p1024_o128,0,
1790838321,648,,,llama_p2048_o64,0,
1790838322,649,,,resnet50_image,176.875,
1790838322,649,,,vgg16_image,458.849,
1790838322,649,,,vit_base_image,84.865,
1790838322,649,,,gpt2_p64_o64,1.327,
1790838322,649,,,gpt2_p512_o512,0.163,
1790838322,649,,,llama_p1024_o128,0,
1790838322,649,,,llama_p2048_o64,0,
1790838323,650,,,resnet50_image,176.875,
1790838323,650,,,vgg16_image,458.849,
1790838323,650,,,vit_base_image,84.865,
1790838323,650,,,gpt2_p64_o64,1.327,
1790838323,650,,,gpt2_p512_o512,0.163,
1790838323,650,,,llama_p1024_o128,0,
1790838323,650,,,llama_p2048_o64,0,
1790838324,651,,,resnet50_image,176.875,
1790838324,651,,,vgg16_image,458.849,
1790838324,651,,,vit_base_image,84.865,
1790838324,651,,,gpt2_p64_o64,1.327,
1790838324,651,,,gpt2_p512_o512,0.163,
1790838324,651,,,llama_p1024_o128,0,
1790838324,651,,,llama_p2048_o64,0,
1790838325,652,,,resnet50_image,176.875,
1790838325,652,,,vgg16_image,458.849,
1790838325,652,,,vit_base_image,84.865,
1790838325,652,,,gpt2_p64_o64,1.327,
1790838325,652,,,gpt2_p512_o512,0.163,
1790838325,652,,,llama_p1024_o128,0,
1790838325,652,,,llama_p2048_o64,0,
1790838326,653,,,resnet50_image,176.875,
1790838326,653,,,vgg16_image,458.849,
1790838326,653,,,vit_base_image,84.865,
1790838326,653,,,gpt2_p64_o64,1.327,
1790838326,653,,,gpt2_p512_o512,0.163,
1790838326,653,,,llama_p1024_o128,0,
1790838326,653,,,llama_p2048_o64,0,
1790838327,654,,,resnet50_image,176.875,
1790838327,654,,,vgg16_image,458.849,
1790838327,654,,,vit_base_image,84.865,
1790838327,654,,,gpt2_p64_o64,1.327,
1790838327,654,,,gpt2_p512_o512,0.163,
1790838327,654,,,llama_p1024_o128,0,
1790838327,654,,,llama_p2048_o64,0,
1790838328,655,,,resnet50_image,176.875,
1790838328,655,,,vgg16_image,458.849,
1790838328,655,,,vit_base_image,84.865,
1790838328,655,,,gpt2_p64_o64,1.327,
1790838328,655,,,gpt2_p512_o512,0.163,
1790838328,655,,,llama_p1024_o128,0,
1790838328,655,,,llama_p2048_o64,0,
1790838329,656,,,resnet50_image,176.875,
1790838329,656,,,vgg16_image,458.849,
1790838329,656,,,vit_base_image,84.865,
1790838329,656,,,gpt2_p64_o64,1.327,
1790838329,656,,,gpt2_p512_o512,0.163,
1790838329,656,,,llama_p1024_o128,0,
1790838329,656,,,llama_p2048_o64,0,
1790838330,657,,,resnet50_image,176.875,
1790838330,657,,,vgg16_image,458.849,
1790838330,657,,,vit_base_image,84.865,
1790838330,657,,,gpt2_p64_o64,1.327,
1790838330,657,,,gpt2_p512_o512,0.163,
1790838330,657,,,llama_p1024_o128,0,
1790838330,657,,,llama_p2048_o64,0,
1790838331,658,,,resnet50_image,176.875,
1790838331,658,,,vgg16_image,458.849,
1790838331,658,,,vit_base_image,84.865,
1790838331,658,,,gpt2_p64_o64,1.327,
1790838331,658,,,gpt2_p512_o512,0.163,
1790838331,658,,,llama_p1024_o128,0,
1790838331,658,,,llama_p2048_o64,0,
1790838332,659,,,resnet50_image,176.875,
1790838332,659,,,vgg16_image,458.849,
1790838332,659,,,vit_base_image,84.865,
1790838332,659,,,gpt2_p64_o64,1.327,
1790838332,659,,,gpt2_p512_o512,0.163,
1790838332,659,,,llama_p1024_o128,0,
1790838332,659,,,llama_p2048_o64,0,
1790838333,660,,,resnet50_image,176.875,
1790838333,660,,,vgg16_image,458.849,
1790838333,660,,,vit_base_image,84.865,
1790838333,660,,,gpt2_p64_o64,1.327,
1790838333,660,,,gpt2_p512_o512,0.163,
1790838333,660,,,llama_p1024_o128,0,
1790838333,660,,,llama_p2048_o64,0,
1790838334,661,,,resnet50_image,176.875,
1790838334,661,,,vgg16_image,458.849,
1790838334,661,,,vit_base_image,84.865,
1790838334,661,,,gpt2_p64_o64,1.327,
1790838334,661,,,gpt2_p512_o512,0.163,
1790838334,661,,,llama_p1024_o128,0,
1790838334,661,,,llama_p2048_o64,0,
1790838335,662,,,resnet50_image,176.875,
1790838335,662,,,vgg16_image,458.849,
1790838335,662,,,vit_base_image,84.865,
1790838335,662,,,gpt2_p64_o64,1.327,
1790838335,662,,,gpt2_p512_o512,0.163,
1790838335,662,,,llama_p1024_o128,0,
1790838335,662,,,llama_p2048_o64,0,
1790838336,663,,,resnet50_image,176.875,
1790838336,663,,,vgg16_image,458.849,
1790838336,663,,,vit_base_image,84.865,
1790838336,663,,,gpt2_p64_o64,1.327,
1790838336,663,,,gpt2_p512_o512,0.163,
1790838336,663,,,llama_p1024_o128,0,
1790838336,663,,,llama_p2048_o64,0,
1790838337,664,,,resnet50_image,176.875,
1790838337,664,,,vgg16_image,458.849,
1790838337,664,,,vit_base_image,84.865,
1790838337,664,,,gpt2_p64_o64,1.327,
1790838337,664,,,gpt2_p512_o512,0.163,
1790838337,664,,,llama_p1024_o128,0,
1790838337,664,,,llama_p2048_o64,0,
1790838338,665,,,resnet50_image,176.875,
1790838338,665,,,vgg16_image,458.849,
1790838338,665,,,vit_base_image,84.865,
1790838338,665,,,gpt2_p64_o64,1.327,
1790838338,665,,,gpt2_p512_o512,0.163,
1790838338,665,,,llama_p1024_o128,0,
1790838338,665,,,llama_p2048_o64,0,
1790838339,666,,,resnet50_image,176.875,
1790838339,666,,,vgg16_image,458.849,
1790838339,666,,,vit_base_image,84.865,
1790838339,666,,,gpt2_p64_o64,1.327,
1790838339,666,,,gpt2_p512_o512,0.163,
1790838339,666,,,llama_p1024_o128,0,
1790838339,666,,,llama_p2048_o64,0,
1790838340,667,11,transition,resnet50_image,176.875,109.74604911579873
1790838340,667,11,transition,vgg16_image,458.849,400.5084112149533
1790838340,667,11,transition,vit_base_image,84.865,73.56037151702786
1790838340,667,11,transition,gpt2_p64_o64,1.327,0.0
1790838340,667,11,transition,gpt2_p512_o512,0.163,0.0
1790838340,667,11,transition,llama_p1024_o128,0,0.0
1790838340,667,11,transition,llama_p2048_o64,0,0.0
1790838341,668,11,transition,resnet50_image,176.875,109.74604911579873
1790838341,668,11,transition,vgg16_image,458.849,400.5084112149533
1790838341,668,11,transition,vit_base_image,84.865,73.56037151702786
1790838341,668,11,transition,gpt2_p64_o64,1.327,0.0
1790838341,668,11,transition,gpt2_p512_o512,0.163,0.0
1790838341,668,11,transition,llama_p1024_o128,0,0.0
1790838341,668,11,transition,llama_p2048_o64,0,0.0
1790838342,669,11,transition,resnet50_image,176.875,109.74604911579873
1790838342,669,11,transition,vgg16_image,458.849,400.5084112149533
1790838342,669,11,transition,vit_base_image,84.865,73.56037151702786
1790838342,669,11,transition,gpt2_p64_o64,1.327,0.0
1790838342,669,11,transition,gpt2_p512_o512,0.163,0.0
1790838342,669,11,transition,llama_p1024_o128,0,0.0
1790838342,669,11,transition,llama_p2048_o64,0,0.0
1790838343,670,11,transition,resnet50_image,176.875,109.74604911579873
1790838343,670,11,transition,vgg16_image,458.849,400.5084112149533
1790838343,670,11,transition,vit_base_image,84.865,73.56037151702786
1790838343,670,11,transition,gpt2_p64_o64,1.327,0.0
1790838343,670,11,transition,gpt2_p512_o512,0.163,0.0
1790838343,670,11,transition,llama_p1024_o128,0,0.0
1790838343,670,11,transition,llama_p2048_o64,0,0.0
1790838344,671,11,transition,resnet50_image,176.875,109.74604911579873
1790838344,671,11,transition,vgg16_image,458.849,400.5084112149533
1790838344,671,11,transition,vit_base_image,84.865,73.56037151702786
1790838344,671,11,transition,gpt2_p64_o64,1.327,0.0
1790838344,671,11,transition,gpt2_p512_o512,0.163,0.0
1790838344,671,11,transition,llama_p1024_o128,0,0.0
1790838344,671,11,transition,llama_p2048_o64,0,0.0
1790838345,672,11,transition,resnet50_image,176.875,109.74604911579873
1790838345,672,11,transition,vgg16_image,458.849,400.5084112149533
1790838345,672,11,transition,vit_base_image,84.865,73.56037151702786
1790838345,672,11,transition,gpt2_p64_o64,1.327,0.0
1790838345,672,11,transition,gpt2_p512_o512,0.163,0.0
1790838345,672,11,transition,llama_p1024_o128,0,0.0
1790838345,672,11,transition,llama_p2048_o64,0,0.0
1790838346,673,11,transition,resnet50_image,176.875,109.74604911579873
1790838346,673,11,transition,vgg16_image,458.849,400.5084112149533
1790838346,673,11,transition,vit_base_image,84.865,73.56037151702786
1790838346,673,11,transition,gpt2_p64_o64,1.327,0.0
1790838346,673,11,transition,gpt2_p512_o512,0.163,0.0
1790838346,673,11,transition,llama_p1024_o128,0,0.0
1790838346,673,11,transition,llama_p2048_o64,0,0.0
1790838347,674,11,transition,resnet50_image,176.875,109.74604911579873
1790838347,674,11,transition,vgg16_image,458.849,400.5084112149533
1790838347,674,11,transition,vit_base_image,84.865,73.56037151702786
1790838347,674,11,transition,gpt2_p64_o64,1.327,0.0
1790838347,674,11,transition,gpt2_p512_o512,0.163,0.0
1790838347,674,11,transition,llama_p1024_o128,0,0.0
1790838347,674,11,transition,llama_p2048_o64,0,0.0
1790838348,675,11,transition,resnet50_image,176.875,109.74604911579873
1790838348,675,11,transition,vgg16_image,458.849,400.5084112149533
1790838348,675,11,transition,vit_base_image,84.865,73.56037151702786
1790838348,675,11,transition,gpt2_p64_o64,1.327,0.0
1790838348,675,11,transition,gpt2_p512_o512,0.163,0.0
1790838348,675,11,transition,llama_p1024_o128,0,0.0
1790838348,675,11,transition,llama_p2048_o64,0,0.0
1790838349,676,11,transition,resnet50_image,176.875,109.74604911579873
1790838349,676,11,transition,vgg16_image,458.849,400.5084112149533
1790838349,676,11,transition,vit_base_image,84.865,73.56037151702786
1790838349,676,11,transition,gpt2_p64_o64,1.327,0.0
1790838349,676,11,transition,gpt2_p512_o512,0.163,0.0
1790838349,676,11,transition,llama_p1024_o128,0,0.0
1790838349,676,11,transition,llama_p2048_o64,0,0.0
1790838350,677,11,transition,resnet50_image,176.875,109.74604911579873
1790838350,677,11,transition,vgg16_image,458.849,400.5084112149533
1790838350,677,11,transition,vit_base_image,84.865,73.56037151702786
1790838350,677,11,transition,gpt2_p64_o64,1.327,0.0
1790838350,677,11,transition,gpt2_p512_o512,0.163,0.0
1790838350,677,11,transition,llama_p1024_o128,0,0.0
1790838350,677,11,transition,llama_p2048_o64,0,0.0
1790838351,678,11,transition,resnet50_image,176.875,109.74604911579873
1790838351,678,11,transition,vgg16_image,458.849,400.5084112149533
1790838351,678,11,transition,vit_base_image,84.865,73.56037151702786
1790838351,678,11,transition,gpt2_p64_o64,1.327,0.0
1790838351,678,11,transition,gpt2_p512_o512,0.163,0.0
1790838351,678,11,transition,llama_p1024_o128,0,0.0
1790838351,678,11,transition,llama_p2048_o64,0,0.0
1790838352,679,11,transition,resnet50_image,176.875,109.74604911579873
1790838352,679,11,transition,vgg16_image,458.849,400.5084112149533
1790838352,679,11,transition,vit_base_image,84.865,73.56037151702786
1790838352,679,11,transition,gpt2_p64_o64,1.327,0.0
1790838352,679,11,transition,gpt2_p512_o512,0.163,0.0
1790838352,679,11,transition,llama_p1024_o128,0,0.0
1790838352,679,11,transition,llama_p2048_o64,0,0.0
1790838353,680,11,transition,resnet50_image,176.875,109.74604911579873
1790838353,680,11,transition,vgg16_image,458.849,400.5084112149533
1790838353,680,11,transition,vit_base_image,84.865,73.56037151702786
1790838353,680,11,transition,gpt2_p64_o64,1.327,0.0
1790838353,680,11,transition,gpt2_p512_o512,0.163,0.0
1790838353,680,11,transition,llama_p1024_o128,0,0.0
1790838353,680,11,transition,llama_p2048_o64,0,0.0
1790838354,681,11,transition,resnet50_image,176.875,109.74604911579873
1790838354,681,11,transition,vgg16_image,458.849,400.5084112149533
1790838354,681,11,transition,vit_base_image,84.865,73.56037151702786
1790838354,681,11,transition,gpt2_p64_o64,1.327,0.0
1790838354,681,11,transition,gpt2_p512_o512,0.163,0.0
1790838354,681,11,transition,llama_p1024_o128,0,0.0
1790838354,681,11,transition,llama_p2048_o64,0,0.0
1790838355,682,11,transition,resnet50_image,176.875,109.74604911579873
1790838355,682,11,transition,vgg16_image,441.535,400.5084112149533
1790838355,682,11,transition,vit_base_image,84.865,73.56037151702786
1790838355,682,11,transition,gpt2_p64_o64,1.327,0.0
1790838355,682,11,transition,gpt2_p512_o512,0.163,0.0
1790838355,682,11,transition,llama_p1024_o128,0,0.0
1790838355,682,11,transition,llama_p2048_o64,0,0.0
1790838356,683,11,transition,resnet50_image,176.875,109.74604911579873
1790838356,683,11,transition,vgg16_image,441.535,400.5084112149533
1790838356,683,11,transition,vit_base_image,84.865,73.56037151702786
1790838356,683,11,transition,gpt2_p64_o64,1.327,0.0
1790838356,683,11,transition,gpt2_p512_o512,0.163,0.0
1790838356,683,11,transition,llama_p1024_o128,0,0.0
1790838356,683,11,transition,llama_p2048_o64,0,0.0
1790838357,684,11,transition,resnet50_image,176.875,109.74604911579873
1790838357,684,11,transition,vgg16_image,441.535,400.5084112149533
1790838357,684,11,transition,vit_base_image,84.865,73.56037151702786
1790838357,684,11,transition,gpt2_p64_o64,1.327,0.0
1790838357,684,11,transition,gpt2_p512_o512,0.163,0.0
1790838357,684,11,transition,llama_p1024_o128,0,0.0
1790838357,684,11,transition,llama_p2048_o64,0,0.0
1790838358,685,11,transition,resnet50_image,176.875,109.74604911579873
1790838358,685,11,transition,vgg16_image,441.535,400.5084112149533
1790838358,685,11,transition,vit_base_image,84.865,73.56037151702786
1790838358,685,11,transition,gpt2_p64_o64,1.327,0.0
1790838358,685,11,transition,gpt2_p512_o512,0.163,0.0
1790838358,685,11,transition,llama_p1024_o128,0,0.0
1790838358,685,11,transition,llama_p2048_o64,0,0.0
1790838359,686,11,transition,resnet50_image,176.875,109.74604911579873
1790838359,686,11,transition,vgg16_image,441.535,400.5084112149533
1790838359,686,11,transition,vit_base_image,84.865,73.56037151702786
1790838359,686,11,transition,gpt2_p64_o64,1.327,0.0
1790838359,686,11,transition,gpt2_p512_o512,0.163,0.0
1790838359,686,11,transition,llama_p1024_o128,0,0.0
1790838359,686,11,transition,llama_p2048_o64,0,0.0
1790838360,687,11,transition,resnet50_image,176.875,109.74604911579873
1790838360,687,11,transition,vgg16_image,441.535,400.5084112149533
1790838360,687,11,transition,vit_base_image,84.865,73.56037151702786
1790838360,687,11,transition,gpt2_p64_o64,1.327,0.0
1790838360,687,11,transition,gpt2_p512_o512,0.163,0.0
1790838360,687,11,transition,llama_p1024_o128,0,0.0
1790838360,687,11,transition,llama_p2048_o64,0,0.0
1790838361,688,11,transition,resnet50_image,176.875,109.74604911579873
1790838361,688,11,transition,vgg16_image,441.535,400.5084112149533
1790838361,688,11,transition,vit_base_image,84.865,73.56037151702786
1790838361,688,11,transition,gpt2_p64_o64,1.327,0.0
1790838361,688,11,transition,gpt2_p512_o512,0.163,0.0
1790838361,688,11,transition,llama_p1024_o128,0,0.0
1790838361,688,11,transition,llama_p2048_o64,0,0.0
1790838362,689,11,transition,resnet50_image,176.875,109.74604911579873
1790838362,689,11,transition,vgg16_image,441.535,400.5084112149533
1790838362,689,11,transition,vit_base_image,84.865,73.56037151702786
1790838362,689,11,transition,gpt2_p64_o64,1.327,0.0
1790838362,689,11,transition,gpt2_p512_o512,0.163,0.0
1790838362,689,11,transition,llama_p1024_o128,0,0.0
1790838362,689,11,transition,llama_p2048_o64,0,0.0
1790838363,690,11,transition,resnet50_image,176.875,109.74604911579873
1790838363,690,11,transition,vgg16_image,441.535,400.5084112149533
1790838363,690,11,transition,vit_base_image,84.865,73.56037151702786
1790838363,690,11,transition,gpt2_p64_o64,1.327,0.0
1790838363,690,11,transition,gpt2_p512_o512,0.163,0.0
1790838363,690,11,transition,llama_p1024_o128,0,0.0
1790838363,690,11,transition,llama_p2048_o64,0,0.0
1790838364,691,11,transition,resnet50_image,176.875,109.74604911579873
1790838364,691,11,transition,vgg16_image,441.535,400.5084112149533
1790838364,691,11,transition,vit_base_image,84.865,73.56037151702786
1790838364,691,11,transition,gpt2_p64_o64,1.327,0.0
1790838364,691,11,transition,gpt2_p512_o512,0.163,0.0
1790838364,691,11,transition,llama_p1024_o128,0,0.0
1790838364,691,11,transition,llama_p2048_o64,0,0.0
1790838365,692,11,transition,resnet50_image,176.875,109.74604911579873
1790838365,692,11,transition,vgg16_image,441.535,400.5084112149533
1790838365,692,11,transition,vit_base_image,84.865,73.56037151702786
1790838365,692,11,transition,gpt2_p64_o64,1.327,0.0
1790838365,692,11,transition,gpt2_p512_o512,0.163,0.0
1790838365,692,11,transition,llama_p1024_o128,0,0.0
1790838365,692,11,transition,llama_p2048_o64,0,0.0
1790838366,693,11,transition,resnet50_image,176.875,109.74604911579873
1790838366,693,11,transition,vgg16_image,441.535,400.5084112149533
1790838366,693,11,transition,vit_base_image,84.865,73.56037151702786
1790838366,693,11,transition,gpt2_p64_o64,1.327,0.0
1790838366,693,11,transition,gpt2_p512_o512,0.163,0.0
1790838366,693,11,transition,llama_p1024_o128,0,0.0
1790838366,693,11,transition,llama_p2048_o64,0,0.0
1790838367,694,11,transition,resnet50_image,176.875,109.74604911579873
1790838367,694,11,transition,vgg16_image,441.535,400.5084112149533
1790838367,694,11,transition,vit_base_image,84.865,73.56037151702786
1790838367,694,11,transition,gpt2_p64_o64,1.327,0.0
1790838367,694,11,transition,gpt2_p512_o512,0.163,0.0
1790838367,694,11,transition,llama_p1024_o128,0,0.0
1790838367,694,11,transition,llama_p2048_o64,0,0.0
1790838368,695,11,transition,resnet50_image,176.875,109.74604911579873
1790838368,695,11,transition,vgg16_image,441.535,400.5084112149533
1790838368,695,11,transition,vit_base_image,84.865,73.56037151702786
1790838368,695,11,transition,gpt2_p64_o64,1.327,0.0
1790838368,695,11,transition,gpt2_p512_o512,0.163,0.0
1790838368,695,11,transition,llama_p1024_o128,0,0.0
1790838368,695,11,transition,llama_p2048_o64,0,0.0
1790838369,696,11,transition,resnet50_image,176.875,109.74604911579873
1790838369,696,11,transition,vgg16_image,441.535,400.5084112149533
1790838369,696,11,transition,vit_base_image,84.865,73.56037151702786
1790838369,696,11,transition,gpt2_p64_o64,1.327,0.0
1790838369,696,11,transition,gpt2_p512_o512,0.163,0.0
1790838369,696,11,transition,llama_p1024_o128,0,0.0
1790838369,696,11,transition,llama_p2048_o64,0,0.0
1790838370,697,11,transition,resnet50_image,176.875,109.74604911579873
1790838370,697,11,transition,vgg16_image,441.535,400.5084112149533
1790838370,697,11,transition,vit_base_image,84.865,73.56037151702786
1790838370,697,11,transition,gpt2_p64_o64,1.327,0.0
1790838370,697,11,transition,gpt2_p512_o512,0.163,0.0
1790838370,697,11,transition,llama_p1024_o128,0,0.0
1790838370,697,11,transition,llama_p2048_o64,0,0.0
1790838371,698,11,transition,resnet50_image,176.875,109.74604911579873
1790838371,698,11,transition,vgg16_image,441.535,400.5084112149533
1790838371,698,11,transition,vit_base_image,84.865,73.56037151702786
1790838371,698,11,transition,gpt2_p64_o64,1.327,0.0
1790838371,698,11,transition,gpt2_p512_o512,0.163,0.0
1790838371,698,11,transition,llama_p1024_o128,0,0.0
1790838371,698,11,transition,llama_p2048_o64,0,0.0
1790838372,699,11,transition,resnet50_image,176.875,109.74604911579873
1790838372,699,11,transition,vgg16_image,441.535,400.5084112149533
1790838372,699,11,transition,vit_base_image,84.865,73.56037151702786
1790838372,699,11,transition,gpt2_p64_o64,1.327,0.0
1790838372,699,11,transition,gpt2_p512_o512,0.163,0.0
1790838372,699,11,transition,llama_p1024_o128,0,0.0
1790838372,699,11,transition,llama_p2048_o64,0,0.0
1790838373,700,11,transition,resnet50_image,176.875,109.74604911579873
1790838373,700,11,transition,vgg16_image,441.535,400.5084112149533
1790838373,700,11,transition,vit_base_image,84.865,73.56037151702786
1790838373,700,11,transition,gpt2_p64_o64,1.327,0.0
1790838373,700,11,transition,gpt2_p512_o512,0.163,0.0
1790838373,700,11,transition,llama_p1024_o128,0,0.0
1790838373,700,11,transition,llama_p2048_o64,0,0.0
1790838374,701,11,transition,resnet50_image,176.875,109.74604911579873
1790838374,701,11,transition,vgg16_image,441.535,400.5084112149533
1790838374,701,11,transition,vit_base_image,84.865,73.56037151702786
1790838374,701,11,transition,gpt2_p64_o64,1.327,0.0
1790838374,701,11,transition,gpt2_p512_o512,0.163,0.0
1790838374,701,11,transition,llama_p1024_o128,0,0.0
1790838374,701,11,transition,llama_p2048_o64,0,0.0
1790838375,702,11,transition,resnet50_image,176.875,109.74604911579873
1790838375,702,11,transition,vgg16_image,441.535,400.5084112149533
1790838375,702,11,transition,vit_base_image,84.865,73.56037151702786
1790838375,702,11,transition,gpt2_p64_o64,1.327,0.0
1790838375,702,11,transition,gpt2_p512_o512,0.163,0.0
1790838375,702,11,transition,llama_p1024_o128,0,0.0
1790838375,702,11,transition,llama_p2048_o64,0,0.0
1790838376,703,11,transition,resnet50_image,176.875,109.74604911579873
1790838376,703,11,transition,vgg16_image,441.535,400.5084112149533
1790838376,703,11,transition,vit_base_image,84.865,73.56037151702786
1790838376,703,11,transition,gpt2_p64_o64,1.327,0.0
1790838376,703,11,transition,gpt2_p512_o512,0.163,0.0
1790838376,703,11,transition,llama_p1024_o128,0,0.0
1790838376,703,11,transition,llama_p2048_o64,0,0.0
1790838377,704,11,steady,resnet50_image,176.875,147.12836721576207
1790838377,704,11,steady,vgg16_image,441.535,400.5084112149533
1790838377,704,11,steady,vit_base_image,84.865,73.56037151702786
1790838377,704,11,steady,gpt2_p64_o64,1.327,0.0
1790838377,704,11,steady,gpt2_p512_o512,0.163,0.0
1790838377,704,11,steady,llama_p1024_o128,0,0.0
1790838377,704,11,steady,llama_p2048_o64,0.594,0.1795511221945137
1790838378,705,11,steady,resnet50_image,176.875,147.12836721576207
1790838378,705,11,steady,vgg16_image,441.535,400.5084112149533
1790838378,705,11,steady,vit_base_image,84.865,73.56037151702786
1790838378,705,11,steady,gpt2_p64_o64,1.327,0.0
1790838378,705,11,steady,gpt2_p512_o512,0.163,0.0
1790838378,705,11,steady,llama_p1024_o128,0,0.0
1790838378,705,11,steady,llama_p2048_o64,0.594,0.1795511221945137
1790838379,706,11,steady,resnet50_image,176.875,147.12836721576207
1790838379,706,11,steady,vgg16_image,441.535,400.5084112149533
1790838379,706,11,steady,vit_base_image,84.865,73.56037151702786
1790838379,706,11,steady,gpt2_p64_o64,1.327,0.0
1790838379,706,11,steady,gpt2_p512_o512,0.163,0.0
1790838379,706,11,steady,llama_p1024_o128,0,0.0
1790838379,706,11,steady,llama_p2048_o64,0.594,0.1795511221945137
1790838380,707,11,steady,resnet50_image,176.875,147.12836721576207
1790838380,707,11,steady,vgg16_image,441.535,400.5084112149533
1790838380,707,11,steady,vit_base_image,84.865,73.56037151702786
1790838380,707,11,steady,gpt2_p64_o64,1.327,0.0
1790838380,707,11,steady,gpt2_p512_o512,0.163,0.0
1790838380,707,11,steady,llama_p1024_o128,0,0.0
1790838380,707,11,steady,llama_p2048_o64,0.594,0.1795511221945137
1790838381,708,11,steady,resnet50_image,176.875,147.12836721576207
1790838381,708,11,steady,vgg16_image,441.535,400.5084112149533
1790838381,708,11,steady,vit_base_image,84.865,73.56037151702786
1790838381,708,11,steady,gpt2_p64_o64,1.327,0.0
1790838381,708,11,steady,gpt2_p512_o512,0.163,0.0
1790838381,708,11,steady,llama_p1024_o128,0,0.0
1790838381,708,11,steady,llama_p2048_o64,0.594,0.1795511221945137
1790838382,709,11,steady,resnet50_image,176.875,147.12836721576207
1790838382,709,11,steady,vgg16_image,441.535,400.5084112149533
1790838382,709,11,steady,vit_base_image,84.865,73.56037151702786
1790838382,709,11,steady,gpt2_p64_o64,1.327,0.0
1790838382,709,11,steady,gpt2_p512_o512,0.163,0.0
1790838382,709,11,steady,llama_p1024_o128,0,0.0
1790838382,709,11,steady,llama_p2048_o64,0.594,0.1795511221945137
1790838383,710,11,steady,resnet50_image,176.875,147.12836721576207
1790838383,710,11,steady,vgg16_image,441.535,400.5084112149533
1790838383,710,11,steady,vit_base_image,84.865,73.56037151702786
1790838383,710,11,steady,gpt2_p64_o64,1.327,0.0
1790838383,710,11,steady,gpt2_p512_o512,0.163,0.0
1790838383,710,11,steady,llama_p1024_o128,0,0.0
1790838383,710,11,steady,llama_p2048_o64,0.594,0.1795511221945137
1790838384,711,11,steady,resnet50_image,176.875,147.12836721576207
1790838384,711,11,steady,vgg16_image,441.535,400.5084112149533
1790838384,711,11,steady,vit_base_image,84.865,73.56037151702786
1790838384,711,11,steady,gpt2_p64_o64,1.327,0.0
1790838384,711,11,steady,gpt2_p512_o512,0.163,0.0
1790838384,711,11,steady,llama_p1024_o128,0,0.0
1790838384,711,11,steady,llama_p2048_o64,0.594,0.1795511221945137
1790838385,712,11,steady,resnet50_image,176.875,147.12836721576207
1790838385,712,11,steady,vgg16_image,441.535,400.5084112149533
1790838385,712,11,steady,vit_base_image,84.865,73.56037151702786
1790838385,712,11,steady,gpt2_p64_o64,1.327,0.0
1790838385,712,11,steady,gpt2_p512_o512,0.163,0.0
1790838385,712,11,steady,llama_p1024_o128,0,0.0
1790838385,712,11,steady,llama_p2048_o64,0.594,0.1795511221945137
1790838386,713,11,steady,resnet50_image,176.875,147.12836721576207
1790838386,713,11,steady,vgg16_image,441.535,400.5084112149533
1790838386,713,11,steady,vit_base_image,84.865,73.56037151702786
1790838386,713,11,steady,gpt2_p64_o64,1.327,0.0
1790838386,713,11,steady,gpt2_p512_o512,0.163,0.0
1790838386,713,11,steady,llama_p1024_o128,0,0.0
1790838386,713,11,steady,llama_p2048_o64,0.594,0.1795511221945137
1790838387,714,11,steady,resnet50_image,176.875,147.12836721576207
1790838387,714,11,steady,vgg16_image,441.535,400.5084112149533
1790838387,714,11,steady,vit_base_image,84.865,73.56037151702786
1790838387,714,11,steady,gpt2_p64_o64,1.327,0.0
1790838387,714,11,steady,gpt2_p512_o512,0.163,0.0
1790838387,714,11,steady,llama_p1024_o128,0,0.0
1790838387,714,11,steady,llama_p2048_o64,0.594,0.1795511221945137
1790838388,715,11,steady,resnet50_image,176.875,147.12836721576207
1790838388,715,11,steady,vgg16_image,441.535,400.5084112149533
1790838388,715,11,steady,vit_base_image,84.865,73.56037151702786
1790838388,715,11,steady,gpt2_p64_o64,1.327,0.0
1790838388,715,11,steady,gpt2_p512_o512,0.163,0.0
1790838388,715,11,steady,llama_p1024_o128,0,0.0
1790838388,715,11,steady,llama_p2048_o64,0.594,0.1795511221945137
1790838389,716,11,steady,resnet50_image,176.875,147.12836721576207
1790838389,716,11,steady,vgg16_image,441.535,400.5084112149533
1790838389,716,11,steady,vit_base_image,84.865,73.56037151702786
1790838389,716,11,steady,gpt2_p64_o64,1.327,0.0
1790838389,716,11,steady,gpt2_p512_o512,0.163,0.0
1790838389,716,11,steady,llama_p1024_o128,0,0.0
1790838389,716,11,steady,llama_p2048_o64,0.594,0.1795511221945137
1790838390,717,11,steady,resnet50_image,176.875,147.12836721576207
1790838390,717,11,steady,vgg16_image,441.535,400.5084112149533
1790838390,717,11,steady,vit_base_image,84.865,73.56037151702786
1790838390,717,11,steady,gpt2_p64_o64,1.327,0.0
1790838390,717,11,steady,gpt2_p512_o512,0.163,0.0
1790838390,717,11,steady,llama_p1024_o128,0,0.0
1790838390,717,11,steady,llama_p2048_o64,0.594,0.1795511221945137
1790838391,718,11,steady,resnet50_image,176.875,147.12836721576207
1790838391,718,11,steady,vgg16_image,441.535,400.5084112149533
1790838391,718,11,steady,vit_base_image,84.865,73.56037151702786
1790838391,718,11,steady,gpt2_p64_o64,1.327,0.0
1790838391,718,11,steady,gpt2_p512_o512,0.163,0.0
1790838391,718,11,steady,llama_p1024_o128,0,0.0
1790838391,718,11,steady,llama_p2048_o64,0.594,0.1795511221945137
1790838392,719,11,steady,resnet50_image,176.875,147.12836721576207
1790838392,719,11,steady,vgg16_image,441.535,400.5084112149533
1790838392,719,11,steady,vit_base_image,84.865,73.56037151702786
1790838392,719,11,steady,gpt2_p64_o64,1.327,0.0
1790838392,719,11,steady,gpt2_p512_o512,0.163,0.0
1790838392,719,11,steady,llama_p1024_o128,0,0.0
1790838392,719,11,steady,llama_p2048_o64,0.594,0.1795511221945137
1790838393,720,11,steady,resnet50_image,176.875,147.12836721576207
1790838393,720,11,steady,vgg16_image,441.535,400.5084112149533
1790838393,720,11,steady,vit_base_image,84.865,73.56037151702786
1790838393,720,11,steady,gpt2_p64_o64,1.327,0.0
1790838393,720,11,steady,gpt2_p512_o512,0.163,0.0
1790838393,720,11,steady,llama_p1024_o128,0,0.0
1790838393,720,11,steady,llama_p2048_o64,0.594,0.1795511221945137
1790838394,721,11,steady,resnet50_image,176.875,147.12836721576207
1790838394,721,11,steady,vgg16_image,441.535,400.5084112149533
1790838394,721,11,steady,vit_base_image,84.865,73.56037151702786
1790838394,721,11,steady,gpt2_p64_o64,1.327,0.0
1790838394,721,11,steady,gpt2_p512_o512,0.163,0.0
1790838394,721,11,steady,llama_p1024_o128,0,0.0
1790838394,721,11,steady,llama_p2048_o64,0.594,0.1795511221945137
1790838395,722,11,steady,resnet50_image,176.875,147.12836721576207
1790838395,722,11,steady,vgg16_image,441.535,400.5084112149533
1790838395,722,11,steady,vit_base_image,84.865,73.56037151702786
1790838395,722,11,steady,gpt2_p64_o64,1.327,0.0
1790838395,722,11,steady,gpt2_p512_o512,0.163,0.0
1790838395,722,11,steady,llama_p1024_o128,0,0.0
1790838395,722,11,steady,llama_p2048_o64,0.594,0.1795511221945137
1790838396,723,11,steady,resnet50_image,176.875,147.12836721576207
1790838396,723,11,steady,vgg16_image,441.535,400.5084112149533
1790838396,723,11,steady,vit_base_image,84.865,73.56037151702786
1790838396,723,11,steady,gpt2_p64_o64,1.327,0.0
1790838396,723,11,steady,gpt2_p512_o512,0.163,0.0
1790838396,723,11,steady,llama_p1024_o128,0,0.0
1790838396,723,11,steady,llama_p2048_o64,0.594,0.1795511221945137
1790838397,724,11,steady,resnet50_image,176.875,147.12836721576207
1790838397,724,11,steady,vgg16_image,441.535,400.5084112149533
1790838397,724,11,steady,vit_base_image,84.865,73.56037151702786
1790838397,724,11,steady,gpt2_p64_o64,1.327,0.0
1790838397,724,11,steady,gpt2_p512_o512,0.163,0.0
1790838397,724,11,steady,llama_p1024_o128,0,0.0
1790838397,724,11,steady,llama_p2048_o64,0.594,0.1795511221945137
1790838398,725,11,steady,resnet50_image,176.875,147.12836721576207
1790838398,725,11,steady,vgg16_image,441.535,400.5084112149533
1790838398,725,11,steady,vit_base_image,84.865,73.56037151702786
1790838398,725,11,steady,gpt2_p64_o64,1.327,0.0
1790838398,725,11,steady,gpt2_p512_o512,0.163,0.0
1790838398,725,11,steady,llama_p1024_o128,0,0.0
1790838398,725,11,steady,llama_p2048_o64,0.594,0.1795511221945137
1790838399,726,11,steady,resnet50_image,176.875,147.12836721576207
1790838399,726,11,steady,vgg16_image,441.535,400.5084112149533
1790838399,726,11,steady,vit_base_image,84.865,73.56037151702786
1790838399,726,11,steady,gpt2_p64_o64,1.327,0.0
1790838399,726,11,steady,gpt2_p512_o512,0.163,0.0
1790838399,726,11,steady,llama_p1024_o128,0,0.0
1790838399,726,11,steady,llama_p2048_o64,0.594,0.1795511221945137
1790838400,727,11,steady,resnet50_image,176.875,147.12836721576207
1790838400,727,11,steady,vgg16_image,441.535,400.5084112149533
1790838400,727,11,steady,vit_base_image,84.865,73.56037151702786
1790838400,727,11,steady,gpt2_p64_o64,1.327,0.0
1790838400,727,11,steady,gpt2_p512_o512,0.163,0.0
1790838400,727,11,steady,llama_p1024_o128,0,0.0
1790838400,727,11,steady,llama_p2048_o64,0.594,0.1795511221945137
1790838401,728,11,steady,resnet50_image,176.875,147.12836721576207
1790838401,728,11,steady,vgg16_image,441.535,400.5084112149533
1790838401,728,11,steady,vit_base_image,84.865,73.56037151702786
1790838401,728,11,steady,gpt2_p64_o64,1.327,0.0
1790838401,728,11,steady,gpt2_p512_o512,0.163,0.0
1790838401,728,11,steady,llama_p1024_o128,0,0.0
1790838401,728,11,steady,llama_p2048_o64,0.594,0.1795511221945137
1790838402,729,11,steady,resnet50_image,176.875,147.12836721576207
1790838402,729,11,steady,vgg16_image,441.535,400.5084112149533
1790838402,729,11,steady,vit_base_image,84.865,73.56037151702786
1790838402,729,11,steady,gpt2_p64_o64,1.327,0.0
1790838402,729,11,steady,gpt2_p512_o512,0.163,0.0
1790838402,729,11,steady,llama_p1024_o128,0,0.0
1790838402,729,11,steady,llama_p2048_o64,0.594,0.1795511221945137
1790838403,730,11,steady,resnet50_image,176.875,147.12836721576207
1790838403,730,11,steady,vgg16_image,441.535,400.5084112149533
1790838403,730,11,steady,vit_base_image,84.865,73.56037151702786
1790838403,730,11,steady,gpt2_p64_o64,1.327,0.0
1790838403,730,11,steady,gpt2_p512_o512,0.163,0.0
1790838403,730,11,steady,llama_p1024_o128,0,0.0
1790838403,730,11,steady,llama_p2048_o64,0.594,0.1795511221945137
1790838404,731,11,steady,resnet50_image,176.875,147.12836721576207
1790838404,731,11,steady,vgg16_image,441.535,400.5084112149533
1790838404,731,11,steady,vit_base_image,84.865,73.56037151702786
1790838404,731,11,steady,gpt2_p64_o64,1.327,0.0
1790838404,731,11,steady,gpt2_p512_o512,0.163,0.0
1790838404,731,11,steady,llama_p1024_o128,0,0.0
1790838404,731,11,steady,llama_p2048_o64,0.594,0.1795511221945137
1790838405,732,11,steady,resnet50_image,176.875,147.12836721576207
1790838405,732,11,steady,vgg16_image,441.535,400.5084112149533
1790838405,732,11,steady,vit_base_image,84.865,73.56037151702786
1790838405,732,11,steady,gpt2_p64_o64,1.327,0.0
1790838405,732,11,steady,gpt2_p512_o512,0.163,0.0
1790838405,732,11,steady,llama_p1024_o128,0,0.0
1790838405,732,11,steady,llama_p2048_o64,0.594,0.1795511221945137
1790838406,733,11,steady,resnet50_image,176.875,147.12836721576207
1790838406,733,11,steady,vgg16_image,441.535,400.5084112149533
1790838406,733,11,steady,vit_base_image,84.865,73.56037151702786
1790838406,733,11,steady,gpt2_p64_o64,1.327,0.0
1790838406,733,11,steady,gpt2_p512_o512,0.163,0.0
1790838406,733,11,steady,llama_p1024_o128,0,0.0
1790838406,733,11,steady,llama_p2048_o64,0.594,0.1795511221945137
1790838407,734,,,resnet50_image,176.875,
1790838407,734,,,vgg16_image,441.535,
1790838407,734,,,vit_base_image,84.865,
1790838407,734,,,gpt2_p64_o64,1.327,
1790838407,734,,,gpt2_p512_o512,0.163,
1790838407,734,,,llama_p1024_o128,0,
1790838407,734,,,llama_p2048_o64,0.594,
1790838408,735,,,resnet50_image,176.875,
1790838408,735,,,vgg16_image,441.535,
1790838408,735,,,vit_base_image,84.865,
1790838408,735,,,gpt2_p64_o64,1.327,
1790838408,735,,,gpt2_p512_o512,0.163,
1790838408,735,,,llama_p1024_o128,0,
1790838408,735,,,llama_p2048_o64,0.594,
1790838409,736,,,resnet50_image,176.875,
1790838409,736,,,vgg16_image,441.535,
1790838409,736,,,vit_base_image,84.865,
1790838409,736,,,gpt2_p64_o64,1.327,
1790838409,736,,,gpt2_p512_o512,0.163,
1790838409,736,,,llama_p1024_o128,0,
1790838409,736,,,llama_p2048_o64,0.594,
1790838410,737,,,resnet50_image,176.875,
1790838410,737,,,vgg16_image,441.535,
1790838410,737,,,vit_base_image,84.865,
1790838410,737,,,gpt2_p64_o64,1.327,
1790838410,737,,,gpt2_p512_o512,0.163,
1790838410,737,,,llama_p1024_o128,0,
1790838410,737,,,llama_p2048_o64,0.594,
1790838411,738,,,resnet50_image,176.875,
1790838411,738,,,vgg16_image,441.535,
1790838411,738,,,vit_base_image,84.865,
1790838411,738,,,gpt2_p64_o64,1.327,
1790838411,738,,,gpt2_p512_o512,0.163,
1790838411,738,,,llama_p1024_o128,0,
1790838411,738,,,llama_p2048_o64,0.594,
1790838412,739,,,resnet50_image,176.875,
1790838412,739,,,vgg16_image,441.535,
1790838412,739,,,vit_base_image,84.865,
1790838412,739,,,gpt2_p64_o64,1.327,
1790838412,739,,,gpt2_p512_o512,0.163,
1790838412,739,,,llama_p1024_o128,0,
1790838412,739,,,llama_p2048_o64,0.594,
1790838413,740,,,resnet50_image,176.875,
1790838413,740,,,vgg16_image,441.535,
1790838413,740,,,vit_base_image,84.865,
1790838413,740,,,gpt2_p64_o64,1.327,
1790838413,740,,,gpt2_p512_o512,0.163,
1790838413,740,,,llama_p1024_o128,0,
1790838413,740,,,llama_p2048_o64,0.594,
1790838414,741,,,resnet50_image,176.875,
1790838414,741,,,vgg16_image,441.535,
1790838414,741,,,vit_base_image,84.865,
1790838414,741,,,gpt2_p64_o64,1.327,
1790838414,741,,,gpt2_p512_o512,0.163,
1790838414,741,,,llama_p1024_o128,0,
1790838414,741,,,llama_p2048_o64,0.594,
1790838415,742,,,resnet50_image,176.875,
1790838415,742,,,vgg16_image,441.535,
1790838415,742,,,vit_base_image,84.865,
1790838415,742,,,gpt2_p64_o64,1.327,
1790838415,742,,,gpt2_p512_o512,0.163,
1790838415,742,,,llama_p1024_o128,0,
1790838415,742,,,llama_p2048_o64,0.594,
1790838416,743,,,resnet50_image,176.875,
1790838416,743,,,vgg16_image,441.535,
1790838416,743,,,vit_base_image,84.865,
1790838416,743,,,gpt2_p64_o64,1.327,
1790838416,743,,,gpt2_p512_o512,0.163,
1790838416,743,,,llama_p1024_o128,0,
1790838416,743,,,llama_p2048_o64,0.594,
1790838417,744,,,resnet50_image,176.875,
1790838417,744,,,vgg16_image,441.535,
1790838417,744,,,vit_base_image,84.865,
1790838417,744,,,gpt2_p64_o64,1.327,
1790838417,744,,,gpt2_p512_o512,0.163,
1790838417,744,,,llama_p1024_o128,0,
1790838417,744,,,llama_p2048_o64,0.594,
1790838418,745,,,resnet50_image,176.875,
1790838418,745,,,vgg16_image,441.535,
1790838418,745,,,vit_base_image,84.865,
1790838418,745,,,gpt2_p64_o64,1.327,
1790838418,745,,,gpt2_p512_o512,0.163,
1790838418,745,,,llama_p1024_o128,0,
1790838418,745,,,llama_p2048_o64,0.594,
1790838419,746,,,resnet50_image,176.875,
1790838419,746,,,vgg16_image,441.535,
1790838419,746,,,vit_base_image,84.865,
1790838419,746,,,gpt2_p64_o64,1.327,
1790838419,746,,,gpt2_p512_o512,0.163,
1790838419,746,,,llama_p1024_o128,0,
1790838419,746,,,llama_p2048_o64,0.594,
1790838420,747,,,resnet50_image,176.875,
1790838420,747,,,vgg16_image,441.535,
1790838420,747,,,vit_base_image,84.865,
1790838420,747,,,gpt2_p64_o64,1.327,
1790838420,747,,,gpt2_p512_o512,0.163,
1790838420,747,,,llama_p1024_o128,0,
1790838420,747,,,llama_p2048_o64,0.594,
1790838421,748,12,transition,resnet50_image,176.875,133.64290912567927
1790838421,748,12,transition,vgg16_image,441.535,400.5084112149533
1790838421,748,12,transition,vit_base_image,84.865,73.56037151702786
1790838421,748,12,transition,gpt2_p64_o64,1.327,0.0
1790838421,748,12,transition,gpt2_p512_o512,0.163,0.0
1790838421,748,12,transition,llama_p1024_o128,0,0.0
1790838421,748,12,transition,llama_p2048_o64,0.594,0.1795511221945137
1790838422,749,12,transition,resnet50_image,176.875,133.64290912567927
1790838422,749,12,transition,vgg16_image,441.535,400.5084112149533
1790838422,749,12,transition,vit_base_image,84.865,73.56037151702786
1790838422,749,12,transition,gpt2_p64_o64,1.327,0.0
1790838422,749,12,transition,gpt2_p512_o512,0.163,0.0
1790838422,749,12,transition,llama_p1024_o128,0,0.0
1790838422,749,12,transition,llama_p2048_o64,0.594,0.1795511221945137
1790838423,750,12,transition,resnet50_image,176.875,133.64290912567927
1790838423,750,12,transition,vgg16_image,441.535,400.5084112149533
1790838423,750,12,transition,vit_base_image,84.865,73.56037151702786
1790838423,750,12,transition,gpt2_p64_o64,1.327,0.0
1790838423,750,12,transition,gpt2_p512_o512,0.163,0.0
1790838423,750,12,transition,llama_p1024_o128,0,0.0
1790838423,750,12,transition,llama_p2048_o64,0.594,0.1795511221945137
1790838424,751,12,transition,resnet50_image,176.875,133.64290912567927
1790838424,751,12,transition,vgg16_image,441.535,400.5084112149533
1790838424,751,12,transition,vit_base_image,84.865,73.56037151702786
1790838424,751,12,transition,gpt2_p64_o64,1.327,0.0
1790838424,751,12,transition,gpt2_p512_o512,0.163,0.0
1790838424,751,12,transition,llama_p1024_o128,0,0.0
1790838424,751,12,transition,llama_p2048_o64,0.594,0.1795511221945137
1790838425,752,12,transition,resnet50_image,176.875,133.64290912567927
1790838425,752,12,transition,vgg16_image,441.535,400.5084112149533
1790838425,752,12,transition,vit_base_image,84.865,73.56037151702786
1790838425,752,12,transition,gpt2_p64_o64,1.327,0.0
1790838425,752,12,transition,gpt2_p512_o512,0.163,0.0
1790838425,752,12,transition,llama_p1024_o128,0,0.0
1790838425,752,12,transition,llama_p2048_o64,0.594,0.1795511221945137
1790838426,753,12,transition,resnet50_image,176.875,133.64290912567927
1790838426,753,12,transition,vgg16_image,441.535,400.5084112149533
1790838426,753,12,transition,vit_base_image,84.865,73.56037151702786
1790838426,753,12,transition,gpt2_p64_o64,1.327,0.0
1790838426,753,12,transition,gpt2_p512_o512,0.163,0.0
1790838426,753,12,transition,llama_p1024_o128,0,0.0
1790838426,753,12,transition,llama_p2048_o64,0.594,0.1795511221945137
1790838427,754,12,transition,resnet50_image,176.875,133.64290912567927
1790838427,754,12,transition,vgg16_image,441.535,400.5084112149533
1790838427,754,12,transition,vit_base_image,84.865,73.56037151702786
1790838427,754,12,transition,gpt2_p64_o64,1.327,0.0
1790838427,754,12,transition,gpt2_p512_o512,0.163,0.0
1790838427,754,12,transition,llama_p1024_o128,0,0.0
1790838427,754,12,transition,llama_p2048_o64,0.594,0.1795511221945137
1790838428,755,12,transition,resnet50_image,176.875,133.64290912567927
1790838428,755,12,transition,vgg16_image,441.535,400.5084112149533
1790838428,755,12,transition,vit_base_image,84.865,73.56037151702786
1790838428,755,12,transition,gpt2_p64_o64,1.327,0.0
1790838428,755,12,transition,gpt2_p512_o512,0.163,0.0
1790838428,755,12,transition,llama_p1024_o128,0,0.0
1790838428,755,12,transition,llama_p2048_o64,0.594,0.1795511221945137
1790838429,756,12,transition,resnet50_image,176.875,133.64290912567927
1790838429,756,12,transition,vgg16_image,441.535,400.5084112149533
1790838429,756,12,transition,vit_base_image,84.865,73.56037151702786
1790838429,756,12,transition,gpt2_p64_o64,1.327,0.0
1790838429,756,12,transition,gpt2_p512_o512,0.163,0.0
1790838429,756,12,transition,llama_p1024_o128,0,0.0
1790838429,756,12,transition,llama_p2048_o64,0.594,0.1795511221945137
1790838430,757,12,transition,resnet50_image,176.875,133.64290912567927
1790838430,757,12,transition,vgg16_image,441.535,400.5084112149533
1790838430,757,12,transition,vit_base_image,84.865,73.56037151702786
1790838430,757,12,transition,gpt2_p64_o64,1.327,0.0
1790838430,757,12,transition,gpt2_p512_o512,0.163,0.0
1790838430,757,12,transition,llama_p1024_o128,0,0.0
1790838430,757,12,transition,llama_p2048_o64,0.594,0.1795511221945137
1790838431,758,12,transition,resnet50_image,176.875,133.64290912567927
1790838431,758,12,transition,vgg16_image,441.535,400.5084112149533
1790838431,758,12,transition,vit_base_image,84.865,73.56037151702786
1790838431,758,12,transition,gpt2_p64_o64,1.327,0.0
1790838431,758,12,transition,gpt2_p512_o512,0.163,0.0
1790838431,758,12,transition,llama_p1024_o128,0,0.0
1790838431,758,12,transition,llama_p2048_o64,0.594,0.1795511221945137
1790838432,759,12,transition,resnet50_image,176.875,133.64290912567927
1790838432,759,12,transition,vgg16_image,441.535,400.5084112149533
1790838432,759,12,transition,vit_base_image,84.865,73.56037151702786
1790838432,759,12,transition,gpt2_p64_o64,1.327,0.0
1790838432,759,12,transition,gpt2_p512_o512,0.163,0.0
1790838432,759,12,transition,llama_p1024_o128,0,0.0
1790838432,759,12,transition,llama_p2048_o64,0.594,0.1795511221945137
1790838433,760,12,transition,resnet50_image,176.875,133.64290912567927
1790838433,760,12,transition,vgg16_image,441.535,400.5084112149533
1790838433,760,12,transition,vit_base_image,84.865,73.56037151702786
1790838433,760,12,transition,gpt2_p64_o64,1.327,0.0
1790838433,760,12,transition,gpt2_p512_o512,0.163,0.0
1790838433,760,12,transition,llama_p1024_o128,0,0.0
1790838433,760,12,transition,llama_p2048_o64,0.594,0.1795511221945137
1790838434,761,12,transition,resnet50_image,176.875,133.64290912567927
1790838434,761,12,transition,vgg16_image,441.535,400.5084112149533
1790838434,761,12,transition,vit_base_image,84.865,73.56037151702786
1790838434,761,12,transition,gpt2_p64_o64,1.327,0.0
1790838434,761,12,transition,gpt2_p512_o512,0.163,0.0
1790838434,761,12,transition,llama_p1024_o128,0,0.0
1790838434,761,12,transition,llama_p2048_o64,0.594,0.1795511221945137
1790838435,762,12,transition,resnet50_image,176.875,133.64290912567927
1790838435,762,12,transition,vgg16_image,441.535,400.5084112149533
1790838435,762,12,transition,vit_base_image,84.865,73.56037151702786
1790838435,762,12,transition,gpt2_p64_o64,1.327,0.0
1790838435,762,12,transition,gpt2_p512_o512,0.163,0.0
1790838435,762,12,transition,llama_p1024_o128,0,0.0
1790838435,762,12,transition,llama_p2048_o64,0.594,0.1795511221945137
1790838436,763,12,transition,resnet50_image,176.875,133.64290912567927
1790838436,763,12,transition,vgg16_image,214.027,400.5084112149533
1790838436,763,12,transition,vit_base_image,84.865,73.56037151702786
1790838436,763,12,transition,gpt2_p64_o64,1.327,0.0
1790838436,763,12,transition,gpt2_p512_o512,0.163,0.0
1790838436,763,12,transition,llama_p1024_o128,0,0.0
1790838436,763,12,transition,llama_p2048_o64,0.594,0.1795511221945137
1790838437,764,12,transition,resnet50_image,176.875,133.64290912567927
1790838437,764,12,transition,vgg16_image,214.027,400.5084112149533
1790838437,764,12,transition,vit_base_image,84.865,73.56037151702786
1790838437,764,12,transition,gpt2_p64_o64,1.327,0.0
1790838437,764,12,transition,gpt2_p512_o512,0.163,0.0
1790838437,764,12,transition,llama_p1024_o128,0,0.0
1790838437,764,12,transition,llama_p2048_o64,0.594,0.1795511221945137
1790838438,765,12,transition,resnet50_image,176.875,133.64290912567927
1790838438,765,12,transition,vgg16_image,214.027,400.5084112149533
1790838438,765,12,transition,vit_base_image,84.865,73.56037151702786
1790838438,765,12,transition,gpt2_p64_o64,1.327,0.0
1790838438,765,12,transition,gpt2_p512_o512,0.163,0.0
1790838438,765,12,transition,llama_p1024_o128,0,0.0
1790838438,765,12,transition,llama_p2048_o64,0.594,0.1795511221945137
1790838439,766,12,transition,resnet50_image,176.875,133.64290912567927
1790838439,766,12,transition,vgg16_image,214.027,400.5084112149533
1790838439,766,12,transition,vit_base_image,84.865,73.56037151702786
1790838439,766,12,transition,gpt2_p64_o64,1.327,0.0
1790838439,766,12,transition,gpt2_p512_o512,0.163,0.0
1790838439,766,12,transition,llama_p1024_o128,0,0.0
1790838439,766,12,transition,llama_p2048_o64,0.594,0.1795511221945137
1790838440,767,12,transition,resnet50_image,176.875,133.64290912567927
1790838440,767,12,transition,vgg16_image,214.027,400.5084112149533
1790838440,767,12,transition,vit_base_image,84.865,73.56037151702786
1790838440,767,12,transition,gpt2_p64_o64,1.327,0.0
1790838440,767,12,transition,gpt2_p512_o512,0.163,0.0
1790838440,767,12,transition,llama_p1024_o128,0,0.0
1790838440,767,12,transition,llama_p2048_o64,0.594,0.1795511221945137
1790838441,768,12,transition,resnet50_image,176.875,133.64290912567927
1790838441,768,12,transition,vgg16_image,214.027,400.5084112149533
1790838441,768,12,transition,vit_base_image,84.865,73.56037151702786
1790838441,768,12,transition,gpt2_p64_o64,1.327,0.0
1790838441,768,12,transition,gpt2_p512_o512,0.163,0.0
1790838441,768,12,transition,llama_p1024_o128,0,0.0
1790838441,768,12,transition,llama_p2048_o64,0.594,0.1795511221945137
1790838442,769,12,transition,resnet50_image,176.875,133.64290912567927
1790838442,769,12,transition,vgg16_image,214.027,400.5084112149533
1790838442,769,12,transition,vit_base_image,84.865,73.56037151702786
1790838442,769,12,transition,gpt2_p64_o64,1.327,0.0
1790838442,769,12,transition,gpt2_p512_o512,0.163,0.0
1790838442,769,12,transition,llama_p1024_o128,0,0.0
1790838442,769,12,transition,llama_p2048_o64,0.594,0.1795511221945137
1790838443,770,12,transition,resnet50_image,176.875,133.64290912567927
1790838443,770,12,transition,vgg16_image,214.027,400.5084112149533
1790838443,770,12,transition,vit_base_image,84.865,73.56037151702786
1790838443,770,12,transition,gpt2_p64_o64,1.327,0.0
1790838443,770,12,transition,gpt2_p512_o512,0.163,0.0
1790838443,770,12,transition,llama_p1024_o128,0,0.0
1790838443,770,12,transition,llama_p2048_o64,0.594,0.1795511221945137
1790838444,771,12,transition,resnet50_image,176.875,133.64290912567927
1790838444,771,12,transition,vgg16_image,214.027,400.5084112149533
1790838444,771,12,transition,vit_base_image,84.865,73.56037151702786
1790838444,771,12,transition,gpt2_p64_o64,1.327,0.0
1790838444,771,12,transition,gpt2_p512_o512,0.163,0.0
1790838444,771,12,transition,llama_p1024_o128,0,0.0
1790838444,771,12,transition,llama_p2048_o64,0.594,0.1795511221945137
1790838445,772,12,transition,resnet50_image,176.875,133.64290912567927
1790838445,772,12,transition,vgg16_image,214.027,400.5084112149533
1790838445,772,12,transition,vit_base_image,84.865,73.56037151702786
1790838445,772,12,transition,gpt2_p64_o64,1.327,0.0
1790838445,772,12,transition,gpt2_p512_o512,0.163,0.0
1790838445,772,12,transition,llama_p1024_o128,0,0.0
1790838445,772,12,transition,llama_p2048_o64,0.594,0.1795511221945137
1790838446,773,12,transition,resnet50_image,176.875,133.64290912567927
1790838446,773,12,transition,vgg16_image,214.027,400.5084112149533
1790838446,773,12,transition,vit_base_image,84.865,73.56037151702786
1790838446,773,12,transition,gpt2_p64_o64,1.327,0.0
1790838446,773,12,transition,gpt2_p512_o512,0.163,0.0
1790838446,773,12,transition,llama_p1024_o128,0,0.0
1790838446,773,12,transition,llama_p2048_o64,0.594,0.1795511221945137
1790838447,774,12,transition,resnet50_image,176.875,133.64290912567927
1790838447,774,12,transition,vgg16_image,214.027,400.5084112149533
1790838447,774,12,transition,vit_base_image,84.865,73.56037151702786
1790838447,774,12,transition,gpt2_p64_o64,1.327,0.0
1790838447,774,12,transition,gpt2_p512_o512,0.163,0.0
1790838447,774,12,transition,llama_p1024_o128,0,0.0
1790838447,774,12,transition,llama_p2048_o64,0.594,0.1795511221945137
1790838448,775,12,transition,resnet50_image,176.875,133.64290912567927
1790838448,775,12,transition,vgg16_image,214.027,400.5084112149533
1790838448,775,12,transition,vit_base_image,84.865,73.56037151702786
1790838448,775,12,transition,gpt2_p64_o64,1.327,0.0
1790838448,775,12,transition,gpt2_p512_o512,0.163,0.0
1790838448,775,12,transition,llama_p1024_o128,0,0.0
1790838448,775,12,transition,llama_p2048_o64,0.594,0.1795511221945137
1790838449,776,12,transition,resnet50_image,176.875,133.64290912567927
1790838449,776,12,transition,vgg16_image,214.027,400.5084112149533
1790838449,776,12,transition,vit_base_image,84.865,73.56037151702786
1790838449,776,12,transition,gpt2_p64_o64,1.327,0.0
1790838449,776,12,transition,gpt2_p512_o512,0.163,0.0
1790838449,776,12,transition,llama_p1024_o128,0,0.0
1790838449,776,12,transition,llama_p2048_o64,0.594,0.1795511221945137
1790838450,777,12,transition,resnet50_image,176.875,133.64290912567927
1790838450,777,12,transition,vgg16_image,214.027,400.5084112149533
1790838450,777,12,transition,vit_base_image,84.865,73.56037151702786
1790838450,777,12,transition,gpt2_p64_o64,1.327,0.0
1790838450,777,12,transition,gpt2_p512_o512,0.163,0.0
1790838450,777,12,transition,llama_p1024_o128,0,0.0
1790838450,777,12,transition,llama_p2048_o64,0.594,0.1795511221945137
1790838451,778,12,transition,resnet50_image,176.875,133.64290912567927
1790838451,778,12,transition,vgg16_image,214.027,400.5084112149533
1790838451,778,12,transition,vit_base_image,84.865,73.56037151702786
1790838451,778,12,transition,gpt2_p64_o64,1.327,0.0
1790838451,778,12,transition,gpt2_p512_o512,0.163,0.0
1790838451,778,12,transition,llama_p1024_o128,0,0.0
1790838451,778,12,transition,llama_p2048_o64,0.594,0.1795511221945137
1790838452,779,12,transition,resnet50_image,176.875,133.64290912567927
1790838452,779,12,transition,vgg16_image,214.027,400.5084112149533
1790838452,779,12,transition,vit_base_image,84.865,73.56037151702786
1790838452,779,12,transition,gpt2_p64_o64,1.327,0.0
1790838452,779,12,transition,gpt2_p512_o512,0.163,0.0
1790838452,779,12,transition,llama_p1024_o128,0,0.0
1790838452,779,12,transition,llama_p2048_o64,0.594,0.1795511221945137
1790838453,780,12,transition,resnet50_image,176.875,133.64290912567927
1790838453,780,12,transition,vgg16_image,593.848,400.5084112149533
1790838453,780,12,transition,vit_base_image,84.865,73.56037151702786
1790838453,780,12,transition,gpt2_p64_o64,1.327,0.0
1790838453,780,12,transition,gpt2_p512_o512,0.163,0.0
1790838453,780,12,transition,llama_p1024_o128,0,0.0
1790838453,780,12,transition,llama_p2048_o64,0.594,0.1795511221945137
1790838454,781,12,transition,resnet50_image,176.875,133.64290912567927
1790838454,781,12,transition,vgg16_image,593.848,400.5084112149533
1790838454,781,12,transition,vit_base_image,84.865,73.56037151702786
1790838454,781,12,transition,gpt2_p64_o64,1.327,0.0
1790838454,781,12,transition,gpt2_p512_o512,0.163,0.0
1790838454,781,12,transition,llama_p1024_o128,0,0.0
1790838454,781,12,transition,llama_p2048_o64,0.594,0.1795511221945137
1790838455,782,12,transition,resnet50_image,176.875,133.64290912567927
1790838455,782,12,transition,vgg16_image,593.848,400.5084112149533
1790838455,782,12,transition,vit_base_image,84.865,73.56037151702786
1790838455,782,12,transition,gpt2_p64_o64,1.327,0.0
1790838455,782,12,transition,gpt2_p512_o512,0.163,0.0
1790838455,782,12,transition,llama_p1024_o128,0,0.0
1790838455,782,12,transition,llama_p2048_o64,0.594,0.1795511221945137
1790838456,783,12,transition,resnet50_image,176.875,133.64290912567927
1790838456,783,12,transition,vgg16_image,593.848,400.5084112149533
1790838456,783,12,transition,vit_base_image,84.865,73.56037151702786
1790838456,783,12,transition,gpt2_p64_o64,1.327,0.0
1790838456,783,12,transition,gpt2_p512_o512,0.163,0.0
1790838456,783,12,transition,llama_p1024_o128,0,0.0
1790838456,783,12,transition,llama_p2048_o64,0.594,0.1795511221945137
1790838457,784,12,transition,resnet50_image,176.875,133.64290912567927
1790838457,784,12,transition,vgg16_image,593.848,400.5084112149533
1790838457,784,12,transition,vit_base_image,84.865,73.56037151702786
1790838457,784,12,transition,gpt2_p64_o64,1.327,0.0
1790838457,784,12,transition,gpt2_p512_o512,0.163,0.0
1790838457,784,12,transition,llama_p1024_o128,0,0.0
1790838457,784,12,transition,llama_p2048_o64,0.594,0.1795511221945137
1790838458,785,12,steady,resnet50_image,176.875,133.64290912567927
1790838458,785,12,steady,vgg16_image,593.848,460.08224299065415
1790838458,785,12,steady,vit_base_image,84.865,73.56037151702786
1790838458,785,12,steady,gpt2_p64_o64,1.327,0.0
1790838458,785,12,steady,gpt2_p512_o512,0.163,0.0
1790838458,785,12,steady,llama_p1024_o128,0.653,0.5975103734439834
1790838458,785,12,steady,llama_p2048_o64,0.594,0.1795511221945137
1790838459,786,12,steady,resnet50_image,176.875,133.64290912567927
1790838459,786,12,steady,vgg16_image,593.848,460.08224299065415
1790838459,786,12,steady,vit_base_image,84.865,73.56037151702786
1790838459,786,12,steady,gpt2_p64_o64,1.327,0.0
1790838459,786,12,steady,gpt2_p512_o512,0.163,0.0
1790838459,786,12,steady,llama_p1024_o128,0.653,0.5975103734439834
1790838459,786,12,steady,llama_p2048_o64,0.594,0.1795511221945137
1790838460,787,12,steady,resnet50_image,176.875,133.64290912567927
1790838460,787,12,steady,vgg16_image,593.848,460.08224299065415
1790838460,787,12,steady,vit_base_image,84.865,73.56037151702786
1790838460,787,12,steady,gpt2_p64_o64,1.327,0.0
1790838460,787,12,steady,gpt2_p512_o512,0.163,0.0
1790838460,787,12,steady,llama_p1024_o128,0.653,0.5975103734439834
1790838460,787,12,steady,llama_p2048_o64,0.594,0.1795511221945137
1790838461,788,12,steady,resnet50_image,176.875,133.64290912567927
1790838461,788,12,steady,vgg16_image,593.848,460.08224299065415
1790838461,788,12,steady,vit_base_image,84.865,73.56037151702786
1790838461,788,12,steady,gpt2_p64_o64,1.327,0.0
1790838461,788,12,steady,gpt2_p512_o512,0.163,0.0
1790838461,788,12,steady,llama_p1024_o128,0.653,0.5975103734439834
1790838461,788,12,steady,llama_p2048_o64,0.594,0.1795511221945137
1790838462,789,12,steady,resnet50_image,176.875,133.64290912567927
1790838462,789,12,steady,vgg16_image,593.848,460.08224299065415
1790838462,789,12,steady,vit_base_image,84.865,73.56037151702786
1790838462,789,12,steady,gpt2_p64_o64,1.327,0.0
1790838462,789,12,steady,gpt2_p512_o512,0.163,0.0
1790838462,789,12,steady,llama_p1024_o128,0.653,0.5975103734439834
1790838462,789,12,steady,llama_p2048_o64,0.594,0.1795511221945137
1790838463,790,12,steady,resnet50_image,176.875,133.64290912567927
1790838463,790,12,steady,vgg16_image,593.848,460.08224299065415
1790838463,790,12,steady,vit_base_image,84.865,73.56037151702786
1790838463,790,12,steady,gpt2_p64_o64,1.327,0.0
1790838463,790,12,steady,gpt2_p512_o512,0.163,0.0
1790838463,790,12,steady,llama_p1024_o128,0.653,0.5975103734439834
1790838463,790,12,steady,llama_p2048_o64,0.594,0.1795511221945137
1790838464,791,12,steady,resnet50_image,176.875,133.64290912567927
1790838464,791,12,steady,vgg16_image,593.848,460.08224299065415
1790838464,791,12,steady,vit_base_image,84.865,73.56037151702786
1790838464,791,12,steady,gpt2_p64_o64,1.327,0.0
1790838464,791,12,steady,gpt2_p512_o512,0.163,0.0
1790838464,791,12,steady,llama_p1024_o128,0.653,0.5975103734439834
1790838464,791,12,steady,llama_p2048_o64,0.594,0.1795511221945137
1790838465,792,12,steady,resnet50_image,176.875,133.64290912567927
1790838465,792,12,steady,vgg16_image,593.848,460.08224299065415
1790838465,792,12,steady,vit_base_image,84.865,73.56037151702786
1790838465,792,12,steady,gpt2_p64_o64,1.327,0.0
1790838465,792,12,steady,gpt2_p512_o512,0.163,0.0
1790838465,792,12,steady,llama_p1024_o128,0.653,0.5975103734439834
1790838465,792,12,steady,llama_p2048_o64,0.594,0.1795511221945137
1790838466,793,12,steady,resnet50_image,176.875,133.64290912567927
1790838466,793,12,steady,vgg16_image,593.848,460.08224299065415
1790838466,793,12,steady,vit_base_image,84.865,73.56037151702786
1790838466,793,12,steady,gpt2_p64_o64,1.327,0.0
1790838466,793,12,steady,gpt2_p512_o512,0.163,0.0
1790838466,793,12,steady,llama_p1024_o128,0.653,0.5975103734439834
1790838466,793,12,steady,llama_p2048_o64,0.594,0.1795511221945137
1790838467,794,12,steady,resnet50_image,176.875,133.64290912567927
1790838467,794,12,steady,vgg16_image,593.848,460.08224299065415
1790838467,794,12,steady,vit_base_image,84.865,73.56037151702786
1790838467,794,12,steady,gpt2_p64_o64,1.327,0.0
1790838467,794,12,steady,gpt2_p512_o512,0.163,0.0
1790838467,794,12,steady,llama_p1024_o128,0.653,0.5975103734439834
1790838467,794,12,steady,llama_p2048_o64,0.594,0.1795511221945137
1790838468,795,12,steady,resnet50_image,176.875,133.64290912567927
1790838468,795,12,steady,vgg16_image,593.848,460.08224299065415
1790838468,795,12,steady,vit_base_image,84.865,73.56037151702786
1790838468,795,12,steady,gpt2_p64_o64,1.327,0.0
1790838468,795,12,steady,gpt2_p512_o512,0.163,0.0
1790838468,795,12,steady,llama_p1024_o128,0.653,0.5975103734439834
1790838468,795,12,steady,llama_p2048_o64,0.594,0.1795511221945137
1790838469,796,12,steady,resnet50_image,176.875,133.64290912567927
1790838469,796,12,steady,vgg16_image,593.848,460.08224299065415
1790838469,796,12,steady,vit_base_image,84.865,73.56037151702786
1790838469,796,12,steady,gpt2_p64_o64,1.327,0.0
1790838469,796,12,steady,gpt2_p512_o512,0.163,0.0
1790838469,796,12,steady,llama_p1024_o128,0.653,0.5975103734439834
1790838469,796,12,steady,llama_p2048_o64,0.594,0.1795511221945137
1790838470,797,12,steady,resnet50_image,176.875,133.64290912567927
1790838470,797,12,steady,vgg16_image,593.848,460.08224299065415
1790838470,797,12,steady,vit_base_image,84.865,73.56037151702786
1790838470,797,12,steady,gpt2_p64_o64,1.327,0.0
1790838470,797,12,steady,gpt2_p512_o512,0.163,0.0
1790838470,797,12,steady,llama_p1024_o128,0.653,0.5975103734439834
1790838470,797,12,steady,llama_p2048_o64,0.594,0.1795511221945137
1790838471,798,12,steady,resnet50_image,176.875,133.64290912567927
1790838471,798,12,steady,vgg16_image,593.848,460.08224299065415
1790838471,798,12,steady,vit_base_image,84.865,73.56037151702786
1790838471,798,12,steady,gpt2_p64_o64,1.327,0.0
1790838471,798,12,steady,gpt2_p512_o512,0.163,0.0
1790838471,798,12,steady,llama_p1024_o128,0.653,0.5975103734439834
1790838471,798,12,steady,llama_p2048_o64,0.594,0.1795511221945137
1790838472,799,12,steady,resnet50_image,176.875,133.64290912567927
1790838472,799,12,steady,vgg16_image,593.848,460.08224299065415
1790838472,799,12,steady,vit_base_image,84.865,73.56037151702786
1790838472,799,12,steady,gpt2_p64_o64,1.327,0.0
1790838472,799,12,steady,gpt2_p512_o512,0.163,0.0
1790838472,799,12,steady,llama_p1024_o128,0.653,0.5975103734439834
1790838472,799,12,steady,llama_p2048_o64,0.594,0.1795511221945137
1790838473,800,12,steady,resnet50_image,176.875,133.64290912567927
1790838473,800,12,steady,vgg16_image,593.848,460.08224299065415
1790838473,800,12,steady,vit_base_image,84.865,73.56037151702786
1790838473,800,12,steady,gpt2_p64_o64,1.327,0.0
1790838473,800,12,steady,gpt2_p512_o512,0.163,0.0
1790838473,800,12,steady,llama_p1024_o128,0.653,0.5975103734439834
1790838473,800,12,steady,llama_p2048_o64,0.594,0.1795511221945137
1790838474,801,12,steady,resnet50_image,176.875,133.64290912567927
1790838474,801,12,steady,vgg16_image,593.848,460.08224299065415
1790838474,801,12,steady,vit_base_image,84.865,73.56037151702786
1790838474,801,12,steady,gpt2_p64_o64,1.327,0.0
1790838474,801,12,steady,gpt2_p512_o512,0.163,0.0
1790838474,801,12,steady,llama_p1024_o128,0.653,0.5975103734439834
1790838474,801,12,steady,llama_p2048_o64,0.594,0.1795511221945137
1790838475,802,12,steady,resnet50_image,176.875,133.64290912567927
1790838475,802,12,steady,vgg16_image,593.848,460.08224299065415
1790838475,802,12,steady,vit_base_image,84.865,73.56037151702786
1790838475,802,12,steady,gpt2_p64_o64,1.327,0.0
1790838475,802,12,steady,gpt2_p512_o512,0.163,0.0
1790838475,802,12,steady,llama_p1024_o128,0.653,0.5975103734439834
1790838475,802,12,steady,llama_p2048_o64,0.594,0.1795511221945137
1790838476,803,12,steady,resnet50_image,176.875,133.64290912567927
1790838476,803,12,steady,vgg16_image,593.848,460.08224299065415
1790838476,803,12,steady,vit_base_image,84.865,73.56037151702786
1790838476,803,12,steady,gpt2_p64_o64,1.327,0.0
1790838476,803,12,steady,gpt2_p512_o512,0.163,0.0
1790838476,803,12,steady,llama_p1024_o128,0.653,0.5975103734439834
1790838476,803,12,steady,llama_p2048_o64,0.594,0.1795511221945137
1790838477,804,12,steady,resnet50_image,176.875,133.64290912567927
1790838477,804,12,steady,vgg16_image,593.848,460.08224299065415
1790838477,804,12,steady,vit_base_image,84.865,73.56037151702786
1790838477,804,12,steady,gpt2_p64_o64,1.327,0.0
1790838477,804,12,steady,gpt2_p512_o512,0.163,0.0
1790838477,804,12,steady,llama_p1024_o128,0.653,0.5975103734439834
1790838477,804,12,steady,llama_p2048_o64,0.594,0.1795511221945137
1790838478,805,12,steady,resnet50_image,176.875,133.64290912567927
1790838478,805,12,steady,vgg16_image,593.848,460.08224299065415
1790838478,805,12,steady,vit_base_image,84.865,73.56037151702786
1790838478,805,12,steady,gpt2_p64_o64,1.327,0.0
1790838478,805,12,steady,gpt2_p512_o512,0.163,0.0
1790838478,805,12,steady,llama_p1024_o128,0.653,0.5975103734439834
1790838478,805,12,steady,llama_p2048_o64,0.594,0.1795511221945137
1790838479,806,12,steady,resnet50_image,176.875,133.64290912567927
1790838479,806,12,steady,vgg16_image,593.848,460.08224299065415
1790838479,806,12,steady,vit_base_image,84.865,73.56037151702786
1790838479,806,12,steady,gpt2_p64_o64,1.327,0.0
1790838479,806,12,steady,gpt2_p512_o512,0.163,0.0
1790838479,806,12,steady,llama_p1024_o128,0.653,0.5975103734439834
1790838479,806,12,steady,llama_p2048_o64,0.594,0.1795511221945137
1790838480,807,12,steady,resnet50_image,176.875,133.64290912567927
1790838480,807,12,steady,vgg16_image,593.848,460.08224299065415
1790838480,807,12,steady,vit_base_image,84.865,73.56037151702786
1790838480,807,12,steady,gpt2_p64_o64,1.327,0.0
1790838480,807,12,steady,gpt2_p512_o512,0.163,0.0
1790838480,807,12,steady,llama_p1024_o128,0.653,0.5975103734439834
1790838480,807,12,steady,llama_p2048_o64,0.594,0.1795511221945137
1790838481,808,12,steady,resnet50_image,176.875,133.64290912567927
1790838481,808,12,steady,vgg16_image,593.848,460.08224299065415
1790838481,808,12,steady,vit_base_image,84.865,73.56037151702786
1790838481,808,12,steady,gpt2_p64_o64,1.327,0.0
1790838481,808,12,steady,gpt2_p512_o512,0.163,0.0
1790838481,808,12,steady,llama_p1024_o128,0.653,0.5975103734439834
1790838481,808,12,steady,llama_p2048_o64,0.594,0.1795511221945137
1790838482,809,12,steady,resnet50_image,176.875,133.64290912567927
1790838482,809,12,steady,vgg16_image,593.848,460.08224299065415
1790838482,809,12,steady,vit_base_image,84.865,73.56037151702786
1790838482,809,12,steady,gpt2_p64_o64,1.327,0.0
1790838482,809,12,steady,gpt2_p512_o512,0.163,0.0
1790838482,809,12,steady,llama_p1024_o128,0.653,0.5975103734439834
1790838482,809,12,steady,llama_p2048_o64,0.594,0.1795511221945137
1790838483,810,12,steady,resnet50_image,176.875,133.64290912567927
1790838483,810,12,steady,vgg16_image,593.848,460.08224299065415
1790838483,810,12,steady,vit_base_image,84.865,73.56037151702786
1790838483,810,12,steady,gpt2_p64_o64,1.327,0.0
1790838483,810,12,steady,gpt2_p512_o512,0.163,0.0
1790838483,810,12,steady,llama_p1024_o128,0.653,0.5975103734439834
1790838483,810,12,steady,llama_p2048_o64,0.594,0.1795511221945137
1790838484,811,12,steady,resnet50_image,176.875,133.64290912567927
1790838484,811,12,steady,vgg16_image,593.848,460.08224299065415
1790838484,811,12,steady,vit_base_image,84.865,73.56037151702786
1790838484,811,12,steady,gpt2_p64_o64,1.327,0.0
1790838484,811,12,steady,gpt2_p512_o512,0.163,0.0
1790838484,811,12,steady,llama_p1024_o128,0.653,0.5975103734439834
1790838484,811,12,steady,llama_p2048_o64,0.594,0.1795511221945137
1790838485,812,12,steady,resnet50_image,176.875,133.64290912567927
1790838485,812,12,steady,vgg16_image,593.848,460.08224299065415
1790838485,812,12,steady,vit_base_image,84.865,73.56037151702786
1790838485,812,12,steady,gpt2_p64_o64,1.327,0.0
1790838485,812,12,steady,gpt2_p512_o512,0.163,0.0
1790838485,812,12,steady,llama_p1024_o128,0.653,0.5975103734439834
1790838485,812,12,steady,llama_p2048_o64,0.594,0.1795511221945137
1790838486,813,12,steady,resnet50_image,176.875,133.64290912567927
1790838486,813,12,steady,vgg16_image,593.848,460.08224299065415
1790838486,813,12,steady,vit_base_image,84.865,73.56037151702786
1790838486,813,12,steady,gpt2_p64_o64,1.327,0.0
1790838486,813,12,steady,gpt2_p512_o512,0.163,0.0
1790838486,813,12,steady,llama_p1024_o128,0.653,0.5975103734439834
1790838486,813,12,steady,llama_p2048_o64,0.594,0.1795511221945137
1790838487,814,12,steady,resnet50_image,176.875,133.64290912567927
1790838487,814,12,steady,vgg16_image,593.848,460.08224299065415
1790838487,814,12,steady,vit_base_image,84.865,73.56037151702786
1790838487,814,12,steady,gpt2_p64_o64,1.327,0.0
1790838487,814,12,steady,gpt2_p512_o512,0.163,0.0
1790838487,814,12,steady,llama_p1024_o128,0.653,0.5975103734439834
1790838487,814,12,steady,llama_p2048_o64,0.594,0.1795511221945137
1790838488,815,,,resnet50_image,176.875,
1790838488,815,,,vgg16_image,593.848,
1790838488,815,,,vit_base_image,84.865,
1790838488,815,,,gpt2_p64_o64,1.327,
1790838488,815,,,gpt2_p512_o512,0.163,
1790838488,815,,,llama_p1024_o128,0.653,
1790838488,815,,,llama_p2048_o64,0.594,
