t_utc,t_rel,live_round,window,workload,ledger_capacity_rps,commitment_or_target_rps
1790650436,0,1,transition,resnet50_image,,0.0
1790650436,0,1,transition,vgg16_image,,0.0
1790650436,0,1,transition,vit_base_image,,0.0
1790650436,0,1,transition,gpt2_p64_o64,,0.0
1790650436,0,1,transition,gpt2_p512_o512,,0.0
1790650436,0,1,transition,llama_p1024_o128,,0.0
1790650436,0,1,transition,llama_p2048_o64,,0.0
1790650437,1,1,transition,resnet50_image,,0.0
1790650437,1,1,transition,vgg16_image,,0.0
1790650437,1,1,transition,vit_base_image,,0.0
1790650437,1,1,transition,gpt2_p64_o64,,0.0
1790650437,1,1,transition,gpt2_p512_o512,,0.0
1790650437,1,1,transition,llama_p1024_o128,,0.0
1790650437,1,1,transition,llama_p2048_o64,,0.0
1790650438,2,1,transition,resnet50_image,,0.0
1790650438,2,1,transition,vgg16_image,,0.0
1790650438,2,1,transition,vit_base_image,,0.0
1790650438,2,1,transition,gpt2_p64_o64,,0.0
1790650438,2,1,transition,gpt2_p512_o512,,0.0
1790650438,2,1,transition,llama_p1024_o128,,0.0
1790650438,2,1,transition,llama_p2048_o64,,0.0
1790650439,3,1,transition,resnet50_image,,0.0
1790650439,3,1,transition,vgg16_image,,0.0
1790650439,3,1,transition,vit_base_image,,0.0
1790650439,3,1,transition,gpt2_p64_o64,,0.0
1790650439,3,1,transition,gpt2_p512_o512,,0.0
1790650439,3,1,transition,llama_p1024_o128,,0.0
1790650439,3,1,transition,llama_p2048_o64,,0.0
1790650440,4,1,transition,resnet50_image,,0.0
1790650440,4,1,transition,vgg16_image,,0.0
1790650440,4,1,transition,vit_base_image,,0.0
1790650440,4,1,transition,gpt2_p64_o64,,0.0
1790650440,4,1,transition,gpt2_p512_o512,,0.0
1790650440,4,1,transition,llama_p1024_o128,,0.0
1790650440,4,1,transition,llama_p2048_o64,,0.0
1790650441,5,1,transition,resnet50_image,,0.0
1790650441,5,1,transition,vgg16_image,,0.0
1790650441,5,1,transition,vit_base_image,,0.0
1790650441,5,1,transition,gpt2_p64_o64,,0.0
1790650441,5,1,transition,gpt2_p512_o512,,0.0
1790650441,5,1,transition,llama_p1024_o128,,0.0
1790650441,5,1,transition,llama_p2048_o64,,0.0
1790650442,6,1,transition,resnet50_image,,0.0
1790650442,6,1,transition,vgg16_image,,0.0
1790650442,6,1,transition,vit_base_image,,0.0
1790650442,6,1,transition,gpt2_p64_o64,,0.0
1790650442,6,1,transition,gpt2_p512_o512,,0.0
1790650442,6,1,transition,llama_p1024_o128,,0.0
1790650442,6,1,transition,llama_p2048_o64,,0.0
1790650443,7,1,transition,resnet50_image,0,0.0
1790650443,7,1,transition,vgg16_image,0,0.0
1790650443,7,1,transition,vit_base_image,0,0.0
1790650443,7,1,transition,gpt2_p64_o64,0,0.0
1790650443,7,1,transition,gpt2_p512_o512,0,0.0
1790650443,7,1,transition,llama_p1024_o128,0,0.0
1790650443,7,1,transition,llama_p2048_o64,0,0.0
1790650444,8,1,transition,resnet50_image,0,0.0
1790650444,8,1,transition,vgg16_image,0,0.0
1790650444,8,1,transition,vit_base_image,0,0.0
1790650444,8,1,transition,gpt2_p64_o64,0,0.0
1790650444,8,1,transition,gpt2_p512_o512,0,0.0
1790650444,8,1,transition,llama_p1024_o128,0,0.0
1790650444,8,1,transition,llama_p2048_o64,0,0.0
1790650445,9,1,transition,resnet50_image,0,0.0
1790650445,9,1,transition,vgg16_image,0,0.0
1790650445,9,1,transition,vit_base_image,0,0.0
1790650445,9,1,transition,gpt2_p64_o64,0,0.0
1790650445,9,1,transition,gpt2_p512_o512,0,0.0
1790650445,9,1,transition,llama_p1024_o128,0,0.0
1790650445,9,1,transition,llama_p2048_o64,0,0.0
1790650446,10,1,transition,resnet50_image,0,0.0
1790650446,10,1,transition,vgg16_image,0,0.0
1790650446,10,1,transition,vit_base_image,0,0.0
1790650446,10,1,transition,gpt2_p64_o64,0,0.0
1790650446,10,1,transition,gpt2_p512_o512,0,0.0
1790650446,10,1,transition,llama_p1024_o128,0,0.0
1790650446,10,1,transition,llama_p2048_o64,0,0.0
1790650447,11,1,transition,resnet50_image,0,0.0
1790650447,11,1,transition,vgg16_image,0,0.0
1790650447,11,1,transition,vit_base_image,0,0.0
1790650447,11,1,transition,gpt2_p64_o64,0,0.0
1790650447,11,1,transition,gpt2_p512_o512,0,0.0
1790650447,11,1,transition,llama_p1024_o128,0,0.0
1790650447,11,1,transition,llama_p2048_o64,0,0.0
1790650448,12,1,transition,resnet50_image,0,0.0
1790650448,12,1,transition,vgg16_image,0,0.0
1790650448,12,1,transition,vit_base_image,0,0.0
1790650448,12,1,transition,gpt2_p64_o64,0,0.0
1790650448,12,1,transition,gpt2_p512_o512,0,0.0
1790650448,12,1,transition,llama_p1024_o128,0,0.0
1790650448,12,1,transition,llama_p2048_o64,0,0.0
1790650449,13,1,transition,resnet50_image,0,0.0
1790650449,13,1,transition,vgg16_image,0,0.0
1790650449,13,1,transition,vit_base_image,0,0.0
1790650449,13,1,transition,gpt2_p64_o64,0,0.0
1790650449,13,1,transition,gpt2_p512_o512,0,0.0
1790650449,13,1,transition,llama_p1024_o128,0,0.0
1790650449,13,1,transition,llama_p2048_o64,0,0.0
1790650450,14,1,transition,resnet50_image,0,0.0
1790650450,14,1,transition,vgg16_image,0,0.0
1790650450,14,1,transition,vit_base_image,0,0.0
1790650450,14,1,transition,gpt2_p64_o64,0,0.0
1790650450,14,1,transition,gpt2_p512_o512,0,0.0
1790650450,14,1,transition,llama_p1024_o128,0,0.0
1790650450,14,1,transition,llama_p2048_o64,0,0.0
1790650451,15,1,transition,resnet50_image,0,0.0
1790650451,15,1,transition,vgg16_image,0,0.0
1790650451,15,1,transition,vit_base_image,0,0.0
1790650451,15,1,transition,gpt2_p64_o64,0,0.0
1790650451,15,1,transition,gpt2_p512_o512,0,0.0
1790650451,15,1,transition,llama_p1024_o128,0,0.0
1790650451,15,1,transition,llama_p2048_o64,0,0.0
1790650452,16,1,transition,resnet50_image,0,0.0
1790650452,16,1,transition,vgg16_image,0,0.0
1790650452,16,1,transition,vit_base_image,0,0.0
1790650452,16,1,transition,gpt2_p64_o64,0,0.0
1790650452,16,1,transition,gpt2_p512_o512,0,0.0
1790650452,16,1,transition,llama_p1024_o128,0,0.0
1790650452,16,1,transition,llama_p2048_o64,0,0.0
1790650453,17,1,transition,resnet50_image,0,0.0
1790650453,17,1,transition,vgg16_image,0,0.0
1790650453,17,1,transition,vit_base_image,0,0.0
1790650453,17,1,transition,gpt2_p64_o64,0,0.0
1790650453,17,1,transition,gpt2_p512_o512,0,0.0
1790650453,17,1,transition,llama_p1024_o128,0,0.0
1790650453,17,1,transition,llama_p2048_o64,0,0.0
1790650454,18,1,transition,resnet50_image,0,0.0
1790650454,18,1,transition,vgg16_image,0,0.0
1790650454,18,1,transition,vit_base_image,0,0.0
1790650454,18,1,transition,gpt2_p64_o64,0,0.0
1790650454,18,1,transition,gpt2_p512_o512,0,0.0
1790650454,18,1,transition,llama_p1024_o128,0,0.0
1790650454,18,1,transition,llama_p2048_o64,0,0.0
1790650455,19,1,transition,resnet50_image,0,0.0
1790650455,19,1,transition,vgg16_image,0,0.0
1790650455,19,1,transition,vit_base_image,0,0.0
1790650455,19,1,transition,gpt2_p64_o64,0,0.0
1790650455,19,1,transition,gpt2_p512_o512,0,0.0
1790650455,19,1,transition,llama_p1024_o128,0,0.0
1790650455,19,1,transition,llama_p2048_o64,0,0.0
1790650456,20,1,transition,resnet50_image,0,0.0
1790650456,20,1,transition,vgg16_image,0,0.0
1790650456,20,1,transition,vit_base_image,0,0.0
1790650456,20,1,transition,gpt2_p64_o64,0,0.0
1790650456,20,1,transition,gpt2_p512_o512,0,0.0
1790650456,20,1,transition,llama_p1024_o128,0,0.0
1790650456,20,1,transition,llama_p2048_o64,0,0.0
1790650457,21,1,transition,resnet50_image,0,0.0
1790650457,21,1,transition,vgg16_image,0,0.0
1790650457,21,1,transition,vit_base_image,0,0.0
1790650457,21,1,transition,gpt2_p64_o64,0,0.0
1790650457,21,1,transition,gpt2_p512_o512,0,0.0
1790650457,21,1,transition,llama_p1024_o128,0,0.0
1790650457,21,1,transition,llama_p2048_o64,0,0.0
1790650458,22,1,transition,resnet50_image,0,0.0
1790650458,22,1,transition,vgg16_image,0,0.0
1790650458,22,1,transition,vit_base_image,0,0.0
1790650458,22,1,transition,gpt2_p64_o64,0,0.0
1790650458,22,1,transition,gpt2_p512_o512,0,0.0
1790650458,22,1,transition,llama_p1024_o128,0,0.0
1790650458,22,1,transition,llama_p2048_o64,0,0.0
1790650459,23,1,transition,resnet50_image,0,0.0
1790650459,23,1,transition,vgg16_image,0,0.0
1790650459,23,1,transition,vit_base_image,0,0.0
1790650459,23,1,transition,gpt2_p64_o64,0,0.0
1790650459,23,1,transition,gpt2_p512_o512,0,0.0
1790650459,23,1,transition,llama_p1024_o128,0,0.0
1790650459,23,1,transition,llama_p2048_o64,0,0.0
1790650460,24,1,transition,resnet50_image,0,0.0
1790650460,24,1,transition,vgg16_image,0,0.0
1790650460,24,1,transition,vit_base_image,0,0.0
1790650460,24,1,transition,gpt2_p64_o64,0,0.0
1790650460,24,1,transition,gpt2_p512_o512,0,0.0
1790650460,24,1,transition,llama_p1024_o128,0,0.0
1790650460,24,1,transition,llama_p2048_o64,0,0.0
1790650461,25,1,transition,resnet50_image,0,0.0
1790650461,25,1,transition,vgg16_image,0,0.0
1790650461,25,1,transition,vit_base_image,0,0.0
1790650461,25,1,transition,gpt2_p64_o64,0,0.0
1790650461,25,1,transition,gpt2_p512_o512,0,0.0
1790650461,25,1,transition,llama_p1024_o128,0,0.0
1790650461,25,1,transition,llama_p2048_o64,0,0.0
1790650462,26,1,transition,resnet50_image,0,0.0
1790650462,26,1,transition,vgg16_image,0,0.0
1790650462,26,1,transition,vit_base_image,0,0.0
1790650462,26,1,transition,gpt2_p64_o64,0,0.0
1790650462,26,1,transition,gpt2_p512_o512,0,0.0
1790650462,26,1,transition,llama_p1024_o128,0,0.0
1790650462,26,1,transition,llama_p2048_o64,0,0.0
1790650463,27,1,transition,resnet50_image,307.73,0.0
1790650463,27,1,transition,vgg16_image,0,0.0
1790650463,27,1,transition,vit_base_image,0,0.0
1790650463,27,1,transition,gpt2_p64_o64,0,0.0
1790650463,27,1,transition,gpt2_p512_o512,0,0.0
1790650463,27,1,transition,llama_p1024_o128,0,0.0
1790650463,27,1,transition,llama_p2048_o64,0,0.0
1790650464,28,1,transition,resnet50_image,307.73,0.0
1790650464,28,1,transition,vgg16_image,0,0.0
1790650464,28,1,transition,vit_base_image,0,0.0
1790650464,28,1,transition,gpt2_p64_o64,0,0.0
1790650464,28,1,transition,gpt2_p512_o512,0,0.0
1790650464,28,1,transition,llama_p1024_o128,0,0.0
1790650464,28,1,transition,llama_p2048_o64,0,0.0
1790650465,29,1,transition,resnet50_image,307.73,0.0
1790650465,29,1,transition,vgg16_image,476.781,0.0
1790650465,29,1,transition,vit_base_image,0,0.0
1790650465,29,1,transition,gpt2_p64_o64,0,0.0
1790650465,29,1,transition,gpt2_p512_o512,0.18,0.0
1790650465,29,1,transition,llama_p1024_o128,0,0.0
1790650465,29,1,transition,llama_p2048_o64,0,0.0
1790650466,30,1,transition,resnet50_image,307.73,0.0
1790650466,30,1,transition,vgg16_image,476.781,0.0
1790650466,30,1,transition,vit_base_image,0,0.0
1790650466,30,1,transition,gpt2_p64_o64,1.456,0.0
1790650466,30,1,transition,gpt2_p512_o512,0.18,0.0
1790650466,30,1,transition,llama_p1024_o128,0,0.0
1790650466,30,1,transition,llama_p2048_o64,0,0.0
1790650467,31,1,transition,resnet50_image,307.73,0.0
1790650467,31,1,transition,vgg16_image,476.781,0.0
1790650467,31,1,transition,vit_base_image,63.099,0.0
1790650467,31,1,transition,gpt2_p64_o64,1.456,0.0
1790650467,31,1,transition,gpt2_p512_o512,0.36,0.0
1790650467,31,1,transition,llama_p1024_o128,0,0.0
1790650467,31,1,transition,llama_p2048_o64,0,0.0
1790650468,32,1,transition,resnet50_image,307.73,0.0
1790650468,32,1,transition,vgg16_image,476.781,0.0
1790650468,32,1,transition,vit_base_image,126.198,0.0
1790650468,32,1,transition,gpt2_p64_o64,1.456,0.0
1790650468,32,1,transition,gpt2_p512_o512,0.36,0.0
1790650468,32,1,transition,llama_p1024_o128,0,0.0
1790650468,32,1,transition,llama_p2048_o64,0,0.0
1790650469,33,1,transition,resnet50_image,307.73,0.0
1790650469,33,1,transition,vgg16_image,476.781,0.0
1790650469,33,1,transition,vit_base_image,126.198,0.0
1790650469,33,1,transition,gpt2_p64_o64,1.456,0.0
1790650469,33,1,transition,gpt2_p512_o512,0.36,0.0
1790650469,33,1,transition,llama_p1024_o128,0.526,0.0
1790650469,33,1,transition,llama_p2048_o64,0.655,0.0
1790650470,34,1,transition,resnet50_image,307.73,0.0
1790650470,34,1,transition,vgg16_image,476.781,0.0
1790650470,34,1,transition,vit_base_image,126.198,0.0
1790650470,34,1,transition,gpt2_p64_o64,1.456,0.0
1790650470,34,1,transition,gpt2_p512_o512,0.36,0.0
1790650470,34,1,transition,llama_p1024_o128,0.789,0.0
1790650470,34,1,transition,llama_p2048_o64,0.655,0.0
1790650471,35,1,transition,resnet50_image,307.73,0.0
1790650471,35,1,transition,vgg16_image,476.781,0.0
1790650471,35,1,transition,vit_base_image,126.198,0.0
1790650471,35,1,transition,gpt2_p64_o64,1.456,0.0
1790650471,35,1,transition,gpt2_p512_o512,0.36,0.0
1790650471,35,1,transition,llama_p1024_o128,0.789,0.0
1790650471,35,1,transition,llama_p2048_o64,0.655,0.0
1790650472,36,1,transition,resnet50_image,307.73,0.0
1790650472,36,1,transition,vgg16_image,476.781,0.0
1790650472,36,1,transition,vit_base_image,126.198,0.0
1790650472,36,1,transition,gpt2_p64_o64,1.456,0.0
1790650472,36,1,transition,gpt2_p512_o512,0.36,0.0
1790650472,36,1,transition,llama_p1024_o128,1.052,0.0
1790650472,36,1,transition,llama_p2048_o64,0.655,0.0
1790650473,37,1,transition,resnet50_image,307.73,0.0
1790650473,37,1,transition,vgg16_image,476.781,0.0
1790650473,37,1,transition,vit_base_image,126.198,0.0
1790650473,37,1,transition,gpt2_p64_o64,1.456,0.0
1790650473,37,1,transition,gpt2_p512_o512,0.36,0.0
1790650473,37,1,transition,llama_p1024_o128,1.052,0.0
1790650473,37,1,transition,llama_p2048_o64,0.655,0.0
1790650474,38,1,steady,resnet50_image,307.73,242.71580725528415
1790650474,38,1,steady,vgg16_image,476.781,446.803738317757
1790650474,38,1,steady,vit_base_image,126.198,122.60061919504642
1790650474,38,1,steady,gpt2_p64_o64,1.456,0.232258064516129
1790650474,38,1,steady,gpt2_p512_o512,0.36,0.3412322274881517
1790650474,38,1,steady,llama_p1024_o128,1.315,1.1950207468879668
1790650474,38,1,steady,llama_p2048_o64,0.655,0.1795511221945137
1790650475,39,1,steady,resnet50_image,307.73,242.71580725528415
1790650475,39,1,steady,vgg16_image,476.781,446.803738317757
1790650475,39,1,steady,vit_base_image,126.198,122.60061919504642
1790650475,39,1,steady,gpt2_p64_o64,1.456,0.232258064516129
1790650475,39,1,steady,gpt2_p512_o512,0.36,0.3412322274881517
1790650475,39,1,steady,llama_p1024_o128,1.315,1.1950207468879668
1790650475,39,1,steady,llama_p2048_o64,0.655,0.1795511221945137
1790650476,40,1,steady,resnet50_image,307.73,242.71580725528415
1790650476,40,1,steady,vgg16_image,476.781,446.803738317757
1790650476,40,1,steady,vit_base_image,126.198,122.60061919504642
1790650476,40,1,steady,gpt2_p64_o64,1.456,0.232258064516129
1790650476,40,1,steady,gpt2_p512_o512,0.36,0.3412322274881517
1790650476,40,1,steady,llama_p1024_o128,1.315,1.1950207468879668
1790650476,40,1,steady,llama_p2048_o64,0.655,0.1795511221945137
1790650477,41,1,steady,resnet50_image,307.73,242.71580725528415
1790650477,41,1,steady,vgg16_image,476.781,446.803738317757
1790650477,41,1,steady,vit_base_image,126.198,122.60061919504642
1790650477,41,1,steady,gpt2_p64_o64,1.456,0.232258064516129
1790650477,41,1,steady,gpt2_p512_o512,0.36,0.3412322274881517
1790650477,41,1,steady,llama_p1024_o128,1.315,1.1950207468879668
1790650477,41,1,steady,llama_p2048_o64,0.655,0.1795511221945137
1790650478,42,1,steady,resnet50_image,307.73,242.71580725528415
1790650478,42,1,steady,vgg16_image,476.781,446.803738317757
1790650478,42,1,steady,vit_base_image,126.198,122.60061919504642
1790650478,42,1,steady,gpt2_p64_o64,1.456,0.232258064516129
1790650478,42,1,steady,gpt2_p512_o512,0.36,0.3412322274881517
1790650478,42,1,steady,llama_p1024_o128,1.315,1.1950207468879668
1790650478,42,1,steady,llama_p2048_o64,0.655,0.1795511221945137
1790650479,43,1,steady,resnet50_image,307.73,242.71580725528415
1790650479,43,1,steady,vgg16_image,476.781,446.803738317757
1790650479,43,1,steady,vit_base_image,126.198,122.60061919504642
1790650479,43,1,steady,gpt2_p64_o64,1.456,0.232258064516129
1790650479,43,1,steady,gpt2_p512_o512,0.36,0.3412322274881517
1790650479,43,1,steady,llama_p1024_o128,1.315,1.1950207468879668
1790650479,43,1,steady,llama_p2048_o64,0.655,0.1795511221945137
1790650480,44,1,steady,resnet50_image,307.73,242.71580725528415
1790650480,44,1,steady,vgg16_image,476.781,446.803738317757
1790650480,44,1,steady,vit_base_image,126.198,122.60061919504642
1790650480,44,1,steady,gpt2_p64_o64,1.456,0.232258064516129
1790650480,44,1,steady,gpt2_p512_o512,0.36,0.3412322274881517
1790650480,44,1,steady,llama_p1024_o128,1.315,1.1950207468879668
1790650480,44,1,steady,llama_p2048_o64,0.655,0.1795511221945137
1790650481,45,1,steady,resnet50_image,307.73,242.71580725528415
1790650481,45,1,steady,vgg16_image,476.781,446.803738317757
1790650481,45,1,steady,vit_base_image,126.198,122.60061919504642
1790650481,45,1,steady,gpt2_p64_o64,1.456,0.232258064516129
1790650481,45,1,steady,gpt2_p512_o512,0.36,0.3412322274881517
1790650481,45,1,steady,llama_p1024_o128,1.315,1.1950207468879668
1790650481,45,1,steady,llama_p2048_o64,0.655,0.1795511221945137
1790650482,46,1,steady,resnet50_image,307.73,242.71580725528415
1790650482,46,1,steady,vgg16_image,476.781,446.803738317757
1790650482,46,1,steady,vit_base_image,126.198,122.60061919504642
1790650482,46,1,steady,gpt2_p64_o64,1.456,0.232258064516129
1790650482,46,1,steady,gpt2_p512_o512,0.36,0.3412322274881517
1790650482,46,1,steady,llama_p1024_o128,1.315,1.1950207468879668
1790650482,46,1,steady,llama_p2048_o64,0.655,0.1795511221945137
1790650483,47,1,steady,resnet50_image,307.73,242.71580725528415
1790650483,47,1,steady,vgg16_image,476.781,446.803738317757
1790650483,47,1,steady,vit_base_image,126.198,122.60061919504642
1790650483,47,1,steady,gpt2_p64_o64,1.456,0.232258064516129
1790650483,47,1,steady,gpt2_p512_o512,0.36,0.3412322274881517
1790650483,47,1,steady,llama_p1024_o128,1.315,1.1950207468879668
1790650483,47,1,steady,llama_p2048_o64,0.655,0.1795511221945137
1790650484,48,1,steady,resnet50_image,307.73,242.71580725528415
1790650484,48,1,steady,vgg16_image,476.781,446.803738317757
1790650484,48,1,steady,vit_base_image,126.198,122.60061919504642
1790650484,48,1,steady,gpt2_p64_o64,1.456,0.232258064516129
1790650484,48,1,steady,gpt2_p512_o512,0.36,0.3412322274881517
1790650484,48,1,steady,llama_p1024_o128,1.315,1.1950207468879668
1790650484,48,1,steady,llama_p2048_o64,0.655,0.1795511221945137
1790650485,49,1,steady,resnet50_image,307.73,242.71580725528415
1790650485,49,1,steady,vgg16_image,476.781,446.803738317757
1790650485,49,1,steady,vit_base_image,126.198,122.60061919504642
1790650485,49,1,steady,gpt2_p64_o64,1.456,0.232258064516129
1790650485,49,1,steady,gpt2_p512_o512,0.36,0.3412322274881517
1790650485,49,1,steady,llama_p1024_o128,1.315,1.1950207468879668
1790650485,49,1,steady,llama_p2048_o64,0.655,0.1795511221945137
1790650486,50,1,steady,resnet50_image,307.73,242.71580725528415
1790650486,50,1,steady,vgg16_image,476.781,446.803738317757
1790650486,50,1,steady,vit_base_image,126.198,122.60061919504642
1790650486,50,1,steady,gpt2_p64_o64,1.456,0.232258064516129
1790650486,50,1,steady,gpt2_p512_o512,0.36,0.3412322274881517
1790650486,50,1,steady,llama_p1024_o128,1.315,1.1950207468879668
1790650486,50,1,steady,llama_p2048_o64,0.655,0.1795511221945137
1790650487,51,1,steady,resnet50_image,307.73,242.71580725528415
1790650487,51,1,steady,vgg16_image,476.781,446.803738317757
1790650487,51,1,steady,vit_base_image,126.198,122.60061919504642
1790650487,51,1,steady,gpt2_p64_o64,1.456,0.232258064516129
1790650487,51,1,steady,gpt2_p512_o512,0.36,0.3412322274881517
1790650487,51,1,steady,llama_p1024_o128,1.315,1.1950207468879668
1790650487,51,1,steady,llama_p2048_o64,0.655,0.1795511221945137
1790650488,52,1,steady,resnet50_image,307.73,242.71580725528415
1790650488,52,1,steady,vgg16_image,476.781,446.803738317757
1790650488,52,1,steady,vit_base_image,126.198,122.60061919504642
1790650488,52,1,steady,gpt2_p64_o64,1.456,0.232258064516129
1790650488,52,1,steady,gpt2_p512_o512,0.36,0.3412322274881517
1790650488,52,1,steady,llama_p1024_o128,1.315,1.1950207468879668
1790650488,52,1,steady,llama_p2048_o64,0.655,0.1795511221945137
1790650489,53,1,steady,resnet50_image,307.73,242.71580725528415
1790650489,53,1,steady,vgg16_image,476.781,446.803738317757
1790650489,53,1,steady,vit_base_image,126.198,122.60061919504642
1790650489,53,1,steady,gpt2_p64_o64,1.456,0.232258064516129
1790650489,53,1,steady,gpt2_p512_o512,0.36,0.3412322274881517
1790650489,53,1,steady,llama_p1024_o128,1.315,1.1950207468879668
1790650489,53,1,steady,llama_p2048_o64,0.655,0.1795511221945137
1790650490,54,1,steady,resnet50_image,307.73,242.71580725528415
1790650490,54,1,steady,vgg16_image,476.781,446.803738317757
1790650490,54,1,steady,vit_base_image,126.198,122.60061919504642
1790650490,54,1,steady,gpt2_p64_o64,1.456,0.232258064516129
1790650490,54,1,steady,gpt2_p512_o512,0.36,0.3412322274881517
1790650490,54,1,steady,llama_p1024_o128,1.315,1.1950207468879668
1790650490,54,1,steady,llama_p2048_o64,0.655,0.1795511221945137
1790650491,55,1,steady,resnet50_image,307.73,242.71580725528415
1790650491,55,1,steady,vgg16_image,476.781,446.803738317757
1790650491,55,1,steady,vit_base_image,126.198,122.60061919504642
1790650491,55,1,steady,gpt2_p64_o64,1.456,0.232258064516129
1790650491,55,1,steady,gpt2_p512_o512,0.36,0.3412322274881517
1790650491,55,1,steady,llama_p1024_o128,1.315,1.1950207468879668
1790650491,55,1,steady,llama_p2048_o64,0.655,0.1795511221945137
1790650492,56,1,steady,resnet50_image,307.73,242.71580725528415
1790650492,56,1,steady,vgg16_image,476.781,446.803738317757
1790650492,56,1,steady,vit_base_image,126.198,122.60061919504642
1790650492,56,1,steady,gpt2_p64_o64,1.456,0.232258064516129
1790650492,56,1,steady,gpt2_p512_o512,0.36,0.3412322274881517
1790650492,56,1,steady,llama_p1024_o128,1.315,1.1950207468879668
1790650492,56,1,steady,llama_p2048_o64,0.655,0.1795511221945137
1790650493,57,1,steady,resnet50_image,307.73,242.71580725528415
1790650493,57,1,steady,vgg16_image,476.781,446.803738317757
1790650493,57,1,steady,vit_base_image,126.198,122.60061919504642
1790650493,57,1,steady,gpt2_p64_o64,1.456,0.232258064516129
1790650493,57,1,steady,gpt2_p512_o512,0.36,0.3412322274881517
1790650493,57,1,steady,llama_p1024_o128,1.315,1.1950207468879668
1790650493,57,1,steady,llama_p2048_o64,0.655,0.1795511221945137
1790650494,58,1,steady,resnet50_image,307.73,242.71580725528415
1790650494,58,1,steady,vgg16_image,476.781,446.803738317757
1790650494,58,1,steady,vit_base_image,126.198,122.60061919504642
1790650494,58,1,steady,gpt2_p64_o64,1.456,0.232258064516129
1790650494,58,1,steady,gpt2_p512_o512,0.36,0.3412322274881517
1790650494,58,1,steady,llama_p1024_o128,1.315,1.1950207468879668
1790650494,58,1,steady,llama_p2048_o64,0.655,0.1795511221945137
1790650495,59,1,steady,resnet50_image,307.73,242.71580725528415
1790650495,59,1,steady,vgg16_image,476.781,446.803738317757
1790650495,59,1,steady,vit_base_image,126.198,122.60061919504642
1790650495,59,1,steady,gpt2_p64_o64,1.456,0.232258064516129
1790650495,59,1,steady,gpt2_p512_o512,0.36,0.3412322274881517
1790650495,59,1,steady,llama_p1024_o128,1.315,1.1950207468879668
1790650495,59,1,steady,llama_p2048_o64,0.655,0.1795511221945137
1790650496,60,1,steady,resnet50_image,307.73,242.71580725528415
1790650496,60,1,steady,vgg16_image,476.781,446.803738317757
1790650496,60,1,steady,vit_base_image,126.198,122.60061919504642
1790650496,60,1,steady,gpt2_p64_o64,1.456,0.232258064516129
1790650496,60,1,steady,gpt2_p512_o512,0.36,0.3412322274881517
1790650496,60,1,steady,llama_p1024_o128,1.315,1.1950207468879668
1790650496,60,1,steady,llama_p2048_o64,0.655,0.1795511221945137
1790650497,61,1,steady,resnet50_image,307.73,242.71580725528415
1790650497,61,1,steady,vgg16_image,476.781,446.803738317757
1790650497,61,1,steady,vit_base_image,126.198,122.60061919504642
1790650497,61,1,steady,gpt2_p64_o64,1.456,0.232258064516129
1790650497,61,1,steady,gpt2_p512_o512,0.36,0.3412322274881517
1790650497,61,1,steady,llama_p1024_o128,1.315,1.1950207468879668
1790650497,61,1,steady,llama_p2048_o64,0.655,0.1795511221945137
1790650498,62,1,steady,resnet50_image,307.73,242.71580725528415
1790650498,62,1,steady,vgg16_image,476.781,446.803738317757
1790650498,62,1,steady,vit_base_image,126.198,122.60061919504642
1790650498,62,1,steady,gpt2_p64_o64,1.456,0.232258064516129
1790650498,62,1,steady,gpt2_p512_o512,0.36,0.3412322274881517
1790650498,62,1,steady,llama_p1024_o128,1.315,1.1950207468879668
1790650498,62,1,steady,llama_p2048_o64,0.655,0.1795511221945137
1790650499,63,1,steady,resnet50_image,307.73,242.71580725528415
1790650499,63,1,steady,vgg16_image,476.781,446.803738317757
1790650499,63,1,steady,vit_base_image,126.198,122.60061919504642
1790650499,63,1,steady,gpt2_p64_o64,1.456,0.232258064516129
1790650499,63,1,steady,gpt2_p512_o512,0.36,0.3412322274881517
1790650499,63,1,steady,llama_p1024_o128,1.315,1.1950207468879668
1790650499,63,1,steady,llama_p2048_o64,0.655,0.1795511221945137
1790650500,64,1,steady,resnet50_image,307.73,242.71580725528415
1790650500,64,1,steady,vgg16_image,476.781,446.803738317757
1790650500,64,1,steady,vit_base_image,126.198,122.60061919504642
1790650500,64,1,steady,gpt2_p64_o64,1.456,0.232258064516129
1790650500,64,1,steady,gpt2_p512_o512,0.36,0.3412322274881517
1790650500,64,1,steady,llama_p1024_o128,1.315,1.1950207468879668
1790650500,64,1,steady,llama_p2048_o64,0.655,0.1795511221945137
1790650501,65,1,steady,resnet50_image,307.73,242.71580725528415
1790650501,65,1,steady,vgg16_image,476.781,446.803738317757
1790650501,65,1,steady,vit_base_image,126.198,122.60061919504642
1790650501,65,1,steady,gpt2_p64_o64,1.456,0.232258064516129
1790650501,65,1,steady,gpt2_p512_o512,0.36,0.3412322274881517
1790650501,65,1,steady,llama_p1024_o128,1.315,1.1950207468879668
1790650501,65,1,steady,llama_p2048_o64,0.655,0.1795511221945137
1790650502,66,1,steady,resnet50_image,307.73,242.71580725528415
1790650502,66,1,steady,vgg16_image,476.781,446.803738317757
1790650502,66,1,steady,vit_base_image,126.198,122.60061919504642
1790650502,66,1,steady,gpt2_p64_o64,1.456,0.232258064516129
1790650502,66,1,steady,gpt2_p512_o512,0.36,0.3412322274881517
1790650502,66,1,steady,llama_p1024_o128,1.315,1.1950207468879668
1790650502,66,1,steady,llama_p2048_o64,0.655,0.1795511221945137
1790650503,67,1,steady,resnet50_image,307.73,242.71580725528415
1790650503,67,1,steady,vgg16_image,476.781,446.803738317757
1790650503,67,1,steady,vit_base_image,126.198,122.60061919504642
1790650503,67,1,steady,gpt2_p64_o64,1.456,0.232258064516129
1790650503,67,1,steady,gpt2_p512_o512,0.36,0.3412322274881517
1790650503,67,1,steady,llama_p1024_o128,1.315,1.1950207468879668
1790650503,67,1,steady,llama_p2048_o64,0.655,0.1795511221945137
1790650504,68,,,resnet50_image,307.73,
1790650504,68,,,vgg16_image,476.781,
1790650504,68,,,vit_base_image,126.198,
1790650504,68,,,gpt2_p64_o64,1.456,
1790650504,68,,,gpt2_p512_o512,0.36,
1790650504,68,,,llama_p1024_o128,1.315,
1790650504,68,,,llama_p2048_o64,0.655,
1790650505,69,,,resnet50_image,307.73,
1790650505,69,,,vgg16_image,476.781,
1790650505,69,,,vit_base_image,126.198,
1790650505,69,,,gpt2_p64_o64,1.456,
1790650505,69,,,gpt2_p512_o512,0.36,
1790650505,69,,,llama_p1024_o128,1.315,
1790650505,69,,,llama_p2048_o64,0.655,
1790650506,70,,,resnet50_image,307.73,
1790650506,70,,,vgg16_image,476.781,
1790650506,70,,,vit_base_image,126.198,
1790650506,70,,,gpt2_p64_o64,1.456,
1790650506,70,,,gpt2_p512_o512,0.36,
1790650506,70,,,llama_p1024_o128,1.315,
1790650506,70,,,llama_p2048_o64,0.655,
1790650507,71,,,resnet50_image,307.73,
1790650507,71,,,vgg16_image,476.781,
1790650507,71,,,vit_base_image,126.198,
1790650507,71,,,gpt2_p64_o64,1.456,
1790650507,71,,,gpt2_p512_o512,0.36,
1790650507,71,,,llama_p1024_o128,1.315,
1790650507,71,,,llama_p2048_o64,0.655,
1790650508,72,,,resnet50_image,307.73,
1790650508,72,,,vgg16_image,476.781,
1790650508,72,,,vit_base_image,126.198,
1790650508,72,,,gpt2_p64_o64,1.456,
1790650508,72,,,gpt2_p512_o512,0.36,
1790650508,72,,,llama_p1024_o128,1.315,
1790650508,72,,,llama_p2048_o64,0.655,
1790650509,73,,,resnet50_image,307.73,
1790650509,73,,,vgg16_image,476.781,
1790650509,73,,,vit_base_image,126.198,
1790650509,73,,,gpt2_p64_o64,1.456,
1790650509,73,,,gpt2_p512_o512,0.36,
1790650509,73,,,llama_p1024_o128,1.315,
1790650509,73,,,llama_p2048_o64,0.655,
1790650510,74,,,resnet50_image,307.73,
1790650510,74,,,vgg16_image,476.781,
1790650510,74,,,vit_base_image,126.198,
1790650510,74,,,gpt2_p64_o64,1.456,
1790650510,74,,,gpt2_p512_o512,0.36,
1790650510,74,,,llama_p1024_o128,1.315,
1790650510,74,,,llama_p2048_o64,0.655,
1790650511,75,,,resnet50_image,307.73,
1790650511,75,,,vgg16_image,476.781,
1790650511,75,,,vit_base_image,126.198,
1790650511,75,,,gpt2_p64_o64,1.456,
1790650511,75,,,gpt2_p512_o512,0.36,
1790650511,75,,,llama_p1024_o128,1.315,
1790650511,75,,,llama_p2048_o64,0.655,
1790650512,76,,,resnet50_image,307.73,
1790650512,76,,,vgg16_image,476.781,
1790650512,76,,,vit_base_image,126.198,
1790650512,76,,,gpt2_p64_o64,1.456,
1790650512,76,,,gpt2_p512_o512,0.36,
1790650512,76,,,llama_p1024_o128,1.315,
1790650512,76,,,llama_p2048_o64,0.655,
1790650513,77,,,resnet50_image,307.73,
1790650513,77,,,vgg16_image,476.781,
1790650513,77,,,vit_base_image,126.198,
1790650513,77,,,gpt2_p64_o64,1.456,
1790650513,77,,,gpt2_p512_o512,0.36,
1790650513,77,,,llama_p1024_o128,1.315,
1790650513,77,,,llama_p2048_o64,0.655,
1790650514,78,2,transition,resnet50_image,307.73,214.84735642686016
1790650514,78,2,transition,vgg16_image,476.781,446.803738317757
1790650514,78,2,transition,vit_base_image,126.198,122.60061919504642
1790650514,78,2,transition,gpt2_p64_o64,1.456,0.232258064516129
1790650514,78,2,transition,gpt2_p512_o512,0.36,0.1706161137440758
1790650514,78,2,transition,llama_p1024_o128,1.315,0.5975103734439834
1790650514,78,2,transition,llama_p2048_o64,0.655,0.1795511221945137
1790650515,79,2,transition,resnet50_image,307.73,214.84735642686016
1790650515,79,2,transition,vgg16_image,476.781,446.803738317757
1790650515,79,2,transition,vit_base_image,126.198,122.60061919504642
1790650515,79,2,transition,gpt2_p64_o64,1.456,0.232258064516129
1790650515,79,2,transition,gpt2_p512_o512,0.36,0.1706161137440758
1790650515,79,2,transition,llama_p1024_o128,1.315,0.5975103734439834
1790650515,79,2,transition,llama_p2048_o64,0.655,0.1795511221945137
1790650516,80,2,transition,resnet50_image,307.73,214.84735642686016
1790650516,80,2,transition,vgg16_image,476.781,446.803738317757
1790650516,80,2,transition,vit_base_image,126.198,122.60061919504642
1790650516,80,2,transition,gpt2_p64_o64,1.456,0.232258064516129
1790650516,80,2,transition,gpt2_p512_o512,0.36,0.1706161137440758
1790650516,80,2,transition,llama_p1024_o128,1.315,0.5975103734439834
1790650516,80,2,transition,llama_p2048_o64,0.655,0.1795511221945137
1790650517,81,2,transition,resnet50_image,307.73,214.84735642686016
1790650517,81,2,transition,vgg16_image,476.781,446.803738317757
1790650517,81,2,transition,vit_base_image,126.198,122.60061919504642
1790650517,81,2,transition,gpt2_p64_o64,1.456,0.232258064516129
1790650517,81,2,transition,gpt2_p512_o512,0.36,0.1706161137440758
1790650517,81,2,transition,llama_p1024_o128,1.315,0.5975103734439834
1790650517,81,2,transition,llama_p2048_o64,0.655,0.1795511221945137
1790650518,82,2,transition,resnet50_image,307.73,214.84735642686016
1790650518,82,2,transition,vgg16_image,476.781,446.803738317757
1790650518,82,2,transition,vit_base_image,126.198,122.60061919504642
1790650518,82,2,transition,gpt2_p64_o64,1.456,0.232258064516129
1790650518,82,2,transition,gpt2_p512_o512,0.36,0.1706161137440758
1790650518,82,2,transition,llama_p1024_o128,1.315,0.5975103734439834
1790650518,82,2,transition,llama_p2048_o64,0.655,0.1795511221945137
1790650519,83,2,transition,resnet50_image,307.73,214.84735642686016
1790650519,83,2,transition,vgg16_image,476.781,446.803738317757
1790650519,83,2,transition,vit_base_image,126.198,122.60061919504642
1790650519,83,2,transition,gpt2_p64_o64,1.456,0.232258064516129
1790650519,83,2,transition,gpt2_p512_o512,0.36,0.1706161137440758
1790650519,83,2,transition,llama_p1024_o128,1.315,0.5975103734439834
1790650519,83,2,transition,llama_p2048_o64,0.655,0.1795511221945137
1790650520,84,2,transition,resnet50_image,307.73,214.84735642686016
1790650520,84,2,transition,vgg16_image,476.781,446.803738317757
1790650520,84,2,transition,vit_base_image,126.198,122.60061919504642
1790650520,84,2,transition,gpt2_p64_o64,1.456,0.232258064516129
1790650520,84,2,transition,gpt2_p512_o512,0.36,0.1706161137440758
1790650520,84,2,transition,llama_p1024_o128,1.315,0.5975103734439834
1790650520,84,2,transition,llama_p2048_o64,0.655,0.1795511221945137
1790650521,85,2,transition,resnet50_image,307.73,214.84735642686016
1790650521,85,2,transition,vgg16_image,476.781,446.803738317757
1790650521,85,2,transition,vit_base_image,126.198,122.60061919504642
1790650521,85,2,transition,gpt2_p64_o64,1.456,0.232258064516129
1790650521,85,2,transition,gpt2_p512_o512,0.36,0.1706161137440758
1790650521,85,2,transition,llama_p1024_o128,1.315,0.5975103734439834
1790650521,85,2,transition,llama_p2048_o64,0.655,0.1795511221945137
1790650522,86,2,transition,resnet50_image,307.73,214.84735642686016
1790650522,86,2,transition,vgg16_image,476.781,446.803738317757
1790650522,86,2,transition,vit_base_image,126.198,122.60061919504642
1790650522,86,2,transition,gpt2_p64_o64,1.456,0.232258064516129
1790650522,86,2,transition,gpt2_p512_o512,0.36,0.1706161137440758
1790650522,86,2,transition,llama_p1024_o128,1.315,0.5975103734439834
1790650522,86,2,transition,llama_p2048_o64,0.655,0.1795511221945137
1790650523,87,2,transition,resnet50_image,307.73,214.84735642686016
1790650523,87,2,transition,vgg16_image,494.421,446.803738317757
1790650523,87,2,transition,vit_base_image,126.198,122.60061919504642
1790650523,87,2,transition,gpt2_p64_o64,1.456,0.232258064516129
1790650523,87,2,transition,gpt2_p512_o512,0.36,0.1706161137440758
1790650523,87,2,transition,llama_p1024_o128,1.315,0.5975103734439834
1790650523,87,2,transition,llama_p2048_o64,0.655,0.1795511221945137
1790650524,88,2,transition,resnet50_image,307.73,214.84735642686016
1790650524,88,2,transition,vgg16_image,494.421,446.803738317757
1790650524,88,2,transition,vit_base_image,126.198,122.60061919504642
1790650524,88,2,transition,gpt2_p64_o64,1.456,0.232258064516129
1790650524,88,2,transition,gpt2_p512_o512,0.36,0.1706161137440758
1790650524,88,2,transition,llama_p1024_o128,1.315,0.5975103734439834
1790650524,88,2,transition,llama_p2048_o64,0.655,0.1795511221945137
1790650525,89,2,transition,resnet50_image,307.73,214.84735642686016
1790650525,89,2,transition,vgg16_image,494.421,446.803738317757
1790650525,89,2,transition,vit_base_image,126.198,122.60061919504642
1790650525,89,2,transition,gpt2_p64_o64,1.456,0.232258064516129
1790650525,89,2,transition,gpt2_p512_o512,0.36,0.1706161137440758
1790650525,89,2,transition,llama_p1024_o128,1.315,0.5975103734439834
1790650525,89,2,transition,llama_p2048_o64,0.655,0.1795511221945137
1790650526,90,2,transition,resnet50_image,307.73,214.84735642686016
1790650526,90,2,transition,vgg16_image,494.421,446.803738317757
1790650526,90,2,transition,vit_base_image,126.198,122.60061919504642
1790650526,90,2,transition,gpt2_p64_o64,1.456,0.232258064516129
1790650526,90,2,transition,gpt2_p512_o512,0.36,0.1706161137440758
1790650526,90,2,transition,llama_p1024_o128,1.315,0.5975103734439834
1790650526,90,2,transition,llama_p2048_o64,0.655,0.1795511221945137
1790650527,91,2,steady,resnet50_image,307.73,214.84735642686016
1790650527,91,2,steady,vgg16_image,494.421,478.026168224299
1790650527,91,2,steady,vit_base_image,126.198,122.60061919504642
1790650527,91,2,steady,gpt2_p64_o64,1.456,0.232258064516129
1790650527,91,2,steady,gpt2_p512_o512,0.36,0.1706161137440758
1790650527,91,2,steady,llama_p1024_o128,1.315,0.5975103734439834
1790650527,91,2,steady,llama_p2048_o64,0.655,0.3591022443890275
1790650528,92,2,steady,resnet50_image,307.73,214.84735642686016
1790650528,92,2,steady,vgg16_image,494.421,478.026168224299
1790650528,92,2,steady,vit_base_image,126.198,122.60061919504642
1790650528,92,2,steady,gpt2_p64_o64,1.456,0.232258064516129
1790650528,92,2,steady,gpt2_p512_o512,0.36,0.1706161137440758
1790650528,92,2,steady,llama_p1024_o128,1.315,0.5975103734439834
1790650528,92,2,steady,llama_p2048_o64,0.655,0.3591022443890275
1790650529,93,2,steady,resnet50_image,307.73,214.84735642686016
1790650529,93,2,steady,vgg16_image,494.421,478.026168224299
1790650529,93,2,steady,vit_base_image,126.198,122.60061919504642
1790650529,93,2,steady,gpt2_p64_o64,1.456,0.232258064516129
1790650529,93,2,steady,gpt2_p512_o512,0.36,0.1706161137440758
1790650529,93,2,steady,llama_p1024_o128,1.315,0.5975103734439834
1790650529,93,2,steady,llama_p2048_o64,0.655,0.3591022443890275
1790650530,94,2,steady,resnet50_image,307.73,214.84735642686016
1790650530,94,2,steady,vgg16_image,494.421,478.026168224299
1790650530,94,2,steady,vit_base_image,126.198,122.60061919504642
1790650530,94,2,steady,gpt2_p64_o64,1.456,0.232258064516129
1790650530,94,2,steady,gpt2_p512_o512,0.36,0.1706161137440758
1790650530,94,2,steady,llama_p1024_o128,1.315,0.5975103734439834
1790650530,94,2,steady,llama_p2048_o64,0.655,0.3591022443890275
1790650531,95,2,steady,resnet50_image,307.73,214.84735642686016
1790650531,95,2,steady,vgg16_image,494.421,478.026168224299
1790650531,95,2,steady,vit_base_image,126.198,122.60061919504642
1790650531,95,2,steady,gpt2_p64_o64,1.456,0.232258064516129
1790650531,95,2,steady,gpt2_p512_o512,0.36,0.1706161137440758
1790650531,95,2,steady,llama_p1024_o128,1.315,0.5975103734439834
1790650531,95,2,steady,llama_p2048_o64,0.655,0.3591022443890275
1790650532,96,2,steady,resnet50_image,307.73,214.84735642686016
1790650532,96,2,steady,vgg16_image,494.421,478.026168224299
1790650532,96,2,steady,vit_base_image,126.198,122.60061919504642
1790650532,96,2,steady,gpt2_p64_o64,1.456,0.232258064516129
1790650532,96,2,steady,gpt2_p512_o512,0.36,0.1706161137440758
1790650532,96,2,steady,llama_p1024_o128,1.315,0.5975103734439834
1790650532,96,2,steady,llama_p2048_o64,0.655,0.3591022443890275
1790650533,97,2,steady,resnet50_image,307.73,214.84735642686016
1790650533,97,2,steady,vgg16_image,494.421,478.026168224299
1790650533,97,2,steady,vit_base_image,126.198,122.60061919504642
1790650533,97,2,steady,gpt2_p64_o64,1.456,0.232258064516129
1790650533,97,2,steady,gpt2_p512_o512,0.36,0.1706161137440758
1790650533,97,2,steady,llama_p1024_o128,1.315,0.5975103734439834
1790650533,97,2,steady,llama_p2048_o64,0.655,0.3591022443890275
1790650534,98,2,steady,resnet50_image,307.73,214.84735642686016
1790650534,98,2,steady,vgg16_image,494.421,478.026168224299
1790650534,98,2,steady,vit_base_image,126.198,122.60061919504642
1790650534,98,2,steady,gpt2_p64_o64,1.456,0.232258064516129
1790650534,98,2,steady,gpt2_p512_o512,0.36,0.1706161137440758
1790650534,98,2,steady,llama_p1024_o128,1.315,0.5975103734439834
1790650534,98,2,steady,llama_p2048_o64,0.655,0.3591022443890275
1790650535,99,2,steady,resnet50_image,307.73,214.84735642686016
1790650535,99,2,steady,vgg16_image,494.421,478.026168224299
1790650535,99,2,steady,vit_base_image,126.198,122.60061919504642
1790650535,99,2,steady,gpt2_p64_o64,1.456,0.232258064516129
1790650535,99,2,steady,gpt2_p512_o512,0.36,0.1706161137440758
1790650535,99,2,steady,llama_p1024_o128,1.315,0.5975103734439834
1790650535,99,2,steady,llama_p2048_o64,0.655,0.3591022443890275
1790650536,100,2,steady,resnet50_image,307.73,214.84735642686016
1790650536,100,2,steady,vgg16_image,494.421,478.026168224299
1790650536,100,2,steady,vit_base_image,126.198,122.60061919504642
1790650536,100,2,steady,gpt2_p64_o64,1.456,0.232258064516129
1790650536,100,2,steady,gpt2_p512_o512,0.36,0.1706161137440758
1790650536,100,2,steady,llama_p1024_o128,1.315,0.5975103734439834
1790650536,100,2,steady,llama_p2048_o64,0.655,0.3591022443890275
1790650537,101,2,steady,resnet50_image,307.73,214.84735642686016
1790650537,101,2,steady,vgg16_image,494.421,478.026168224299
1790650537,101,2,steady,vit_base_image,126.198,122.60061919504642
1790650537,101,2,steady,gpt2_p64_o64,1.456,0.232258064516129
1790650537,101,2,steady,gpt2_p512_o512,0.36,0.1706161137440758
1790650537,101,2,steady,llama_p1024_o128,1.315,0.5975103734439834
1790650537,101,2,steady,llama_p2048_o64,0.655,0.3591022443890275
1790650538,102,2,steady,resnet50_image,307.73,214.84735642686016
1790650538,102,2,steady,vgg16_image,494.421,478.026168224299
1790650538,102,2,steady,vit_base_image,126.198,122.60061919504642
1790650538,102,2,steady,gpt2_p64_o64,1.456,0.232258064516129
1790650538,102,2,steady,gpt2_p512_o512,0.36,0.1706161137440758
1790650538,102,2,steady,llama_p1024_o128,1.315,0.5975103734439834
1790650538,102,2,steady,llama_p2048_o64,0.655,0.3591022443890275
1790650539,103,2,steady,resnet50_image,307.73,214.84735642686016
1790650539,103,2,steady,vgg16_image,494.421,478.026168224299
1790650539,103,2,steady,vit_base_image,126.198,122.60061919504642
1790650539,103,2,steady,gpt2_p64_o64,1.456,0.232258064516129
1790650539,103,2,steady,gpt2_p512_o512,0.36,0.1706161137440758
1790650539,103,2,steady,llama_p1024_o128,1.315,0.5975103734439834
1790650539,103,2,steady,llama_p2048_o64,0.655,0.3591022443890275
1790650540,104,2,steady,resnet50_image,307.73,214.84735642686016
1790650540,104,2,steady,vgg16_image,494.421,478.026168224299
1790650540,104,2,steady,vit_base_image,126.198,122.60061919504642
1790650540,104,2,steady,gpt2_p64_o64,1.456,0.232258064516129
1790650540,104,2,steady,gpt2_p512_o512,0.36,0.1706161137440758
1790650540,104,2,steady,llama_p1024_o128,1.315,0.5975103734439834
1790650540,104,2,steady,llama_p2048_o64,0.655,0.3591022443890275
1790650541,105,2,steady,resnet50_image,307.73,214.84735642686016
1790650541,105,2,steady,vgg16_image,494.421,478.026168224299
1790650541,105,2,steady,vit_base_image,126.198,122.60061919504642
1790650541,105,2,steady,gpt2_p64_o64,1.456,0.232258064516129
1790650541,105,2,steady,gpt2_p512_o512,0.36,0.1706161137440758
1790650541,105,2,steady,llama_p1024_o128,1.315,0.5975103734439834
1790650541,105,2,steady,llama_p2048_o64,0.655,0.3591022443890275
1790650542,106,2,steady,resnet50_image,307.73,214.84735642686016
1790650542,106,2,steady,vgg16_image,494.421,478.026168224299
1790650542,106,2,steady,vit_base_image,126.198,122.60061919504642
1790650542,106,2,steady,gpt2_p64_o64,1.456,0.232258064516129
1790650542,106,2,steady,gpt2_p512_o512,0.36,0.1706161137440758
1790650542,106,2,steady,llama_p1024_o128,1.315,0.5975103734439834
1790650542,106,2,steady,llama_p2048_o64,0.655,0.3591022443890275
1790650543,107,2,steady,resnet50_image,307.73,214.84735642686016
1790650543,107,2,steady,vgg16_image,494.421,478.026168224299
1790650543,107,2,steady,vit_base_image,126.198,122.60061919504642
1790650543,107,2,steady,gpt2_p64_o64,1.456,0.232258064516129
1790650543,107,2,steady,gpt2_p512_o512,0.36,0.1706161137440758
1790650543,107,2,steady,llama_p1024_o128,1.315,0.5975103734439834
1790650543,107,2,steady,llama_p2048_o64,0.655,0.3591022443890275
1790650544,108,2,steady,resnet50_image,307.73,214.84735642686016
1790650544,108,2,steady,vgg16_image,494.421,478.026168224299
1790650544,108,2,steady,vit_base_image,126.198,122.60061919504642
1790650544,108,2,steady,gpt2_p64_o64,1.456,0.232258064516129
1790650544,108,2,steady,gpt2_p512_o512,0.36,0.1706161137440758
1790650544,108,2,steady,llama_p1024_o128,1.315,0.5975103734439834
1790650544,108,2,steady,llama_p2048_o64,0.655,0.3591022443890275
1790650545,109,2,steady,resnet50_image,307.73,214.84735642686016
1790650545,109,2,steady,vgg16_image,494.421,478.026168224299
1790650545,109,2,steady,vit_base_image,126.198,122.60061919504642
1790650545,109,2,steady,gpt2_p64_o64,1.456,0.232258064516129
1790650545,109,2,steady,gpt2_p512_o512,0.36,0.1706161137440758
1790650545,109,2,steady,llama_p1024_o128,1.315,0.5975103734439834
1790650545,109,2,steady,llama_p2048_o64,0.655,0.3591022443890275
1790650546,110,2,steady,resnet50_image,307.73,214.84735642686016
1790650546,110,2,steady,vgg16_image,494.421,478.026168224299
1790650546,110,2,steady,vit_base_image,126.198,122.60061919504642
1790650546,110,2,steady,gpt2_p64_o64,1.456,0.232258064516129
1790650546,110,2,steady,gpt2_p512_o512,0.36,0.1706161137440758
1790650546,110,2,steady,llama_p1024_o128,1.315,0.5975103734439834
1790650546,110,2,steady,llama_p2048_o64,0.655,0.3591022443890275
1790650547,111,2,steady,resnet50_image,307.73,214.84735642686016
1790650547,111,2,steady,vgg16_image,494.421,478.026168224299
1790650547,111,2,steady,vit_base_image,126.198,122.60061919504642
1790650547,111,2,steady,gpt2_p64_o64,1.456,0.232258064516129
1790650547,111,2,steady,gpt2_p512_o512,0.36,0.1706161137440758
1790650547,111,2,steady,llama_p1024_o128,1.315,0.5975103734439834
1790650547,111,2,steady,llama_p2048_o64,0.655,0.3591022443890275
1790650548,112,2,steady,resnet50_image,307.73,214.84735642686016
1790650548,112,2,steady,vgg16_image,494.421,478.026168224299
1790650548,112,2,steady,vit_base_image,126.198,122.60061919504642
1790650548,112,2,steady,gpt2_p64_o64,1.456,0.232258064516129
1790650548,112,2,steady,gpt2_p512_o512,0.36,0.1706161137440758
1790650548,112,2,steady,llama_p1024_o128,1.315,0.5975103734439834
1790650548,112,2,steady,llama_p2048_o64,0.655,0.3591022443890275
1790650549,113,2,steady,resnet50_image,307.73,214.84735642686016
1790650549,113,2,steady,vgg16_image,494.421,478.026168224299
1790650549,113,2,steady,vit_base_image,126.198,122.60061919504642
1790650549,113,2,steady,gpt2_p64_o64,1.456,0.232258064516129
1790650549,113,2,steady,gpt2_p512_o512,0.36,0.1706161137440758
1790650549,113,2,steady,llama_p1024_o128,1.315,0.5975103734439834
1790650549,113,2,steady,llama_p2048_o64,0.655,0.3591022443890275
1790650550,114,2,steady,resnet50_image,307.73,214.84735642686016
1790650550,114,2,steady,vgg16_image,494.421,478.026168224299
1790650550,114,2,steady,vit_base_image,126.198,122.60061919504642
1790650550,114,2,steady,gpt2_p64_o64,1.456,0.232258064516129
1790650550,114,2,steady,gpt2_p512_o512,0.36,0.1706161137440758
1790650550,114,2,steady,llama_p1024_o128,1.315,0.5975103734439834
1790650550,114,2,steady,llama_p2048_o64,0.655,0.3591022443890275
1790650551,115,2,steady,resnet50_image,307.73,214.84735642686016
1790650551,115,2,steady,vgg16_image,494.421,478.026168224299
1790650551,115,2,steady,vit_base_image,126.198,122.60061919504642
1790650551,115,2,steady,gpt2_p64_o64,1.456,0.232258064516129
1790650551,115,2,steady,gpt2_p512_o512,0.36,0.1706161137440758
1790650551,115,2,steady,llama_p1024_o128,1.315,0.5975103734439834
1790650551,115,2,steady,llama_p2048_o64,0.655,0.3591022443890275
1790650552,116,2,steady,resnet50_image,307.73,214.84735642686016
1790650552,116,2,steady,vgg16_image,494.421,478.026168224299
1790650552,116,2,steady,vit_base_image,126.198,122.60061919504642
1790650552,116,2,steady,gpt2_p64_o64,1.456,0.232258064516129
1790650552,116,2,steady,gpt2_p512_o512,0.36,0.1706161137440758
1790650552,116,2,steady,llama_p1024_o128,1.315,0.5975103734439834
1790650552,116,2,steady,llama_p2048_o64,0.655,0.3591022443890275
1790650553,117,2,steady,resnet50_image,307.73,214.84735642686016
1790650553,117,2,steady,vgg16_image,494.421,478.026168224299
1790650553,117,2,steady,vit_base_image,126.198,122.60061919504642
1790650553,117,2,steady,gpt2_p64_o64,1.456,0.232258064516129
1790650553,117,2,steady,gpt2_p512_o512,0.36,0.1706161137440758
1790650553,117,2,steady,llama_p1024_o128,1.315,0.5975103734439834
1790650553,117,2,steady,llama_p2048_o64,0.655,0.3591022443890275
1790650554,118,2,steady,resnet50_image,307.73,214.84735642686016
1790650554,118,2,steady,vgg16_image,494.421,478.026168224299
1790650554,118,2,steady,vit_base_image,126.198,122.60061919504642
1790650554,118,2,steady,gpt2_p64_o64,1.456,0.232258064516129
1790650554,118,2,steady,gpt2_p512_o512,0.36,0.1706161137440758
1790650554,118,2,steady,llama_p1024_o128,1.315,0.5975103734439834
1790650554,118,2,steady,llama_p2048_o64,0.655,0.3591022443890275
1790650555,119,2,steady,resnet50_image,307.73,214.84735642686016
1790650555,119,2,steady,vgg16_image,494.421,478.026168224299
1790650555,119,2,steady,vit_base_image,126.198,122.60061919504642
1790650555,119,2,steady,gpt2_p64_o64,1.456,0.232258064516129
1790650555,119,2,steady,gpt2_p512_o512,0.36,0.1706161137440758
1790650555,119,2,steady,llama_p1024_o128,1.315,0.5975103734439834
1790650555,119,2,steady,llama_p2048_o64,0.655,0.3591022443890275
1790650556,120,2,steady,resnet50_image,307.73,214.84735642686016
1790650556,120,2,steady,vgg16_image,494.421,478.026168224299
1790650556,120,2,steady,vit_base_image,126.198,122.60061919504642
1790650556,120,2,steady,gpt2_p64_o64,1.456,0.232258064516129
1790650556,120,2,steady,gpt2_p512_o512,0.36,0.1706161137440758
1790650556,120,2,steady,llama_p1024_o128,1.315,0.5975103734439834
1790650556,120,2,steady,llama_p2048_o64,0.655,0.3591022443890275
1790650557,121,,,resnet50_image,307.73,
1790650557,121,,,vgg16_image,494.421,
1790650557,121,,,vit_base_image,126.198,
1790650557,121,,,gpt2_p64_o64,1.456,
1790650557,121,,,gpt2_p512_o512,0.36,
1790650557,121,,,llama_p1024_o128,1.315,
1790650557,121,,,llama_p2048_o64,0.655,
1790650558,122,,,resnet50_image,307.73,
1790650558,122,,,vgg16_image,494.421,
1790650558,122,,,vit_base_image,126.198,
1790650558,122,,,gpt2_p64_o64,1.456,
1790650558,122,,,gpt2_p512_o512,0.36,
1790650558,122,,,llama_p1024_o128,1.315,
1790650558,122,,,llama_p2048_o64,0.655,
1790650559,123,,,resnet50_image,307.73,
1790650559,123,,,vgg16_image,494.421,
1790650559,123,,,vit_base_image,126.198,
1790650559,123,,,gpt2_p64_o64,1.456,
1790650559,123,,,gpt2_p512_o512,0.36,
1790650559,123,,,llama_p1024_o128,1.315,
1790650559,123,,,llama_p2048_o64,0.655,
1790650560,124,,,resnet50_image,307.73,
1790650560,124,,,vgg16_image,494.421,
1790650560,124,,,vit_base_image,126.198,
1790650560,124,,,gpt2_p64_o64,1.456,
1790650560,124,,,gpt2_p512_o512,0.36,
1790650560,124,,,llama_p1024_o128,1.315,
1790650560,124,,,llama_p2048_o64,0.655,
1790650561,125,,,resnet50_image,307.73,
1790650561,125,,,vgg16_image,494.421,
1790650561,125,,,vit_base_image,126.198,
1790650561,125,,,gpt2_p64_o64,1.456,
1790650561,125,,,gpt2_p512_o512,0.36,
1790650561,125,,,llama_p1024_o128,1.315,
1790650561,125,,,llama_p2048_o64,0.655,
1790650562,126,,,resnet50_image,307.73,
1790650562,126,,,vgg16_image,494.421,
1790650562,126,,,vit_base_image,126.198,
1790650562,126,,,gpt2_p64_o64,1.456,
1790650562,126,,,gpt2_p512_o512,0.36,
1790650562,126,,,llama_p1024_o128,1.315,
1790650562,126,,,llama_p2048_o64,0.655,
1790650563,127,,,resnet50_image,307.73,
1790650563,127,,,vgg16_image,494.421,
1790650563,127,,,vit_base_image,126.198,
1790650563,127,,,gpt2_p64_o64,1.456,
1790650563,127,,,gpt2_p512_o512,0.36,
1790650563,127,,,llama_p1024_o128,1.315,
1790650563,127,,,llama_p2048_o64,0.655,
1790650564,128,3,transition,resnet50_image,307.73,214.69028786341497
1790650564,128,3,transition,vgg16_image,494.421,478.026168224299
1790650564,128,3,transition,vit_base_image,126.198,122.60061919504642
1790650564,128,3,transition,gpt2_p64_o64,1.456,0.0
1790650564,128,3,transition,gpt2_p512_o512,0.36,0.1706161137440758
1790650564,128,3,transition,llama_p1024_o128,1.315,0.5975103734439834
1790650564,128,3,transition,llama_p2048_o64,0.655,0.1795511221945137
1790650565,129,3,transition,resnet50_image,307.73,214.69028786341497
1790650565,129,3,transition,vgg16_image,494.421,478.026168224299
1790650565,129,3,transition,vit_base_image,126.198,122.60061919504642
1790650565,129,3,transition,gpt2_p64_o64,1.456,0.0
1790650565,129,3,transition,gpt2_p512_o512,0.36,0.1706161137440758
1790650565,129,3,transition,llama_p1024_o128,1.315,0.5975103734439834
1790650565,129,3,transition,llama_p2048_o64,0.655,0.1795511221945137
1790650566,130,3,transition,resnet50_image,307.73,214.69028786341497
1790650566,130,3,transition,vgg16_image,494.421,478.026168224299
1790650566,130,3,transition,vit_base_image,126.198,122.60061919504642
1790650566,130,3,transition,gpt2_p64_o64,1.456,0.0
1790650566,130,3,transition,gpt2_p512_o512,0.36,0.1706161137440758
1790650566,130,3,transition,llama_p1024_o128,1.315,0.5975103734439834
1790650566,130,3,transition,llama_p2048_o64,0.655,0.1795511221945137
1790650567,131,3,transition,resnet50_image,307.73,214.69028786341497
1790650567,131,3,transition,vgg16_image,494.421,478.026168224299
1790650567,131,3,transition,vit_base_image,126.198,122.60061919504642
1790650567,131,3,transition,gpt2_p64_o64,1.456,0.0
1790650567,131,3,transition,gpt2_p512_o512,0.36,0.1706161137440758
1790650567,131,3,transition,llama_p1024_o128,1.315,0.5975103734439834
1790650567,131,3,transition,llama_p2048_o64,0.655,0.1795511221945137
1790650568,132,3,transition,resnet50_image,307.73,214.69028786341497
1790650568,132,3,transition,vgg16_image,494.421,478.026168224299
1790650568,132,3,transition,vit_base_image,126.198,122.60061919504642
1790650568,132,3,transition,gpt2_p64_o64,1.456,0.0
1790650568,132,3,transition,gpt2_p512_o512,0.36,0.1706161137440758
1790650568,132,3,transition,llama_p1024_o128,1.315,0.5975103734439834
1790650568,132,3,transition,llama_p2048_o64,0.655,0.1795511221945137
1790650569,133,3,transition,resnet50_image,307.73,214.69028786341497
1790650569,133,3,transition,vgg16_image,494.421,478.026168224299
1790650569,133,3,transition,vit_base_image,126.198,122.60061919504642
1790650569,133,3,transition,gpt2_p64_o64,1.456,0.0
1790650569,133,3,transition,gpt2_p512_o512,0.36,0.1706161137440758
1790650569,133,3,transition,llama_p1024_o128,1.315,0.5975103734439834
1790650569,133,3,transition,llama_p2048_o64,0.655,0.1795511221945137
1790650570,134,3,transition,resnet50_image,307.73,214.69028786341497
1790650570,134,3,transition,vgg16_image,494.421,478.026168224299
1790650570,134,3,transition,vit_base_image,126.198,122.60061919504642
1790650570,134,3,transition,gpt2_p64_o64,1.456,0.0
1790650570,134,3,transition,gpt2_p512_o512,0.36,0.1706161137440758
1790650570,134,3,transition,llama_p1024_o128,1.315,0.5975103734439834
1790650570,134,3,transition,llama_p2048_o64,0.655,0.1795511221945137
1790650571,135,3,transition,resnet50_image,307.73,214.69028786341497
1790650571,135,3,transition,vgg16_image,494.421,478.026168224299
1790650571,135,3,transition,vit_base_image,126.198,122.60061919504642
1790650571,135,3,transition,gpt2_p64_o64,1.456,0.0
1790650571,135,3,transition,gpt2_p512_o512,0.36,0.1706161137440758
1790650571,135,3,transition,llama_p1024_o128,1.315,0.5975103734439834
1790650571,135,3,transition,llama_p2048_o64,0.655,0.1795511221945137
1790650572,136,3,transition,resnet50_image,307.73,214.69028786341497
1790650572,136,3,transition,vgg16_image,494.421,478.026168224299
1790650572,136,3,transition,vit_base_image,126.198,122.60061919504642
1790650572,136,3,transition,gpt2_p64_o64,1.456,0.0
1790650572,136,3,transition,gpt2_p512_o512,0.36,0.1706161137440758
1790650572,136,3,transition,llama_p1024_o128,1.315,0.5975103734439834
1790650572,136,3,transition,llama_p2048_o64,0.655,0.1795511221945137
1790650573,137,3,transition,resnet50_image,307.73,214.69028786341497
1790650573,137,3,transition,vgg16_image,494.421,478.026168224299
1790650573,137,3,transition,vit_base_image,126.198,122.60061919504642
1790650573,137,3,transition,gpt2_p64_o64,1.456,0.0
1790650573,137,3,transition,gpt2_p512_o512,0.36,0.1706161137440758
1790650573,137,3,transition,llama_p1024_o128,1.315,0.5975103734439834
1790650573,137,3,transition,llama_p2048_o64,0.655,0.1795511221945137
1790650574,138,3,transition,resnet50_image,307.73,214.69028786341497
1790650574,138,3,transition,vgg16_image,368.48,478.026168224299
1790650574,138,3,transition,vit_base_image,126.198,122.60061919504642
1790650574,138,3,transition,gpt2_p64_o64,1.456,0.0
1790650574,138,3,transition,gpt2_p512_o512,0.36,0.1706161137440758
1790650574,138,3,transition,llama_p1024_o128,1.052,0.5975103734439834
1790650574,138,3,transition,llama_p2048_o64,0.655,0.1795511221945137
1790650575,139,3,transition,resnet50_image,307.73,214.69028786341497
1790650575,139,3,transition,vgg16_image,368.48,478.026168224299
1790650575,139,3,transition,vit_base_image,126.198,122.60061919504642
1790650575,139,3,transition,gpt2_p64_o64,1.456,0.0
1790650575,139,3,transition,gpt2_p512_o512,0.36,0.1706161137440758
1790650575,139,3,transition,llama_p1024_o128,1.052,0.5975103734439834
1790650575,139,3,transition,llama_p2048_o64,0.655,0.1795511221945137
1790650576,140,3,transition,resnet50_image,307.73,214.69028786341497
1790650576,140,3,transition,vgg16_image,368.48,478.026168224299
1790650576,140,3,transition,vit_base_image,126.198,122.60061919504642
1790650576,140,3,transition,gpt2_p64_o64,1.456,0.0
1790650576,140,3,transition,gpt2_p512_o512,0.36,0.1706161137440758
1790650576,140,3,transition,llama_p1024_o128,1.052,0.5975103734439834
1790650576,140,3,transition,llama_p2048_o64,0.655,0.1795511221945137
1790650577,141,3,transition,resnet50_image,307.73,214.69028786341497
1790650577,141,3,transition,vgg16_image,368.48,478.026168224299
1790650577,141,3,transition,vit_base_image,126.198,122.60061919504642
1790650577,141,3,transition,gpt2_p64_o64,1.456,0.0
1790650577,141,3,transition,gpt2_p512_o512,0.36,0.1706161137440758
1790650577,141,3,transition,llama_p1024_o128,1.052,0.5975103734439834
1790650577,141,3,transition,llama_p2048_o64,0.655,0.1795511221945137
1790650578,142,3,transition,resnet50_image,307.73,214.69028786341497
1790650578,142,3,transition,vgg16_image,368.48,478.026168224299
1790650578,142,3,transition,vit_base_image,126.198,122.60061919504642
1790650578,142,3,transition,gpt2_p64_o64,1.456,0.0
1790650578,142,3,transition,gpt2_p512_o512,0.36,0.1706161137440758
1790650578,142,3,transition,llama_p1024_o128,1.052,0.5975103734439834
1790650578,142,3,transition,llama_p2048_o64,0.655,0.1795511221945137
1790650579,143,3,transition,resnet50_image,307.73,214.69028786341497
1790650579,143,3,transition,vgg16_image,368.48,478.026168224299
1790650579,143,3,transition,vit_base_image,126.198,122.60061919504642
1790650579,143,3,transition,gpt2_p64_o64,1.456,0.0
1790650579,143,3,transition,gpt2_p512_o512,0.36,0.1706161137440758
1790650579,143,3,transition,llama_p1024_o128,1.052,0.5975103734439834
1790650579,143,3,transition,llama_p2048_o64,0.655,0.1795511221945137
1790650580,144,3,transition,resnet50_image,307.73,214.69028786341497
1790650580,144,3,transition,vgg16_image,368.48,478.026168224299
1790650580,144,3,transition,vit_base_image,126.198,122.60061919504642
1790650580,144,3,transition,gpt2_p64_o64,1.456,0.0
1790650580,144,3,transition,gpt2_p512_o512,0.36,0.1706161137440758
1790650580,144,3,transition,llama_p1024_o128,1.052,0.5975103734439834
1790650580,144,3,transition,llama_p2048_o64,0.655,0.1795511221945137
1790650581,145,3,transition,resnet50_image,307.73,214.69028786341497
1790650581,145,3,transition,vgg16_image,368.48,478.026168224299
1790650581,145,3,transition,vit_base_image,126.198,122.60061919504642
1790650581,145,3,transition,gpt2_p64_o64,1.456,0.0
1790650581,145,3,transition,gpt2_p512_o512,0.36,0.1706161137440758
1790650581,145,3,transition,llama_p1024_o128,1.052,0.5975103734439834
1790650581,145,3,transition,llama_p2048_o64,0.655,0.1795511221945137
1790650582,146,3,transition,resnet50_image,307.73,214.69028786341497
1790650582,146,3,transition,vgg16_image,368.48,478.026168224299
1790650582,146,3,transition,vit_base_image,126.198,122.60061919504642
1790650582,146,3,transition,gpt2_p64_o64,1.456,0.0
1790650582,146,3,transition,gpt2_p512_o512,0.36,0.1706161137440758
1790650582,146,3,transition,llama_p1024_o128,1.052,0.5975103734439834
1790650582,146,3,transition,llama_p2048_o64,0.655,0.1795511221945137
1790650583,147,3,transition,resnet50_image,307.73,214.69028786341497
1790650583,147,3,transition,vgg16_image,368.48,478.026168224299
1790650583,147,3,transition,vit_base_image,126.198,122.60061919504642
1790650583,147,3,transition,gpt2_p64_o64,1.456,0.0
1790650583,147,3,transition,gpt2_p512_o512,0.36,0.1706161137440758
1790650583,147,3,transition,llama_p1024_o128,1.052,0.5975103734439834
1790650583,147,3,transition,llama_p2048_o64,0.655,0.1795511221945137
1790650584,148,3,transition,resnet50_image,307.73,214.69028786341497
1790650584,148,3,transition,vgg16_image,368.48,478.026168224299
1790650584,148,3,transition,vit_base_image,126.198,122.60061919504642
1790650584,148,3,transition,gpt2_p64_o64,1.456,0.0
1790650584,148,3,transition,gpt2_p512_o512,0.36,0.1706161137440758
1790650584,148,3,transition,llama_p1024_o128,1.052,0.5975103734439834
1790650584,148,3,transition,llama_p2048_o64,0.655,0.1795511221945137
1790650585,149,3,transition,resnet50_image,307.73,214.69028786341497
1790650585,149,3,transition,vgg16_image,368.48,478.026168224299
1790650585,149,3,transition,vit_base_image,126.198,122.60061919504642
1790650585,149,3,transition,gpt2_p64_o64,1.456,0.0
1790650585,149,3,transition,gpt2_p512_o512,0.36,0.1706161137440758
1790650585,149,3,transition,llama_p1024_o128,1.052,0.5975103734439834
1790650585,149,3,transition,llama_p2048_o64,0.655,0.1795511221945137
1790650586,150,3,transition,resnet50_image,307.73,214.69028786341497
1790650586,150,3,transition,vgg16_image,607.52,478.026168224299
1790650586,150,3,transition,vit_base_image,126.198,122.60061919504642
1790650586,150,3,transition,gpt2_p64_o64,1.456,0.0
1790650586,150,3,transition,gpt2_p512_o512,0.36,0.1706161137440758
1790650586,150,3,transition,llama_p1024_o128,1.052,0.5975103734439834
1790650586,150,3,transition,llama_p2048_o64,0.655,0.1795511221945137
1790650587,151,3,transition,resnet50_image,307.73,214.69028786341497
1790650587,151,3,transition,vgg16_image,607.52,478.026168224299
1790650587,151,3,transition,vit_base_image,126.198,122.60061919504642
1790650587,151,3,transition,gpt2_p64_o64,1.456,0.0
1790650587,151,3,transition,gpt2_p512_o512,0.36,0.1706161137440758
1790650587,151,3,transition,llama_p1024_o128,1.052,0.5975103734439834
1790650587,151,3,transition,llama_p2048_o64,0.655,0.1795511221945137
1790650588,152,3,transition,resnet50_image,307.73,214.69028786341497
1790650588,152,3,transition,vgg16_image,607.52,478.026168224299
1790650588,152,3,transition,vit_base_image,126.198,122.60061919504642
1790650588,152,3,transition,gpt2_p64_o64,1.456,0.0
1790650588,152,3,transition,gpt2_p512_o512,0.36,0.1706161137440758
1790650588,152,3,transition,llama_p1024_o128,1.052,0.5975103734439834
1790650588,152,3,transition,llama_p2048_o64,0.655,0.1795511221945137
1790650589,153,3,steady,resnet50_image,307.73,214.69028786341497
1790650589,153,3,steady,vgg16_image,607.52,507.4542056074765
1790650589,153,3,steady,vit_base_image,126.198,122.60061919504642
1790650589,153,3,steady,gpt2_p64_o64,1.456,0.0
1790650589,153,3,steady,gpt2_p512_o512,0.36,0.1706161137440758
1790650589,153,3,steady,llama_p1024_o128,1.052,0.5975103734439834
1790650589,153,3,steady,llama_p2048_o64,0.655,0.1795511221945137
1790650590,154,3,steady,resnet50_image,307.73,214.69028786341497
1790650590,154,3,steady,vgg16_image,607.52,507.4542056074765
1790650590,154,3,steady,vit_base_image,126.198,122.60061919504642
1790650590,154,3,steady,gpt2_p64_o64,1.456,0.0
1790650590,154,3,steady,gpt2_p512_o512,0.36,0.1706161137440758
1790650590,154,3,steady,llama_p1024_o128,1.052,0.5975103734439834
1790650590,154,3,steady,llama_p2048_o64,0.655,0.1795511221945137
1790650591,155,3,steady,resnet50_image,307.73,214.69028786341497
1790650591,155,3,steady,vgg16_image,607.52,507.4542056074765
1790650591,155,3,steady,vit_base_image,126.198,122.60061919504642
1790650591,155,3,steady,gpt2_p64_o64,1.456,0.0
1790650591,155,3,steady,gpt2_p512_o512,0.36,0.1706161137440758
1790650591,155,3,steady,llama_p1024_o128,1.052,0.5975103734439834
1790650591,155,3,steady,llama_p2048_o64,0.655,0.1795511221945137
1790650592,156,3,steady,resnet50_image,307.73,214.69028786341497
1790650592,156,3,steady,vgg16_image,607.52,507.4542056074765
1790650592,156,3,steady,vit_base_image,126.198,122.60061919504642
1790650592,156,3,steady,gpt2_p64_o64,1.456,0.0
1790650592,156,3,steady,gpt2_p512_o512,0.36,0.1706161137440758
1790650592,156,3,steady,llama_p1024_o128,1.052,0.5975103734439834
1790650592,156,3,steady,llama_p2048_o64,0.655,0.1795511221945137
1790650593,157,3,steady,resnet50_image,307.73,214.69028786341497
1790650593,157,3,steady,vgg16_image,607.52,507.4542056074765
1790650593,157,3,steady,vit_base_image,126.198,122.60061919504642
1790650593,157,3,steady,gpt2_p64_o64,1.456,0.0
1790650593,157,3,steady,gpt2_p512_o512,0.36,0.1706161137440758
1790650593,157,3,steady,llama_p1024_o128,1.052,0.5975103734439834
1790650593,157,3,steady,llama_p2048_o64,0.655,0.1795511221945137
1790650594,158,3,steady,resnet50_image,307.73,214.69028786341497
1790650594,158,3,steady,vgg16_image,607.52,507.4542056074765
1790650594,158,3,steady,vit_base_image,126.198,122.60061919504642
1790650594,158,3,steady,gpt2_p64_o64,1.456,0.0
1790650594,158,3,steady,gpt2_p512_o512,0.36,0.1706161137440758
1790650594,158,3,steady,llama_p1024_o128,1.052,0.5975103734439834
1790650594,158,3,steady,llama_p2048_o64,0.655,0.1795511221945137
1790650595,159,3,steady,resnet50_image,307.73,214.69028786341497
1790650595,159,3,steady,vgg16_image,607.52,507.4542056074765
1790650595,159,3,steady,vit_base_image,126.198,122.60061919504642
1790650595,159,3,steady,gpt2_p64_o64,1.456,0.0
1790650595,159,3,steady,gpt2_p512_o512,0.36,0.1706161137440758
1790650595,159,3,steady,llama_p1024_o128,1.052,0.5975103734439834
1790650595,159,3,steady,llama_p2048_o64,0.655,0.1795511221945137
1790650596,160,3,steady,resnet50_image,307.73,214.69028786341497
1790650596,160,3,steady,vgg16_image,607.52,507.4542056074765
1790650596,160,3,steady,vit_base_image,126.198,122.60061919504642
1790650596,160,3,steady,gpt2_p64_o64,1.456,0.0
1790650596,160,3,steady,gpt2_p512_o512,0.36,0.1706161137440758
1790650596,160,3,steady,llama_p1024_o128,1.052,0.5975103734439834
1790650596,160,3,steady,llama_p2048_o64,0.655,0.1795511221945137
1790650597,161,3,steady,resnet50_image,307.73,214.69028786341497
1790650597,161,3,steady,vgg16_image,607.52,507.4542056074765
1790650597,161,3,steady,vit_base_image,126.198,122.60061919504642
1790650597,161,3,steady,gpt2_p64_o64,1.456,0.0
1790650597,161,3,steady,gpt2_p512_o512,0.36,0.1706161137440758
1790650597,161,3,steady,llama_p1024_o128,1.052,0.5975103734439834
1790650597,161,3,steady,llama_p2048_o64,0.655,0.1795511221945137
1790650598,162,3,steady,resnet50_image,307.73,214.69028786341497
1790650598,162,3,steady,vgg16_image,607.52,507.4542056074765
1790650598,162,3,steady,vit_base_image,126.198,122.60061919504642
1790650598,162,3,steady,gpt2_p64_o64,1.456,0.0
1790650598,162,3,steady,gpt2_p512_o512,0.36,0.1706161137440758
1790650598,162,3,steady,llama_p1024_o128,1.052,0.5975103734439834
1790650598,162,3,steady,llama_p2048_o64,0.655,0.1795511221945137
1790650599,163,3,steady,resnet50_image,307.73,214.69028786341497
1790650599,163,3,steady,vgg16_image,607.52,507.4542056074765
1790650599,163,3,steady,vit_base_image,126.198,122.60061919504642
1790650599,163,3,steady,gpt2_p64_o64,1.456,0.0
1790650599,163,3,steady,gpt2_p512_o512,0.36,0.1706161137440758
1790650599,163,3,steady,llama_p1024_o128,1.052,0.5975103734439834
1790650599,163,3,steady,llama_p2048_o64,0.655,0.1795511221945137
1790650600,164,3,steady,resnet50_image,307.73,214.69028786341497
1790650600,164,3,steady,vgg16_image,607.52,507.4542056074765
1790650600,164,3,steady,vit_base_image,126.198,122.60061919504642
1790650600,164,3,steady,gpt2_p64_o64,1.456,0.0
1790650600,164,3,steady,gpt2_p512_o512,0.36,0.1706161137440758
1790650600,164,3,steady,llama_p1024_o128,1.052,0.5975103734439834
1790650600,164,3,steady,llama_p2048_o64,0.655,0.1795511221945137
1790650601,165,3,steady,resnet50_image,307.73,214.69028786341497
1790650601,165,3,steady,vgg16_image,607.52,507.4542056074765
1790650601,165,3,steady,vit_base_image,126.198,122.60061919504642
1790650601,165,3,steady,gpt2_p64_o64,1.456,0.0
1790650601,165,3,steady,gpt2_p512_o512,0.36,0.1706161137440758
1790650601,165,3,steady,llama_p1024_o128,1.052,0.5975103734439834
1790650601,165,3,steady,llama_p2048_o64,0.655,0.1795511221945137
1790650602,166,3,steady,resnet50_image,307.73,214.69028786341497
1790650602,166,3,steady,vgg16_image,607.52,507.4542056074765
1790650602,166,3,steady,vit_base_image,126.198,122.60061919504642
1790650602,166,3,steady,gpt2_p64_o64,1.456,0.0
1790650602,166,3,steady,gpt2_p512_o512,0.36,0.1706161137440758
1790650602,166,3,steady,llama_p1024_o128,1.052,0.5975103734439834
1790650602,166,3,steady,llama_p2048_o64,0.655,0.1795511221945137
1790650603,167,3,steady,resnet50_image,307.73,214.69028786341497
1790650603,167,3,steady,vgg16_image,607.52,507.4542056074765
1790650603,167,3,steady,vit_base_image,126.198,122.60061919504642
1790650603,167,3,steady,gpt2_p64_o64,1.456,0.0
1790650603,167,3,steady,gpt2_p512_o512,0.36,0.1706161137440758
1790650603,167,3,steady,llama_p1024_o128,1.052,0.5975103734439834
1790650603,167,3,steady,llama_p2048_o64,0.655,0.1795511221945137
1790650604,168,3,steady,resnet50_image,307.73,214.69028786341497
1790650604,168,3,steady,vgg16_image,607.52,507.4542056074765
1790650604,168,3,steady,vit_base_image,126.198,122.60061919504642
1790650604,168,3,steady,gpt2_p64_o64,1.456,0.0
1790650604,168,3,steady,gpt2_p512_o512,0.36,0.1706161137440758
1790650604,168,3,steady,llama_p1024_o128,1.052,0.5975103734439834
1790650604,168,3,steady,llama_p2048_o64,0.655,0.1795511221945137
1790650605,169,3,steady,resnet50_image,307.73,214.69028786341497
1790650605,169,3,steady,vgg16_image,607.52,507.4542056074765
1790650605,169,3,steady,vit_base_image,126.198,122.60061919504642
1790650605,169,3,steady,gpt2_p64_o64,1.456,0.0
1790650605,169,3,steady,gpt2_p512_o512,0.36,0.1706161137440758
1790650605,169,3,steady,llama_p1024_o128,1.052,0.5975103734439834
1790650605,169,3,steady,llama_p2048_o64,0.655,0.1795511221945137
1790650606,170,3,steady,resnet50_image,307.73,214.69028786341497
1790650606,170,3,steady,vgg16_image,607.52,507.4542056074765
1790650606,170,3,steady,vit_base_image,126.198,122.60061919504642
1790650606,170,3,steady,gpt2_p64_o64,1.456,0.0
1790650606,170,3,steady,gpt2_p512_o512,0.36,0.1706161137440758
1790650606,170,3,steady,llama_p1024_o128,1.052,0.5975103734439834
1790650606,170,3,steady,llama_p2048_o64,0.655,0.1795511221945137
1790650607,171,3,steady,resnet50_image,307.73,214.69028786341497
1790650607,171,3,steady,vgg16_image,607.52,507.4542056074765
1790650607,171,3,steady,vit_base_image,126.198,122.60061919504642
1790650607,171,3,steady,gpt2_p64_o64,1.456,0.0
1790650607,171,3,steady,gpt2_p512_o512,0.36,0.1706161137440758
1790650607,171,3,steady,llama_p1024_o128,1.052,0.5975103734439834
1790650607,171,3,steady,llama_p2048_o64,0.655,0.1795511221945137
1790650608,172,3,steady,resnet50_image,307.73,214.69028786341497
1790650608,172,3,steady,vgg16_image,607.52,507.4542056074765
1790650608,172,3,steady,vit_base_image,126.198,122.60061919504642
1790650608,172,3,steady,gpt2_p64_o64,1.456,0.0
1790650608,172,3,steady,gpt2_p512_o512,0.36,0.1706161137440758
1790650608,172,3,steady,llama_p1024_o128,1.052,0.5975103734439834
1790650608,172,3,steady,llama_p2048_o64,0.655,0.1795511221945137
1790650609,173,3,steady,resnet50_image,307.73,214.69028786341497
1790650609,173,3,steady,vgg16_image,607.52,507.4542056074765
1790650609,173,3,steady,vit_base_image,126.198,122.60061919504642
1790650609,173,3,steady,gpt2_p64_o64,1.456,0.0
1790650609,173,3,steady,gpt2_p512_o512,0.36,0.1706161137440758
1790650609,173,3,steady,llama_p1024_o128,1.052,0.5975103734439834
1790650609,173,3,steady,llama_p2048_o64,0.655,0.1795511221945137
1790650610,174,3,steady,resnet50_image,307.73,214.69028786341497
1790650610,174,3,steady,vgg16_image,607.52,507.4542056074765
1790650610,174,3,steady,vit_base_image,126.198,122.60061919504642
1790650610,174,3,steady,gpt2_p64_o64,1.456,0.0
1790650610,174,3,steady,gpt2_p512_o512,0.36,0.1706161137440758
1790650610,174,3,steady,llama_p1024_o128,1.052,0.5975103734439834
1790650610,174,3,steady,llama_p2048_o64,0.655,0.1795511221945137
1790650611,175,3,steady,resnet50_image,307.73,214.69028786341497
1790650611,175,3,steady,vgg16_image,607.52,507.4542056074765
1790650611,175,3,steady,vit_base_image,126.198,122.60061919504642
1790650611,175,3,steady,gpt2_p64_o64,1.456,0.0
1790650611,175,3,steady,gpt2_p512_o512,0.36,0.1706161137440758
1790650611,175,3,steady,llama_p1024_o128,1.052,0.5975103734439834
1790650611,175,3,steady,llama_p2048_o64,0.655,0.1795511221945137
1790650612,176,3,steady,resnet50_image,307.73,214.69028786341497
1790650612,176,3,steady,vgg16_image,607.52,507.4542056074765
1790650612,176,3,steady,vit_base_image,126.198,122.60061919504642
1790650612,176,3,steady,gpt2_p64_o64,1.456,0.0
1790650612,176,3,steady,gpt2_p512_o512,0.36,0.1706161137440758
1790650612,176,3,steady,llama_p1024_o128,1.052,0.5975103734439834
1790650612,176,3,steady,llama_p2048_o64,0.655,0.1795511221945137
1790650613,177,3,steady,resnet50_image,307.73,214.69028786341497
1790650613,177,3,steady,vgg16_image,607.52,507.4542056074765
1790650613,177,3,steady,vit_base_image,126.198,122.60061919504642
1790650613,177,3,steady,gpt2_p64_o64,1.456,0.0
1790650613,177,3,steady,gpt2_p512_o512,0.36,0.1706161137440758
1790650613,177,3,steady,llama_p1024_o128,1.052,0.5975103734439834
1790650613,177,3,steady,llama_p2048_o64,0.655,0.1795511221945137
1790650614,178,3,steady,resnet50_image,307.73,214.69028786341497
1790650614,178,3,steady,vgg16_image,607.52,507.4542056074765
1790650614,178,3,steady,vit_base_image,126.198,122.60061919504642
1790650614,178,3,steady,gpt2_p64_o64,1.456,0.0
1790650614,178,3,steady,gpt2_p512_o512,0.36,0.1706161137440758
1790650614,178,3,steady,llama_p1024_o128,1.052,0.5975103734439834
1790650614,178,3,steady,llama_p2048_o64,0.655,0.1795511221945137
1790650615,179,3,steady,resnet50_image,307.73,214.69028786341497
1790650615,179,3,steady,vgg16_image,607.52,507.4542056074765
1790650615,179,3,steady,vit_base_image,126.198,122.60061919504642
1790650615,179,3,steady,gpt2_p64_o64,1.456,0.0
1790650615,179,3,steady,gpt2_p512_o512,0.36,0.1706161137440758
1790650615,179,3,steady,llama_p1024_o128,1.052,0.5975103734439834
1790650615,179,3,steady,llama_p2048_o64,0.655,0.1795511221945137
1790650616,180,3,steady,resnet50_image,307.73,214.69028786341497
1790650616,180,3,steady,vgg16_image,607.52,507.4542056074765
1790650616,180,3,steady,vit_base_image,126.198,122.60061919504642
1790650616,180,3,steady,gpt2_p64_o64,1.456,0.0
1790650616,180,3,steady,gpt2_p512_o512,0.36,0.1706161137440758
1790650616,180,3,steady,llama_p1024_o128,1.052,0.5975103734439834
1790650616,180,3,steady,llama_p2048_o64,0.655,0.1795511221945137
1790650617,181,3,steady,resnet50_image,307.73,214.69028786341497
1790650617,181,3,steady,vgg16_image,607.52,507.4542056074765
1790650617,181,3,steady,vit_base_image,126.198,122.60061919504642
1790650617,181,3,steady,gpt2_p64_o64,1.456,0.0
1790650617,181,3,steady,gpt2_p512_o512,0.36,0.1706161137440758
1790650617,181,3,steady,llama_p1024_o128,1.052,0.5975103734439834
1790650617,181,3,steady,llama_p2048_o64,0.655,0.1795511221945137
1790650618,182,3,steady,resnet50_image,307.73,214.69028786341497
1790650618,182,3,steady,vgg16_image,607.52,507.4542056074765
1790650618,182,3,steady,vit_base_image,126.198,122.60061919504642
1790650618,182,3,steady,gpt2_p64_o64,1.456,0.0
1790650618,182,3,steady,gpt2_p512_o512,0.36,0.1706161137440758
1790650618,182,3,steady,llama_p1024_o128,1.052,0.5975103734439834
1790650618,182,3,steady,llama_p2048_o64,0.655,0.1795511221945137
1790650619,183,,,resnet50_image,307.73,
1790650619,183,,,vgg16_image,607.52,
1790650619,183,,,vit_base_image,126.198,
1790650619,183,,,gpt2_p64_o64,1.456,
1790650619,183,,,gpt2_p512_o512,0.36,
1790650619,183,,,llama_p1024_o128,1.052,
1790650619,183,,,llama_p2048_o64,0.655,
1790650620,184,,,resnet50_image,307.73,
1790650620,184,,,vgg16_image,607.52,
1790650620,184,,,vit_base_image,126.198,
1790650620,184,,,gpt2_p64_o64,1.456,
1790650620,184,,,gpt2_p512_o512,0.36,
1790650620,184,,,llama_p1024_o128,1.052,
1790650620,184,,,llama_p2048_o64,0.655,
1790650621,185,,,resnet50_image,307.73,
1790650621,185,,,vgg16_image,607.52,
1790650621,185,,,vit_base_image,126.198,
1790650621,185,,,gpt2_p64_o64,1.456,
1790650621,185,,,gpt2_p512_o512,0.36,
1790650621,185,,,llama_p1024_o128,1.052,
1790650621,185,,,llama_p2048_o64,0.655,
1790650622,186,,,resnet50_image,307.73,
1790650622,186,,,vgg16_image,607.52,
1790650622,186,,,vit_base_image,126.198,
1790650622,186,,,gpt2_p64_o64,1.456,
1790650622,186,,,gpt2_p512_o512,0.36,
1790650622,186,,,llama_p1024_o128,1.052,
1790650622,186,,,llama_p2048_o64,0.655,
1790650623,187,,,resnet50_image,307.73,
1790650623,187,,,vgg16_image,607.52,
1790650623,187,,,vit_base_image,126.198,
1790650623,187,,,gpt2_p64_o64,1.456,
1790650623,187,,,gpt2_p512_o512,0.36,
1790650623,187,,,llama_p1024_o128,1.052,
1790650623,187,,,llama_p2048_o64,0.655,
1790650624,188,,,resnet50_image,307.73,
1790650624,188,,,vgg16_image,607.52,
1790650624,188,,,vit_base_image,126.198,
1790650624,188,,,gpt2_p64_o64,1.456,
1790650624,188,,,gpt2_p512_o512,0.36,
1790650624,188,,,llama_p1024_o128,1.052,
1790650624,188,,,llama_p2048_o64,0.655,
1790650625,189,,,resnet50_image,307.73,
1790650625,189,,,vgg16_image,607.52,
1790650625,189,,,vit_base_image,126.198,
1790650625,189,,,gpt2_p64_o64,1.456,
1790650625,189,,,gpt2_p512_o512,0.36,
1790650625,189,,,llama_p1024_o128,1.052,
1790650625,189,,,llama_p2048_o64,0.655,
1790650626,190,,,resnet50_image,307.73,
1790650626,190,,,vgg16_image,607.52,
1790650626,190,,,vit_base_image,126.198,
1790650626,190,,,gpt2_p64_o64,1.456,
1790650626,190,,,gpt2_p512_o512,0.36,
1790650626,190,,,llama_p1024_o128,1.052,
1790650626,190,,,llama_p2048_o64,0.655,
1790650627,191,,,resnet50_image,307.73,
1790650627,191,,,vgg16_image,607.52,
1790650627,191,,,vit_base_image,126.198,
1790650627,191,,,gpt2_p64_o64,1.456,
1790650627,191,,,gpt2_p512_o512,0.36,
1790650627,191,,,llama_p1024_o128,1.052,
1790650627,191,,,llama_p2048_o64,0.655,
1790650628,192,,,resnet50_image,307.73,
1790650628,192,,,vgg16_image,607.52,
1790650628,192,,,vit_base_image,126.198,
1790650628,192,,,gpt2_p64_o64,1.456,
1790650628,192,,,gpt2_p512_o512,0.36,
1790650628,192,,,llama_p1024_o128,1.052,
1790650628,192,,,llama_p2048_o64,0.655,
1790650629,193,4,transition,resnet50_image,307.73,165.43807404023391
1790650629,193,4,transition,vgg16_image,607.52,461.5177570093458
1790650629,193,4,transition,vit_base_image,126.198,122.60061919504642
1790650629,193,4,transition,gpt2_p64_o64,1.456,0.0
1790650629,193,4,transition,gpt2_p512_o512,0.36,0.0853080568720379
1790650629,193,4,transition,llama_p1024_o128,1.052,0.0
1790650629,193,4,transition,llama_p2048_o64,0.655,0.1795511221945137
1790650630,194,4,transition,resnet50_image,307.73,165.43807404023391
1790650630,194,4,transition,vgg16_image,607.52,461.5177570093458
1790650630,194,4,transition,vit_base_image,126.198,122.60061919504642
1790650630,194,4,transition,gpt2_p64_o64,1.456,0.0
1790650630,194,4,transition,gpt2_p512_o512,0.36,0.0853080568720379
1790650630,194,4,transition,llama_p1024_o128,1.052,0.0
1790650630,194,4,transition,llama_p2048_o64,0.655,0.1795511221945137
1790650631,195,4,transition,resnet50_image,307.73,165.43807404023391
1790650631,195,4,transition,vgg16_image,607.52,461.5177570093458
1790650631,195,4,transition,vit_base_image,126.198,122.60061919504642
1790650631,195,4,transition,gpt2_p64_o64,1.456,0.0
1790650631,195,4,transition,gpt2_p512_o512,0.36,0.0853080568720379
1790650631,195,4,transition,llama_p1024_o128,1.052,0.0
1790650631,195,4,transition,llama_p2048_o64,0.655,0.1795511221945137
1790650632,196,4,transition,resnet50_image,307.73,165.43807404023391
1790650632,196,4,transition,vgg16_image,607.52,461.5177570093458
1790650632,196,4,transition,vit_base_image,126.198,122.60061919504642
1790650632,196,4,transition,gpt2_p64_o64,1.456,0.0
1790650632,196,4,transition,gpt2_p512_o512,0.36,0.0853080568720379
1790650632,196,4,transition,llama_p1024_o128,1.052,0.0
1790650632,196,4,transition,llama_p2048_o64,0.655,0.1795511221945137
1790650633,197,4,transition,resnet50_image,307.73,165.43807404023391
1790650633,197,4,transition,vgg16_image,607.52,461.5177570093458
1790650633,197,4,transition,vit_base_image,126.198,122.60061919504642
1790650633,197,4,transition,gpt2_p64_o64,1.456,0.0
1790650633,197,4,transition,gpt2_p512_o512,0.36,0.0853080568720379
1790650633,197,4,transition,llama_p1024_o128,1.052,0.0
1790650633,197,4,transition,llama_p2048_o64,0.655,0.1795511221945137
1790650634,198,4,transition,resnet50_image,307.73,165.43807404023391
1790650634,198,4,transition,vgg16_image,607.52,461.5177570093458
1790650634,198,4,transition,vit_base_image,126.198,122.60061919504642
1790650634,198,4,transition,gpt2_p64_o64,1.456,0.0
1790650634,198,4,transition,gpt2_p512_o512,0.36,0.0853080568720379
1790650634,198,4,transition,llama_p1024_o128,1.052,0.0
1790650634,198,4,transition,llama_p2048_o64,0.655,0.1795511221945137
1790650635,199,4,transition,resnet50_image,307.73,165.43807404023391
1790650635,199,4,transition,vgg16_image,607.52,461.5177570093458
1790650635,199,4,transition,vit_base_image,126.198,122.60061919504642
1790650635,199,4,transition,gpt2_p64_o64,1.456,0.0
1790650635,199,4,transition,gpt2_p512_o512,0.36,0.0853080568720379
1790650635,199,4,transition,llama_p1024_o128,1.052,0.0
1790650635,199,4,transition,llama_p2048_o64,0.655,0.1795511221945137
1790650636,200,4,transition,resnet50_image,307.73,165.43807404023391
1790650636,200,4,transition,vgg16_image,607.52,461.5177570093458
1790650636,200,4,transition,vit_base_image,126.198,122.60061919504642
1790650636,200,4,transition,gpt2_p64_o64,1.456,0.0
1790650636,200,4,transition,gpt2_p512_o512,0.36,0.0853080568720379
1790650636,200,4,transition,llama_p1024_o128,1.052,0.0
1790650636,200,4,transition,llama_p2048_o64,0.655,0.1795511221945137
1790650637,201,4,transition,resnet50_image,307.73,165.43807404023391
1790650637,201,4,transition,vgg16_image,607.52,461.5177570093458
1790650637,201,4,transition,vit_base_image,126.198,122.60061919504642
1790650637,201,4,transition,gpt2_p64_o64,1.456,0.0
1790650637,201,4,transition,gpt2_p512_o512,0.36,0.0853080568720379
1790650637,201,4,transition,llama_p1024_o128,1.052,0.0
1790650637,201,4,transition,llama_p2048_o64,0.655,0.1795511221945137
1790650638,202,4,transition,resnet50_image,187.183,165.43807404023391
1790650638,202,4,transition,vgg16_image,239.04,461.5177570093458
1790650638,202,4,transition,vit_base_image,126.198,122.60061919504642
1790650638,202,4,transition,gpt2_p64_o64,1.456,0.0
1790650638,202,4,transition,gpt2_p512_o512,0.36,0.0853080568720379
1790650638,202,4,transition,llama_p1024_o128,0,0.0
1790650638,202,4,transition,llama_p2048_o64,0,0.1795511221945137
1790650639,203,4,transition,resnet50_image,187.183,165.43807404023391
1790650639,203,4,transition,vgg16_image,239.04,461.5177570093458
1790650639,203,4,transition,vit_base_image,126.198,122.60061919504642
1790650639,203,4,transition,gpt2_p64_o64,1.456,0.0
1790650639,203,4,transition,gpt2_p512_o512,0.36,0.0853080568720379
1790650639,203,4,transition,llama_p1024_o128,0,0.0
1790650639,203,4,transition,llama_p2048_o64,0,0.1795511221945137
1790650640,204,4,transition,resnet50_image,187.183,165.43807404023391
1790650640,204,4,transition,vgg16_image,239.04,461.5177570093458
1790650640,204,4,transition,vit_base_image,126.198,122.60061919504642
1790650640,204,4,transition,gpt2_p64_o64,1.456,0.0
1790650640,204,4,transition,gpt2_p512_o512,0.36,0.0853080568720379
1790650640,204,4,transition,llama_p1024_o128,0,0.0
1790650640,204,4,transition,llama_p2048_o64,0,0.1795511221945137
1790650641,205,4,transition,resnet50_image,187.183,165.43807404023391
1790650641,205,4,transition,vgg16_image,239.04,461.5177570093458
1790650641,205,4,transition,vit_base_image,126.198,122.60061919504642
1790650641,205,4,transition,gpt2_p64_o64,1.456,0.0
1790650641,205,4,transition,gpt2_p512_o512,0.36,0.0853080568720379
1790650641,205,4,transition,llama_p1024_o128,0,0.0
1790650641,205,4,transition,llama_p2048_o64,0,0.1795511221945137
1790650642,206,4,transition,resnet50_image,187.183,165.43807404023391
1790650642,206,4,transition,vgg16_image,239.04,461.5177570093458
1790650642,206,4,transition,vit_base_image,126.198,122.60061919504642
1790650642,206,4,transition,gpt2_p64_o64,1.456,0.0
1790650642,206,4,transition,gpt2_p512_o512,0.36,0.0853080568720379
1790650642,206,4,transition,llama_p1024_o128,0,0.0
1790650642,206,4,transition,llama_p2048_o64,0,0.1795511221945137
1790650643,207,4,transition,resnet50_image,187.183,165.43807404023391
1790650643,207,4,transition,vgg16_image,239.04,461.5177570093458
1790650643,207,4,transition,vit_base_image,126.198,122.60061919504642
1790650643,207,4,transition,gpt2_p64_o64,1.456,0.0
1790650643,207,4,transition,gpt2_p512_o512,0.36,0.0853080568720379
1790650643,207,4,transition,llama_p1024_o128,0,0.0
1790650643,207,4,transition,llama_p2048_o64,0,0.1795511221945137
1790650644,208,4,transition,resnet50_image,187.183,165.43807404023391
1790650644,208,4,transition,vgg16_image,239.04,461.5177570093458
1790650644,208,4,transition,vit_base_image,126.198,122.60061919504642
1790650644,208,4,transition,gpt2_p64_o64,1.456,0.0
1790650644,208,4,transition,gpt2_p512_o512,0.36,0.0853080568720379
1790650644,208,4,transition,llama_p1024_o128,0,0.0
1790650644,208,4,transition,llama_p2048_o64,0,0.1795511221945137
1790650645,209,4,transition,resnet50_image,187.183,165.43807404023391
1790650645,209,4,transition,vgg16_image,239.04,461.5177570093458
1790650645,209,4,transition,vit_base_image,126.198,122.60061919504642
1790650645,209,4,transition,gpt2_p64_o64,1.456,0.0
1790650645,209,4,transition,gpt2_p512_o512,0.36,0.0853080568720379
1790650645,209,4,transition,llama_p1024_o128,0,0.0
1790650645,209,4,transition,llama_p2048_o64,0,0.1795511221945137
1790650646,210,4,transition,resnet50_image,187.183,165.43807404023391
1790650646,210,4,transition,vgg16_image,239.04,461.5177570093458
1790650646,210,4,transition,vit_base_image,126.198,122.60061919504642
1790650646,210,4,transition,gpt2_p64_o64,1.456,0.0
1790650646,210,4,transition,gpt2_p512_o512,0.36,0.0853080568720379
1790650646,210,4,transition,llama_p1024_o128,0,0.0
1790650646,210,4,transition,llama_p2048_o64,0,0.1795511221945137
1790650647,211,4,transition,resnet50_image,187.183,165.43807404023391
1790650647,211,4,transition,vgg16_image,239.04,461.5177570093458
1790650647,211,4,transition,vit_base_image,126.198,122.60061919504642
1790650647,211,4,transition,gpt2_p64_o64,1.456,0.0
1790650647,211,4,transition,gpt2_p512_o512,0.36,0.0853080568720379
1790650647,211,4,transition,llama_p1024_o128,0,0.0
1790650647,211,4,transition,llama_p2048_o64,0,0.1795511221945137
1790650648,212,4,transition,resnet50_image,187.183,165.43807404023391
1790650648,212,4,transition,vgg16_image,239.04,461.5177570093458
1790650648,212,4,transition,vit_base_image,126.198,122.60061919504642
1790650648,212,4,transition,gpt2_p64_o64,1.456,0.0
1790650648,212,4,transition,gpt2_p512_o512,0.36,0.0853080568720379
1790650648,212,4,transition,llama_p1024_o128,0,0.0
1790650648,212,4,transition,llama_p2048_o64,0,0.1795511221945137
1790650649,213,4,transition,resnet50_image,187.183,165.43807404023391
1790650649,213,4,transition,vgg16_image,478.08,461.5177570093458
1790650649,213,4,transition,vit_base_image,126.198,122.60061919504642
1790650649,213,4,transition,gpt2_p64_o64,1.456,0.0
1790650649,213,4,transition,gpt2_p512_o512,0.36,0.0853080568720379
1790650649,213,4,transition,llama_p1024_o128,0,0.0
1790650649,213,4,transition,llama_p2048_o64,0,0.1795511221945137
1790650650,214,4,transition,resnet50_image,187.183,165.43807404023391
1790650650,214,4,transition,vgg16_image,478.08,461.5177570093458
1790650650,214,4,transition,vit_base_image,126.198,122.60061919504642
1790650650,214,4,transition,gpt2_p64_o64,1.456,0.0
1790650650,214,4,transition,gpt2_p512_o512,0.36,0.0853080568720379
1790650650,214,4,transition,llama_p1024_o128,0,0.0
1790650650,214,4,transition,llama_p2048_o64,0,0.1795511221945137
1790650651,215,4,transition,resnet50_image,187.183,165.43807404023391
1790650651,215,4,transition,vgg16_image,478.08,461.5177570093458
1790650651,215,4,transition,vit_base_image,126.198,122.60061919504642
1790650651,215,4,transition,gpt2_p64_o64,1.456,0.0
1790650651,215,4,transition,gpt2_p512_o512,0.36,0.0853080568720379
1790650651,215,4,transition,llama_p1024_o128,0,0.0
1790650651,215,4,transition,llama_p2048_o64,0,0.1795511221945137
1790650652,216,4,transition,resnet50_image,187.183,165.43807404023391
1790650652,216,4,transition,vgg16_image,478.08,461.5177570093458
1790650652,216,4,transition,vit_base_image,126.198,122.60061919504642
1790650652,216,4,transition,gpt2_p64_o64,1.456,0.0
1790650652,216,4,transition,gpt2_p512_o512,0.36,0.0853080568720379
1790650652,216,4,transition,llama_p1024_o128,0,0.0
1790650652,216,4,transition,llama_p2048_o64,0,0.1795511221945137
1790650653,217,4,transition,resnet50_image,187.183,165.43807404023391
1790650653,217,4,transition,vgg16_image,478.08,461.5177570093458
1790650653,217,4,transition,vit_base_image,126.198,122.60061919504642
1790650653,217,4,transition,gpt2_p64_o64,1.456,0.0
1790650653,217,4,transition,gpt2_p512_o512,0.36,0.0853080568720379
1790650653,217,4,transition,llama_p1024_o128,0,0.0
1790650653,217,4,transition,llama_p2048_o64,0,0.1795511221945137
1790650654,218,4,transition,resnet50_image,187.183,165.43807404023391
1790650654,218,4,transition,vgg16_image,478.08,461.5177570093458
1790650654,218,4,transition,vit_base_image,126.198,122.60061919504642
1790650654,218,4,transition,gpt2_p64_o64,1.456,0.0
1790650654,218,4,transition,gpt2_p512_o512,0.36,0.0853080568720379
1790650654,218,4,transition,llama_p1024_o128,0,0.0
1790650654,218,4,transition,llama_p2048_o64,0,0.1795511221945137
1790650655,219,4,transition,resnet50_image,187.183,165.43807404023391
1790650655,219,4,transition,vgg16_image,478.08,461.5177570093458
1790650655,219,4,transition,vit_base_image,126.198,122.60061919504642
1790650655,219,4,transition,gpt2_p64_o64,1.456,0.0
1790650655,219,4,transition,gpt2_p512_o512,0.36,0.0853080568720379
1790650655,219,4,transition,llama_p1024_o128,0,0.0
1790650655,219,4,transition,llama_p2048_o64,0,0.1795511221945137
1790650656,220,4,transition,resnet50_image,187.183,165.43807404023391
1790650656,220,4,transition,vgg16_image,478.08,461.5177570093458
1790650656,220,4,transition,vit_base_image,126.198,122.60061919504642
1790650656,220,4,transition,gpt2_p64_o64,1.456,0.0
1790650656,220,4,transition,gpt2_p512_o512,0.36,0.0853080568720379
1790650656,220,4,transition,llama_p1024_o128,0,0.0
1790650656,220,4,transition,llama_p2048_o64,0,0.1795511221945137
1790650657,221,4,transition,resnet50_image,187.183,165.43807404023391
1790650657,221,4,transition,vgg16_image,478.08,461.5177570093458
1790650657,221,4,transition,vit_base_image,126.198,122.60061919504642
1790650657,221,4,transition,gpt2_p64_o64,1.456,0.0
1790650657,221,4,transition,gpt2_p512_o512,0.36,0.0853080568720379
1790650657,221,4,transition,llama_p1024_o128,0,0.0
1790650657,221,4,transition,llama_p2048_o64,0,0.1795511221945137
1790650658,222,4,transition,resnet50_image,187.183,165.43807404023391
1790650658,222,4,transition,vgg16_image,478.08,461.5177570093458
1790650658,222,4,transition,vit_base_image,126.198,122.60061919504642
1790650658,222,4,transition,gpt2_p64_o64,1.456,0.0
1790650658,222,4,transition,gpt2_p512_o512,0.36,0.0853080568720379
1790650658,222,4,transition,llama_p1024_o128,0,0.0
1790650658,222,4,transition,llama_p2048_o64,0,0.1795511221945137
1790650659,223,4,transition,resnet50_image,187.183,165.43807404023391
1790650659,223,4,transition,vgg16_image,478.08,461.5177570093458
1790650659,223,4,transition,vit_base_image,126.198,122.60061919504642
1790650659,223,4,transition,gpt2_p64_o64,1.456,0.0
1790650659,223,4,transition,gpt2_p512_o512,0.36,0.0853080568720379
1790650659,223,4,transition,llama_p1024_o128,0,0.0
1790650659,223,4,transition,llama_p2048_o64,0,0.1795511221945137
1790650660,224,4,transition,resnet50_image,187.183,165.43807404023391
1790650660,224,4,transition,vgg16_image,478.08,461.5177570093458
1790650660,224,4,transition,vit_base_image,126.198,122.60061919504642
1790650660,224,4,transition,gpt2_p64_o64,1.456,0.0
1790650660,224,4,transition,gpt2_p512_o512,0.36,0.0853080568720379
1790650660,224,4,transition,llama_p1024_o128,0,0.0
1790650660,224,4,transition,llama_p2048_o64,0,0.1795511221945137
1790650661,225,4,transition,resnet50_image,187.183,165.43807404023391
1790650661,225,4,transition,vgg16_image,478.08,461.5177570093458
1790650661,225,4,transition,vit_base_image,126.198,122.60061919504642
1790650661,225,4,transition,gpt2_p64_o64,1.456,0.0
1790650661,225,4,transition,gpt2_p512_o512,0.36,0.0853080568720379
1790650661,225,4,transition,llama_p1024_o128,0,0.0
1790650661,225,4,transition,llama_p2048_o64,0,0.1795511221945137
1790650662,226,4,transition,resnet50_image,187.183,165.43807404023391
1790650662,226,4,transition,vgg16_image,478.08,461.5177570093458
1790650662,226,4,transition,vit_base_image,126.198,122.60061919504642
1790650662,226,4,transition,gpt2_p64_o64,1.456,0.0
1790650662,226,4,transition,gpt2_p512_o512,0.36,0.0853080568720379
1790650662,226,4,transition,llama_p1024_o128,0,0.0
1790650662,226,4,transition,llama_p2048_o64,0,0.1795511221945137
1790650663,227,4,steady,resnet50_image,187.183,165.43807404023391
1790650663,227,4,steady,vgg16_image,478.08,461.5177570093458
1790650663,227,4,steady,vit_base_image,126.198,122.60061919504642
1790650663,227,4,steady,gpt2_p64_o64,1.456,0.232258064516129
1790650663,227,4,steady,gpt2_p512_o512,0.36,0.0853080568720379
1790650663,227,4,steady,llama_p1024_o128,0,0.0
1790650663,227,4,steady,llama_p2048_o64,0.66,0.1795511221945137
1790650664,228,4,steady,resnet50_image,187.183,165.43807404023391
1790650664,228,4,steady,vgg16_image,478.08,461.5177570093458
1790650664,228,4,steady,vit_base_image,126.198,122.60061919504642
1790650664,228,4,steady,gpt2_p64_o64,1.456,0.232258064516129
1790650664,228,4,steady,gpt2_p512_o512,0.36,0.0853080568720379
1790650664,228,4,steady,llama_p1024_o128,0,0.0
1790650664,228,4,steady,llama_p2048_o64,0.66,0.1795511221945137
1790650665,229,4,steady,resnet50_image,187.183,165.43807404023391
1790650665,229,4,steady,vgg16_image,478.08,461.5177570093458
1790650665,229,4,steady,vit_base_image,126.198,122.60061919504642
1790650665,229,4,steady,gpt2_p64_o64,1.456,0.232258064516129
1790650665,229,4,steady,gpt2_p512_o512,0.36,0.0853080568720379
1790650665,229,4,steady,llama_p1024_o128,0,0.0
1790650665,229,4,steady,llama_p2048_o64,0.66,0.1795511221945137
1790650666,230,4,steady,resnet50_image,187.183,165.43807404023391
1790650666,230,4,steady,vgg16_image,478.08,461.5177570093458
1790650666,230,4,steady,vit_base_image,126.198,122.60061919504642
1790650666,230,4,steady,gpt2_p64_o64,1.456,0.232258064516129
1790650666,230,4,steady,gpt2_p512_o512,0.36,0.0853080568720379
1790650666,230,4,steady,llama_p1024_o128,0,0.0
1790650666,230,4,steady,llama_p2048_o64,0.66,0.1795511221945137
1790650667,231,4,steady,resnet50_image,187.183,165.43807404023391
1790650667,231,4,steady,vgg16_image,478.08,461.5177570093458
1790650667,231,4,steady,vit_base_image,126.198,122.60061919504642
1790650667,231,4,steady,gpt2_p64_o64,1.456,0.232258064516129
1790650667,231,4,steady,gpt2_p512_o512,0.36,0.0853080568720379
1790650667,231,4,steady,llama_p1024_o128,0,0.0
1790650667,231,4,steady,llama_p2048_o64,0.66,0.1795511221945137
1790650668,232,4,steady,resnet50_image,187.183,165.43807404023391
1790650668,232,4,steady,vgg16_image,478.08,461.5177570093458
1790650668,232,4,steady,vit_base_image,126.198,122.60061919504642
1790650668,232,4,steady,gpt2_p64_o64,1.456,0.232258064516129
1790650668,232,4,steady,gpt2_p512_o512,0.36,0.0853080568720379
1790650668,232,4,steady,llama_p1024_o128,0,0.0
1790650668,232,4,steady,llama_p2048_o64,0.66,0.1795511221945137
1790650669,233,4,steady,resnet50_image,187.183,165.43807404023391
1790650669,233,4,steady,vgg16_image,478.08,461.5177570093458
1790650669,233,4,steady,vit_base_image,126.198,122.60061919504642
1790650669,233,4,steady,gpt2_p64_o64,1.456,0.232258064516129
1790650669,233,4,steady,gpt2_p512_o512,0.36,0.0853080568720379
1790650669,233,4,steady,llama_p1024_o128,0,0.0
1790650669,233,4,steady,llama_p2048_o64,0.66,0.1795511221945137
1790650670,234,4,steady,resnet50_image,187.183,165.43807404023391
1790650670,234,4,steady,vgg16_image,478.08,461.5177570093458
1790650670,234,4,steady,vit_base_image,126.198,122.60061919504642
1790650670,234,4,steady,gpt2_p64_o64,1.456,0.232258064516129
1790650670,234,4,steady,gpt2_p512_o512,0.36,0.0853080568720379
1790650670,234,4,steady,llama_p1024_o128,0,0.0
1790650670,234,4,steady,llama_p2048_o64,0.66,0.1795511221945137
1790650671,235,4,steady,resnet50_image,187.183,165.43807404023391
1790650671,235,4,steady,vgg16_image,478.08,461.5177570093458
1790650671,235,4,steady,vit_base_image,126.198,122.60061919504642
1790650671,235,4,steady,gpt2_p64_o64,1.456,0.232258064516129
1790650671,235,4,steady,gpt2_p512_o512,0.36,0.0853080568720379
1790650671,235,4,steady,llama_p1024_o128,0,0.0
1790650671,235,4,steady,llama_p2048_o64,0.66,0.1795511221945137
1790650672,236,4,steady,resnet50_image,187.183,165.43807404023391
1790650672,236,4,steady,vgg16_image,478.08,461.5177570093458
1790650672,236,4,steady,vit_base_image,126.198,122.60061919504642
1790650672,236,4,steady,gpt2_p64_o64,1.456,0.232258064516129
1790650672,236,4,steady,gpt2_p512_o512,0.36,0.0853080568720379
1790650672,236,4,steady,llama_p1024_o128,0,0.0
1790650672,236,4,steady,llama_p2048_o64,0.66,0.1795511221945137
1790650673,237,4,steady,resnet50_image,187.183,165.43807404023391
1790650673,237,4,steady,vgg16_image,478.08,461.5177570093458
1790650673,237,4,steady,vit_base_image,126.198,122.60061919504642
1790650673,237,4,steady,gpt2_p64_o64,1.456,0.232258064516129
1790650673,237,4,steady,gpt2_p512_o512,0.36,0.0853080568720379
1790650673,237,4,steady,llama_p1024_o128,0,0.0
1790650673,237,4,steady,llama_p2048_o64,0.66,0.1795511221945137
1790650674,238,4,steady,resnet50_image,187.183,165.43807404023391
1790650674,238,4,steady,vgg16_image,478.08,461.5177570093458
1790650674,238,4,steady,vit_base_image,126.198,122.60061919504642
1790650674,238,4,steady,gpt2_p64_o64,1.456,0.232258064516129
1790650674,238,4,steady,gpt2_p512_o512,0.36,0.0853080568720379
1790650674,238,4,steady,llama_p1024_o128,0,0.0
1790650674,238,4,steady,llama_p2048_o64,0.66,0.1795511221945137
1790650675,239,4,steady,resnet50_image,187.183,165.43807404023391
1790650675,239,4,steady,vgg16_image,478.08,461.5177570093458
1790650675,239,4,steady,vit_base_image,126.198,122.60061919504642
1790650675,239,4,steady,gpt2_p64_o64,1.456,0.232258064516129
1790650675,239,4,steady,gpt2_p512_o512,0.36,0.0853080568720379
1790650675,239,4,steady,llama_p1024_o128,0,0.0
1790650675,239,4,steady,llama_p2048_o64,0.66,0.1795511221945137
1790650676,240,4,steady,resnet50_image,187.183,165.43807404023391
1790650676,240,4,steady,vgg16_image,478.08,461.5177570093458
1790650676,240,4,steady,vit_base_image,126.198,122.60061919504642
1790650676,240,4,steady,gpt2_p64_o64,1.456,0.232258064516129
1790650676,240,4,steady,gpt2_p512_o512,0.36,0.0853080568720379
1790650676,240,4,steady,llama_p1024_o128,0,0.0
1790650676,240,4,steady,llama_p2048_o64,0.66,0.1795511221945137
1790650677,241,4,steady,resnet50_image,187.183,165.43807404023391
1790650677,241,4,steady,vgg16_image,478.08,461.5177570093458
1790650677,241,4,steady,vit_base_image,126.198,122.60061919504642
1790650677,241,4,steady,gpt2_p64_o64,1.456,0.232258064516129
1790650677,241,4,steady,gpt2_p512_o512,0.36,0.0853080568720379
1790650677,241,4,steady,llama_p1024_o128,0,0.0
1790650677,241,4,steady,llama_p2048_o64,0.66,0.1795511221945137
1790650678,242,4,steady,resnet50_image,187.183,165.43807404023391
1790650678,242,4,steady,vgg16_image,478.08,461.5177570093458
1790650678,242,4,steady,vit_base_image,126.198,122.60061919504642
1790650678,242,4,steady,gpt2_p64_o64,1.456,0.232258064516129
1790650678,242,4,steady,gpt2_p512_o512,0.36,0.0853080568720379
1790650678,242,4,steady,llama_p1024_o128,0,0.0
1790650678,242,4,steady,llama_p2048_o64,0.66,0.1795511221945137
1790650679,243,4,steady,resnet50_image,187.183,165.43807404023391
1790650679,243,4,steady,vgg16_image,478.08,461.5177570093458
1790650679,243,4,steady,vit_base_image,126.198,122.60061919504642
1790650679,243,4,steady,gpt2_p64_o64,1.456,0.232258064516129
1790650679,243,4,steady,gpt2_p512_o512,0.36,0.0853080568720379
1790650679,243,4,steady,llama_p1024_o128,0,0.0
1790650679,243,4,steady,llama_p2048_o64,0.66,0.1795511221945137
1790650680,244,4,steady,resnet50_image,187.183,165.43807404023391
1790650680,244,4,steady,vgg16_image,478.08,461.5177570093458
1790650680,244,4,steady,vit_base_image,126.198,122.60061919504642
1790650680,244,4,steady,gpt2_p64_o64,1.456,0.232258064516129
1790650680,244,4,steady,gpt2_p512_o512,0.36,0.0853080568720379
1790650680,244,4,steady,llama_p1024_o128,0,0.0
1790650680,244,4,steady,llama_p2048_o64,0.66,0.1795511221945137
1790650681,245,4,steady,resnet50_image,187.183,165.43807404023391
1790650681,245,4,steady,vgg16_image,478.08,461.5177570093458
1790650681,245,4,steady,vit_base_image,126.198,122.60061919504642
1790650681,245,4,steady,gpt2_p64_o64,1.456,0.232258064516129
1790650681,245,4,steady,gpt2_p512_o512,0.36,0.0853080568720379
1790650681,245,4,steady,llama_p1024_o128,0,0.0
1790650681,245,4,steady,llama_p2048_o64,0.66,0.1795511221945137
1790650682,246,4,steady,resnet50_image,187.183,165.43807404023391
1790650682,246,4,steady,vgg16_image,478.08,461.5177570093458
1790650682,246,4,steady,vit_base_image,126.198,122.60061919504642
1790650682,246,4,steady,gpt2_p64_o64,1.456,0.232258064516129
1790650682,246,4,steady,gpt2_p512_o512,0.36,0.0853080568720379
1790650682,246,4,steady,llama_p1024_o128,0,0.0
1790650682,246,4,steady,llama_p2048_o64,0.66,0.1795511221945137
1790650683,247,4,steady,resnet50_image,187.183,165.43807404023391
1790650683,247,4,steady,vgg16_image,478.08,461.5177570093458
1790650683,247,4,steady,vit_base_image,126.198,122.60061919504642
1790650683,247,4,steady,gpt2_p64_o64,1.456,0.232258064516129
1790650683,247,4,steady,gpt2_p512_o512,0.36,0.0853080568720379
1790650683,247,4,steady,llama_p1024_o128,0,0.0
1790650683,247,4,steady,llama_p2048_o64,0.66,0.1795511221945137
1790650684,248,4,steady,resnet50_image,187.183,165.43807404023391
1790650684,248,4,steady,vgg16_image,478.08,461.5177570093458
1790650684,248,4,steady,vit_base_image,126.198,122.60061919504642
1790650684,248,4,steady,gpt2_p64_o64,1.456,0.232258064516129
1790650684,248,4,steady,gpt2_p512_o512,0.36,0.0853080568720379
1790650684,248,4,steady,llama_p1024_o128,0,0.0
1790650684,248,4,steady,llama_p2048_o64,0.66,0.1795511221945137
1790650685,249,4,steady,resnet50_image,187.183,165.43807404023391
1790650685,249,4,steady,vgg16_image,478.08,461.5177570093458
1790650685,249,4,steady,vit_base_image,126.198,122.60061919504642
1790650685,249,4,steady,gpt2_p64_o64,1.456,0.232258064516129
1790650685,249,4,steady,gpt2_p512_o512,0.36,0.0853080568720379
1790650685,249,4,steady,llama_p1024_o128,0,0.0
1790650685,249,4,steady,llama_p2048_o64,0.66,0.1795511221945137
1790650686,250,4,steady,resnet50_image,187.183,165.43807404023391
1790650686,250,4,steady,vgg16_image,478.08,461.5177570093458
1790650686,250,4,steady,vit_base_image,126.198,122.60061919504642
1790650686,250,4,steady,gpt2_p64_o64,1.456,0.232258064516129
1790650686,250,4,steady,gpt2_p512_o512,0.36,0.0853080568720379
1790650686,250,4,steady,llama_p1024_o128,0,0.0
1790650686,250,4,steady,llama_p2048_o64,0.66,0.1795511221945137
1790650687,251,4,steady,resnet50_image,187.183,165.43807404023391
1790650687,251,4,steady,vgg16_image,478.08,461.5177570093458
1790650687,251,4,steady,vit_base_image,126.198,122.60061919504642
1790650687,251,4,steady,gpt2_p64_o64,1.456,0.232258064516129
1790650687,251,4,steady,gpt2_p512_o512,0.36,0.0853080568720379
1790650687,251,4,steady,llama_p1024_o128,0,0.0
1790650687,251,4,steady,llama_p2048_o64,0.66,0.1795511221945137
1790650688,252,4,steady,resnet50_image,187.183,165.43807404023391
1790650688,252,4,steady,vgg16_image,478.08,461.5177570093458
1790650688,252,4,steady,vit_base_image,126.198,122.60061919504642
1790650688,252,4,steady,gpt2_p64_o64,1.456,0.232258064516129
1790650688,252,4,steady,gpt2_p512_o512,0.36,0.0853080568720379
1790650688,252,4,steady,llama_p1024_o128,0,0.0
1790650688,252,4,steady,llama_p2048_o64,0.66,0.1795511221945137
1790650689,253,4,steady,resnet50_image,187.183,165.43807404023391
1790650689,253,4,steady,vgg16_image,478.08,461.5177570093458
1790650689,253,4,steady,vit_base_image,126.198,122.60061919504642
1790650689,253,4,steady,gpt2_p64_o64,1.456,0.232258064516129
1790650689,253,4,steady,gpt2_p512_o512,0.36,0.0853080568720379
1790650689,253,4,steady,llama_p1024_o128,0,0.0
1790650689,253,4,steady,llama_p2048_o64,0.66,0.1795511221945137
1790650690,254,4,steady,resnet50_image,187.183,165.43807404023391
1790650690,254,4,steady,vgg16_image,478.08,461.5177570093458
1790650690,254,4,steady,vit_base_image,126.198,122.60061919504642
1790650690,254,4,steady,gpt2_p64_o64,1.456,0.232258064516129
1790650690,254,4,steady,gpt2_p512_o512,0.36,0.0853080568720379
1790650690,254,4,steady,llama_p1024_o128,0,0.0
1790650690,254,4,steady,llama_p2048_o64,0.66,0.1795511221945137
1790650691,255,4,steady,resnet50_image,187.183,165.43807404023391
1790650691,255,4,steady,vgg16_image,478.08,461.5177570093458
1790650691,255,4,steady,vit_base_image,126.198,122.60061919504642
1790650691,255,4,steady,gpt2_p64_o64,1.456,0.232258064516129
1790650691,255,4,steady,gpt2_p512_o512,0.36,0.0853080568720379
1790650691,255,4,steady,llama_p1024_o128,0,0.0
1790650691,255,4,steady,llama_p2048_o64,0.66,0.1795511221945137
1790650692,256,4,steady,resnet50_image,187.183,165.43807404023391
1790650692,256,4,steady,vgg16_image,478.08,461.5177570093458
1790650692,256,4,steady,vit_base_image,126.198,122.60061919504642
1790650692,256,4,steady,gpt2_p64_o64,1.456,0.232258064516129
1790650692,256,4,steady,gpt2_p512_o512,0.36,0.0853080568720379
1790650692,256,4,steady,llama_p1024_o128,0,0.0
1790650692,256,4,steady,llama_p2048_o64,0.66,0.1795511221945137
1790650693,257,,,resnet50_image,187.183,
1790650693,257,,,vgg16_image,478.08,
1790650693,257,,,vit_base_image,126.198,
1790650693,257,,,gpt2_p64_o64,1.456,
1790650693,257,,,gpt2_p512_o512,0.36,
1790650693,257,,,llama_p1024_o128,0,
1790650693,257,,,llama_p2048_o64,0.66,
1790650694,258,,,resnet50_image,187.183,
1790650694,258,,,vgg16_image,478.08,
1790650694,258,,,vit_base_image,126.198,
1790650694,258,,,gpt2_p64_o64,1.456,
1790650694,258,,,gpt2_p512_o512,0.36,
1790650694,258,,,llama_p1024_o128,0,
1790650694,258,,,llama_p2048_o64,0.66,
1790650695,259,,,resnet50_image,187.183,
1790650695,259,,,vgg16_image,478.08,
1790650695,259,,,vit_base_image,126.198,
1790650695,259,,,gpt2_p64_o64,1.456,
1790650695,259,,,gpt2_p512_o512,0.36,
1790650695,259,,,llama_p1024_o128,0,
1790650695,259,,,llama_p2048_o64,0.66,
1790650696,260,,,resnet50_image,187.183,
1790650696,260,,,vgg16_image,478.08,
1790650696,260,,,vit_base_image,126.198,
1790650696,260,,,gpt2_p64_o64,1.456,
1790650696,260,,,gpt2_p512_o512,0.36,
1790650696,260,,,llama_p1024_o128,0,
1790650696,260,,,llama_p2048_o64,0.66,
1790650697,261,,,resnet50_image,187.183,
1790650697,261,,,vgg16_image,478.08,
1790650697,261,,,vit_base_image,126.198,
1790650697,261,,,gpt2_p64_o64,1.456,
1790650697,261,,,gpt2_p512_o512,0.36,
1790650697,261,,,llama_p1024_o128,0,
1790650697,261,,,llama_p2048_o64,0.66,
1790650698,262,,,resnet50_image,187.183,
1790650698,262,,,vgg16_image,478.08,
1790650698,262,,,vit_base_image,126.198,
1790650698,262,,,gpt2_p64_o64,1.456,
1790650698,262,,,gpt2_p512_o512,0.36,
1790650698,262,,,llama_p1024_o128,0,
1790650698,262,,,llama_p2048_o64,0.66,
1790650699,263,,,resnet50_image,187.183,
1790650699,263,,,vgg16_image,478.08,
1790650699,263,,,vit_base_image,126.198,
1790650699,263,,,gpt2_p64_o64,1.456,
1790650699,263,,,gpt2_p512_o512,0.36,
1790650699,263,,,llama_p1024_o128,0,
1790650699,263,,,llama_p2048_o64,0.66,
1790650700,264,5,transition,resnet50_image,187.183,91.3690271927075
1790650700,264,5,transition,vgg16_image,478.08,461.5177570093458
1790650700,264,5,transition,vit_base_image,126.198,122.60061919504642
1790650700,264,5,transition,gpt2_p64_o64,1.456,0.232258064516129
1790650700,264,5,transition,gpt2_p512_o512,0.36,0.0853080568720379
1790650700,264,5,transition,llama_p1024_o128,0,0.0
1790650700,264,5,transition,llama_p2048_o64,0.66,0.0
1790650701,265,5,transition,resnet50_image,187.183,91.3690271927075
1790650701,265,5,transition,vgg16_image,478.08,461.5177570093458
1790650701,265,5,transition,vit_base_image,126.198,122.60061919504642
1790650701,265,5,transition,gpt2_p64_o64,1.456,0.232258064516129
1790650701,265,5,transition,gpt2_p512_o512,0.36,0.0853080568720379
1790650701,265,5,transition,llama_p1024_o128,0,0.0
1790650701,265,5,transition,llama_p2048_o64,0.66,0.0
1790650702,266,5,transition,resnet50_image,187.183,91.3690271927075
1790650702,266,5,transition,vgg16_image,478.08,461.5177570093458
1790650702,266,5,transition,vit_base_image,126.198,122.60061919504642
1790650702,266,5,transition,gpt2_p64_o64,1.456,0.232258064516129
1790650702,266,5,transition,gpt2_p512_o512,0.36,0.0853080568720379
1790650702,266,5,transition,llama_p1024_o128,0,0.0
1790650702,266,5,transition,llama_p2048_o64,0.66,0.0
1790650703,267,5,transition,resnet50_image,187.183,91.3690271927075
1790650703,267,5,transition,vgg16_image,478.08,461.5177570093458
1790650703,267,5,transition,vit_base_image,126.198,122.60061919504642
1790650703,267,5,transition,gpt2_p64_o64,1.456,0.232258064516129
1790650703,267,5,transition,gpt2_p512_o512,0.36,0.0853080568720379
1790650703,267,5,transition,llama_p1024_o128,0,0.0
1790650703,267,5,transition,llama_p2048_o64,0.66,0.0
1790650704,268,5,transition,resnet50_image,187.183,91.3690271927075
1790650704,268,5,transition,vgg16_image,478.08,461.5177570093458
1790650704,268,5,transition,vit_base_image,126.198,122.60061919504642
1790650704,268,5,transition,gpt2_p64_o64,1.456,0.232258064516129
1790650704,268,5,transition,gpt2_p512_o512,0.36,0.0853080568720379
1790650704,268,5,transition,llama_p1024_o128,0,0.0
1790650704,268,5,transition,llama_p2048_o64,0.66,0.0
1790650705,269,5,transition,resnet50_image,187.183,91.3690271927075
1790650705,269,5,transition,vgg16_image,478.08,461.5177570093458
1790650705,269,5,transition,vit_base_image,126.198,122.60061919504642
1790650705,269,5,transition,gpt2_p64_o64,1.456,0.232258064516129
1790650705,269,5,transition,gpt2_p512_o512,0.36,0.0853080568720379
1790650705,269,5,transition,llama_p1024_o128,0,0.0
1790650705,269,5,transition,llama_p2048_o64,0.66,0.0
1790650706,270,5,transition,resnet50_image,187.183,91.3690271927075
1790650706,270,5,transition,vgg16_image,478.08,461.5177570093458
1790650706,270,5,transition,vit_base_image,126.198,122.60061919504642
1790650706,270,5,transition,gpt2_p64_o64,1.456,0.232258064516129
1790650706,270,5,transition,gpt2_p512_o512,0.36,0.0853080568720379
1790650706,270,5,transition,llama_p1024_o128,0,0.0
1790650706,270,5,transition,llama_p2048_o64,0.66,0.0
1790650707,271,5,transition,resnet50_image,187.183,91.3690271927075
1790650707,271,5,transition,vgg16_image,478.08,461.5177570093458
1790650707,271,5,transition,vit_base_image,126.198,122.60061919504642
1790650707,271,5,transition,gpt2_p64_o64,1.456,0.232258064516129
1790650707,271,5,transition,gpt2_p512_o512,0.36,0.0853080568720379
1790650707,271,5,transition,llama_p1024_o128,0,0.0
1790650707,271,5,transition,llama_p2048_o64,0.66,0.0
1790650708,272,5,transition,resnet50_image,187.183,91.3690271927075
1790650708,272,5,transition,vgg16_image,478.08,461.5177570093458
1790650708,272,5,transition,vit_base_image,126.198,122.60061919504642
1790650708,272,5,transition,gpt2_p64_o64,1.456,0.232258064516129
1790650708,272,5,transition,gpt2_p512_o512,0.36,0.0853080568720379
1790650708,272,5,transition,llama_p1024_o128,0,0.0
1790650708,272,5,transition,llama_p2048_o64,0.66,0.0
1790650709,273,5,transition,resnet50_image,187.183,91.3690271927075
1790650709,273,5,transition,vgg16_image,239.04,461.5177570093458
1790650709,273,5,transition,vit_base_image,0,122.60061919504642
1790650709,273,5,transition,gpt2_p64_o64,0,0.232258064516129
1790650709,273,5,transition,gpt2_p512_o512,0.36,0.0853080568720379
1790650709,273,5,transition,llama_p1024_o128,0,0.0
1790650709,273,5,transition,llama_p2048_o64,0,0.0
1790650710,274,5,transition,resnet50_image,187.183,91.3690271927075
1790650710,274,5,transition,vgg16_image,239.04,461.5177570093458
1790650710,274,5,transition,vit_base_image,0,122.60061919504642
1790650710,274,5,transition,gpt2_p64_o64,0,0.232258064516129
1790650710,274,5,transition,gpt2_p512_o512,0.36,0.0853080568720379
1790650710,274,5,transition,llama_p1024_o128,0,0.0
1790650710,274,5,transition,llama_p2048_o64,0,0.0
1790650711,275,5,transition,resnet50_image,187.183,91.3690271927075
1790650711,275,5,transition,vgg16_image,239.04,461.5177570093458
1790650711,275,5,transition,vit_base_image,0,122.60061919504642
1790650711,275,5,transition,gpt2_p64_o64,0,0.232258064516129
1790650711,275,5,transition,gpt2_p512_o512,0.36,0.0853080568720379
1790650711,275,5,transition,llama_p1024_o128,0,0.0
1790650711,275,5,transition,llama_p2048_o64,0,0.0
1790650712,276,5,transition,resnet50_image,187.183,91.3690271927075
1790650712,276,5,transition,vgg16_image,239.04,461.5177570093458
1790650712,276,5,transition,vit_base_image,0,122.60061919504642
1790650712,276,5,transition,gpt2_p64_o64,0,0.232258064516129
1790650712,276,5,transition,gpt2_p512_o512,0.36,0.0853080568720379
1790650712,276,5,transition,llama_p1024_o128,0,0.0
1790650712,276,5,transition,llama_p2048_o64,0,0.0
1790650713,277,5,transition,resnet50_image,187.183,91.3690271927075
1790650713,277,5,transition,vgg16_image,239.04,461.5177570093458
1790650713,277,5,transition,vit_base_image,0,122.60061919504642
1790650713,277,5,transition,gpt2_p64_o64,0,0.232258064516129
1790650713,277,5,transition,gpt2_p512_o512,0.36,0.0853080568720379
1790650713,277,5,transition,llama_p1024_o128,0,0.0
1790650713,277,5,transition,llama_p2048_o64,0,0.0
1790650714,278,5,transition,resnet50_image,187.183,91.3690271927075
1790650714,278,5,transition,vgg16_image,239.04,461.5177570093458
1790650714,278,5,transition,vit_base_image,0,122.60061919504642
1790650714,278,5,transition,gpt2_p64_o64,0,0.232258064516129
1790650714,278,5,transition,gpt2_p512_o512,0.36,0.0853080568720379
1790650714,278,5,transition,llama_p1024_o128,0,0.0
1790650714,278,5,transition,llama_p2048_o64,0,0.0
1790650715,279,5,transition,resnet50_image,187.183,91.3690271927075
1790650715,279,5,transition,vgg16_image,239.04,461.5177570093458
1790650715,279,5,transition,vit_base_image,0,122.60061919504642
1790650715,279,5,transition,gpt2_p64_o64,0,0.232258064516129
1790650715,279,5,transition,gpt2_p512_o512,0.36,0.0853080568720379
1790650715,279,5,transition,llama_p1024_o128,0,0.0
1790650715,279,5,transition,llama_p2048_o64,0,0.0
1790650716,280,5,transition,resnet50_image,187.183,91.3690271927075
1790650716,280,5,transition,vgg16_image,239.04,461.5177570093458
1790650716,280,5,transition,vit_base_image,0,122.60061919504642
1790650716,280,5,transition,gpt2_p64_o64,0,0.232258064516129
1790650716,280,5,transition,gpt2_p512_o512,0.36,0.0853080568720379
1790650716,280,5,transition,llama_p1024_o128,0,0.0
1790650716,280,5,transition,llama_p2048_o64,0,0.0
1790650717,281,5,transition,resnet50_image,187.183,91.3690271927075
1790650717,281,5,transition,vgg16_image,239.04,461.5177570093458
1790650717,281,5,transition,vit_base_image,0,122.60061919504642
1790650717,281,5,transition,gpt2_p64_o64,0,0.232258064516129
1790650717,281,5,transition,gpt2_p512_o512,0.36,0.0853080568720379
1790650717,281,5,transition,llama_p1024_o128,0,0.0
1790650717,281,5,transition,llama_p2048_o64,0,0.0
1790650718,282,5,transition,resnet50_image,187.183,91.3690271927075
1790650718,282,5,transition,vgg16_image,239.04,461.5177570093458
1790650718,282,5,transition,vit_base_image,0,122.60061919504642
1790650718,282,5,transition,gpt2_p64_o64,0,0.232258064516129
1790650718,282,5,transition,gpt2_p512_o512,0.36,0.0853080568720379
1790650718,282,5,transition,llama_p1024_o128,0,0.0
1790650718,282,5,transition,llama_p2048_o64,0,0.0
1790650719,283,5,transition,resnet50_image,187.183,91.3690271927075
1790650719,283,5,transition,vgg16_image,239.04,461.5177570093458
1790650719,283,5,transition,vit_base_image,0,122.60061919504642
1790650719,283,5,transition,gpt2_p64_o64,0,0.232258064516129
1790650719,283,5,transition,gpt2_p512_o512,0.36,0.0853080568720379
1790650719,283,5,transition,llama_p1024_o128,0,0.0
1790650719,283,5,transition,llama_p2048_o64,0,0.0
1790650720,284,5,transition,resnet50_image,187.183,91.3690271927075
1790650720,284,5,transition,vgg16_image,239.04,461.5177570093458
1790650720,284,5,transition,vit_base_image,0,122.60061919504642
1790650720,284,5,transition,gpt2_p64_o64,0,0.232258064516129
1790650720,284,5,transition,gpt2_p512_o512,0.36,0.0853080568720379
1790650720,284,5,transition,llama_p1024_o128,0,0.0
1790650720,284,5,transition,llama_p2048_o64,0,0.0
1790650721,285,5,transition,resnet50_image,187.183,91.3690271927075
1790650721,285,5,transition,vgg16_image,239.04,461.5177570093458
1790650721,285,5,transition,vit_base_image,0,122.60061919504642
1790650721,285,5,transition,gpt2_p64_o64,0,0.232258064516129
1790650721,285,5,transition,gpt2_p512_o512,0.36,0.0853080568720379
1790650721,285,5,transition,llama_p1024_o128,0,0.0
1790650721,285,5,transition,llama_p2048_o64,0,0.0
1790650722,286,5,transition,resnet50_image,187.183,91.3690271927075
1790650722,286,5,transition,vgg16_image,239.04,461.5177570093458
1790650722,286,5,transition,vit_base_image,0,122.60061919504642
1790650722,286,5,transition,gpt2_p64_o64,0,0.232258064516129
1790650722,286,5,transition,gpt2_p512_o512,0.36,0.0853080568720379
1790650722,286,5,transition,llama_p1024_o128,0,0.0
1790650722,286,5,transition,llama_p2048_o64,0,0.0
1790650723,287,5,transition,resnet50_image,187.183,91.3690271927075
1790650723,287,5,transition,vgg16_image,239.04,461.5177570093458
1790650723,287,5,transition,vit_base_image,0,122.60061919504642
1790650723,287,5,transition,gpt2_p64_o64,0,0.232258064516129
1790650723,287,5,transition,gpt2_p512_o512,0.36,0.0853080568720379
1790650723,287,5,transition,llama_p1024_o128,0,0.0
1790650723,287,5,transition,llama_p2048_o64,0,0.0
1790650724,288,5,transition,resnet50_image,187.183,91.3690271927075
1790650724,288,5,transition,vgg16_image,239.04,461.5177570093458
1790650724,288,5,transition,vit_base_image,0,122.60061919504642
1790650724,288,5,transition,gpt2_p64_o64,0,0.232258064516129
1790650724,288,5,transition,gpt2_p512_o512,0.36,0.0853080568720379
1790650724,288,5,transition,llama_p1024_o128,0,0.0
1790650724,288,5,transition,llama_p2048_o64,0,0.0
1790650725,289,5,transition,resnet50_image,187.183,91.3690271927075
1790650725,289,5,transition,vgg16_image,239.04,461.5177570093458
1790650725,289,5,transition,vit_base_image,0,122.60061919504642
1790650725,289,5,transition,gpt2_p64_o64,0,0.232258064516129
1790650725,289,5,transition,gpt2_p512_o512,0.36,0.0853080568720379
1790650725,289,5,transition,llama_p1024_o128,0,0.0
1790650725,289,5,transition,llama_p2048_o64,0,0.0
1790650726,290,5,transition,resnet50_image,187.183,91.3690271927075
1790650726,290,5,transition,vgg16_image,239.04,461.5177570093458
1790650726,290,5,transition,vit_base_image,0,122.60061919504642
1790650726,290,5,transition,gpt2_p64_o64,0,0.232258064516129
1790650726,290,5,transition,gpt2_p512_o512,0.36,0.0853080568720379
1790650726,290,5,transition,llama_p1024_o128,0,0.0
1790650726,290,5,transition,llama_p2048_o64,0,0.0
1790650727,291,5,transition,resnet50_image,187.183,91.3690271927075
1790650727,291,5,transition,vgg16_image,239.04,461.5177570093458
1790650727,291,5,transition,vit_base_image,0,122.60061919504642
1790650727,291,5,transition,gpt2_p64_o64,0,0.232258064516129
1790650727,291,5,transition,gpt2_p512_o512,0.36,0.0853080568720379
1790650727,291,5,transition,llama_p1024_o128,0,0.0
1790650727,291,5,transition,llama_p2048_o64,0,0.0
1790650728,292,5,transition,resnet50_image,187.183,91.3690271927075
1790650728,292,5,transition,vgg16_image,239.04,461.5177570093458
1790650728,292,5,transition,vit_base_image,0,122.60061919504642
1790650728,292,5,transition,gpt2_p64_o64,0,0.232258064516129
1790650728,292,5,transition,gpt2_p512_o512,0.36,0.0853080568720379
1790650728,292,5,transition,llama_p1024_o128,0,0.0
1790650728,292,5,transition,llama_p2048_o64,0,0.0
1790650729,293,5,transition,resnet50_image,187.183,91.3690271927075
1790650729,293,5,transition,vgg16_image,239.04,461.5177570093458
1790650729,293,5,transition,vit_base_image,0,122.60061919504642
1790650729,293,5,transition,gpt2_p64_o64,0,0.232258064516129
1790650729,293,5,transition,gpt2_p512_o512,0.36,0.0853080568720379
1790650729,293,5,transition,llama_p1024_o128,0,0.0
1790650729,293,5,transition,llama_p2048_o64,0,0.0
1790650730,294,5,transition,resnet50_image,187.183,91.3690271927075
1790650730,294,5,transition,vgg16_image,239.04,461.5177570093458
1790650730,294,5,transition,vit_base_image,0,122.60061919504642
1790650730,294,5,transition,gpt2_p64_o64,0,0.232258064516129
1790650730,294,5,transition,gpt2_p512_o512,0.36,0.0853080568720379
1790650730,294,5,transition,llama_p1024_o128,0,0.0
1790650730,294,5,transition,llama_p2048_o64,0,0.0
1790650731,295,5,transition,resnet50_image,187.183,91.3690271927075
1790650731,295,5,transition,vgg16_image,239.04,461.5177570093458
1790650731,295,5,transition,vit_base_image,0,122.60061919504642
1790650731,295,5,transition,gpt2_p64_o64,0,0.232258064516129
1790650731,295,5,transition,gpt2_p512_o512,0.36,0.0853080568720379
1790650731,295,5,transition,llama_p1024_o128,0,0.0
1790650731,295,5,transition,llama_p2048_o64,0,0.0
1790650732,296,5,transition,resnet50_image,187.183,91.3690271927075
1790650732,296,5,transition,vgg16_image,239.04,461.5177570093458
1790650732,296,5,transition,vit_base_image,0,122.60061919504642
1790650732,296,5,transition,gpt2_p64_o64,0,0.232258064516129
1790650732,296,5,transition,gpt2_p512_o512,0.36,0.0853080568720379
1790650732,296,5,transition,llama_p1024_o128,0,0.0
1790650732,296,5,transition,llama_p2048_o64,0,0.0
1790650733,297,5,transition,resnet50_image,187.183,91.3690271927075
1790650733,297,5,transition,vgg16_image,239.04,461.5177570093458
1790650733,297,5,transition,vit_base_image,0,122.60061919504642
1790650733,297,5,transition,gpt2_p64_o64,0,0.232258064516129
1790650733,297,5,transition,gpt2_p512_o512,0.36,0.0853080568720379
1790650733,297,5,transition,llama_p1024_o128,0,0.0
1790650733,297,5,transition,llama_p2048_o64,0,0.0
1790650734,298,5,transition,resnet50_image,187.183,91.3690271927075
1790650734,298,5,transition,vgg16_image,239.04,461.5177570093458
1790650734,298,5,transition,vit_base_image,0,122.60061919504642
1790650734,298,5,transition,gpt2_p64_o64,0,0.232258064516129
1790650734,298,5,transition,gpt2_p512_o512,0.36,0.0853080568720379
1790650734,298,5,transition,llama_p1024_o128,0,0.0
1790650734,298,5,transition,llama_p2048_o64,0,0.0
1790650735,299,5,transition,resnet50_image,187.183,91.3690271927075
1790650735,299,5,transition,vgg16_image,239.04,461.5177570093458
1790650735,299,5,transition,vit_base_image,0,122.60061919504642
1790650735,299,5,transition,gpt2_p64_o64,0,0.232258064516129
1790650735,299,5,transition,gpt2_p512_o512,0.36,0.0853080568720379
1790650735,299,5,transition,llama_p1024_o128,0,0.0
1790650735,299,5,transition,llama_p2048_o64,0,0.0
1790650736,300,5,transition,resnet50_image,187.183,91.3690271927075
1790650736,300,5,transition,vgg16_image,239.04,461.5177570093458
1790650736,300,5,transition,vit_base_image,0,122.60061919504642
1790650736,300,5,transition,gpt2_p64_o64,0,0.232258064516129
1790650736,300,5,transition,gpt2_p512_o512,0.36,0.0853080568720379
1790650736,300,5,transition,llama_p1024_o128,0,0.0
1790650736,300,5,transition,llama_p2048_o64,0,0.0
1790650737,301,5,transition,resnet50_image,187.183,91.3690271927075
1790650737,301,5,transition,vgg16_image,239.04,461.5177570093458
1790650737,301,5,transition,vit_base_image,0,122.60061919504642
1790650737,301,5,transition,gpt2_p64_o64,0,0.232258064516129
1790650737,301,5,transition,gpt2_p512_o512,0.36,0.0853080568720379
1790650737,301,5,transition,llama_p1024_o128,0,0.0
1790650737,301,5,transition,llama_p2048_o64,0,0.0
1790650738,302,5,transition,resnet50_image,187.183,91.3690271927075
1790650738,302,5,transition,vgg16_image,239.04,461.5177570093458
1790650738,302,5,transition,vit_base_image,0,122.60061919504642
1790650738,302,5,transition,gpt2_p64_o64,0,0.232258064516129
1790650738,302,5,transition,gpt2_p512_o512,0.36,0.0853080568720379
1790650738,302,5,transition,llama_p1024_o128,0,0.0
1790650738,302,5,transition,llama_p2048_o64,0,0.0
1790650739,303,5,transition,resnet50_image,187.183,91.3690271927075
1790650739,303,5,transition,vgg16_image,476.781,461.5177570093458
1790650739,303,5,transition,vit_base_image,0,122.60061919504642
1790650739,303,5,transition,gpt2_p64_o64,0,0.232258064516129
1790650739,303,5,transition,gpt2_p512_o512,0.36,0.0853080568720379
1790650739,303,5,transition,llama_p1024_o128,0,0.0
1790650739,303,5,transition,llama_p2048_o64,0,0.0
1790650740,304,5,transition,resnet50_image,187.183,91.3690271927075
1790650740,304,5,transition,vgg16_image,476.781,461.5177570093458
1790650740,304,5,transition,vit_base_image,0,122.60061919504642
1790650740,304,5,transition,gpt2_p64_o64,1.456,0.232258064516129
1790650740,304,5,transition,gpt2_p512_o512,0.36,0.0853080568720379
1790650740,304,5,transition,llama_p1024_o128,0,0.0
1790650740,304,5,transition,llama_p2048_o64,0,0.0
1790650741,305,5,transition,resnet50_image,187.183,91.3690271927075
1790650741,305,5,transition,vgg16_image,476.781,461.5177570093458
1790650741,305,5,transition,vit_base_image,126.198,122.60061919504642
1790650741,305,5,transition,gpt2_p64_o64,1.456,0.232258064516129
1790650741,305,5,transition,gpt2_p512_o512,0.18,0.0853080568720379
1790650741,305,5,transition,llama_p1024_o128,0,0.0
1790650741,305,5,transition,llama_p2048_o64,0,0.0
1790650742,306,5,transition,resnet50_image,187.183,91.3690271927075
1790650742,306,5,transition,vgg16_image,476.781,461.5177570093458
1790650742,306,5,transition,vit_base_image,126.198,122.60061919504642
1790650742,306,5,transition,gpt2_p64_o64,1.456,0.232258064516129
1790650742,306,5,transition,gpt2_p512_o512,0.18,0.0853080568720379
1790650742,306,5,transition,llama_p1024_o128,0,0.0
1790650742,306,5,transition,llama_p2048_o64,0,0.0
1790650743,307,5,transition,resnet50_image,187.183,91.3690271927075
1790650743,307,5,transition,vgg16_image,476.781,461.5177570093458
1790650743,307,5,transition,vit_base_image,126.198,122.60061919504642
1790650743,307,5,transition,gpt2_p64_o64,1.456,0.232258064516129
1790650743,307,5,transition,gpt2_p512_o512,0.18,0.0853080568720379
1790650743,307,5,transition,llama_p1024_o128,0,0.0
1790650743,307,5,transition,llama_p2048_o64,0,0.0
1790650744,308,5,transition,resnet50_image,187.183,91.3690271927075
1790650744,308,5,transition,vgg16_image,476.781,461.5177570093458
1790650744,308,5,transition,vit_base_image,126.198,122.60061919504642
1790650744,308,5,transition,gpt2_p64_o64,1.456,0.232258064516129
1790650744,308,5,transition,gpt2_p512_o512,0.18,0.0853080568720379
1790650744,308,5,transition,llama_p1024_o128,0,0.0
1790650744,308,5,transition,llama_p2048_o64,0,0.0
1790650745,309,5,transition,resnet50_image,187.183,91.3690271927075
1790650745,309,5,transition,vgg16_image,476.781,461.5177570093458
1790650745,309,5,transition,vit_base_image,126.198,122.60061919504642
1790650745,309,5,transition,gpt2_p64_o64,1.456,0.232258064516129
1790650745,309,5,transition,gpt2_p512_o512,0.18,0.0853080568720379
1790650745,309,5,transition,llama_p1024_o128,0,0.0
1790650745,309,5,transition,llama_p2048_o64,0,0.0
1790650746,310,5,transition,resnet50_image,187.183,91.3690271927075
1790650746,310,5,transition,vgg16_image,476.781,461.5177570093458
1790650746,310,5,transition,vit_base_image,126.198,122.60061919504642
1790650746,310,5,transition,gpt2_p64_o64,1.456,0.232258064516129
1790650746,310,5,transition,gpt2_p512_o512,0.18,0.0853080568720379
1790650746,310,5,transition,llama_p1024_o128,0,0.0
1790650746,310,5,transition,llama_p2048_o64,0,0.0
1790650747,311,5,transition,resnet50_image,187.183,91.3690271927075
1790650747,311,5,transition,vgg16_image,476.781,461.5177570093458
1790650747,311,5,transition,vit_base_image,126.198,122.60061919504642
1790650747,311,5,transition,gpt2_p64_o64,1.456,0.232258064516129
1790650747,311,5,transition,gpt2_p512_o512,0.18,0.0853080568720379
1790650747,311,5,transition,llama_p1024_o128,0,0.0
1790650747,311,5,transition,llama_p2048_o64,0,0.0
1790650748,312,5,transition,resnet50_image,187.183,91.3690271927075
1790650748,312,5,transition,vgg16_image,476.781,461.5177570093458
1790650748,312,5,transition,vit_base_image,126.198,122.60061919504642
1790650748,312,5,transition,gpt2_p64_o64,1.456,0.232258064516129
1790650748,312,5,transition,gpt2_p512_o512,0.18,0.0853080568720379
1790650748,312,5,transition,llama_p1024_o128,0,0.0
1790650748,312,5,transition,llama_p2048_o64,0,0.0
1790650749,313,5,transition,resnet50_image,187.183,91.3690271927075
1790650749,313,5,transition,vgg16_image,476.781,461.5177570093458
1790650749,313,5,transition,vit_base_image,126.198,122.60061919504642
1790650749,313,5,transition,gpt2_p64_o64,1.456,0.232258064516129
1790650749,313,5,transition,gpt2_p512_o512,0.18,0.0853080568720379
1790650749,313,5,transition,llama_p1024_o128,0,0.0
1790650749,313,5,transition,llama_p2048_o64,0,0.0
1790650750,314,5,steady,resnet50_image,187.183,91.3690271927075
1790650750,314,5,steady,vgg16_image,476.781,462.9532710280373
1790650750,314,5,steady,vit_base_image,126.198,122.60061919504642
1790650750,314,5,steady,gpt2_p64_o64,1.456,0.232258064516129
1790650750,314,5,steady,gpt2_p512_o512,0.18,0.0853080568720379
1790650750,314,5,steady,llama_p1024_o128,0,0.0
1790650750,314,5,steady,llama_p2048_o64,0,0.0
1790650751,315,5,steady,resnet50_image,187.183,91.3690271927075
1790650751,315,5,steady,vgg16_image,476.781,462.9532710280373
1790650751,315,5,steady,vit_base_image,126.198,122.60061919504642
1790650751,315,5,steady,gpt2_p64_o64,1.456,0.232258064516129
1790650751,315,5,steady,gpt2_p512_o512,0.18,0.0853080568720379
1790650751,315,5,steady,llama_p1024_o128,0,0.0
1790650751,315,5,steady,llama_p2048_o64,0,0.0
1790650752,316,5,steady,resnet50_image,187.183,91.3690271927075
1790650752,316,5,steady,vgg16_image,476.781,462.9532710280373
1790650752,316,5,steady,vit_base_image,126.198,122.60061919504642
1790650752,316,5,steady,gpt2_p64_o64,1.456,0.232258064516129
1790650752,316,5,steady,gpt2_p512_o512,0.18,0.0853080568720379
1790650752,316,5,steady,llama_p1024_o128,0,0.0
1790650752,316,5,steady,llama_p2048_o64,0,0.0
1790650753,317,5,steady,resnet50_image,187.183,91.3690271927075
1790650753,317,5,steady,vgg16_image,476.781,462.9532710280373
1790650753,317,5,steady,vit_base_image,126.198,122.60061919504642
1790650753,317,5,steady,gpt2_p64_o64,1.456,0.232258064516129
1790650753,317,5,steady,gpt2_p512_o512,0.18,0.0853080568720379
1790650753,317,5,steady,llama_p1024_o128,0,0.0
1790650753,317,5,steady,llama_p2048_o64,0,0.0
1790650754,318,5,steady,resnet50_image,187.183,91.3690271927075
1790650754,318,5,steady,vgg16_image,476.781,462.9532710280373
1790650754,318,5,steady,vit_base_image,126.198,122.60061919504642
1790650754,318,5,steady,gpt2_p64_o64,1.456,0.232258064516129
1790650754,318,5,steady,gpt2_p512_o512,0.18,0.0853080568720379
1790650754,318,5,steady,llama_p1024_o128,0,0.0
1790650754,318,5,steady,llama_p2048_o64,0,0.0
1790650755,319,5,steady,resnet50_image,187.183,91.3690271927075
1790650755,319,5,steady,vgg16_image,476.781,462.9532710280373
1790650755,319,5,steady,vit_base_image,126.198,122.60061919504642
1790650755,319,5,steady,gpt2_p64_o64,1.456,0.232258064516129
1790650755,319,5,steady,gpt2_p512_o512,0.18,0.0853080568720379
1790650755,319,5,steady,llama_p1024_o128,0,0.0
1790650755,319,5,steady,llama_p2048_o64,0,0.0
1790650756,320,5,steady,resnet50_image,187.183,91.3690271927075
1790650756,320,5,steady,vgg16_image,476.781,462.9532710280373
1790650756,320,5,steady,vit_base_image,126.198,122.60061919504642
1790650756,320,5,steady,gpt2_p64_o64,1.456,0.232258064516129
1790650756,320,5,steady,gpt2_p512_o512,0.18,0.0853080568720379
1790650756,320,5,steady,llama_p1024_o128,0,0.0
1790650756,320,5,steady,llama_p2048_o64,0,0.0
1790650757,321,5,steady,resnet50_image,187.183,91.3690271927075
1790650757,321,5,steady,vgg16_image,476.781,462.9532710280373
1790650757,321,5,steady,vit_base_image,126.198,122.60061919504642
1790650757,321,5,steady,gpt2_p64_o64,1.456,0.232258064516129
1790650757,321,5,steady,gpt2_p512_o512,0.18,0.0853080568720379
1790650757,321,5,steady,llama_p1024_o128,0,0.0
1790650757,321,5,steady,llama_p2048_o64,0,0.0
1790650758,322,5,steady,resnet50_image,187.183,91.3690271927075
1790650758,322,5,steady,vgg16_image,476.781,462.9532710280373
1790650758,322,5,steady,vit_base_image,126.198,122.60061919504642
1790650758,322,5,steady,gpt2_p64_o64,1.456,0.232258064516129
1790650758,322,5,steady,gpt2_p512_o512,0.18,0.0853080568720379
1790650758,322,5,steady,llama_p1024_o128,0,0.0
1790650758,322,5,steady,llama_p2048_o64,0,0.0
1790650759,323,5,steady,resnet50_image,187.183,91.3690271927075
1790650759,323,5,steady,vgg16_image,476.781,462.9532710280373
1790650759,323,5,steady,vit_base_image,126.198,122.60061919504642
1790650759,323,5,steady,gpt2_p64_o64,1.456,0.232258064516129
1790650759,323,5,steady,gpt2_p512_o512,0.18,0.0853080568720379
1790650759,323,5,steady,llama_p1024_o128,0,0.0
1790650759,323,5,steady,llama_p2048_o64,0,0.0
1790650760,324,5,steady,resnet50_image,187.183,91.3690271927075
1790650760,324,5,steady,vgg16_image,476.781,462.9532710280373
1790650760,324,5,steady,vit_base_image,126.198,122.60061919504642
1790650760,324,5,steady,gpt2_p64_o64,1.456,0.232258064516129
1790650760,324,5,steady,gpt2_p512_o512,0.18,0.0853080568720379
1790650760,324,5,steady,llama_p1024_o128,0,0.0
1790650760,324,5,steady,llama_p2048_o64,0,0.0
1790650761,325,5,steady,resnet50_image,187.183,91.3690271927075
1790650761,325,5,steady,vgg16_image,476.781,462.9532710280373
1790650761,325,5,steady,vit_base_image,126.198,122.60061919504642
1790650761,325,5,steady,gpt2_p64_o64,1.456,0.232258064516129
1790650761,325,5,steady,gpt2_p512_o512,0.18,0.0853080568720379
1790650761,325,5,steady,llama_p1024_o128,0,0.0
1790650761,325,5,steady,llama_p2048_o64,0,0.0
1790650762,326,5,steady,resnet50_image,187.183,91.3690271927075
1790650762,326,5,steady,vgg16_image,476.781,462.9532710280373
1790650762,326,5,steady,vit_base_image,126.198,122.60061919504642
1790650762,326,5,steady,gpt2_p64_o64,1.456,0.232258064516129
1790650762,326,5,steady,gpt2_p512_o512,0.18,0.0853080568720379
1790650762,326,5,steady,llama_p1024_o128,0,0.0
1790650762,326,5,steady,llama_p2048_o64,0,0.0
1790650763,327,5,steady,resnet50_image,187.183,91.3690271927075
1790650763,327,5,steady,vgg16_image,476.781,462.9532710280373
1790650763,327,5,steady,vit_base_image,126.198,122.60061919504642
1790650763,327,5,steady,gpt2_p64_o64,1.456,0.232258064516129
1790650763,327,5,steady,gpt2_p512_o512,0.18,0.0853080568720379
1790650763,327,5,steady,llama_p1024_o128,0,0.0
1790650763,327,5,steady,llama_p2048_o64,0,0.0
1790650764,328,5,steady,resnet50_image,187.183,91.3690271927075
1790650764,328,5,steady,vgg16_image,476.781,462.9532710280373
1790650764,328,5,steady,vit_base_image,126.198,122.60061919504642
1790650764,328,5,steady,gpt2_p64_o64,1.456,0.232258064516129
1790650764,328,5,steady,gpt2_p512_o512,0.18,0.0853080568720379
1790650764,328,5,steady,llama_p1024_o128,0,0.0
1790650764,328,5,steady,llama_p2048_o64,0,0.0
1790650765,329,5,steady,resnet50_image,187.183,91.3690271927075
1790650765,329,5,steady,vgg16_image,476.781,462.9532710280373
1790650765,329,5,steady,vit_base_image,126.198,122.60061919504642
1790650765,329,5,steady,gpt2_p64_o64,1.456,0.232258064516129
1790650765,329,5,steady,gpt2_p512_o512,0.18,0.0853080568720379
1790650765,329,5,steady,llama_p1024_o128,0,0.0
1790650765,329,5,steady,llama_p2048_o64,0,0.0
1790650766,330,5,steady,resnet50_image,187.183,91.3690271927075
1790650766,330,5,steady,vgg16_image,476.781,462.9532710280373
1790650766,330,5,steady,vit_base_image,126.198,122.60061919504642
1790650766,330,5,steady,gpt2_p64_o64,1.456,0.232258064516129
1790650766,330,5,steady,gpt2_p512_o512,0.18,0.0853080568720379
1790650766,330,5,steady,llama_p1024_o128,0,0.0
1790650766,330,5,steady,llama_p2048_o64,0,0.0
1790650767,331,5,steady,resnet50_image,187.183,91.3690271927075
1790650767,331,5,steady,vgg16_image,476.781,462.9532710280373
1790650767,331,5,steady,vit_base_image,126.198,122.60061919504642
1790650767,331,5,steady,gpt2_p64_o64,1.456,0.232258064516129
1790650767,331,5,steady,gpt2_p512_o512,0.18,0.0853080568720379
1790650767,331,5,steady,llama_p1024_o128,0,0.0
1790650767,331,5,steady,llama_p2048_o64,0,0.0
1790650768,332,5,steady,resnet50_image,187.183,91.3690271927075
1790650768,332,5,steady,vgg16_image,476.781,462.9532710280373
1790650768,332,5,steady,vit_base_image,126.198,122.60061919504642
1790650768,332,5,steady,gpt2_p64_o64,1.456,0.232258064516129
1790650768,332,5,steady,gpt2_p512_o512,0.18,0.0853080568720379
1790650768,332,5,steady,llama_p1024_o128,0,0.0
1790650768,332,5,steady,llama_p2048_o64,0,0.0
1790650769,333,5,steady,resnet50_image,187.183,91.3690271927075
1790650769,333,5,steady,vgg16_image,476.781,462.9532710280373
1790650769,333,5,steady,vit_base_image,126.198,122.60061919504642
1790650769,333,5,steady,gpt2_p64_o64,1.456,0.232258064516129
1790650769,333,5,steady,gpt2_p512_o512,0.18,0.0853080568720379
1790650769,333,5,steady,llama_p1024_o128,0,0.0
1790650769,333,5,steady,llama_p2048_o64,0,0.0
1790650770,334,5,steady,resnet50_image,187.183,91.3690271927075
1790650770,334,5,steady,vgg16_image,476.781,462.9532710280373
1790650770,334,5,steady,vit_base_image,126.198,122.60061919504642
1790650770,334,5,steady,gpt2_p64_o64,1.456,0.232258064516129
1790650770,334,5,steady,gpt2_p512_o512,0.18,0.0853080568720379
1790650770,334,5,steady,llama_p1024_o128,0,0.0
1790650770,334,5,steady,llama_p2048_o64,0,0.0
1790650771,335,5,steady,resnet50_image,187.183,91.3690271927075
1790650771,335,5,steady,vgg16_image,476.781,462.9532710280373
1790650771,335,5,steady,vit_base_image,126.198,122.60061919504642
1790650771,335,5,steady,gpt2_p64_o64,1.456,0.232258064516129
1790650771,335,5,steady,gpt2_p512_o512,0.18,0.0853080568720379
1790650771,335,5,steady,llama_p1024_o128,0,0.0
1790650771,335,5,steady,llama_p2048_o64,0,0.0
1790650772,336,5,steady,resnet50_image,187.183,91.3690271927075
1790650772,336,5,steady,vgg16_image,476.781,462.9532710280373
1790650772,336,5,steady,vit_base_image,126.198,122.60061919504642
1790650772,336,5,steady,gpt2_p64_o64,1.456,0.232258064516129
1790650772,336,5,steady,gpt2_p512_o512,0.18,0.0853080568720379
1790650772,336,5,steady,llama_p1024_o128,0,0.0
1790650772,336,5,steady,llama_p2048_o64,0,0.0
1790650773,337,5,steady,resnet50_image,187.183,91.3690271927075
1790650773,337,5,steady,vgg16_image,476.781,462.9532710280373
1790650773,337,5,steady,vit_base_image,126.198,122.60061919504642
1790650773,337,5,steady,gpt2_p64_o64,1.456,0.232258064516129
1790650773,337,5,steady,gpt2_p512_o512,0.18,0.0853080568720379
1790650773,337,5,steady,llama_p1024_o128,0,0.0
1790650773,337,5,steady,llama_p2048_o64,0,0.0
1790650774,338,5,steady,resnet50_image,187.183,91.3690271927075
1790650774,338,5,steady,vgg16_image,476.781,462.9532710280373
1790650774,338,5,steady,vit_base_image,126.198,122.60061919504642
1790650774,338,5,steady,gpt2_p64_o64,1.456,0.232258064516129
1790650774,338,5,steady,gpt2_p512_o512,0.18,0.0853080568720379
1790650774,338,5,steady,llama_p1024_o128,0,0.0
1790650774,338,5,steady,llama_p2048_o64,0,0.0
1790650775,339,5,steady,resnet50_image,187.183,91.3690271927075
1790650775,339,5,steady,vgg16_image,476.781,462.9532710280373
1790650775,339,5,steady,vit_base_image,126.198,122.60061919504642
1790650775,339,5,steady,gpt2_p64_o64,1.456,0.232258064516129
1790650775,339,5,steady,gpt2_p512_o512,0.18,0.0853080568720379
1790650775,339,5,steady,llama_p1024_o128,0,0.0
1790650775,339,5,steady,llama_p2048_o64,0,0.0
1790650776,340,5,steady,resnet50_image,187.183,91.3690271927075
1790650776,340,5,steady,vgg16_image,476.781,462.9532710280373
1790650776,340,5,steady,vit_base_image,126.198,122.60061919504642
1790650776,340,5,steady,gpt2_p64_o64,1.456,0.232258064516129
1790650776,340,5,steady,gpt2_p512_o512,0.18,0.0853080568720379
1790650776,340,5,steady,llama_p1024_o128,0,0.0
1790650776,340,5,steady,llama_p2048_o64,0,0.0
1790650777,341,5,steady,resnet50_image,187.183,91.3690271927075
1790650777,341,5,steady,vgg16_image,476.781,462.9532710280373
1790650777,341,5,steady,vit_base_image,126.198,122.60061919504642
1790650777,341,5,steady,gpt2_p64_o64,1.456,0.232258064516129
1790650777,341,5,steady,gpt2_p512_o512,0.18,0.0853080568720379
1790650777,341,5,steady,llama_p1024_o128,0,0.0
1790650777,341,5,steady,llama_p2048_o64,0,0.0
1790650778,342,5,steady,resnet50_image,187.183,91.3690271927075
1790650778,342,5,steady,vgg16_image,476.781,462.9532710280373
1790650778,342,5,steady,vit_base_image,126.198,122.60061919504642
1790650778,342,5,steady,gpt2_p64_o64,1.456,0.232258064516129
1790650778,342,5,steady,gpt2_p512_o512,0.18,0.0853080568720379
1790650778,342,5,steady,llama_p1024_o128,0,0.0
1790650778,342,5,steady,llama_p2048_o64,0,0.0
1790650779,343,5,steady,resnet50_image,187.183,91.3690271927075
1790650779,343,5,steady,vgg16_image,476.781,462.9532710280373
1790650779,343,5,steady,vit_base_image,126.198,122.60061919504642
1790650779,343,5,steady,gpt2_p64_o64,1.456,0.232258064516129
1790650779,343,5,steady,gpt2_p512_o512,0.18,0.0853080568720379
1790650779,343,5,steady,llama_p1024_o128,0,0.0
1790650779,343,5,steady,llama_p2048_o64,0,0.0
1790650780,344,,,resnet50_image,187.183,
1790650780,344,,,vgg16_image,476.781,
1790650780,344,,,vit_base_image,126.198,
1790650780,344,,,gpt2_p64_o64,1.456,
1790650780,344,,,gpt2_p512_o512,0.18,
1790650780,344,,,llama_p1024_o128,0,
1790650780,344,,,llama_p2048_o64,0,
1790650781,345,,,resnet50_image,187.183,
1790650781,345,,,vgg16_image,476.781,
1790650781,345,,,vit_base_image,126.198,
1790650781,345,,,gpt2_p64_o64,1.456,
1790650781,345,,,gpt2_p512_o512,0.18,
1790650781,345,,,llama_p1024_o128,0,
1790650781,345,,,llama_p2048_o64,0,
1790650782,346,,,resnet50_image,187.183,
1790650782,346,,,vgg16_image,476.781,
1790650782,346,,,vit_base_image,126.198,
1790650782,346,,,gpt2_p64_o64,1.456,
1790650782,346,,,gpt2_p512_o512,0.18,
1790650782,346,,,llama_p1024_o128,0,
1790650782,346,,,llama_p2048_o64,0,
1790650783,347,,,resnet50_image,187.183,
1790650783,347,,,vgg16_image,476.781,
1790650783,347,,,vit_base_image,126.198,
1790650783,347,,,gpt2_p64_o64,1.456,
1790650783,347,,,gpt2_p512_o512,0.18,
1790650783,347,,,llama_p1024_o128,0,
1790650783,347,,,llama_p2048_o64,0,
1790650784,348,,,resnet50_image,187.183,
1790650784,348,,,vgg16_image,476.781,
1790650784,348,,,vit_base_image,126.198,
1790650784,348,,,gpt2_p64_o64,1.456,
1790650784,348,,,gpt2_p512_o512,0.18,
1790650784,348,,,llama_p1024_o128,0,
1790650784,348,,,llama_p2048_o64,0,
1790650785,349,,,resnet50_image,187.183,
1790650785,349,,,vgg16_image,476.781,
1790650785,349,,,vit_base_image,126.198,
1790650785,349,,,gpt2_p64_o64,1.456,
1790650785,349,,,gpt2_p512_o512,0.18,
1790650785,349,,,llama_p1024_o128,0,
1790650785,349,,,llama_p2048_o64,0,
1790650786,350,,,resnet50_image,187.183,
1790650786,350,,,vgg16_image,476.781,
1790650786,350,,,vit_base_image,126.198,
1790650786,350,,,gpt2_p64_o64,1.456,
1790650786,350,,,gpt2_p512_o512,0.18,
1790650786,350,,,llama_p1024_o128,0,
1790650786,350,,,llama_p2048_o64,0,
1790650787,351,6,transition,resnet50_image,187.183,66.79901619663318
1790650787,351,6,transition,vgg16_image,476.781,460.7999999999999
1790650787,351,6,transition,vit_base_image,126.198,73.56037151702786
1790650787,351,6,transition,gpt2_p64_o64,1.456,0.232258064516129
1790650787,351,6,transition,gpt2_p512_o512,0.18,0.0
1790650787,351,6,transition,llama_p1024_o128,0,0.0
1790650787,351,6,transition,llama_p2048_o64,0,0.0
1790650788,352,6,transition,resnet50_image,187.183,66.79901619663318
1790650788,352,6,transition,vgg16_image,476.781,460.7999999999999
1790650788,352,6,transition,vit_base_image,126.198,73.56037151702786
1790650788,352,6,transition,gpt2_p64_o64,1.456,0.232258064516129
1790650788,352,6,transition,gpt2_p512_o512,0.18,0.0
1790650788,352,6,transition,llama_p1024_o128,0,0.0
1790650788,352,6,transition,llama_p2048_o64,0,0.0
1790650789,353,6,transition,resnet50_image,187.183,66.79901619663318
1790650789,353,6,transition,vgg16_image,476.781,460.7999999999999
1790650789,353,6,transition,vit_base_image,126.198,73.56037151702786
1790650789,353,6,transition,gpt2_p64_o64,1.456,0.232258064516129
1790650789,353,6,transition,gpt2_p512_o512,0.18,0.0
1790650789,353,6,transition,llama_p1024_o128,0,0.0
1790650789,353,6,transition,llama_p2048_o64,0,0.0
1790650790,354,6,transition,resnet50_image,187.183,66.79901619663318
1790650790,354,6,transition,vgg16_image,476.781,460.7999999999999
1790650790,354,6,transition,vit_base_image,126.198,73.56037151702786
1790650790,354,6,transition,gpt2_p64_o64,1.456,0.232258064516129
1790650790,354,6,transition,gpt2_p512_o512,0.18,0.0
1790650790,354,6,transition,llama_p1024_o128,0,0.0
1790650790,354,6,transition,llama_p2048_o64,0,0.0
1790650791,355,6,transition,resnet50_image,187.183,66.79901619663318
1790650791,355,6,transition,vgg16_image,476.781,460.7999999999999
1790650791,355,6,transition,vit_base_image,126.198,73.56037151702786
1790650791,355,6,transition,gpt2_p64_o64,1.456,0.232258064516129
1790650791,355,6,transition,gpt2_p512_o512,0.18,0.0
1790650791,355,6,transition,llama_p1024_o128,0,0.0
1790650791,355,6,transition,llama_p2048_o64,0,0.0
1790650792,356,6,transition,resnet50_image,187.183,66.79901619663318
1790650792,356,6,transition,vgg16_image,476.781,460.7999999999999
1790650792,356,6,transition,vit_base_image,126.198,73.56037151702786
1790650792,356,6,transition,gpt2_p64_o64,1.456,0.232258064516129
1790650792,356,6,transition,gpt2_p512_o512,0.18,0.0
1790650792,356,6,transition,llama_p1024_o128,0,0.0
1790650792,356,6,transition,llama_p2048_o64,0,0.0
1790650793,357,6,transition,resnet50_image,187.183,66.79901619663318
1790650793,357,6,transition,vgg16_image,476.781,460.7999999999999
1790650793,357,6,transition,vit_base_image,126.198,73.56037151702786
1790650793,357,6,transition,gpt2_p64_o64,1.456,0.232258064516129
1790650793,357,6,transition,gpt2_p512_o512,0.18,0.0
1790650793,357,6,transition,llama_p1024_o128,0,0.0
1790650793,357,6,transition,llama_p2048_o64,0,0.0
1790650794,358,6,transition,resnet50_image,187.183,66.79901619663318
1790650794,358,6,transition,vgg16_image,476.781,460.7999999999999
1790650794,358,6,transition,vit_base_image,126.198,73.56037151702786
1790650794,358,6,transition,gpt2_p64_o64,1.456,0.232258064516129
1790650794,358,6,transition,gpt2_p512_o512,0.18,0.0
1790650794,358,6,transition,llama_p1024_o128,0,0.0
1790650794,358,6,transition,llama_p2048_o64,0,0.0
1790650795,359,6,transition,resnet50_image,187.183,66.79901619663318
1790650795,359,6,transition,vgg16_image,476.781,460.7999999999999
1790650795,359,6,transition,vit_base_image,126.198,73.56037151702786
1790650795,359,6,transition,gpt2_p64_o64,1.456,0.232258064516129
1790650795,359,6,transition,gpt2_p512_o512,0.18,0.0
1790650795,359,6,transition,llama_p1024_o128,0,0.0
1790650795,359,6,transition,llama_p2048_o64,0,0.0
1790650796,360,6,transition,resnet50_image,187.183,66.79901619663318
1790650796,360,6,transition,vgg16_image,476.781,460.7999999999999
1790650796,360,6,transition,vit_base_image,100.828,73.56037151702786
1790650796,360,6,transition,gpt2_p64_o64,1.456,0.232258064516129
1790650796,360,6,transition,gpt2_p512_o512,0.18,0.0
1790650796,360,6,transition,llama_p1024_o128,0,0.0
1790650796,360,6,transition,llama_p2048_o64,0,0.0
1790650797,361,6,transition,resnet50_image,187.183,66.79901619663318
1790650797,361,6,transition,vgg16_image,476.781,460.7999999999999
1790650797,361,6,transition,vit_base_image,100.828,73.56037151702786
1790650797,361,6,transition,gpt2_p64_o64,1.456,0.232258064516129
1790650797,361,6,transition,gpt2_p512_o512,0.18,0.0
1790650797,361,6,transition,llama_p1024_o128,0,0.0
1790650797,361,6,transition,llama_p2048_o64,0,0.0
1790650798,362,6,transition,resnet50_image,187.183,66.79901619663318
1790650798,362,6,transition,vgg16_image,476.781,460.7999999999999
1790650798,362,6,transition,vit_base_image,100.828,73.56037151702786
1790650798,362,6,transition,gpt2_p64_o64,1.456,0.232258064516129
1790650798,362,6,transition,gpt2_p512_o512,0.18,0.0
1790650798,362,6,transition,llama_p1024_o128,0,0.0
1790650798,362,6,transition,llama_p2048_o64,0,0.0
1790650799,363,6,steady,resnet50_image,187.183,66.79901619663318
1790650799,363,6,steady,vgg16_image,476.781,460.7999999999999
1790650799,363,6,steady,vit_base_image,100.828,73.56037151702786
1790650799,363,6,steady,gpt2_p64_o64,1.456,0.232258064516129
1790650799,363,6,steady,gpt2_p512_o512,0.18,0.0
1790650799,363,6,steady,llama_p1024_o128,0,0.0
1790650799,363,6,steady,llama_p2048_o64,0,0.0
1790650800,364,6,steady,resnet50_image,187.183,66.79901619663318
1790650800,364,6,steady,vgg16_image,476.781,460.7999999999999
1790650800,364,6,steady,vit_base_image,100.828,73.56037151702786
1790650800,364,6,steady,gpt2_p64_o64,1.456,0.232258064516129
1790650800,364,6,steady,gpt2_p512_o512,0.18,0.0
1790650800,364,6,steady,llama_p1024_o128,0,0.0
1790650800,364,6,steady,llama_p2048_o64,0,0.0
1790650801,365,6,steady,resnet50_image,187.183,66.79901619663318
1790650801,365,6,steady,vgg16_image,476.781,460.7999999999999
1790650801,365,6,steady,vit_base_image,100.828,73.56037151702786
1790650801,365,6,steady,gpt2_p64_o64,1.456,0.232258064516129
1790650801,365,6,steady,gpt2_p512_o512,0.18,0.0
1790650801,365,6,steady,llama_p1024_o128,0,0.0
1790650801,365,6,steady,llama_p2048_o64,0,0.0
1790650802,366,6,steady,resnet50_image,187.183,66.79901619663318
1790650802,366,6,steady,vgg16_image,476.781,460.7999999999999
1790650802,366,6,steady,vit_base_image,100.828,73.56037151702786
1790650802,366,6,steady,gpt2_p64_o64,1.456,0.232258064516129
1790650802,366,6,steady,gpt2_p512_o512,0.18,0.0
1790650802,366,6,steady,llama_p1024_o128,0,0.0
1790650802,366,6,steady,llama_p2048_o64,0,0.0
1790650803,367,6,steady,resnet50_image,187.183,66.79901619663318
1790650803,367,6,steady,vgg16_image,476.781,460.7999999999999
1790650803,367,6,steady,vit_base_image,100.828,73.56037151702786
1790650803,367,6,steady,gpt2_p64_o64,1.456,0.232258064516129
1790650803,367,6,steady,gpt2_p512_o512,0.18,0.0
1790650803,367,6,steady,llama_p1024_o128,0,0.0
1790650803,367,6,steady,llama_p2048_o64,0,0.0
1790650804,368,6,steady,resnet50_image,187.183,66.79901619663318
1790650804,368,6,steady,vgg16_image,476.781,460.7999999999999
1790650804,368,6,steady,vit_base_image,100.828,73.56037151702786
1790650804,368,6,steady,gpt2_p64_o64,1.456,0.232258064516129
1790650804,368,6,steady,gpt2_p512_o512,0.18,0.0
1790650804,368,6,steady,llama_p1024_o128,0,0.0
1790650804,368,6,steady,llama_p2048_o64,0,0.0
1790650805,369,6,steady,resnet50_image,187.183,66.79901619663318
1790650805,369,6,steady,vgg16_image,476.781,460.7999999999999
1790650805,369,6,steady,vit_base_image,100.828,73.56037151702786
1790650805,369,6,steady,gpt2_p64_o64,1.456,0.232258064516129
1790650805,369,6,steady,gpt2_p512_o512,0.18,0.0
1790650805,369,6,steady,llama_p1024_o128,0,0.0
1790650805,369,6,steady,llama_p2048_o64,0,0.0
1790650806,370,6,steady,resnet50_image,187.183,66.79901619663318
1790650806,370,6,steady,vgg16_image,476.781,460.7999999999999
1790650806,370,6,steady,vit_base_image,100.828,73.56037151702786
1790650806,370,6,steady,gpt2_p64_o64,1.456,0.232258064516129
1790650806,370,6,steady,gpt2_p512_o512,0.18,0.0
1790650806,370,6,steady,llama_p1024_o128,0,0.0
1790650806,370,6,steady,llama_p2048_o64,0,0.0
1790650807,371,6,steady,resnet50_image,187.183,66.79901619663318
1790650807,371,6,steady,vgg16_image,476.781,460.7999999999999
1790650807,371,6,steady,vit_base_image,100.828,73.56037151702786
1790650807,371,6,steady,gpt2_p64_o64,1.456,0.232258064516129
1790650807,371,6,steady,gpt2_p512_o512,0.18,0.0
1790650807,371,6,steady,llama_p1024_o128,0,0.0
1790650807,371,6,steady,llama_p2048_o64,0,0.0
1790650808,372,6,steady,resnet50_image,187.183,66.79901619663318
1790650808,372,6,steady,vgg16_image,476.781,460.7999999999999
1790650808,372,6,steady,vit_base_image,100.828,73.56037151702786
1790650808,372,6,steady,gpt2_p64_o64,1.456,0.232258064516129
1790650808,372,6,steady,gpt2_p512_o512,0.18,0.0
1790650808,372,6,steady,llama_p1024_o128,0,0.0
1790650808,372,6,steady,llama_p2048_o64,0,0.0
1790650809,373,6,steady,resnet50_image,187.183,66.79901619663318
1790650809,373,6,steady,vgg16_image,476.781,460.7999999999999
1790650809,373,6,steady,vit_base_image,100.828,73.56037151702786
1790650809,373,6,steady,gpt2_p64_o64,1.456,0.232258064516129
1790650809,373,6,steady,gpt2_p512_o512,0.18,0.0
1790650809,373,6,steady,llama_p1024_o128,0,0.0
1790650809,373,6,steady,llama_p2048_o64,0,0.0
1790650810,374,6,steady,resnet50_image,187.183,66.79901619663318
1790650810,374,6,steady,vgg16_image,476.781,460.7999999999999
1790650810,374,6,steady,vit_base_image,100.828,73.56037151702786
1790650810,374,6,steady,gpt2_p64_o64,1.456,0.232258064516129
1790650810,374,6,steady,gpt2_p512_o512,0.18,0.0
1790650810,374,6,steady,llama_p1024_o128,0,0.0
1790650810,374,6,steady,llama_p2048_o64,0,0.0
1790650811,375,6,steady,resnet50_image,187.183,66.79901619663318
1790650811,375,6,steady,vgg16_image,476.781,460.7999999999999
1790650811,375,6,steady,vit_base_image,100.828,73.56037151702786
1790650811,375,6,steady,gpt2_p64_o64,1.456,0.232258064516129
1790650811,375,6,steady,gpt2_p512_o512,0.18,0.0
1790650811,375,6,steady,llama_p1024_o128,0,0.0
1790650811,375,6,steady,llama_p2048_o64,0,0.0
1790650812,376,6,steady,resnet50_image,187.183,66.79901619663318
1790650812,376,6,steady,vgg16_image,476.781,460.7999999999999
1790650812,376,6,steady,vit_base_image,100.828,73.56037151702786
1790650812,376,6,steady,gpt2_p64_o64,1.456,0.232258064516129
1790650812,376,6,steady,gpt2_p512_o512,0.18,0.0
1790650812,376,6,steady,llama_p1024_o128,0,0.0
1790650812,376,6,steady,llama_p2048_o64,0,0.0
1790650813,377,6,steady,resnet50_image,187.183,66.79901619663318
1790650813,377,6,steady,vgg16_image,476.781,460.7999999999999
1790650813,377,6,steady,vit_base_image,100.828,73.56037151702786
1790650813,377,6,steady,gpt2_p64_o64,1.456,0.232258064516129
1790650813,377,6,steady,gpt2_p512_o512,0.18,0.0
1790650813,377,6,steady,llama_p1024_o128,0,0.0
1790650813,377,6,steady,llama_p2048_o64,0,0.0
1790650814,378,6,steady,resnet50_image,187.183,66.79901619663318
1790650814,378,6,steady,vgg16_image,476.781,460.7999999999999
1790650814,378,6,steady,vit_base_image,100.828,73.56037151702786
1790650814,378,6,steady,gpt2_p64_o64,1.456,0.232258064516129
1790650814,378,6,steady,gpt2_p512_o512,0.18,0.0
1790650814,378,6,steady,llama_p1024_o128,0,0.0
1790650814,378,6,steady,llama_p2048_o64,0,0.0
1790650815,379,6,steady,resnet50_image,187.183,66.79901619663318
1790650815,379,6,steady,vgg16_image,476.781,460.7999999999999
1790650815,379,6,steady,vit_base_image,100.828,73.56037151702786
1790650815,379,6,steady,gpt2_p64_o64,1.456,0.232258064516129
1790650815,379,6,steady,gpt2_p512_o512,0.18,0.0
1790650815,379,6,steady,llama_p1024_o128,0,0.0
1790650815,379,6,steady,llama_p2048_o64,0,0.0
1790650816,380,6,steady,resnet50_image,187.183,66.79901619663318
1790650816,380,6,steady,vgg16_image,476.781,460.7999999999999
1790650816,380,6,steady,vit_base_image,100.828,73.56037151702786
1790650816,380,6,steady,gpt2_p64_o64,1.456,0.232258064516129
1790650816,380,6,steady,gpt2_p512_o512,0.18,0.0
1790650816,380,6,steady,llama_p1024_o128,0,0.0
1790650816,380,6,steady,llama_p2048_o64,0,0.0
1790650817,381,6,steady,resnet50_image,187.183,66.79901619663318
1790650817,381,6,steady,vgg16_image,476.781,460.7999999999999
1790650817,381,6,steady,vit_base_image,100.828,73.56037151702786
1790650817,381,6,steady,gpt2_p64_o64,1.456,0.232258064516129
1790650817,381,6,steady,gpt2_p512_o512,0.18,0.0
1790650817,381,6,steady,llama_p1024_o128,0,0.0
1790650817,381,6,steady,llama_p2048_o64,0,0.0
1790650818,382,6,steady,resnet50_image,187.183,66.79901619663318
1790650818,382,6,steady,vgg16_image,476.781,460.7999999999999
1790650818,382,6,steady,vit_base_image,100.828,73.56037151702786
1790650818,382,6,steady,gpt2_p64_o64,1.456,0.232258064516129
1790650818,382,6,steady,gpt2_p512_o512,0.18,0.0
1790650818,382,6,steady,llama_p1024_o128,0,0.0
1790650818,382,6,steady,llama_p2048_o64,0,0.0
1790650819,383,6,steady,resnet50_image,187.183,66.79901619663318
1790650819,383,6,steady,vgg16_image,476.781,460.7999999999999
1790650819,383,6,steady,vit_base_image,100.828,73.56037151702786
1790650819,383,6,steady,gpt2_p64_o64,1.456,0.232258064516129
1790650819,383,6,steady,gpt2_p512_o512,0.18,0.0
1790650819,383,6,steady,llama_p1024_o128,0,0.0
1790650819,383,6,steady,llama_p2048_o64,0,0.0
1790650820,384,6,steady,resnet50_image,187.183,66.79901619663318
1790650820,384,6,steady,vgg16_image,476.781,460.7999999999999
1790650820,384,6,steady,vit_base_image,100.828,73.56037151702786
1790650820,384,6,steady,gpt2_p64_o64,1.456,0.232258064516129
1790650820,384,6,steady,gpt2_p512_o512,0.18,0.0
1790650820,384,6,steady,llama_p1024_o128,0,0.0
1790650820,384,6,steady,llama_p2048_o64,0,0.0
1790650821,385,6,steady,resnet50_image,187.183,66.79901619663318
1790650821,385,6,steady,vgg16_image,476.781,460.7999999999999
1790650821,385,6,steady,vit_base_image,100.828,73.56037151702786
1790650821,385,6,steady,gpt2_p64_o64,1.456,0.232258064516129
1790650821,385,6,steady,gpt2_p512_o512,0.18,0.0
1790650821,385,6,steady,llama_p1024_o128,0,0.0
1790650821,385,6,steady,llama_p2048_o64,0,0.0
1790650822,386,6,steady,resnet50_image,187.183,66.79901619663318
1790650822,386,6,steady,vgg16_image,476.781,460.7999999999999
1790650822,386,6,steady,vit_base_image,100.828,73.56037151702786
1790650822,386,6,steady,gpt2_p64_o64,1.456,0.232258064516129
1790650822,386,6,steady,gpt2_p512_o512,0.18,0.0
1790650822,386,6,steady,llama_p1024_o128,0,0.0
1790650822,386,6,steady,llama_p2048_o64,0,0.0
1790650823,387,6,steady,resnet50_image,187.183,66.79901619663318
1790650823,387,6,steady,vgg16_image,476.781,460.7999999999999
1790650823,387,6,steady,vit_base_image,100.828,73.56037151702786
1790650823,387,6,steady,gpt2_p64_o64,1.456,0.232258064516129
1790650823,387,6,steady,gpt2_p512_o512,0.18,0.0
1790650823,387,6,steady,llama_p1024_o128,0,0.0
1790650823,387,6,steady,llama_p2048_o64,0,0.0
1790650824,388,6,steady,resnet50_image,187.183,66.79901619663318
1790650824,388,6,steady,vgg16_image,476.781,460.7999999999999
1790650824,388,6,steady,vit_base_image,100.828,73.56037151702786
1790650824,388,6,steady,gpt2_p64_o64,1.456,0.232258064516129
1790650824,388,6,steady,gpt2_p512_o512,0.18,0.0
1790650824,388,6,steady,llama_p1024_o128,0,0.0
1790650824,388,6,steady,llama_p2048_o64,0,0.0
1790650825,389,6,steady,resnet50_image,187.183,66.79901619663318
1790650825,389,6,steady,vgg16_image,476.781,460.7999999999999
1790650825,389,6,steady,vit_base_image,100.828,73.56037151702786
1790650825,389,6,steady,gpt2_p64_o64,1.456,0.232258064516129
1790650825,389,6,steady,gpt2_p512_o512,0.18,0.0
1790650825,389,6,steady,llama_p1024_o128,0,0.0
1790650825,389,6,steady,llama_p2048_o64,0,0.0
1790650826,390,6,steady,resnet50_image,187.183,66.79901619663318
1790650826,390,6,steady,vgg16_image,476.781,460.7999999999999
1790650826,390,6,steady,vit_base_image,100.828,73.56037151702786
1790650826,390,6,steady,gpt2_p64_o64,1.456,0.232258064516129
1790650826,390,6,steady,gpt2_p512_o512,0.18,0.0
1790650826,390,6,steady,llama_p1024_o128,0,0.0
1790650826,390,6,steady,llama_p2048_o64,0,0.0
1790650827,391,6,steady,resnet50_image,187.183,66.79901619663318
1790650827,391,6,steady,vgg16_image,476.781,460.7999999999999
1790650827,391,6,steady,vit_base_image,100.828,73.56037151702786
1790650827,391,6,steady,gpt2_p64_o64,1.456,0.232258064516129
1790650827,391,6,steady,gpt2_p512_o512,0.18,0.0
1790650827,391,6,steady,llama_p1024_o128,0,0.0
1790650827,391,6,steady,llama_p2048_o64,0,0.0
1790650828,392,6,steady,resnet50_image,187.183,66.79901619663318
1790650828,392,6,steady,vgg16_image,476.781,460.7999999999999
1790650828,392,6,steady,vit_base_image,100.828,73.56037151702786
1790650828,392,6,steady,gpt2_p64_o64,1.456,0.232258064516129
1790650828,392,6,steady,gpt2_p512_o512,0.18,0.0
1790650828,392,6,steady,llama_p1024_o128,0,0.0
1790650828,392,6,steady,llama_p2048_o64,0,0.0
1790650829,393,,,resnet50_image,187.183,
1790650829,393,,,vgg16_image,476.781,
1790650829,393,,,vit_base_image,100.828,
1790650829,393,,,gpt2_p64_o64,1.456,
1790650829,393,,,gpt2_p512_o512,0.18,
1790650829,393,,,llama_p1024_o128,0,
1790650829,393,,,llama_p2048_o64,0,
1790650830,394,,,resnet50_image,187.183,
1790650830,394,,,vgg16_image,476.781,
1790650830,394,,,vit_base_image,100.828,
1790650830,394,,,gpt2_p64_o64,1.456,
1790650830,394,,,gpt2_p512_o512,0.18,
1790650830,394,,,llama_p1024_o128,0,
1790650830,394,,,llama_p2048_o64,0,
1790650831,395,,,resnet50_image,187.183,
1790650831,395,,,vgg16_image,476.781,
1790650831,395,,,vit_base_image,100.828,
1790650831,395,,,gpt2_p64_o64,1.456,
1790650831,395,,,gpt2_p512_o512,0.18,
1790650831,395,,,llama_p1024_o128,0,
1790650831,395,,,llama_p2048_o64,0,
1790650832,396,,,resnet50_image,187.183,
1790650832,396,,,vgg16_image,476.781,
1790650832,396,,,vit_base_image,100.828,
1790650832,396,,,gpt2_p64_o64,1.456,
1790650832,396,,,gpt2_p512_o512,0.18,
1790650832,396,,,llama_p1024_o128,0,
1790650832,396,,,llama_p2048_o64,0,
1790650833,397,,,resnet50_image,187.183,
1790650833,397,,,vgg16_image,476.781,
1790650833,397,,,vit_base_image,100.828,
1790650833,397,,,gpt2_p64_o64,1.456,
1790650833,397,,,gpt2_p512_o512,0.18,
1790650833,397,,,llama_p1024_o128,0,
1790650833,397,,,llama_p2048_o64,0,
1790650834,398,,,resnet50_image,187.183,
1790650834,398,,,vgg16_image,476.781,
1790650834,398,,,vit_base_image,100.828,
1790650834,398,,,gpt2_p64_o64,1.456,
1790650834,398,,,gpt2_p512_o512,0.18,
1790650834,398,,,llama_p1024_o128,0,
1790650834,398,,,llama_p2048_o64,0,
1790650835,399,,,resnet50_image,187.183,
1790650835,399,,,vgg16_image,476.781,
1790650835,399,,,vit_base_image,100.828,
1790650835,399,,,gpt2_p64_o64,1.456,
1790650835,399,,,gpt2_p512_o512,0.18,
1790650835,399,,,llama_p1024_o128,0,
1790650835,399,,,llama_p2048_o64,0,
1790650836,400,7,transition,resnet50_image,187.183,57.53197095336495
1790650836,400,7,transition,vgg16_image,476.781,460.7999999999999
1790650836,400,7,transition,vit_base_image,100.828,73.56037151702786
1790650836,400,7,transition,gpt2_p64_o64,1.456,0.0
1790650836,400,7,transition,gpt2_p512_o512,0.18,0.0
1790650836,400,7,transition,llama_p1024_o128,0,0.0
1790650836,400,7,transition,llama_p2048_o64,0,0.0
1790650837,401,7,transition,resnet50_image,187.183,57.53197095336495
1790650837,401,7,transition,vgg16_image,476.781,460.7999999999999
1790650837,401,7,transition,vit_base_image,100.828,73.56037151702786
1790650837,401,7,transition,gpt2_p64_o64,1.456,0.0
1790650837,401,7,transition,gpt2_p512_o512,0.18,0.0
1790650837,401,7,transition,llama_p1024_o128,0,0.0
1790650837,401,7,transition,llama_p2048_o64,0,0.0
1790650838,402,7,transition,resnet50_image,187.183,57.53197095336495
1790650838,402,7,transition,vgg16_image,476.781,460.7999999999999
1790650838,402,7,transition,vit_base_image,100.828,73.56037151702786
1790650838,402,7,transition,gpt2_p64_o64,1.456,0.0
1790650838,402,7,transition,gpt2_p512_o512,0.18,0.0
1790650838,402,7,transition,llama_p1024_o128,0,0.0
1790650838,402,7,transition,llama_p2048_o64,0,0.0
1790650839,403,7,transition,resnet50_image,187.183,57.53197095336495
1790650839,403,7,transition,vgg16_image,476.781,460.7999999999999
1790650839,403,7,transition,vit_base_image,100.828,73.56037151702786
1790650839,403,7,transition,gpt2_p64_o64,1.456,0.0
1790650839,403,7,transition,gpt2_p512_o512,0.18,0.0
1790650839,403,7,transition,llama_p1024_o128,0,0.0
1790650839,403,7,transition,llama_p2048_o64,0,0.0
1790650840,404,7,transition,resnet50_image,187.183,57.53197095336495
1790650840,404,7,transition,vgg16_image,476.781,460.7999999999999
1790650840,404,7,transition,vit_base_image,100.828,73.56037151702786
1790650840,404,7,transition,gpt2_p64_o64,1.456,0.0
1790650840,404,7,transition,gpt2_p512_o512,0.18,0.0
1790650840,404,7,transition,llama_p1024_o128,0,0.0
1790650840,404,7,transition,llama_p2048_o64,0,0.0
1790650841,405,7,transition,resnet50_image,187.183,57.53197095336495
1790650841,405,7,transition,vgg16_image,476.781,460.7999999999999
1790650841,405,7,transition,vit_base_image,100.828,73.56037151702786
1790650841,405,7,transition,gpt2_p64_o64,1.456,0.0
1790650841,405,7,transition,gpt2_p512_o512,0.18,0.0
1790650841,405,7,transition,llama_p1024_o128,0,0.0
1790650841,405,7,transition,llama_p2048_o64,0,0.0
1790650842,406,7,transition,resnet50_image,187.183,57.53197095336495
1790650842,406,7,transition,vgg16_image,476.781,460.7999999999999
1790650842,406,7,transition,vit_base_image,100.828,73.56037151702786
1790650842,406,7,transition,gpt2_p64_o64,1.456,0.0
1790650842,406,7,transition,gpt2_p512_o512,0.18,0.0
1790650842,406,7,transition,llama_p1024_o128,0,0.0
1790650842,406,7,transition,llama_p2048_o64,0,0.0
1790650843,407,7,transition,resnet50_image,187.183,57.53197095336495
1790650843,407,7,transition,vgg16_image,476.781,460.7999999999999
1790650843,407,7,transition,vit_base_image,100.828,73.56037151702786
1790650843,407,7,transition,gpt2_p64_o64,1.456,0.0
1790650843,407,7,transition,gpt2_p512_o512,0.18,0.0
1790650843,407,7,transition,llama_p1024_o128,0,0.0
1790650843,407,7,transition,llama_p2048_o64,0,0.0
1790650844,408,7,transition,resnet50_image,187.183,57.53197095336495
1790650844,408,7,transition,vgg16_image,476.781,460.7999999999999
1790650844,408,7,transition,vit_base_image,100.828,73.56037151702786
1790650844,408,7,transition,gpt2_p64_o64,1.456,0.0
1790650844,408,7,transition,gpt2_p512_o512,0.18,0.0
1790650844,408,7,transition,llama_p1024_o128,0,0.0
1790650844,408,7,transition,llama_p2048_o64,0,0.0
1790650845,409,7,transition,resnet50_image,187.183,57.53197095336495
1790650845,409,7,transition,vgg16_image,476.781,460.7999999999999
1790650845,409,7,transition,vit_base_image,126.198,73.56037151702786
1790650845,409,7,transition,gpt2_p64_o64,1.456,0.0
1790650845,409,7,transition,gpt2_p512_o512,0.18,0.0
1790650845,409,7,transition,llama_p1024_o128,0,0.0
1790650845,409,7,transition,llama_p2048_o64,0,0.0
1790650846,410,7,transition,resnet50_image,187.183,57.53197095336495
1790650846,410,7,transition,vgg16_image,476.781,460.7999999999999
1790650846,410,7,transition,vit_base_image,126.198,73.56037151702786
1790650846,410,7,transition,gpt2_p64_o64,1.456,0.0
1790650846,410,7,transition,gpt2_p512_o512,0.18,0.0
1790650846,410,7,transition,llama_p1024_o128,0,0.0
1790650846,410,7,transition,llama_p2048_o64,0,0.0
1790650847,411,7,transition,resnet50_image,187.183,57.53197095336495
1790650847,411,7,transition,vgg16_image,476.781,460.7999999999999
1790650847,411,7,transition,vit_base_image,126.198,73.56037151702786
1790650847,411,7,transition,gpt2_p64_o64,1.456,0.0
1790650847,411,7,transition,gpt2_p512_o512,0.18,0.0
1790650847,411,7,transition,llama_p1024_o128,0,0.0
1790650847,411,7,transition,llama_p2048_o64,0,0.0
1790650848,412,7,transition,resnet50_image,187.183,57.53197095336495
1790650848,412,7,transition,vgg16_image,476.781,460.7999999999999
1790650848,412,7,transition,vit_base_image,126.198,73.56037151702786
1790650848,412,7,transition,gpt2_p64_o64,1.456,0.0
1790650848,412,7,transition,gpt2_p512_o512,0.18,0.0
1790650848,412,7,transition,llama_p1024_o128,0,0.0
1790650848,412,7,transition,llama_p2048_o64,0,0.0
1790650849,413,7,steady,resnet50_image,187.183,57.53197095336495
1790650849,413,7,steady,vgg16_image,476.781,469.7719626168224
1790650849,413,7,steady,vit_base_image,126.198,122.60061919504642
1790650849,413,7,steady,gpt2_p64_o64,1.456,0.0
1790650849,413,7,steady,gpt2_p512_o512,0.18,0.0
1790650849,413,7,steady,llama_p1024_o128,0,0.0
1790650849,413,7,steady,llama_p2048_o64,0,0.0
1790650850,414,7,steady,resnet50_image,187.183,57.53197095336495
1790650850,414,7,steady,vgg16_image,476.781,469.7719626168224
1790650850,414,7,steady,vit_base_image,126.198,122.60061919504642
1790650850,414,7,steady,gpt2_p64_o64,1.456,0.0
1790650850,414,7,steady,gpt2_p512_o512,0.18,0.0
1790650850,414,7,steady,llama_p1024_o128,0,0.0
1790650850,414,7,steady,llama_p2048_o64,0,0.0
1790650851,415,7,steady,resnet50_image,187.183,57.53197095336495
1790650851,415,7,steady,vgg16_image,476.781,469.7719626168224
1790650851,415,7,steady,vit_base_image,126.198,122.60061919504642
1790650851,415,7,steady,gpt2_p64_o64,1.456,0.0
1790650851,415,7,steady,gpt2_p512_o512,0.18,0.0
1790650851,415,7,steady,llama_p1024_o128,0,0.0
1790650851,415,7,steady,llama_p2048_o64,0,0.0
1790650852,416,7,steady,resnet50_image,187.183,57.53197095336495
1790650852,416,7,steady,vgg16_image,476.781,469.7719626168224
1790650852,416,7,steady,vit_base_image,126.198,122.60061919504642
1790650852,416,7,steady,gpt2_p64_o64,1.456,0.0
1790650852,416,7,steady,gpt2_p512_o512,0.18,0.0
1790650852,416,7,steady,llama_p1024_o128,0,0.0
1790650852,416,7,steady,llama_p2048_o64,0,0.0
1790650853,417,7,steady,resnet50_image,187.183,57.53197095336495
1790650853,417,7,steady,vgg16_image,476.781,469.7719626168224
1790650853,417,7,steady,vit_base_image,126.198,122.60061919504642
1790650853,417,7,steady,gpt2_p64_o64,1.456,0.0
1790650853,417,7,steady,gpt2_p512_o512,0.18,0.0
1790650853,417,7,steady,llama_p1024_o128,0,0.0
1790650853,417,7,steady,llama_p2048_o64,0,0.0
1790650854,418,7,steady,resnet50_image,187.183,57.53197095336495
1790650854,418,7,steady,vgg16_image,476.781,469.7719626168224
1790650854,418,7,steady,vit_base_image,126.198,122.60061919504642
1790650854,418,7,steady,gpt2_p64_o64,1.456,0.0
1790650854,418,7,steady,gpt2_p512_o512,0.18,0.0
1790650854,418,7,steady,llama_p1024_o128,0,0.0
1790650854,418,7,steady,llama_p2048_o64,0,0.0
1790650855,419,7,steady,resnet50_image,187.183,57.53197095336495
1790650855,419,7,steady,vgg16_image,476.781,469.7719626168224
1790650855,419,7,steady,vit_base_image,126.198,122.60061919504642
1790650855,419,7,steady,gpt2_p64_o64,1.456,0.0
1790650855,419,7,steady,gpt2_p512_o512,0.18,0.0
1790650855,419,7,steady,llama_p1024_o128,0,0.0
1790650855,419,7,steady,llama_p2048_o64,0,0.0
1790650856,420,7,steady,resnet50_image,187.183,57.53197095336495
1790650856,420,7,steady,vgg16_image,476.781,469.7719626168224
1790650856,420,7,steady,vit_base_image,126.198,122.60061919504642
1790650856,420,7,steady,gpt2_p64_o64,1.456,0.0
1790650856,420,7,steady,gpt2_p512_o512,0.18,0.0
1790650856,420,7,steady,llama_p1024_o128,0,0.0
1790650856,420,7,steady,llama_p2048_o64,0,0.0
1790650857,421,7,steady,resnet50_image,187.183,57.53197095336495
1790650857,421,7,steady,vgg16_image,476.781,469.7719626168224
1790650857,421,7,steady,vit_base_image,126.198,122.60061919504642
1790650857,421,7,steady,gpt2_p64_o64,1.456,0.0
1790650857,421,7,steady,gpt2_p512_o512,0.18,0.0
1790650857,421,7,steady,llama_p1024_o128,0,0.0
1790650857,421,7,steady,llama_p2048_o64,0,0.0
1790650858,422,7,steady,resnet50_image,187.183,57.53197095336495
1790650858,422,7,steady,vgg16_image,476.781,469.7719626168224
1790650858,422,7,steady,vit_base_image,126.198,122.60061919504642
1790650858,422,7,steady,gpt2_p64_o64,1.456,0.0
1790650858,422,7,steady,gpt2_p512_o512,0.18,0.0
1790650858,422,7,steady,llama_p1024_o128,0,0.0
1790650858,422,7,steady,llama_p2048_o64,0,0.0
1790650859,423,7,steady,resnet50_image,187.183,57.53197095336495
1790650859,423,7,steady,vgg16_image,476.781,469.7719626168224
1790650859,423,7,steady,vit_base_image,126.198,122.60061919504642
1790650859,423,7,steady,gpt2_p64_o64,1.456,0.0
1790650859,423,7,steady,gpt2_p512_o512,0.18,0.0
1790650859,423,7,steady,llama_p1024_o128,0,0.0
1790650859,423,7,steady,llama_p2048_o64,0,0.0
1790650860,424,7,steady,resnet50_image,187.183,57.53197095336495
1790650860,424,7,steady,vgg16_image,476.781,469.7719626168224
1790650860,424,7,steady,vit_base_image,126.198,122.60061919504642
1790650860,424,7,steady,gpt2_p64_o64,1.456,0.0
1790650860,424,7,steady,gpt2_p512_o512,0.18,0.0
1790650860,424,7,steady,llama_p1024_o128,0,0.0
1790650860,424,7,steady,llama_p2048_o64,0,0.0
1790650861,425,7,steady,resnet50_image,187.183,57.53197095336495
1790650861,425,7,steady,vgg16_image,476.781,469.7719626168224
1790650861,425,7,steady,vit_base_image,126.198,122.60061919504642
1790650861,425,7,steady,gpt2_p64_o64,1.456,0.0
1790650861,425,7,steady,gpt2_p512_o512,0.18,0.0
1790650861,425,7,steady,llama_p1024_o128,0,0.0
1790650861,425,7,steady,llama_p2048_o64,0,0.0
1790650862,426,7,steady,resnet50_image,187.183,57.53197095336495
1790650862,426,7,steady,vgg16_image,476.781,469.7719626168224
1790650862,426,7,steady,vit_base_image,126.198,122.60061919504642
1790650862,426,7,steady,gpt2_p64_o64,1.456,0.0
1790650862,426,7,steady,gpt2_p512_o512,0.18,0.0
1790650862,426,7,steady,llama_p1024_o128,0,0.0
1790650862,426,7,steady,llama_p2048_o64,0,0.0
1790650863,427,7,steady,resnet50_image,187.183,57.53197095336495
1790650863,427,7,steady,vgg16_image,476.781,469.7719626168224
1790650863,427,7,steady,vit_base_image,126.198,122.60061919504642
1790650863,427,7,steady,gpt2_p64_o64,1.456,0.0
1790650863,427,7,steady,gpt2_p512_o512,0.18,0.0
1790650863,427,7,steady,llama_p1024_o128,0,0.0
1790650863,427,7,steady,llama_p2048_o64,0,0.0
1790650864,428,7,steady,resnet50_image,187.183,57.53197095336495
1790650864,428,7,steady,vgg16_image,476.781,469.7719626168224
1790650864,428,7,steady,vit_base_image,126.198,122.60061919504642
1790650864,428,7,steady,gpt2_p64_o64,1.456,0.0
1790650864,428,7,steady,gpt2_p512_o512,0.18,0.0
1790650864,428,7,steady,llama_p1024_o128,0,0.0
1790650864,428,7,steady,llama_p2048_o64,0,0.0
1790650865,429,7,steady,resnet50_image,187.183,57.53197095336495
1790650865,429,7,steady,vgg16_image,476.781,469.7719626168224
1790650865,429,7,steady,vit_base_image,126.198,122.60061919504642
1790650865,429,7,steady,gpt2_p64_o64,1.456,0.0
1790650865,429,7,steady,gpt2_p512_o512,0.18,0.0
1790650865,429,7,steady,llama_p1024_o128,0,0.0
1790650865,429,7,steady,llama_p2048_o64,0,0.0
1790650866,430,7,steady,resnet50_image,187.183,57.53197095336495
1790650866,430,7,steady,vgg16_image,476.781,469.7719626168224
1790650866,430,7,steady,vit_base_image,126.198,122.60061919504642
1790650866,430,7,steady,gpt2_p64_o64,1.456,0.0
1790650866,430,7,steady,gpt2_p512_o512,0.18,0.0
1790650866,430,7,steady,llama_p1024_o128,0,0.0
1790650866,430,7,steady,llama_p2048_o64,0,0.0
1790650867,431,7,steady,resnet50_image,187.183,57.53197095336495
1790650867,431,7,steady,vgg16_image,476.781,469.7719626168224
1790650867,431,7,steady,vit_base_image,126.198,122.60061919504642
1790650867,431,7,steady,gpt2_p64_o64,1.456,0.0
1790650867,431,7,steady,gpt2_p512_o512,0.18,0.0
1790650867,431,7,steady,llama_p1024_o128,0,0.0
1790650867,431,7,steady,llama_p2048_o64,0,0.0
1790650868,432,7,steady,resnet50_image,187.183,57.53197095336495
1790650868,432,7,steady,vgg16_image,476.781,469.7719626168224
1790650868,432,7,steady,vit_base_image,126.198,122.60061919504642
1790650868,432,7,steady,gpt2_p64_o64,1.456,0.0
1790650868,432,7,steady,gpt2_p512_o512,0.18,0.0
1790650868,432,7,steady,llama_p1024_o128,0,0.0
1790650868,432,7,steady,llama_p2048_o64,0,0.0
1790650869,433,7,steady,resnet50_image,187.183,57.53197095336495
1790650869,433,7,steady,vgg16_image,476.781,469.7719626168224
1790650869,433,7,steady,vit_base_image,126.198,122.60061919504642
1790650869,433,7,steady,gpt2_p64_o64,1.456,0.0
1790650869,433,7,steady,gpt2_p512_o512,0.18,0.0
1790650869,433,7,steady,llama_p1024_o128,0,0.0
1790650869,433,7,steady,llama_p2048_o64,0,0.0
1790650870,434,7,steady,resnet50_image,187.183,57.53197095336495
1790650870,434,7,steady,vgg16_image,476.781,469.7719626168224
1790650870,434,7,steady,vit_base_image,126.198,122.60061919504642
1790650870,434,7,steady,gpt2_p64_o64,1.456,0.0
1790650870,434,7,steady,gpt2_p512_o512,0.18,0.0
1790650870,434,7,steady,llama_p1024_o128,0,0.0
1790650870,434,7,steady,llama_p2048_o64,0,0.0
1790650871,435,7,steady,resnet50_image,187.183,57.53197095336495
1790650871,435,7,steady,vgg16_image,476.781,469.7719626168224
1790650871,435,7,steady,vit_base_image,126.198,122.60061919504642
1790650871,435,7,steady,gpt2_p64_o64,1.456,0.0
1790650871,435,7,steady,gpt2_p512_o512,0.18,0.0
1790650871,435,7,steady,llama_p1024_o128,0,0.0
1790650871,435,7,steady,llama_p2048_o64,0,0.0
1790650872,436,7,steady,resnet50_image,187.183,57.53197095336495
1790650872,436,7,steady,vgg16_image,476.781,469.7719626168224
1790650872,436,7,steady,vit_base_image,126.198,122.60061919504642
1790650872,436,7,steady,gpt2_p64_o64,1.456,0.0
1790650872,436,7,steady,gpt2_p512_o512,0.18,0.0
1790650872,436,7,steady,llama_p1024_o128,0,0.0
1790650872,436,7,steady,llama_p2048_o64,0,0.0
1790650873,437,7,steady,resnet50_image,187.183,57.53197095336495
1790650873,437,7,steady,vgg16_image,476.781,469.7719626168224
1790650873,437,7,steady,vit_base_image,126.198,122.60061919504642
1790650873,437,7,steady,gpt2_p64_o64,1.456,0.0
1790650873,437,7,steady,gpt2_p512_o512,0.18,0.0
1790650873,437,7,steady,llama_p1024_o128,0,0.0
1790650873,437,7,steady,llama_p2048_o64,0,0.0
1790650874,438,7,steady,resnet50_image,187.183,57.53197095336495
1790650874,438,7,steady,vgg16_image,476.781,469.7719626168224
1790650874,438,7,steady,vit_base_image,126.198,122.60061919504642
1790650874,438,7,steady,gpt2_p64_o64,1.456,0.0
1790650874,438,7,steady,gpt2_p512_o512,0.18,0.0
1790650874,438,7,steady,llama_p1024_o128,0,0.0
1790650874,438,7,steady,llama_p2048_o64,0,0.0
1790650875,439,7,steady,resnet50_image,187.183,57.53197095336495
1790650875,439,7,steady,vgg16_image,476.781,469.7719626168224
1790650875,439,7,steady,vit_base_image,126.198,122.60061919504642
1790650875,439,7,steady,gpt2_p64_o64,1.456,0.0
1790650875,439,7,steady,gpt2_p512_o512,0.18,0.0
1790650875,439,7,steady,llama_p1024_o128,0,0.0
1790650875,439,7,steady,llama_p2048_o64,0,0.0
1790650876,440,7,steady,resnet50_image,187.183,57.53197095336495
1790650876,440,7,steady,vgg16_image,476.781,469.7719626168224
1790650876,440,7,steady,vit_base_image,126.198,122.60061919504642
1790650876,440,7,steady,gpt2_p64_o64,1.456,0.0
1790650876,440,7,steady,gpt2_p512_o512,0.18,0.0
1790650876,440,7,steady,llama_p1024_o128,0,0.0
1790650876,440,7,steady,llama_p2048_o64,0,0.0
1790650877,441,7,steady,resnet50_image,187.183,57.53197095336495
1790650877,441,7,steady,vgg16_image,476.781,469.7719626168224
1790650877,441,7,steady,vit_base_image,126.198,122.60061919504642
1790650877,441,7,steady,gpt2_p64_o64,1.456,0.0
1790650877,441,7,steady,gpt2_p512_o512,0.18,0.0
1790650877,441,7,steady,llama_p1024_o128,0,0.0
1790650877,441,7,steady,llama_p2048_o64,0,0.0
1790650878,442,7,steady,resnet50_image,187.183,57.53197095336495
1790650878,442,7,steady,vgg16_image,476.781,469.7719626168224
1790650878,442,7,steady,vit_base_image,126.198,122.60061919504642
1790650878,442,7,steady,gpt2_p64_o64,1.456,0.0
1790650878,442,7,steady,gpt2_p512_o512,0.18,0.0
1790650878,442,7,steady,llama_p1024_o128,0,0.0
1790650878,442,7,steady,llama_p2048_o64,0,0.0
1790650879,443,,,resnet50_image,187.183,
1790650879,443,,,vgg16_image,476.781,
1790650879,443,,,vit_base_image,126.198,
1790650879,443,,,gpt2_p64_o64,1.456,
1790650879,443,,,gpt2_p512_o512,0.18,
1790650879,443,,,llama_p1024_o128,0,
1790650879,443,,,llama_p2048_o64,0,
1790650880,444,,,resnet50_image,187.183,
1790650880,444,,,vgg16_image,476.781,
1790650880,444,,,vit_base_image,126.198,
1790650880,444,,,gpt2_p64_o64,1.456,
1790650880,444,,,gpt2_p512_o512,0.18,
1790650880,444,,,llama_p1024_o128,0,
1790650880,444,,,llama_p2048_o64,0,
1790650881,445,,,resnet50_image,187.183,
1790650881,445,,,vgg16_image,476.781,
1790650881,445,,,vit_base_image,126.198,
1790650881,445,,,gpt2_p64_o64,1.456,
1790650881,445,,,gpt2_p512_o512,0.18,
1790650881,445,,,llama_p1024_o128,0,
1790650881,445,,,llama_p2048_o64,0,
1790650882,446,,,resnet50_image,187.183,
1790650882,446,,,vgg16_image,476.781,
1790650882,446,,,vit_base_image,126.198,
1790650882,446,,,gpt2_p64_o64,1.456,
1790650882,446,,,gpt2_p512_o512,0.18,
1790650882,446,,,llama_p1024_o128,0,
1790650882,446,,,llama_p2048_o64,0,
1790650883,447,,,resnet50_image,187.183,
1790650883,447,,,vgg16_image,476.781,
1790650883,447,,,vit_base_image,126.198,
1790650883,447,,,gpt2_p64_o64,1.456,
1790650883,447,,,gpt2_p512_o512,0.18,
1790650883,447,,,llama_p1024_o128,0,
1790650883,447,,,llama_p2048_o64,0,
1790650884,448,,,resnet50_image,187.183,
1790650884,448,,,vgg16_image,476.781,
1790650884,448,,,vit_base_image,126.198,
1790650884,448,,,gpt2_p64_o64,1.456,
1790650884,448,,,gpt2_p512_o512,0.18,
1790650884,448,,,llama_p1024_o128,0,
1790650884,448,,,llama_p2048_o64,0,
1790650885,449,,,resnet50_image,187.183,
1790650885,449,,,vgg16_image,476.781,
1790650885,449,,,vit_base_image,126.198,
1790650885,449,,,gpt2_p64_o64,1.456,
1790650885,449,,,gpt2_p512_o512,0.18,
1790650885,449,,,llama_p1024_o128,0,
1790650885,449,,,llama_p2048_o64,0,
1790650886,450,8,transition,resnet50_image,187.183,57.53197095336495
1790650886,450,8,transition,vgg16_image,476.781,317.607476635514
1790650886,450,8,transition,vit_base_image,126.198,122.60061919504642
1790650886,450,8,transition,gpt2_p64_o64,1.456,0.0
1790650886,450,8,transition,gpt2_p512_o512,0.18,0.0
1790650886,450,8,transition,llama_p1024_o128,0,0.0
1790650886,450,8,transition,llama_p2048_o64,0,0.0
1790650887,451,8,transition,resnet50_image,187.183,57.53197095336495
1790650887,451,8,transition,vgg16_image,476.781,317.607476635514
1790650887,451,8,transition,vit_base_image,126.198,122.60061919504642
1790650887,451,8,transition,gpt2_p64_o64,1.456,0.0
1790650887,451,8,transition,gpt2_p512_o512,0.18,0.0
1790650887,451,8,transition,llama_p1024_o128,0,0.0
1790650887,451,8,transition,llama_p2048_o64,0,0.0
1790650888,452,8,transition,resnet50_image,187.183,57.53197095336495
1790650888,452,8,transition,vgg16_image,476.781,317.607476635514
1790650888,452,8,transition,vit_base_image,126.198,122.60061919504642
1790650888,452,8,transition,gpt2_p64_o64,1.456,0.0
1790650888,452,8,transition,gpt2_p512_o512,0.18,0.0
1790650888,452,8,transition,llama_p1024_o128,0,0.0
1790650888,452,8,transition,llama_p2048_o64,0,0.0
1790650889,453,8,transition,resnet50_image,187.183,57.53197095336495
1790650889,453,8,transition,vgg16_image,476.781,317.607476635514
1790650889,453,8,transition,vit_base_image,126.198,122.60061919504642
1790650889,453,8,transition,gpt2_p64_o64,1.456,0.0
1790650889,453,8,transition,gpt2_p512_o512,0.18,0.0
1790650889,453,8,transition,llama_p1024_o128,0,0.0
1790650889,453,8,transition,llama_p2048_o64,0,0.0
1790650890,454,8,transition,resnet50_image,187.183,57.53197095336495
1790650890,454,8,transition,vgg16_image,476.781,317.607476635514
1790650890,454,8,transition,vit_base_image,126.198,122.60061919504642
1790650890,454,8,transition,gpt2_p64_o64,1.456,0.0
1790650890,454,8,transition,gpt2_p512_o512,0.18,0.0
1790650890,454,8,transition,llama_p1024_o128,0,0.0
1790650890,454,8,transition,llama_p2048_o64,0,0.0
1790650891,455,8,transition,resnet50_image,187.183,57.53197095336495
1790650891,455,8,transition,vgg16_image,476.781,317.607476635514
1790650891,455,8,transition,vit_base_image,126.198,122.60061919504642
1790650891,455,8,transition,gpt2_p64_o64,1.456,0.0
1790650891,455,8,transition,gpt2_p512_o512,0.18,0.0
1790650891,455,8,transition,llama_p1024_o128,0,0.0
1790650891,455,8,transition,llama_p2048_o64,0,0.0
1790650892,456,8,transition,resnet50_image,187.183,57.53197095336495
1790650892,456,8,transition,vgg16_image,476.781,317.607476635514
1790650892,456,8,transition,vit_base_image,126.198,122.60061919504642
1790650892,456,8,transition,gpt2_p64_o64,1.456,0.0
1790650892,456,8,transition,gpt2_p512_o512,0.18,0.0
1790650892,456,8,transition,llama_p1024_o128,0,0.0
1790650892,456,8,transition,llama_p2048_o64,0,0.0
1790650893,457,8,transition,resnet50_image,187.183,57.53197095336495
1790650893,457,8,transition,vgg16_image,476.781,317.607476635514
1790650893,457,8,transition,vit_base_image,126.198,122.60061919504642
1790650893,457,8,transition,gpt2_p64_o64,1.456,0.0
1790650893,457,8,transition,gpt2_p512_o512,0.18,0.0
1790650893,457,8,transition,llama_p1024_o128,0,0.0
1790650893,457,8,transition,llama_p2048_o64,0,0.0
1790650894,458,8,transition,resnet50_image,187.183,57.53197095336495
1790650894,458,8,transition,vgg16_image,476.781,317.607476635514
1790650894,458,8,transition,vit_base_image,126.198,122.60061919504642
1790650894,458,8,transition,gpt2_p64_o64,1.456,0.0
1790650894,458,8,transition,gpt2_p512_o512,0.18,0.0
1790650894,458,8,transition,llama_p1024_o128,0,0.0
1790650894,458,8,transition,llama_p2048_o64,0,0.0
1790650895,459,8,transition,resnet50_image,187.183,57.53197095336495
1790650895,459,8,transition,vgg16_image,368.48,317.607476635514
1790650895,459,8,transition,vit_base_image,126.198,122.60061919504642
1790650895,459,8,transition,gpt2_p64_o64,1.456,0.0
1790650895,459,8,transition,gpt2_p512_o512,0.18,0.0
1790650895,459,8,transition,llama_p1024_o128,0,0.0
1790650895,459,8,transition,llama_p2048_o64,0,0.0
1790650896,460,8,transition,resnet50_image,187.183,57.53197095336495
1790650896,460,8,transition,vgg16_image,368.48,317.607476635514
1790650896,460,8,transition,vit_base_image,126.198,122.60061919504642
1790650896,460,8,transition,gpt2_p64_o64,1.456,0.0
1790650896,460,8,transition,gpt2_p512_o512,0.18,0.0
1790650896,460,8,transition,llama_p1024_o128,0,0.0
1790650896,460,8,transition,llama_p2048_o64,0,0.0
1790650897,461,8,steady,resnet50_image,187.183,82.23661214667806
1790650897,461,8,steady,vgg16_image,368.48,317.607476635514
1790650897,461,8,steady,vit_base_image,126.198,122.60061919504642
1790650897,461,8,steady,gpt2_p64_o64,1.456,0.0
1790650897,461,8,steady,gpt2_p512_o512,0.18,0.0
1790650897,461,8,steady,llama_p1024_o128,0,0.0
1790650897,461,8,steady,llama_p2048_o64,0,0.0
1790650898,462,8,steady,resnet50_image,187.183,82.23661214667806
1790650898,462,8,steady,vgg16_image,368.48,317.607476635514
1790650898,462,8,steady,vit_base_image,126.198,122.60061919504642
1790650898,462,8,steady,gpt2_p64_o64,1.456,0.0
1790650898,462,8,steady,gpt2_p512_o512,0.18,0.0
1790650898,462,8,steady,llama_p1024_o128,0,0.0
1790650898,462,8,steady,llama_p2048_o64,0,0.0
1790650899,463,8,steady,resnet50_image,187.183,82.23661214667806
1790650899,463,8,steady,vgg16_image,368.48,317.607476635514
1790650899,463,8,steady,vit_base_image,126.198,122.60061919504642
1790650899,463,8,steady,gpt2_p64_o64,1.456,0.0
1790650899,463,8,steady,gpt2_p512_o512,0.18,0.0
1790650899,463,8,steady,llama_p1024_o128,0,0.0
1790650899,463,8,steady,llama_p2048_o64,0,0.0
1790650900,464,8,steady,resnet50_image,187.183,82.23661214667806
1790650900,464,8,steady,vgg16_image,368.48,317.607476635514
1790650900,464,8,steady,vit_base_image,126.198,122.60061919504642
1790650900,464,8,steady,gpt2_p64_o64,1.456,0.0
1790650900,464,8,steady,gpt2_p512_o512,0.18,0.0
1790650900,464,8,steady,llama_p1024_o128,0,0.0
1790650900,464,8,steady,llama_p2048_o64,0,0.0
1790650901,465,8,steady,resnet50_image,187.183,82.23661214667806
1790650901,465,8,steady,vgg16_image,368.48,317.607476635514
1790650901,465,8,steady,vit_base_image,126.198,122.60061919504642
1790650901,465,8,steady,gpt2_p64_o64,1.456,0.0
1790650901,465,8,steady,gpt2_p512_o512,0.18,0.0
1790650901,465,8,steady,llama_p1024_o128,0,0.0
1790650901,465,8,steady,llama_p2048_o64,0,0.0
1790650902,466,8,steady,resnet50_image,187.183,82.23661214667806
1790650902,466,8,steady,vgg16_image,368.48,317.607476635514
1790650902,466,8,steady,vit_base_image,126.198,122.60061919504642
1790650902,466,8,steady,gpt2_p64_o64,1.456,0.0
1790650902,466,8,steady,gpt2_p512_o512,0.18,0.0
1790650902,466,8,steady,llama_p1024_o128,0,0.0
1790650902,466,8,steady,llama_p2048_o64,0,0.0
1790650903,467,8,steady,resnet50_image,187.183,82.23661214667806
1790650903,467,8,steady,vgg16_image,368.48,317.607476635514
1790650903,467,8,steady,vit_base_image,126.198,122.60061919504642
1790650903,467,8,steady,gpt2_p64_o64,1.456,0.0
1790650903,467,8,steady,gpt2_p512_o512,0.18,0.0
1790650903,467,8,steady,llama_p1024_o128,0,0.0
1790650903,467,8,steady,llama_p2048_o64,0,0.0
1790650904,468,8,steady,resnet50_image,187.183,82.23661214667806
1790650904,468,8,steady,vgg16_image,368.48,317.607476635514
1790650904,468,8,steady,vit_base_image,126.198,122.60061919504642
1790650904,468,8,steady,gpt2_p64_o64,1.456,0.0
1790650904,468,8,steady,gpt2_p512_o512,0.18,0.0
1790650904,468,8,steady,llama_p1024_o128,0,0.0
1790650904,468,8,steady,llama_p2048_o64,0,0.0
1790650905,469,8,steady,resnet50_image,187.183,82.23661214667806
1790650905,469,8,steady,vgg16_image,368.48,317.607476635514
1790650905,469,8,steady,vit_base_image,126.198,122.60061919504642
1790650905,469,8,steady,gpt2_p64_o64,1.456,0.0
1790650905,469,8,steady,gpt2_p512_o512,0.18,0.0
1790650905,469,8,steady,llama_p1024_o128,0,0.0
1790650905,469,8,steady,llama_p2048_o64,0,0.0
1790650906,470,8,steady,resnet50_image,187.183,82.23661214667806
1790650906,470,8,steady,vgg16_image,368.48,317.607476635514
1790650906,470,8,steady,vit_base_image,126.198,122.60061919504642
1790650906,470,8,steady,gpt2_p64_o64,1.456,0.0
1790650906,470,8,steady,gpt2_p512_o512,0.18,0.0
1790650906,470,8,steady,llama_p1024_o128,0,0.0
1790650906,470,8,steady,llama_p2048_o64,0,0.0
1790650907,471,8,steady,resnet50_image,187.183,82.23661214667806
1790650907,471,8,steady,vgg16_image,368.48,317.607476635514
1790650907,471,8,steady,vit_base_image,126.198,122.60061919504642
1790650907,471,8,steady,gpt2_p64_o64,1.456,0.0
1790650907,471,8,steady,gpt2_p512_o512,0.18,0.0
1790650907,471,8,steady,llama_p1024_o128,0,0.0
1790650907,471,8,steady,llama_p2048_o64,0,0.0
1790650908,472,8,steady,resnet50_image,187.183,82.23661214667806
1790650908,472,8,steady,vgg16_image,368.48,317.607476635514
1790650908,472,8,steady,vit_base_image,126.198,122.60061919504642
1790650908,472,8,steady,gpt2_p64_o64,1.456,0.0
1790650908,472,8,steady,gpt2_p512_o512,0.18,0.0
1790650908,472,8,steady,llama_p1024_o128,0,0.0
1790650908,472,8,steady,llama_p2048_o64,0,0.0
1790650909,473,8,steady,resnet50_image,187.183,82.23661214667806
1790650909,473,8,steady,vgg16_image,368.48,317.607476635514
1790650909,473,8,steady,vit_base_image,126.198,122.60061919504642
1790650909,473,8,steady,gpt2_p64_o64,1.456,0.0
1790650909,473,8,steady,gpt2_p512_o512,0.18,0.0
1790650909,473,8,steady,llama_p1024_o128,0,0.0
1790650909,473,8,steady,llama_p2048_o64,0,0.0
1790650910,474,8,steady,resnet50_image,187.183,82.23661214667806
1790650910,474,8,steady,vgg16_image,368.48,317.607476635514
1790650910,474,8,steady,vit_base_image,126.198,122.60061919504642
1790650910,474,8,steady,gpt2_p64_o64,1.456,0.0
1790650910,474,8,steady,gpt2_p512_o512,0.18,0.0
1790650910,474,8,steady,llama_p1024_o128,0,0.0
1790650910,474,8,steady,llama_p2048_o64,0,0.0
1790650911,475,8,steady,resnet50_image,187.183,82.23661214667806
1790650911,475,8,steady,vgg16_image,368.48,317.607476635514
1790650911,475,8,steady,vit_base_image,126.198,122.60061919504642
1790650911,475,8,steady,gpt2_p64_o64,1.456,0.0
1790650911,475,8,steady,gpt2_p512_o512,0.18,0.0
1790650911,475,8,steady,llama_p1024_o128,0,0.0
1790650911,475,8,steady,llama_p2048_o64,0,0.0
1790650912,476,8,steady,resnet50_image,187.183,82.23661214667806
1790650912,476,8,steady,vgg16_image,368.48,317.607476635514
1790650912,476,8,steady,vit_base_image,126.198,122.60061919504642
1790650912,476,8,steady,gpt2_p64_o64,1.456,0.0
1790650912,476,8,steady,gpt2_p512_o512,0.18,0.0
1790650912,476,8,steady,llama_p1024_o128,0,0.0
1790650912,476,8,steady,llama_p2048_o64,0,0.0
1790650913,477,8,steady,resnet50_image,187.183,82.23661214667806
1790650913,477,8,steady,vgg16_image,368.48,317.607476635514
1790650913,477,8,steady,vit_base_image,126.198,122.60061919504642
1790650913,477,8,steady,gpt2_p64_o64,1.456,0.0
1790650913,477,8,steady,gpt2_p512_o512,0.18,0.0
1790650913,477,8,steady,llama_p1024_o128,0,0.0
1790650913,477,8,steady,llama_p2048_o64,0,0.0
1790650914,478,8,steady,resnet50_image,187.183,82.23661214667806
1790650914,478,8,steady,vgg16_image,368.48,317.607476635514
1790650914,478,8,steady,vit_base_image,126.198,122.60061919504642
1790650914,478,8,steady,gpt2_p64_o64,1.456,0.0
1790650914,478,8,steady,gpt2_p512_o512,0.18,0.0
1790650914,478,8,steady,llama_p1024_o128,0,0.0
1790650914,478,8,steady,llama_p2048_o64,0,0.0
1790650915,479,8,steady,resnet50_image,187.183,82.23661214667806
1790650915,479,8,steady,vgg16_image,368.48,317.607476635514
1790650915,479,8,steady,vit_base_image,126.198,122.60061919504642
1790650915,479,8,steady,gpt2_p64_o64,1.456,0.0
1790650915,479,8,steady,gpt2_p512_o512,0.18,0.0
1790650915,479,8,steady,llama_p1024_o128,0,0.0
1790650915,479,8,steady,llama_p2048_o64,0,0.0
1790650916,480,8,steady,resnet50_image,187.183,82.23661214667806
1790650916,480,8,steady,vgg16_image,368.48,317.607476635514
1790650916,480,8,steady,vit_base_image,126.198,122.60061919504642
1790650916,480,8,steady,gpt2_p64_o64,1.456,0.0
1790650916,480,8,steady,gpt2_p512_o512,0.18,0.0
1790650916,480,8,steady,llama_p1024_o128,0,0.0
1790650916,480,8,steady,llama_p2048_o64,0,0.0
1790650917,481,8,steady,resnet50_image,187.183,82.23661214667806
1790650917,481,8,steady,vgg16_image,368.48,317.607476635514
1790650917,481,8,steady,vit_base_image,126.198,122.60061919504642
1790650917,481,8,steady,gpt2_p64_o64,1.456,0.0
1790650917,481,8,steady,gpt2_p512_o512,0.18,0.0
1790650917,481,8,steady,llama_p1024_o128,0,0.0
1790650917,481,8,steady,llama_p2048_o64,0,0.0
1790650918,482,8,steady,resnet50_image,187.183,82.23661214667806
1790650918,482,8,steady,vgg16_image,368.48,317.607476635514
1790650918,482,8,steady,vit_base_image,126.198,122.60061919504642
1790650918,482,8,steady,gpt2_p64_o64,1.456,0.0
1790650918,482,8,steady,gpt2_p512_o512,0.18,0.0
1790650918,482,8,steady,llama_p1024_o128,0,0.0
1790650918,482,8,steady,llama_p2048_o64,0,0.0
1790650919,483,8,steady,resnet50_image,187.183,82.23661214667806
1790650919,483,8,steady,vgg16_image,368.48,317.607476635514
1790650919,483,8,steady,vit_base_image,126.198,122.60061919504642
1790650919,483,8,steady,gpt2_p64_o64,1.456,0.0
1790650919,483,8,steady,gpt2_p512_o512,0.18,0.0
1790650919,483,8,steady,llama_p1024_o128,0,0.0
1790650919,483,8,steady,llama_p2048_o64,0,0.0
1790650920,484,8,steady,resnet50_image,187.183,82.23661214667806
1790650920,484,8,steady,vgg16_image,368.48,317.607476635514
1790650920,484,8,steady,vit_base_image,126.198,122.60061919504642
1790650920,484,8,steady,gpt2_p64_o64,1.456,0.0
1790650920,484,8,steady,gpt2_p512_o512,0.18,0.0
1790650920,484,8,steady,llama_p1024_o128,0,0.0
1790650920,484,8,steady,llama_p2048_o64,0,0.0
1790650921,485,8,steady,resnet50_image,187.183,82.23661214667806
1790650921,485,8,steady,vgg16_image,368.48,317.607476635514
1790650921,485,8,steady,vit_base_image,126.198,122.60061919504642
1790650921,485,8,steady,gpt2_p64_o64,1.456,0.0
1790650921,485,8,steady,gpt2_p512_o512,0.18,0.0
1790650921,485,8,steady,llama_p1024_o128,0,0.0
1790650921,485,8,steady,llama_p2048_o64,0,0.0
1790650922,486,8,steady,resnet50_image,187.183,82.23661214667806
1790650922,486,8,steady,vgg16_image,368.48,317.607476635514
1790650922,486,8,steady,vit_base_image,126.198,122.60061919504642
1790650922,486,8,steady,gpt2_p64_o64,1.456,0.0
1790650922,486,8,steady,gpt2_p512_o512,0.18,0.0
1790650922,486,8,steady,llama_p1024_o128,0,0.0
1790650922,486,8,steady,llama_p2048_o64,0,0.0
1790650923,487,8,steady,resnet50_image,187.183,82.23661214667806
1790650923,487,8,steady,vgg16_image,368.48,317.607476635514
1790650923,487,8,steady,vit_base_image,126.198,122.60061919504642
1790650923,487,8,steady,gpt2_p64_o64,1.456,0.0
1790650923,487,8,steady,gpt2_p512_o512,0.18,0.0
1790650923,487,8,steady,llama_p1024_o128,0,0.0
1790650923,487,8,steady,llama_p2048_o64,0,0.0
1790650924,488,8,steady,resnet50_image,187.183,82.23661214667806
1790650924,488,8,steady,vgg16_image,368.48,317.607476635514
1790650924,488,8,steady,vit_base_image,126.198,122.60061919504642
1790650924,488,8,steady,gpt2_p64_o64,1.456,0.0
1790650924,488,8,steady,gpt2_p512_o512,0.18,0.0
1790650924,488,8,steady,llama_p1024_o128,0,0.0
1790650924,488,8,steady,llama_p2048_o64,0,0.0
1790650925,489,8,steady,resnet50_image,187.183,82.23661214667806
1790650925,489,8,steady,vgg16_image,368.48,317.607476635514
1790650925,489,8,steady,vit_base_image,126.198,122.60061919504642
1790650925,489,8,steady,gpt2_p64_o64,1.456,0.0
1790650925,489,8,steady,gpt2_p512_o512,0.18,0.0
1790650925,489,8,steady,llama_p1024_o128,0,0.0
1790650925,489,8,steady,llama_p2048_o64,0,0.0
1790650926,490,8,steady,resnet50_image,187.183,82.23661214667806
1790650926,490,8,steady,vgg16_image,368.48,317.607476635514
1790650926,490,8,steady,vit_base_image,126.198,122.60061919504642
1790650926,490,8,steady,gpt2_p64_o64,1.456,0.0
1790650926,490,8,steady,gpt2_p512_o512,0.18,0.0
1790650926,490,8,steady,llama_p1024_o128,0,0.0
1790650926,490,8,steady,llama_p2048_o64,0,0.0
1790650927,491,,,resnet50_image,187.183,
1790650927,491,,,vgg16_image,368.48,
1790650927,491,,,vit_base_image,126.198,
1790650927,491,,,gpt2_p64_o64,1.456,
1790650927,491,,,gpt2_p512_o512,0.18,
1790650927,491,,,llama_p1024_o128,0,
1790650927,491,,,llama_p2048_o64,0,
1790650928,492,,,resnet50_image,187.183,
1790650928,492,,,vgg16_image,368.48,
1790650928,492,,,vit_base_image,126.198,
1790650928,492,,,gpt2_p64_o64,1.456,
1790650928,492,,,gpt2_p512_o512,0.18,
1790650928,492,,,llama_p1024_o128,0,
1790650928,492,,,llama_p2048_o64,0,
1790650929,493,,,resnet50_image,187.183,
1790650929,493,,,vgg16_image,368.48,
1790650929,493,,,vit_base_image,126.198,
1790650929,493,,,gpt2_p64_o64,1.456,
1790650929,493,,,gpt2_p512_o512,0.18,
1790650929,493,,,llama_p1024_o128,0,
1790650929,493,,,llama_p2048_o64,0,
1790650930,494,,,resnet50_image,187.183,
1790650930,494,,,vgg16_image,368.48,
1790650930,494,,,vit_base_image,126.198,
1790650930,494,,,gpt2_p64_o64,1.456,
1790650930,494,,,gpt2_p512_o512,0.18,
1790650930,494,,,llama_p1024_o128,0,
1790650930,494,,,llama_p2048_o64,0,
1790650931,495,,,resnet50_image,187.183,
1790650931,495,,,vgg16_image,368.48,
1790650931,495,,,vit_base_image,126.198,
1790650931,495,,,gpt2_p64_o64,1.456,
1790650931,495,,,gpt2_p512_o512,0.18,
1790650931,495,,,llama_p1024_o128,0,
1790650931,495,,,llama_p2048_o64,0,
1790650932,496,,,resnet50_image,187.183,
1790650932,496,,,vgg16_image,368.48,
1790650932,496,,,vit_base_image,126.198,
1790650932,496,,,gpt2_p64_o64,1.456,
1790650932,496,,,gpt2_p512_o512,0.18,
1790650932,496,,,llama_p1024_o128,0,
1790650932,496,,,llama_p2048_o64,0,
1790650933,497,,,resnet50_image,187.183,
1790650933,497,,,vgg16_image,368.48,
1790650933,497,,,vit_base_image,126.198,
1790650933,497,,,gpt2_p64_o64,1.456,
1790650933,497,,,gpt2_p512_o512,0.18,
1790650933,497,,,llama_p1024_o128,0,
1790650933,497,,,llama_p2048_o64,0,
1790650934,498,9,transition,resnet50_image,187.183,82.23661214667806
1790650934,498,9,transition,vgg16_image,368.48,317.607476635514
1790650934,498,9,transition,vit_base_image,126.198,122.60061919504642
1790650934,498,9,transition,gpt2_p64_o64,1.456,0.0
1790650934,498,9,transition,gpt2_p512_o512,0.18,0.0
1790650934,498,9,transition,llama_p1024_o128,0,0.0
1790650934,498,9,transition,llama_p2048_o64,0,0.0
1790650935,499,9,transition,resnet50_image,187.183,82.23661214667806
1790650935,499,9,transition,vgg16_image,368.48,317.607476635514
1790650935,499,9,transition,vit_base_image,126.198,122.60061919504642
1790650935,499,9,transition,gpt2_p64_o64,1.456,0.0
1790650935,499,9,transition,gpt2_p512_o512,0.18,0.0
1790650935,499,9,transition,llama_p1024_o128,0,0.0
1790650935,499,9,transition,llama_p2048_o64,0,0.0
1790650936,500,9,transition,resnet50_image,187.183,82.23661214667806
1790650936,500,9,transition,vgg16_image,368.48,317.607476635514
1790650936,500,9,transition,vit_base_image,126.198,122.60061919504642
1790650936,500,9,transition,gpt2_p64_o64,1.456,0.0
1790650936,500,9,transition,gpt2_p512_o512,0.18,0.0
1790650936,500,9,transition,llama_p1024_o128,0,0.0
1790650936,500,9,transition,llama_p2048_o64,0,0.0
1790650937,501,9,transition,resnet50_image,187.183,82.23661214667806
1790650937,501,9,transition,vgg16_image,368.48,317.607476635514
1790650937,501,9,transition,vit_base_image,126.198,122.60061919504642
1790650937,501,9,transition,gpt2_p64_o64,1.456,0.0
1790650937,501,9,transition,gpt2_p512_o512,0.18,0.0
1790650937,501,9,transition,llama_p1024_o128,0,0.0
1790650937,501,9,transition,llama_p2048_o64,0,0.0
1790650938,502,9,transition,resnet50_image,187.183,82.23661214667806
1790650938,502,9,transition,vgg16_image,368.48,317.607476635514
1790650938,502,9,transition,vit_base_image,126.198,122.60061919504642
1790650938,502,9,transition,gpt2_p64_o64,1.456,0.0
1790650938,502,9,transition,gpt2_p512_o512,0.18,0.0
1790650938,502,9,transition,llama_p1024_o128,0,0.0
1790650938,502,9,transition,llama_p2048_o64,0,0.0
1790650939,503,9,transition,resnet50_image,187.183,82.23661214667806
1790650939,503,9,transition,vgg16_image,368.48,317.607476635514
1790650939,503,9,transition,vit_base_image,126.198,122.60061919504642
1790650939,503,9,transition,gpt2_p64_o64,1.456,0.0
1790650939,503,9,transition,gpt2_p512_o512,0.18,0.0
1790650939,503,9,transition,llama_p1024_o128,0,0.0
1790650939,503,9,transition,llama_p2048_o64,0,0.0
1790650940,504,9,transition,resnet50_image,187.183,82.23661214667806
1790650940,504,9,transition,vgg16_image,368.48,317.607476635514
1790650940,504,9,transition,vit_base_image,126.198,122.60061919504642
1790650940,504,9,transition,gpt2_p64_o64,1.456,0.0
1790650940,504,9,transition,gpt2_p512_o512,0.18,0.0
1790650940,504,9,transition,llama_p1024_o128,0,0.0
1790650940,504,9,transition,llama_p2048_o64,0,0.0
1790650941,505,9,transition,resnet50_image,187.183,82.23661214667806
1790650941,505,9,transition,vgg16_image,368.48,317.607476635514
1790650941,505,9,transition,vit_base_image,126.198,122.60061919504642
1790650941,505,9,transition,gpt2_p64_o64,1.456,0.0
1790650941,505,9,transition,gpt2_p512_o512,0.18,0.0
1790650941,505,9,transition,llama_p1024_o128,0,0.0
1790650941,505,9,transition,llama_p2048_o64,0,0.0
1790650942,506,9,transition,resnet50_image,187.183,82.23661214667806
1790650942,506,9,transition,vgg16_image,476.781,317.607476635514
1790650942,506,9,transition,vit_base_image,126.198,122.60061919504642
1790650942,506,9,transition,gpt2_p64_o64,1.456,0.0
1790650942,506,9,transition,gpt2_p512_o512,0.18,0.0
1790650942,506,9,transition,llama_p1024_o128,0,0.0
1790650942,506,9,transition,llama_p2048_o64,0,0.0
1790650943,507,9,transition,resnet50_image,187.183,82.23661214667806
1790650943,507,9,transition,vgg16_image,476.781,317.607476635514
1790650943,507,9,transition,vit_base_image,126.198,122.60061919504642
1790650943,507,9,transition,gpt2_p64_o64,1.456,0.0
1790650943,507,9,transition,gpt2_p512_o512,0.18,0.0
1790650943,507,9,transition,llama_p1024_o128,0,0.0
1790650943,507,9,transition,llama_p2048_o64,0,0.0
1790650944,508,9,transition,resnet50_image,187.183,82.23661214667806
1790650944,508,9,transition,vgg16_image,476.781,317.607476635514
1790650944,508,9,transition,vit_base_image,126.198,122.60061919504642
1790650944,508,9,transition,gpt2_p64_o64,1.456,0.0
1790650944,508,9,transition,gpt2_p512_o512,0.18,0.0
1790650944,508,9,transition,llama_p1024_o128,0,0.0
1790650944,508,9,transition,llama_p2048_o64,0,0.0
1790650945,509,9,transition,resnet50_image,187.183,82.23661214667806
1790650945,509,9,transition,vgg16_image,476.781,317.607476635514
1790650945,509,9,transition,vit_base_image,126.198,122.60061919504642
1790650945,509,9,transition,gpt2_p64_o64,1.456,0.0
1790650945,509,9,transition,gpt2_p512_o512,0.18,0.0
1790650945,509,9,transition,llama_p1024_o128,0,0.0
1790650945,509,9,transition,llama_p2048_o64,0,0.0
1790650946,510,9,transition,resnet50_image,187.183,82.23661214667806
1790650946,510,9,transition,vgg16_image,476.781,317.607476635514
1790650946,510,9,transition,vit_base_image,126.198,122.60061919504642
1790650946,510,9,transition,gpt2_p64_o64,1.456,0.0
1790650946,510,9,transition,gpt2_p512_o512,0.18,0.0
1790650946,510,9,transition,llama_p1024_o128,0,0.0
1790650946,510,9,transition,llama_p2048_o64,0,0.0
1790650947,511,9,transition,resnet50_image,187.183,82.23661214667806
1790650947,511,9,transition,vgg16_image,476.781,317.607476635514
1790650947,511,9,transition,vit_base_image,126.198,122.60061919504642
1790650947,511,9,transition,gpt2_p64_o64,1.456,0.0
1790650947,511,9,transition,gpt2_p512_o512,0.18,0.0
1790650947,511,9,transition,llama_p1024_o128,0,0.0
1790650947,511,9,transition,llama_p2048_o64,0,0.0
1790650948,512,9,transition,resnet50_image,187.183,82.23661214667806
1790650948,512,9,transition,vgg16_image,476.781,317.607476635514
1790650948,512,9,transition,vit_base_image,126.198,122.60061919504642
1790650948,512,9,transition,gpt2_p64_o64,1.456,0.0
1790650948,512,9,transition,gpt2_p512_o512,0.18,0.0
1790650948,512,9,transition,llama_p1024_o128,0,0.0
1790650948,512,9,transition,llama_p2048_o64,0,0.0
1790650949,513,9,transition,resnet50_image,187.183,82.23661214667806
1790650949,513,9,transition,vgg16_image,476.781,317.607476635514
1790650949,513,9,transition,vit_base_image,126.198,122.60061919504642
1790650949,513,9,transition,gpt2_p64_o64,1.456,0.0
1790650949,513,9,transition,gpt2_p512_o512,0.18,0.0
1790650949,513,9,transition,llama_p1024_o128,0,0.0
1790650949,513,9,transition,llama_p2048_o64,0,0.0
1790650950,514,9,transition,resnet50_image,187.183,82.23661214667806
1790650950,514,9,transition,vgg16_image,476.781,317.607476635514
1790650950,514,9,transition,vit_base_image,126.198,122.60061919504642
1790650950,514,9,transition,gpt2_p64_o64,1.456,0.0
1790650950,514,9,transition,gpt2_p512_o512,0.18,0.0
1790650950,514,9,transition,llama_p1024_o128,0,0.0
1790650950,514,9,transition,llama_p2048_o64,0,0.0
1790650951,515,9,transition,resnet50_image,187.183,82.23661214667806
1790650951,515,9,transition,vgg16_image,476.781,317.607476635514
1790650951,515,9,transition,vit_base_image,126.198,122.60061919504642
1790650951,515,9,transition,gpt2_p64_o64,1.456,0.0
1790650951,515,9,transition,gpt2_p512_o512,0.18,0.0
1790650951,515,9,transition,llama_p1024_o128,0,0.0
1790650951,515,9,transition,llama_p2048_o64,0,0.0
1790650952,516,9,transition,resnet50_image,187.183,82.23661214667806
1790650952,516,9,transition,vgg16_image,476.781,317.607476635514
1790650952,516,9,transition,vit_base_image,126.198,122.60061919504642
1790650952,516,9,transition,gpt2_p64_o64,1.456,0.0
1790650952,516,9,transition,gpt2_p512_o512,0.18,0.0
1790650952,516,9,transition,llama_p1024_o128,0,0.0
1790650952,516,9,transition,llama_p2048_o64,0,0.0
1790650953,517,9,transition,resnet50_image,187.183,82.23661214667806
1790650953,517,9,transition,vgg16_image,476.781,317.607476635514
1790650953,517,9,transition,vit_base_image,126.198,122.60061919504642
1790650953,517,9,transition,gpt2_p64_o64,1.456,0.0
1790650953,517,9,transition,gpt2_p512_o512,0.18,0.0
1790650953,517,9,transition,llama_p1024_o128,0,0.0
1790650953,517,9,transition,llama_p2048_o64,0,0.0
1790650954,518,9,transition,resnet50_image,187.183,82.23661214667806
1790650954,518,9,transition,vgg16_image,476.781,317.607476635514
1790650954,518,9,transition,vit_base_image,126.198,122.60061919504642
1790650954,518,9,transition,gpt2_p64_o64,1.456,0.0
1790650954,518,9,transition,gpt2_p512_o512,0.18,0.0
1790650954,518,9,transition,llama_p1024_o128,0,0.0
1790650954,518,9,transition,llama_p2048_o64,0,0.0
1790650955,519,9,transition,resnet50_image,187.183,82.23661214667806
1790650955,519,9,transition,vgg16_image,476.781,317.607476635514
1790650955,519,9,transition,vit_base_image,126.198,122.60061919504642
1790650955,519,9,transition,gpt2_p64_o64,1.456,0.0
1790650955,519,9,transition,gpt2_p512_o512,0.18,0.0
1790650955,519,9,transition,llama_p1024_o128,0,0.0
1790650955,519,9,transition,llama_p2048_o64,0,0.0
1790650956,520,9,transition,resnet50_image,187.183,82.23661214667806
1790650956,520,9,transition,vgg16_image,476.781,317.607476635514
1790650956,520,9,transition,vit_base_image,126.198,122.60061919504642
1790650956,520,9,transition,gpt2_p64_o64,1.456,0.0
1790650956,520,9,transition,gpt2_p512_o512,0.18,0.0
1790650956,520,9,transition,llama_p1024_o128,0,0.0
1790650956,520,9,transition,llama_p2048_o64,0,0.0
1790650957,521,9,transition,resnet50_image,187.183,82.23661214667806
1790650957,521,9,transition,vgg16_image,476.781,317.607476635514
1790650957,521,9,transition,vit_base_image,126.198,122.60061919504642
1790650957,521,9,transition,gpt2_p64_o64,1.456,0.0
1790650957,521,9,transition,gpt2_p512_o512,0.18,0.0
1790650957,521,9,transition,llama_p1024_o128,0,0.0
1790650957,521,9,transition,llama_p2048_o64,0,0.0
1790650958,522,9,transition,resnet50_image,187.183,82.23661214667806
1790650958,522,9,transition,vgg16_image,476.781,317.607476635514
1790650958,522,9,transition,vit_base_image,126.198,122.60061919504642
1790650958,522,9,transition,gpt2_p64_o64,1.456,0.0
1790650958,522,9,transition,gpt2_p512_o512,0.18,0.0
1790650958,522,9,transition,llama_p1024_o128,0,0.0
1790650958,522,9,transition,llama_p2048_o64,0,0.0
1790650959,523,9,transition,resnet50_image,187.183,82.23661214667806
1790650959,523,9,transition,vgg16_image,476.781,317.607476635514
1790650959,523,9,transition,vit_base_image,126.198,122.60061919504642
1790650959,523,9,transition,gpt2_p64_o64,1.456,0.0
1790650959,523,9,transition,gpt2_p512_o512,0.18,0.0
1790650959,523,9,transition,llama_p1024_o128,0,0.0
1790650959,523,9,transition,llama_p2048_o64,0,0.0
1790650960,524,9,transition,resnet50_image,187.183,82.23661214667806
1790650960,524,9,transition,vgg16_image,476.781,317.607476635514
1790650960,524,9,transition,vit_base_image,126.198,122.60061919504642
1790650960,524,9,transition,gpt2_p64_o64,1.456,0.0
1790650960,524,9,transition,gpt2_p512_o512,0.18,0.0
1790650960,524,9,transition,llama_p1024_o128,0,0.0
1790650960,524,9,transition,llama_p2048_o64,0,0.0
1790650961,525,9,transition,resnet50_image,187.183,82.23661214667806
1790650961,525,9,transition,vgg16_image,476.781,317.607476635514
1790650961,525,9,transition,vit_base_image,126.198,122.60061919504642
1790650961,525,9,transition,gpt2_p64_o64,1.456,0.0
1790650961,525,9,transition,gpt2_p512_o512,0.18,0.0
1790650961,525,9,transition,llama_p1024_o128,0,0.0
1790650961,525,9,transition,llama_p2048_o64,0,0.0
1790650962,526,9,transition,resnet50_image,187.183,82.23661214667806
1790650962,526,9,transition,vgg16_image,476.781,317.607476635514
1790650962,526,9,transition,vit_base_image,126.198,122.60061919504642
1790650962,526,9,transition,gpt2_p64_o64,1.456,0.0
1790650962,526,9,transition,gpt2_p512_o512,0.18,0.0
1790650962,526,9,transition,llama_p1024_o128,0,0.0
1790650962,526,9,transition,llama_p2048_o64,0,0.0
1790650963,527,9,transition,resnet50_image,187.183,82.23661214667806
1790650963,527,9,transition,vgg16_image,476.781,317.607476635514
1790650963,527,9,transition,vit_base_image,126.198,122.60061919504642
1790650963,527,9,transition,gpt2_p64_o64,1.456,0.0
1790650963,527,9,transition,gpt2_p512_o512,0.18,0.0
1790650963,527,9,transition,llama_p1024_o128,0,0.0
1790650963,527,9,transition,llama_p2048_o64,0,0.0
1790650964,528,9,transition,resnet50_image,187.183,82.23661214667806
1790650964,528,9,transition,vgg16_image,476.781,317.607476635514
1790650964,528,9,transition,vit_base_image,126.198,122.60061919504642
1790650964,528,9,transition,gpt2_p64_o64,1.456,0.0
1790650964,528,9,transition,gpt2_p512_o512,0.18,0.0
1790650964,528,9,transition,llama_p1024_o128,0,0.0
1790650964,528,9,transition,llama_p2048_o64,0,0.0
1790650965,529,9,transition,resnet50_image,187.183,82.23661214667806
1790650965,529,9,transition,vgg16_image,476.781,317.607476635514
1790650965,529,9,transition,vit_base_image,126.198,122.60061919504642
1790650965,529,9,transition,gpt2_p64_o64,1.456,0.0
1790650965,529,9,transition,gpt2_p512_o512,0.18,0.0
1790650965,529,9,transition,llama_p1024_o128,0,0.0
1790650965,529,9,transition,llama_p2048_o64,0,0.0
1790650966,530,9,transition,resnet50_image,187.183,82.23661214667806
1790650966,530,9,transition,vgg16_image,476.781,317.607476635514
1790650966,530,9,transition,vit_base_image,126.198,122.60061919504642
1790650966,530,9,transition,gpt2_p64_o64,1.456,0.0
1790650966,530,9,transition,gpt2_p512_o512,0.18,0.0
1790650966,530,9,transition,llama_p1024_o128,0,0.0
1790650966,530,9,transition,llama_p2048_o64,0,0.0
1790650967,531,9,steady,resnet50_image,187.183,100.61363406976928
1790650967,531,9,steady,vgg16_image,476.781,474.79626168224297
1790650967,531,9,steady,vit_base_image,126.198,122.60061919504642
1790650967,531,9,steady,gpt2_p64_o64,1.456,0.232258064516129
1790650967,531,9,steady,gpt2_p512_o512,0.18,0.0853080568720379
1790650967,531,9,steady,llama_p1024_o128,0,0.0
1790650967,531,9,steady,llama_p2048_o64,0.655,0.1795511221945137
1790650968,532,9,steady,resnet50_image,187.183,100.61363406976928
1790650968,532,9,steady,vgg16_image,476.781,474.79626168224297
1790650968,532,9,steady,vit_base_image,126.198,122.60061919504642
1790650968,532,9,steady,gpt2_p64_o64,1.456,0.232258064516129
1790650968,532,9,steady,gpt2_p512_o512,0.18,0.0853080568720379
1790650968,532,9,steady,llama_p1024_o128,0,0.0
1790650968,532,9,steady,llama_p2048_o64,0.655,0.1795511221945137
1790650969,533,9,steady,resnet50_image,187.183,100.61363406976928
1790650969,533,9,steady,vgg16_image,476.781,474.79626168224297
1790650969,533,9,steady,vit_base_image,126.198,122.60061919504642
1790650969,533,9,steady,gpt2_p64_o64,1.456,0.232258064516129
1790650969,533,9,steady,gpt2_p512_o512,0.18,0.0853080568720379
1790650969,533,9,steady,llama_p1024_o128,0,0.0
1790650969,533,9,steady,llama_p2048_o64,0.655,0.1795511221945137
1790650970,534,9,steady,resnet50_image,187.183,100.61363406976928
1790650970,534,9,steady,vgg16_image,476.781,474.79626168224297
1790650970,534,9,steady,vit_base_image,126.198,122.60061919504642
1790650970,534,9,steady,gpt2_p64_o64,1.456,0.232258064516129
1790650970,534,9,steady,gpt2_p512_o512,0.18,0.0853080568720379
1790650970,534,9,steady,llama_p1024_o128,0,0.0
1790650970,534,9,steady,llama_p2048_o64,0.655,0.1795511221945137
1790650971,535,9,steady,resnet50_image,187.183,100.61363406976928
1790650971,535,9,steady,vgg16_image,476.781,474.79626168224297
1790650971,535,9,steady,vit_base_image,126.198,122.60061919504642
1790650971,535,9,steady,gpt2_p64_o64,1.456,0.232258064516129
1790650971,535,9,steady,gpt2_p512_o512,0.18,0.0853080568720379
1790650971,535,9,steady,llama_p1024_o128,0,0.0
1790650971,535,9,steady,llama_p2048_o64,0.655,0.1795511221945137
1790650972,536,9,steady,resnet50_image,187.183,100.61363406976928
1790650972,536,9,steady,vgg16_image,476.781,474.79626168224297
1790650972,536,9,steady,vit_base_image,126.198,122.60061919504642
1790650972,536,9,steady,gpt2_p64_o64,1.456,0.232258064516129
1790650972,536,9,steady,gpt2_p512_o512,0.18,0.0853080568720379
1790650972,536,9,steady,llama_p1024_o128,0,0.0
1790650972,536,9,steady,llama_p2048_o64,0.655,0.1795511221945137
1790650973,537,9,steady,resnet50_image,187.183,100.61363406976928
1790650973,537,9,steady,vgg16_image,476.781,474.79626168224297
1790650973,537,9,steady,vit_base_image,126.198,122.60061919504642
1790650973,537,9,steady,gpt2_p64_o64,1.456,0.232258064516129
1790650973,537,9,steady,gpt2_p512_o512,0.18,0.0853080568720379
1790650973,537,9,steady,llama_p1024_o128,0,0.0
1790650973,537,9,steady,llama_p2048_o64,0.655,0.1795511221945137
1790650974,538,9,steady,resnet50_image,187.183,100.61363406976928
1790650974,538,9,steady,vgg16_image,476.781,474.79626168224297
1790650974,538,9,steady,vit_base_image,126.198,122.60061919504642
1790650974,538,9,steady,gpt2_p64_o64,1.456,0.232258064516129
1790650974,538,9,steady,gpt2_p512_o512,0.18,0.0853080568720379
1790650974,538,9,steady,llama_p1024_o128,0,0.0
1790650974,538,9,steady,llama_p2048_o64,0.655,0.1795511221945137
1790650975,539,9,steady,resnet50_image,187.183,100.61363406976928
1790650975,539,9,steady,vgg16_image,476.781,474.79626168224297
1790650975,539,9,steady,vit_base_image,126.198,122.60061919504642
1790650975,539,9,steady,gpt2_p64_o64,1.456,0.232258064516129
1790650975,539,9,steady,gpt2_p512_o512,0.18,0.0853080568720379
1790650975,539,9,steady,llama_p1024_o128,0,0.0
1790650975,539,9,steady,llama_p2048_o64,0.655,0.1795511221945137
1790650976,540,9,steady,resnet50_image,187.183,100.61363406976928
1790650976,540,9,steady,vgg16_image,476.781,474.79626168224297
1790650976,540,9,steady,vit_base_image,126.198,122.60061919504642
1790650976,540,9,steady,gpt2_p64_o64,1.456,0.232258064516129
1790650976,540,9,steady,gpt2_p512_o512,0.18,0.0853080568720379
1790650976,540,9,steady,llama_p1024_o128,0,0.0
1790650976,540,9,steady,llama_p2048_o64,0.655,0.1795511221945137
1790650977,541,9,steady,resnet50_image,187.183,100.61363406976928
1790650977,541,9,steady,vgg16_image,476.781,474.79626168224297
1790650977,541,9,steady,vit_base_image,126.198,122.60061919504642
1790650977,541,9,steady,gpt2_p64_o64,1.456,0.232258064516129
1790650977,541,9,steady,gpt2_p512_o512,0.18,0.0853080568720379
1790650977,541,9,steady,llama_p1024_o128,0,0.0
1790650977,541,9,steady,llama_p2048_o64,0.655,0.1795511221945137
1790650978,542,9,steady,resnet50_image,187.183,100.61363406976928
1790650978,542,9,steady,vgg16_image,476.781,474.79626168224297
1790650978,542,9,steady,vit_base_image,126.198,122.60061919504642
1790650978,542,9,steady,gpt2_p64_o64,1.456,0.232258064516129
1790650978,542,9,steady,gpt2_p512_o512,0.18,0.0853080568720379
1790650978,542,9,steady,llama_p1024_o128,0,0.0
1790650978,542,9,steady,llama_p2048_o64,0.655,0.1795511221945137
1790650979,543,9,steady,resnet50_image,187.183,100.61363406976928
1790650979,543,9,steady,vgg16_image,476.781,474.79626168224297
1790650979,543,9,steady,vit_base_image,126.198,122.60061919504642
1790650979,543,9,steady,gpt2_p64_o64,1.456,0.232258064516129
1790650979,543,9,steady,gpt2_p512_o512,0.18,0.0853080568720379
1790650979,543,9,steady,llama_p1024_o128,0,0.0
1790650979,543,9,steady,llama_p2048_o64,0.655,0.1795511221945137
1790650980,544,9,steady,resnet50_image,187.183,100.61363406976928
1790650980,544,9,steady,vgg16_image,476.781,474.79626168224297
1790650980,544,9,steady,vit_base_image,126.198,122.60061919504642
1790650980,544,9,steady,gpt2_p64_o64,1.456,0.232258064516129
1790650980,544,9,steady,gpt2_p512_o512,0.18,0.0853080568720379
1790650980,544,9,steady,llama_p1024_o128,0,0.0
1790650980,544,9,steady,llama_p2048_o64,0.655,0.1795511221945137
1790650981,545,9,steady,resnet50_image,187.183,100.61363406976928
1790650981,545,9,steady,vgg16_image,476.781,474.79626168224297
1790650981,545,9,steady,vit_base_image,126.198,122.60061919504642
1790650981,545,9,steady,gpt2_p64_o64,1.456,0.232258064516129
1790650981,545,9,steady,gpt2_p512_o512,0.18,0.0853080568720379
1790650981,545,9,steady,llama_p1024_o128,0,0.0
1790650981,545,9,steady,llama_p2048_o64,0.655,0.1795511221945137
1790650982,546,9,steady,resnet50_image,187.183,100.61363406976928
1790650982,546,9,steady,vgg16_image,476.781,474.79626168224297
1790650982,546,9,steady,vit_base_image,126.198,122.60061919504642
1790650982,546,9,steady,gpt2_p64_o64,1.456,0.232258064516129
1790650982,546,9,steady,gpt2_p512_o512,0.18,0.0853080568720379
1790650982,546,9,steady,llama_p1024_o128,0,0.0
1790650982,546,9,steady,llama_p2048_o64,0.655,0.1795511221945137
1790650983,547,9,steady,resnet50_image,187.183,100.61363406976928
1790650983,547,9,steady,vgg16_image,476.781,474.79626168224297
1790650983,547,9,steady,vit_base_image,126.198,122.60061919504642
1790650983,547,9,steady,gpt2_p64_o64,1.456,0.232258064516129
1790650983,547,9,steady,gpt2_p512_o512,0.18,0.0853080568720379
1790650983,547,9,steady,llama_p1024_o128,0,0.0
1790650983,547,9,steady,llama_p2048_o64,0.655,0.1795511221945137
1790650984,548,9,steady,resnet50_image,187.183,100.61363406976928
1790650984,548,9,steady,vgg16_image,476.781,474.79626168224297
1790650984,548,9,steady,vit_base_image,126.198,122.60061919504642
1790650984,548,9,steady,gpt2_p64_o64,1.456,0.232258064516129
1790650984,548,9,steady,gpt2_p512_o512,0.18,0.0853080568720379
1790650984,548,9,steady,llama_p1024_o128,0,0.0
1790650984,548,9,steady,llama_p2048_o64,0.655,0.1795511221945137
1790650985,549,9,steady,resnet50_image,187.183,100.61363406976928
1790650985,549,9,steady,vgg16_image,476.781,474.79626168224297
1790650985,549,9,steady,vit_base_image,126.198,122.60061919504642
1790650985,549,9,steady,gpt2_p64_o64,1.456,0.232258064516129
1790650985,549,9,steady,gpt2_p512_o512,0.18,0.0853080568720379
1790650985,549,9,steady,llama_p1024_o128,0,0.0
1790650985,549,9,steady,llama_p2048_o64,0.655,0.1795511221945137
1790650986,550,9,steady,resnet50_image,187.183,100.61363406976928
1790650986,550,9,steady,vgg16_image,476.781,474.79626168224297
1790650986,550,9,steady,vit_base_image,126.198,122.60061919504642
1790650986,550,9,steady,gpt2_p64_o64,1.456,0.232258064516129
1790650986,550,9,steady,gpt2_p512_o512,0.18,0.0853080568720379
1790650986,550,9,steady,llama_p1024_o128,0,0.0
1790650986,550,9,steady,llama_p2048_o64,0.655,0.1795511221945137
1790650987,551,9,steady,resnet50_image,187.183,100.61363406976928
1790650987,551,9,steady,vgg16_image,476.781,474.79626168224297
1790650987,551,9,steady,vit_base_image,126.198,122.60061919504642
1790650987,551,9,steady,gpt2_p64_o64,1.456,0.232258064516129
1790650987,551,9,steady,gpt2_p512_o512,0.18,0.0853080568720379
1790650987,551,9,steady,llama_p1024_o128,0,0.0
1790650987,551,9,steady,llama_p2048_o64,0.655,0.1795511221945137
1790650988,552,9,steady,resnet50_image,187.183,100.61363406976928
1790650988,552,9,steady,vgg16_image,476.781,474.79626168224297
1790650988,552,9,steady,vit_base_image,126.198,122.60061919504642
1790650988,552,9,steady,gpt2_p64_o64,1.456,0.232258064516129
1790650988,552,9,steady,gpt2_p512_o512,0.18,0.0853080568720379
1790650988,552,9,steady,llama_p1024_o128,0,0.0
1790650988,552,9,steady,llama_p2048_o64,0.655,0.1795511221945137
1790650989,553,9,steady,resnet50_image,187.183,100.61363406976928
1790650989,553,9,steady,vgg16_image,476.781,474.79626168224297
1790650989,553,9,steady,vit_base_image,126.198,122.60061919504642
1790650989,553,9,steady,gpt2_p64_o64,1.456,0.232258064516129
1790650989,553,9,steady,gpt2_p512_o512,0.18,0.0853080568720379
1790650989,553,9,steady,llama_p1024_o128,0,0.0
1790650989,553,9,steady,llama_p2048_o64,0.655,0.1795511221945137
1790650990,554,9,steady,resnet50_image,187.183,100.61363406976928
1790650990,554,9,steady,vgg16_image,476.781,474.79626168224297
1790650990,554,9,steady,vit_base_image,126.198,122.60061919504642
1790650990,554,9,steady,gpt2_p64_o64,1.456,0.232258064516129
1790650990,554,9,steady,gpt2_p512_o512,0.18,0.0853080568720379
1790650990,554,9,steady,llama_p1024_o128,0,0.0
1790650990,554,9,steady,llama_p2048_o64,0.655,0.1795511221945137
1790650991,555,9,steady,resnet50_image,187.183,100.61363406976928
1790650991,555,9,steady,vgg16_image,476.781,474.79626168224297
1790650991,555,9,steady,vit_base_image,126.198,122.60061919504642
1790650991,555,9,steady,gpt2_p64_o64,1.456,0.232258064516129
1790650991,555,9,steady,gpt2_p512_o512,0.18,0.0853080568720379
1790650991,555,9,steady,llama_p1024_o128,0,0.0
1790650991,555,9,steady,llama_p2048_o64,0.655,0.1795511221945137
1790650992,556,9,steady,resnet50_image,187.183,100.61363406976928
1790650992,556,9,steady,vgg16_image,476.781,474.79626168224297
1790650992,556,9,steady,vit_base_image,126.198,122.60061919504642
1790650992,556,9,steady,gpt2_p64_o64,1.456,0.232258064516129
1790650992,556,9,steady,gpt2_p512_o512,0.18,0.0853080568720379
1790650992,556,9,steady,llama_p1024_o128,0,0.0
1790650992,556,9,steady,llama_p2048_o64,0.655,0.1795511221945137
1790650993,557,9,steady,resnet50_image,187.183,100.61363406976928
1790650993,557,9,steady,vgg16_image,476.781,474.79626168224297
1790650993,557,9,steady,vit_base_image,126.198,122.60061919504642
1790650993,557,9,steady,gpt2_p64_o64,1.456,0.232258064516129
1790650993,557,9,steady,gpt2_p512_o512,0.18,0.0853080568720379
1790650993,557,9,steady,llama_p1024_o128,0,0.0
1790650993,557,9,steady,llama_p2048_o64,0.655,0.1795511221945137
1790650994,558,9,steady,resnet50_image,187.183,100.61363406976928
1790650994,558,9,steady,vgg16_image,476.781,474.79626168224297
1790650994,558,9,steady,vit_base_image,126.198,122.60061919504642
1790650994,558,9,steady,gpt2_p64_o64,1.456,0.232258064516129
1790650994,558,9,steady,gpt2_p512_o512,0.18,0.0853080568720379
1790650994,558,9,steady,llama_p1024_o128,0,0.0
1790650994,558,9,steady,llama_p2048_o64,0.655,0.1795511221945137
1790650995,559,9,steady,resnet50_image,187.183,100.61363406976928
1790650995,559,9,steady,vgg16_image,476.781,474.79626168224297
1790650995,559,9,steady,vit_base_image,126.198,122.60061919504642
1790650995,559,9,steady,gpt2_p64_o64,1.456,0.232258064516129
1790650995,559,9,steady,gpt2_p512_o512,0.18,0.0853080568720379
1790650995,559,9,steady,llama_p1024_o128,0,0.0
1790650995,559,9,steady,llama_p2048_o64,0.655,0.1795511221945137
1790650996,560,9,steady,resnet50_image,187.183,100.61363406976928
1790650996,560,9,steady,vgg16_image,476.781,474.79626168224297
1790650996,560,9,steady,vit_base_image,126.198,122.60061919504642
1790650996,560,9,steady,gpt2_p64_o64,1.456,0.232258064516129
1790650996,560,9,steady,gpt2_p512_o512,0.18,0.0853080568720379
1790650996,560,9,steady,llama_p1024_o128,0,0.0
1790650996,560,9,steady,llama_p2048_o64,0.655,0.1795511221945137
1790650997,561,,,resnet50_image,187.183,
1790650997,561,,,vgg16_image,476.781,
1790650997,561,,,vit_base_image,126.198,
1790650997,561,,,gpt2_p64_o64,1.456,
1790650997,561,,,gpt2_p512_o512,0.18,
1790650997,561,,,llama_p1024_o128,0,
1790650997,561,,,llama_p2048_o64,0.655,
1790650998,562,,,resnet50_image,187.183,
1790650998,562,,,vgg16_image,476.781,
1790650998,562,,,vit_base_image,126.198,
1790650998,562,,,gpt2_p64_o64,1.456,
1790650998,562,,,gpt2_p512_o512,0.18,
1790650998,562,,,llama_p1024_o128,0,
1790650998,562,,,llama_p2048_o64,0.655,
1790650999,563,,,resnet50_image,187.183,
1790650999,563,,,vgg16_image,476.781,
1790650999,563,,,vit_base_image,126.198,
1790650999,563,,,gpt2_p64_o64,1.456,
1790650999,563,,,gpt2_p512_o512,0.18,
1790650999,563,,,llama_p1024_o128,0,
1790650999,563,,,llama_p2048_o64,0.655,
1790651000,564,,,resnet50_image,187.183,
1790651000,564,,,vgg16_image,476.781,
1790651000,564,,,vit_base_image,126.198,
1790651000,564,,,gpt2_p64_o64,1.456,
1790651000,564,,,gpt2_p512_o512,0.18,
1790651000,564,,,llama_p1024_o128,0,
1790651000,564,,,llama_p2048_o64,0.655,
1790651001,565,,,resnet50_image,187.183,
1790651001,565,,,vgg16_image,476.781,
1790651001,565,,,vit_base_image,126.198,
1790651001,565,,,gpt2_p64_o64,1.456,
1790651001,565,,,gpt2_p512_o512,0.18,
1790651001,565,,,llama_p1024_o128,0,
1790651001,565,,,llama_p2048_o64,0.655,
1790651002,566,,,resnet50_image,187.183,
1790651002,566,,,vgg16_image,476.781,
1790651002,566,,,vit_base_image,126.198,
1790651002,566,,,gpt2_p64_o64,1.456,
1790651002,566,,,gpt2_p512_o512,0.18,
1790651002,566,,,llama_p1024_o128,0,
1790651002,566,,,llama_p2048_o64,0.655,
1790651003,567,,,resnet50_image,187.183,
1790651003,567,,,vgg16_image,476.781,
1790651003,567,,,vit_base_image,126.198,
1790651003,567,,,gpt2_p64_o64,1.456,
1790651003,567,,,gpt2_p512_o512,0.18,
1790651003,567,,,llama_p1024_o128,0,
1790651003,567,,,llama_p2048_o64,0.655,
1790651004,568,10,transition,resnet50_image,187.183,100.61363406976928
1790651004,568,10,transition,vgg16_image,476.781,444.6504672897196
1790651004,568,10,transition,vit_base_image,126.198,73.56037151702786
1790651004,568,10,transition,gpt2_p64_o64,1.456,0.232258064516129
1790651004,568,10,transition,gpt2_p512_o512,0.18,0.0853080568720379
1790651004,568,10,transition,llama_p1024_o128,0,0.0
1790651004,568,10,transition,llama_p2048_o64,0.655,0.0
1790651005,569,10,transition,resnet50_image,187.183,100.61363406976928
1790651005,569,10,transition,vgg16_image,476.781,444.6504672897196
1790651005,569,10,transition,vit_base_image,126.198,73.56037151702786
1790651005,569,10,transition,gpt2_p64_o64,1.456,0.232258064516129
1790651005,569,10,transition,gpt2_p512_o512,0.18,0.0853080568720379
1790651005,569,10,transition,llama_p1024_o128,0,0.0
1790651005,569,10,transition,llama_p2048_o64,0.655,0.0
1790651006,570,10,transition,resnet50_image,187.183,100.61363406976928
1790651006,570,10,transition,vgg16_image,476.781,444.6504672897196
1790651006,570,10,transition,vit_base_image,126.198,73.56037151702786
1790651006,570,10,transition,gpt2_p64_o64,1.456,0.232258064516129
1790651006,570,10,transition,gpt2_p512_o512,0.18,0.0853080568720379
1790651006,570,10,transition,llama_p1024_o128,0,0.0
1790651006,570,10,transition,llama_p2048_o64,0.655,0.0
1790651007,571,10,transition,resnet50_image,187.183,100.61363406976928
1790651007,571,10,transition,vgg16_image,476.781,444.6504672897196
1790651007,571,10,transition,vit_base_image,126.198,73.56037151702786
1790651007,571,10,transition,gpt2_p64_o64,1.456,0.232258064516129
1790651007,571,10,transition,gpt2_p512_o512,0.18,0.0853080568720379
1790651007,571,10,transition,llama_p1024_o128,0,0.0
1790651007,571,10,transition,llama_p2048_o64,0.655,0.0
1790651008,572,10,transition,resnet50_image,187.183,100.61363406976928
1790651008,572,10,transition,vgg16_image,476.781,444.6504672897196
1790651008,572,10,transition,vit_base_image,126.198,73.56037151702786
1790651008,572,10,transition,gpt2_p64_o64,1.456,0.232258064516129
1790651008,572,10,transition,gpt2_p512_o512,0.18,0.0853080568720379
1790651008,572,10,transition,llama_p1024_o128,0,0.0
1790651008,572,10,transition,llama_p2048_o64,0.655,0.0
1790651009,573,10,transition,resnet50_image,187.183,100.61363406976928
1790651009,573,10,transition,vgg16_image,476.781,444.6504672897196
1790651009,573,10,transition,vit_base_image,126.198,73.56037151702786
1790651009,573,10,transition,gpt2_p64_o64,1.456,0.232258064516129
1790651009,573,10,transition,gpt2_p512_o512,0.18,0.0853080568720379
1790651009,573,10,transition,llama_p1024_o128,0,0.0
1790651009,573,10,transition,llama_p2048_o64,0.655,0.0
1790651010,574,10,transition,resnet50_image,187.183,100.61363406976928
1790651010,574,10,transition,vgg16_image,476.781,444.6504672897196
1790651010,574,10,transition,vit_base_image,126.198,73.56037151702786
1790651010,574,10,transition,gpt2_p64_o64,1.456,0.232258064516129
1790651010,574,10,transition,gpt2_p512_o512,0.18,0.0853080568720379
1790651010,574,10,transition,llama_p1024_o128,0,0.0
1790651010,574,10,transition,llama_p2048_o64,0.655,0.0
1790651011,575,10,transition,resnet50_image,187.183,100.61363406976928
1790651011,575,10,transition,vgg16_image,476.781,444.6504672897196
1790651011,575,10,transition,vit_base_image,126.198,73.56037151702786
1790651011,575,10,transition,gpt2_p64_o64,1.456,0.232258064516129
1790651011,575,10,transition,gpt2_p512_o512,0.18,0.0853080568720379
1790651011,575,10,transition,llama_p1024_o128,0,0.0
1790651011,575,10,transition,llama_p2048_o64,0.655,0.0
1790651012,576,10,transition,resnet50_image,187.183,100.61363406976928
1790651012,576,10,transition,vgg16_image,476.781,444.6504672897196
1790651012,576,10,transition,vit_base_image,126.198,73.56037151702786
1790651012,576,10,transition,gpt2_p64_o64,1.456,0.232258064516129
1790651012,576,10,transition,gpt2_p512_o512,0.18,0.0853080568720379
1790651012,576,10,transition,llama_p1024_o128,0,0.0
1790651012,576,10,transition,llama_p2048_o64,0.655,0.0
1790651013,577,10,transition,resnet50_image,187.183,100.61363406976928
1790651013,577,10,transition,vgg16_image,476.781,444.6504672897196
1790651013,577,10,transition,vit_base_image,100.828,73.56037151702786
1790651013,577,10,transition,gpt2_p64_o64,1.456,0.232258064516129
1790651013,577,10,transition,gpt2_p512_o512,0.18,0.0853080568720379
1790651013,577,10,transition,llama_p1024_o128,0,0.0
1790651013,577,10,transition,llama_p2048_o64,0,0.0
1790651014,578,10,transition,resnet50_image,187.183,100.61363406976928
1790651014,578,10,transition,vgg16_image,476.781,444.6504672897196
1790651014,578,10,transition,vit_base_image,100.828,73.56037151702786
1790651014,578,10,transition,gpt2_p64_o64,1.456,0.232258064516129
1790651014,578,10,transition,gpt2_p512_o512,0.18,0.0853080568720379
1790651014,578,10,transition,llama_p1024_o128,0,0.0
1790651014,578,10,transition,llama_p2048_o64,0,0.0
1790651015,579,10,transition,resnet50_image,187.183,100.61363406976928
1790651015,579,10,transition,vgg16_image,476.781,444.6504672897196
1790651015,579,10,transition,vit_base_image,100.828,73.56037151702786
1790651015,579,10,transition,gpt2_p64_o64,1.456,0.232258064516129
1790651015,579,10,transition,gpt2_p512_o512,0.18,0.0853080568720379
1790651015,579,10,transition,llama_p1024_o128,0,0.0
1790651015,579,10,transition,llama_p2048_o64,0,0.0
1790651016,580,10,transition,resnet50_image,187.183,100.61363406976928
1790651016,580,10,transition,vgg16_image,476.781,444.6504672897196
1790651016,580,10,transition,vit_base_image,100.828,73.56037151702786
1790651016,580,10,transition,gpt2_p64_o64,1.456,0.232258064516129
1790651016,580,10,transition,gpt2_p512_o512,0.18,0.0853080568720379
1790651016,580,10,transition,llama_p1024_o128,0,0.0
1790651016,580,10,transition,llama_p2048_o64,0,0.0
1790651017,581,10,transition,resnet50_image,187.183,100.61363406976928
1790651017,581,10,transition,vgg16_image,476.781,444.6504672897196
1790651017,581,10,transition,vit_base_image,100.828,73.56037151702786
1790651017,581,10,transition,gpt2_p64_o64,1.456,0.232258064516129
1790651017,581,10,transition,gpt2_p512_o512,0.18,0.0853080568720379
1790651017,581,10,transition,llama_p1024_o128,0,0.0
1790651017,581,10,transition,llama_p2048_o64,0,0.0
1790651018,582,10,transition,resnet50_image,187.183,100.61363406976928
1790651018,582,10,transition,vgg16_image,476.781,444.6504672897196
1790651018,582,10,transition,vit_base_image,100.828,73.56037151702786
1790651018,582,10,transition,gpt2_p64_o64,1.456,0.232258064516129
1790651018,582,10,transition,gpt2_p512_o512,0.18,0.0853080568720379
1790651018,582,10,transition,llama_p1024_o128,0,0.0
1790651018,582,10,transition,llama_p2048_o64,0,0.0
1790651019,583,10,transition,resnet50_image,187.183,100.61363406976928
1790651019,583,10,transition,vgg16_image,476.781,444.6504672897196
1790651019,583,10,transition,vit_base_image,100.828,73.56037151702786
1790651019,583,10,transition,gpt2_p64_o64,1.456,0.232258064516129
1790651019,583,10,transition,gpt2_p512_o512,0.18,0.0853080568720379
1790651019,583,10,transition,llama_p1024_o128,0,0.0
1790651019,583,10,transition,llama_p2048_o64,0,0.0
1790651020,584,10,transition,resnet50_image,187.183,100.61363406976928
1790651020,584,10,transition,vgg16_image,476.781,444.6504672897196
1790651020,584,10,transition,vit_base_image,100.828,73.56037151702786
1790651020,584,10,transition,gpt2_p64_o64,1.456,0.232258064516129
1790651020,584,10,transition,gpt2_p512_o512,0.18,0.0853080568720379
1790651020,584,10,transition,llama_p1024_o128,0,0.0
1790651020,584,10,transition,llama_p2048_o64,0,0.0
1790651021,585,10,steady,resnet50_image,187.183,109.74604911579873
1790651021,585,10,steady,vgg16_image,476.781,444.6504672897196
1790651021,585,10,steady,vit_base_image,100.828,73.56037151702786
1790651021,585,10,steady,gpt2_p64_o64,1.456,0.232258064516129
1790651021,585,10,steady,gpt2_p512_o512,0.18,0.0853080568720379
1790651021,585,10,steady,llama_p1024_o128,0,0.0
1790651021,585,10,steady,llama_p2048_o64,0,0.0
1790651022,586,10,steady,resnet50_image,187.183,109.74604911579873
1790651022,586,10,steady,vgg16_image,476.781,444.6504672897196
1790651022,586,10,steady,vit_base_image,100.828,73.56037151702786
1790651022,586,10,steady,gpt2_p64_o64,1.456,0.232258064516129
1790651022,586,10,steady,gpt2_p512_o512,0.18,0.0853080568720379
1790651022,586,10,steady,llama_p1024_o128,0,0.0
1790651022,586,10,steady,llama_p2048_o64,0,0.0
1790651023,587,10,steady,resnet50_image,187.183,109.74604911579873
1790651023,587,10,steady,vgg16_image,476.781,444.6504672897196
1790651023,587,10,steady,vit_base_image,100.828,73.56037151702786
1790651023,587,10,steady,gpt2_p64_o64,1.456,0.232258064516129
1790651023,587,10,steady,gpt2_p512_o512,0.18,0.0853080568720379
1790651023,587,10,steady,llama_p1024_o128,0,0.0
1790651023,587,10,steady,llama_p2048_o64,0,0.0
1790651024,588,10,steady,resnet50_image,187.183,109.74604911579873
1790651024,588,10,steady,vgg16_image,476.781,444.6504672897196
1790651024,588,10,steady,vit_base_image,100.828,73.56037151702786
1790651024,588,10,steady,gpt2_p64_o64,1.456,0.232258064516129
1790651024,588,10,steady,gpt2_p512_o512,0.18,0.0853080568720379
1790651024,588,10,steady,llama_p1024_o128,0,0.0
1790651024,588,10,steady,llama_p2048_o64,0,0.0
1790651025,589,10,steady,resnet50_image,187.183,109.74604911579873
1790651025,589,10,steady,vgg16_image,476.781,444.6504672897196
1790651025,589,10,steady,vit_base_image,100.828,73.56037151702786
1790651025,589,10,steady,gpt2_p64_o64,1.456,0.232258064516129
1790651025,589,10,steady,gpt2_p512_o512,0.18,0.0853080568720379
1790651025,589,10,steady,llama_p1024_o128,0,0.0
1790651025,589,10,steady,llama_p2048_o64,0,0.0
1790651026,590,10,steady,resnet50_image,187.183,109.74604911579873
1790651026,590,10,steady,vgg16_image,476.781,444.6504672897196
1790651026,590,10,steady,vit_base_image,100.828,73.56037151702786
1790651026,590,10,steady,gpt2_p64_o64,1.456,0.232258064516129
1790651026,590,10,steady,gpt2_p512_o512,0.18,0.0853080568720379
1790651026,590,10,steady,llama_p1024_o128,0,0.0
1790651026,590,10,steady,llama_p2048_o64,0,0.0
1790651027,591,10,steady,resnet50_image,187.183,109.74604911579873
1790651027,591,10,steady,vgg16_image,476.781,444.6504672897196
1790651027,591,10,steady,vit_base_image,100.828,73.56037151702786
1790651027,591,10,steady,gpt2_p64_o64,1.456,0.232258064516129
1790651027,591,10,steady,gpt2_p512_o512,0.18,0.0853080568720379
1790651027,591,10,steady,llama_p1024_o128,0,0.0
1790651027,591,10,steady,llama_p2048_o64,0,0.0
1790651028,592,10,steady,resnet50_image,187.183,109.74604911579873
1790651028,592,10,steady,vgg16_image,476.781,444.6504672897196
1790651028,592,10,steady,vit_base_image,100.828,73.56037151702786
1790651028,592,10,steady,gpt2_p64_o64,1.456,0.232258064516129
1790651028,592,10,steady,gpt2_p512_o512,0.18,0.0853080568720379
1790651028,592,10,steady,llama_p1024_o128,0,0.0
1790651028,592,10,steady,llama_p2048_o64,0,0.0
1790651029,593,10,steady,resnet50_image,187.183,109.74604911579873
1790651029,593,10,steady,vgg16_image,476.781,444.6504672897196
1790651029,593,10,steady,vit_base_image,100.828,73.56037151702786
1790651029,593,10,steady,gpt2_p64_o64,1.456,0.232258064516129
1790651029,593,10,steady,gpt2_p512_o512,0.18,0.0853080568720379
1790651029,593,10,steady,llama_p1024_o128,0,0.0
1790651029,593,10,steady,llama_p2048_o64,0,0.0
1790651030,594,10,steady,resnet50_image,187.183,109.74604911579873
1790651030,594,10,steady,vgg16_image,476.781,444.6504672897196
1790651030,594,10,steady,vit_base_image,100.828,73.56037151702786
1790651030,594,10,steady,gpt2_p64_o64,1.456,0.232258064516129
1790651030,594,10,steady,gpt2_p512_o512,0.18,0.0853080568720379
1790651030,594,10,steady,llama_p1024_o128,0,0.0
1790651030,594,10,steady,llama_p2048_o64,0,0.0
1790651031,595,10,steady,resnet50_image,187.183,109.74604911579873
1790651031,595,10,steady,vgg16_image,476.781,444.6504672897196
1790651031,595,10,steady,vit_base_image,100.828,73.56037151702786
1790651031,595,10,steady,gpt2_p64_o64,1.456,0.232258064516129
1790651031,595,10,steady,gpt2_p512_o512,0.18,0.0853080568720379
1790651031,595,10,steady,llama_p1024_o128,0,0.0
1790651031,595,10,steady,llama_p2048_o64,0,0.0
1790651032,596,10,steady,resnet50_image,187.183,109.74604911579873
1790651032,596,10,steady,vgg16_image,476.781,444.6504672897196
1790651032,596,10,steady,vit_base_image,100.828,73.56037151702786
1790651032,596,10,steady,gpt2_p64_o64,1.456,0.232258064516129
1790651032,596,10,steady,gpt2_p512_o512,0.18,0.0853080568720379
1790651032,596,10,steady,llama_p1024_o128,0,0.0
1790651032,596,10,steady,llama_p2048_o64,0,0.0
1790651033,597,10,steady,resnet50_image,187.183,109.74604911579873
1790651033,597,10,steady,vgg16_image,476.781,444.6504672897196
1790651033,597,10,steady,vit_base_image,100.828,73.56037151702786
1790651033,597,10,steady,gpt2_p64_o64,1.456,0.232258064516129
1790651033,597,10,steady,gpt2_p512_o512,0.18,0.0853080568720379
1790651033,597,10,steady,llama_p1024_o128,0,0.0
1790651033,597,10,steady,llama_p2048_o64,0,0.0
1790651034,598,10,steady,resnet50_image,187.183,109.74604911579873
1790651034,598,10,steady,vgg16_image,476.781,444.6504672897196
1790651034,598,10,steady,vit_base_image,100.828,73.56037151702786
1790651034,598,10,steady,gpt2_p64_o64,1.456,0.232258064516129
1790651034,598,10,steady,gpt2_p512_o512,0.18,0.0853080568720379
1790651034,598,10,steady,llama_p1024_o128,0,0.0
1790651034,598,10,steady,llama_p2048_o64,0,0.0
1790651035,599,10,steady,resnet50_image,187.183,109.74604911579873
1790651035,599,10,steady,vgg16_image,476.781,444.6504672897196
1790651035,599,10,steady,vit_base_image,100.828,73.56037151702786
1790651035,599,10,steady,gpt2_p64_o64,1.456,0.232258064516129
1790651035,599,10,steady,gpt2_p512_o512,0.18,0.0853080568720379
1790651035,599,10,steady,llama_p1024_o128,0,0.0
1790651035,599,10,steady,llama_p2048_o64,0,0.0
1790651036,600,10,steady,resnet50_image,187.183,109.74604911579873
1790651036,600,10,steady,vgg16_image,476.781,444.6504672897196
1790651036,600,10,steady,vit_base_image,100.828,73.56037151702786
1790651036,600,10,steady,gpt2_p64_o64,1.456,0.232258064516129
1790651036,600,10,steady,gpt2_p512_o512,0.18,0.0853080568720379
1790651036,600,10,steady,llama_p1024_o128,0,0.0
1790651036,600,10,steady,llama_p2048_o64,0,0.0
1790651037,601,10,steady,resnet50_image,187.183,109.74604911579873
1790651037,601,10,steady,vgg16_image,476.781,444.6504672897196
1790651037,601,10,steady,vit_base_image,100.828,73.56037151702786
1790651037,601,10,steady,gpt2_p64_o64,1.456,0.232258064516129
1790651037,601,10,steady,gpt2_p512_o512,0.18,0.0853080568720379
1790651037,601,10,steady,llama_p1024_o128,0,0.0
1790651037,601,10,steady,llama_p2048_o64,0,0.0
1790651038,602,10,steady,resnet50_image,187.183,109.74604911579873
1790651038,602,10,steady,vgg16_image,476.781,444.6504672897196
1790651038,602,10,steady,vit_base_image,100.828,73.56037151702786
1790651038,602,10,steady,gpt2_p64_o64,1.456,0.232258064516129
1790651038,602,10,steady,gpt2_p512_o512,0.18,0.0853080568720379
1790651038,602,10,steady,llama_p1024_o128,0,0.0
1790651038,602,10,steady,llama_p2048_o64,0,0.0
1790651039,603,10,steady,resnet50_image,187.183,109.74604911579873
1790651039,603,10,steady,vgg16_image,476.781,444.6504672897196
1790651039,603,10,steady,vit_base_image,100.828,73.56037151702786
1790651039,603,10,steady,gpt2_p64_o64,1.456,0.232258064516129
1790651039,603,10,steady,gpt2_p512_o512,0.18,0.0853080568720379
1790651039,603,10,steady,llama_p1024_o128,0,0.0
1790651039,603,10,steady,llama_p2048_o64,0,0.0
1790651040,604,10,steady,resnet50_image,187.183,109.74604911579873
1790651040,604,10,steady,vgg16_image,476.781,444.6504672897196
1790651040,604,10,steady,vit_base_image,100.828,73.56037151702786
1790651040,604,10,steady,gpt2_p64_o64,1.456,0.232258064516129
1790651040,604,10,steady,gpt2_p512_o512,0.18,0.0853080568720379
1790651040,604,10,steady,llama_p1024_o128,0,0.0
1790651040,604,10,steady,llama_p2048_o64,0,0.0
1790651041,605,10,steady,resnet50_image,187.183,109.74604911579873
1790651041,605,10,steady,vgg16_image,476.781,444.6504672897196
1790651041,605,10,steady,vit_base_image,100.828,73.56037151702786
1790651041,605,10,steady,gpt2_p64_o64,1.456,0.232258064516129
1790651041,605,10,steady,gpt2_p512_o512,0.18,0.0853080568720379
1790651041,605,10,steady,llama_p1024_o128,0,0.0
1790651041,605,10,steady,llama_p2048_o64,0,0.0
1790651042,606,10,steady,resnet50_image,187.183,109.74604911579873
1790651042,606,10,steady,vgg16_image,476.781,444.6504672897196
1790651042,606,10,steady,vit_base_image,100.828,73.56037151702786
1790651042,606,10,steady,gpt2_p64_o64,1.456,0.232258064516129
1790651042,606,10,steady,gpt2_p512_o512,0.18,0.0853080568720379
1790651042,606,10,steady,llama_p1024_o128,0,0.0
1790651042,606,10,steady,llama_p2048_o64,0,0.0
1790651043,607,10,steady,resnet50_image,187.183,109.74604911579873
1790651043,607,10,steady,vgg16_image,476.781,444.6504672897196
1790651043,607,10,steady,vit_base_image,100.828,73.56037151702786
1790651043,607,10,steady,gpt2_p64_o64,1.456,0.232258064516129
1790651043,607,10,steady,gpt2_p512_o512,0.18,0.0853080568720379
1790651043,607,10,steady,llama_p1024_o128,0,0.0
1790651043,607,10,steady,llama_p2048_o64,0,0.0
1790651044,608,10,steady,resnet50_image,187.183,109.74604911579873
1790651044,608,10,steady,vgg16_image,476.781,444.6504672897196
1790651044,608,10,steady,vit_base_image,100.828,73.56037151702786
1790651044,608,10,steady,gpt2_p64_o64,1.456,0.232258064516129
1790651044,608,10,steady,gpt2_p512_o512,0.18,0.0853080568720379
1790651044,608,10,steady,llama_p1024_o128,0,0.0
1790651044,608,10,steady,llama_p2048_o64,0,0.0
1790651045,609,10,steady,resnet50_image,187.183,109.74604911579873
1790651045,609,10,steady,vgg16_image,476.781,444.6504672897196
1790651045,609,10,steady,vit_base_image,100.828,73.56037151702786
1790651045,609,10,steady,gpt2_p64_o64,1.456,0.232258064516129
1790651045,609,10,steady,gpt2_p512_o512,0.18,0.0853080568720379
1790651045,609,10,steady,llama_p1024_o128,0,0.0
1790651045,609,10,steady,llama_p2048_o64,0,0.0
1790651046,610,10,steady,resnet50_image,187.183,109.74604911579873
1790651046,610,10,steady,vgg16_image,476.781,444.6504672897196
1790651046,610,10,steady,vit_base_image,100.828,73.56037151702786
1790651046,610,10,steady,gpt2_p64_o64,1.456,0.232258064516129
1790651046,610,10,steady,gpt2_p512_o512,0.18,0.0853080568720379
1790651046,610,10,steady,llama_p1024_o128,0,0.0
1790651046,610,10,steady,llama_p2048_o64,0,0.0
1790651047,611,10,steady,resnet50_image,187.183,109.74604911579873
1790651047,611,10,steady,vgg16_image,476.781,444.6504672897196
1790651047,611,10,steady,vit_base_image,100.828,73.56037151702786
1790651047,611,10,steady,gpt2_p64_o64,1.456,0.232258064516129
1790651047,611,10,steady,gpt2_p512_o512,0.18,0.0853080568720379
1790651047,611,10,steady,llama_p1024_o128,0,0.0
1790651047,611,10,steady,llama_p2048_o64,0,0.0
1790651048,612,10,steady,resnet50_image,187.183,109.74604911579873
1790651048,612,10,steady,vgg16_image,476.781,444.6504672897196
1790651048,612,10,steady,vit_base_image,100.828,73.56037151702786
1790651048,612,10,steady,gpt2_p64_o64,1.456,0.232258064516129
1790651048,612,10,steady,gpt2_p512_o512,0.18,0.0853080568720379
1790651048,612,10,steady,llama_p1024_o128,0,0.0
1790651048,612,10,steady,llama_p2048_o64,0,0.0
1790651049,613,10,steady,resnet50_image,187.183,109.74604911579873
1790651049,613,10,steady,vgg16_image,476.781,444.6504672897196
1790651049,613,10,steady,vit_base_image,100.828,73.56037151702786
1790651049,613,10,steady,gpt2_p64_o64,1.456,0.232258064516129
1790651049,613,10,steady,gpt2_p512_o512,0.18,0.0853080568720379
1790651049,613,10,steady,llama_p1024_o128,0,0.0
1790651049,613,10,steady,llama_p2048_o64,0,0.0
1790651050,614,10,steady,resnet50_image,187.183,109.74604911579873
1790651050,614,10,steady,vgg16_image,476.781,444.6504672897196
1790651050,614,10,steady,vit_base_image,100.828,73.56037151702786
1790651050,614,10,steady,gpt2_p64_o64,1.456,0.232258064516129
1790651050,614,10,steady,gpt2_p512_o512,0.18,0.0853080568720379
1790651050,614,10,steady,llama_p1024_o128,0,0.0
1790651050,614,10,steady,llama_p2048_o64,0,0.0
1790651051,615,,,resnet50_image,187.183,
1790651051,615,,,vgg16_image,476.781,
1790651051,615,,,vit_base_image,100.828,
1790651051,615,,,gpt2_p64_o64,1.456,
1790651051,615,,,gpt2_p512_o512,0.18,
1790651051,615,,,llama_p1024_o128,0,
1790651051,615,,,llama_p2048_o64,0,
1790651052,616,,,resnet50_image,187.183,
1790651052,616,,,vgg16_image,476.781,
1790651052,616,,,vit_base_image,100.828,
1790651052,616,,,gpt2_p64_o64,1.456,
1790651052,616,,,gpt2_p512_o512,0.18,
1790651052,616,,,llama_p1024_o128,0,
1790651052,616,,,llama_p2048_o64,0,
1790651053,617,,,resnet50_image,187.183,
1790651053,617,,,vgg16_image,476.781,
1790651053,617,,,vit_base_image,100.828,
1790651053,617,,,gpt2_p64_o64,1.456,
1790651053,617,,,gpt2_p512_o512,0.18,
1790651053,617,,,llama_p1024_o128,0,
1790651053,617,,,llama_p2048_o64,0,
1790651054,618,,,resnet50_image,187.183,
1790651054,618,,,vgg16_image,476.781,
1790651054,618,,,vit_base_image,100.828,
1790651054,618,,,gpt2_p64_o64,1.456,
1790651054,618,,,gpt2_p512_o512,0.18,
1790651054,618,,,llama_p1024_o128,0,
1790651054,618,,,llama_p2048_o64,0,
1790651055,619,,,resnet50_image,187.183,
1790651055,619,,,vgg16_image,476.781,
1790651055,619,,,vit_base_image,100.828,
1790651055,619,,,gpt2_p64_o64,1.456,
1790651055,619,,,gpt2_p512_o512,0.18,
1790651055,619,,,llama_p1024_o128,0,
1790651055,619,,,llama_p2048_o64,0,
1790651056,620,,,resnet50_image,187.183,
1790651056,620,,,vgg16_image,476.781,
1790651056,620,,,vit_base_image,100.828,
1790651056,620,,,gpt2_p64_o64,1.456,
1790651056,620,,,gpt2_p512_o512,0.18,
1790651056,620,,,llama_p1024_o128,0,
1790651056,620,,,llama_p2048_o64,0,
1790651057,621,,,resnet50_image,187.183,
1790651057,621,,,vgg16_image,476.781,
1790651057,621,,,vit_base_image,100.828,
1790651057,621,,,gpt2_p64_o64,1.456,
1790651057,621,,,gpt2_p512_o512,0.18,
1790651057,621,,,llama_p1024_o128,0,
1790651057,621,,,llama_p2048_o64,0,
1790651058,622,,,resnet50_image,187.183,
1790651058,622,,,vgg16_image,476.781,
1790651058,622,,,vit_base_image,100.828,
1790651058,622,,,gpt2_p64_o64,1.456,
1790651058,622,,,gpt2_p512_o512,0.18,
1790651058,622,,,llama_p1024_o128,0,
1790651058,622,,,llama_p2048_o64,0,
1790651059,623,,,resnet50_image,187.183,
1790651059,623,,,vgg16_image,476.781,
1790651059,623,,,vit_base_image,100.828,
1790651059,623,,,gpt2_p64_o64,1.456,
1790651059,623,,,gpt2_p512_o512,0.18,
1790651059,623,,,llama_p1024_o128,0,
1790651059,623,,,llama_p2048_o64,0,
1790651060,624,,,resnet50_image,187.183,
1790651060,624,,,vgg16_image,476.781,
1790651060,624,,,vit_base_image,100.828,
1790651060,624,,,gpt2_p64_o64,1.456,
1790651060,624,,,gpt2_p512_o512,0.18,
1790651060,624,,,llama_p1024_o128,0,
1790651060,624,,,llama_p2048_o64,0,
1790651061,625,,,resnet50_image,187.183,
1790651061,625,,,vgg16_image,476.781,
1790651061,625,,,vit_base_image,100.828,
1790651061,625,,,gpt2_p64_o64,1.456,
1790651061,625,,,gpt2_p512_o512,0.18,
1790651061,625,,,llama_p1024_o128,0,
1790651061,625,,,llama_p2048_o64,0,
1790651062,626,,,resnet50_image,187.183,
1790651062,626,,,vgg16_image,476.781,
1790651062,626,,,vit_base_image,100.828,
1790651062,626,,,gpt2_p64_o64,1.456,
1790651062,626,,,gpt2_p512_o512,0.18,
1790651062,626,,,llama_p1024_o128,0,
1790651062,626,,,llama_p2048_o64,0,
1790651063,627,11,transition,resnet50_image,187.183,109.74604911579873
1790651063,627,11,transition,vgg16_image,476.781,400.5084112149533
1790651063,627,11,transition,vit_base_image,100.828,73.56037151702786
1790651063,627,11,transition,gpt2_p64_o64,1.456,0.0
1790651063,627,11,transition,gpt2_p512_o512,0.18,0.0
1790651063,627,11,transition,llama_p1024_o128,0,0.0
1790651063,627,11,transition,llama_p2048_o64,0,0.0
1790651064,628,11,transition,resnet50_image,187.183,109.74604911579873
1790651064,628,11,transition,vgg16_image,476.781,400.5084112149533
1790651064,628,11,transition,vit_base_image,100.828,73.56037151702786
1790651064,628,11,transition,gpt2_p64_o64,1.456,0.0
1790651064,628,11,transition,gpt2_p512_o512,0.18,0.0
1790651064,628,11,transition,llama_p1024_o128,0,0.0
1790651064,628,11,transition,llama_p2048_o64,0,0.0
1790651065,629,11,transition,resnet50_image,187.183,109.74604911579873
1790651065,629,11,transition,vgg16_image,476.781,400.5084112149533
1790651065,629,11,transition,vit_base_image,100.828,73.56037151702786
1790651065,629,11,transition,gpt2_p64_o64,1.456,0.0
1790651065,629,11,transition,gpt2_p512_o512,0.18,0.0
1790651065,629,11,transition,llama_p1024_o128,0,0.0
1790651065,629,11,transition,llama_p2048_o64,0,0.0
1790651066,630,11,transition,resnet50_image,187.183,109.74604911579873
1790651066,630,11,transition,vgg16_image,476.781,400.5084112149533
1790651066,630,11,transition,vit_base_image,100.828,73.56037151702786
1790651066,630,11,transition,gpt2_p64_o64,1.456,0.0
1790651066,630,11,transition,gpt2_p512_o512,0.18,0.0
1790651066,630,11,transition,llama_p1024_o128,0,0.0
1790651066,630,11,transition,llama_p2048_o64,0,0.0
1790651067,631,11,transition,resnet50_image,187.183,109.74604911579873
1790651067,631,11,transition,vgg16_image,476.781,400.5084112149533
1790651067,631,11,transition,vit_base_image,100.828,73.56037151702786
1790651067,631,11,transition,gpt2_p64_o64,1.456,0.0
1790651067,631,11,transition,gpt2_p512_o512,0.18,0.0
1790651067,631,11,transition,llama_p1024_o128,0,0.0
1790651067,631,11,transition,llama_p2048_o64,0,0.0
1790651068,632,11,transition,resnet50_image,187.183,109.74604911579873
1790651068,632,11,transition,vgg16_image,476.781,400.5084112149533
1790651068,632,11,transition,vit_base_image,100.828,73.56037151702786
1790651068,632,11,transition,gpt2_p64_o64,1.456,0.0
1790651068,632,11,transition,gpt2_p512_o512,0.18,0.0
1790651068,632,11,transition,llama_p1024_o128,0,0.0
1790651068,632,11,transition,llama_p2048_o64,0,0.0
1790651069,633,11,transition,resnet50_image,187.183,109.74604911579873
1790651069,633,11,transition,vgg16_image,476.781,400.5084112149533
1790651069,633,11,transition,vit_base_image,100.828,73.56037151702786
1790651069,633,11,transition,gpt2_p64_o64,1.456,0.0
1790651069,633,11,transition,gpt2_p512_o512,0.18,0.0
1790651069,633,11,transition,llama_p1024_o128,0,0.0
1790651069,633,11,transition,llama_p2048_o64,0,0.0
1790651070,634,11,transition,resnet50_image,187.183,109.74604911579873
1790651070,634,11,transition,vgg16_image,476.781,400.5084112149533
1790651070,634,11,transition,vit_base_image,100.828,73.56037151702786
1790651070,634,11,transition,gpt2_p64_o64,1.456,0.0
1790651070,634,11,transition,gpt2_p512_o512,0.18,0.0
1790651070,634,11,transition,llama_p1024_o128,0,0.0
1790651070,634,11,transition,llama_p2048_o64,0,0.0
1790651071,635,11,transition,resnet50_image,187.183,109.74604911579873
1790651071,635,11,transition,vgg16_image,476.781,400.5084112149533
1790651071,635,11,transition,vit_base_image,100.828,73.56037151702786
1790651071,635,11,transition,gpt2_p64_o64,1.456,0.0
1790651071,635,11,transition,gpt2_p512_o512,0.18,0.0
1790651071,635,11,transition,llama_p1024_o128,0,0.0
1790651071,635,11,transition,llama_p2048_o64,0,0.0
1790651072,636,11,transition,resnet50_image,187.183,109.74604911579873
1790651072,636,11,transition,vgg16_image,476.781,400.5084112149533
1790651072,636,11,transition,vit_base_image,100.828,73.56037151702786
1790651072,636,11,transition,gpt2_p64_o64,1.456,0.0
1790651072,636,11,transition,gpt2_p512_o512,0.18,0.0
1790651072,636,11,transition,llama_p1024_o128,0,0.0
1790651072,636,11,transition,llama_p2048_o64,0,0.0
1790651073,637,11,transition,resnet50_image,187.183,109.74604911579873
1790651073,637,11,transition,vgg16_image,476.781,400.5084112149533
1790651073,637,11,transition,vit_base_image,100.828,73.56037151702786
1790651073,637,11,transition,gpt2_p64_o64,1.456,0.0
1790651073,637,11,transition,gpt2_p512_o512,0.18,0.0
1790651073,637,11,transition,llama_p1024_o128,0,0.0
1790651073,637,11,transition,llama_p2048_o64,0,0.0
1790651074,638,11,transition,resnet50_image,187.183,109.74604911579873
1790651074,638,11,transition,vgg16_image,476.781,400.5084112149533
1790651074,638,11,transition,vit_base_image,100.828,73.56037151702786
1790651074,638,11,transition,gpt2_p64_o64,1.456,0.0
1790651074,638,11,transition,gpt2_p512_o512,0.18,0.0
1790651074,638,11,transition,llama_p1024_o128,0,0.0
1790651074,638,11,transition,llama_p2048_o64,0,0.0
1790651075,639,11,transition,resnet50_image,187.183,109.74604911579873
1790651075,639,11,transition,vgg16_image,476.781,400.5084112149533
1790651075,639,11,transition,vit_base_image,100.828,73.56037151702786
1790651075,639,11,transition,gpt2_p64_o64,1.456,0.0
1790651075,639,11,transition,gpt2_p512_o512,0.18,0.0
1790651075,639,11,transition,llama_p1024_o128,0,0.0
1790651075,639,11,transition,llama_p2048_o64,0,0.0
1790651076,640,11,transition,resnet50_image,187.183,109.74604911579873
1790651076,640,11,transition,vgg16_image,476.781,400.5084112149533
1790651076,640,11,transition,vit_base_image,100.828,73.56037151702786
1790651076,640,11,transition,gpt2_p64_o64,1.456,0.0
1790651076,640,11,transition,gpt2_p512_o512,0.18,0.0
1790651076,640,11,transition,llama_p1024_o128,0,0.0
1790651076,640,11,transition,llama_p2048_o64,0,0.0
1790651077,641,11,transition,resnet50_image,187.183,109.74604911579873
1790651077,641,11,transition,vgg16_image,476.781,400.5084112149533
1790651077,641,11,transition,vit_base_image,100.828,73.56037151702786
1790651077,641,11,transition,gpt2_p64_o64,1.456,0.0
1790651077,641,11,transition,gpt2_p512_o512,0.18,0.0
1790651077,641,11,transition,llama_p1024_o128,0,0.0
1790651077,641,11,transition,llama_p2048_o64,0,0.0
1790651078,642,11,transition,resnet50_image,187.183,109.74604911579873
1790651078,642,11,transition,vgg16_image,476.781,400.5084112149533
1790651078,642,11,transition,vit_base_image,100.828,73.56037151702786
1790651078,642,11,transition,gpt2_p64_o64,1.456,0.0
1790651078,642,11,transition,gpt2_p512_o512,0.18,0.0
1790651078,642,11,transition,llama_p1024_o128,0,0.0
1790651078,642,11,transition,llama_p2048_o64,0,0.0
1790651079,643,11,transition,resnet50_image,187.183,109.74604911579873
1790651079,643,11,transition,vgg16_image,476.781,400.5084112149533
1790651079,643,11,transition,vit_base_image,100.828,73.56037151702786
1790651079,643,11,transition,gpt2_p64_o64,1.456,0.0
1790651079,643,11,transition,gpt2_p512_o512,0.18,0.0
1790651079,643,11,transition,llama_p1024_o128,0,0.0
1790651079,643,11,transition,llama_p2048_o64,0,0.0
1790651080,644,11,transition,resnet50_image,187.183,109.74604911579873
1790651080,644,11,transition,vgg16_image,476.781,400.5084112149533
1790651080,644,11,transition,vit_base_image,100.828,73.56037151702786
1790651080,644,11,transition,gpt2_p64_o64,1.456,0.0
1790651080,644,11,transition,gpt2_p512_o512,0.18,0.0
1790651080,644,11,transition,llama_p1024_o128,0,0.0
1790651080,644,11,transition,llama_p2048_o64,0,0.0
1790651081,645,11,transition,resnet50_image,187.183,109.74604911579873
1790651081,645,11,transition,vgg16_image,476.781,400.5084112149533
1790651081,645,11,transition,vit_base_image,100.828,73.56037151702786
1790651081,645,11,transition,gpt2_p64_o64,1.456,0.0
1790651081,645,11,transition,gpt2_p512_o512,0.18,0.0
1790651081,645,11,transition,llama_p1024_o128,0,0.0
1790651081,645,11,transition,llama_p2048_o64,0,0.0
1790651082,646,11,transition,resnet50_image,187.183,109.74604911579873
1790651082,646,11,transition,vgg16_image,476.781,400.5084112149533
1790651082,646,11,transition,vit_base_image,100.828,73.56037151702786
1790651082,646,11,transition,gpt2_p64_o64,1.456,0.0
1790651082,646,11,transition,gpt2_p512_o512,0.18,0.0
1790651082,646,11,transition,llama_p1024_o128,0,0.0
1790651082,646,11,transition,llama_p2048_o64,0,0.0
1790651083,647,11,transition,resnet50_image,187.183,109.74604911579873
1790651083,647,11,transition,vgg16_image,476.781,400.5084112149533
1790651083,647,11,transition,vit_base_image,100.828,73.56037151702786
1790651083,647,11,transition,gpt2_p64_o64,1.456,0.0
1790651083,647,11,transition,gpt2_p512_o512,0.18,0.0
1790651083,647,11,transition,llama_p1024_o128,0,0.0
1790651083,647,11,transition,llama_p2048_o64,0,0.0
1790651084,648,11,transition,resnet50_image,187.183,109.74604911579873
1790651084,648,11,transition,vgg16_image,476.781,400.5084112149533
1790651084,648,11,transition,vit_base_image,100.828,73.56037151702786
1790651084,648,11,transition,gpt2_p64_o64,1.456,0.0
1790651084,648,11,transition,gpt2_p512_o512,0.18,0.0
1790651084,648,11,transition,llama_p1024_o128,0,0.0
1790651084,648,11,transition,llama_p2048_o64,0,0.0
1790651085,649,11,transition,resnet50_image,187.183,109.74604911579873
1790651085,649,11,transition,vgg16_image,476.781,400.5084112149533
1790651085,649,11,transition,vit_base_image,100.828,73.56037151702786
1790651085,649,11,transition,gpt2_p64_o64,1.456,0.0
1790651085,649,11,transition,gpt2_p512_o512,0.18,0.0
1790651085,649,11,transition,llama_p1024_o128,0,0.0
1790651085,649,11,transition,llama_p2048_o64,0,0.0
1790651086,650,11,transition,resnet50_image,187.183,109.74604911579873
1790651086,650,11,transition,vgg16_image,476.781,400.5084112149533
1790651086,650,11,transition,vit_base_image,100.828,73.56037151702786
1790651086,650,11,transition,gpt2_p64_o64,1.456,0.0
1790651086,650,11,transition,gpt2_p512_o512,0.18,0.0
1790651086,650,11,transition,llama_p1024_o128,0,0.0
1790651086,650,11,transition,llama_p2048_o64,0,0.0
1790651087,651,11,transition,resnet50_image,187.183,109.74604911579873
1790651087,651,11,transition,vgg16_image,476.781,400.5084112149533
1790651087,651,11,transition,vit_base_image,100.828,73.56037151702786
1790651087,651,11,transition,gpt2_p64_o64,1.456,0.0
1790651087,651,11,transition,gpt2_p512_o512,0.18,0.0
1790651087,651,11,transition,llama_p1024_o128,0,0.0
1790651087,651,11,transition,llama_p2048_o64,0,0.0
1790651088,652,11,transition,resnet50_image,187.183,109.74604911579873
1790651088,652,11,transition,vgg16_image,476.781,400.5084112149533
1790651088,652,11,transition,vit_base_image,100.828,73.56037151702786
1790651088,652,11,transition,gpt2_p64_o64,1.456,0.0
1790651088,652,11,transition,gpt2_p512_o512,0.18,0.0
1790651088,652,11,transition,llama_p1024_o128,0,0.0
1790651088,652,11,transition,llama_p2048_o64,0,0.0
1790651089,653,11,transition,resnet50_image,187.183,109.74604911579873
1790651089,653,11,transition,vgg16_image,476.781,400.5084112149533
1790651089,653,11,transition,vit_base_image,100.828,73.56037151702786
1790651089,653,11,transition,gpt2_p64_o64,1.456,0.0
1790651089,653,11,transition,gpt2_p512_o512,0.18,0.0
1790651089,653,11,transition,llama_p1024_o128,0,0.0
1790651089,653,11,transition,llama_p2048_o64,0,0.0
1790651090,654,11,transition,resnet50_image,187.183,109.74604911579873
1790651090,654,11,transition,vgg16_image,476.781,400.5084112149533
1790651090,654,11,transition,vit_base_image,100.828,73.56037151702786
1790651090,654,11,transition,gpt2_p64_o64,1.456,0.0
1790651090,654,11,transition,gpt2_p512_o512,0.18,0.0
1790651090,654,11,transition,llama_p1024_o128,0,0.0
1790651090,654,11,transition,llama_p2048_o64,0,0.0
1790651091,655,11,transition,resnet50_image,187.183,109.74604911579873
1790651091,655,11,transition,vgg16_image,476.781,400.5084112149533
1790651091,655,11,transition,vit_base_image,100.828,73.56037151702786
1790651091,655,11,transition,gpt2_p64_o64,1.456,0.0
1790651091,655,11,transition,gpt2_p512_o512,0.18,0.0
1790651091,655,11,transition,llama_p1024_o128,0,0.0
1790651091,655,11,transition,llama_p2048_o64,0,0.0
1790651092,656,11,transition,resnet50_image,187.183,109.74604911579873
1790651092,656,11,transition,vgg16_image,476.781,400.5084112149533
1790651092,656,11,transition,vit_base_image,100.828,73.56037151702786
1790651092,656,11,transition,gpt2_p64_o64,1.456,0.0
1790651092,656,11,transition,gpt2_p512_o512,0.18,0.0
1790651092,656,11,transition,llama_p1024_o128,0,0.0
1790651092,656,11,transition,llama_p2048_o64,0,0.0
1790651093,657,11,transition,resnet50_image,187.183,109.74604911579873
1790651093,657,11,transition,vgg16_image,476.781,400.5084112149533
1790651093,657,11,transition,vit_base_image,100.828,73.56037151702786
1790651093,657,11,transition,gpt2_p64_o64,1.456,0.0
1790651093,657,11,transition,gpt2_p512_o512,0.18,0.0
1790651093,657,11,transition,llama_p1024_o128,0,0.0
1790651093,657,11,transition,llama_p2048_o64,0,0.0
1790651094,658,11,transition,resnet50_image,187.183,109.74604911579873
1790651094,658,11,transition,vgg16_image,476.781,400.5084112149533
1790651094,658,11,transition,vit_base_image,100.828,73.56037151702786
1790651094,658,11,transition,gpt2_p64_o64,1.456,0.0
1790651094,658,11,transition,gpt2_p512_o512,0.18,0.0
1790651094,658,11,transition,llama_p1024_o128,0,0.0
1790651094,658,11,transition,llama_p2048_o64,0,0.0
1790651095,659,11,transition,resnet50_image,187.183,109.74604911579873
1790651095,659,11,transition,vgg16_image,476.781,400.5084112149533
1790651095,659,11,transition,vit_base_image,100.828,73.56037151702786
1790651095,659,11,transition,gpt2_p64_o64,1.456,0.0
1790651095,659,11,transition,gpt2_p512_o512,0.18,0.0
1790651095,659,11,transition,llama_p1024_o128,0,0.0
1790651095,659,11,transition,llama_p2048_o64,0,0.0
1790651096,660,11,transition,resnet50_image,187.183,109.74604911579873
1790651096,660,11,transition,vgg16_image,476.781,400.5084112149533
1790651096,660,11,transition,vit_base_image,100.828,73.56037151702786
1790651096,660,11,transition,gpt2_p64_o64,1.456,0.0
1790651096,660,11,transition,gpt2_p512_o512,0.18,0.0
1790651096,660,11,transition,llama_p1024_o128,0,0.0
1790651096,660,11,transition,llama_p2048_o64,0.655,0.0
1790651097,661,11,steady,resnet50_image,187.183,147.12836721576207
1790651097,661,11,steady,vgg16_image,476.781,400.5084112149533
1790651097,661,11,steady,vit_base_image,100.828,73.56037151702786
1790651097,661,11,steady,gpt2_p64_o64,1.456,0.0
1790651097,661,11,steady,gpt2_p512_o512,0.18,0.0
1790651097,661,11,steady,llama_p1024_o128,0,0.0
1790651097,661,11,steady,llama_p2048_o64,0.655,0.1795511221945137
1790651098,662,11,steady,resnet50_image,187.183,147.12836721576207
1790651098,662,11,steady,vgg16_image,476.781,400.5084112149533
1790651098,662,11,steady,vit_base_image,100.828,73.56037151702786
1790651098,662,11,steady,gpt2_p64_o64,1.456,0.0
1790651098,662,11,steady,gpt2_p512_o512,0.18,0.0
1790651098,662,11,steady,llama_p1024_o128,0,0.0
1790651098,662,11,steady,llama_p2048_o64,0.655,0.1795511221945137
1790651099,663,11,steady,resnet50_image,187.183,147.12836721576207
1790651099,663,11,steady,vgg16_image,476.781,400.5084112149533
1790651099,663,11,steady,vit_base_image,100.828,73.56037151702786
1790651099,663,11,steady,gpt2_p64_o64,1.456,0.0
1790651099,663,11,steady,gpt2_p512_o512,0.18,0.0
1790651099,663,11,steady,llama_p1024_o128,0,0.0
1790651099,663,11,steady,llama_p2048_o64,0.655,0.1795511221945137
1790651100,664,11,steady,resnet50_image,187.183,147.12836721576207
1790651100,664,11,steady,vgg16_image,476.781,400.5084112149533
1790651100,664,11,steady,vit_base_image,100.828,73.56037151702786
1790651100,664,11,steady,gpt2_p64_o64,1.456,0.0
1790651100,664,11,steady,gpt2_p512_o512,0.18,0.0
1790651100,664,11,steady,llama_p1024_o128,0,0.0
1790651100,664,11,steady,llama_p2048_o64,0.655,0.1795511221945137
1790651101,665,11,steady,resnet50_image,187.183,147.12836721576207
1790651101,665,11,steady,vgg16_image,476.781,400.5084112149533
1790651101,665,11,steady,vit_base_image,100.828,73.56037151702786
1790651101,665,11,steady,gpt2_p64_o64,1.456,0.0
1790651101,665,11,steady,gpt2_p512_o512,0.18,0.0
1790651101,665,11,steady,llama_p1024_o128,0,0.0
1790651101,665,11,steady,llama_p2048_o64,0.655,0.1795511221945137
1790651102,666,11,steady,resnet50_image,187.183,147.12836721576207
1790651102,666,11,steady,vgg16_image,476.781,400.5084112149533
1790651102,666,11,steady,vit_base_image,100.828,73.56037151702786
1790651102,666,11,steady,gpt2_p64_o64,1.456,0.0
1790651102,666,11,steady,gpt2_p512_o512,0.18,0.0
1790651102,666,11,steady,llama_p1024_o128,0,0.0
1790651102,666,11,steady,llama_p2048_o64,0.655,0.1795511221945137
1790651103,667,11,steady,resnet50_image,187.183,147.12836721576207
1790651103,667,11,steady,vgg16_image,476.781,400.5084112149533
1790651103,667,11,steady,vit_base_image,100.828,73.56037151702786
1790651103,667,11,steady,gpt2_p64_o64,1.456,0.0
1790651103,667,11,steady,gpt2_p512_o512,0.18,0.0
1790651103,667,11,steady,llama_p1024_o128,0,0.0
1790651103,667,11,steady,llama_p2048_o64,0.655,0.1795511221945137
1790651104,668,11,steady,resnet50_image,187.183,147.12836721576207
1790651104,668,11,steady,vgg16_image,476.781,400.5084112149533
1790651104,668,11,steady,vit_base_image,100.828,73.56037151702786
1790651104,668,11,steady,gpt2_p64_o64,1.456,0.0
1790651104,668,11,steady,gpt2_p512_o512,0.18,0.0
1790651104,668,11,steady,llama_p1024_o128,0,0.0
1790651104,668,11,steady,llama_p2048_o64,0.655,0.1795511221945137
1790651105,669,11,steady,resnet50_image,187.183,147.12836721576207
1790651105,669,11,steady,vgg16_image,476.781,400.5084112149533
1790651105,669,11,steady,vit_base_image,100.828,73.56037151702786
1790651105,669,11,steady,gpt2_p64_o64,1.456,0.0
1790651105,669,11,steady,gpt2_p512_o512,0.18,0.0
1790651105,669,11,steady,llama_p1024_o128,0,0.0
1790651105,669,11,steady,llama_p2048_o64,0.655,0.1795511221945137
1790651106,670,11,steady,resnet50_image,187.183,147.12836721576207
1790651106,670,11,steady,vgg16_image,476.781,400.5084112149533
1790651106,670,11,steady,vit_base_image,100.828,73.56037151702786
1790651106,670,11,steady,gpt2_p64_o64,1.456,0.0
1790651106,670,11,steady,gpt2_p512_o512,0.18,0.0
1790651106,670,11,steady,llama_p1024_o128,0,0.0
1790651106,670,11,steady,llama_p2048_o64,0.655,0.1795511221945137
1790651107,671,11,steady,resnet50_image,187.183,147.12836721576207
1790651107,671,11,steady,vgg16_image,476.781,400.5084112149533
1790651107,671,11,steady,vit_base_image,100.828,73.56037151702786
1790651107,671,11,steady,gpt2_p64_o64,1.456,0.0
1790651107,671,11,steady,gpt2_p512_o512,0.18,0.0
1790651107,671,11,steady,llama_p1024_o128,0,0.0
1790651107,671,11,steady,llama_p2048_o64,0.655,0.1795511221945137
1790651108,672,11,steady,resnet50_image,187.183,147.12836721576207
1790651108,672,11,steady,vgg16_image,476.781,400.5084112149533
1790651108,672,11,steady,vit_base_image,100.828,73.56037151702786
1790651108,672,11,steady,gpt2_p64_o64,1.456,0.0
1790651108,672,11,steady,gpt2_p512_o512,0.18,0.0
1790651108,672,11,steady,llama_p1024_o128,0,0.0
1790651108,672,11,steady,llama_p2048_o64,0.655,0.1795511221945137
1790651109,673,11,steady,resnet50_image,187.183,147.12836721576207
1790651109,673,11,steady,vgg16_image,476.781,400.5084112149533
1790651109,673,11,steady,vit_base_image,100.828,73.56037151702786
1790651109,673,11,steady,gpt2_p64_o64,1.456,0.0
1790651109,673,11,steady,gpt2_p512_o512,0.18,0.0
1790651109,673,11,steady,llama_p1024_o128,0,0.0
1790651109,673,11,steady,llama_p2048_o64,0.655,0.1795511221945137
1790651110,674,11,steady,resnet50_image,187.183,147.12836721576207
1790651110,674,11,steady,vgg16_image,476.781,400.5084112149533
1790651110,674,11,steady,vit_base_image,100.828,73.56037151702786
1790651110,674,11,steady,gpt2_p64_o64,1.456,0.0
1790651110,674,11,steady,gpt2_p512_o512,0.18,0.0
1790651110,674,11,steady,llama_p1024_o128,0,0.0
1790651110,674,11,steady,llama_p2048_o64,0.655,0.1795511221945137
1790651111,675,11,steady,resnet50_image,187.183,147.12836721576207
1790651111,675,11,steady,vgg16_image,476.781,400.5084112149533
1790651111,675,11,steady,vit_base_image,100.828,73.56037151702786
1790651111,675,11,steady,gpt2_p64_o64,1.456,0.0
1790651111,675,11,steady,gpt2_p512_o512,0.18,0.0
1790651111,675,11,steady,llama_p1024_o128,0,0.0
1790651111,675,11,steady,llama_p2048_o64,0.655,0.1795511221945137
1790651112,676,11,steady,resnet50_image,187.183,147.12836721576207
1790651112,676,11,steady,vgg16_image,476.781,400.5084112149533
1790651112,676,11,steady,vit_base_image,100.828,73.56037151702786
1790651112,676,11,steady,gpt2_p64_o64,1.456,0.0
1790651112,676,11,steady,gpt2_p512_o512,0.18,0.0
1790651112,676,11,steady,llama_p1024_o128,0,0.0
1790651112,676,11,steady,llama_p2048_o64,0.655,0.1795511221945137
1790651113,677,11,steady,resnet50_image,187.183,147.12836721576207
1790651113,677,11,steady,vgg16_image,476.781,400.5084112149533
1790651113,677,11,steady,vit_base_image,100.828,73.56037151702786
1790651113,677,11,steady,gpt2_p64_o64,1.456,0.0
1790651113,677,11,steady,gpt2_p512_o512,0.18,0.0
1790651113,677,11,steady,llama_p1024_o128,0,0.0
1790651113,677,11,steady,llama_p2048_o64,0.655,0.1795511221945137
1790651114,678,11,steady,resnet50_image,187.183,147.12836721576207
1790651114,678,11,steady,vgg16_image,476.781,400.5084112149533
1790651114,678,11,steady,vit_base_image,100.828,73.56037151702786
1790651114,678,11,steady,gpt2_p64_o64,1.456,0.0
1790651114,678,11,steady,gpt2_p512_o512,0.18,0.0
1790651114,678,11,steady,llama_p1024_o128,0,0.0
1790651114,678,11,steady,llama_p2048_o64,0.655,0.1795511221945137
1790651115,679,11,steady,resnet50_image,187.183,147.12836721576207
1790651115,679,11,steady,vgg16_image,476.781,400.5084112149533
1790651115,679,11,steady,vit_base_image,100.828,73.56037151702786
1790651115,679,11,steady,gpt2_p64_o64,1.456,0.0
1790651115,679,11,steady,gpt2_p512_o512,0.18,0.0
1790651115,679,11,steady,llama_p1024_o128,0,0.0
1790651115,679,11,steady,llama_p2048_o64,0.655,0.1795511221945137
1790651116,680,11,steady,resnet50_image,187.183,147.12836721576207
1790651116,680,11,steady,vgg16_image,476.781,400.5084112149533
1790651116,680,11,steady,vit_base_image,100.828,73.56037151702786
1790651116,680,11,steady,gpt2_p64_o64,1.456,0.0
1790651116,680,11,steady,gpt2_p512_o512,0.18,0.0
1790651116,680,11,steady,llama_p1024_o128,0,0.0
1790651116,680,11,steady,llama_p2048_o64,0.655,0.1795511221945137
1790651117,681,11,steady,resnet50_image,187.183,147.12836721576207
1790651117,681,11,steady,vgg16_image,476.781,400.5084112149533
1790651117,681,11,steady,vit_base_image,100.828,73.56037151702786
1790651117,681,11,steady,gpt2_p64_o64,1.456,0.0
1790651117,681,11,steady,gpt2_p512_o512,0.18,0.0
1790651117,681,11,steady,llama_p1024_o128,0,0.0
1790651117,681,11,steady,llama_p2048_o64,0.655,0.1795511221945137
1790651118,682,11,steady,resnet50_image,187.183,147.12836721576207
1790651118,682,11,steady,vgg16_image,476.781,400.5084112149533
1790651118,682,11,steady,vit_base_image,100.828,73.56037151702786
1790651118,682,11,steady,gpt2_p64_o64,1.456,0.0
1790651118,682,11,steady,gpt2_p512_o512,0.18,0.0
1790651118,682,11,steady,llama_p1024_o128,0,0.0
1790651118,682,11,steady,llama_p2048_o64,0.655,0.1795511221945137
1790651119,683,11,steady,resnet50_image,187.183,147.12836721576207
1790651119,683,11,steady,vgg16_image,476.781,400.5084112149533
1790651119,683,11,steady,vit_base_image,100.828,73.56037151702786
1790651119,683,11,steady,gpt2_p64_o64,1.456,0.0
1790651119,683,11,steady,gpt2_p512_o512,0.18,0.0
1790651119,683,11,steady,llama_p1024_o128,0,0.0
1790651119,683,11,steady,llama_p2048_o64,0.655,0.1795511221945137
1790651120,684,11,steady,resnet50_image,187.183,147.12836721576207
1790651120,684,11,steady,vgg16_image,476.781,400.5084112149533
1790651120,684,11,steady,vit_base_image,100.828,73.56037151702786
1790651120,684,11,steady,gpt2_p64_o64,1.456,0.0
1790651120,684,11,steady,gpt2_p512_o512,0.18,0.0
1790651120,684,11,steady,llama_p1024_o128,0,0.0
1790651120,684,11,steady,llama_p2048_o64,0.655,0.1795511221945137
1790651121,685,11,steady,resnet50_image,187.183,147.12836721576207
1790651121,685,11,steady,vgg16_image,476.781,400.5084112149533
1790651121,685,11,steady,vit_base_image,100.828,73.56037151702786
1790651121,685,11,steady,gpt2_p64_o64,1.456,0.0
1790651121,685,11,steady,gpt2_p512_o512,0.18,0.0
1790651121,685,11,steady,llama_p1024_o128,0,0.0
1790651121,685,11,steady,llama_p2048_o64,0.655,0.1795511221945137
1790651122,686,11,steady,resnet50_image,187.183,147.12836721576207
1790651122,686,11,steady,vgg16_image,476.781,400.5084112149533
1790651122,686,11,steady,vit_base_image,100.828,73.56037151702786
1790651122,686,11,steady,gpt2_p64_o64,1.456,0.0
1790651122,686,11,steady,gpt2_p512_o512,0.18,0.0
1790651122,686,11,steady,llama_p1024_o128,0,0.0
1790651122,686,11,steady,llama_p2048_o64,0.655,0.1795511221945137
1790651123,687,11,steady,resnet50_image,187.183,147.12836721576207
1790651123,687,11,steady,vgg16_image,476.781,400.5084112149533
1790651123,687,11,steady,vit_base_image,100.828,73.56037151702786
1790651123,687,11,steady,gpt2_p64_o64,1.456,0.0
1790651123,687,11,steady,gpt2_p512_o512,0.18,0.0
1790651123,687,11,steady,llama_p1024_o128,0,0.0
1790651123,687,11,steady,llama_p2048_o64,0.655,0.1795511221945137
1790651124,688,11,steady,resnet50_image,187.183,147.12836721576207
1790651124,688,11,steady,vgg16_image,476.781,400.5084112149533
1790651124,688,11,steady,vit_base_image,100.828,73.56037151702786
1790651124,688,11,steady,gpt2_p64_o64,1.456,0.0
1790651124,688,11,steady,gpt2_p512_o512,0.18,0.0
1790651124,688,11,steady,llama_p1024_o128,0,0.0
1790651124,688,11,steady,llama_p2048_o64,0.655,0.1795511221945137
1790651125,689,11,steady,resnet50_image,187.183,147.12836721576207
1790651125,689,11,steady,vgg16_image,476.781,400.5084112149533
1790651125,689,11,steady,vit_base_image,100.828,73.56037151702786
1790651125,689,11,steady,gpt2_p64_o64,1.456,0.0
1790651125,689,11,steady,gpt2_p512_o512,0.18,0.0
1790651125,689,11,steady,llama_p1024_o128,0,0.0
1790651125,689,11,steady,llama_p2048_o64,0.655,0.1795511221945137
1790651126,690,11,steady,resnet50_image,187.183,147.12836721576207
1790651126,690,11,steady,vgg16_image,476.781,400.5084112149533
1790651126,690,11,steady,vit_base_image,100.828,73.56037151702786
1790651126,690,11,steady,gpt2_p64_o64,1.456,0.0
1790651126,690,11,steady,gpt2_p512_o512,0.18,0.0
1790651126,690,11,steady,llama_p1024_o128,0,0.0
1790651126,690,11,steady,llama_p2048_o64,0.655,0.1795511221945137
1790651127,691,,,resnet50_image,187.183,
1790651127,691,,,vgg16_image,476.781,
1790651127,691,,,vit_base_image,100.828,
1790651127,691,,,gpt2_p64_o64,1.456,
1790651127,691,,,gpt2_p512_o512,0.18,
1790651127,691,,,llama_p1024_o128,0,
1790651127,691,,,llama_p2048_o64,0.655,
1790651128,692,,,resnet50_image,187.183,
1790651128,692,,,vgg16_image,476.781,
1790651128,692,,,vit_base_image,100.828,
1790651128,692,,,gpt2_p64_o64,1.456,
1790651128,692,,,gpt2_p512_o512,0.18,
1790651128,692,,,llama_p1024_o128,0,
1790651128,692,,,llama_p2048_o64,0.655,
1790651129,693,,,resnet50_image,187.183,
1790651129,693,,,vgg16_image,476.781,
1790651129,693,,,vit_base_image,100.828,
1790651129,693,,,gpt2_p64_o64,1.456,
1790651129,693,,,gpt2_p512_o512,0.18,
1790651129,693,,,llama_p1024_o128,0,
1790651129,693,,,llama_p2048_o64,0.655,
1790651130,694,,,resnet50_image,187.183,
1790651130,694,,,vgg16_image,476.781,
1790651130,694,,,vit_base_image,100.828,
1790651130,694,,,gpt2_p64_o64,1.456,
1790651130,694,,,gpt2_p512_o512,0.18,
1790651130,694,,,llama_p1024_o128,0,
1790651130,694,,,llama_p2048_o64,0.655,
1790651131,695,,,resnet50_image,187.183,
1790651131,695,,,vgg16_image,476.781,
1790651131,695,,,vit_base_image,100.828,
1790651131,695,,,gpt2_p64_o64,1.456,
1790651131,695,,,gpt2_p512_o512,0.18,
1790651131,695,,,llama_p1024_o128,0,
1790651131,695,,,llama_p2048_o64,0.655,
1790651132,696,,,resnet50_image,187.183,
1790651132,696,,,vgg16_image,476.781,
1790651132,696,,,vit_base_image,100.828,
1790651132,696,,,gpt2_p64_o64,1.456,
1790651132,696,,,gpt2_p512_o512,0.18,
1790651132,696,,,llama_p1024_o128,0,
1790651132,696,,,llama_p2048_o64,0.655,
1790651133,697,,,resnet50_image,187.183,
1790651133,697,,,vgg16_image,476.781,
1790651133,697,,,vit_base_image,100.828,
1790651133,697,,,gpt2_p64_o64,1.456,
1790651133,697,,,gpt2_p512_o512,0.18,
1790651133,697,,,llama_p1024_o128,0,
1790651133,697,,,llama_p2048_o64,0.655,
1790651134,698,12,transition,resnet50_image,187.183,133.64290912567927
1790651134,698,12,transition,vgg16_image,476.781,400.5084112149533
1790651134,698,12,transition,vit_base_image,100.828,73.56037151702786
1790651134,698,12,transition,gpt2_p64_o64,1.456,0.0
1790651134,698,12,transition,gpt2_p512_o512,0.18,0.0
1790651134,698,12,transition,llama_p1024_o128,0,0.0
1790651134,698,12,transition,llama_p2048_o64,0.655,0.1795511221945137
1790651135,699,12,transition,resnet50_image,187.183,133.64290912567927
1790651135,699,12,transition,vgg16_image,476.781,400.5084112149533
1790651135,699,12,transition,vit_base_image,100.828,73.56037151702786
1790651135,699,12,transition,gpt2_p64_o64,1.456,0.0
1790651135,699,12,transition,gpt2_p512_o512,0.18,0.0
1790651135,699,12,transition,llama_p1024_o128,0,0.0
1790651135,699,12,transition,llama_p2048_o64,0.655,0.1795511221945137
1790651136,700,12,transition,resnet50_image,187.183,133.64290912567927
1790651136,700,12,transition,vgg16_image,476.781,400.5084112149533
1790651136,700,12,transition,vit_base_image,100.828,73.56037151702786
1790651136,700,12,transition,gpt2_p64_o64,1.456,0.0
1790651136,700,12,transition,gpt2_p512_o512,0.18,0.0
1790651136,700,12,transition,llama_p1024_o128,0,0.0
1790651136,700,12,transition,llama_p2048_o64,0.655,0.1795511221945137
1790651137,701,12,transition,resnet50_image,187.183,133.64290912567927
1790651137,701,12,transition,vgg16_image,476.781,400.5084112149533
1790651137,701,12,transition,vit_base_image,100.828,73.56037151702786
1790651137,701,12,transition,gpt2_p64_o64,1.456,0.0
1790651137,701,12,transition,gpt2_p512_o512,0.18,0.0
1790651137,701,12,transition,llama_p1024_o128,0,0.0
1790651137,701,12,transition,llama_p2048_o64,0.655,0.1795511221945137
1790651138,702,12,transition,resnet50_image,187.183,133.64290912567927
1790651138,702,12,transition,vgg16_image,476.781,400.5084112149533
1790651138,702,12,transition,vit_base_image,100.828,73.56037151702786
1790651138,702,12,transition,gpt2_p64_o64,1.456,0.0
1790651138,702,12,transition,gpt2_p512_o512,0.18,0.0
1790651138,702,12,transition,llama_p1024_o128,0,0.0
1790651138,702,12,transition,llama_p2048_o64,0.655,0.1795511221945137
1790651139,703,12,transition,resnet50_image,187.183,133.64290912567927
1790651139,703,12,transition,vgg16_image,476.781,400.5084112149533
1790651139,703,12,transition,vit_base_image,100.828,73.56037151702786
1790651139,703,12,transition,gpt2_p64_o64,1.456,0.0
1790651139,703,12,transition,gpt2_p512_o512,0.18,0.0
1790651139,703,12,transition,llama_p1024_o128,0,0.0
1790651139,703,12,transition,llama_p2048_o64,0.655,0.1795511221945137
1790651140,704,12,transition,resnet50_image,187.183,133.64290912567927
1790651140,704,12,transition,vgg16_image,476.781,400.5084112149533
1790651140,704,12,transition,vit_base_image,100.828,73.56037151702786
1790651140,704,12,transition,gpt2_p64_o64,1.456,0.0
1790651140,704,12,transition,gpt2_p512_o512,0.18,0.0
1790651140,704,12,transition,llama_p1024_o128,0,0.0
1790651140,704,12,transition,llama_p2048_o64,0.655,0.1795511221945137
1790651141,705,12,transition,resnet50_image,187.183,133.64290912567927
1790651141,705,12,transition,vgg16_image,476.781,400.5084112149533
1790651141,705,12,transition,vit_base_image,100.828,73.56037151702786
1790651141,705,12,transition,gpt2_p64_o64,1.456,0.0
1790651141,705,12,transition,gpt2_p512_o512,0.18,0.0
1790651141,705,12,transition,llama_p1024_o128,0,0.0
1790651141,705,12,transition,llama_p2048_o64,0.655,0.1795511221945137
1790651142,706,12,transition,resnet50_image,187.183,133.64290912567927
1790651142,706,12,transition,vgg16_image,476.781,400.5084112149533
1790651142,706,12,transition,vit_base_image,100.828,73.56037151702786
1790651142,706,12,transition,gpt2_p64_o64,1.456,0.0
1790651142,706,12,transition,gpt2_p512_o512,0.18,0.0
1790651142,706,12,transition,llama_p1024_o128,0,0.0
1790651142,706,12,transition,llama_p2048_o64,0.655,0.1795511221945137
1790651143,707,12,transition,resnet50_image,0,133.64290912567927
1790651143,707,12,transition,vgg16_image,0,400.5084112149533
1790651143,707,12,transition,vit_base_image,100.828,73.56037151702786
1790651143,707,12,transition,gpt2_p64_o64,1.456,0.0
1790651143,707,12,transition,gpt2_p512_o512,0.18,0.0
1790651143,707,12,transition,llama_p1024_o128,0,0.0
1790651143,707,12,transition,llama_p2048_o64,0.655,0.1795511221945137
1790651144,708,12,transition,resnet50_image,0,133.64290912567927
1790651144,708,12,transition,vgg16_image,0,400.5084112149533
1790651144,708,12,transition,vit_base_image,100.828,73.56037151702786
1790651144,708,12,transition,gpt2_p64_o64,1.456,0.0
1790651144,708,12,transition,gpt2_p512_o512,0.18,0.0
1790651144,708,12,transition,llama_p1024_o128,0,0.0
1790651144,708,12,transition,llama_p2048_o64,0.655,0.1795511221945137
1790651145,709,12,transition,resnet50_image,0,133.64290912567927
1790651145,709,12,transition,vgg16_image,0,400.5084112149533
1790651145,709,12,transition,vit_base_image,100.828,73.56037151702786
1790651145,709,12,transition,gpt2_p64_o64,1.456,0.0
1790651145,709,12,transition,gpt2_p512_o512,0.18,0.0
1790651145,709,12,transition,llama_p1024_o128,0,0.0
1790651145,709,12,transition,llama_p2048_o64,0.655,0.1795511221945137
1790651146,710,12,transition,resnet50_image,0,133.64290912567927
1790651146,710,12,transition,vgg16_image,0,400.5084112149533
1790651146,710,12,transition,vit_base_image,100.828,73.56037151702786
1790651146,710,12,transition,gpt2_p64_o64,1.456,0.0
1790651146,710,12,transition,gpt2_p512_o512,0.18,0.0
1790651146,710,12,transition,llama_p1024_o128,0,0.0
1790651146,710,12,transition,llama_p2048_o64,0.655,0.1795511221945137
1790651147,711,12,transition,resnet50_image,0,133.64290912567927
1790651147,711,12,transition,vgg16_image,0,400.5084112149533
1790651147,711,12,transition,vit_base_image,100.828,73.56037151702786
1790651147,711,12,transition,gpt2_p64_o64,1.456,0.0
1790651147,711,12,transition,gpt2_p512_o512,0.18,0.0
1790651147,711,12,transition,llama_p1024_o128,0,0.0
1790651147,711,12,transition,llama_p2048_o64,0.655,0.1795511221945137
1790651148,712,12,transition,resnet50_image,0,133.64290912567927
1790651148,712,12,transition,vgg16_image,0,400.5084112149533
1790651148,712,12,transition,vit_base_image,100.828,73.56037151702786
1790651148,712,12,transition,gpt2_p64_o64,1.456,0.0
1790651148,712,12,transition,gpt2_p512_o512,0.18,0.0
1790651148,712,12,transition,llama_p1024_o128,0,0.0
1790651148,712,12,transition,llama_p2048_o64,0.655,0.1795511221945137
1790651149,713,12,transition,resnet50_image,0,133.64290912567927
1790651149,713,12,transition,vgg16_image,0,400.5084112149533
1790651149,713,12,transition,vit_base_image,100.828,73.56037151702786
1790651149,713,12,transition,gpt2_p64_o64,1.456,0.0
1790651149,713,12,transition,gpt2_p512_o512,0.18,0.0
1790651149,713,12,transition,llama_p1024_o128,0,0.0
1790651149,713,12,transition,llama_p2048_o64,0.655,0.1795511221945137
1790651150,714,12,transition,resnet50_image,0,133.64290912567927
1790651150,714,12,transition,vgg16_image,0,400.5084112149533
1790651150,714,12,transition,vit_base_image,100.828,73.56037151702786
1790651150,714,12,transition,gpt2_p64_o64,1.456,0.0
1790651150,714,12,transition,gpt2_p512_o512,0.18,0.0
1790651150,714,12,transition,llama_p1024_o128,0,0.0
1790651150,714,12,transition,llama_p2048_o64,0.655,0.1795511221945137
1790651151,715,12,transition,resnet50_image,0,133.64290912567927
1790651151,715,12,transition,vgg16_image,0,400.5084112149533
1790651151,715,12,transition,vit_base_image,100.828,73.56037151702786
1790651151,715,12,transition,gpt2_p64_o64,1.456,0.0
1790651151,715,12,transition,gpt2_p512_o512,0.18,0.0
1790651151,715,12,transition,llama_p1024_o128,0,0.0
1790651151,715,12,transition,llama_p2048_o64,0.655,0.1795511221945137
1790651152,716,12,transition,resnet50_image,0,133.64290912567927
1790651152,716,12,transition,vgg16_image,476.781,400.5084112149533
1790651152,716,12,transition,vit_base_image,100.828,73.56037151702786
1790651152,716,12,transition,gpt2_p64_o64,1.456,0.0
1790651152,716,12,transition,gpt2_p512_o512,0.18,0.0
1790651152,716,12,transition,llama_p1024_o128,0,0.0
1790651152,716,12,transition,llama_p2048_o64,0.655,0.1795511221945137
1790651153,717,12,transition,resnet50_image,0,133.64290912567927
1790651153,717,12,transition,vgg16_image,476.781,400.5084112149533
1790651153,717,12,transition,vit_base_image,100.828,73.56037151702786
1790651153,717,12,transition,gpt2_p64_o64,1.456,0.0
1790651153,717,12,transition,gpt2_p512_o512,0.18,0.0
1790651153,717,12,transition,llama_p1024_o128,0,0.0
1790651153,717,12,transition,llama_p2048_o64,0.655,0.1795511221945137
1790651154,718,12,transition,resnet50_image,0,133.64290912567927
1790651154,718,12,transition,vgg16_image,476.781,400.5084112149533
1790651154,718,12,transition,vit_base_image,100.828,73.56037151702786
1790651154,718,12,transition,gpt2_p64_o64,1.456,0.0
1790651154,718,12,transition,gpt2_p512_o512,0.18,0.0
1790651154,718,12,transition,llama_p1024_o128,0,0.0
1790651154,718,12,transition,llama_p2048_o64,0.655,0.1795511221945137
1790651155,719,12,transition,resnet50_image,0,133.64290912567927
1790651155,719,12,transition,vgg16_image,476.781,400.5084112149533
1790651155,719,12,transition,vit_base_image,100.828,73.56037151702786
1790651155,719,12,transition,gpt2_p64_o64,1.456,0.0
1790651155,719,12,transition,gpt2_p512_o512,0.18,0.0
1790651155,719,12,transition,llama_p1024_o128,0,0.0
1790651155,719,12,transition,llama_p2048_o64,0.655,0.1795511221945137
1790651156,720,12,transition,resnet50_image,0,133.64290912567927
1790651156,720,12,transition,vgg16_image,476.781,400.5084112149533
1790651156,720,12,transition,vit_base_image,100.828,73.56037151702786
1790651156,720,12,transition,gpt2_p64_o64,1.456,0.0
1790651156,720,12,transition,gpt2_p512_o512,0.18,0.0
1790651156,720,12,transition,llama_p1024_o128,0,0.0
1790651156,720,12,transition,llama_p2048_o64,0.655,0.1795511221945137
1790651157,721,12,transition,resnet50_image,0,133.64290912567927
1790651157,721,12,transition,vgg16_image,476.781,400.5084112149533
1790651157,721,12,transition,vit_base_image,100.828,73.56037151702786
1790651157,721,12,transition,gpt2_p64_o64,1.456,0.0
1790651157,721,12,transition,gpt2_p512_o512,0.18,0.0
1790651157,721,12,transition,llama_p1024_o128,0,0.0
1790651157,721,12,transition,llama_p2048_o64,0.655,0.1795511221945137
1790651158,722,12,transition,resnet50_image,0,133.64290912567927
1790651158,722,12,transition,vgg16_image,476.781,400.5084112149533
1790651158,722,12,transition,vit_base_image,100.828,73.56037151702786
1790651158,722,12,transition,gpt2_p64_o64,1.456,0.0
1790651158,722,12,transition,gpt2_p512_o512,0.18,0.0
1790651158,722,12,transition,llama_p1024_o128,0.263,0.0
1790651158,722,12,transition,llama_p2048_o64,0.655,0.1795511221945137
1790651159,723,12,transition,resnet50_image,0,133.64290912567927
1790651159,723,12,transition,vgg16_image,476.781,400.5084112149533
1790651159,723,12,transition,vit_base_image,100.828,73.56037151702786
1790651159,723,12,transition,gpt2_p64_o64,1.456,0.0
1790651159,723,12,transition,gpt2_p512_o512,0.18,0.0
1790651159,723,12,transition,llama_p1024_o128,0.263,0.0
1790651159,723,12,transition,llama_p2048_o64,0.655,0.1795511221945137
1790651160,724,12,transition,resnet50_image,0,133.64290912567927
1790651160,724,12,transition,vgg16_image,476.781,400.5084112149533
1790651160,724,12,transition,vit_base_image,100.828,73.56037151702786
1790651160,724,12,transition,gpt2_p64_o64,1.456,0.0
1790651160,724,12,transition,gpt2_p512_o512,0.18,0.0
1790651160,724,12,transition,llama_p1024_o128,0.263,0.0
1790651160,724,12,transition,llama_p2048_o64,0.655,0.1795511221945137
1790651161,725,12,transition,resnet50_image,187.183,133.64290912567927
1790651161,725,12,transition,vgg16_image,476.781,400.5084112149533
1790651161,725,12,transition,vit_base_image,100.828,73.56037151702786
1790651161,725,12,transition,gpt2_p64_o64,1.456,0.0
1790651161,725,12,transition,gpt2_p512_o512,0,0.0
1790651161,725,12,transition,llama_p1024_o128,0.263,0.0
1790651161,725,12,transition,llama_p2048_o64,0.655,0.1795511221945137
1790651162,726,12,transition,resnet50_image,187.183,133.64290912567927
1790651162,726,12,transition,vgg16_image,476.781,400.5084112149533
1790651162,726,12,transition,vit_base_image,100.828,73.56037151702786
1790651162,726,12,transition,gpt2_p64_o64,1.456,0.0
1790651162,726,12,transition,gpt2_p512_o512,0,0.0
1790651162,726,12,transition,llama_p1024_o128,0.263,0.0
1790651162,726,12,transition,llama_p2048_o64,0.655,0.1795511221945137
1790651163,727,12,transition,resnet50_image,187.183,133.64290912567927
1790651163,727,12,transition,vgg16_image,476.781,400.5084112149533
1790651163,727,12,transition,vit_base_image,100.828,73.56037151702786
1790651163,727,12,transition,gpt2_p64_o64,1.456,0.0
1790651163,727,12,transition,gpt2_p512_o512,0,0.0
1790651163,727,12,transition,llama_p1024_o128,0.263,0.0
1790651163,727,12,transition,llama_p2048_o64,0.655,0.1795511221945137
1790651164,728,12,transition,resnet50_image,187.183,133.64290912567927
1790651164,728,12,transition,vgg16_image,476.781,400.5084112149533
1790651164,728,12,transition,vit_base_image,100.828,73.56037151702786
1790651164,728,12,transition,gpt2_p64_o64,1.456,0.0
1790651164,728,12,transition,gpt2_p512_o512,0,0.0
1790651164,728,12,transition,llama_p1024_o128,0.263,0.0
1790651164,728,12,transition,llama_p2048_o64,0.655,0.1795511221945137
1790651165,729,12,transition,resnet50_image,187.183,133.64290912567927
1790651165,729,12,transition,vgg16_image,476.781,400.5084112149533
1790651165,729,12,transition,vit_base_image,100.828,73.56037151702786
1790651165,729,12,transition,gpt2_p64_o64,1.456,0.0
1790651165,729,12,transition,gpt2_p512_o512,0,0.0
1790651165,729,12,transition,llama_p1024_o128,0.263,0.0
1790651165,729,12,transition,llama_p2048_o64,0.655,0.1795511221945137
1790651166,730,12,transition,resnet50_image,187.183,133.64290912567927
1790651166,730,12,transition,vgg16_image,476.781,400.5084112149533
1790651166,730,12,transition,vit_base_image,100.828,73.56037151702786
1790651166,730,12,transition,gpt2_p64_o64,1.456,0.0
1790651166,730,12,transition,gpt2_p512_o512,0,0.0
1790651166,730,12,transition,llama_p1024_o128,0.263,0.0
1790651166,730,12,transition,llama_p2048_o64,0.655,0.1795511221945137
1790651167,731,12,transition,resnet50_image,187.183,133.64290912567927
1790651167,731,12,transition,vgg16_image,476.781,400.5084112149533
1790651167,731,12,transition,vit_base_image,100.828,73.56037151702786
1790651167,731,12,transition,gpt2_p64_o64,1.456,0.0
1790651167,731,12,transition,gpt2_p512_o512,0,0.0
1790651167,731,12,transition,llama_p1024_o128,0.621,0.0
1790651167,731,12,transition,llama_p2048_o64,0.655,0.1795511221945137
1790651168,732,12,transition,resnet50_image,187.183,133.64290912567927
1790651168,732,12,transition,vgg16_image,476.781,400.5084112149533
1790651168,732,12,transition,vit_base_image,100.828,73.56037151702786
1790651168,732,12,transition,gpt2_p64_o64,1.456,0.0
1790651168,732,12,transition,gpt2_p512_o512,0,0.0
1790651168,732,12,transition,llama_p1024_o128,0.621,0.0
1790651168,732,12,transition,llama_p2048_o64,0.655,0.1795511221945137
1790651169,733,12,transition,resnet50_image,187.183,133.64290912567927
1790651169,733,12,transition,vgg16_image,476.781,400.5084112149533
1790651169,733,12,transition,vit_base_image,100.828,73.56037151702786
1790651169,733,12,transition,gpt2_p64_o64,1.456,0.0
1790651169,733,12,transition,gpt2_p512_o512,0,0.0
1790651169,733,12,transition,llama_p1024_o128,0.621,0.0
1790651169,733,12,transition,llama_p2048_o64,0.655,0.1795511221945137
1790651170,734,12,steady,resnet50_image,187.183,133.64290912567927
1790651170,734,12,steady,vgg16_image,476.781,460.08224299065415
1790651170,734,12,steady,vit_base_image,100.828,73.56037151702786
1790651170,734,12,steady,gpt2_p64_o64,1.456,0.0
1790651170,734,12,steady,gpt2_p512_o512,0,0.0
1790651170,734,12,steady,llama_p1024_o128,0.621,0.5975103734439834
1790651170,734,12,steady,llama_p2048_o64,0.655,0.1795511221945137
1790651171,735,12,steady,resnet50_image,187.183,133.64290912567927
1790651171,735,12,steady,vgg16_image,476.781,460.08224299065415
1790651171,735,12,steady,vit_base_image,100.828,73.56037151702786
1790651171,735,12,steady,gpt2_p64_o64,1.456,0.0
1790651171,735,12,steady,gpt2_p512_o512,0,0.0
1790651171,735,12,steady,llama_p1024_o128,0.621,0.5975103734439834
1790651171,735,12,steady,llama_p2048_o64,0.655,0.1795511221945137
1790651172,736,12,steady,resnet50_image,187.183,133.64290912567927
1790651172,736,12,steady,vgg16_image,476.781,460.08224299065415
1790651172,736,12,steady,vit_base_image,100.828,73.56037151702786
1790651172,736,12,steady,gpt2_p64_o64,1.456,0.0
1790651172,736,12,steady,gpt2_p512_o512,0,0.0
1790651172,736,12,steady,llama_p1024_o128,0.621,0.5975103734439834
1790651172,736,12,steady,llama_p2048_o64,0.655,0.1795511221945137
1790651173,737,12,steady,resnet50_image,187.183,133.64290912567927
1790651173,737,12,steady,vgg16_image,476.781,460.08224299065415
1790651173,737,12,steady,vit_base_image,100.828,73.56037151702786
1790651173,737,12,steady,gpt2_p64_o64,1.456,0.0
1790651173,737,12,steady,gpt2_p512_o512,0,0.0
1790651173,737,12,steady,llama_p1024_o128,0.621,0.5975103734439834
1790651173,737,12,steady,llama_p2048_o64,0.655,0.1795511221945137
1790651174,738,12,steady,resnet50_image,187.183,133.64290912567927
1790651174,738,12,steady,vgg16_image,476.781,460.08224299065415
1790651174,738,12,steady,vit_base_image,100.828,73.56037151702786
1790651174,738,12,steady,gpt2_p64_o64,1.456,0.0
1790651174,738,12,steady,gpt2_p512_o512,0,0.0
1790651174,738,12,steady,llama_p1024_o128,0.621,0.5975103734439834
1790651174,738,12,steady,llama_p2048_o64,0.655,0.1795511221945137
1790651175,739,12,steady,resnet50_image,187.183,133.64290912567927
1790651175,739,12,steady,vgg16_image,476.781,460.08224299065415
1790651175,739,12,steady,vit_base_image,100.828,73.56037151702786
1790651175,739,12,steady,gpt2_p64_o64,1.456,0.0
1790651175,739,12,steady,gpt2_p512_o512,0,0.0
1790651175,739,12,steady,llama_p1024_o128,0.621,0.5975103734439834
1790651175,739,12,steady,llama_p2048_o64,0.655,0.1795511221945137
1790651176,740,12,steady,resnet50_image,187.183,133.64290912567927
1790651176,740,12,steady,vgg16_image,476.781,460.08224299065415
1790651176,740,12,steady,vit_base_image,100.828,73.56037151702786
1790651176,740,12,steady,gpt2_p64_o64,1.456,0.0
1790651176,740,12,steady,gpt2_p512_o512,0,0.0
1790651176,740,12,steady,llama_p1024_o128,0.621,0.5975103734439834
1790651176,740,12,steady,llama_p2048_o64,0.655,0.1795511221945137
1790651177,741,12,steady,resnet50_image,187.183,133.64290912567927
1790651177,741,12,steady,vgg16_image,476.781,460.08224299065415
1790651177,741,12,steady,vit_base_image,100.828,73.56037151702786
1790651177,741,12,steady,gpt2_p64_o64,1.456,0.0
1790651177,741,12,steady,gpt2_p512_o512,0,0.0
1790651177,741,12,steady,llama_p1024_o128,0.621,0.5975103734439834
1790651177,741,12,steady,llama_p2048_o64,0.655,0.1795511221945137
1790651178,742,12,steady,resnet50_image,187.183,133.64290912567927
1790651178,742,12,steady,vgg16_image,476.781,460.08224299065415
1790651178,742,12,steady,vit_base_image,100.828,73.56037151702786
1790651178,742,12,steady,gpt2_p64_o64,1.456,0.0
1790651178,742,12,steady,gpt2_p512_o512,0,0.0
1790651178,742,12,steady,llama_p1024_o128,0.621,0.5975103734439834
1790651178,742,12,steady,llama_p2048_o64,0.655,0.1795511221945137
1790651179,743,12,steady,resnet50_image,187.183,133.64290912567927
1790651179,743,12,steady,vgg16_image,476.781,460.08224299065415
1790651179,743,12,steady,vit_base_image,100.828,73.56037151702786
1790651179,743,12,steady,gpt2_p64_o64,1.456,0.0
1790651179,743,12,steady,gpt2_p512_o512,0,0.0
1790651179,743,12,steady,llama_p1024_o128,0.621,0.5975103734439834
1790651179,743,12,steady,llama_p2048_o64,0.655,0.1795511221945137
1790651180,744,12,steady,resnet50_image,187.183,133.64290912567927
1790651180,744,12,steady,vgg16_image,476.781,460.08224299065415
1790651180,744,12,steady,vit_base_image,100.828,73.56037151702786
1790651180,744,12,steady,gpt2_p64_o64,1.456,0.0
1790651180,744,12,steady,gpt2_p512_o512,0,0.0
1790651180,744,12,steady,llama_p1024_o128,0.621,0.5975103734439834
1790651180,744,12,steady,llama_p2048_o64,0.655,0.1795511221945137
1790651181,745,12,steady,resnet50_image,187.183,133.64290912567927
1790651181,745,12,steady,vgg16_image,476.781,460.08224299065415
1790651181,745,12,steady,vit_base_image,100.828,73.56037151702786
1790651181,745,12,steady,gpt2_p64_o64,1.456,0.0
1790651181,745,12,steady,gpt2_p512_o512,0,0.0
1790651181,745,12,steady,llama_p1024_o128,0.621,0.5975103734439834
1790651181,745,12,steady,llama_p2048_o64,0.655,0.1795511221945137
1790651182,746,12,steady,resnet50_image,187.183,133.64290912567927
1790651182,746,12,steady,vgg16_image,476.781,460.08224299065415
1790651182,746,12,steady,vit_base_image,100.828,73.56037151702786
1790651182,746,12,steady,gpt2_p64_o64,1.456,0.0
1790651182,746,12,steady,gpt2_p512_o512,0,0.0
1790651182,746,12,steady,llama_p1024_o128,0.621,0.5975103734439834
1790651182,746,12,steady,llama_p2048_o64,0.655,0.1795511221945137
1790651183,747,12,steady,resnet50_image,187.183,133.64290912567927
1790651183,747,12,steady,vgg16_image,476.781,460.08224299065415
1790651183,747,12,steady,vit_base_image,100.828,73.56037151702786
1790651183,747,12,steady,gpt2_p64_o64,1.456,0.0
1790651183,747,12,steady,gpt2_p512_o512,0,0.0
1790651183,747,12,steady,llama_p1024_o128,0.621,0.5975103734439834
1790651183,747,12,steady,llama_p2048_o64,0.655,0.1795511221945137
1790651184,748,12,steady,resnet50_image,187.183,133.64290912567927
1790651184,748,12,steady,vgg16_image,476.781,460.08224299065415
1790651184,748,12,steady,vit_base_image,100.828,73.56037151702786
1790651184,748,12,steady,gpt2_p64_o64,1.456,0.0
1790651184,748,12,steady,gpt2_p512_o512,0,0.0
1790651184,748,12,steady,llama_p1024_o128,0.621,0.5975103734439834
1790651184,748,12,steady,llama_p2048_o64,0.655,0.1795511221945137
1790651185,749,12,steady,resnet50_image,187.183,133.64290912567927
1790651185,749,12,steady,vgg16_image,476.781,460.08224299065415
1790651185,749,12,steady,vit_base_image,100.828,73.56037151702786
1790651185,749,12,steady,gpt2_p64_o64,1.456,0.0
1790651185,749,12,steady,gpt2_p512_o512,0,0.0
1790651185,749,12,steady,llama_p1024_o128,0.621,0.5975103734439834
1790651185,749,12,steady,llama_p2048_o64,0.655,0.1795511221945137
1790651186,750,12,steady,resnet50_image,187.183,133.64290912567927
1790651186,750,12,steady,vgg16_image,476.781,460.08224299065415
1790651186,750,12,steady,vit_base_image,100.828,73.56037151702786
1790651186,750,12,steady,gpt2_p64_o64,1.456,0.0
1790651186,750,12,steady,gpt2_p512_o512,0,0.0
1790651186,750,12,steady,llama_p1024_o128,0.621,0.5975103734439834
1790651186,750,12,steady,llama_p2048_o64,0.655,0.1795511221945137
1790651187,751,12,steady,resnet50_image,187.183,133.64290912567927
1790651187,751,12,steady,vgg16_image,476.781,460.08224299065415
1790651187,751,12,steady,vit_base_image,100.828,73.56037151702786
1790651187,751,12,steady,gpt2_p64_o64,1.456,0.0
1790651187,751,12,steady,gpt2_p512_o512,0,0.0
1790651187,751,12,steady,llama_p1024_o128,0.621,0.5975103734439834
1790651187,751,12,steady,llama_p2048_o64,0.655,0.1795511221945137
1790651188,752,12,steady,resnet50_image,187.183,133.64290912567927
1790651188,752,12,steady,vgg16_image,476.781,460.08224299065415
1790651188,752,12,steady,vit_base_image,100.828,73.56037151702786
1790651188,752,12,steady,gpt2_p64_o64,1.456,0.0
1790651188,752,12,steady,gpt2_p512_o512,0,0.0
1790651188,752,12,steady,llama_p1024_o128,0.621,0.5975103734439834
1790651188,752,12,steady,llama_p2048_o64,0.655,0.1795511221945137
1790651189,753,12,steady,resnet50_image,187.183,133.64290912567927
1790651189,753,12,steady,vgg16_image,476.781,460.08224299065415
1790651189,753,12,steady,vit_base_image,100.828,73.56037151702786
1790651189,753,12,steady,gpt2_p64_o64,1.456,0.0
1790651189,753,12,steady,gpt2_p512_o512,0,0.0
1790651189,753,12,steady,llama_p1024_o128,0.621,0.5975103734439834
1790651189,753,12,steady,llama_p2048_o64,0.655,0.1795511221945137
1790651190,754,12,steady,resnet50_image,187.183,133.64290912567927
1790651190,754,12,steady,vgg16_image,476.781,460.08224299065415
1790651190,754,12,steady,vit_base_image,100.828,73.56037151702786
1790651190,754,12,steady,gpt2_p64_o64,1.456,0.0
1790651190,754,12,steady,gpt2_p512_o512,0,0.0
1790651190,754,12,steady,llama_p1024_o128,0.621,0.5975103734439834
1790651190,754,12,steady,llama_p2048_o64,0.655,0.1795511221945137
1790651191,755,12,steady,resnet50_image,187.183,133.64290912567927
1790651191,755,12,steady,vgg16_image,476.781,460.08224299065415
1790651191,755,12,steady,vit_base_image,100.828,73.56037151702786
1790651191,755,12,steady,gpt2_p64_o64,1.456,0.0
1790651191,755,12,steady,gpt2_p512_o512,0,0.0
1790651191,755,12,steady,llama_p1024_o128,0.621,0.5975103734439834
1790651191,755,12,steady,llama_p2048_o64,0.655,0.1795511221945137
1790651192,756,12,steady,resnet50_image,187.183,133.64290912567927
1790651192,756,12,steady,vgg16_image,476.781,460.08224299065415
1790651192,756,12,steady,vit_base_image,100.828,73.56037151702786
1790651192,756,12,steady,gpt2_p64_o64,1.456,0.0
1790651192,756,12,steady,gpt2_p512_o512,0,0.0
1790651192,756,12,steady,llama_p1024_o128,0.621,0.5975103734439834
1790651192,756,12,steady,llama_p2048_o64,0.655,0.1795511221945137
1790651193,757,12,steady,resnet50_image,187.183,133.64290912567927
1790651193,757,12,steady,vgg16_image,476.781,460.08224299065415
1790651193,757,12,steady,vit_base_image,100.828,73.56037151702786
1790651193,757,12,steady,gpt2_p64_o64,1.456,0.0
1790651193,757,12,steady,gpt2_p512_o512,0,0.0
1790651193,757,12,steady,llama_p1024_o128,0.621,0.5975103734439834
1790651193,757,12,steady,llama_p2048_o64,0.655,0.1795511221945137
1790651194,758,12,steady,resnet50_image,187.183,133.64290912567927
1790651194,758,12,steady,vgg16_image,476.781,460.08224299065415
1790651194,758,12,steady,vit_base_image,100.828,73.56037151702786
1790651194,758,12,steady,gpt2_p64_o64,1.456,0.0
1790651194,758,12,steady,gpt2_p512_o512,0,0.0
1790651194,758,12,steady,llama_p1024_o128,0.621,0.5975103734439834
1790651194,758,12,steady,llama_p2048_o64,0.655,0.1795511221945137
1790651195,759,12,steady,resnet50_image,187.183,133.64290912567927
1790651195,759,12,steady,vgg16_image,476.781,460.08224299065415
1790651195,759,12,steady,vit_base_image,100.828,73.56037151702786
1790651195,759,12,steady,gpt2_p64_o64,1.456,0.0
1790651195,759,12,steady,gpt2_p512_o512,0,0.0
1790651195,759,12,steady,llama_p1024_o128,0.621,0.5975103734439834
1790651195,759,12,steady,llama_p2048_o64,0.655,0.1795511221945137
1790651196,760,12,steady,resnet50_image,187.183,133.64290912567927
1790651196,760,12,steady,vgg16_image,476.781,460.08224299065415
1790651196,760,12,steady,vit_base_image,100.828,73.56037151702786
1790651196,760,12,steady,gpt2_p64_o64,1.456,0.0
1790651196,760,12,steady,gpt2_p512_o512,0,0.0
1790651196,760,12,steady,llama_p1024_o128,0.621,0.5975103734439834
1790651196,760,12,steady,llama_p2048_o64,0.655,0.1795511221945137
1790651197,761,12,steady,resnet50_image,187.183,133.64290912567927
1790651197,761,12,steady,vgg16_image,476.781,460.08224299065415
1790651197,761,12,steady,vit_base_image,100.828,73.56037151702786
1790651197,761,12,steady,gpt2_p64_o64,1.456,0.0
1790651197,761,12,steady,gpt2_p512_o512,0,0.0
1790651197,761,12,steady,llama_p1024_o128,0.621,0.5975103734439834
1790651197,761,12,steady,llama_p2048_o64,0.655,0.1795511221945137
1790651198,762,12,steady,resnet50_image,187.183,133.64290912567927
1790651198,762,12,steady,vgg16_image,476.781,460.08224299065415
1790651198,762,12,steady,vit_base_image,100.828,73.56037151702786
1790651198,762,12,steady,gpt2_p64_o64,1.456,0.0
1790651198,762,12,steady,gpt2_p512_o512,0,0.0
1790651198,762,12,steady,llama_p1024_o128,0.621,0.5975103734439834
1790651198,762,12,steady,llama_p2048_o64,0.655,0.1795511221945137
1790651199,763,12,steady,resnet50_image,187.183,133.64290912567927
1790651199,763,12,steady,vgg16_image,476.781,460.08224299065415
1790651199,763,12,steady,vit_base_image,100.828,73.56037151702786
1790651199,763,12,steady,gpt2_p64_o64,1.456,0.0
1790651199,763,12,steady,gpt2_p512_o512,0,0.0
1790651199,763,12,steady,llama_p1024_o128,0.621,0.5975103734439834
1790651199,763,12,steady,llama_p2048_o64,0.655,0.1795511221945137
