t_utc,t_rel,live_round,window,workload,ledger_capacity_rps,commitment_or_target_rps
1790649273,0,,,resnet50_image,,
1790649273,0,,,vgg16_image,,
1790649273,0,,,vit_base_image,,
1790649273,0,,,gpt2_p64_o64,,
1790649273,0,,,gpt2_p512_o512,,
1790649273,0,,,llama_p1024_o128,,
1790649273,0,,,llama_p2048_o64,,
1790649274,1,1,transition,resnet50_image,,0.0
1790649274,1,1,transition,vgg16_image,,0.0
1790649274,1,1,transition,vit_base_image,,0.0
1790649274,1,1,transition,gpt2_p64_o64,,0.0
1790649274,1,1,transition,gpt2_p512_o512,,0.0
1790649274,1,1,transition,llama_p1024_o128,,0.0
1790649274,1,1,transition,llama_p2048_o64,,0.0
1790649275,2,1,transition,resnet50_image,,0.0
1790649275,2,1,transition,vgg16_image,,0.0
1790649275,2,1,transition,vit_base_image,,0.0
1790649275,2,1,transition,gpt2_p64_o64,,0.0
1790649275,2,1,transition,gpt2_p512_o512,,0.0
1790649275,2,1,transition,llama_p1024_o128,,0.0
1790649275,2,1,transition,llama_p2048_o64,,0.0
1790649276,3,1,transition,resnet50_image,,0.0
1790649276,3,1,transition,vgg16_image,,0.0
1790649276,3,1,transition,vit_base_image,,0.0
1790649276,3,1,transition,gpt2_p64_o64,,0.0
1790649276,3,1,transition,gpt2_p512_o512,,0.0
1790649276,3,1,transition,llama_p1024_o128,,0.0
1790649276,3,1,transition,llama_p2048_o64,,0.0
1790649277,4,1,transition,resnet50_image,,0.0
1790649277,4,1,transition,vgg16_image,,0.0
1790649277,4,1,transition,vit_base_image,,0.0
1790649277,4,1,transition,gpt2_p64_o64,,0.0
1790649277,4,1,transition,gpt2_p512_o512,,0.0
1790649277,4,1,transition,llama_p1024_o128,,0.0
1790649277,4,1,transition,llama_p2048_o64,,0.0
1790649278,5,1,transition,resnet50_image,,0.0
1790649278,5,1,transition,vgg16_image,,0.0
1790649278,5,1,transition,vit_base_image,,0.0
1790649278,5,1,transition,gpt2_p64_o64,,0.0
1790649278,5,1,transition,gpt2_p512_o512,,0.0
1790649278,5,1,transition,llama_p1024_o128,,0.0
1790649278,5,1,transition,llama_p2048_o64,,0.0
1790649279,6,1,transition,resnet50_image,,0.0
1790649279,6,1,transition,vgg16_image,,0.0
1790649279,6,1,transition,vit_base_image,,0.0
1790649279,6,1,transition,gpt2_p64_o64,,0.0
1790649279,6,1,transition,gpt2_p512_o512,,0.0
1790649279,6,1,transition,llama_p1024_o128,,0.0
1790649279,6,1,transition,llama_p2048_o64,,0.0
1790649280,7,1,transition,resnet50_image,,0.0
1790649280,7,1,transition,vgg16_image,,0.0
1790649280,7,1,transition,vit_base_image,,0.0
1790649280,7,1,transition,gpt2_p64_o64,,0.0
1790649280,7,1,transition,gpt2_p512_o512,,0.0
1790649280,7,1,transition,llama_p1024_o128,,0.0
1790649280,7,1,transition,llama_p2048_o64,,0.0
1790649281,8,1,transition,resnet50_image,,0.0
1790649281,8,1,transition,vgg16_image,,0.0
1790649281,8,1,transition,vit_base_image,,0.0
1790649281,8,1,transition,gpt2_p64_o64,,0.0
1790649281,8,1,transition,gpt2_p512_o512,,0.0
1790649281,8,1,transition,llama_p1024_o128,,0.0
1790649281,8,1,transition,llama_p2048_o64,,0.0
1790649282,9,1,transition,resnet50_image,0,0.0
1790649282,9,1,transition,vgg16_image,0,0.0
1790649282,9,1,transition,vit_base_image,0,0.0
1790649282,9,1,transition,gpt2_p64_o64,0,0.0
1790649282,9,1,transition,gpt2_p512_o512,0,0.0
1790649282,9,1,transition,llama_p1024_o128,0,0.0
1790649282,9,1,transition,llama_p2048_o64,0,0.0
1790649283,10,1,transition,resnet50_image,0,0.0
1790649283,10,1,transition,vgg16_image,0,0.0
1790649283,10,1,transition,vit_base_image,0,0.0
1790649283,10,1,transition,gpt2_p64_o64,0,0.0
1790649283,10,1,transition,gpt2_p512_o512,0,0.0
1790649283,10,1,transition,llama_p1024_o128,0,0.0
1790649283,10,1,transition,llama_p2048_o64,0,0.0
1790649284,11,1,transition,resnet50_image,0,0.0
1790649284,11,1,transition,vgg16_image,0,0.0
1790649284,11,1,transition,vit_base_image,0,0.0
1790649284,11,1,transition,gpt2_p64_o64,0,0.0
1790649284,11,1,transition,gpt2_p512_o512,0,0.0
1790649284,11,1,transition,llama_p1024_o128,0,0.0
1790649284,11,1,transition,llama_p2048_o64,0,0.0
1790649285,12,1,transition,resnet50_image,0,0.0
1790649285,12,1,transition,vgg16_image,0,0.0
1790649285,12,1,transition,vit_base_image,0,0.0
1790649285,12,1,transition,gpt2_p64_o64,0,0.0
1790649285,12,1,transition,gpt2_p512_o512,0,0.0
1790649285,12,1,transition,llama_p1024_o128,0,0.0
1790649285,12,1,transition,llama_p2048_o64,0,0.0
1790649286,13,1,transition,resnet50_image,0,0.0
1790649286,13,1,transition,vgg16_image,0,0.0
1790649286,13,1,transition,vit_base_image,0,0.0
1790649286,13,1,transition,gpt2_p64_o64,0,0.0
1790649286,13,1,transition,gpt2_p512_o512,0,0.0
1790649286,13,1,transition,llama_p1024_o128,0,0.0
1790649286,13,1,transition,llama_p2048_o64,0,0.0
1790649287,14,1,transition,resnet50_image,0,0.0
1790649287,14,1,transition,vgg16_image,0,0.0
1790649287,14,1,transition,vit_base_image,0,0.0
1790649287,14,1,transition,gpt2_p64_o64,0,0.0
1790649287,14,1,transition,gpt2_p512_o512,0,0.0
1790649287,14,1,transition,llama_p1024_o128,0,0.0
1790649287,14,1,transition,llama_p2048_o64,0,0.0
1790649288,15,1,transition,resnet50_image,0,0.0
1790649288,15,1,transition,vgg16_image,0,0.0
1790649288,15,1,transition,vit_base_image,0,0.0
1790649288,15,1,transition,gpt2_p64_o64,0,0.0
1790649288,15,1,transition,gpt2_p512_o512,0,0.0
1790649288,15,1,transition,llama_p1024_o128,0,0.0
1790649288,15,1,transition,llama_p2048_o64,0,0.0
1790649289,16,1,transition,resnet50_image,0,0.0
1790649289,16,1,transition,vgg16_image,0,0.0
1790649289,16,1,transition,vit_base_image,0,0.0
1790649289,16,1,transition,gpt2_p64_o64,0,0.0
1790649289,16,1,transition,gpt2_p512_o512,0,0.0
1790649289,16,1,transition,llama_p1024_o128,0,0.0
1790649289,16,1,transition,llama_p2048_o64,0,0.0
1790649290,17,1,transition,resnet50_image,0,0.0
1790649290,17,1,transition,vgg16_image,0,0.0
1790649290,17,1,transition,vit_base_image,0,0.0
1790649290,17,1,transition,gpt2_p64_o64,0,0.0
1790649290,17,1,transition,gpt2_p512_o512,0,0.0
1790649290,17,1,transition,llama_p1024_o128,0,0.0
1790649290,17,1,transition,llama_p2048_o64,0,0.0
1790649291,18,1,transition,resnet50_image,0,0.0
1790649291,18,1,transition,vgg16_image,0,0.0
1790649291,18,1,transition,vit_base_image,0,0.0
1790649291,18,1,transition,gpt2_p64_o64,0,0.0
1790649291,18,1,transition,gpt2_p512_o512,0,0.0
1790649291,18,1,transition,llama_p1024_o128,0,0.0
1790649291,18,1,transition,llama_p2048_o64,0,0.0
1790649292,19,1,transition,resnet50_image,0,0.0
1790649292,19,1,transition,vgg16_image,0,0.0
1790649292,19,1,transition,vit_base_image,0,0.0
1790649292,19,1,transition,gpt2_p64_o64,0,0.0
1790649292,19,1,transition,gpt2_p512_o512,0,0.0
1790649292,19,1,transition,llama_p1024_o128,0,0.0
1790649292,19,1,transition,llama_p2048_o64,0,0.0
1790649293,20,1,transition,resnet50_image,0,0.0
1790649293,20,1,transition,vgg16_image,0,0.0
1790649293,20,1,transition,vit_base_image,0,0.0
1790649293,20,1,transition,gpt2_p64_o64,0,0.0
1790649293,20,1,transition,gpt2_p512_o512,0,0.0
1790649293,20,1,transition,llama_p1024_o128,0,0.0
1790649293,20,1,transition,llama_p2048_o64,0,0.0
1790649294,21,1,transition,resnet50_image,0,0.0
1790649294,21,1,transition,vgg16_image,0,0.0
1790649294,21,1,transition,vit_base_image,0,0.0
1790649294,21,1,transition,gpt2_p64_o64,0,0.0
1790649294,21,1,transition,gpt2_p512_o512,0,0.0
1790649294,21,1,transition,llama_p1024_o128,0,0.0
1790649294,21,1,transition,llama_p2048_o64,0,0.0
1790649295,22,1,transition,resnet50_image,0,0.0
1790649295,22,1,transition,vgg16_image,0,0.0
1790649295,22,1,transition,vit_base_image,0,0.0
1790649295,22,1,transition,gpt2_p64_o64,0,0.0
1790649295,22,1,transition,gpt2_p512_o512,0,0.0
1790649295,22,1,transition,llama_p1024_o128,0,0.0
1790649295,22,1,transition,llama_p2048_o64,0,0.0
1790649296,23,1,transition,resnet50_image,0,0.0
1790649296,23,1,transition,vgg16_image,0,0.0
1790649296,23,1,transition,vit_base_image,0,0.0
1790649296,23,1,transition,gpt2_p64_o64,0,0.0
1790649296,23,1,transition,gpt2_p512_o512,0,0.0
1790649296,23,1,transition,llama_p1024_o128,0,0.0
1790649296,23,1,transition,llama_p2048_o64,0,0.0
1790649297,24,1,transition,resnet50_image,0,0.0
1790649297,24,1,transition,vgg16_image,0,0.0
1790649297,24,1,transition,vit_base_image,0,0.0
1790649297,24,1,transition,gpt2_p64_o64,0,0.0
1790649297,24,1,transition,gpt2_p512_o512,0,0.0
1790649297,24,1,transition,llama_p1024_o128,0,0.0
1790649297,24,1,transition,llama_p2048_o64,0,0.0
1790649298,25,1,transition,resnet50_image,0,0.0
1790649298,25,1,transition,vgg16_image,0,0.0
1790649298,25,1,transition,vit_base_image,0,0.0
1790649298,25,1,transition,gpt2_p64_o64,0,0.0
1790649298,25,1,transition,gpt2_p512_o512,0,0.0
1790649298,25,1,transition,llama_p1024_o128,0,0.0
1790649298,25,1,transition,llama_p2048_o64,0,0.0
1790649299,26,1,transition,resnet50_image,0,0.0
1790649299,26,1,transition,vgg16_image,0,0.0
1790649299,26,1,transition,vit_base_image,0,0.0
1790649299,26,1,transition,gpt2_p64_o64,0,0.0
1790649299,26,1,transition,gpt2_p512_o512,0,0.0
1790649299,26,1,transition,llama_p1024_o128,0,0.0
1790649299,26,1,transition,llama_p2048_o64,0,0.0
1790649300,27,1,transition,resnet50_image,0,0.0
1790649300,27,1,transition,vgg16_image,0,0.0
1790649300,27,1,transition,vit_base_image,0,0.0
1790649300,27,1,transition,gpt2_p64_o64,0,0.0
1790649300,27,1,transition,gpt2_p512_o512,0,0.0
1790649300,27,1,transition,llama_p1024_o128,0,0.0
1790649300,27,1,transition,llama_p2048_o64,0,0.0
1790649301,28,1,transition,resnet50_image,307.73,0.0
1790649301,28,1,transition,vgg16_image,0,0.0
1790649301,28,1,transition,vit_base_image,126.198,0.0
1790649301,28,1,transition,gpt2_p64_o64,1.456,0.0
1790649301,28,1,transition,gpt2_p512_o512,0,0.0
1790649301,28,1,transition,llama_p1024_o128,0,0.0
1790649301,28,1,transition,llama_p2048_o64,0,0.0
1790649302,29,1,transition,resnet50_image,307.73,0.0
1790649302,29,1,transition,vgg16_image,0,0.0
1790649302,29,1,transition,vit_base_image,126.198,0.0
1790649302,29,1,transition,gpt2_p64_o64,1.456,0.0
1790649302,29,1,transition,gpt2_p512_o512,0,0.0
1790649302,29,1,transition,llama_p1024_o128,0,0.0
1790649302,29,1,transition,llama_p2048_o64,0,0.0
1790649303,30,1,transition,resnet50_image,307.73,0.0
1790649303,30,1,transition,vgg16_image,476.781,0.0
1790649303,30,1,transition,vit_base_image,126.198,0.0
1790649303,30,1,transition,gpt2_p64_o64,1.456,0.0
1790649303,30,1,transition,gpt2_p512_o512,0,0.0
1790649303,30,1,transition,llama_p1024_o128,0,0.0
1790649303,30,1,transition,llama_p2048_o64,0,0.0
1790649304,31,1,transition,resnet50_image,307.73,0.0
1790649304,31,1,transition,vgg16_image,476.781,0.0
1790649304,31,1,transition,vit_base_image,126.198,0.0
1790649304,31,1,transition,gpt2_p64_o64,1.456,0.0
1790649304,31,1,transition,gpt2_p512_o512,0,0.0
1790649304,31,1,transition,llama_p1024_o128,0,0.0
1790649304,31,1,transition,llama_p2048_o64,0,0.0
1790649305,32,1,transition,resnet50_image,307.73,0.0
1790649305,32,1,transition,vgg16_image,476.781,0.0
1790649305,32,1,transition,vit_base_image,126.198,0.0
1790649305,32,1,transition,gpt2_p64_o64,1.456,0.0
1790649305,32,1,transition,gpt2_p512_o512,0.36,0.0
1790649305,32,1,transition,llama_p1024_o128,0,0.0
1790649305,32,1,transition,llama_p2048_o64,0,0.0
1790649306,33,1,transition,resnet50_image,307.73,0.0
1790649306,33,1,transition,vgg16_image,476.781,0.0
1790649306,33,1,transition,vit_base_image,126.198,0.0
1790649306,33,1,transition,gpt2_p64_o64,1.456,0.0
1790649306,33,1,transition,gpt2_p512_o512,0.36,0.0
1790649306,33,1,transition,llama_p1024_o128,0,0.0
1790649306,33,1,transition,llama_p2048_o64,0,0.0
1790649307,34,1,transition,resnet50_image,307.73,0.0
1790649307,34,1,transition,vgg16_image,476.781,0.0
1790649307,34,1,transition,vit_base_image,126.198,0.0
1790649307,34,1,transition,gpt2_p64_o64,1.456,0.0
1790649307,34,1,transition,gpt2_p512_o512,0.36,0.0
1790649307,34,1,transition,llama_p1024_o128,0.526,0.0
1790649307,34,1,transition,llama_p2048_o64,0,0.0
1790649308,35,1,transition,resnet50_image,307.73,0.0
1790649308,35,1,transition,vgg16_image,476.781,0.0
1790649308,35,1,transition,vit_base_image,126.198,0.0
1790649308,35,1,transition,gpt2_p64_o64,1.456,0.0
1790649308,35,1,transition,gpt2_p512_o512,0.36,0.0
1790649308,35,1,transition,llama_p1024_o128,1.052,0.0
1790649308,35,1,transition,llama_p2048_o64,0.655,0.0
1790649309,36,1,steady,resnet50_image,307.73,242.71580725528415
1790649309,36,1,steady,vgg16_image,476.781,446.803738317757
1790649309,36,1,steady,vit_base_image,126.198,122.60061919504642
1790649309,36,1,steady,gpt2_p64_o64,1.456,0.232258064516129
1790649309,36,1,steady,gpt2_p512_o512,0.36,0.3412322274881517
1790649309,36,1,steady,llama_p1024_o128,1.315,1.1950207468879668
1790649309,36,1,steady,llama_p2048_o64,0.655,0.1795511221945137
1790649310,37,1,steady,resnet50_image,307.73,242.71580725528415
1790649310,37,1,steady,vgg16_image,476.781,446.803738317757
1790649310,37,1,steady,vit_base_image,126.198,122.60061919504642
1790649310,37,1,steady,gpt2_p64_o64,1.456,0.232258064516129
1790649310,37,1,steady,gpt2_p512_o512,0.36,0.3412322274881517
1790649310,37,1,steady,llama_p1024_o128,1.315,1.1950207468879668
1790649310,37,1,steady,llama_p2048_o64,0.655,0.1795511221945137
1790649311,38,1,steady,resnet50_image,307.73,242.71580725528415
1790649311,38,1,steady,vgg16_image,476.781,446.803738317757
1790649311,38,1,steady,vit_base_image,126.198,122.60061919504642
1790649311,38,1,steady,gpt2_p64_o64,1.456,0.232258064516129
1790649311,38,1,steady,gpt2_p512_o512,0.36,0.3412322274881517
1790649311,38,1,steady,llama_p1024_o128,1.315,1.1950207468879668
1790649311,38,1,steady,llama_p2048_o64,0.655,0.1795511221945137
1790649312,39,1,steady,resnet50_image,307.73,242.71580725528415
1790649312,39,1,steady,vgg16_image,476.781,446.803738317757
1790649312,39,1,steady,vit_base_image,126.198,122.60061919504642
1790649312,39,1,steady,gpt2_p64_o64,1.456,0.232258064516129
1790649312,39,1,steady,gpt2_p512_o512,0.36,0.3412322274881517
1790649312,39,1,steady,llama_p1024_o128,1.315,1.1950207468879668
1790649312,39,1,steady,llama_p2048_o64,0.655,0.1795511221945137
1790649313,40,1,steady,resnet50_image,307.73,242.71580725528415
1790649313,40,1,steady,vgg16_image,476.781,446.803738317757
1790649313,40,1,steady,vit_base_image,126.198,122.60061919504642
1790649313,40,1,steady,gpt2_p64_o64,1.456,0.232258064516129
1790649313,40,1,steady,gpt2_p512_o512,0.36,0.3412322274881517
1790649313,40,1,steady,llama_p1024_o128,1.315,1.1950207468879668
1790649313,40,1,steady,llama_p2048_o64,0.655,0.1795511221945137
1790649314,41,1,steady,resnet50_image,307.73,242.71580725528415
1790649314,41,1,steady,vgg16_image,476.781,446.803738317757
1790649314,41,1,steady,vit_base_image,126.198,122.60061919504642
1790649314,41,1,steady,gpt2_p64_o64,1.456,0.232258064516129
1790649314,41,1,steady,gpt2_p512_o512,0.36,0.3412322274881517
1790649314,41,1,steady,llama_p1024_o128,1.315,1.1950207468879668
1790649314,41,1,steady,llama_p2048_o64,0.655,0.1795511221945137
1790649315,42,1,steady,resnet50_image,307.73,242.71580725528415
1790649315,42,1,steady,vgg16_image,476.781,446.803738317757
1790649315,42,1,steady,vit_base_image,126.198,122.60061919504642
1790649315,42,1,steady,gpt2_p64_o64,1.456,0.232258064516129
1790649315,42,1,steady,gpt2_p512_o512,0.36,0.3412322274881517
1790649315,42,1,steady,llama_p1024_o128,1.315,1.1950207468879668
1790649315,42,1,steady,llama_p2048_o64,0.655,0.1795511221945137
1790649316,43,1,steady,resnet50_image,307.73,242.71580725528415
1790649316,43,1,steady,vgg16_image,476.781,446.803738317757
1790649316,43,1,steady,vit_base_image,126.198,122.60061919504642
1790649316,43,1,steady,gpt2_p64_o64,1.456,0.232258064516129
1790649316,43,1,steady,gpt2_p512_o512,0.36,0.3412322274881517
1790649316,43,1,steady,llama_p1024_o128,1.315,1.1950207468879668
1790649316,43,1,steady,llama_p2048_o64,0.655,0.1795511221945137
1790649317,44,1,steady,resnet50_image,307.73,242.71580725528415
1790649317,44,1,steady,vgg16_image,476.781,446.803738317757
1790649317,44,1,steady,vit_base_image,126.198,122.60061919504642
1790649317,44,1,steady,gpt2_p64_o64,1.456,0.232258064516129
1790649317,44,1,steady,gpt2_p512_o512,0.36,0.3412322274881517
1790649317,44,1,steady,llama_p1024_o128,1.315,1.1950207468879668
1790649317,44,1,steady,llama_p2048_o64,0.655,0.1795511221945137
1790649318,45,1,steady,resnet50_image,307.73,242.71580725528415
1790649318,45,1,steady,vgg16_image,476.781,446.803738317757
1790649318,45,1,steady,vit_base_image,126.198,122.60061919504642
1790649318,45,1,steady,gpt2_p64_o64,1.456,0.232258064516129
1790649318,45,1,steady,gpt2_p512_o512,0.36,0.3412322274881517
1790649318,45,1,steady,llama_p1024_o128,1.315,1.1950207468879668
1790649318,45,1,steady,llama_p2048_o64,0.655,0.1795511221945137
1790649319,46,1,steady,resnet50_image,307.73,242.71580725528415
1790649319,46,1,steady,vgg16_image,476.781,446.803738317757
1790649319,46,1,steady,vit_base_image,126.198,122.60061919504642
1790649319,46,1,steady,gpt2_p64_o64,1.456,0.232258064516129
1790649319,46,1,steady,gpt2_p512_o512,0.36,0.3412322274881517
1790649319,46,1,steady,llama_p1024_o128,1.315,1.1950207468879668
1790649319,46,1,steady,llama_p2048_o64,0.655,0.1795511221945137
1790649320,47,1,steady,resnet50_image,307.73,242.71580725528415
1790649320,47,1,steady,vgg16_image,476.781,446.803738317757
1790649320,47,1,steady,vit_base_image,126.198,122.60061919504642
1790649320,47,1,steady,gpt2_p64_o64,1.456,0.232258064516129
1790649320,47,1,steady,gpt2_p512_o512,0.36,0.3412322274881517
1790649320,47,1,steady,llama_p1024_o128,1.315,1.1950207468879668
1790649320,47,1,steady,llama_p2048_o64,0.655,0.1795511221945137
1790649321,48,1,steady,resnet50_image,307.73,242.71580725528415
1790649321,48,1,steady,vgg16_image,476.781,446.803738317757
1790649321,48,1,steady,vit_base_image,126.198,122.60061919504642
1790649321,48,1,steady,gpt2_p64_o64,1.456,0.232258064516129
1790649321,48,1,steady,gpt2_p512_o512,0.36,0.3412322274881517
1790649321,48,1,steady,llama_p1024_o128,1.315,1.1950207468879668
1790649321,48,1,steady,llama_p2048_o64,0.655,0.1795511221945137
1790649322,49,1,steady,resnet50_image,307.73,242.71580725528415
1790649322,49,1,steady,vgg16_image,476.781,446.803738317757
1790649322,49,1,steady,vit_base_image,126.198,122.60061919504642
1790649322,49,1,steady,gpt2_p64_o64,1.456,0.232258064516129
1790649322,49,1,steady,gpt2_p512_o512,0.36,0.3412322274881517
1790649322,49,1,steady,llama_p1024_o128,1.315,1.1950207468879668
1790649322,49,1,steady,llama_p2048_o64,0.655,0.1795511221945137
1790649323,50,1,steady,resnet50_image,307.73,242.71580725528415
1790649323,50,1,steady,vgg16_image,476.781,446.803738317757
1790649323,50,1,steady,vit_base_image,126.198,122.60061919504642
1790649323,50,1,steady,gpt2_p64_o64,1.456,0.232258064516129
1790649323,50,1,steady,gpt2_p512_o512,0.36,0.3412322274881517
1790649323,50,1,steady,llama_p1024_o128,1.315,1.1950207468879668
1790649323,50,1,steady,llama_p2048_o64,0.655,0.1795511221945137
1790649324,51,1,steady,resnet50_image,307.73,242.71580725528415
1790649324,51,1,steady,vgg16_image,476.781,446.803738317757
1790649324,51,1,steady,vit_base_image,126.198,122.60061919504642
1790649324,51,1,steady,gpt2_p64_o64,1.456,0.232258064516129
1790649324,51,1,steady,gpt2_p512_o512,0.36,0.3412322274881517
1790649324,51,1,steady,llama_p1024_o128,1.315,1.1950207468879668
1790649324,51,1,steady,llama_p2048_o64,0.655,0.1795511221945137
1790649325,52,1,steady,resnet50_image,307.73,242.71580725528415
1790649325,52,1,steady,vgg16_image,476.781,446.803738317757
1790649325,52,1,steady,vit_base_image,126.198,122.60061919504642
1790649325,52,1,steady,gpt2_p64_o64,1.456,0.232258064516129
1790649325,52,1,steady,gpt2_p512_o512,0.36,0.3412322274881517
1790649325,52,1,steady,llama_p1024_o128,1.315,1.1950207468879668
1790649325,52,1,steady,llama_p2048_o64,0.655,0.1795511221945137
1790649326,53,1,steady,resnet50_image,307.73,242.71580725528415
1790649326,53,1,steady,vgg16_image,476.781,446.803738317757
1790649326,53,1,steady,vit_base_image,126.198,122.60061919504642
1790649326,53,1,steady,gpt2_p64_o64,1.456,0.232258064516129
1790649326,53,1,steady,gpt2_p512_o512,0.36,0.3412322274881517
1790649326,53,1,steady,llama_p1024_o128,1.315,1.1950207468879668
1790649326,53,1,steady,llama_p2048_o64,0.655,0.1795511221945137
1790649327,54,1,steady,resnet50_image,307.73,242.71580725528415
1790649327,54,1,steady,vgg16_image,476.781,446.803738317757
1790649327,54,1,steady,vit_base_image,126.198,122.60061919504642
1790649327,54,1,steady,gpt2_p64_o64,1.456,0.232258064516129
1790649327,54,1,steady,gpt2_p512_o512,0.36,0.3412322274881517
1790649327,54,1,steady,llama_p1024_o128,1.315,1.1950207468879668
1790649327,54,1,steady,llama_p2048_o64,0.655,0.1795511221945137
1790649328,55,1,steady,resnet50_image,307.73,242.71580725528415
1790649328,55,1,steady,vgg16_image,476.781,446.803738317757
1790649328,55,1,steady,vit_base_image,126.198,122.60061919504642
1790649328,55,1,steady,gpt2_p64_o64,1.456,0.232258064516129
1790649328,55,1,steady,gpt2_p512_o512,0.36,0.3412322274881517
1790649328,55,1,steady,llama_p1024_o128,1.315,1.1950207468879668
1790649328,55,1,steady,llama_p2048_o64,0.655,0.1795511221945137
1790649329,56,1,steady,resnet50_image,307.73,242.71580725528415
1790649329,56,1,steady,vgg16_image,476.781,446.803738317757
1790649329,56,1,steady,vit_base_image,126.198,122.60061919504642
1790649329,56,1,steady,gpt2_p64_o64,1.456,0.232258064516129
1790649329,56,1,steady,gpt2_p512_o512,0.36,0.3412322274881517
1790649329,56,1,steady,llama_p1024_o128,1.315,1.1950207468879668
1790649329,56,1,steady,llama_p2048_o64,0.655,0.1795511221945137
1790649330,57,1,steady,resnet50_image,307.73,242.71580725528415
1790649330,57,1,steady,vgg16_image,476.781,446.803738317757
1790649330,57,1,steady,vit_base_image,126.198,122.60061919504642
1790649330,57,1,steady,gpt2_p64_o64,1.456,0.232258064516129
1790649330,57,1,steady,gpt2_p512_o512,0.36,0.3412322274881517
1790649330,57,1,steady,llama_p1024_o128,1.315,1.1950207468879668
1790649330,57,1,steady,llama_p2048_o64,0.655,0.1795511221945137
1790649331,58,1,steady,resnet50_image,307.73,242.71580725528415
1790649331,58,1,steady,vgg16_image,476.781,446.803738317757
1790649331,58,1,steady,vit_base_image,126.198,122.60061919504642
1790649331,58,1,steady,gpt2_p64_o64,1.456,0.232258064516129
1790649331,58,1,steady,gpt2_p512_o512,0.36,0.3412322274881517
1790649331,58,1,steady,llama_p1024_o128,1.315,1.1950207468879668
1790649331,58,1,steady,llama_p2048_o64,0.655,0.1795511221945137
1790649332,59,1,steady,resnet50_image,307.73,242.71580725528415
1790649332,59,1,steady,vgg16_image,476.781,446.803738317757
1790649332,59,1,steady,vit_base_image,126.198,122.60061919504642
1790649332,59,1,steady,gpt2_p64_o64,1.456,0.232258064516129
1790649332,59,1,steady,gpt2_p512_o512,0.36,0.3412322274881517
1790649332,59,1,steady,llama_p1024_o128,1.315,1.1950207468879668
1790649332,59,1,steady,llama_p2048_o64,0.655,0.1795511221945137
1790649333,60,1,steady,resnet50_image,307.73,242.71580725528415
1790649333,60,1,steady,vgg16_image,476.781,446.803738317757
1790649333,60,1,steady,vit_base_image,126.198,122.60061919504642
1790649333,60,1,steady,gpt2_p64_o64,1.456,0.232258064516129
1790649333,60,1,steady,gpt2_p512_o512,0.36,0.3412322274881517
1790649333,60,1,steady,llama_p1024_o128,1.315,1.1950207468879668
1790649333,60,1,steady,llama_p2048_o64,0.655,0.1795511221945137
1790649334,61,1,steady,resnet50_image,307.73,242.71580725528415
1790649334,61,1,steady,vgg16_image,476.781,446.803738317757
1790649334,61,1,steady,vit_base_image,126.198,122.60061919504642
1790649334,61,1,steady,gpt2_p64_o64,1.456,0.232258064516129
1790649334,61,1,steady,gpt2_p512_o512,0.36,0.3412322274881517
1790649334,61,1,steady,llama_p1024_o128,1.315,1.1950207468879668
1790649334,61,1,steady,llama_p2048_o64,0.655,0.1795511221945137
1790649335,62,1,steady,resnet50_image,307.73,242.71580725528415
1790649335,62,1,steady,vgg16_image,476.781,446.803738317757
1790649335,62,1,steady,vit_base_image,126.198,122.60061919504642
1790649335,62,1,steady,gpt2_p64_o64,1.456,0.232258064516129
1790649335,62,1,steady,gpt2_p512_o512,0.36,0.3412322274881517
1790649335,62,1,steady,llama_p1024_o128,1.315,1.1950207468879668
1790649335,62,1,steady,llama_p2048_o64,0.655,0.1795511221945137
1790649336,63,1,steady,resnet50_image,307.73,242.71580725528415
1790649336,63,1,steady,vgg16_image,476.781,446.803738317757
1790649336,63,1,steady,vit_base_image,126.198,122.60061919504642
1790649336,63,1,steady,gpt2_p64_o64,1.456,0.232258064516129
1790649336,63,1,steady,gpt2_p512_o512,0.36,0.3412322274881517
1790649336,63,1,steady,llama_p1024_o128,1.315,1.1950207468879668
1790649336,63,1,steady,llama_p2048_o64,0.655,0.1795511221945137
1790649337,64,1,steady,resnet50_image,307.73,242.71580725528415
1790649337,64,1,steady,vgg16_image,476.781,446.803738317757
1790649337,64,1,steady,vit_base_image,126.198,122.60061919504642
1790649337,64,1,steady,gpt2_p64_o64,1.456,0.232258064516129
1790649337,64,1,steady,gpt2_p512_o512,0.36,0.3412322274881517
1790649337,64,1,steady,llama_p1024_o128,1.315,1.1950207468879668
1790649337,64,1,steady,llama_p2048_o64,0.655,0.1795511221945137
1790649338,65,1,steady,resnet50_image,307.73,242.71580725528415
1790649338,65,1,steady,vgg16_image,476.781,446.803738317757
1790649338,65,1,steady,vit_base_image,126.198,122.60061919504642
1790649338,65,1,steady,gpt2_p64_o64,1.456,0.232258064516129
1790649338,65,1,steady,gpt2_p512_o512,0.36,0.3412322274881517
1790649338,65,1,steady,llama_p1024_o128,1.315,1.1950207468879668
1790649338,65,1,steady,llama_p2048_o64,0.655,0.1795511221945137
1790649339,66,,,resnet50_image,307.73,
1790649339,66,,,vgg16_image,476.781,
1790649339,66,,,vit_base_image,126.198,
1790649339,66,,,gpt2_p64_o64,1.456,
1790649339,66,,,gpt2_p512_o512,0.36,
1790649339,66,,,llama_p1024_o128,1.315,
1790649339,66,,,llama_p2048_o64,0.655,
1790649340,67,,,resnet50_image,307.73,
1790649340,67,,,vgg16_image,476.781,
1790649340,67,,,vit_base_image,126.198,
1790649340,67,,,gpt2_p64_o64,1.456,
1790649340,67,,,gpt2_p512_o512,0.36,
1790649340,67,,,llama_p1024_o128,1.315,
1790649340,67,,,llama_p2048_o64,0.655,
1790649341,68,,,resnet50_image,307.73,
1790649341,68,,,vgg16_image,476.781,
1790649341,68,,,vit_base_image,126.198,
1790649341,68,,,gpt2_p64_o64,1.456,
1790649341,68,,,gpt2_p512_o512,0.36,
1790649341,68,,,llama_p1024_o128,1.315,
1790649341,68,,,llama_p2048_o64,0.655,
1790649342,69,,,resnet50_image,307.73,
1790649342,69,,,vgg16_image,476.781,
1790649342,69,,,vit_base_image,126.198,
1790649342,69,,,gpt2_p64_o64,1.456,
1790649342,69,,,gpt2_p512_o512,0.36,
1790649342,69,,,llama_p1024_o128,1.315,
1790649342,69,,,llama_p2048_o64,0.655,
1790649343,70,,,resnet50_image,307.73,
1790649343,70,,,vgg16_image,476.781,
1790649343,70,,,vit_base_image,126.198,
1790649343,70,,,gpt2_p64_o64,1.456,
1790649343,70,,,gpt2_p512_o512,0.36,
1790649343,70,,,llama_p1024_o128,1.315,
1790649343,70,,,llama_p2048_o64,0.655,
1790649344,71,,,resnet50_image,307.73,
1790649344,71,,,vgg16_image,476.781,
1790649344,71,,,vit_base_image,126.198,
1790649344,71,,,gpt2_p64_o64,1.456,
1790649344,71,,,gpt2_p512_o512,0.36,
1790649344,71,,,llama_p1024_o128,1.315,
1790649344,71,,,llama_p2048_o64,0.655,
1790649345,72,,,resnet50_image,307.73,
1790649345,72,,,vgg16_image,476.781,
1790649345,72,,,vit_base_image,126.198,
1790649345,72,,,gpt2_p64_o64,1.456,
1790649345,72,,,gpt2_p512_o512,0.36,
1790649345,72,,,llama_p1024_o128,1.315,
1790649345,72,,,llama_p2048_o64,0.655,
1790649346,73,2,transition,resnet50_image,307.73,214.84735642686016
1790649346,73,2,transition,vgg16_image,476.781,446.803738317757
1790649346,73,2,transition,vit_base_image,126.198,122.60061919504642
1790649346,73,2,transition,gpt2_p64_o64,1.456,0.232258064516129
1790649346,73,2,transition,gpt2_p512_o512,0.36,0.1706161137440758
1790649346,73,2,transition,llama_p1024_o128,1.315,0.5975103734439834
1790649346,73,2,transition,llama_p2048_o64,0.655,0.1795511221945137
1790649347,74,2,transition,resnet50_image,307.73,214.84735642686016
1790649347,74,2,transition,vgg16_image,476.781,446.803738317757
1790649347,74,2,transition,vit_base_image,126.198,122.60061919504642
1790649347,74,2,transition,gpt2_p64_o64,1.456,0.232258064516129
1790649347,74,2,transition,gpt2_p512_o512,0.36,0.1706161137440758
1790649347,74,2,transition,llama_p1024_o128,1.315,0.5975103734439834
1790649347,74,2,transition,llama_p2048_o64,0.655,0.1795511221945137
1790649348,75,2,transition,resnet50_image,307.73,214.84735642686016
1790649348,75,2,transition,vgg16_image,476.781,446.803738317757
1790649348,75,2,transition,vit_base_image,126.198,122.60061919504642
1790649348,75,2,transition,gpt2_p64_o64,1.456,0.232258064516129
1790649348,75,2,transition,gpt2_p512_o512,0.36,0.1706161137440758
1790649348,75,2,transition,llama_p1024_o128,1.315,0.5975103734439834
1790649348,75,2,transition,llama_p2048_o64,0.655,0.1795511221945137
1790649349,76,2,transition,resnet50_image,307.73,214.84735642686016
1790649349,76,2,transition,vgg16_image,476.781,446.803738317757
1790649349,76,2,transition,vit_base_image,126.198,122.60061919504642
1790649349,76,2,transition,gpt2_p64_o64,1.456,0.232258064516129
1790649349,76,2,transition,gpt2_p512_o512,0.36,0.1706161137440758
1790649349,76,2,transition,llama_p1024_o128,1.315,0.5975103734439834
1790649349,76,2,transition,llama_p2048_o64,0.655,0.1795511221945137
1790649350,77,2,transition,resnet50_image,307.73,214.84735642686016
1790649350,77,2,transition,vgg16_image,476.781,446.803738317757
1790649350,77,2,transition,vit_base_image,126.198,122.60061919504642
1790649350,77,2,transition,gpt2_p64_o64,1.456,0.232258064516129
1790649350,77,2,transition,gpt2_p512_o512,0.36,0.1706161137440758
1790649350,77,2,transition,llama_p1024_o128,1.315,0.5975103734439834
1790649350,77,2,transition,llama_p2048_o64,0.655,0.1795511221945137
1790649351,78,2,transition,resnet50_image,307.73,214.84735642686016
1790649351,78,2,transition,vgg16_image,476.781,446.803738317757
1790649351,78,2,transition,vit_base_image,126.198,122.60061919504642
1790649351,78,2,transition,gpt2_p64_o64,1.456,0.232258064516129
1790649351,78,2,transition,gpt2_p512_o512,0.36,0.1706161137440758
1790649351,78,2,transition,llama_p1024_o128,1.315,0.5975103734439834
1790649351,78,2,transition,llama_p2048_o64,0.655,0.1795511221945137
1790649352,79,2,transition,resnet50_image,307.73,214.84735642686016
1790649352,79,2,transition,vgg16_image,494.421,446.803738317757
1790649352,79,2,transition,vit_base_image,126.198,122.60061919504642
1790649352,79,2,transition,gpt2_p64_o64,1.456,0.232258064516129
1790649352,79,2,transition,gpt2_p512_o512,0.36,0.1706161137440758
1790649352,79,2,transition,llama_p1024_o128,1.315,0.5975103734439834
1790649352,79,2,transition,llama_p2048_o64,0.655,0.1795511221945137
1790649353,80,2,transition,resnet50_image,307.73,214.84735642686016
1790649353,80,2,transition,vgg16_image,494.421,446.803738317757
1790649353,80,2,transition,vit_base_image,126.198,122.60061919504642
1790649353,80,2,transition,gpt2_p64_o64,1.456,0.232258064516129
1790649353,80,2,transition,gpt2_p512_o512,0.36,0.1706161137440758
1790649353,80,2,transition,llama_p1024_o128,1.315,0.5975103734439834
1790649353,80,2,transition,llama_p2048_o64,0.655,0.1795511221945137
1790649354,81,2,transition,resnet50_image,307.73,214.84735642686016
1790649354,81,2,transition,vgg16_image,494.421,446.803738317757
1790649354,81,2,transition,vit_base_image,126.198,122.60061919504642
1790649354,81,2,transition,gpt2_p64_o64,1.456,0.232258064516129
1790649354,81,2,transition,gpt2_p512_o512,0.36,0.1706161137440758
1790649354,81,2,transition,llama_p1024_o128,1.315,0.5975103734439834
1790649354,81,2,transition,llama_p2048_o64,0.655,0.1795511221945137
1790649355,82,2,steady,resnet50_image,307.73,214.84735642686016
1790649355,82,2,steady,vgg16_image,494.421,478.026168224299
1790649355,82,2,steady,vit_base_image,126.198,122.60061919504642
1790649355,82,2,steady,gpt2_p64_o64,1.456,0.232258064516129
1790649355,82,2,steady,gpt2_p512_o512,0.36,0.1706161137440758
1790649355,82,2,steady,llama_p1024_o128,1.315,0.5975103734439834
1790649355,82,2,steady,llama_p2048_o64,0.655,0.3591022443890275
1790649356,83,2,steady,resnet50_image,307.73,214.84735642686016
1790649356,83,2,steady,vgg16_image,494.421,478.026168224299
1790649356,83,2,steady,vit_base_image,126.198,122.60061919504642
1790649356,83,2,steady,gpt2_p64_o64,1.456,0.232258064516129
1790649356,83,2,steady,gpt2_p512_o512,0.36,0.1706161137440758
1790649356,83,2,steady,llama_p1024_o128,1.315,0.5975103734439834
1790649356,83,2,steady,llama_p2048_o64,0.655,0.3591022443890275
1790649357,84,2,steady,resnet50_image,307.73,214.84735642686016
1790649357,84,2,steady,vgg16_image,494.421,478.026168224299
1790649357,84,2,steady,vit_base_image,126.198,122.60061919504642
1790649357,84,2,steady,gpt2_p64_o64,1.456,0.232258064516129
1790649357,84,2,steady,gpt2_p512_o512,0.36,0.1706161137440758
1790649357,84,2,steady,llama_p1024_o128,1.315,0.5975103734439834
1790649357,84,2,steady,llama_p2048_o64,0.655,0.3591022443890275
1790649358,85,2,steady,resnet50_image,307.73,214.84735642686016
1790649358,85,2,steady,vgg16_image,494.421,478.026168224299
1790649358,85,2,steady,vit_base_image,126.198,122.60061919504642
1790649358,85,2,steady,gpt2_p64_o64,1.456,0.232258064516129
1790649358,85,2,steady,gpt2_p512_o512,0.36,0.1706161137440758
1790649358,85,2,steady,llama_p1024_o128,1.315,0.5975103734439834
1790649358,85,2,steady,llama_p2048_o64,0.655,0.3591022443890275
1790649359,86,2,steady,resnet50_image,307.73,214.84735642686016
1790649359,86,2,steady,vgg16_image,494.421,478.026168224299
1790649359,86,2,steady,vit_base_image,126.198,122.60061919504642
1790649359,86,2,steady,gpt2_p64_o64,1.456,0.232258064516129
1790649359,86,2,steady,gpt2_p512_o512,0.36,0.1706161137440758
1790649359,86,2,steady,llama_p1024_o128,1.315,0.5975103734439834
1790649359,86,2,steady,llama_p2048_o64,0.655,0.3591022443890275
1790649360,87,2,steady,resnet50_image,307.73,214.84735642686016
1790649360,87,2,steady,vgg16_image,494.421,478.026168224299
1790649360,87,2,steady,vit_base_image,126.198,122.60061919504642
1790649360,87,2,steady,gpt2_p64_o64,1.456,0.232258064516129
1790649360,87,2,steady,gpt2_p512_o512,0.36,0.1706161137440758
1790649360,87,2,steady,llama_p1024_o128,1.315,0.5975103734439834
1790649360,87,2,steady,llama_p2048_o64,0.655,0.3591022443890275
1790649361,88,2,steady,resnet50_image,307.73,214.84735642686016
1790649361,88,2,steady,vgg16_image,494.421,478.026168224299
1790649361,88,2,steady,vit_base_image,126.198,122.60061919504642
1790649361,88,2,steady,gpt2_p64_o64,1.456,0.232258064516129
1790649361,88,2,steady,gpt2_p512_o512,0.36,0.1706161137440758
1790649361,88,2,steady,llama_p1024_o128,1.315,0.5975103734439834
1790649361,88,2,steady,llama_p2048_o64,0.655,0.3591022443890275
1790649362,89,2,steady,resnet50_image,307.73,214.84735642686016
1790649362,89,2,steady,vgg16_image,494.421,478.026168224299
1790649362,89,2,steady,vit_base_image,126.198,122.60061919504642
1790649362,89,2,steady,gpt2_p64_o64,1.456,0.232258064516129
1790649362,89,2,steady,gpt2_p512_o512,0.36,0.1706161137440758
1790649362,89,2,steady,llama_p1024_o128,1.315,0.5975103734439834
1790649362,89,2,steady,llama_p2048_o64,0.655,0.3591022443890275
1790649363,90,2,steady,resnet50_image,307.73,214.84735642686016
1790649363,90,2,steady,vgg16_image,494.421,478.026168224299
1790649363,90,2,steady,vit_base_image,126.198,122.60061919504642
1790649363,90,2,steady,gpt2_p64_o64,1.456,0.232258064516129
1790649363,90,2,steady,gpt2_p512_o512,0.36,0.1706161137440758
1790649363,90,2,steady,llama_p1024_o128,1.315,0.5975103734439834
1790649363,90,2,steady,llama_p2048_o64,0.655,0.3591022443890275
1790649364,91,2,steady,resnet50_image,307.73,214.84735642686016
1790649364,91,2,steady,vgg16_image,494.421,478.026168224299
1790649364,91,2,steady,vit_base_image,126.198,122.60061919504642
1790649364,91,2,steady,gpt2_p64_o64,1.456,0.232258064516129
1790649364,91,2,steady,gpt2_p512_o512,0.36,0.1706161137440758
1790649364,91,2,steady,llama_p1024_o128,1.315,0.5975103734439834
1790649364,91,2,steady,llama_p2048_o64,0.655,0.3591022443890275
1790649365,92,2,steady,resnet50_image,307.73,214.84735642686016
1790649365,92,2,steady,vgg16_image,494.421,478.026168224299
1790649365,92,2,steady,vit_base_image,126.198,122.60061919504642
1790649365,92,2,steady,gpt2_p64_o64,1.456,0.232258064516129
1790649365,92,2,steady,gpt2_p512_o512,0.36,0.1706161137440758
1790649365,92,2,steady,llama_p1024_o128,1.315,0.5975103734439834
1790649365,92,2,steady,llama_p2048_o64,0.655,0.3591022443890275
1790649366,93,2,steady,resnet50_image,307.73,214.84735642686016
1790649366,93,2,steady,vgg16_image,494.421,478.026168224299
1790649366,93,2,steady,vit_base_image,126.198,122.60061919504642
1790649366,93,2,steady,gpt2_p64_o64,1.456,0.232258064516129
1790649366,93,2,steady,gpt2_p512_o512,0.36,0.1706161137440758
1790649366,93,2,steady,llama_p1024_o128,1.315,0.5975103734439834
1790649366,93,2,steady,llama_p2048_o64,0.655,0.3591022443890275
1790649367,94,2,steady,resnet50_image,307.73,214.84735642686016
1790649367,94,2,steady,vgg16_image,494.421,478.026168224299
1790649367,94,2,steady,vit_base_image,126.198,122.60061919504642
1790649367,94,2,steady,gpt2_p64_o64,1.456,0.232258064516129
1790649367,94,2,steady,gpt2_p512_o512,0.36,0.1706161137440758
1790649367,94,2,steady,llama_p1024_o128,1.315,0.5975103734439834
1790649367,94,2,steady,llama_p2048_o64,0.655,0.3591022443890275
1790649368,95,2,steady,resnet50_image,307.73,214.84735642686016
1790649368,95,2,steady,vgg16_image,494.421,478.026168224299
1790649368,95,2,steady,vit_base_image,126.198,122.60061919504642
1790649368,95,2,steady,gpt2_p64_o64,1.456,0.232258064516129
1790649368,95,2,steady,gpt2_p512_o512,0.36,0.1706161137440758
1790649368,95,2,steady,llama_p1024_o128,1.315,0.5975103734439834
1790649368,95,2,steady,llama_p2048_o64,0.655,0.3591022443890275
1790649369,96,2,steady,resnet50_image,307.73,214.84735642686016
1790649369,96,2,steady,vgg16_image,494.421,478.026168224299
1790649369,96,2,steady,vit_base_image,126.198,122.60061919504642
1790649369,96,2,steady,gpt2_p64_o64,1.456,0.232258064516129
1790649369,96,2,steady,gpt2_p512_o512,0.36,0.1706161137440758
1790649369,96,2,steady,llama_p1024_o128,1.315,0.5975103734439834
1790649369,96,2,steady,llama_p2048_o64,0.655,0.3591022443890275
1790649370,97,2,steady,resnet50_image,307.73,214.84735642686016
1790649370,97,2,steady,vgg16_image,494.421,478.026168224299
1790649370,97,2,steady,vit_base_image,126.198,122.60061919504642
1790649370,97,2,steady,gpt2_p64_o64,1.456,0.232258064516129
1790649370,97,2,steady,gpt2_p512_o512,0.36,0.1706161137440758
1790649370,97,2,steady,llama_p1024_o128,1.315,0.5975103734439834
1790649370,97,2,steady,llama_p2048_o64,0.655,0.3591022443890275
1790649371,98,2,steady,resnet50_image,307.73,214.84735642686016
1790649371,98,2,steady,vgg16_image,494.421,478.026168224299
1790649371,98,2,steady,vit_base_image,126.198,122.60061919504642
1790649371,98,2,steady,gpt2_p64_o64,1.456,0.232258064516129
1790649371,98,2,steady,gpt2_p512_o512,0.36,0.1706161137440758
1790649371,98,2,steady,llama_p1024_o128,1.315,0.5975103734439834
1790649371,98,2,steady,llama_p2048_o64,0.655,0.3591022443890275
1790649372,99,2,steady,resnet50_image,307.73,214.84735642686016
1790649372,99,2,steady,vgg16_image,494.421,478.026168224299
1790649372,99,2,steady,vit_base_image,126.198,122.60061919504642
1790649372,99,2,steady,gpt2_p64_o64,1.456,0.232258064516129
1790649372,99,2,steady,gpt2_p512_o512,0.36,0.1706161137440758
1790649372,99,2,steady,llama_p1024_o128,1.315,0.5975103734439834
1790649372,99,2,steady,llama_p2048_o64,0.655,0.3591022443890275
1790649373,100,2,steady,resnet50_image,307.73,214.84735642686016
1790649373,100,2,steady,vgg16_image,494.421,478.026168224299
1790649373,100,2,steady,vit_base_image,126.198,122.60061919504642
1790649373,100,2,steady,gpt2_p64_o64,1.456,0.232258064516129
1790649373,100,2,steady,gpt2_p512_o512,0.36,0.1706161137440758
1790649373,100,2,steady,llama_p1024_o128,1.315,0.5975103734439834
1790649373,100,2,steady,llama_p2048_o64,0.655,0.3591022443890275
1790649374,101,2,steady,resnet50_image,307.73,214.84735642686016
1790649374,101,2,steady,vgg16_image,494.421,478.026168224299
1790649374,101,2,steady,vit_base_image,126.198,122.60061919504642
1790649374,101,2,steady,gpt2_p64_o64,1.456,0.232258064516129
1790649374,101,2,steady,gpt2_p512_o512,0.36,0.1706161137440758
1790649374,101,2,steady,llama_p1024_o128,1.315,0.5975103734439834
1790649374,101,2,steady,llama_p2048_o64,0.655,0.3591022443890275
1790649375,102,2,steady,resnet50_image,307.73,214.84735642686016
1790649375,102,2,steady,vgg16_image,494.421,478.026168224299
1790649375,102,2,steady,vit_base_image,126.198,122.60061919504642
1790649375,102,2,steady,gpt2_p64_o64,1.456,0.232258064516129
1790649375,102,2,steady,gpt2_p512_o512,0.36,0.1706161137440758
1790649375,102,2,steady,llama_p1024_o128,1.315,0.5975103734439834
1790649375,102,2,steady,llama_p2048_o64,0.655,0.3591022443890275
1790649376,103,2,steady,resnet50_image,307.73,214.84735642686016
1790649376,103,2,steady,vgg16_image,494.421,478.026168224299
1790649376,103,2,steady,vit_base_image,126.198,122.60061919504642
1790649376,103,2,steady,gpt2_p64_o64,1.456,0.232258064516129
1790649376,103,2,steady,gpt2_p512_o512,0.36,0.1706161137440758
1790649376,103,2,steady,llama_p1024_o128,1.315,0.5975103734439834
1790649376,103,2,steady,llama_p2048_o64,0.655,0.3591022443890275
1790649377,104,2,steady,resnet50_image,307.73,214.84735642686016
1790649377,104,2,steady,vgg16_image,494.421,478.026168224299
1790649377,104,2,steady,vit_base_image,126.198,122.60061919504642
1790649377,104,2,steady,gpt2_p64_o64,1.456,0.232258064516129
1790649377,104,2,steady,gpt2_p512_o512,0.36,0.1706161137440758
1790649377,104,2,steady,llama_p1024_o128,1.315,0.5975103734439834
1790649377,104,2,steady,llama_p2048_o64,0.655,0.3591022443890275
1790649378,105,2,steady,resnet50_image,307.73,214.84735642686016
1790649378,105,2,steady,vgg16_image,494.421,478.026168224299
1790649378,105,2,steady,vit_base_image,126.198,122.60061919504642
1790649378,105,2,steady,gpt2_p64_o64,1.456,0.232258064516129
1790649378,105,2,steady,gpt2_p512_o512,0.36,0.1706161137440758
1790649378,105,2,steady,llama_p1024_o128,1.315,0.5975103734439834
1790649378,105,2,steady,llama_p2048_o64,0.655,0.3591022443890275
1790649379,106,2,steady,resnet50_image,307.73,214.84735642686016
1790649379,106,2,steady,vgg16_image,494.421,478.026168224299
1790649379,106,2,steady,vit_base_image,126.198,122.60061919504642
1790649379,106,2,steady,gpt2_p64_o64,1.456,0.232258064516129
1790649379,106,2,steady,gpt2_p512_o512,0.36,0.1706161137440758
1790649379,106,2,steady,llama_p1024_o128,1.315,0.5975103734439834
1790649379,106,2,steady,llama_p2048_o64,0.655,0.3591022443890275
1790649380,107,2,steady,resnet50_image,307.73,214.84735642686016
1790649380,107,2,steady,vgg16_image,494.421,478.026168224299
1790649380,107,2,steady,vit_base_image,126.198,122.60061919504642
1790649380,107,2,steady,gpt2_p64_o64,1.456,0.232258064516129
1790649380,107,2,steady,gpt2_p512_o512,0.36,0.1706161137440758
1790649380,107,2,steady,llama_p1024_o128,1.315,0.5975103734439834
1790649380,107,2,steady,llama_p2048_o64,0.655,0.3591022443890275
1790649381,108,2,steady,resnet50_image,307.73,214.84735642686016
1790649381,108,2,steady,vgg16_image,494.421,478.026168224299
1790649381,108,2,steady,vit_base_image,126.198,122.60061919504642
1790649381,108,2,steady,gpt2_p64_o64,1.456,0.232258064516129
1790649381,108,2,steady,gpt2_p512_o512,0.36,0.1706161137440758
1790649381,108,2,steady,llama_p1024_o128,1.315,0.5975103734439834
1790649381,108,2,steady,llama_p2048_o64,0.655,0.3591022443890275
1790649382,109,2,steady,resnet50_image,307.73,214.84735642686016
1790649382,109,2,steady,vgg16_image,494.421,478.026168224299
1790649382,109,2,steady,vit_base_image,126.198,122.60061919504642
1790649382,109,2,steady,gpt2_p64_o64,1.456,0.232258064516129
1790649382,109,2,steady,gpt2_p512_o512,0.36,0.1706161137440758
1790649382,109,2,steady,llama_p1024_o128,1.315,0.5975103734439834
1790649382,109,2,steady,llama_p2048_o64,0.655,0.3591022443890275
1790649383,110,2,steady,resnet50_image,307.73,214.84735642686016
1790649383,110,2,steady,vgg16_image,494.421,478.026168224299
1790649383,110,2,steady,vit_base_image,126.198,122.60061919504642
1790649383,110,2,steady,gpt2_p64_o64,1.456,0.232258064516129
1790649383,110,2,steady,gpt2_p512_o512,0.36,0.1706161137440758
1790649383,110,2,steady,llama_p1024_o128,1.315,0.5975103734439834
1790649383,110,2,steady,llama_p2048_o64,0.655,0.3591022443890275
1790649384,111,2,steady,resnet50_image,307.73,214.84735642686016
1790649384,111,2,steady,vgg16_image,494.421,478.026168224299
1790649384,111,2,steady,vit_base_image,126.198,122.60061919504642
1790649384,111,2,steady,gpt2_p64_o64,1.456,0.232258064516129
1790649384,111,2,steady,gpt2_p512_o512,0.36,0.1706161137440758
1790649384,111,2,steady,llama_p1024_o128,1.315,0.5975103734439834
1790649384,111,2,steady,llama_p2048_o64,0.655,0.3591022443890275
1790649385,112,,,resnet50_image,307.73,
1790649385,112,,,vgg16_image,494.421,
1790649385,112,,,vit_base_image,126.198,
1790649385,112,,,gpt2_p64_o64,1.456,
1790649385,112,,,gpt2_p512_o512,0.36,
1790649385,112,,,llama_p1024_o128,1.315,
1790649385,112,,,llama_p2048_o64,0.655,
1790649386,113,,,resnet50_image,307.73,
1790649386,113,,,vgg16_image,494.421,
1790649386,113,,,vit_base_image,126.198,
1790649386,113,,,gpt2_p64_o64,1.456,
1790649386,113,,,gpt2_p512_o512,0.36,
1790649386,113,,,llama_p1024_o128,1.315,
1790649386,113,,,llama_p2048_o64,0.655,
1790649387,114,,,resnet50_image,307.73,
1790649387,114,,,vgg16_image,494.421,
1790649387,114,,,vit_base_image,126.198,
1790649387,114,,,gpt2_p64_o64,1.456,
1790649387,114,,,gpt2_p512_o512,0.36,
1790649387,114,,,llama_p1024_o128,1.315,
1790649387,114,,,llama_p2048_o64,0.655,
1790649388,115,,,resnet50_image,307.73,
1790649388,115,,,vgg16_image,494.421,
1790649388,115,,,vit_base_image,126.198,
1790649388,115,,,gpt2_p64_o64,1.456,
1790649388,115,,,gpt2_p512_o512,0.36,
1790649388,115,,,llama_p1024_o128,1.315,
1790649388,115,,,llama_p2048_o64,0.655,
1790649389,116,,,resnet50_image,307.73,
1790649389,116,,,vgg16_image,494.421,
1790649389,116,,,vit_base_image,126.198,
1790649389,116,,,gpt2_p64_o64,1.456,
1790649389,116,,,gpt2_p512_o512,0.36,
1790649389,116,,,llama_p1024_o128,1.315,
1790649389,116,,,llama_p2048_o64,0.655,
1790649390,117,,,resnet50_image,307.73,
1790649390,117,,,vgg16_image,494.421,
1790649390,117,,,vit_base_image,126.198,
1790649390,117,,,gpt2_p64_o64,1.456,
1790649390,117,,,gpt2_p512_o512,0.36,
1790649390,117,,,llama_p1024_o128,1.315,
1790649390,117,,,llama_p2048_o64,0.655,
1790649391,118,,,resnet50_image,307.73,
1790649391,118,,,vgg16_image,494.421,
1790649391,118,,,vit_base_image,126.198,
1790649391,118,,,gpt2_p64_o64,1.456,
1790649391,118,,,gpt2_p512_o512,0.36,
1790649391,118,,,llama_p1024_o128,1.315,
1790649391,118,,,llama_p2048_o64,0.655,
1790649392,119,,,resnet50_image,307.73,
1790649392,119,,,vgg16_image,494.421,
1790649392,119,,,vit_base_image,126.198,
1790649392,119,,,gpt2_p64_o64,1.456,
1790649392,119,,,gpt2_p512_o512,0.36,
1790649392,119,,,llama_p1024_o128,1.315,
1790649392,119,,,llama_p2048_o64,0.655,
1790649393,120,,,resnet50_image,307.73,
1790649393,120,,,vgg16_image,494.421,
1790649393,120,,,vit_base_image,126.198,
1790649393,120,,,gpt2_p64_o64,1.456,
1790649393,120,,,gpt2_p512_o512,0.36,
1790649393,120,,,llama_p1024_o128,1.315,
1790649393,120,,,llama_p2048_o64,0.655,
1790649394,121,,,resnet50_image,307.73,
1790649394,121,,,vgg16_image,494.421,
1790649394,121,,,vit_base_image,126.198,
1790649394,121,,,gpt2_p64_o64,1.456,
1790649394,121,,,gpt2_p512_o512,0.36,
1790649394,121,,,llama_p1024_o128,1.315,
1790649394,121,,,llama_p2048_o64,0.655,
1790649395,122,,,resnet50_image,307.73,
1790649395,122,,,vgg16_image,494.421,
1790649395,122,,,vit_base_image,126.198,
1790649395,122,,,gpt2_p64_o64,1.456,
1790649395,122,,,gpt2_p512_o512,0.36,
1790649395,122,,,llama_p1024_o128,1.315,
1790649395,122,,,llama_p2048_o64,0.655,
1790649396,123,3,transition,resnet50_image,307.73,214.69028786341497
1790649396,123,3,transition,vgg16_image,494.421,478.026168224299
1790649396,123,3,transition,vit_base_image,126.198,122.60061919504642
1790649396,123,3,transition,gpt2_p64_o64,1.456,0.0
1790649396,123,3,transition,gpt2_p512_o512,0.36,0.1706161137440758
1790649396,123,3,transition,llama_p1024_o128,1.315,0.5975103734439834
1790649396,123,3,transition,llama_p2048_o64,0.655,0.1795511221945137
1790649397,124,3,transition,resnet50_image,307.73,214.69028786341497
1790649397,124,3,transition,vgg16_image,494.421,478.026168224299
1790649397,124,3,transition,vit_base_image,126.198,122.60061919504642
1790649397,124,3,transition,gpt2_p64_o64,1.456,0.0
1790649397,124,3,transition,gpt2_p512_o512,0.36,0.1706161137440758
1790649397,124,3,transition,llama_p1024_o128,1.315,0.5975103734439834
1790649397,124,3,transition,llama_p2048_o64,0.655,0.1795511221945137
1790649398,125,3,transition,resnet50_image,307.73,214.69028786341497
1790649398,125,3,transition,vgg16_image,494.421,478.026168224299
1790649398,125,3,transition,vit_base_image,126.198,122.60061919504642
1790649398,125,3,transition,gpt2_p64_o64,1.456,0.0
1790649398,125,3,transition,gpt2_p512_o512,0.36,0.1706161137440758
1790649398,125,3,transition,llama_p1024_o128,1.315,0.5975103734439834
1790649398,125,3,transition,llama_p2048_o64,0.655,0.1795511221945137
1790649399,126,3,transition,resnet50_image,307.73,214.69028786341497
1790649399,126,3,transition,vgg16_image,494.421,478.026168224299
1790649399,126,3,transition,vit_base_image,126.198,122.60061919504642
1790649399,126,3,transition,gpt2_p64_o64,1.456,0.0
1790649399,126,3,transition,gpt2_p512_o512,0.36,0.1706161137440758
1790649399,126,3,transition,llama_p1024_o128,1.315,0.5975103734439834
1790649399,126,3,transition,llama_p2048_o64,0.655,0.1795511221945137
1790649400,127,3,transition,resnet50_image,307.73,214.69028786341497
1790649400,127,3,transition,vgg16_image,494.421,478.026168224299
1790649400,127,3,transition,vit_base_image,126.198,122.60061919504642
1790649400,127,3,transition,gpt2_p64_o64,1.456,0.0
1790649400,127,3,transition,gpt2_p512_o512,0.36,0.1706161137440758
1790649400,127,3,transition,llama_p1024_o128,1.315,0.5975103734439834
1790649400,127,3,transition,llama_p2048_o64,0.655,0.1795511221945137
1790649401,128,3,transition,resnet50_image,307.73,214.69028786341497
1790649401,128,3,transition,vgg16_image,494.421,478.026168224299
1790649401,128,3,transition,vit_base_image,126.198,122.60061919504642
1790649401,128,3,transition,gpt2_p64_o64,1.456,0.0
1790649401,128,3,transition,gpt2_p512_o512,0.36,0.1706161137440758
1790649401,128,3,transition,llama_p1024_o128,1.315,0.5975103734439834
1790649401,128,3,transition,llama_p2048_o64,0.655,0.1795511221945137
1790649402,129,3,transition,resnet50_image,307.73,214.69028786341497
1790649402,129,3,transition,vgg16_image,494.421,478.026168224299
1790649402,129,3,transition,vit_base_image,126.198,122.60061919504642
1790649402,129,3,transition,gpt2_p64_o64,1.456,0.0
1790649402,129,3,transition,gpt2_p512_o512,0.36,0.1706161137440758
1790649402,129,3,transition,llama_p1024_o128,1.315,0.5975103734439834
1790649402,129,3,transition,llama_p2048_o64,0.655,0.1795511221945137
1790649403,130,3,transition,resnet50_image,307.73,214.69028786341497
1790649403,130,3,transition,vgg16_image,494.421,478.026168224299
1790649403,130,3,transition,vit_base_image,126.198,122.60061919504642
1790649403,130,3,transition,gpt2_p64_o64,1.456,0.0
1790649403,130,3,transition,gpt2_p512_o512,0.36,0.1706161137440758
1790649403,130,3,transition,llama_p1024_o128,1.315,0.5975103734439834
1790649403,130,3,transition,llama_p2048_o64,0.655,0.1795511221945137
1790649404,131,3,transition,resnet50_image,307.73,214.69028786341497
1790649404,131,3,transition,vgg16_image,494.421,478.026168224299
1790649404,131,3,transition,vit_base_image,126.198,122.60061919504642
1790649404,131,3,transition,gpt2_p64_o64,1.456,0.0
1790649404,131,3,transition,gpt2_p512_o512,0.36,0.1706161137440758
1790649404,131,3,transition,llama_p1024_o128,1.315,0.5975103734439834
1790649404,131,3,transition,llama_p2048_o64,0.655,0.1795511221945137
1790649405,132,3,transition,resnet50_image,307.73,214.69028786341497
1790649405,132,3,transition,vgg16_image,494.421,478.026168224299
1790649405,132,3,transition,vit_base_image,126.198,122.60061919504642
1790649405,132,3,transition,gpt2_p64_o64,1.456,0.0
1790649405,132,3,transition,gpt2_p512_o512,0.36,0.1706161137440758
1790649405,132,3,transition,llama_p1024_o128,1.052,0.5975103734439834
1790649405,132,3,transition,llama_p2048_o64,0.655,0.1795511221945137
1790649406,133,3,transition,resnet50_image,307.73,214.69028786341497
1790649406,133,3,transition,vgg16_image,494.421,478.026168224299
1790649406,133,3,transition,vit_base_image,126.198,122.60061919504642
1790649406,133,3,transition,gpt2_p64_o64,1.456,0.0
1790649406,133,3,transition,gpt2_p512_o512,0.36,0.1706161137440758
1790649406,133,3,transition,llama_p1024_o128,1.052,0.5975103734439834
1790649406,133,3,transition,llama_p2048_o64,0.655,0.1795511221945137
1790649407,134,3,transition,resnet50_image,307.73,214.69028786341497
1790649407,134,3,transition,vgg16_image,494.421,478.026168224299
1790649407,134,3,transition,vit_base_image,126.198,122.60061919504642
1790649407,134,3,transition,gpt2_p64_o64,1.456,0.0
1790649407,134,3,transition,gpt2_p512_o512,0.36,0.1706161137440758
1790649407,134,3,transition,llama_p1024_o128,1.052,0.5975103734439834
1790649407,134,3,transition,llama_p2048_o64,0.655,0.1795511221945137
1790649408,135,3,transition,resnet50_image,307.73,214.69028786341497
1790649408,135,3,transition,vgg16_image,494.421,478.026168224299
1790649408,135,3,transition,vit_base_image,126.198,122.60061919504642
1790649408,135,3,transition,gpt2_p64_o64,1.456,0.0
1790649408,135,3,transition,gpt2_p512_o512,0.36,0.1706161137440758
1790649408,135,3,transition,llama_p1024_o128,1.052,0.5975103734439834
1790649408,135,3,transition,llama_p2048_o64,0.655,0.1795511221945137
1790649409,136,3,transition,resnet50_image,307.73,214.69028786341497
1790649409,136,3,transition,vgg16_image,494.421,478.026168224299
1790649409,136,3,transition,vit_base_image,126.198,122.60061919504642
1790649409,136,3,transition,gpt2_p64_o64,1.456,0.0
1790649409,136,3,transition,gpt2_p512_o512,0.36,0.1706161137440758
1790649409,136,3,transition,llama_p1024_o128,1.052,0.5975103734439834
1790649409,136,3,transition,llama_p2048_o64,0.655,0.1795511221945137
1790649410,137,3,transition,resnet50_image,307.73,214.69028786341497
1790649410,137,3,transition,vgg16_image,494.421,478.026168224299
1790649410,137,3,transition,vit_base_image,126.198,122.60061919504642
1790649410,137,3,transition,gpt2_p64_o64,1.456,0.0
1790649410,137,3,transition,gpt2_p512_o512,0.36,0.1706161137440758
1790649410,137,3,transition,llama_p1024_o128,1.052,0.5975103734439834
1790649410,137,3,transition,llama_p2048_o64,0.655,0.1795511221945137
1790649411,138,3,transition,resnet50_image,307.73,214.69028786341497
1790649411,138,3,transition,vgg16_image,494.421,478.026168224299
1790649411,138,3,transition,vit_base_image,126.198,122.60061919504642
1790649411,138,3,transition,gpt2_p64_o64,1.456,0.0
1790649411,138,3,transition,gpt2_p512_o512,0.36,0.1706161137440758
1790649411,138,3,transition,llama_p1024_o128,1.052,0.5975103734439834
1790649411,138,3,transition,llama_p2048_o64,0.655,0.1795511221945137
1790649412,139,3,transition,resnet50_image,307.73,214.69028786341497
1790649412,139,3,transition,vgg16_image,494.421,478.026168224299
1790649412,139,3,transition,vit_base_image,126.198,122.60061919504642
1790649412,139,3,transition,gpt2_p64_o64,1.456,0.0
1790649412,139,3,transition,gpt2_p512_o512,0.36,0.1706161137440758
1790649412,139,3,transition,llama_p1024_o128,1.052,0.5975103734439834
1790649412,139,3,transition,llama_p2048_o64,0.655,0.1795511221945137
1790649413,140,3,transition,resnet50_image,307.73,214.69028786341497
1790649413,140,3,transition,vgg16_image,494.421,478.026168224299
1790649413,140,3,transition,vit_base_image,126.198,122.60061919504642
1790649413,140,3,transition,gpt2_p64_o64,1.456,0.0
1790649413,140,3,transition,gpt2_p512_o512,0.36,0.1706161137440758
1790649413,140,3,transition,llama_p1024_o128,1.052,0.5975103734439834
1790649413,140,3,transition,llama_p2048_o64,0.655,0.1795511221945137
1790649414,141,3,transition,resnet50_image,307.73,214.69028786341497
1790649414,141,3,transition,vgg16_image,494.421,478.026168224299
1790649414,141,3,transition,vit_base_image,126.198,122.60061919504642
1790649414,141,3,transition,gpt2_p64_o64,1.456,0.0
1790649414,141,3,transition,gpt2_p512_o512,0.36,0.1706161137440758
1790649414,141,3,transition,llama_p1024_o128,1.052,0.5975103734439834
1790649414,141,3,transition,llama_p2048_o64,0.655,0.1795511221945137
1790649415,142,3,transition,resnet50_image,307.73,214.69028786341497
1790649415,142,3,transition,vgg16_image,494.421,478.026168224299
1790649415,142,3,transition,vit_base_image,126.198,122.60061919504642
1790649415,142,3,transition,gpt2_p64_o64,1.456,0.0
1790649415,142,3,transition,gpt2_p512_o512,0.36,0.1706161137440758
1790649415,142,3,transition,llama_p1024_o128,1.052,0.5975103734439834
1790649415,142,3,transition,llama_p2048_o64,0.655,0.1795511221945137
1790649416,143,3,transition,resnet50_image,307.73,214.69028786341497
1790649416,143,3,transition,vgg16_image,494.421,478.026168224299
1790649416,143,3,transition,vit_base_image,126.198,122.60061919504642
1790649416,143,3,transition,gpt2_p64_o64,1.456,0.0
1790649416,143,3,transition,gpt2_p512_o512,0.36,0.1706161137440758
1790649416,143,3,transition,llama_p1024_o128,1.052,0.5975103734439834
1790649416,143,3,transition,llama_p2048_o64,0.655,0.1795511221945137
1790649417,144,3,transition,resnet50_image,307.73,214.69028786341497
1790649417,144,3,transition,vgg16_image,494.421,478.026168224299
1790649417,144,3,transition,vit_base_image,126.198,122.60061919504642
1790649417,144,3,transition,gpt2_p64_o64,1.456,0.0
1790649417,144,3,transition,gpt2_p512_o512,0.36,0.1706161137440758
1790649417,144,3,transition,llama_p1024_o128,1.052,0.5975103734439834
1790649417,144,3,transition,llama_p2048_o64,0.655,0.1795511221945137
1790649418,145,3,transition,resnet50_image,307.73,214.69028786341497
1790649418,145,3,transition,vgg16_image,494.421,478.026168224299
1790649418,145,3,transition,vit_base_image,126.198,122.60061919504642
1790649418,145,3,transition,gpt2_p64_o64,1.456,0.0
1790649418,145,3,transition,gpt2_p512_o512,0.36,0.1706161137440758
1790649418,145,3,transition,llama_p1024_o128,1.052,0.5975103734439834
1790649418,145,3,transition,llama_p2048_o64,0.655,0.1795511221945137
1790649419,146,3,transition,resnet50_image,307.73,214.69028786341497
1790649419,146,3,transition,vgg16_image,494.421,478.026168224299
1790649419,146,3,transition,vit_base_image,126.198,122.60061919504642
1790649419,146,3,transition,gpt2_p64_o64,1.456,0.0
1790649419,146,3,transition,gpt2_p512_o512,0.36,0.1706161137440758
1790649419,146,3,transition,llama_p1024_o128,1.052,0.5975103734439834
1790649419,146,3,transition,llama_p2048_o64,0.655,0.1795511221945137
1790649420,147,3,transition,resnet50_image,307.73,214.69028786341497
1790649420,147,3,transition,vgg16_image,494.421,478.026168224299
1790649420,147,3,transition,vit_base_image,126.198,122.60061919504642
1790649420,147,3,transition,gpt2_p64_o64,1.456,0.0
1790649420,147,3,transition,gpt2_p512_o512,0.36,0.1706161137440758
1790649420,147,3,transition,llama_p1024_o128,1.052,0.5975103734439834
1790649420,147,3,transition,llama_p2048_o64,0.655,0.1795511221945137
1790649421,148,3,transition,resnet50_image,307.73,214.69028786341497
1790649421,148,3,transition,vgg16_image,607.52,478.026168224299
1790649421,148,3,transition,vit_base_image,126.198,122.60061919504642
1790649421,148,3,transition,gpt2_p64_o64,1.456,0.0
1790649421,148,3,transition,gpt2_p512_o512,0.36,0.1706161137440758
1790649421,148,3,transition,llama_p1024_o128,1.052,0.5975103734439834
1790649421,148,3,transition,llama_p2048_o64,0.655,0.1795511221945137
1790649422,149,3,transition,resnet50_image,307.73,214.69028786341497
1790649422,149,3,transition,vgg16_image,607.52,478.026168224299
1790649422,149,3,transition,vit_base_image,126.198,122.60061919504642
1790649422,149,3,transition,gpt2_p64_o64,1.456,0.0
1790649422,149,3,transition,gpt2_p512_o512,0.36,0.1706161137440758
1790649422,149,3,transition,llama_p1024_o128,1.052,0.5975103734439834
1790649422,149,3,transition,llama_p2048_o64,0.655,0.1795511221945137
1790649423,150,3,transition,resnet50_image,307.73,214.69028786341497
1790649423,150,3,transition,vgg16_image,607.52,478.026168224299
1790649423,150,3,transition,vit_base_image,126.198,122.60061919504642
1790649423,150,3,transition,gpt2_p64_o64,1.456,0.0
1790649423,150,3,transition,gpt2_p512_o512,0.36,0.1706161137440758
1790649423,150,3,transition,llama_p1024_o128,1.052,0.5975103734439834
1790649423,150,3,transition,llama_p2048_o64,0.655,0.1795511221945137
1790649424,151,3,transition,resnet50_image,307.73,214.69028786341497
1790649424,151,3,transition,vgg16_image,607.52,478.026168224299
1790649424,151,3,transition,vit_base_image,126.198,122.60061919504642
1790649424,151,3,transition,gpt2_p64_o64,1.456,0.0
1790649424,151,3,transition,gpt2_p512_o512,0.36,0.1706161137440758
1790649424,151,3,transition,llama_p1024_o128,1.052,0.5975103734439834
1790649424,151,3,transition,llama_p2048_o64,0.655,0.1795511221945137
1790649425,152,3,transition,resnet50_image,307.73,214.69028786341497
1790649425,152,3,transition,vgg16_image,607.52,478.026168224299
1790649425,152,3,transition,vit_base_image,126.198,122.60061919504642
1790649425,152,3,transition,gpt2_p64_o64,1.456,0.0
1790649425,152,3,transition,gpt2_p512_o512,0.36,0.1706161137440758
1790649425,152,3,transition,llama_p1024_o128,1.052,0.5975103734439834
1790649425,152,3,transition,llama_p2048_o64,0.655,0.1795511221945137
1790649426,153,3,transition,resnet50_image,307.73,214.69028786341497
1790649426,153,3,transition,vgg16_image,607.52,478.026168224299
1790649426,153,3,transition,vit_base_image,126.198,122.60061919504642
1790649426,153,3,transition,gpt2_p64_o64,1.456,0.0
1790649426,153,3,transition,gpt2_p512_o512,0.36,0.1706161137440758
1790649426,153,3,transition,llama_p1024_o128,1.052,0.5975103734439834
1790649426,153,3,transition,llama_p2048_o64,0.655,0.1795511221945137
1790649427,154,3,steady,resnet50_image,307.73,214.69028786341497
1790649427,154,3,steady,vgg16_image,607.52,507.4542056074765
1790649427,154,3,steady,vit_base_image,126.198,122.60061919504642
1790649427,154,3,steady,gpt2_p64_o64,1.456,0.0
1790649427,154,3,steady,gpt2_p512_o512,0.36,0.1706161137440758
1790649427,154,3,steady,llama_p1024_o128,1.052,0.5975103734439834
1790649427,154,3,steady,llama_p2048_o64,0.655,0.1795511221945137
1790649428,155,3,steady,resnet50_image,307.73,214.69028786341497
1790649428,155,3,steady,vgg16_image,607.52,507.4542056074765
1790649428,155,3,steady,vit_base_image,126.198,122.60061919504642
1790649428,155,3,steady,gpt2_p64_o64,1.456,0.0
1790649428,155,3,steady,gpt2_p512_o512,0.36,0.1706161137440758
1790649428,155,3,steady,llama_p1024_o128,1.052,0.5975103734439834
1790649428,155,3,steady,llama_p2048_o64,0.655,0.1795511221945137
1790649429,156,3,steady,resnet50_image,307.73,214.69028786341497
1790649429,156,3,steady,vgg16_image,607.52,507.4542056074765
1790649429,156,3,steady,vit_base_image,126.198,122.60061919504642
1790649429,156,3,steady,gpt2_p64_o64,1.456,0.0
1790649429,156,3,steady,gpt2_p512_o512,0.36,0.1706161137440758
1790649429,156,3,steady,llama_p1024_o128,1.052,0.5975103734439834
1790649429,156,3,steady,llama_p2048_o64,0.655,0.1795511221945137
1790649430,157,3,steady,resnet50_image,307.73,214.69028786341497
1790649430,157,3,steady,vgg16_image,607.52,507.4542056074765
1790649430,157,3,steady,vit_base_image,126.198,122.60061919504642
1790649430,157,3,steady,gpt2_p64_o64,1.456,0.0
1790649430,157,3,steady,gpt2_p512_o512,0.36,0.1706161137440758
1790649430,157,3,steady,llama_p1024_o128,1.052,0.5975103734439834
1790649430,157,3,steady,llama_p2048_o64,0.655,0.1795511221945137
1790649431,158,3,steady,resnet50_image,307.73,214.69028786341497
1790649431,158,3,steady,vgg16_image,607.52,507.4542056074765
1790649431,158,3,steady,vit_base_image,126.198,122.60061919504642
1790649431,158,3,steady,gpt2_p64_o64,1.456,0.0
1790649431,158,3,steady,gpt2_p512_o512,0.36,0.1706161137440758
1790649431,158,3,steady,llama_p1024_o128,1.052,0.5975103734439834
1790649431,158,3,steady,llama_p2048_o64,0.655,0.1795511221945137
1790649432,159,3,steady,resnet50_image,307.73,214.69028786341497
1790649432,159,3,steady,vgg16_image,607.52,507.4542056074765
1790649432,159,3,steady,vit_base_image,126.198,122.60061919504642
1790649432,159,3,steady,gpt2_p64_o64,1.456,0.0
1790649432,159,3,steady,gpt2_p512_o512,0.36,0.1706161137440758
1790649432,159,3,steady,llama_p1024_o128,1.052,0.5975103734439834
1790649432,159,3,steady,llama_p2048_o64,0.655,0.1795511221945137
1790649433,160,3,steady,resnet50_image,307.73,214.69028786341497
1790649433,160,3,steady,vgg16_image,607.52,507.4542056074765
1790649433,160,3,steady,vit_base_image,126.198,122.60061919504642
1790649433,160,3,steady,gpt2_p64_o64,1.456,0.0
1790649433,160,3,steady,gpt2_p512_o512,0.36,0.1706161137440758
1790649433,160,3,steady,llama_p1024_o128,1.052,0.5975103734439834
1790649433,160,3,steady,llama_p2048_o64,0.655,0.1795511221945137
1790649434,161,3,steady,resnet50_image,307.73,214.69028786341497
1790649434,161,3,steady,vgg16_image,607.52,507.4542056074765
1790649434,161,3,steady,vit_base_image,126.198,122.60061919504642
1790649434,161,3,steady,gpt2_p64_o64,1.456,0.0
1790649434,161,3,steady,gpt2_p512_o512,0.36,0.1706161137440758
1790649434,161,3,steady,llama_p1024_o128,1.052,0.5975103734439834
1790649434,161,3,steady,llama_p2048_o64,0.655,0.1795511221945137
1790649435,162,3,steady,resnet50_image,307.73,214.69028786341497
1790649435,162,3,steady,vgg16_image,607.52,507.4542056074765
1790649435,162,3,steady,vit_base_image,126.198,122.60061919504642
1790649435,162,3,steady,gpt2_p64_o64,1.456,0.0
1790649435,162,3,steady,gpt2_p512_o512,0.36,0.1706161137440758
1790649435,162,3,steady,llama_p1024_o128,1.052,0.5975103734439834
1790649435,162,3,steady,llama_p2048_o64,0.655,0.1795511221945137
1790649436,163,3,steady,resnet50_image,307.73,214.69028786341497
1790649436,163,3,steady,vgg16_image,607.52,507.4542056074765
1790649436,163,3,steady,vit_base_image,126.198,122.60061919504642
1790649436,163,3,steady,gpt2_p64_o64,1.456,0.0
1790649436,163,3,steady,gpt2_p512_o512,0.36,0.1706161137440758
1790649436,163,3,steady,llama_p1024_o128,1.052,0.5975103734439834
1790649436,163,3,steady,llama_p2048_o64,0.655,0.1795511221945137
1790649437,164,3,steady,resnet50_image,307.73,214.69028786341497
1790649437,164,3,steady,vgg16_image,607.52,507.4542056074765
1790649437,164,3,steady,vit_base_image,126.198,122.60061919504642
1790649437,164,3,steady,gpt2_p64_o64,1.456,0.0
1790649437,164,3,steady,gpt2_p512_o512,0.36,0.1706161137440758
1790649437,164,3,steady,llama_p1024_o128,1.052,0.5975103734439834
1790649437,164,3,steady,llama_p2048_o64,0.655,0.1795511221945137
1790649438,165,3,steady,resnet50_image,307.73,214.69028786341497
1790649438,165,3,steady,vgg16_image,607.52,507.4542056074765
1790649438,165,3,steady,vit_base_image,126.198,122.60061919504642
1790649438,165,3,steady,gpt2_p64_o64,1.456,0.0
1790649438,165,3,steady,gpt2_p512_o512,0.36,0.1706161137440758
1790649438,165,3,steady,llama_p1024_o128,1.052,0.5975103734439834
1790649438,165,3,steady,llama_p2048_o64,0.655,0.1795511221945137
1790649439,166,3,steady,resnet50_image,307.73,214.69028786341497
1790649439,166,3,steady,vgg16_image,607.52,507.4542056074765
1790649439,166,3,steady,vit_base_image,126.198,122.60061919504642
1790649439,166,3,steady,gpt2_p64_o64,1.456,0.0
1790649439,166,3,steady,gpt2_p512_o512,0.36,0.1706161137440758
1790649439,166,3,steady,llama_p1024_o128,1.052,0.5975103734439834
1790649439,166,3,steady,llama_p2048_o64,0.655,0.1795511221945137
1790649440,167,3,steady,resnet50_image,307.73,214.69028786341497
1790649440,167,3,steady,vgg16_image,607.52,507.4542056074765
1790649440,167,3,steady,vit_base_image,126.198,122.60061919504642
1790649440,167,3,steady,gpt2_p64_o64,1.456,0.0
1790649440,167,3,steady,gpt2_p512_o512,0.36,0.1706161137440758
1790649440,167,3,steady,llama_p1024_o128,1.052,0.5975103734439834
1790649440,167,3,steady,llama_p2048_o64,0.655,0.1795511221945137
1790649441,168,3,steady,resnet50_image,307.73,214.69028786341497
1790649441,168,3,steady,vgg16_image,607.52,507.4542056074765
1790649441,168,3,steady,vit_base_image,126.198,122.60061919504642
1790649441,168,3,steady,gpt2_p64_o64,1.456,0.0
1790649441,168,3,steady,gpt2_p512_o512,0.36,0.1706161137440758
1790649441,168,3,steady,llama_p1024_o128,1.052,0.5975103734439834
1790649441,168,3,steady,llama_p2048_o64,0.655,0.1795511221945137
1790649442,169,3,steady,resnet50_image,307.73,214.69028786341497
1790649442,169,3,steady,vgg16_image,607.52,507.4542056074765
1790649442,169,3,steady,vit_base_image,126.198,122.60061919504642
1790649442,169,3,steady,gpt2_p64_o64,1.456,0.0
1790649442,169,3,steady,gpt2_p512_o512,0.36,0.1706161137440758
1790649442,169,3,steady,llama_p1024_o128,1.052,0.5975103734439834
1790649442,169,3,steady,llama_p2048_o64,0.655,0.1795511221945137
1790649443,170,3,steady,resnet50_image,307.73,214.69028786341497
1790649443,170,3,steady,vgg16_image,607.52,507.4542056074765
1790649443,170,3,steady,vit_base_image,126.198,122.60061919504642
1790649443,170,3,steady,gpt2_p64_o64,1.456,0.0
1790649443,170,3,steady,gpt2_p512_o512,0.36,0.1706161137440758
1790649443,170,3,steady,llama_p1024_o128,1.052,0.5975103734439834
1790649443,170,3,steady,llama_p2048_o64,0.655,0.1795511221945137
1790649444,171,3,steady,resnet50_image,307.73,214.69028786341497
1790649444,171,3,steady,vgg16_image,607.52,507.4542056074765
1790649444,171,3,steady,vit_base_image,126.198,122.60061919504642
1790649444,171,3,steady,gpt2_p64_o64,1.456,0.0
1790649444,171,3,steady,gpt2_p512_o512,0.36,0.1706161137440758
1790649444,171,3,steady,llama_p1024_o128,1.052,0.5975103734439834
1790649444,171,3,steady,llama_p2048_o64,0.655,0.1795511221945137
1790649445,172,3,steady,resnet50_image,307.73,214.69028786341497
1790649445,172,3,steady,vgg16_image,607.52,507.4542056074765
1790649445,172,3,steady,vit_base_image,126.198,122.60061919504642
1790649445,172,3,steady,gpt2_p64_o64,1.456,0.0
1790649445,172,3,steady,gpt2_p512_o512,0.36,0.1706161137440758
1790649445,172,3,steady,llama_p1024_o128,1.052,0.5975103734439834
1790649445,172,3,steady,llama_p2048_o64,0.655,0.1795511221945137
1790649446,173,3,steady,resnet50_image,307.73,214.69028786341497
1790649446,173,3,steady,vgg16_image,607.52,507.4542056074765
1790649446,173,3,steady,vit_base_image,126.198,122.60061919504642
1790649446,173,3,steady,gpt2_p64_o64,1.456,0.0
1790649446,173,3,steady,gpt2_p512_o512,0.36,0.1706161137440758
1790649446,173,3,steady,llama_p1024_o128,1.052,0.5975103734439834
1790649446,173,3,steady,llama_p2048_o64,0.655,0.1795511221945137
1790649447,174,3,steady,resnet50_image,307.73,214.69028786341497
1790649447,174,3,steady,vgg16_image,607.52,507.4542056074765
1790649447,174,3,steady,vit_base_image,126.198,122.60061919504642
1790649447,174,3,steady,gpt2_p64_o64,1.456,0.0
1790649447,174,3,steady,gpt2_p512_o512,0.36,0.1706161137440758
1790649447,174,3,steady,llama_p1024_o128,1.052,0.5975103734439834
1790649447,174,3,steady,llama_p2048_o64,0.655,0.1795511221945137
1790649448,175,3,steady,resnet50_image,307.73,214.69028786341497
1790649448,175,3,steady,vgg16_image,607.52,507.4542056074765
1790649448,175,3,steady,vit_base_image,126.198,122.60061919504642
1790649448,175,3,steady,gpt2_p64_o64,1.456,0.0
1790649448,175,3,steady,gpt2_p512_o512,0.36,0.1706161137440758
1790649448,175,3,steady,llama_p1024_o128,1.052,0.5975103734439834
1790649448,175,3,steady,llama_p2048_o64,0.655,0.1795511221945137
1790649449,176,3,steady,resnet50_image,307.73,214.69028786341497
1790649449,176,3,steady,vgg16_image,607.52,507.4542056074765
1790649449,176,3,steady,vit_base_image,126.198,122.60061919504642
1790649449,176,3,steady,gpt2_p64_o64,1.456,0.0
1790649449,176,3,steady,gpt2_p512_o512,0.36,0.1706161137440758
1790649449,176,3,steady,llama_p1024_o128,1.052,0.5975103734439834
1790649449,176,3,steady,llama_p2048_o64,0.655,0.1795511221945137
1790649450,177,3,steady,resnet50_image,307.73,214.69028786341497
1790649450,177,3,steady,vgg16_image,607.52,507.4542056074765
1790649450,177,3,steady,vit_base_image,126.198,122.60061919504642
1790649450,177,3,steady,gpt2_p64_o64,1.456,0.0
1790649450,177,3,steady,gpt2_p512_o512,0.36,0.1706161137440758
1790649450,177,3,steady,llama_p1024_o128,1.052,0.5975103734439834
1790649450,177,3,steady,llama_p2048_o64,0.655,0.1795511221945137
1790649451,178,3,steady,resnet50_image,307.73,214.69028786341497
1790649451,178,3,steady,vgg16_image,607.52,507.4542056074765
1790649451,178,3,steady,vit_base_image,126.198,122.60061919504642
1790649451,178,3,steady,gpt2_p64_o64,1.456,0.0
1790649451,178,3,steady,gpt2_p512_o512,0.36,0.1706161137440758
1790649451,178,3,steady,llama_p1024_o128,1.052,0.5975103734439834
1790649451,178,3,steady,llama_p2048_o64,0.655,0.1795511221945137
1790649452,179,3,steady,resnet50_image,307.73,214.69028786341497
1790649452,179,3,steady,vgg16_image,607.52,507.4542056074765
1790649452,179,3,steady,vit_base_image,126.198,122.60061919504642
1790649452,179,3,steady,gpt2_p64_o64,1.456,0.0
1790649452,179,3,steady,gpt2_p512_o512,0.36,0.1706161137440758
1790649452,179,3,steady,llama_p1024_o128,1.052,0.5975103734439834
1790649452,179,3,steady,llama_p2048_o64,0.655,0.1795511221945137
1790649453,180,3,steady,resnet50_image,307.73,214.69028786341497
1790649453,180,3,steady,vgg16_image,607.52,507.4542056074765
1790649453,180,3,steady,vit_base_image,126.198,122.60061919504642
1790649453,180,3,steady,gpt2_p64_o64,1.456,0.0
1790649453,180,3,steady,gpt2_p512_o512,0.36,0.1706161137440758
1790649453,180,3,steady,llama_p1024_o128,1.052,0.5975103734439834
1790649453,180,3,steady,llama_p2048_o64,0.655,0.1795511221945137
1790649454,181,3,steady,resnet50_image,307.73,214.69028786341497
1790649454,181,3,steady,vgg16_image,607.52,507.4542056074765
1790649454,181,3,steady,vit_base_image,126.198,122.60061919504642
1790649454,181,3,steady,gpt2_p64_o64,1.456,0.0
1790649454,181,3,steady,gpt2_p512_o512,0.36,0.1706161137440758
1790649454,181,3,steady,llama_p1024_o128,1.052,0.5975103734439834
1790649454,181,3,steady,llama_p2048_o64,0.655,0.1795511221945137
1790649455,182,3,steady,resnet50_image,307.73,214.69028786341497
1790649455,182,3,steady,vgg16_image,607.52,507.4542056074765
1790649455,182,3,steady,vit_base_image,126.198,122.60061919504642
1790649455,182,3,steady,gpt2_p64_o64,1.456,0.0
1790649455,182,3,steady,gpt2_p512_o512,0.36,0.1706161137440758
1790649455,182,3,steady,llama_p1024_o128,1.052,0.5975103734439834
1790649455,182,3,steady,llama_p2048_o64,0.655,0.1795511221945137
1790649456,183,3,steady,resnet50_image,307.73,214.69028786341497
1790649456,183,3,steady,vgg16_image,607.52,507.4542056074765
1790649456,183,3,steady,vit_base_image,126.198,122.60061919504642
1790649456,183,3,steady,gpt2_p64_o64,1.456,0.0
1790649456,183,3,steady,gpt2_p512_o512,0.36,0.1706161137440758
1790649456,183,3,steady,llama_p1024_o128,1.052,0.5975103734439834
1790649456,183,3,steady,llama_p2048_o64,0.655,0.1795511221945137
1790649457,184,,,resnet50_image,307.73,
1790649457,184,,,vgg16_image,607.52,
1790649457,184,,,vit_base_image,126.198,
1790649457,184,,,gpt2_p64_o64,1.456,
1790649457,184,,,gpt2_p512_o512,0.36,
1790649457,184,,,llama_p1024_o128,1.052,
1790649457,184,,,llama_p2048_o64,0.655,
1790649458,185,,,resnet50_image,307.73,
1790649458,185,,,vgg16_image,607.52,
1790649458,185,,,vit_base_image,126.198,
1790649458,185,,,gpt2_p64_o64,1.456,
1790649458,185,,,gpt2_p512_o512,0.36,
1790649458,185,,,llama_p1024_o128,1.052,
1790649458,185,,,llama_p2048_o64,0.655,
1790649459,186,,,resnet50_image,307.73,
1790649459,186,,,vgg16_image,607.52,
1790649459,186,,,vit_base_image,126.198,
1790649459,186,,,gpt2_p64_o64,1.456,
1790649459,186,,,gpt2_p512_o512,0.36,
1790649459,186,,,llama_p1024_o128,1.052,
1790649459,186,,,llama_p2048_o64,0.655,
1790649460,187,,,resnet50_image,307.73,
1790649460,187,,,vgg16_image,607.52,
1790649460,187,,,vit_base_image,126.198,
1790649460,187,,,gpt2_p64_o64,1.456,
1790649460,187,,,gpt2_p512_o512,0.36,
1790649460,187,,,llama_p1024_o128,1.052,
1790649460,187,,,llama_p2048_o64,0.655,
1790649461,188,,,resnet50_image,307.73,
1790649461,188,,,vgg16_image,607.52,
1790649461,188,,,vit_base_image,126.198,
1790649461,188,,,gpt2_p64_o64,1.456,
1790649461,188,,,gpt2_p512_o512,0.36,
1790649461,188,,,llama_p1024_o128,1.052,
1790649461,188,,,llama_p2048_o64,0.655,
1790649462,189,,,resnet50_image,307.73,
1790649462,189,,,vgg16_image,607.52,
1790649462,189,,,vit_base_image,126.198,
1790649462,189,,,gpt2_p64_o64,1.456,
1790649462,189,,,gpt2_p512_o512,0.36,
1790649462,189,,,llama_p1024_o128,1.052,
1790649462,189,,,llama_p2048_o64,0.655,
1790649463,190,,,resnet50_image,307.73,
1790649463,190,,,vgg16_image,607.52,
1790649463,190,,,vit_base_image,126.198,
1790649463,190,,,gpt2_p64_o64,1.456,
1790649463,190,,,gpt2_p512_o512,0.36,
1790649463,190,,,llama_p1024_o128,1.052,
1790649463,190,,,llama_p2048_o64,0.655,
1790649464,191,4,transition,resnet50_image,307.73,165.43807404023391
1790649464,191,4,transition,vgg16_image,607.52,461.5177570093458
1790649464,191,4,transition,vit_base_image,126.198,122.60061919504642
1790649464,191,4,transition,gpt2_p64_o64,1.456,0.0
1790649464,191,4,transition,gpt2_p512_o512,0.36,0.0853080568720379
1790649464,191,4,transition,llama_p1024_o128,1.052,0.0
1790649464,191,4,transition,llama_p2048_o64,0.655,0.1795511221945137
1790649465,192,4,transition,resnet50_image,307.73,165.43807404023391
1790649465,192,4,transition,vgg16_image,607.52,461.5177570093458
1790649465,192,4,transition,vit_base_image,126.198,122.60061919504642
1790649465,192,4,transition,gpt2_p64_o64,1.456,0.0
1790649465,192,4,transition,gpt2_p512_o512,0.36,0.0853080568720379
1790649465,192,4,transition,llama_p1024_o128,1.052,0.0
1790649465,192,4,transition,llama_p2048_o64,0.655,0.1795511221945137
1790649466,193,4,transition,resnet50_image,307.73,165.43807404023391
1790649466,193,4,transition,vgg16_image,607.52,461.5177570093458
1790649466,193,4,transition,vit_base_image,126.198,122.60061919504642
1790649466,193,4,transition,gpt2_p64_o64,1.456,0.0
1790649466,193,4,transition,gpt2_p512_o512,0.36,0.0853080568720379
1790649466,193,4,transition,llama_p1024_o128,1.052,0.0
1790649466,193,4,transition,llama_p2048_o64,0.655,0.1795511221945137
1790649467,194,4,transition,resnet50_image,307.73,165.43807404023391
1790649467,194,4,transition,vgg16_image,607.52,461.5177570093458
1790649467,194,4,transition,vit_base_image,126.198,122.60061919504642
1790649467,194,4,transition,gpt2_p64_o64,1.456,0.0
1790649467,194,4,transition,gpt2_p512_o512,0.36,0.0853080568720379
1790649467,194,4,transition,llama_p1024_o128,1.052,0.0
1790649467,194,4,transition,llama_p2048_o64,0.655,0.1795511221945137
1790649468,195,4,transition,resnet50_image,307.73,165.43807404023391
1790649468,195,4,transition,vgg16_image,607.52,461.5177570093458
1790649468,195,4,transition,vit_base_image,126.198,122.60061919504642
1790649468,195,4,transition,gpt2_p64_o64,1.456,0.0
1790649468,195,4,transition,gpt2_p512_o512,0.36,0.0853080568720379
1790649468,195,4,transition,llama_p1024_o128,1.052,0.0
1790649468,195,4,transition,llama_p2048_o64,0.655,0.1795511221945137
1790649469,196,4,transition,resnet50_image,307.73,165.43807404023391
1790649469,196,4,transition,vgg16_image,607.52,461.5177570093458
1790649469,196,4,transition,vit_base_image,126.198,122.60061919504642
1790649469,196,4,transition,gpt2_p64_o64,1.456,0.0
1790649469,196,4,transition,gpt2_p512_o512,0.36,0.0853080568720379
1790649469,196,4,transition,llama_p1024_o128,1.052,0.0
1790649469,196,4,transition,llama_p2048_o64,0.655,0.1795511221945137
1790649470,197,4,transition,resnet50_image,307.73,165.43807404023391
1790649470,197,4,transition,vgg16_image,607.52,461.5177570093458
1790649470,197,4,transition,vit_base_image,126.198,122.60061919504642
1790649470,197,4,transition,gpt2_p64_o64,1.456,0.0
1790649470,197,4,transition,gpt2_p512_o512,0.36,0.0853080568720379
1790649470,197,4,transition,llama_p1024_o128,1.052,0.0
1790649470,197,4,transition,llama_p2048_o64,0.655,0.1795511221945137
1790649471,198,4,transition,resnet50_image,187.183,165.43807404023391
1790649471,198,4,transition,vgg16_image,478.08,461.5177570093458
1790649471,198,4,transition,vit_base_image,126.198,122.60061919504642
1790649471,198,4,transition,gpt2_p64_o64,1.456,0.0
1790649471,198,4,transition,gpt2_p512_o512,0.36,0.0853080568720379
1790649471,198,4,transition,llama_p1024_o128,0,0.0
1790649471,198,4,transition,llama_p2048_o64,0.655,0.1795511221945137
1790649472,199,4,transition,resnet50_image,187.183,165.43807404023391
1790649472,199,4,transition,vgg16_image,478.08,461.5177570093458
1790649472,199,4,transition,vit_base_image,126.198,122.60061919504642
1790649472,199,4,transition,gpt2_p64_o64,1.456,0.0
1790649472,199,4,transition,gpt2_p512_o512,0.36,0.0853080568720379
1790649472,199,4,transition,llama_p1024_o128,0,0.0
1790649472,199,4,transition,llama_p2048_o64,0.655,0.1795511221945137
1790649473,200,4,transition,resnet50_image,187.183,165.43807404023391
1790649473,200,4,transition,vgg16_image,478.08,461.5177570093458
1790649473,200,4,transition,vit_base_image,126.198,122.60061919504642
1790649473,200,4,transition,gpt2_p64_o64,1.456,0.0
1790649473,200,4,transition,gpt2_p512_o512,0.36,0.0853080568720379
1790649473,200,4,transition,llama_p1024_o128,0,0.0
1790649473,200,4,transition,llama_p2048_o64,0.655,0.1795511221945137
1790649474,201,4,transition,resnet50_image,187.183,165.43807404023391
1790649474,201,4,transition,vgg16_image,478.08,461.5177570093458
1790649474,201,4,transition,vit_base_image,126.198,122.60061919504642
1790649474,201,4,transition,gpt2_p64_o64,1.456,0.0
1790649474,201,4,transition,gpt2_p512_o512,0.36,0.0853080568720379
1790649474,201,4,transition,llama_p1024_o128,0,0.0
1790649474,201,4,transition,llama_p2048_o64,0.655,0.1795511221945137
1790649475,202,4,transition,resnet50_image,187.183,165.43807404023391
1790649475,202,4,transition,vgg16_image,478.08,461.5177570093458
1790649475,202,4,transition,vit_base_image,126.198,122.60061919504642
1790649475,202,4,transition,gpt2_p64_o64,1.456,0.0
1790649475,202,4,transition,gpt2_p512_o512,0.36,0.0853080568720379
1790649475,202,4,transition,llama_p1024_o128,0,0.0
1790649475,202,4,transition,llama_p2048_o64,0.655,0.1795511221945137
1790649476,203,4,transition,resnet50_image,187.183,165.43807404023391
1790649476,203,4,transition,vgg16_image,478.08,461.5177570093458
1790649476,203,4,transition,vit_base_image,126.198,122.60061919504642
1790649476,203,4,transition,gpt2_p64_o64,1.456,0.0
1790649476,203,4,transition,gpt2_p512_o512,0.36,0.0853080568720379
1790649476,203,4,transition,llama_p1024_o128,0,0.0
1790649476,203,4,transition,llama_p2048_o64,0.655,0.1795511221945137
1790649477,204,4,transition,resnet50_image,187.183,165.43807404023391
1790649477,204,4,transition,vgg16_image,478.08,461.5177570093458
1790649477,204,4,transition,vit_base_image,126.198,122.60061919504642
1790649477,204,4,transition,gpt2_p64_o64,1.456,0.0
1790649477,204,4,transition,gpt2_p512_o512,0.36,0.0853080568720379
1790649477,204,4,transition,llama_p1024_o128,0,0.0
1790649477,204,4,transition,llama_p2048_o64,0.655,0.1795511221945137
1790649478,205,4,transition,resnet50_image,187.183,165.43807404023391
1790649478,205,4,transition,vgg16_image,478.08,461.5177570093458
1790649478,205,4,transition,vit_base_image,126.198,122.60061919504642
1790649478,205,4,transition,gpt2_p64_o64,1.456,0.0
1790649478,205,4,transition,gpt2_p512_o512,0.36,0.0853080568720379
1790649478,205,4,transition,llama_p1024_o128,0,0.0
1790649478,205,4,transition,llama_p2048_o64,0.655,0.1795511221945137
1790649479,206,4,transition,resnet50_image,187.183,165.43807404023391
1790649479,206,4,transition,vgg16_image,478.08,461.5177570093458
1790649479,206,4,transition,vit_base_image,126.198,122.60061919504642
1790649479,206,4,transition,gpt2_p64_o64,1.456,0.0
1790649479,206,4,transition,gpt2_p512_o512,0.36,0.0853080568720379
1790649479,206,4,transition,llama_p1024_o128,0,0.0
1790649479,206,4,transition,llama_p2048_o64,0.655,0.1795511221945137
1790649480,207,4,transition,resnet50_image,187.183,165.43807404023391
1790649480,207,4,transition,vgg16_image,478.08,461.5177570093458
1790649480,207,4,transition,vit_base_image,126.198,122.60061919504642
1790649480,207,4,transition,gpt2_p64_o64,1.456,0.0
1790649480,207,4,transition,gpt2_p512_o512,0.36,0.0853080568720379
1790649480,207,4,transition,llama_p1024_o128,0,0.0
1790649480,207,4,transition,llama_p2048_o64,0.655,0.1795511221945137
1790649481,208,4,transition,resnet50_image,187.183,165.43807404023391
1790649481,208,4,transition,vgg16_image,478.08,461.5177570093458
1790649481,208,4,transition,vit_base_image,126.198,122.60061919504642
1790649481,208,4,transition,gpt2_p64_o64,1.456,0.0
1790649481,208,4,transition,gpt2_p512_o512,0.36,0.0853080568720379
1790649481,208,4,transition,llama_p1024_o128,0,0.0
1790649481,208,4,transition,llama_p2048_o64,0.655,0.1795511221945137
1790649482,209,4,transition,resnet50_image,187.183,165.43807404023391
1790649482,209,4,transition,vgg16_image,478.08,461.5177570093458
1790649482,209,4,transition,vit_base_image,126.198,122.60061919504642
1790649482,209,4,transition,gpt2_p64_o64,1.456,0.0
1790649482,209,4,transition,gpt2_p512_o512,0.36,0.0853080568720379
1790649482,209,4,transition,llama_p1024_o128,0,0.0
1790649482,209,4,transition,llama_p2048_o64,0.655,0.1795511221945137
1790649483,210,4,transition,resnet50_image,187.183,165.43807404023391
1790649483,210,4,transition,vgg16_image,478.08,461.5177570093458
1790649483,210,4,transition,vit_base_image,126.198,122.60061919504642
1790649483,210,4,transition,gpt2_p64_o64,1.456,0.0
1790649483,210,4,transition,gpt2_p512_o512,0.36,0.0853080568720379
1790649483,210,4,transition,llama_p1024_o128,0,0.0
1790649483,210,4,transition,llama_p2048_o64,0.655,0.1795511221945137
1790649484,211,4,transition,resnet50_image,187.183,165.43807404023391
1790649484,211,4,transition,vgg16_image,478.08,461.5177570093458
1790649484,211,4,transition,vit_base_image,126.198,122.60061919504642
1790649484,211,4,transition,gpt2_p64_o64,1.456,0.0
1790649484,211,4,transition,gpt2_p512_o512,0.36,0.0853080568720379
1790649484,211,4,transition,llama_p1024_o128,0,0.0
1790649484,211,4,transition,llama_p2048_o64,0.655,0.1795511221945137
1790649485,212,4,transition,resnet50_image,187.183,165.43807404023391
1790649485,212,4,transition,vgg16_image,478.08,461.5177570093458
1790649485,212,4,transition,vit_base_image,126.198,122.60061919504642
1790649485,212,4,transition,gpt2_p64_o64,1.456,0.0
1790649485,212,4,transition,gpt2_p512_o512,0.36,0.0853080568720379
1790649485,212,4,transition,llama_p1024_o128,0,0.0
1790649485,212,4,transition,llama_p2048_o64,0.655,0.1795511221945137
1790649486,213,4,transition,resnet50_image,187.183,165.43807404023391
1790649486,213,4,transition,vgg16_image,478.08,461.5177570093458
1790649486,213,4,transition,vit_base_image,126.198,122.60061919504642
1790649486,213,4,transition,gpt2_p64_o64,1.456,0.0
1790649486,213,4,transition,gpt2_p512_o512,0.36,0.0853080568720379
1790649486,213,4,transition,llama_p1024_o128,0,0.0
1790649486,213,4,transition,llama_p2048_o64,0.655,0.1795511221945137
1790649487,214,4,transition,resnet50_image,187.183,165.43807404023391
1790649487,214,4,transition,vgg16_image,478.08,461.5177570093458
1790649487,214,4,transition,vit_base_image,126.198,122.60061919504642
1790649487,214,4,transition,gpt2_p64_o64,1.456,0.0
1790649487,214,4,transition,gpt2_p512_o512,0.36,0.0853080568720379
1790649487,214,4,transition,llama_p1024_o128,0,0.0
1790649487,214,4,transition,llama_p2048_o64,0.655,0.1795511221945137
1790649488,215,4,transition,resnet50_image,187.183,165.43807404023391
1790649488,215,4,transition,vgg16_image,478.08,461.5177570093458
1790649488,215,4,transition,vit_base_image,126.198,122.60061919504642
1790649488,215,4,transition,gpt2_p64_o64,1.456,0.0
1790649488,215,4,transition,gpt2_p512_o512,0.36,0.0853080568720379
1790649488,215,4,transition,llama_p1024_o128,0,0.0
1790649488,215,4,transition,llama_p2048_o64,0.655,0.1795511221945137
1790649489,216,4,transition,resnet50_image,187.183,165.43807404023391
1790649489,216,4,transition,vgg16_image,478.08,461.5177570093458
1790649489,216,4,transition,vit_base_image,126.198,122.60061919504642
1790649489,216,4,transition,gpt2_p64_o64,1.456,0.0
1790649489,216,4,transition,gpt2_p512_o512,0.36,0.0853080568720379
1790649489,216,4,transition,llama_p1024_o128,0,0.0
1790649489,216,4,transition,llama_p2048_o64,0.655,0.1795511221945137
1790649490,217,4,transition,resnet50_image,187.183,165.43807404023391
1790649490,217,4,transition,vgg16_image,478.08,461.5177570093458
1790649490,217,4,transition,vit_base_image,126.198,122.60061919504642
1790649490,217,4,transition,gpt2_p64_o64,1.456,0.0
1790649490,217,4,transition,gpt2_p512_o512,0.36,0.0853080568720379
1790649490,217,4,transition,llama_p1024_o128,0,0.0
1790649490,217,4,transition,llama_p2048_o64,0.655,0.1795511221945137
1790649491,218,4,transition,resnet50_image,187.183,165.43807404023391
1790649491,218,4,transition,vgg16_image,478.08,461.5177570093458
1790649491,218,4,transition,vit_base_image,126.198,122.60061919504642
1790649491,218,4,transition,gpt2_p64_o64,1.456,0.0
1790649491,218,4,transition,gpt2_p512_o512,0.36,0.0853080568720379
1790649491,218,4,transition,llama_p1024_o128,0,0.0
1790649491,218,4,transition,llama_p2048_o64,0.655,0.1795511221945137
1790649492,219,4,transition,resnet50_image,187.183,165.43807404023391
1790649492,219,4,transition,vgg16_image,478.08,461.5177570093458
1790649492,219,4,transition,vit_base_image,126.198,122.60061919504642
1790649492,219,4,transition,gpt2_p64_o64,1.456,0.0
1790649492,219,4,transition,gpt2_p512_o512,0.36,0.0853080568720379
1790649492,219,4,transition,llama_p1024_o128,0,0.0
1790649492,219,4,transition,llama_p2048_o64,0.655,0.1795511221945137
1790649493,220,4,transition,resnet50_image,187.183,165.43807404023391
1790649493,220,4,transition,vgg16_image,478.08,461.5177570093458
1790649493,220,4,transition,vit_base_image,126.198,122.60061919504642
1790649493,220,4,transition,gpt2_p64_o64,1.456,0.0
1790649493,220,4,transition,gpt2_p512_o512,0.36,0.0853080568720379
1790649493,220,4,transition,llama_p1024_o128,0,0.0
1790649493,220,4,transition,llama_p2048_o64,0.655,0.1795511221945137
1790649494,221,4,transition,resnet50_image,187.183,165.43807404023391
1790649494,221,4,transition,vgg16_image,478.08,461.5177570093458
1790649494,221,4,transition,vit_base_image,126.198,122.60061919504642
1790649494,221,4,transition,gpt2_p64_o64,1.456,0.0
1790649494,221,4,transition,gpt2_p512_o512,0.36,0.0853080568720379
1790649494,221,4,transition,llama_p1024_o128,0,0.0
1790649494,221,4,transition,llama_p2048_o64,0.655,0.1795511221945137
1790649495,222,4,transition,resnet50_image,187.183,165.43807404023391
1790649495,222,4,transition,vgg16_image,478.08,461.5177570093458
1790649495,222,4,transition,vit_base_image,126.198,122.60061919504642
1790649495,222,4,transition,gpt2_p64_o64,1.456,0.0
1790649495,222,4,transition,gpt2_p512_o512,0.36,0.0853080568720379
1790649495,222,4,transition,llama_p1024_o128,0,0.0
1790649495,222,4,transition,llama_p2048_o64,0.655,0.1795511221945137
1790649496,223,4,transition,resnet50_image,187.183,165.43807404023391
1790649496,223,4,transition,vgg16_image,478.08,461.5177570093458
1790649496,223,4,transition,vit_base_image,126.198,122.60061919504642
1790649496,223,4,transition,gpt2_p64_o64,1.456,0.0
1790649496,223,4,transition,gpt2_p512_o512,0.36,0.0853080568720379
1790649496,223,4,transition,llama_p1024_o128,0,0.0
1790649496,223,4,transition,llama_p2048_o64,0.655,0.1795511221945137
1790649497,224,4,transition,resnet50_image,187.183,165.43807404023391
1790649497,224,4,transition,vgg16_image,478.08,461.5177570093458
1790649497,224,4,transition,vit_base_image,126.198,122.60061919504642
1790649497,224,4,transition,gpt2_p64_o64,1.456,0.0
1790649497,224,4,transition,gpt2_p512_o512,0.36,0.0853080568720379
1790649497,224,4,transition,llama_p1024_o128,0,0.0
1790649497,224,4,transition,llama_p2048_o64,0.655,0.1795511221945137
1790649498,225,4,transition,resnet50_image,187.183,165.43807404023391
1790649498,225,4,transition,vgg16_image,478.08,461.5177570093458
1790649498,225,4,transition,vit_base_image,126.198,122.60061919504642
1790649498,225,4,transition,gpt2_p64_o64,1.456,0.0
1790649498,225,4,transition,gpt2_p512_o512,0.36,0.0853080568720379
1790649498,225,4,transition,llama_p1024_o128,0,0.0
1790649498,225,4,transition,llama_p2048_o64,0.655,0.1795511221945137
1790649499,226,4,transition,resnet50_image,187.183,165.43807404023391
1790649499,226,4,transition,vgg16_image,478.08,461.5177570093458
1790649499,226,4,transition,vit_base_image,126.198,122.60061919504642
1790649499,226,4,transition,gpt2_p64_o64,1.456,0.0
1790649499,226,4,transition,gpt2_p512_o512,0.36,0.0853080568720379
1790649499,226,4,transition,llama_p1024_o128,0,0.0
1790649499,226,4,transition,llama_p2048_o64,0.655,0.1795511221945137
1790649500,227,4,transition,resnet50_image,187.183,165.43807404023391
1790649500,227,4,transition,vgg16_image,478.08,461.5177570093458
1790649500,227,4,transition,vit_base_image,126.198,122.60061919504642
1790649500,227,4,transition,gpt2_p64_o64,1.456,0.0
1790649500,227,4,transition,gpt2_p512_o512,0.36,0.0853080568720379
1790649500,227,4,transition,llama_p1024_o128,0,0.0
1790649500,227,4,transition,llama_p2048_o64,0.66,0.1795511221945137
1790649501,228,4,transition,resnet50_image,187.183,165.43807404023391
1790649501,228,4,transition,vgg16_image,478.08,461.5177570093458
1790649501,228,4,transition,vit_base_image,126.198,122.60061919504642
1790649501,228,4,transition,gpt2_p64_o64,1.456,0.0
1790649501,228,4,transition,gpt2_p512_o512,0.36,0.0853080568720379
1790649501,228,4,transition,llama_p1024_o128,0,0.0
1790649501,228,4,transition,llama_p2048_o64,0.66,0.1795511221945137
1790649502,229,4,transition,resnet50_image,187.183,165.43807404023391
1790649502,229,4,transition,vgg16_image,478.08,461.5177570093458
1790649502,229,4,transition,vit_base_image,126.198,122.60061919504642
1790649502,229,4,transition,gpt2_p64_o64,1.456,0.0
1790649502,229,4,transition,gpt2_p512_o512,0.36,0.0853080568720379
1790649502,229,4,transition,llama_p1024_o128,0,0.0
1790649502,229,4,transition,llama_p2048_o64,0.66,0.1795511221945137
1790649503,230,4,transition,resnet50_image,187.183,165.43807404023391
1790649503,230,4,transition,vgg16_image,478.08,461.5177570093458
1790649503,230,4,transition,vit_base_image,126.198,122.60061919504642
1790649503,230,4,transition,gpt2_p64_o64,1.456,0.0
1790649503,230,4,transition,gpt2_p512_o512,0.36,0.0853080568720379
1790649503,230,4,transition,llama_p1024_o128,0,0.0
1790649503,230,4,transition,llama_p2048_o64,0.66,0.1795511221945137
1790649504,231,4,transition,resnet50_image,187.183,165.43807404023391
1790649504,231,4,transition,vgg16_image,478.08,461.5177570093458
1790649504,231,4,transition,vit_base_image,126.198,122.60061919504642
1790649504,231,4,transition,gpt2_p64_o64,1.456,0.0
1790649504,231,4,transition,gpt2_p512_o512,0.36,0.0853080568720379
1790649504,231,4,transition,llama_p1024_o128,0,0.0
1790649504,231,4,transition,llama_p2048_o64,0.66,0.1795511221945137
1790649505,232,4,transition,resnet50_image,187.183,165.43807404023391
1790649505,232,4,transition,vgg16_image,478.08,461.5177570093458
1790649505,232,4,transition,vit_base_image,126.198,122.60061919504642
1790649505,232,4,transition,gpt2_p64_o64,1.456,0.0
1790649505,232,4,transition,gpt2_p512_o512,0.36,0.0853080568720379
1790649505,232,4,transition,llama_p1024_o128,0,0.0
1790649505,232,4,transition,llama_p2048_o64,0.66,0.1795511221945137
1790649506,233,4,transition,resnet50_image,187.183,165.43807404023391
1790649506,233,4,transition,vgg16_image,478.08,461.5177570093458
1790649506,233,4,transition,vit_base_image,126.198,122.60061919504642
1790649506,233,4,transition,gpt2_p64_o64,1.456,0.0
1790649506,233,4,transition,gpt2_p512_o512,0.36,0.0853080568720379
1790649506,233,4,transition,llama_p1024_o128,0,0.0
1790649506,233,4,transition,llama_p2048_o64,0.66,0.1795511221945137
1790649507,234,4,steady,resnet50_image,187.183,165.43807404023391
1790649507,234,4,steady,vgg16_image,478.08,461.5177570093458
1790649507,234,4,steady,vit_base_image,126.198,122.60061919504642
1790649507,234,4,steady,gpt2_p64_o64,1.456,0.232258064516129
1790649507,234,4,steady,gpt2_p512_o512,0.36,0.0853080568720379
1790649507,234,4,steady,llama_p1024_o128,0,0.0
1790649507,234,4,steady,llama_p2048_o64,0.66,0.1795511221945137
1790649508,235,4,steady,resnet50_image,187.183,165.43807404023391
1790649508,235,4,steady,vgg16_image,478.08,461.5177570093458
1790649508,235,4,steady,vit_base_image,126.198,122.60061919504642
1790649508,235,4,steady,gpt2_p64_o64,1.456,0.232258064516129
1790649508,235,4,steady,gpt2_p512_o512,0.36,0.0853080568720379
1790649508,235,4,steady,llama_p1024_o128,0,0.0
1790649508,235,4,steady,llama_p2048_o64,0.66,0.1795511221945137
1790649509,236,4,steady,resnet50_image,187.183,165.43807404023391
1790649509,236,4,steady,vgg16_image,478.08,461.5177570093458
1790649509,236,4,steady,vit_base_image,126.198,122.60061919504642
1790649509,236,4,steady,gpt2_p64_o64,1.456,0.232258064516129
1790649509,236,4,steady,gpt2_p512_o512,0.36,0.0853080568720379
1790649509,236,4,steady,llama_p1024_o128,0,0.0
1790649509,236,4,steady,llama_p2048_o64,0.66,0.1795511221945137
1790649510,237,4,steady,resnet50_image,187.183,165.43807404023391
1790649510,237,4,steady,vgg16_image,478.08,461.5177570093458
1790649510,237,4,steady,vit_base_image,126.198,122.60061919504642
1790649510,237,4,steady,gpt2_p64_o64,1.456,0.232258064516129
1790649510,237,4,steady,gpt2_p512_o512,0.36,0.0853080568720379
1790649510,237,4,steady,llama_p1024_o128,0,0.0
1790649510,237,4,steady,llama_p2048_o64,0.66,0.1795511221945137
1790649511,238,4,steady,resnet50_image,187.183,165.43807404023391
1790649511,238,4,steady,vgg16_image,478.08,461.5177570093458
1790649511,238,4,steady,vit_base_image,126.198,122.60061919504642
1790649511,238,4,steady,gpt2_p64_o64,1.456,0.232258064516129
1790649511,238,4,steady,gpt2_p512_o512,0.36,0.0853080568720379
1790649511,238,4,steady,llama_p1024_o128,0,0.0
1790649511,238,4,steady,llama_p2048_o64,0.66,0.1795511221945137
1790649512,239,4,steady,resnet50_image,187.183,165.43807404023391
1790649512,239,4,steady,vgg16_image,478.08,461.5177570093458
1790649512,239,4,steady,vit_base_image,126.198,122.60061919504642
1790649512,239,4,steady,gpt2_p64_o64,1.456,0.232258064516129
1790649512,239,4,steady,gpt2_p512_o512,0.36,0.0853080568720379
1790649512,239,4,steady,llama_p1024_o128,0,0.0
1790649512,239,4,steady,llama_p2048_o64,0.66,0.1795511221945137
1790649513,240,4,steady,resnet50_image,187.183,165.43807404023391
1790649513,240,4,steady,vgg16_image,478.08,461.5177570093458
1790649513,240,4,steady,vit_base_image,126.198,122.60061919504642
1790649513,240,4,steady,gpt2_p64_o64,1.456,0.232258064516129
1790649513,240,4,steady,gpt2_p512_o512,0.36,0.0853080568720379
1790649513,240,4,steady,llama_p1024_o128,0,0.0
1790649513,240,4,steady,llama_p2048_o64,0.66,0.1795511221945137
1790649514,241,4,steady,resnet50_image,187.183,165.43807404023391
1790649514,241,4,steady,vgg16_image,478.08,461.5177570093458
1790649514,241,4,steady,vit_base_image,126.198,122.60061919504642
1790649514,241,4,steady,gpt2_p64_o64,1.456,0.232258064516129
1790649514,241,4,steady,gpt2_p512_o512,0.36,0.0853080568720379
1790649514,241,4,steady,llama_p1024_o128,0,0.0
1790649514,241,4,steady,llama_p2048_o64,0.66,0.1795511221945137
1790649515,242,4,steady,resnet50_image,187.183,165.43807404023391
1790649515,242,4,steady,vgg16_image,478.08,461.5177570093458
1790649515,242,4,steady,vit_base_image,126.198,122.60061919504642
1790649515,242,4,steady,gpt2_p64_o64,1.456,0.232258064516129
1790649515,242,4,steady,gpt2_p512_o512,0.36,0.0853080568720379
1790649515,242,4,steady,llama_p1024_o128,0,0.0
1790649515,242,4,steady,llama_p2048_o64,0.66,0.1795511221945137
1790649516,243,4,steady,resnet50_image,187.183,165.43807404023391
1790649516,243,4,steady,vgg16_image,478.08,461.5177570093458
1790649516,243,4,steady,vit_base_image,126.198,122.60061919504642
1790649516,243,4,steady,gpt2_p64_o64,1.456,0.232258064516129
1790649516,243,4,steady,gpt2_p512_o512,0.36,0.0853080568720379
1790649516,243,4,steady,llama_p1024_o128,0,0.0
1790649516,243,4,steady,llama_p2048_o64,0.66,0.1795511221945137
1790649517,244,4,steady,resnet50_image,187.183,165.43807404023391
1790649517,244,4,steady,vgg16_image,478.08,461.5177570093458
1790649517,244,4,steady,vit_base_image,126.198,122.60061919504642
1790649517,244,4,steady,gpt2_p64_o64,1.456,0.232258064516129
1790649517,244,4,steady,gpt2_p512_o512,0.36,0.0853080568720379
1790649517,244,4,steady,llama_p1024_o128,0,0.0
1790649517,244,4,steady,llama_p2048_o64,0.66,0.1795511221945137
1790649518,245,4,steady,resnet50_image,187.183,165.43807404023391
1790649518,245,4,steady,vgg16_image,478.08,461.5177570093458
1790649518,245,4,steady,vit_base_image,126.198,122.60061919504642
1790649518,245,4,steady,gpt2_p64_o64,1.456,0.232258064516129
1790649518,245,4,steady,gpt2_p512_o512,0.36,0.0853080568720379
1790649518,245,4,steady,llama_p1024_o128,0,0.0
1790649518,245,4,steady,llama_p2048_o64,0.66,0.1795511221945137
1790649519,246,4,steady,resnet50_image,187.183,165.43807404023391
1790649519,246,4,steady,vgg16_image,478.08,461.5177570093458
1790649519,246,4,steady,vit_base_image,126.198,122.60061919504642
1790649519,246,4,steady,gpt2_p64_o64,1.456,0.232258064516129
1790649519,246,4,steady,gpt2_p512_o512,0.36,0.0853080568720379
1790649519,246,4,steady,llama_p1024_o128,0,0.0
1790649519,246,4,steady,llama_p2048_o64,0.66,0.1795511221945137
1790649520,247,4,steady,resnet50_image,187.183,165.43807404023391
1790649520,247,4,steady,vgg16_image,478.08,461.5177570093458
1790649520,247,4,steady,vit_base_image,126.198,122.60061919504642
1790649520,247,4,steady,gpt2_p64_o64,1.456,0.232258064516129
1790649520,247,4,steady,gpt2_p512_o512,0.36,0.0853080568720379
1790649520,247,4,steady,llama_p1024_o128,0,0.0
1790649520,247,4,steady,llama_p2048_o64,0.66,0.1795511221945137
1790649521,248,4,steady,resnet50_image,187.183,165.43807404023391
1790649521,248,4,steady,vgg16_image,478.08,461.5177570093458
1790649521,248,4,steady,vit_base_image,126.198,122.60061919504642
1790649521,248,4,steady,gpt2_p64_o64,1.456,0.232258064516129
1790649521,248,4,steady,gpt2_p512_o512,0.36,0.0853080568720379
1790649521,248,4,steady,llama_p1024_o128,0,0.0
1790649521,248,4,steady,llama_p2048_o64,0.66,0.1795511221945137
1790649522,249,4,steady,resnet50_image,187.183,165.43807404023391
1790649522,249,4,steady,vgg16_image,478.08,461.5177570093458
1790649522,249,4,steady,vit_base_image,126.198,122.60061919504642
1790649522,249,4,steady,gpt2_p64_o64,1.456,0.232258064516129
1790649522,249,4,steady,gpt2_p512_o512,0.36,0.0853080568720379
1790649522,249,4,steady,llama_p1024_o128,0,0.0
1790649522,249,4,steady,llama_p2048_o64,0.66,0.1795511221945137
1790649523,250,4,steady,resnet50_image,187.183,165.43807404023391
1790649523,250,4,steady,vgg16_image,478.08,461.5177570093458
1790649523,250,4,steady,vit_base_image,126.198,122.60061919504642
1790649523,250,4,steady,gpt2_p64_o64,1.456,0.232258064516129
1790649523,250,4,steady,gpt2_p512_o512,0.36,0.0853080568720379
1790649523,250,4,steady,llama_p1024_o128,0,0.0
1790649523,250,4,steady,llama_p2048_o64,0.66,0.1795511221945137
1790649524,251,4,steady,resnet50_image,187.183,165.43807404023391
1790649524,251,4,steady,vgg16_image,478.08,461.5177570093458
1790649524,251,4,steady,vit_base_image,126.198,122.60061919504642
1790649524,251,4,steady,gpt2_p64_o64,1.456,0.232258064516129
1790649524,251,4,steady,gpt2_p512_o512,0.36,0.0853080568720379
1790649524,251,4,steady,llama_p1024_o128,0,0.0
1790649524,251,4,steady,llama_p2048_o64,0.66,0.1795511221945137
1790649525,252,4,steady,resnet50_image,187.183,165.43807404023391
1790649525,252,4,steady,vgg16_image,478.08,461.5177570093458
1790649525,252,4,steady,vit_base_image,126.198,122.60061919504642
1790649525,252,4,steady,gpt2_p64_o64,1.456,0.232258064516129
1790649525,252,4,steady,gpt2_p512_o512,0.36,0.0853080568720379
1790649525,252,4,steady,llama_p1024_o128,0,0.0
1790649525,252,4,steady,llama_p2048_o64,0.66,0.1795511221945137
1790649526,253,4,steady,resnet50_image,187.183,165.43807404023391
1790649526,253,4,steady,vgg16_image,478.08,461.5177570093458
1790649526,253,4,steady,vit_base_image,126.198,122.60061919504642
1790649526,253,4,steady,gpt2_p64_o64,1.456,0.232258064516129
1790649526,253,4,steady,gpt2_p512_o512,0.36,0.0853080568720379
1790649526,253,4,steady,llama_p1024_o128,0,0.0
1790649526,253,4,steady,llama_p2048_o64,0.66,0.1795511221945137
1790649527,254,4,steady,resnet50_image,187.183,165.43807404023391
1790649527,254,4,steady,vgg16_image,478.08,461.5177570093458
1790649527,254,4,steady,vit_base_image,126.198,122.60061919504642
1790649527,254,4,steady,gpt2_p64_o64,1.456,0.232258064516129
1790649527,254,4,steady,gpt2_p512_o512,0.36,0.0853080568720379
1790649527,254,4,steady,llama_p1024_o128,0,0.0
1790649527,254,4,steady,llama_p2048_o64,0.66,0.1795511221945137
1790649528,255,4,steady,resnet50_image,187.183,165.43807404023391
1790649528,255,4,steady,vgg16_image,478.08,461.5177570093458
1790649528,255,4,steady,vit_base_image,126.198,122.60061919504642
1790649528,255,4,steady,gpt2_p64_o64,1.456,0.232258064516129
1790649528,255,4,steady,gpt2_p512_o512,0.36,0.0853080568720379
1790649528,255,4,steady,llama_p1024_o128,0,0.0
1790649528,255,4,steady,llama_p2048_o64,0.66,0.1795511221945137
1790649529,256,4,steady,resnet50_image,187.183,165.43807404023391
1790649529,256,4,steady,vgg16_image,478.08,461.5177570093458
1790649529,256,4,steady,vit_base_image,126.198,122.60061919504642
1790649529,256,4,steady,gpt2_p64_o64,1.456,0.232258064516129
1790649529,256,4,steady,gpt2_p512_o512,0.36,0.0853080568720379
1790649529,256,4,steady,llama_p1024_o128,0,0.0
1790649529,256,4,steady,llama_p2048_o64,0.66,0.1795511221945137
1790649530,257,4,steady,resnet50_image,187.183,165.43807404023391
1790649530,257,4,steady,vgg16_image,478.08,461.5177570093458
1790649530,257,4,steady,vit_base_image,126.198,122.60061919504642
1790649530,257,4,steady,gpt2_p64_o64,1.456,0.232258064516129
1790649530,257,4,steady,gpt2_p512_o512,0.36,0.0853080568720379
1790649530,257,4,steady,llama_p1024_o128,0,0.0
1790649530,257,4,steady,llama_p2048_o64,0.66,0.1795511221945137
1790649531,258,4,steady,resnet50_image,187.183,165.43807404023391
1790649531,258,4,steady,vgg16_image,478.08,461.5177570093458
1790649531,258,4,steady,vit_base_image,126.198,122.60061919504642
1790649531,258,4,steady,gpt2_p64_o64,1.456,0.232258064516129
1790649531,258,4,steady,gpt2_p512_o512,0.36,0.0853080568720379
1790649531,258,4,steady,llama_p1024_o128,0,0.0
1790649531,258,4,steady,llama_p2048_o64,0.66,0.1795511221945137
1790649532,259,4,steady,resnet50_image,187.183,165.43807404023391
1790649532,259,4,steady,vgg16_image,478.08,461.5177570093458
1790649532,259,4,steady,vit_base_image,126.198,122.60061919504642
1790649532,259,4,steady,gpt2_p64_o64,1.456,0.232258064516129
1790649532,259,4,steady,gpt2_p512_o512,0.36,0.0853080568720379
1790649532,259,4,steady,llama_p1024_o128,0,0.0
1790649532,259,4,steady,llama_p2048_o64,0.66,0.1795511221945137
1790649533,260,4,steady,resnet50_image,187.183,165.43807404023391
1790649533,260,4,steady,vgg16_image,478.08,461.5177570093458
1790649533,260,4,steady,vit_base_image,126.198,122.60061919504642
1790649533,260,4,steady,gpt2_p64_o64,1.456,0.232258064516129
1790649533,260,4,steady,gpt2_p512_o512,0.36,0.0853080568720379
1790649533,260,4,steady,llama_p1024_o128,0,0.0
1790649533,260,4,steady,llama_p2048_o64,0.66,0.1795511221945137
1790649534,261,4,steady,resnet50_image,187.183,165.43807404023391
1790649534,261,4,steady,vgg16_image,478.08,461.5177570093458
1790649534,261,4,steady,vit_base_image,126.198,122.60061919504642
1790649534,261,4,steady,gpt2_p64_o64,1.456,0.232258064516129
1790649534,261,4,steady,gpt2_p512_o512,0.36,0.0853080568720379
1790649534,261,4,steady,llama_p1024_o128,0,0.0
1790649534,261,4,steady,llama_p2048_o64,0.66,0.1795511221945137
1790649535,262,4,steady,resnet50_image,187.183,165.43807404023391
1790649535,262,4,steady,vgg16_image,478.08,461.5177570093458
1790649535,262,4,steady,vit_base_image,126.198,122.60061919504642
1790649535,262,4,steady,gpt2_p64_o64,1.456,0.232258064516129
1790649535,262,4,steady,gpt2_p512_o512,0.36,0.0853080568720379
1790649535,262,4,steady,llama_p1024_o128,0,0.0
1790649535,262,4,steady,llama_p2048_o64,0.66,0.1795511221945137
1790649536,263,4,steady,resnet50_image,187.183,165.43807404023391
1790649536,263,4,steady,vgg16_image,478.08,461.5177570093458
1790649536,263,4,steady,vit_base_image,126.198,122.60061919504642
1790649536,263,4,steady,gpt2_p64_o64,1.456,0.232258064516129
1790649536,263,4,steady,gpt2_p512_o512,0.36,0.0853080568720379
1790649536,263,4,steady,llama_p1024_o128,0,0.0
1790649536,263,4,steady,llama_p2048_o64,0.66,0.1795511221945137
1790649537,264,,,resnet50_image,187.183,
1790649537,264,,,vgg16_image,478.08,
1790649537,264,,,vit_base_image,126.198,
1790649537,264,,,gpt2_p64_o64,1.456,
1790649537,264,,,gpt2_p512_o512,0.36,
1790649537,264,,,llama_p1024_o128,0,
1790649537,264,,,llama_p2048_o64,0.66,
1790649538,265,,,resnet50_image,187.183,
1790649538,265,,,vgg16_image,478.08,
1790649538,265,,,vit_base_image,126.198,
1790649538,265,,,gpt2_p64_o64,1.456,
1790649538,265,,,gpt2_p512_o512,0.36,
1790649538,265,,,llama_p1024_o128,0,
1790649538,265,,,llama_p2048_o64,0.66,
1790649539,266,,,resnet50_image,187.183,
1790649539,266,,,vgg16_image,478.08,
1790649539,266,,,vit_base_image,126.198,
1790649539,266,,,gpt2_p64_o64,1.456,
1790649539,266,,,gpt2_p512_o512,0.36,
1790649539,266,,,llama_p1024_o128,0,
1790649539,266,,,llama_p2048_o64,0.66,
1790649540,267,,,resnet50_image,187.183,
1790649540,267,,,vgg16_image,478.08,
1790649540,267,,,vit_base_image,126.198,
1790649540,267,,,gpt2_p64_o64,1.456,
1790649540,267,,,gpt2_p512_o512,0.36,
1790649540,267,,,llama_p1024_o128,0,
1790649540,267,,,llama_p2048_o64,0.66,
1790649541,268,,,resnet50_image,187.183,
1790649541,268,,,vgg16_image,478.08,
1790649541,268,,,vit_base_image,126.198,
1790649541,268,,,gpt2_p64_o64,1.456,
1790649541,268,,,gpt2_p512_o512,0.36,
1790649541,268,,,llama_p1024_o128,0,
1790649541,268,,,llama_p2048_o64,0.66,
1790649542,269,,,resnet50_image,187.183,
1790649542,269,,,vgg16_image,478.08,
1790649542,269,,,vit_base_image,126.198,
1790649542,269,,,gpt2_p64_o64,1.456,
1790649542,269,,,gpt2_p512_o512,0.36,
1790649542,269,,,llama_p1024_o128,0,
1790649542,269,,,llama_p2048_o64,0.66,
1790649543,270,,,resnet50_image,187.183,
1790649543,270,,,vgg16_image,478.08,
1790649543,270,,,vit_base_image,126.198,
1790649543,270,,,gpt2_p64_o64,1.456,
1790649543,270,,,gpt2_p512_o512,0.36,
1790649543,270,,,llama_p1024_o128,0,
1790649543,270,,,llama_p2048_o64,0.66,
1790649544,271,5,transition,resnet50_image,187.183,91.3690271927075
1790649544,271,5,transition,vgg16_image,478.08,461.5177570093458
1790649544,271,5,transition,vit_base_image,126.198,122.60061919504642
1790649544,271,5,transition,gpt2_p64_o64,1.456,0.232258064516129
1790649544,271,5,transition,gpt2_p512_o512,0.36,0.0853080568720379
1790649544,271,5,transition,llama_p1024_o128,0,0.0
1790649544,271,5,transition,llama_p2048_o64,0.66,0.0
1790649545,272,5,transition,resnet50_image,187.183,91.3690271927075
1790649545,272,5,transition,vgg16_image,478.08,461.5177570093458
1790649545,272,5,transition,vit_base_image,126.198,122.60061919504642
1790649545,272,5,transition,gpt2_p64_o64,1.456,0.232258064516129
1790649545,272,5,transition,gpt2_p512_o512,0.36,0.0853080568720379
1790649545,272,5,transition,llama_p1024_o128,0,0.0
1790649545,272,5,transition,llama_p2048_o64,0.66,0.0
1790649546,273,5,transition,resnet50_image,187.183,91.3690271927075
1790649546,273,5,transition,vgg16_image,478.08,461.5177570093458
1790649546,273,5,transition,vit_base_image,126.198,122.60061919504642
1790649546,273,5,transition,gpt2_p64_o64,1.456,0.232258064516129
1790649546,273,5,transition,gpt2_p512_o512,0.36,0.0853080568720379
1790649546,273,5,transition,llama_p1024_o128,0,0.0
1790649546,273,5,transition,llama_p2048_o64,0.66,0.0
1790649547,274,5,transition,resnet50_image,187.183,91.3690271927075
1790649547,274,5,transition,vgg16_image,478.08,461.5177570093458
1790649547,274,5,transition,vit_base_image,126.198,122.60061919504642
1790649547,274,5,transition,gpt2_p64_o64,1.456,0.232258064516129
1790649547,274,5,transition,gpt2_p512_o512,0.36,0.0853080568720379
1790649547,274,5,transition,llama_p1024_o128,0,0.0
1790649547,274,5,transition,llama_p2048_o64,0.66,0.0
1790649548,275,5,transition,resnet50_image,187.183,91.3690271927075
1790649548,275,5,transition,vgg16_image,478.08,461.5177570093458
1790649548,275,5,transition,vit_base_image,126.198,122.60061919504642
1790649548,275,5,transition,gpt2_p64_o64,1.456,0.232258064516129
1790649548,275,5,transition,gpt2_p512_o512,0.36,0.0853080568720379
1790649548,275,5,transition,llama_p1024_o128,0,0.0
1790649548,275,5,transition,llama_p2048_o64,0.66,0.0
1790649549,276,5,transition,resnet50_image,187.183,91.3690271927075
1790649549,276,5,transition,vgg16_image,478.08,461.5177570093458
1790649549,276,5,transition,vit_base_image,126.198,122.60061919504642
1790649549,276,5,transition,gpt2_p64_o64,1.456,0.232258064516129
1790649549,276,5,transition,gpt2_p512_o512,0.36,0.0853080568720379
1790649549,276,5,transition,llama_p1024_o128,0,0.0
1790649549,276,5,transition,llama_p2048_o64,0.66,0.0
1790649550,277,5,transition,resnet50_image,187.183,91.3690271927075
1790649550,277,5,transition,vgg16_image,478.08,461.5177570093458
1790649550,277,5,transition,vit_base_image,126.198,122.60061919504642
1790649550,277,5,transition,gpt2_p64_o64,1.456,0.232258064516129
1790649550,277,5,transition,gpt2_p512_o512,0.36,0.0853080568720379
1790649550,277,5,transition,llama_p1024_o128,0,0.0
1790649550,277,5,transition,llama_p2048_o64,0.66,0.0
1790649551,278,5,transition,resnet50_image,187.183,91.3690271927075
1790649551,278,5,transition,vgg16_image,478.08,461.5177570093458
1790649551,278,5,transition,vit_base_image,126.198,122.60061919504642
1790649551,278,5,transition,gpt2_p64_o64,1.456,0.232258064516129
1790649551,278,5,transition,gpt2_p512_o512,0.36,0.0853080568720379
1790649551,278,5,transition,llama_p1024_o128,0,0.0
1790649551,278,5,transition,llama_p2048_o64,0.66,0.0
1790649552,279,5,transition,resnet50_image,187.183,91.3690271927075
1790649552,279,5,transition,vgg16_image,478.08,461.5177570093458
1790649552,279,5,transition,vit_base_image,126.198,122.60061919504642
1790649552,279,5,transition,gpt2_p64_o64,1.456,0.232258064516129
1790649552,279,5,transition,gpt2_p512_o512,0.36,0.0853080568720379
1790649552,279,5,transition,llama_p1024_o128,0,0.0
1790649552,279,5,transition,llama_p2048_o64,0.66,0.0
1790649553,280,5,transition,resnet50_image,187.183,91.3690271927075
1790649553,280,5,transition,vgg16_image,478.08,461.5177570093458
1790649553,280,5,transition,vit_base_image,126.198,122.60061919504642
1790649553,280,5,transition,gpt2_p64_o64,1.456,0.232258064516129
1790649553,280,5,transition,gpt2_p512_o512,0.36,0.0853080568720379
1790649553,280,5,transition,llama_p1024_o128,0,0.0
1790649553,280,5,transition,llama_p2048_o64,0,0.0
1790649554,281,5,transition,resnet50_image,187.183,91.3690271927075
1790649554,281,5,transition,vgg16_image,478.08,461.5177570093458
1790649554,281,5,transition,vit_base_image,126.198,122.60061919504642
1790649554,281,5,transition,gpt2_p64_o64,1.456,0.232258064516129
1790649554,281,5,transition,gpt2_p512_o512,0.36,0.0853080568720379
1790649554,281,5,transition,llama_p1024_o128,0,0.0
1790649554,281,5,transition,llama_p2048_o64,0,0.0
1790649555,282,5,transition,resnet50_image,187.183,91.3690271927075
1790649555,282,5,transition,vgg16_image,478.08,461.5177570093458
1790649555,282,5,transition,vit_base_image,126.198,122.60061919504642
1790649555,282,5,transition,gpt2_p64_o64,1.456,0.232258064516129
1790649555,282,5,transition,gpt2_p512_o512,0.36,0.0853080568720379
1790649555,282,5,transition,llama_p1024_o128,0,0.0
1790649555,282,5,transition,llama_p2048_o64,0,0.0
1790649556,283,5,transition,resnet50_image,187.183,91.3690271927075
1790649556,283,5,transition,vgg16_image,478.08,461.5177570093458
1790649556,283,5,transition,vit_base_image,126.198,122.60061919504642
1790649556,283,5,transition,gpt2_p64_o64,1.456,0.232258064516129
1790649556,283,5,transition,gpt2_p512_o512,0.36,0.0853080568720379
1790649556,283,5,transition,llama_p1024_o128,0,0.0
1790649556,283,5,transition,llama_p2048_o64,0,0.0
1790649557,284,5,transition,resnet50_image,187.183,91.3690271927075
1790649557,284,5,transition,vgg16_image,478.08,461.5177570093458
1790649557,284,5,transition,vit_base_image,126.198,122.60061919504642
1790649557,284,5,transition,gpt2_p64_o64,1.456,0.232258064516129
1790649557,284,5,transition,gpt2_p512_o512,0.36,0.0853080568720379
1790649557,284,5,transition,llama_p1024_o128,0,0.0
1790649557,284,5,transition,llama_p2048_o64,0,0.0
1790649558,285,5,transition,resnet50_image,187.183,91.3690271927075
1790649558,285,5,transition,vgg16_image,478.08,461.5177570093458
1790649558,285,5,transition,vit_base_image,126.198,122.60061919504642
1790649558,285,5,transition,gpt2_p64_o64,1.456,0.232258064516129
1790649558,285,5,transition,gpt2_p512_o512,0.36,0.0853080568720379
1790649558,285,5,transition,llama_p1024_o128,0,0.0
1790649558,285,5,transition,llama_p2048_o64,0,0.0
1790649559,286,5,transition,resnet50_image,187.183,91.3690271927075
1790649559,286,5,transition,vgg16_image,478.08,461.5177570093458
1790649559,286,5,transition,vit_base_image,126.198,122.60061919504642
1790649559,286,5,transition,gpt2_p64_o64,1.456,0.232258064516129
1790649559,286,5,transition,gpt2_p512_o512,0.36,0.0853080568720379
1790649559,286,5,transition,llama_p1024_o128,0,0.0
1790649559,286,5,transition,llama_p2048_o64,0,0.0
1790649560,287,5,transition,resnet50_image,187.183,91.3690271927075
1790649560,287,5,transition,vgg16_image,478.08,461.5177570093458
1790649560,287,5,transition,vit_base_image,126.198,122.60061919504642
1790649560,287,5,transition,gpt2_p64_o64,1.456,0.232258064516129
1790649560,287,5,transition,gpt2_p512_o512,0.36,0.0853080568720379
1790649560,287,5,transition,llama_p1024_o128,0,0.0
1790649560,287,5,transition,llama_p2048_o64,0,0.0
1790649561,288,5,transition,resnet50_image,187.183,91.3690271927075
1790649561,288,5,transition,vgg16_image,478.08,461.5177570093458
1790649561,288,5,transition,vit_base_image,126.198,122.60061919504642
1790649561,288,5,transition,gpt2_p64_o64,1.456,0.232258064516129
1790649561,288,5,transition,gpt2_p512_o512,0.36,0.0853080568720379
1790649561,288,5,transition,llama_p1024_o128,0,0.0
1790649561,288,5,transition,llama_p2048_o64,0,0.0
1790649562,289,5,transition,resnet50_image,187.183,91.3690271927075
1790649562,289,5,transition,vgg16_image,478.08,461.5177570093458
1790649562,289,5,transition,vit_base_image,126.198,122.60061919504642
1790649562,289,5,transition,gpt2_p64_o64,1.456,0.232258064516129
1790649562,289,5,transition,gpt2_p512_o512,0.36,0.0853080568720379
1790649562,289,5,transition,llama_p1024_o128,0,0.0
1790649562,289,5,transition,llama_p2048_o64,0,0.0
1790649563,290,5,transition,resnet50_image,187.183,91.3690271927075
1790649563,290,5,transition,vgg16_image,478.08,461.5177570093458
1790649563,290,5,transition,vit_base_image,126.198,122.60061919504642
1790649563,290,5,transition,gpt2_p64_o64,1.456,0.232258064516129
1790649563,290,5,transition,gpt2_p512_o512,0.36,0.0853080568720379
1790649563,290,5,transition,llama_p1024_o128,0,0.0
1790649563,290,5,transition,llama_p2048_o64,0,0.0
1790649564,291,5,transition,resnet50_image,187.183,91.3690271927075
1790649564,291,5,transition,vgg16_image,478.08,461.5177570093458
1790649564,291,5,transition,vit_base_image,126.198,122.60061919504642
1790649564,291,5,transition,gpt2_p64_o64,1.456,0.232258064516129
1790649564,291,5,transition,gpt2_p512_o512,0.36,0.0853080568720379
1790649564,291,5,transition,llama_p1024_o128,0,0.0
1790649564,291,5,transition,llama_p2048_o64,0,0.0
1790649565,292,5,transition,resnet50_image,187.183,91.3690271927075
1790649565,292,5,transition,vgg16_image,478.08,461.5177570093458
1790649565,292,5,transition,vit_base_image,126.198,122.60061919504642
1790649565,292,5,transition,gpt2_p64_o64,1.456,0.232258064516129
1790649565,292,5,transition,gpt2_p512_o512,0.36,0.0853080568720379
1790649565,292,5,transition,llama_p1024_o128,0,0.0
1790649565,292,5,transition,llama_p2048_o64,0,0.0
1790649566,293,5,transition,resnet50_image,187.183,91.3690271927075
1790649566,293,5,transition,vgg16_image,478.08,461.5177570093458
1790649566,293,5,transition,vit_base_image,126.198,122.60061919504642
1790649566,293,5,transition,gpt2_p64_o64,1.456,0.232258064516129
1790649566,293,5,transition,gpt2_p512_o512,0.36,0.0853080568720379
1790649566,293,5,transition,llama_p1024_o128,0,0.0
1790649566,293,5,transition,llama_p2048_o64,0,0.0
1790649567,294,5,transition,resnet50_image,187.183,91.3690271927075
1790649567,294,5,transition,vgg16_image,478.08,461.5177570093458
1790649567,294,5,transition,vit_base_image,126.198,122.60061919504642
1790649567,294,5,transition,gpt2_p64_o64,1.456,0.232258064516129
1790649567,294,5,transition,gpt2_p512_o512,0.36,0.0853080568720379
1790649567,294,5,transition,llama_p1024_o128,0,0.0
1790649567,294,5,transition,llama_p2048_o64,0,0.0
1790649568,295,5,transition,resnet50_image,187.183,91.3690271927075
1790649568,295,5,transition,vgg16_image,478.08,461.5177570093458
1790649568,295,5,transition,vit_base_image,126.198,122.60061919504642
1790649568,295,5,transition,gpt2_p64_o64,1.456,0.232258064516129
1790649568,295,5,transition,gpt2_p512_o512,0.36,0.0853080568720379
1790649568,295,5,transition,llama_p1024_o128,0,0.0
1790649568,295,5,transition,llama_p2048_o64,0,0.0
1790649569,296,5,transition,resnet50_image,187.183,91.3690271927075
1790649569,296,5,transition,vgg16_image,478.08,461.5177570093458
1790649569,296,5,transition,vit_base_image,126.198,122.60061919504642
1790649569,296,5,transition,gpt2_p64_o64,1.456,0.232258064516129
1790649569,296,5,transition,gpt2_p512_o512,0.36,0.0853080568720379
1790649569,296,5,transition,llama_p1024_o128,0,0.0
1790649569,296,5,transition,llama_p2048_o64,0,0.0
1790649570,297,5,transition,resnet50_image,187.183,91.3690271927075
1790649570,297,5,transition,vgg16_image,478.08,461.5177570093458
1790649570,297,5,transition,vit_base_image,126.198,122.60061919504642
1790649570,297,5,transition,gpt2_p64_o64,1.456,0.232258064516129
1790649570,297,5,transition,gpt2_p512_o512,0.36,0.0853080568720379
1790649570,297,5,transition,llama_p1024_o128,0,0.0
1790649570,297,5,transition,llama_p2048_o64,0,0.0
1790649571,298,5,transition,resnet50_image,187.183,91.3690271927075
1790649571,298,5,transition,vgg16_image,478.08,461.5177570093458
1790649571,298,5,transition,vit_base_image,126.198,122.60061919504642
1790649571,298,5,transition,gpt2_p64_o64,1.456,0.232258064516129
1790649571,298,5,transition,gpt2_p512_o512,0.36,0.0853080568720379
1790649571,298,5,transition,llama_p1024_o128,0,0.0
1790649571,298,5,transition,llama_p2048_o64,0,0.0
1790649572,299,5,transition,resnet50_image,187.183,91.3690271927075
1790649572,299,5,transition,vgg16_image,478.08,461.5177570093458
1790649572,299,5,transition,vit_base_image,126.198,122.60061919504642
1790649572,299,5,transition,gpt2_p64_o64,1.456,0.232258064516129
1790649572,299,5,transition,gpt2_p512_o512,0.36,0.0853080568720379
1790649572,299,5,transition,llama_p1024_o128,0,0.0
1790649572,299,5,transition,llama_p2048_o64,0,0.0
1790649573,300,5,transition,resnet50_image,187.183,91.3690271927075
1790649573,300,5,transition,vgg16_image,478.08,461.5177570093458
1790649573,300,5,transition,vit_base_image,126.198,122.60061919504642
1790649573,300,5,transition,gpt2_p64_o64,1.456,0.232258064516129
1790649573,300,5,transition,gpt2_p512_o512,0.36,0.0853080568720379
1790649573,300,5,transition,llama_p1024_o128,0,0.0
1790649573,300,5,transition,llama_p2048_o64,0,0.0
1790649574,301,5,transition,resnet50_image,187.183,91.3690271927075
1790649574,301,5,transition,vgg16_image,478.08,461.5177570093458
1790649574,301,5,transition,vit_base_image,126.198,122.60061919504642
1790649574,301,5,transition,gpt2_p64_o64,1.456,0.232258064516129
1790649574,301,5,transition,gpt2_p512_o512,0.36,0.0853080568720379
1790649574,301,5,transition,llama_p1024_o128,0,0.0
1790649574,301,5,transition,llama_p2048_o64,0,0.0
1790649575,302,5,transition,resnet50_image,187.183,91.3690271927075
1790649575,302,5,transition,vgg16_image,478.08,461.5177570093458
1790649575,302,5,transition,vit_base_image,126.198,122.60061919504642
1790649575,302,5,transition,gpt2_p64_o64,1.456,0.232258064516129
1790649575,302,5,transition,gpt2_p512_o512,0.36,0.0853080568720379
1790649575,302,5,transition,llama_p1024_o128,0,0.0
1790649575,302,5,transition,llama_p2048_o64,0,0.0
1790649576,303,5,transition,resnet50_image,187.183,91.3690271927075
1790649576,303,5,transition,vgg16_image,478.08,461.5177570093458
1790649576,303,5,transition,vit_base_image,126.198,122.60061919504642
1790649576,303,5,transition,gpt2_p64_o64,1.456,0.232258064516129
1790649576,303,5,transition,gpt2_p512_o512,0.36,0.0853080568720379
1790649576,303,5,transition,llama_p1024_o128,0,0.0
1790649576,303,5,transition,llama_p2048_o64,0,0.0
1790649577,304,5,transition,resnet50_image,187.183,91.3690271927075
1790649577,304,5,transition,vgg16_image,478.08,461.5177570093458
1790649577,304,5,transition,vit_base_image,126.198,122.60061919504642
1790649577,304,5,transition,gpt2_p64_o64,1.456,0.232258064516129
1790649577,304,5,transition,gpt2_p512_o512,0.36,0.0853080568720379
1790649577,304,5,transition,llama_p1024_o128,0,0.0
1790649577,304,5,transition,llama_p2048_o64,0,0.0
1790649578,305,5,transition,resnet50_image,187.183,91.3690271927075
1790649578,305,5,transition,vgg16_image,478.08,461.5177570093458
1790649578,305,5,transition,vit_base_image,126.198,122.60061919504642
1790649578,305,5,transition,gpt2_p64_o64,1.456,0.232258064516129
1790649578,305,5,transition,gpt2_p512_o512,0.36,0.0853080568720379
1790649578,305,5,transition,llama_p1024_o128,0,0.0
1790649578,305,5,transition,llama_p2048_o64,0,0.0
1790649579,306,5,transition,resnet50_image,187.183,91.3690271927075
1790649579,306,5,transition,vgg16_image,478.08,461.5177570093458
1790649579,306,5,transition,vit_base_image,126.198,122.60061919504642
1790649579,306,5,transition,gpt2_p64_o64,1.456,0.232258064516129
1790649579,306,5,transition,gpt2_p512_o512,0.36,0.0853080568720379
1790649579,306,5,transition,llama_p1024_o128,0,0.0
1790649579,306,5,transition,llama_p2048_o64,0,0.0
1790649580,307,5,transition,resnet50_image,187.183,91.3690271927075
1790649580,307,5,transition,vgg16_image,478.08,461.5177570093458
1790649580,307,5,transition,vit_base_image,126.198,122.60061919504642
1790649580,307,5,transition,gpt2_p64_o64,1.456,0.232258064516129
1790649580,307,5,transition,gpt2_p512_o512,0.36,0.0853080568720379
1790649580,307,5,transition,llama_p1024_o128,0,0.0
1790649580,307,5,transition,llama_p2048_o64,0,0.0
1790649581,308,5,transition,resnet50_image,187.183,91.3690271927075
1790649581,308,5,transition,vgg16_image,478.08,461.5177570093458
1790649581,308,5,transition,vit_base_image,126.198,122.60061919504642
1790649581,308,5,transition,gpt2_p64_o64,1.456,0.232258064516129
1790649581,308,5,transition,gpt2_p512_o512,0.36,0.0853080568720379
1790649581,308,5,transition,llama_p1024_o128,0,0.0
1790649581,308,5,transition,llama_p2048_o64,0,0.0
1790649582,309,5,transition,resnet50_image,187.183,91.3690271927075
1790649582,309,5,transition,vgg16_image,478.08,461.5177570093458
1790649582,309,5,transition,vit_base_image,126.198,122.60061919504642
1790649582,309,5,transition,gpt2_p64_o64,1.456,0.232258064516129
1790649582,309,5,transition,gpt2_p512_o512,0.36,0.0853080568720379
1790649582,309,5,transition,llama_p1024_o128,0,0.0
1790649582,309,5,transition,llama_p2048_o64,0,0.0
1790649583,310,5,transition,resnet50_image,187.183,91.3690271927075
1790649583,310,5,transition,vgg16_image,478.08,461.5177570093458
1790649583,310,5,transition,vit_base_image,126.198,122.60061919504642
1790649583,310,5,transition,gpt2_p64_o64,1.456,0.232258064516129
1790649583,310,5,transition,gpt2_p512_o512,0.36,0.0853080568720379
1790649583,310,5,transition,llama_p1024_o128,0,0.0
1790649583,310,5,transition,llama_p2048_o64,0,0.0
1790649584,311,5,transition,resnet50_image,187.183,91.3690271927075
1790649584,311,5,transition,vgg16_image,476.781,461.5177570093458
1790649584,311,5,transition,vit_base_image,126.198,122.60061919504642
1790649584,311,5,transition,gpt2_p64_o64,1.456,0.232258064516129
1790649584,311,5,transition,gpt2_p512_o512,0.36,0.0853080568720379
1790649584,311,5,transition,llama_p1024_o128,0,0.0
1790649584,311,5,transition,llama_p2048_o64,0,0.0
1790649585,312,5,transition,resnet50_image,187.183,91.3690271927075
1790649585,312,5,transition,vgg16_image,476.781,461.5177570093458
1790649585,312,5,transition,vit_base_image,126.198,122.60061919504642
1790649585,312,5,transition,gpt2_p64_o64,1.456,0.232258064516129
1790649585,312,5,transition,gpt2_p512_o512,0.18,0.0853080568720379
1790649585,312,5,transition,llama_p1024_o128,0,0.0
1790649585,312,5,transition,llama_p2048_o64,0,0.0
1790649586,313,5,transition,resnet50_image,187.183,91.3690271927075
1790649586,313,5,transition,vgg16_image,476.781,461.5177570093458
1790649586,313,5,transition,vit_base_image,126.198,122.60061919504642
1790649586,313,5,transition,gpt2_p64_o64,1.456,0.232258064516129
1790649586,313,5,transition,gpt2_p512_o512,0.18,0.0853080568720379
1790649586,313,5,transition,llama_p1024_o128,0,0.0
1790649586,313,5,transition,llama_p2048_o64,0,0.0
1790649587,314,5,transition,resnet50_image,187.183,91.3690271927075
1790649587,314,5,transition,vgg16_image,476.781,461.5177570093458
1790649587,314,5,transition,vit_base_image,126.198,122.60061919504642
1790649587,314,5,transition,gpt2_p64_o64,1.456,0.232258064516129
1790649587,314,5,transition,gpt2_p512_o512,0.18,0.0853080568720379
1790649587,314,5,transition,llama_p1024_o128,0,0.0
1790649587,314,5,transition,llama_p2048_o64,0,0.0
1790649588,315,5,transition,resnet50_image,187.183,91.3690271927075
1790649588,315,5,transition,vgg16_image,476.781,461.5177570093458
1790649588,315,5,transition,vit_base_image,126.198,122.60061919504642
1790649588,315,5,transition,gpt2_p64_o64,1.456,0.232258064516129
1790649588,315,5,transition,gpt2_p512_o512,0.18,0.0853080568720379
1790649588,315,5,transition,llama_p1024_o128,0,0.0
1790649588,315,5,transition,llama_p2048_o64,0,0.0
1790649589,316,5,transition,resnet50_image,187.183,91.3690271927075
1790649589,316,5,transition,vgg16_image,476.781,461.5177570093458
1790649589,316,5,transition,vit_base_image,126.198,122.60061919504642
1790649589,316,5,transition,gpt2_p64_o64,1.456,0.232258064516129
1790649589,316,5,transition,gpt2_p512_o512,0.18,0.0853080568720379
1790649589,316,5,transition,llama_p1024_o128,0,0.0
1790649589,316,5,transition,llama_p2048_o64,0,0.0
1790649590,317,5,transition,resnet50_image,187.183,91.3690271927075
1790649590,317,5,transition,vgg16_image,476.781,461.5177570093458
1790649590,317,5,transition,vit_base_image,126.198,122.60061919504642
1790649590,317,5,transition,gpt2_p64_o64,1.456,0.232258064516129
1790649590,317,5,transition,gpt2_p512_o512,0.18,0.0853080568720379
1790649590,317,5,transition,llama_p1024_o128,0,0.0
1790649590,317,5,transition,llama_p2048_o64,0,0.0
1790649591,318,5,transition,resnet50_image,187.183,91.3690271927075
1790649591,318,5,transition,vgg16_image,476.781,461.5177570093458
1790649591,318,5,transition,vit_base_image,126.198,122.60061919504642
1790649591,318,5,transition,gpt2_p64_o64,1.456,0.232258064516129
1790649591,318,5,transition,gpt2_p512_o512,0.18,0.0853080568720379
1790649591,318,5,transition,llama_p1024_o128,0,0.0
1790649591,318,5,transition,llama_p2048_o64,0,0.0
1790649592,319,5,transition,resnet50_image,187.183,91.3690271927075
1790649592,319,5,transition,vgg16_image,476.781,461.5177570093458
1790649592,319,5,transition,vit_base_image,126.198,122.60061919504642
1790649592,319,5,transition,gpt2_p64_o64,1.456,0.232258064516129
1790649592,319,5,transition,gpt2_p512_o512,0.18,0.0853080568720379
1790649592,319,5,transition,llama_p1024_o128,0,0.0
1790649592,319,5,transition,llama_p2048_o64,0,0.0
1790649593,320,5,transition,resnet50_image,187.183,91.3690271927075
1790649593,320,5,transition,vgg16_image,476.781,461.5177570093458
1790649593,320,5,transition,vit_base_image,126.198,122.60061919504642
1790649593,320,5,transition,gpt2_p64_o64,1.456,0.232258064516129
1790649593,320,5,transition,gpt2_p512_o512,0.18,0.0853080568720379
1790649593,320,5,transition,llama_p1024_o128,0,0.0
1790649593,320,5,transition,llama_p2048_o64,0,0.0
1790649594,321,5,transition,resnet50_image,187.183,91.3690271927075
1790649594,321,5,transition,vgg16_image,476.781,461.5177570093458
1790649594,321,5,transition,vit_base_image,126.198,122.60061919504642
1790649594,321,5,transition,gpt2_p64_o64,1.456,0.232258064516129
1790649594,321,5,transition,gpt2_p512_o512,0.18,0.0853080568720379
1790649594,321,5,transition,llama_p1024_o128,0,0.0
1790649594,321,5,transition,llama_p2048_o64,0,0.0
1790649595,322,5,transition,resnet50_image,187.183,91.3690271927075
1790649595,322,5,transition,vgg16_image,476.781,461.5177570093458
1790649595,322,5,transition,vit_base_image,126.198,122.60061919504642
1790649595,322,5,transition,gpt2_p64_o64,1.456,0.232258064516129
1790649595,322,5,transition,gpt2_p512_o512,0.18,0.0853080568720379
1790649595,322,5,transition,llama_p1024_o128,0,0.0
1790649595,322,5,transition,llama_p2048_o64,0,0.0
1790649596,323,5,transition,resnet50_image,187.183,91.3690271927075
1790649596,323,5,transition,vgg16_image,476.781,461.5177570093458
1790649596,323,5,transition,vit_base_image,126.198,122.60061919504642
1790649596,323,5,transition,gpt2_p64_o64,1.456,0.232258064516129
1790649596,323,5,transition,gpt2_p512_o512,0.18,0.0853080568720379
1790649596,323,5,transition,llama_p1024_o128,0,0.0
1790649596,323,5,transition,llama_p2048_o64,0,0.0
1790649597,324,5,steady,resnet50_image,187.183,91.3690271927075
1790649597,324,5,steady,vgg16_image,476.781,462.9532710280373
1790649597,324,5,steady,vit_base_image,126.198,122.60061919504642
1790649597,324,5,steady,gpt2_p64_o64,1.456,0.232258064516129
1790649597,324,5,steady,gpt2_p512_o512,0.18,0.0853080568720379
1790649597,324,5,steady,llama_p1024_o128,0,0.0
1790649597,324,5,steady,llama_p2048_o64,0,0.0
1790649598,325,5,steady,resnet50_image,187.183,91.3690271927075
1790649598,325,5,steady,vgg16_image,476.781,462.9532710280373
1790649598,325,5,steady,vit_base_image,126.198,122.60061919504642
1790649598,325,5,steady,gpt2_p64_o64,1.456,0.232258064516129
1790649598,325,5,steady,gpt2_p512_o512,0.18,0.0853080568720379
1790649598,325,5,steady,llama_p1024_o128,0,0.0
1790649598,325,5,steady,llama_p2048_o64,0,0.0
1790649599,326,5,steady,resnet50_image,187.183,91.3690271927075
1790649599,326,5,steady,vgg16_image,476.781,462.9532710280373
1790649599,326,5,steady,vit_base_image,126.198,122.60061919504642
1790649599,326,5,steady,gpt2_p64_o64,1.456,0.232258064516129
1790649599,326,5,steady,gpt2_p512_o512,0.18,0.0853080568720379
1790649599,326,5,steady,llama_p1024_o128,0,0.0
1790649599,326,5,steady,llama_p2048_o64,0,0.0
1790649600,327,5,steady,resnet50_image,187.183,91.3690271927075
1790649600,327,5,steady,vgg16_image,476.781,462.9532710280373
1790649600,327,5,steady,vit_base_image,126.198,122.60061919504642
1790649600,327,5,steady,gpt2_p64_o64,1.456,0.232258064516129
1790649600,327,5,steady,gpt2_p512_o512,0.18,0.0853080568720379
1790649600,327,5,steady,llama_p1024_o128,0,0.0
1790649600,327,5,steady,llama_p2048_o64,0,0.0
1790649601,328,5,steady,resnet50_image,187.183,91.3690271927075
1790649601,328,5,steady,vgg16_image,476.781,462.9532710280373
1790649601,328,5,steady,vit_base_image,126.198,122.60061919504642
1790649601,328,5,steady,gpt2_p64_o64,1.456,0.232258064516129
1790649601,328,5,steady,gpt2_p512_o512,0.18,0.0853080568720379
1790649601,328,5,steady,llama_p1024_o128,0,0.0
1790649601,328,5,steady,llama_p2048_o64,0,0.0
1790649602,329,5,steady,resnet50_image,187.183,91.3690271927075
1790649602,329,5,steady,vgg16_image,476.781,462.9532710280373
1790649602,329,5,steady,vit_base_image,126.198,122.60061919504642
1790649602,329,5,steady,gpt2_p64_o64,1.456,0.232258064516129
1790649602,329,5,steady,gpt2_p512_o512,0.18,0.0853080568720379
1790649602,329,5,steady,llama_p1024_o128,0,0.0
1790649602,329,5,steady,llama_p2048_o64,0,0.0
1790649603,330,5,steady,resnet50_image,187.183,91.3690271927075
1790649603,330,5,steady,vgg16_image,476.781,462.9532710280373
1790649603,330,5,steady,vit_base_image,126.198,122.60061919504642
1790649603,330,5,steady,gpt2_p64_o64,1.456,0.232258064516129
1790649603,330,5,steady,gpt2_p512_o512,0.18,0.0853080568720379
1790649603,330,5,steady,llama_p1024_o128,0,0.0
1790649603,330,5,steady,llama_p2048_o64,0,0.0
1790649604,331,5,steady,resnet50_image,187.183,91.3690271927075
1790649604,331,5,steady,vgg16_image,476.781,462.9532710280373
1790649604,331,5,steady,vit_base_image,126.198,122.60061919504642
1790649604,331,5,steady,gpt2_p64_o64,1.456,0.232258064516129
1790649604,331,5,steady,gpt2_p512_o512,0.18,0.0853080568720379
1790649604,331,5,steady,llama_p1024_o128,0,0.0
1790649604,331,5,steady,llama_p2048_o64,0,0.0
1790649605,332,5,steady,resnet50_image,187.183,91.3690271927075
1790649605,332,5,steady,vgg16_image,476.781,462.9532710280373
1790649605,332,5,steady,vit_base_image,126.198,122.60061919504642
1790649605,332,5,steady,gpt2_p64_o64,1.456,0.232258064516129
1790649605,332,5,steady,gpt2_p512_o512,0.18,0.0853080568720379
1790649605,332,5,steady,llama_p1024_o128,0,0.0
1790649605,332,5,steady,llama_p2048_o64,0,0.0
1790649606,333,5,steady,resnet50_image,187.183,91.3690271927075
1790649606,333,5,steady,vgg16_image,476.781,462.9532710280373
1790649606,333,5,steady,vit_base_image,126.198,122.60061919504642
1790649606,333,5,steady,gpt2_p64_o64,1.456,0.232258064516129
1790649606,333,5,steady,gpt2_p512_o512,0.18,0.0853080568720379
1790649606,333,5,steady,llama_p1024_o128,0,0.0
1790649606,333,5,steady,llama_p2048_o64,0,0.0
1790649607,334,5,steady,resnet50_image,187.183,91.3690271927075
1790649607,334,5,steady,vgg16_image,476.781,462.9532710280373
1790649607,334,5,steady,vit_base_image,126.198,122.60061919504642
1790649607,334,5,steady,gpt2_p64_o64,1.456,0.232258064516129
1790649607,334,5,steady,gpt2_p512_o512,0.18,0.0853080568720379
1790649607,334,5,steady,llama_p1024_o128,0,0.0
1790649607,334,5,steady,llama_p2048_o64,0,0.0
1790649608,335,5,steady,resnet50_image,187.183,91.3690271927075
1790649608,335,5,steady,vgg16_image,476.781,462.9532710280373
1790649608,335,5,steady,vit_base_image,126.198,122.60061919504642
1790649608,335,5,steady,gpt2_p64_o64,1.456,0.232258064516129
1790649608,335,5,steady,gpt2_p512_o512,0.18,0.0853080568720379
1790649608,335,5,steady,llama_p1024_o128,0,0.0
1790649608,335,5,steady,llama_p2048_o64,0,0.0
1790649609,336,5,steady,resnet50_image,187.183,91.3690271927075
1790649609,336,5,steady,vgg16_image,476.781,462.9532710280373
1790649609,336,5,steady,vit_base_image,126.198,122.60061919504642
1790649609,336,5,steady,gpt2_p64_o64,1.456,0.232258064516129
1790649609,336,5,steady,gpt2_p512_o512,0.18,0.0853080568720379
1790649609,336,5,steady,llama_p1024_o128,0,0.0
1790649609,336,5,steady,llama_p2048_o64,0,0.0
1790649610,337,5,steady,resnet50_image,187.183,91.3690271927075
1790649610,337,5,steady,vgg16_image,476.781,462.9532710280373
1790649610,337,5,steady,vit_base_image,126.198,122.60061919504642
1790649610,337,5,steady,gpt2_p64_o64,1.456,0.232258064516129
1790649610,337,5,steady,gpt2_p512_o512,0.18,0.0853080568720379
1790649610,337,5,steady,llama_p1024_o128,0,0.0
1790649610,337,5,steady,llama_p2048_o64,0,0.0
1790649611,338,5,steady,resnet50_image,187.183,91.3690271927075
1790649611,338,5,steady,vgg16_image,476.781,462.9532710280373
1790649611,338,5,steady,vit_base_image,126.198,122.60061919504642
1790649611,338,5,steady,gpt2_p64_o64,1.456,0.232258064516129
1790649611,338,5,steady,gpt2_p512_o512,0.18,0.0853080568720379
1790649611,338,5,steady,llama_p1024_o128,0,0.0
1790649611,338,5,steady,llama_p2048_o64,0,0.0
1790649612,339,5,steady,resnet50_image,187.183,91.3690271927075
1790649612,339,5,steady,vgg16_image,476.781,462.9532710280373
1790649612,339,5,steady,vit_base_image,126.198,122.60061919504642
1790649612,339,5,steady,gpt2_p64_o64,1.456,0.232258064516129
1790649612,339,5,steady,gpt2_p512_o512,0.18,0.0853080568720379
1790649612,339,5,steady,llama_p1024_o128,0,0.0
1790649612,339,5,steady,llama_p2048_o64,0,0.0
1790649613,340,5,steady,resnet50_image,187.183,91.3690271927075
1790649613,340,5,steady,vgg16_image,476.781,462.9532710280373
1790649613,340,5,steady,vit_base_image,126.198,122.60061919504642
1790649613,340,5,steady,gpt2_p64_o64,1.456,0.232258064516129
1790649613,340,5,steady,gpt2_p512_o512,0.18,0.0853080568720379
1790649613,340,5,steady,llama_p1024_o128,0,0.0
1790649613,340,5,steady,llama_p2048_o64,0,0.0
1790649614,341,5,steady,resnet50_image,187.183,91.3690271927075
1790649614,341,5,steady,vgg16_image,476.781,462.9532710280373
1790649614,341,5,steady,vit_base_image,126.198,122.60061919504642
1790649614,341,5,steady,gpt2_p64_o64,1.456,0.232258064516129
1790649614,341,5,steady,gpt2_p512_o512,0.18,0.0853080568720379
1790649614,341,5,steady,llama_p1024_o128,0,0.0
1790649614,341,5,steady,llama_p2048_o64,0,0.0
1790649615,342,5,steady,resnet50_image,187.183,91.3690271927075
1790649615,342,5,steady,vgg16_image,476.781,462.9532710280373
1790649615,342,5,steady,vit_base_image,126.198,122.60061919504642
1790649615,342,5,steady,gpt2_p64_o64,1.456,0.232258064516129
1790649615,342,5,steady,gpt2_p512_o512,0.18,0.0853080568720379
1790649615,342,5,steady,llama_p1024_o128,0,0.0
1790649615,342,5,steady,llama_p2048_o64,0,0.0
1790649616,343,5,steady,resnet50_image,187.183,91.3690271927075
1790649616,343,5,steady,vgg16_image,476.781,462.9532710280373
1790649616,343,5,steady,vit_base_image,126.198,122.60061919504642
1790649616,343,5,steady,gpt2_p64_o64,1.456,0.232258064516129
1790649616,343,5,steady,gpt2_p512_o512,0.18,0.0853080568720379
1790649616,343,5,steady,llama_p1024_o128,0,0.0
1790649616,343,5,steady,llama_p2048_o64,0,0.0
1790649617,344,5,steady,resnet50_image,187.183,91.3690271927075
1790649617,344,5,steady,vgg16_image,476.781,462.9532710280373
1790649617,344,5,steady,vit_base_image,126.198,122.60061919504642
1790649617,344,5,steady,gpt2_p64_o64,1.456,0.232258064516129
1790649617,344,5,steady,gpt2_p512_o512,0.18,0.0853080568720379
1790649617,344,5,steady,llama_p1024_o128,0,0.0
1790649617,344,5,steady,llama_p2048_o64,0,0.0
1790649618,345,5,steady,resnet50_image,187.183,91.3690271927075
1790649618,345,5,steady,vgg16_image,476.781,462.9532710280373
1790649618,345,5,steady,vit_base_image,126.198,122.60061919504642
1790649618,345,5,steady,gpt2_p64_o64,1.456,0.232258064516129
1790649618,345,5,steady,gpt2_p512_o512,0.18,0.0853080568720379
1790649618,345,5,steady,llama_p1024_o128,0,0.0
1790649618,345,5,steady,llama_p2048_o64,0,0.0
1790649619,346,5,steady,resnet50_image,187.183,91.3690271927075
1790649619,346,5,steady,vgg16_image,476.781,462.9532710280373
1790649619,346,5,steady,vit_base_image,126.198,122.60061919504642
1790649619,346,5,steady,gpt2_p64_o64,1.456,0.232258064516129
1790649619,346,5,steady,gpt2_p512_o512,0.18,0.0853080568720379
1790649619,346,5,steady,llama_p1024_o128,0,0.0
1790649619,346,5,steady,llama_p2048_o64,0,0.0
1790649620,347,5,steady,resnet50_image,187.183,91.3690271927075
1790649620,347,5,steady,vgg16_image,476.781,462.9532710280373
1790649620,347,5,steady,vit_base_image,126.198,122.60061919504642
1790649620,347,5,steady,gpt2_p64_o64,1.456,0.232258064516129
1790649620,347,5,steady,gpt2_p512_o512,0.18,0.0853080568720379
1790649620,347,5,steady,llama_p1024_o128,0,0.0
1790649620,347,5,steady,llama_p2048_o64,0,0.0
1790649621,348,5,steady,resnet50_image,187.183,91.3690271927075
1790649621,348,5,steady,vgg16_image,476.781,462.9532710280373
1790649621,348,5,steady,vit_base_image,126.198,122.60061919504642
1790649621,348,5,steady,gpt2_p64_o64,1.456,0.232258064516129
1790649621,348,5,steady,gpt2_p512_o512,0.18,0.0853080568720379
1790649621,348,5,steady,llama_p1024_o128,0,0.0
1790649621,348,5,steady,llama_p2048_o64,0,0.0
1790649622,349,5,steady,resnet50_image,187.183,91.3690271927075
1790649622,349,5,steady,vgg16_image,476.781,462.9532710280373
1790649622,349,5,steady,vit_base_image,126.198,122.60061919504642
1790649622,349,5,steady,gpt2_p64_o64,1.456,0.232258064516129
1790649622,349,5,steady,gpt2_p512_o512,0.18,0.0853080568720379
1790649622,349,5,steady,llama_p1024_o128,0,0.0
1790649622,349,5,steady,llama_p2048_o64,0,0.0
1790649623,350,5,steady,resnet50_image,187.183,91.3690271927075
1790649623,350,5,steady,vgg16_image,476.781,462.9532710280373
1790649623,350,5,steady,vit_base_image,126.198,122.60061919504642
1790649623,350,5,steady,gpt2_p64_o64,1.456,0.232258064516129
1790649623,350,5,steady,gpt2_p512_o512,0.18,0.0853080568720379
1790649623,350,5,steady,llama_p1024_o128,0,0.0
1790649623,350,5,steady,llama_p2048_o64,0,0.0
1790649624,351,5,steady,resnet50_image,187.183,91.3690271927075
1790649624,351,5,steady,vgg16_image,476.781,462.9532710280373
1790649624,351,5,steady,vit_base_image,126.198,122.60061919504642
1790649624,351,5,steady,gpt2_p64_o64,1.456,0.232258064516129
1790649624,351,5,steady,gpt2_p512_o512,0.18,0.0853080568720379
1790649624,351,5,steady,llama_p1024_o128,0,0.0
1790649624,351,5,steady,llama_p2048_o64,0,0.0
1790649625,352,5,steady,resnet50_image,187.183,91.3690271927075
1790649625,352,5,steady,vgg16_image,476.781,462.9532710280373
1790649625,352,5,steady,vit_base_image,126.198,122.60061919504642
1790649625,352,5,steady,gpt2_p64_o64,1.456,0.232258064516129
1790649625,352,5,steady,gpt2_p512_o512,0.18,0.0853080568720379
1790649625,352,5,steady,llama_p1024_o128,0,0.0
1790649625,352,5,steady,llama_p2048_o64,0,0.0
1790649626,353,5,steady,resnet50_image,187.183,91.3690271927075
1790649626,353,5,steady,vgg16_image,476.781,462.9532710280373
1790649626,353,5,steady,vit_base_image,126.198,122.60061919504642
1790649626,353,5,steady,gpt2_p64_o64,1.456,0.232258064516129
1790649626,353,5,steady,gpt2_p512_o512,0.18,0.0853080568720379
1790649626,353,5,steady,llama_p1024_o128,0,0.0
1790649626,353,5,steady,llama_p2048_o64,0,0.0
1790649627,354,,,resnet50_image,187.183,
1790649627,354,,,vgg16_image,476.781,
1790649627,354,,,vit_base_image,126.198,
1790649627,354,,,gpt2_p64_o64,1.456,
1790649627,354,,,gpt2_p512_o512,0.18,
1790649627,354,,,llama_p1024_o128,0,
1790649627,354,,,llama_p2048_o64,0,
1790649628,355,,,resnet50_image,187.183,
1790649628,355,,,vgg16_image,476.781,
1790649628,355,,,vit_base_image,126.198,
1790649628,355,,,gpt2_p64_o64,1.456,
1790649628,355,,,gpt2_p512_o512,0.18,
1790649628,355,,,llama_p1024_o128,0,
1790649628,355,,,llama_p2048_o64,0,
1790649629,356,,,resnet50_image,187.183,
1790649629,356,,,vgg16_image,476.781,
1790649629,356,,,vit_base_image,126.198,
1790649629,356,,,gpt2_p64_o64,1.456,
1790649629,356,,,gpt2_p512_o512,0.18,
1790649629,356,,,llama_p1024_o128,0,
1790649629,356,,,llama_p2048_o64,0,
1790649630,357,,,resnet50_image,187.183,
1790649630,357,,,vgg16_image,476.781,
1790649630,357,,,vit_base_image,126.198,
1790649630,357,,,gpt2_p64_o64,1.456,
1790649630,357,,,gpt2_p512_o512,0.18,
1790649630,357,,,llama_p1024_o128,0,
1790649630,357,,,llama_p2048_o64,0,
1790649631,358,,,resnet50_image,187.183,
1790649631,358,,,vgg16_image,476.781,
1790649631,358,,,vit_base_image,126.198,
1790649631,358,,,gpt2_p64_o64,1.456,
1790649631,358,,,gpt2_p512_o512,0.18,
1790649631,358,,,llama_p1024_o128,0,
1790649631,358,,,llama_p2048_o64,0,
1790649632,359,,,resnet50_image,187.183,
1790649632,359,,,vgg16_image,476.781,
1790649632,359,,,vit_base_image,126.198,
1790649632,359,,,gpt2_p64_o64,1.456,
1790649632,359,,,gpt2_p512_o512,0.18,
1790649632,359,,,llama_p1024_o128,0,
1790649632,359,,,llama_p2048_o64,0,
1790649633,360,,,resnet50_image,187.183,
1790649633,360,,,vgg16_image,476.781,
1790649633,360,,,vit_base_image,126.198,
1790649633,360,,,gpt2_p64_o64,1.456,
1790649633,360,,,gpt2_p512_o512,0.18,
1790649633,360,,,llama_p1024_o128,0,
1790649633,360,,,llama_p2048_o64,0,
1790649634,361,6,transition,resnet50_image,187.183,66.79901619663318
1790649634,361,6,transition,vgg16_image,476.781,460.7999999999999
1790649634,361,6,transition,vit_base_image,126.198,73.56037151702786
1790649634,361,6,transition,gpt2_p64_o64,1.456,0.232258064516129
1790649634,361,6,transition,gpt2_p512_o512,0.18,0.0
1790649634,361,6,transition,llama_p1024_o128,0,0.0
1790649634,361,6,transition,llama_p2048_o64,0,0.0
1790649635,362,6,transition,resnet50_image,187.183,66.79901619663318
1790649635,362,6,transition,vgg16_image,476.781,460.7999999999999
1790649635,362,6,transition,vit_base_image,126.198,73.56037151702786
1790649635,362,6,transition,gpt2_p64_o64,1.456,0.232258064516129
1790649635,362,6,transition,gpt2_p512_o512,0.18,0.0
1790649635,362,6,transition,llama_p1024_o128,0,0.0
1790649635,362,6,transition,llama_p2048_o64,0,0.0
1790649636,363,6,transition,resnet50_image,187.183,66.79901619663318
1790649636,363,6,transition,vgg16_image,476.781,460.7999999999999
1790649636,363,6,transition,vit_base_image,126.198,73.56037151702786
1790649636,363,6,transition,gpt2_p64_o64,1.456,0.232258064516129
1790649636,363,6,transition,gpt2_p512_o512,0.18,0.0
1790649636,363,6,transition,llama_p1024_o128,0,0.0
1790649636,363,6,transition,llama_p2048_o64,0,0.0
1790649637,364,6,transition,resnet50_image,187.183,66.79901619663318
1790649637,364,6,transition,vgg16_image,476.781,460.7999999999999
1790649637,364,6,transition,vit_base_image,126.198,73.56037151702786
1790649637,364,6,transition,gpt2_p64_o64,1.456,0.232258064516129
1790649637,364,6,transition,gpt2_p512_o512,0.18,0.0
1790649637,364,6,transition,llama_p1024_o128,0,0.0
1790649637,364,6,transition,llama_p2048_o64,0,0.0
1790649638,365,6,transition,resnet50_image,187.183,66.79901619663318
1790649638,365,6,transition,vgg16_image,476.781,460.7999999999999
1790649638,365,6,transition,vit_base_image,126.198,73.56037151702786
1790649638,365,6,transition,gpt2_p64_o64,1.456,0.232258064516129
1790649638,365,6,transition,gpt2_p512_o512,0.18,0.0
1790649638,365,6,transition,llama_p1024_o128,0,0.0
1790649638,365,6,transition,llama_p2048_o64,0,0.0
1790649639,366,6,transition,resnet50_image,187.183,66.79901619663318
1790649639,366,6,transition,vgg16_image,476.781,460.7999999999999
1790649639,366,6,transition,vit_base_image,126.198,73.56037151702786
1790649639,366,6,transition,gpt2_p64_o64,1.456,0.232258064516129
1790649639,366,6,transition,gpt2_p512_o512,0.18,0.0
1790649639,366,6,transition,llama_p1024_o128,0,0.0
1790649639,366,6,transition,llama_p2048_o64,0,0.0
1790649640,367,6,transition,resnet50_image,187.183,66.79901619663318
1790649640,367,6,transition,vgg16_image,476.781,460.7999999999999
1790649640,367,6,transition,vit_base_image,126.198,73.56037151702786
1790649640,367,6,transition,gpt2_p64_o64,1.456,0.232258064516129
1790649640,367,6,transition,gpt2_p512_o512,0.18,0.0
1790649640,367,6,transition,llama_p1024_o128,0,0.0
1790649640,367,6,transition,llama_p2048_o64,0,0.0
1790649641,368,6,transition,resnet50_image,187.183,66.79901619663318
1790649641,368,6,transition,vgg16_image,476.781,460.7999999999999
1790649641,368,6,transition,vit_base_image,126.198,73.56037151702786
1790649641,368,6,transition,gpt2_p64_o64,1.456,0.232258064516129
1790649641,368,6,transition,gpt2_p512_o512,0.18,0.0
1790649641,368,6,transition,llama_p1024_o128,0,0.0
1790649641,368,6,transition,llama_p2048_o64,0,0.0
1790649642,369,6,transition,resnet50_image,187.183,66.79901619663318
1790649642,369,6,transition,vgg16_image,476.781,460.7999999999999
1790649642,369,6,transition,vit_base_image,100.828,73.56037151702786
1790649642,369,6,transition,gpt2_p64_o64,1.456,0.232258064516129
1790649642,369,6,transition,gpt2_p512_o512,0.18,0.0
1790649642,369,6,transition,llama_p1024_o128,0,0.0
1790649642,369,6,transition,llama_p2048_o64,0,0.0
1790649643,370,6,transition,resnet50_image,187.183,66.79901619663318
1790649643,370,6,transition,vgg16_image,476.781,460.7999999999999
1790649643,370,6,transition,vit_base_image,100.828,73.56037151702786
1790649643,370,6,transition,gpt2_p64_o64,1.456,0.232258064516129
1790649643,370,6,transition,gpt2_p512_o512,0.18,0.0
1790649643,370,6,transition,llama_p1024_o128,0,0.0
1790649643,370,6,transition,llama_p2048_o64,0,0.0
1790649644,371,6,transition,resnet50_image,187.183,66.79901619663318
1790649644,371,6,transition,vgg16_image,476.781,460.7999999999999
1790649644,371,6,transition,vit_base_image,100.828,73.56037151702786
1790649644,371,6,transition,gpt2_p64_o64,1.456,0.232258064516129
1790649644,371,6,transition,gpt2_p512_o512,0.18,0.0
1790649644,371,6,transition,llama_p1024_o128,0,0.0
1790649644,371,6,transition,llama_p2048_o64,0,0.0
1790649645,372,6,transition,resnet50_image,187.183,66.79901619663318
1790649645,372,6,transition,vgg16_image,476.781,460.7999999999999
1790649645,372,6,transition,vit_base_image,100.828,73.56037151702786
1790649645,372,6,transition,gpt2_p64_o64,1.456,0.232258064516129
1790649645,372,6,transition,gpt2_p512_o512,0.18,0.0
1790649645,372,6,transition,llama_p1024_o128,0,0.0
1790649645,372,6,transition,llama_p2048_o64,0,0.0
1790649646,373,6,steady,resnet50_image,187.183,66.79901619663318
1790649646,373,6,steady,vgg16_image,476.781,460.7999999999999
1790649646,373,6,steady,vit_base_image,100.828,73.56037151702786
1790649646,373,6,steady,gpt2_p64_o64,1.456,0.232258064516129
1790649646,373,6,steady,gpt2_p512_o512,0.18,0.0
1790649646,373,6,steady,llama_p1024_o128,0,0.0
1790649646,373,6,steady,llama_p2048_o64,0,0.0
1790649647,374,6,steady,resnet50_image,187.183,66.79901619663318
1790649647,374,6,steady,vgg16_image,476.781,460.7999999999999
1790649647,374,6,steady,vit_base_image,100.828,73.56037151702786
1790649647,374,6,steady,gpt2_p64_o64,1.456,0.232258064516129
1790649647,374,6,steady,gpt2_p512_o512,0.18,0.0
1790649647,374,6,steady,llama_p1024_o128,0,0.0
1790649647,374,6,steady,llama_p2048_o64,0,0.0
1790649648,375,6,steady,resnet50_image,187.183,66.79901619663318
1790649648,375,6,steady,vgg16_image,476.781,460.7999999999999
1790649648,375,6,steady,vit_base_image,100.828,73.56037151702786
1790649648,375,6,steady,gpt2_p64_o64,1.456,0.232258064516129
1790649648,375,6,steady,gpt2_p512_o512,0.18,0.0
1790649648,375,6,steady,llama_p1024_o128,0,0.0
1790649648,375,6,steady,llama_p2048_o64,0,0.0
1790649649,376,6,steady,resnet50_image,187.183,66.79901619663318
1790649649,376,6,steady,vgg16_image,476.781,460.7999999999999
1790649649,376,6,steady,vit_base_image,100.828,73.56037151702786
1790649649,376,6,steady,gpt2_p64_o64,1.456,0.232258064516129
1790649649,376,6,steady,gpt2_p512_o512,0.18,0.0
1790649649,376,6,steady,llama_p1024_o128,0,0.0
1790649649,376,6,steady,llama_p2048_o64,0,0.0
1790649650,377,6,steady,resnet50_image,187.183,66.79901619663318
1790649650,377,6,steady,vgg16_image,476.781,460.7999999999999
1790649650,377,6,steady,vit_base_image,100.828,73.56037151702786
1790649650,377,6,steady,gpt2_p64_o64,1.456,0.232258064516129
1790649650,377,6,steady,gpt2_p512_o512,0.18,0.0
1790649650,377,6,steady,llama_p1024_o128,0,0.0
1790649650,377,6,steady,llama_p2048_o64,0,0.0
1790649651,378,6,steady,resnet50_image,187.183,66.79901619663318
1790649651,378,6,steady,vgg16_image,476.781,460.7999999999999
1790649651,378,6,steady,vit_base_image,100.828,73.56037151702786
1790649651,378,6,steady,gpt2_p64_o64,1.456,0.232258064516129
1790649651,378,6,steady,gpt2_p512_o512,0.18,0.0
1790649651,378,6,steady,llama_p1024_o128,0,0.0
1790649651,378,6,steady,llama_p2048_o64,0,0.0
1790649652,379,6,steady,resnet50_image,187.183,66.79901619663318
1790649652,379,6,steady,vgg16_image,476.781,460.7999999999999
1790649652,379,6,steady,vit_base_image,100.828,73.56037151702786
1790649652,379,6,steady,gpt2_p64_o64,1.456,0.232258064516129
1790649652,379,6,steady,gpt2_p512_o512,0.18,0.0
1790649652,379,6,steady,llama_p1024_o128,0,0.0
1790649652,379,6,steady,llama_p2048_o64,0,0.0
1790649653,380,6,steady,resnet50_image,187.183,66.79901619663318
1790649653,380,6,steady,vgg16_image,476.781,460.7999999999999
1790649653,380,6,steady,vit_base_image,100.828,73.56037151702786
1790649653,380,6,steady,gpt2_p64_o64,1.456,0.232258064516129
1790649653,380,6,steady,gpt2_p512_o512,0.18,0.0
1790649653,380,6,steady,llama_p1024_o128,0,0.0
1790649653,380,6,steady,llama_p2048_o64,0,0.0
1790649654,381,6,steady,resnet50_image,187.183,66.79901619663318
1790649654,381,6,steady,vgg16_image,476.781,460.7999999999999
1790649654,381,6,steady,vit_base_image,100.828,73.56037151702786
1790649654,381,6,steady,gpt2_p64_o64,1.456,0.232258064516129
1790649654,381,6,steady,gpt2_p512_o512,0.18,0.0
1790649654,381,6,steady,llama_p1024_o128,0,0.0
1790649654,381,6,steady,llama_p2048_o64,0,0.0
1790649655,382,6,steady,resnet50_image,187.183,66.79901619663318
1790649655,382,6,steady,vgg16_image,476.781,460.7999999999999
1790649655,382,6,steady,vit_base_image,100.828,73.56037151702786
1790649655,382,6,steady,gpt2_p64_o64,1.456,0.232258064516129
1790649655,382,6,steady,gpt2_p512_o512,0.18,0.0
1790649655,382,6,steady,llama_p1024_o128,0,0.0
1790649655,382,6,steady,llama_p2048_o64,0,0.0
1790649656,383,6,steady,resnet50_image,187.183,66.79901619663318
1790649656,383,6,steady,vgg16_image,476.781,460.7999999999999
1790649656,383,6,steady,vit_base_image,100.828,73.56037151702786
1790649656,383,6,steady,gpt2_p64_o64,1.456,0.232258064516129
1790649656,383,6,steady,gpt2_p512_o512,0.18,0.0
1790649656,383,6,steady,llama_p1024_o128,0,0.0
1790649656,383,6,steady,llama_p2048_o64,0,0.0
1790649657,384,6,steady,resnet50_image,187.183,66.79901619663318
1790649657,384,6,steady,vgg16_image,476.781,460.7999999999999
1790649657,384,6,steady,vit_base_image,100.828,73.56037151702786
1790649657,384,6,steady,gpt2_p64_o64,1.456,0.232258064516129
1790649657,384,6,steady,gpt2_p512_o512,0.18,0.0
1790649657,384,6,steady,llama_p1024_o128,0,0.0
1790649657,384,6,steady,llama_p2048_o64,0,0.0
1790649658,385,6,steady,resnet50_image,187.183,66.79901619663318
1790649658,385,6,steady,vgg16_image,476.781,460.7999999999999
1790649658,385,6,steady,vit_base_image,100.828,73.56037151702786
1790649658,385,6,steady,gpt2_p64_o64,1.456,0.232258064516129
1790649658,385,6,steady,gpt2_p512_o512,0.18,0.0
1790649658,385,6,steady,llama_p1024_o128,0,0.0
1790649658,385,6,steady,llama_p2048_o64,0,0.0
1790649659,386,6,steady,resnet50_image,187.183,66.79901619663318
1790649659,386,6,steady,vgg16_image,476.781,460.7999999999999
1790649659,386,6,steady,vit_base_image,100.828,73.56037151702786
1790649659,386,6,steady,gpt2_p64_o64,1.456,0.232258064516129
1790649659,386,6,steady,gpt2_p512_o512,0.18,0.0
1790649659,386,6,steady,llama_p1024_o128,0,0.0
1790649659,386,6,steady,llama_p2048_o64,0,0.0
1790649660,387,6,steady,resnet50_image,187.183,66.79901619663318
1790649660,387,6,steady,vgg16_image,476.781,460.7999999999999
1790649660,387,6,steady,vit_base_image,100.828,73.56037151702786
1790649660,387,6,steady,gpt2_p64_o64,1.456,0.232258064516129
1790649660,387,6,steady,gpt2_p512_o512,0.18,0.0
1790649660,387,6,steady,llama_p1024_o128,0,0.0
1790649660,387,6,steady,llama_p2048_o64,0,0.0
1790649661,388,6,steady,resnet50_image,187.183,66.79901619663318
1790649661,388,6,steady,vgg16_image,476.781,460.7999999999999
1790649661,388,6,steady,vit_base_image,100.828,73.56037151702786
1790649661,388,6,steady,gpt2_p64_o64,1.456,0.232258064516129
1790649661,388,6,steady,gpt2_p512_o512,0.18,0.0
1790649661,388,6,steady,llama_p1024_o128,0,0.0
1790649661,388,6,steady,llama_p2048_o64,0,0.0
1790649662,389,6,steady,resnet50_image,187.183,66.79901619663318
1790649662,389,6,steady,vgg16_image,476.781,460.7999999999999
1790649662,389,6,steady,vit_base_image,100.828,73.56037151702786
1790649662,389,6,steady,gpt2_p64_o64,1.456,0.232258064516129
1790649662,389,6,steady,gpt2_p512_o512,0.18,0.0
1790649662,389,6,steady,llama_p1024_o128,0,0.0
1790649662,389,6,steady,llama_p2048_o64,0,0.0
1790649663,390,6,steady,resnet50_image,187.183,66.79901619663318
1790649663,390,6,steady,vgg16_image,476.781,460.7999999999999
1790649663,390,6,steady,vit_base_image,100.828,73.56037151702786
1790649663,390,6,steady,gpt2_p64_o64,1.456,0.232258064516129
1790649663,390,6,steady,gpt2_p512_o512,0.18,0.0
1790649663,390,6,steady,llama_p1024_o128,0,0.0
1790649663,390,6,steady,llama_p2048_o64,0,0.0
1790649664,391,6,steady,resnet50_image,187.183,66.79901619663318
1790649664,391,6,steady,vgg16_image,476.781,460.7999999999999
1790649664,391,6,steady,vit_base_image,100.828,73.56037151702786
1790649664,391,6,steady,gpt2_p64_o64,1.456,0.232258064516129
1790649664,391,6,steady,gpt2_p512_o512,0.18,0.0
1790649664,391,6,steady,llama_p1024_o128,0,0.0
1790649664,391,6,steady,llama_p2048_o64,0,0.0
1790649665,392,6,steady,resnet50_image,187.183,66.79901619663318
1790649665,392,6,steady,vgg16_image,476.781,460.7999999999999
1790649665,392,6,steady,vit_base_image,100.828,73.56037151702786
1790649665,392,6,steady,gpt2_p64_o64,1.456,0.232258064516129
1790649665,392,6,steady,gpt2_p512_o512,0.18,0.0
1790649665,392,6,steady,llama_p1024_o128,0,0.0
1790649665,392,6,steady,llama_p2048_o64,0,0.0
1790649666,393,6,steady,resnet50_image,187.183,66.79901619663318
1790649666,393,6,steady,vgg16_image,476.781,460.7999999999999
1790649666,393,6,steady,vit_base_image,100.828,73.56037151702786
1790649666,393,6,steady,gpt2_p64_o64,1.456,0.232258064516129
1790649666,393,6,steady,gpt2_p512_o512,0.18,0.0
1790649666,393,6,steady,llama_p1024_o128,0,0.0
1790649666,393,6,steady,llama_p2048_o64,0,0.0
1790649667,394,6,steady,resnet50_image,187.183,66.79901619663318
1790649667,394,6,steady,vgg16_image,476.781,460.7999999999999
1790649667,394,6,steady,vit_base_image,100.828,73.56037151702786
1790649667,394,6,steady,gpt2_p64_o64,1.456,0.232258064516129
1790649667,394,6,steady,gpt2_p512_o512,0.18,0.0
1790649667,394,6,steady,llama_p1024_o128,0,0.0
1790649667,394,6,steady,llama_p2048_o64,0,0.0
1790649668,395,6,steady,resnet50_image,187.183,66.79901619663318
1790649668,395,6,steady,vgg16_image,476.781,460.7999999999999
1790649668,395,6,steady,vit_base_image,100.828,73.56037151702786
1790649668,395,6,steady,gpt2_p64_o64,1.456,0.232258064516129
1790649668,395,6,steady,gpt2_p512_o512,0.18,0.0
1790649668,395,6,steady,llama_p1024_o128,0,0.0
1790649668,395,6,steady,llama_p2048_o64,0,0.0
1790649669,396,6,steady,resnet50_image,187.183,66.79901619663318
1790649669,396,6,steady,vgg16_image,476.781,460.7999999999999
1790649669,396,6,steady,vit_base_image,100.828,73.56037151702786
1790649669,396,6,steady,gpt2_p64_o64,1.456,0.232258064516129
1790649669,396,6,steady,gpt2_p512_o512,0.18,0.0
1790649669,396,6,steady,llama_p1024_o128,0,0.0
1790649669,396,6,steady,llama_p2048_o64,0,0.0
1790649670,397,6,steady,resnet50_image,187.183,66.79901619663318
1790649670,397,6,steady,vgg16_image,476.781,460.7999999999999
1790649670,397,6,steady,vit_base_image,100.828,73.56037151702786
1790649670,397,6,steady,gpt2_p64_o64,1.456,0.232258064516129
1790649670,397,6,steady,gpt2_p512_o512,0.18,0.0
1790649670,397,6,steady,llama_p1024_o128,0,0.0
1790649670,397,6,steady,llama_p2048_o64,0,0.0
1790649671,398,6,steady,resnet50_image,187.183,66.79901619663318
1790649671,398,6,steady,vgg16_image,476.781,460.7999999999999
1790649671,398,6,steady,vit_base_image,100.828,73.56037151702786
1790649671,398,6,steady,gpt2_p64_o64,1.456,0.232258064516129
1790649671,398,6,steady,gpt2_p512_o512,0.18,0.0
1790649671,398,6,steady,llama_p1024_o128,0,0.0
1790649671,398,6,steady,llama_p2048_o64,0,0.0
1790649672,399,6,steady,resnet50_image,187.183,66.79901619663318
1790649672,399,6,steady,vgg16_image,476.781,460.7999999999999
1790649672,399,6,steady,vit_base_image,100.828,73.56037151702786
1790649672,399,6,steady,gpt2_p64_o64,1.456,0.232258064516129
1790649672,399,6,steady,gpt2_p512_o512,0.18,0.0
1790649672,399,6,steady,llama_p1024_o128,0,0.0
1790649672,399,6,steady,llama_p2048_o64,0,0.0
1790649673,400,6,steady,resnet50_image,187.183,66.79901619663318
1790649673,400,6,steady,vgg16_image,476.781,460.7999999999999
1790649673,400,6,steady,vit_base_image,100.828,73.56037151702786
1790649673,400,6,steady,gpt2_p64_o64,1.456,0.232258064516129
1790649673,400,6,steady,gpt2_p512_o512,0.18,0.0
1790649673,400,6,steady,llama_p1024_o128,0,0.0
1790649673,400,6,steady,llama_p2048_o64,0,0.0
1790649674,401,6,steady,resnet50_image,187.183,66.79901619663318
1790649674,401,6,steady,vgg16_image,476.781,460.7999999999999
1790649674,401,6,steady,vit_base_image,100.828,73.56037151702786
1790649674,401,6,steady,gpt2_p64_o64,1.456,0.232258064516129
1790649674,401,6,steady,gpt2_p512_o512,0.18,0.0
1790649674,401,6,steady,llama_p1024_o128,0,0.0
1790649674,401,6,steady,llama_p2048_o64,0,0.0
1790649675,402,6,steady,resnet50_image,187.183,66.79901619663318
1790649675,402,6,steady,vgg16_image,476.781,460.7999999999999
1790649675,402,6,steady,vit_base_image,100.828,73.56037151702786
1790649675,402,6,steady,gpt2_p64_o64,1.456,0.232258064516129
1790649675,402,6,steady,gpt2_p512_o512,0.18,0.0
1790649675,402,6,steady,llama_p1024_o128,0,0.0
1790649675,402,6,steady,llama_p2048_o64,0,0.0
1790649676,403,,,resnet50_image,187.183,
1790649676,403,,,vgg16_image,476.781,
1790649676,403,,,vit_base_image,100.828,
1790649676,403,,,gpt2_p64_o64,1.456,
1790649676,403,,,gpt2_p512_o512,0.18,
1790649676,403,,,llama_p1024_o128,0,
1790649676,403,,,llama_p2048_o64,0,
1790649677,404,,,resnet50_image,187.183,
1790649677,404,,,vgg16_image,476.781,
1790649677,404,,,vit_base_image,100.828,
1790649677,404,,,gpt2_p64_o64,1.456,
1790649677,404,,,gpt2_p512_o512,0.18,
1790649677,404,,,llama_p1024_o128,0,
1790649677,404,,,llama_p2048_o64,0,
1790649678,405,,,resnet50_image,187.183,
1790649678,405,,,vgg16_image,476.781,
1790649678,405,,,vit_base_image,100.828,
1790649678,405,,,gpt2_p64_o64,1.456,
1790649678,405,,,gpt2_p512_o512,0.18,
1790649678,405,,,llama_p1024_o128,0,
1790649678,405,,,llama_p2048_o64,0,
1790649679,406,,,resnet50_image,187.183,
1790649679,406,,,vgg16_image,476.781,
1790649679,406,,,vit_base_image,100.828,
1790649679,406,,,gpt2_p64_o64,1.456,
1790649679,406,,,gpt2_p512_o512,0.18,
1790649679,406,,,llama_p1024_o128,0,
1790649679,406,,,llama_p2048_o64,0,
1790649680,407,,,resnet50_image,187.183,
1790649680,407,,,vgg16_image,476.781,
1790649680,407,,,vit_base_image,100.828,
1790649680,407,,,gpt2_p64_o64,1.456,
1790649680,407,,,gpt2_p512_o512,0.18,
1790649680,407,,,llama_p1024_o128,0,
1790649680,407,,,llama_p2048_o64,0,
1790649681,408,,,resnet50_image,187.183,
1790649681,408,,,vgg16_image,476.781,
1790649681,408,,,vit_base_image,100.828,
1790649681,408,,,gpt2_p64_o64,1.456,
1790649681,408,,,gpt2_p512_o512,0.18,
1790649681,408,,,llama_p1024_o128,0,
1790649681,408,,,llama_p2048_o64,0,
1790649682,409,,,resnet50_image,187.183,
1790649682,409,,,vgg16_image,476.781,
1790649682,409,,,vit_base_image,100.828,
1790649682,409,,,gpt2_p64_o64,1.456,
1790649682,409,,,gpt2_p512_o512,0.18,
1790649682,409,,,llama_p1024_o128,0,
1790649682,409,,,llama_p2048_o64,0,
1790649683,410,7,transition,resnet50_image,187.183,57.53197095336495
1790649683,410,7,transition,vgg16_image,476.781,460.7999999999999
1790649683,410,7,transition,vit_base_image,100.828,73.56037151702786
1790649683,410,7,transition,gpt2_p64_o64,1.456,0.0
1790649683,410,7,transition,gpt2_p512_o512,0.18,0.0
1790649683,410,7,transition,llama_p1024_o128,0,0.0
1790649683,410,7,transition,llama_p2048_o64,0,0.0
1790649684,411,7,transition,resnet50_image,187.183,57.53197095336495
1790649684,411,7,transition,vgg16_image,476.781,460.7999999999999
1790649684,411,7,transition,vit_base_image,100.828,73.56037151702786
1790649684,411,7,transition,gpt2_p64_o64,1.456,0.0
1790649684,411,7,transition,gpt2_p512_o512,0.18,0.0
1790649684,411,7,transition,llama_p1024_o128,0,0.0
1790649684,411,7,transition,llama_p2048_o64,0,0.0
1790649685,412,7,transition,resnet50_image,187.183,57.53197095336495
1790649685,412,7,transition,vgg16_image,476.781,460.7999999999999
1790649685,412,7,transition,vit_base_image,100.828,73.56037151702786
1790649685,412,7,transition,gpt2_p64_o64,1.456,0.0
1790649685,412,7,transition,gpt2_p512_o512,0.18,0.0
1790649685,412,7,transition,llama_p1024_o128,0,0.0
1790649685,412,7,transition,llama_p2048_o64,0,0.0
1790649686,413,7,transition,resnet50_image,187.183,57.53197095336495
1790649686,413,7,transition,vgg16_image,476.781,460.7999999999999
1790649686,413,7,transition,vit_base_image,100.828,73.56037151702786
1790649686,413,7,transition,gpt2_p64_o64,1.456,0.0
1790649686,413,7,transition,gpt2_p512_o512,0.18,0.0
1790649686,413,7,transition,llama_p1024_o128,0,0.0
1790649686,413,7,transition,llama_p2048_o64,0,0.0
1790649687,414,7,transition,resnet50_image,187.183,57.53197095336495
1790649687,414,7,transition,vgg16_image,476.781,460.7999999999999
1790649687,414,7,transition,vit_base_image,100.828,73.56037151702786
1790649687,414,7,transition,gpt2_p64_o64,1.456,0.0
1790649687,414,7,transition,gpt2_p512_o512,0.18,0.0
1790649687,414,7,transition,llama_p1024_o128,0,0.0
1790649687,414,7,transition,llama_p2048_o64,0,0.0
1790649688,415,7,transition,resnet50_image,187.183,57.53197095336495
1790649688,415,7,transition,vgg16_image,476.781,460.7999999999999
1790649688,415,7,transition,vit_base_image,100.828,73.56037151702786
1790649688,415,7,transition,gpt2_p64_o64,1.456,0.0
1790649688,415,7,transition,gpt2_p512_o512,0.18,0.0
1790649688,415,7,transition,llama_p1024_o128,0,0.0
1790649688,415,7,transition,llama_p2048_o64,0,0.0
1790649689,416,7,transition,resnet50_image,187.183,57.53197095336495
1790649689,416,7,transition,vgg16_image,476.781,460.7999999999999
1790649689,416,7,transition,vit_base_image,100.828,73.56037151702786
1790649689,416,7,transition,gpt2_p64_o64,1.456,0.0
1790649689,416,7,transition,gpt2_p512_o512,0.18,0.0
1790649689,416,7,transition,llama_p1024_o128,0,0.0
1790649689,416,7,transition,llama_p2048_o64,0,0.0
1790649690,417,7,transition,resnet50_image,187.183,57.53197095336495
1790649690,417,7,transition,vgg16_image,476.781,460.7999999999999
1790649690,417,7,transition,vit_base_image,100.828,73.56037151702786
1790649690,417,7,transition,gpt2_p64_o64,1.456,0.0
1790649690,417,7,transition,gpt2_p512_o512,0.18,0.0
1790649690,417,7,transition,llama_p1024_o128,0,0.0
1790649690,417,7,transition,llama_p2048_o64,0,0.0
1790649691,418,7,transition,resnet50_image,187.183,57.53197095336495
1790649691,418,7,transition,vgg16_image,476.781,460.7999999999999
1790649691,418,7,transition,vit_base_image,126.198,73.56037151702786
1790649691,418,7,transition,gpt2_p64_o64,1.456,0.0
1790649691,418,7,transition,gpt2_p512_o512,0.18,0.0
1790649691,418,7,transition,llama_p1024_o128,0,0.0
1790649691,418,7,transition,llama_p2048_o64,0,0.0
1790649692,419,7,transition,resnet50_image,187.183,57.53197095336495
1790649692,419,7,transition,vgg16_image,476.781,460.7999999999999
1790649692,419,7,transition,vit_base_image,126.198,73.56037151702786
1790649692,419,7,transition,gpt2_p64_o64,1.456,0.0
1790649692,419,7,transition,gpt2_p512_o512,0.18,0.0
1790649692,419,7,transition,llama_p1024_o128,0,0.0
1790649692,419,7,transition,llama_p2048_o64,0,0.0
1790649693,420,7,transition,resnet50_image,187.183,57.53197095336495
1790649693,420,7,transition,vgg16_image,476.781,460.7999999999999
1790649693,420,7,transition,vit_base_image,126.198,73.56037151702786
1790649693,420,7,transition,gpt2_p64_o64,1.456,0.0
1790649693,420,7,transition,gpt2_p512_o512,0.18,0.0
1790649693,420,7,transition,llama_p1024_o128,0,0.0
1790649693,420,7,transition,llama_p2048_o64,0,0.0
1790649694,421,7,transition,resnet50_image,187.183,57.53197095336495
1790649694,421,7,transition,vgg16_image,476.781,460.7999999999999
1790649694,421,7,transition,vit_base_image,126.198,73.56037151702786
1790649694,421,7,transition,gpt2_p64_o64,1.456,0.0
1790649694,421,7,transition,gpt2_p512_o512,0.18,0.0
1790649694,421,7,transition,llama_p1024_o128,0,0.0
1790649694,421,7,transition,llama_p2048_o64,0,0.0
1790649695,422,7,steady,resnet50_image,187.183,57.53197095336495
1790649695,422,7,steady,vgg16_image,476.781,469.7719626168224
1790649695,422,7,steady,vit_base_image,126.198,122.60061919504642
1790649695,422,7,steady,gpt2_p64_o64,1.456,0.0
1790649695,422,7,steady,gpt2_p512_o512,0.18,0.0
1790649695,422,7,steady,llama_p1024_o128,0,0.0
1790649695,422,7,steady,llama_p2048_o64,0,0.0
1790649696,423,7,steady,resnet50_image,187.183,57.53197095336495
1790649696,423,7,steady,vgg16_image,476.781,469.7719626168224
1790649696,423,7,steady,vit_base_image,126.198,122.60061919504642
1790649696,423,7,steady,gpt2_p64_o64,1.456,0.0
1790649696,423,7,steady,gpt2_p512_o512,0.18,0.0
1790649696,423,7,steady,llama_p1024_o128,0,0.0
1790649696,423,7,steady,llama_p2048_o64,0,0.0
1790649697,424,7,steady,resnet50_image,187.183,57.53197095336495
1790649697,424,7,steady,vgg16_image,476.781,469.7719626168224
1790649697,424,7,steady,vit_base_image,126.198,122.60061919504642
1790649697,424,7,steady,gpt2_p64_o64,1.456,0.0
1790649697,424,7,steady,gpt2_p512_o512,0.18,0.0
1790649697,424,7,steady,llama_p1024_o128,0,0.0
1790649697,424,7,steady,llama_p2048_o64,0,0.0
1790649698,425,7,steady,resnet50_image,187.183,57.53197095336495
1790649698,425,7,steady,vgg16_image,476.781,469.7719626168224
1790649698,425,7,steady,vit_base_image,126.198,122.60061919504642
1790649698,425,7,steady,gpt2_p64_o64,1.456,0.0
1790649698,425,7,steady,gpt2_p512_o512,0.18,0.0
1790649698,425,7,steady,llama_p1024_o128,0,0.0
1790649698,425,7,steady,llama_p2048_o64,0,0.0
1790649699,426,7,steady,resnet50_image,187.183,57.53197095336495
1790649699,426,7,steady,vgg16_image,476.781,469.7719626168224
1790649699,426,7,steady,vit_base_image,126.198,122.60061919504642
1790649699,426,7,steady,gpt2_p64_o64,1.456,0.0
1790649699,426,7,steady,gpt2_p512_o512,0.18,0.0
1790649699,426,7,steady,llama_p1024_o128,0,0.0
1790649699,426,7,steady,llama_p2048_o64,0,0.0
1790649700,427,7,steady,resnet50_image,187.183,57.53197095336495
1790649700,427,7,steady,vgg16_image,476.781,469.7719626168224
1790649700,427,7,steady,vit_base_image,126.198,122.60061919504642
1790649700,427,7,steady,gpt2_p64_o64,1.456,0.0
1790649700,427,7,steady,gpt2_p512_o512,0.18,0.0
1790649700,427,7,steady,llama_p1024_o128,0,0.0
1790649700,427,7,steady,llama_p2048_o64,0,0.0
1790649701,428,7,steady,resnet50_image,187.183,57.53197095336495
1790649701,428,7,steady,vgg16_image,476.781,469.7719626168224
1790649701,428,7,steady,vit_base_image,126.198,122.60061919504642
1790649701,428,7,steady,gpt2_p64_o64,1.456,0.0
1790649701,428,7,steady,gpt2_p512_o512,0.18,0.0
1790649701,428,7,steady,llama_p1024_o128,0,0.0
1790649701,428,7,steady,llama_p2048_o64,0,0.0
1790649702,429,7,steady,resnet50_image,187.183,57.53197095336495
1790649702,429,7,steady,vgg16_image,476.781,469.7719626168224
1790649702,429,7,steady,vit_base_image,126.198,122.60061919504642
1790649702,429,7,steady,gpt2_p64_o64,1.456,0.0
1790649702,429,7,steady,gpt2_p512_o512,0.18,0.0
1790649702,429,7,steady,llama_p1024_o128,0,0.0
1790649702,429,7,steady,llama_p2048_o64,0,0.0
1790649703,430,7,steady,resnet50_image,187.183,57.53197095336495
1790649703,430,7,steady,vgg16_image,476.781,469.7719626168224
1790649703,430,7,steady,vit_base_image,126.198,122.60061919504642
1790649703,430,7,steady,gpt2_p64_o64,1.456,0.0
1790649703,430,7,steady,gpt2_p512_o512,0.18,0.0
1790649703,430,7,steady,llama_p1024_o128,0,0.0
1790649703,430,7,steady,llama_p2048_o64,0,0.0
1790649704,431,7,steady,resnet50_image,187.183,57.53197095336495
1790649704,431,7,steady,vgg16_image,476.781,469.7719626168224
1790649704,431,7,steady,vit_base_image,126.198,122.60061919504642
1790649704,431,7,steady,gpt2_p64_o64,1.456,0.0
1790649704,431,7,steady,gpt2_p512_o512,0.18,0.0
1790649704,431,7,steady,llama_p1024_o128,0,0.0
1790649704,431,7,steady,llama_p2048_o64,0,0.0
1790649705,432,7,steady,resnet50_image,187.183,57.53197095336495
1790649705,432,7,steady,vgg16_image,476.781,469.7719626168224
1790649705,432,7,steady,vit_base_image,126.198,122.60061919504642
1790649705,432,7,steady,gpt2_p64_o64,1.456,0.0
1790649705,432,7,steady,gpt2_p512_o512,0.18,0.0
1790649705,432,7,steady,llama_p1024_o128,0,0.0
1790649705,432,7,steady,llama_p2048_o64,0,0.0
1790649706,433,7,steady,resnet50_image,187.183,57.53197095336495
1790649706,433,7,steady,vgg16_image,476.781,469.7719626168224
1790649706,433,7,steady,vit_base_image,126.198,122.60061919504642
1790649706,433,7,steady,gpt2_p64_o64,1.456,0.0
1790649706,433,7,steady,gpt2_p512_o512,0.18,0.0
1790649706,433,7,steady,llama_p1024_o128,0,0.0
1790649706,433,7,steady,llama_p2048_o64,0,0.0
1790649707,434,7,steady,resnet50_image,187.183,57.53197095336495
1790649707,434,7,steady,vgg16_image,476.781,469.7719626168224
1790649707,434,7,steady,vit_base_image,126.198,122.60061919504642
1790649707,434,7,steady,gpt2_p64_o64,1.456,0.0
1790649707,434,7,steady,gpt2_p512_o512,0.18,0.0
1790649707,434,7,steady,llama_p1024_o128,0,0.0
1790649707,434,7,steady,llama_p2048_o64,0,0.0
1790649708,435,7,steady,resnet50_image,187.183,57.53197095336495
1790649708,435,7,steady,vgg16_image,476.781,469.7719626168224
1790649708,435,7,steady,vit_base_image,126.198,122.60061919504642
1790649708,435,7,steady,gpt2_p64_o64,1.456,0.0
1790649708,435,7,steady,gpt2_p512_o512,0.18,0.0
1790649708,435,7,steady,llama_p1024_o128,0,0.0
1790649708,435,7,steady,llama_p2048_o64,0,0.0
1790649709,436,7,steady,resnet50_image,187.183,57.53197095336495
1790649709,436,7,steady,vgg16_image,476.781,469.7719626168224
1790649709,436,7,steady,vit_base_image,126.198,122.60061919504642
1790649709,436,7,steady,gpt2_p64_o64,1.456,0.0
1790649709,436,7,steady,gpt2_p512_o512,0.18,0.0
1790649709,436,7,steady,llama_p1024_o128,0,0.0
1790649709,436,7,steady,llama_p2048_o64,0,0.0
1790649710,437,7,steady,resnet50_image,187.183,57.53197095336495
1790649710,437,7,steady,vgg16_image,476.781,469.7719626168224
1790649710,437,7,steady,vit_base_image,126.198,122.60061919504642
1790649710,437,7,steady,gpt2_p64_o64,1.456,0.0
1790649710,437,7,steady,gpt2_p512_o512,0.18,0.0
1790649710,437,7,steady,llama_p1024_o128,0,0.0
1790649710,437,7,steady,llama_p2048_o64,0,0.0
1790649711,438,7,steady,resnet50_image,187.183,57.53197095336495
1790649711,438,7,steady,vgg16_image,476.781,469.7719626168224
1790649711,438,7,steady,vit_base_image,126.198,122.60061919504642
1790649711,438,7,steady,gpt2_p64_o64,1.456,0.0
1790649711,438,7,steady,gpt2_p512_o512,0.18,0.0
1790649711,438,7,steady,llama_p1024_o128,0,0.0
1790649711,438,7,steady,llama_p2048_o64,0,0.0
1790649712,439,7,steady,resnet50_image,187.183,57.53197095336495
1790649712,439,7,steady,vgg16_image,476.781,469.7719626168224
1790649712,439,7,steady,vit_base_image,126.198,122.60061919504642
1790649712,439,7,steady,gpt2_p64_o64,1.456,0.0
1790649712,439,7,steady,gpt2_p512_o512,0.18,0.0
1790649712,439,7,steady,llama_p1024_o128,0,0.0
1790649712,439,7,steady,llama_p2048_o64,0,0.0
1790649713,440,7,steady,resnet50_image,187.183,57.53197095336495
1790649713,440,7,steady,vgg16_image,476.781,469.7719626168224
1790649713,440,7,steady,vit_base_image,126.198,122.60061919504642
1790649713,440,7,steady,gpt2_p64_o64,1.456,0.0
1790649713,440,7,steady,gpt2_p512_o512,0.18,0.0
1790649713,440,7,steady,llama_p1024_o128,0,0.0
1790649713,440,7,steady,llama_p2048_o64,0,0.0
1790649714,441,7,steady,resnet50_image,187.183,57.53197095336495
1790649714,441,7,steady,vgg16_image,476.781,469.7719626168224
1790649714,441,7,steady,vit_base_image,126.198,122.60061919504642
1790649714,441,7,steady,gpt2_p64_o64,1.456,0.0
1790649714,441,7,steady,gpt2_p512_o512,0.18,0.0
1790649714,441,7,steady,llama_p1024_o128,0,0.0
1790649714,441,7,steady,llama_p2048_o64,0,0.0
1790649715,442,7,steady,resnet50_image,187.183,57.53197095336495
1790649715,442,7,steady,vgg16_image,476.781,469.7719626168224
1790649715,442,7,steady,vit_base_image,126.198,122.60061919504642
1790649715,442,7,steady,gpt2_p64_o64,1.456,0.0
1790649715,442,7,steady,gpt2_p512_o512,0.18,0.0
1790649715,442,7,steady,llama_p1024_o128,0,0.0
1790649715,442,7,steady,llama_p2048_o64,0,0.0
1790649716,443,7,steady,resnet50_image,187.183,57.53197095336495
1790649716,443,7,steady,vgg16_image,476.781,469.7719626168224
1790649716,443,7,steady,vit_base_image,126.198,122.60061919504642
1790649716,443,7,steady,gpt2_p64_o64,1.456,0.0
1790649716,443,7,steady,gpt2_p512_o512,0.18,0.0
1790649716,443,7,steady,llama_p1024_o128,0,0.0
1790649716,443,7,steady,llama_p2048_o64,0,0.0
1790649717,444,7,steady,resnet50_image,187.183,57.53197095336495
1790649717,444,7,steady,vgg16_image,476.781,469.7719626168224
1790649717,444,7,steady,vit_base_image,126.198,122.60061919504642
1790649717,444,7,steady,gpt2_p64_o64,1.456,0.0
1790649717,444,7,steady,gpt2_p512_o512,0.18,0.0
1790649717,444,7,steady,llama_p1024_o128,0,0.0
1790649717,444,7,steady,llama_p2048_o64,0,0.0
1790649718,445,7,steady,resnet50_image,187.183,57.53197095336495
1790649718,445,7,steady,vgg16_image,476.781,469.7719626168224
1790649718,445,7,steady,vit_base_image,126.198,122.60061919504642
1790649718,445,7,steady,gpt2_p64_o64,1.456,0.0
1790649718,445,7,steady,gpt2_p512_o512,0.18,0.0
1790649718,445,7,steady,llama_p1024_o128,0,0.0
1790649718,445,7,steady,llama_p2048_o64,0,0.0
1790649719,446,7,steady,resnet50_image,187.183,57.53197095336495
1790649719,446,7,steady,vgg16_image,476.781,469.7719626168224
1790649719,446,7,steady,vit_base_image,126.198,122.60061919504642
1790649719,446,7,steady,gpt2_p64_o64,1.456,0.0
1790649719,446,7,steady,gpt2_p512_o512,0.18,0.0
1790649719,446,7,steady,llama_p1024_o128,0,0.0
1790649719,446,7,steady,llama_p2048_o64,0,0.0
1790649720,447,7,steady,resnet50_image,187.183,57.53197095336495
1790649720,447,7,steady,vgg16_image,476.781,469.7719626168224
1790649720,447,7,steady,vit_base_image,126.198,122.60061919504642
1790649720,447,7,steady,gpt2_p64_o64,1.456,0.0
1790649720,447,7,steady,gpt2_p512_o512,0.18,0.0
1790649720,447,7,steady,llama_p1024_o128,0,0.0
1790649720,447,7,steady,llama_p2048_o64,0,0.0
1790649721,448,7,steady,resnet50_image,187.183,57.53197095336495
1790649721,448,7,steady,vgg16_image,476.781,469.7719626168224
1790649721,448,7,steady,vit_base_image,126.198,122.60061919504642
1790649721,448,7,steady,gpt2_p64_o64,1.456,0.0
1790649721,448,7,steady,gpt2_p512_o512,0.18,0.0
1790649721,448,7,steady,llama_p1024_o128,0,0.0
1790649721,448,7,steady,llama_p2048_o64,0,0.0
1790649722,449,7,steady,resnet50_image,187.183,57.53197095336495
1790649722,449,7,steady,vgg16_image,476.781,469.7719626168224
1790649722,449,7,steady,vit_base_image,126.198,122.60061919504642
1790649722,449,7,steady,gpt2_p64_o64,1.456,0.0
1790649722,449,7,steady,gpt2_p512_o512,0.18,0.0
1790649722,449,7,steady,llama_p1024_o128,0,0.0
1790649722,449,7,steady,llama_p2048_o64,0,0.0
1790649723,450,7,steady,resnet50_image,187.183,57.53197095336495
1790649723,450,7,steady,vgg16_image,476.781,469.7719626168224
1790649723,450,7,steady,vit_base_image,126.198,122.60061919504642
1790649723,450,7,steady,gpt2_p64_o64,1.456,0.0
1790649723,450,7,steady,gpt2_p512_o512,0.18,0.0
1790649723,450,7,steady,llama_p1024_o128,0,0.0
1790649723,450,7,steady,llama_p2048_o64,0,0.0
1790649724,451,7,steady,resnet50_image,187.183,57.53197095336495
1790649724,451,7,steady,vgg16_image,476.781,469.7719626168224
1790649724,451,7,steady,vit_base_image,126.198,122.60061919504642
1790649724,451,7,steady,gpt2_p64_o64,1.456,0.0
1790649724,451,7,steady,gpt2_p512_o512,0.18,0.0
1790649724,451,7,steady,llama_p1024_o128,0,0.0
1790649724,451,7,steady,llama_p2048_o64,0,0.0
1790649725,452,,,resnet50_image,187.183,
1790649725,452,,,vgg16_image,476.781,
1790649725,452,,,vit_base_image,126.198,
1790649725,452,,,gpt2_p64_o64,1.456,
1790649725,452,,,gpt2_p512_o512,0.18,
1790649725,452,,,llama_p1024_o128,0,
1790649725,452,,,llama_p2048_o64,0,
1790649726,453,,,resnet50_image,187.183,
1790649726,453,,,vgg16_image,476.781,
1790649726,453,,,vit_base_image,126.198,
1790649726,453,,,gpt2_p64_o64,1.456,
1790649726,453,,,gpt2_p512_o512,0.18,
1790649726,453,,,llama_p1024_o128,0,
1790649726,453,,,llama_p2048_o64,0,
1790649727,454,,,resnet50_image,187.183,
1790649727,454,,,vgg16_image,476.781,
1790649727,454,,,vit_base_image,126.198,
1790649727,454,,,gpt2_p64_o64,1.456,
1790649727,454,,,gpt2_p512_o512,0.18,
1790649727,454,,,llama_p1024_o128,0,
1790649727,454,,,llama_p2048_o64,0,
1790649728,455,,,resnet50_image,187.183,
1790649728,455,,,vgg16_image,476.781,
1790649728,455,,,vit_base_image,126.198,
1790649728,455,,,gpt2_p64_o64,1.456,
1790649728,455,,,gpt2_p512_o512,0.18,
1790649728,455,,,llama_p1024_o128,0,
1790649728,455,,,llama_p2048_o64,0,
1790649729,456,,,resnet50_image,187.183,
1790649729,456,,,vgg16_image,476.781,
1790649729,456,,,vit_base_image,126.198,
1790649729,456,,,gpt2_p64_o64,1.456,
1790649729,456,,,gpt2_p512_o512,0.18,
1790649729,456,,,llama_p1024_o128,0,
1790649729,456,,,llama_p2048_o64,0,
1790649730,457,,,resnet50_image,187.183,
1790649730,457,,,vgg16_image,476.781,
1790649730,457,,,vit_base_image,126.198,
1790649730,457,,,gpt2_p64_o64,1.456,
1790649730,457,,,gpt2_p512_o512,0.18,
1790649730,457,,,llama_p1024_o128,0,
1790649730,457,,,llama_p2048_o64,0,
1790649731,458,,,resnet50_image,187.183,
1790649731,458,,,vgg16_image,476.781,
1790649731,458,,,vit_base_image,126.198,
1790649731,458,,,gpt2_p64_o64,1.456,
1790649731,458,,,gpt2_p512_o512,0.18,
1790649731,458,,,llama_p1024_o128,0,
1790649731,458,,,llama_p2048_o64,0,
1790649732,459,8,transition,resnet50_image,187.183,57.53197095336495
1790649732,459,8,transition,vgg16_image,476.781,317.607476635514
1790649732,459,8,transition,vit_base_image,126.198,122.60061919504642
1790649732,459,8,transition,gpt2_p64_o64,1.456,0.0
1790649732,459,8,transition,gpt2_p512_o512,0.18,0.0
1790649732,459,8,transition,llama_p1024_o128,0,0.0
1790649732,459,8,transition,llama_p2048_o64,0,0.0
1790649733,460,8,transition,resnet50_image,187.183,57.53197095336495
1790649733,460,8,transition,vgg16_image,476.781,317.607476635514
1790649733,460,8,transition,vit_base_image,126.198,122.60061919504642
1790649733,460,8,transition,gpt2_p64_o64,1.456,0.0
1790649733,460,8,transition,gpt2_p512_o512,0.18,0.0
1790649733,460,8,transition,llama_p1024_o128,0,0.0
1790649733,460,8,transition,llama_p2048_o64,0,0.0
1790649734,461,8,transition,resnet50_image,187.183,57.53197095336495
1790649734,461,8,transition,vgg16_image,476.781,317.607476635514
1790649734,461,8,transition,vit_base_image,126.198,122.60061919504642
1790649734,461,8,transition,gpt2_p64_o64,1.456,0.0
1790649734,461,8,transition,gpt2_p512_o512,0.18,0.0
1790649734,461,8,transition,llama_p1024_o128,0,0.0
1790649734,461,8,transition,llama_p2048_o64,0,0.0
1790649735,462,8,transition,resnet50_image,187.183,57.53197095336495
1790649735,462,8,transition,vgg16_image,476.781,317.607476635514
1790649735,462,8,transition,vit_base_image,126.198,122.60061919504642
1790649735,462,8,transition,gpt2_p64_o64,1.456,0.0
1790649735,462,8,transition,gpt2_p512_o512,0.18,0.0
1790649735,462,8,transition,llama_p1024_o128,0,0.0
1790649735,462,8,transition,llama_p2048_o64,0,0.0
1790649736,463,8,transition,resnet50_image,187.183,57.53197095336495
1790649736,463,8,transition,vgg16_image,476.781,317.607476635514
1790649736,463,8,transition,vit_base_image,126.198,122.60061919504642
1790649736,463,8,transition,gpt2_p64_o64,1.456,0.0
1790649736,463,8,transition,gpt2_p512_o512,0.18,0.0
1790649736,463,8,transition,llama_p1024_o128,0,0.0
1790649736,463,8,transition,llama_p2048_o64,0,0.0
1790649737,464,8,transition,resnet50_image,187.183,57.53197095336495
1790649737,464,8,transition,vgg16_image,476.781,317.607476635514
1790649737,464,8,transition,vit_base_image,126.198,122.60061919504642
1790649737,464,8,transition,gpt2_p64_o64,1.456,0.0
1790649737,464,8,transition,gpt2_p512_o512,0.18,0.0
1790649737,464,8,transition,llama_p1024_o128,0,0.0
1790649737,464,8,transition,llama_p2048_o64,0,0.0
1790649738,465,8,transition,resnet50_image,187.183,57.53197095336495
1790649738,465,8,transition,vgg16_image,476.781,317.607476635514
1790649738,465,8,transition,vit_base_image,126.198,122.60061919504642
1790649738,465,8,transition,gpt2_p64_o64,1.456,0.0
1790649738,465,8,transition,gpt2_p512_o512,0.18,0.0
1790649738,465,8,transition,llama_p1024_o128,0,0.0
1790649738,465,8,transition,llama_p2048_o64,0,0.0
1790649739,466,8,transition,resnet50_image,187.183,57.53197095336495
1790649739,466,8,transition,vgg16_image,476.781,317.607476635514
1790649739,466,8,transition,vit_base_image,126.198,122.60061919504642
1790649739,466,8,transition,gpt2_p64_o64,1.456,0.0
1790649739,466,8,transition,gpt2_p512_o512,0.18,0.0
1790649739,466,8,transition,llama_p1024_o128,0,0.0
1790649739,466,8,transition,llama_p2048_o64,0,0.0
1790649740,467,8,transition,resnet50_image,187.183,57.53197095336495
1790649740,467,8,transition,vgg16_image,368.48,317.607476635514
1790649740,467,8,transition,vit_base_image,126.198,122.60061919504642
1790649740,467,8,transition,gpt2_p64_o64,1.456,0.0
1790649740,467,8,transition,gpt2_p512_o512,0.18,0.0
1790649740,467,8,transition,llama_p1024_o128,0,0.0
1790649740,467,8,transition,llama_p2048_o64,0,0.0
1790649741,468,8,transition,resnet50_image,187.183,57.53197095336495
1790649741,468,8,transition,vgg16_image,368.48,317.607476635514
1790649741,468,8,transition,vit_base_image,126.198,122.60061919504642
1790649741,468,8,transition,gpt2_p64_o64,1.456,0.0
1790649741,468,8,transition,gpt2_p512_o512,0.18,0.0
1790649741,468,8,transition,llama_p1024_o128,0,0.0
1790649741,468,8,transition,llama_p2048_o64,0,0.0
1790649742,469,8,steady,resnet50_image,187.183,82.23661214667806
1790649742,469,8,steady,vgg16_image,368.48,317.607476635514
1790649742,469,8,steady,vit_base_image,126.198,122.60061919504642
1790649742,469,8,steady,gpt2_p64_o64,1.456,0.0
1790649742,469,8,steady,gpt2_p512_o512,0.18,0.0
1790649742,469,8,steady,llama_p1024_o128,0,0.0
1790649742,469,8,steady,llama_p2048_o64,0,0.0
1790649743,470,8,steady,resnet50_image,187.183,82.23661214667806
1790649743,470,8,steady,vgg16_image,368.48,317.607476635514
1790649743,470,8,steady,vit_base_image,126.198,122.60061919504642
1790649743,470,8,steady,gpt2_p64_o64,1.456,0.0
1790649743,470,8,steady,gpt2_p512_o512,0.18,0.0
1790649743,470,8,steady,llama_p1024_o128,0,0.0
1790649743,470,8,steady,llama_p2048_o64,0,0.0
1790649744,471,8,steady,resnet50_image,187.183,82.23661214667806
1790649744,471,8,steady,vgg16_image,368.48,317.607476635514
1790649744,471,8,steady,vit_base_image,126.198,122.60061919504642
1790649744,471,8,steady,gpt2_p64_o64,1.456,0.0
1790649744,471,8,steady,gpt2_p512_o512,0.18,0.0
1790649744,471,8,steady,llama_p1024_o128,0,0.0
1790649744,471,8,steady,llama_p2048_o64,0,0.0
1790649745,472,8,steady,resnet50_image,187.183,82.23661214667806
1790649745,472,8,steady,vgg16_image,368.48,317.607476635514
1790649745,472,8,steady,vit_base_image,126.198,122.60061919504642
1790649745,472,8,steady,gpt2_p64_o64,1.456,0.0
1790649745,472,8,steady,gpt2_p512_o512,0.18,0.0
1790649745,472,8,steady,llama_p1024_o128,0,0.0
1790649745,472,8,steady,llama_p2048_o64,0,0.0
1790649746,473,8,steady,resnet50_image,187.183,82.23661214667806
1790649746,473,8,steady,vgg16_image,368.48,317.607476635514
1790649746,473,8,steady,vit_base_image,126.198,122.60061919504642
1790649746,473,8,steady,gpt2_p64_o64,1.456,0.0
1790649746,473,8,steady,gpt2_p512_o512,0.18,0.0
1790649746,473,8,steady,llama_p1024_o128,0,0.0
1790649746,473,8,steady,llama_p2048_o64,0,0.0
1790649747,474,8,steady,resnet50_image,187.183,82.23661214667806
1790649747,474,8,steady,vgg16_image,368.48,317.607476635514
1790649747,474,8,steady,vit_base_image,126.198,122.60061919504642
1790649747,474,8,steady,gpt2_p64_o64,1.456,0.0
1790649747,474,8,steady,gpt2_p512_o512,0.18,0.0
1790649747,474,8,steady,llama_p1024_o128,0,0.0
1790649747,474,8,steady,llama_p2048_o64,0,0.0
1790649748,475,8,steady,resnet50_image,187.183,82.23661214667806
1790649748,475,8,steady,vgg16_image,368.48,317.607476635514
1790649748,475,8,steady,vit_base_image,126.198,122.60061919504642
1790649748,475,8,steady,gpt2_p64_o64,1.456,0.0
1790649748,475,8,steady,gpt2_p512_o512,0.18,0.0
1790649748,475,8,steady,llama_p1024_o128,0,0.0
1790649748,475,8,steady,llama_p2048_o64,0,0.0
1790649749,476,8,steady,resnet50_image,187.183,82.23661214667806
1790649749,476,8,steady,vgg16_image,368.48,317.607476635514
1790649749,476,8,steady,vit_base_image,126.198,122.60061919504642
1790649749,476,8,steady,gpt2_p64_o64,1.456,0.0
1790649749,476,8,steady,gpt2_p512_o512,0.18,0.0
1790649749,476,8,steady,llama_p1024_o128,0,0.0
1790649749,476,8,steady,llama_p2048_o64,0,0.0
1790649750,477,8,steady,resnet50_image,187.183,82.23661214667806
1790649750,477,8,steady,vgg16_image,368.48,317.607476635514
1790649750,477,8,steady,vit_base_image,126.198,122.60061919504642
1790649750,477,8,steady,gpt2_p64_o64,1.456,0.0
1790649750,477,8,steady,gpt2_p512_o512,0.18,0.0
1790649750,477,8,steady,llama_p1024_o128,0,0.0
1790649750,477,8,steady,llama_p2048_o64,0,0.0
1790649751,478,8,steady,resnet50_image,187.183,82.23661214667806
1790649751,478,8,steady,vgg16_image,368.48,317.607476635514
1790649751,478,8,steady,vit_base_image,126.198,122.60061919504642
1790649751,478,8,steady,gpt2_p64_o64,1.456,0.0
1790649751,478,8,steady,gpt2_p512_o512,0.18,0.0
1790649751,478,8,steady,llama_p1024_o128,0,0.0
1790649751,478,8,steady,llama_p2048_o64,0,0.0
1790649752,479,8,steady,resnet50_image,187.183,82.23661214667806
1790649752,479,8,steady,vgg16_image,368.48,317.607476635514
1790649752,479,8,steady,vit_base_image,126.198,122.60061919504642
1790649752,479,8,steady,gpt2_p64_o64,1.456,0.0
1790649752,479,8,steady,gpt2_p512_o512,0.18,0.0
1790649752,479,8,steady,llama_p1024_o128,0,0.0
1790649752,479,8,steady,llama_p2048_o64,0,0.0
1790649753,480,8,steady,resnet50_image,187.183,82.23661214667806
1790649753,480,8,steady,vgg16_image,368.48,317.607476635514
1790649753,480,8,steady,vit_base_image,126.198,122.60061919504642
1790649753,480,8,steady,gpt2_p64_o64,1.456,0.0
1790649753,480,8,steady,gpt2_p512_o512,0.18,0.0
1790649753,480,8,steady,llama_p1024_o128,0,0.0
1790649753,480,8,steady,llama_p2048_o64,0,0.0
1790649754,481,8,steady,resnet50_image,187.183,82.23661214667806
1790649754,481,8,steady,vgg16_image,368.48,317.607476635514
1790649754,481,8,steady,vit_base_image,126.198,122.60061919504642
1790649754,481,8,steady,gpt2_p64_o64,1.456,0.0
1790649754,481,8,steady,gpt2_p512_o512,0.18,0.0
1790649754,481,8,steady,llama_p1024_o128,0,0.0
1790649754,481,8,steady,llama_p2048_o64,0,0.0
1790649755,482,8,steady,resnet50_image,187.183,82.23661214667806
1790649755,482,8,steady,vgg16_image,368.48,317.607476635514
1790649755,482,8,steady,vit_base_image,126.198,122.60061919504642
1790649755,482,8,steady,gpt2_p64_o64,1.456,0.0
1790649755,482,8,steady,gpt2_p512_o512,0.18,0.0
1790649755,482,8,steady,llama_p1024_o128,0,0.0
1790649755,482,8,steady,llama_p2048_o64,0,0.0
1790649756,483,8,steady,resnet50_image,187.183,82.23661214667806
1790649756,483,8,steady,vgg16_image,368.48,317.607476635514
1790649756,483,8,steady,vit_base_image,126.198,122.60061919504642
1790649756,483,8,steady,gpt2_p64_o64,1.456,0.0
1790649756,483,8,steady,gpt2_p512_o512,0.18,0.0
1790649756,483,8,steady,llama_p1024_o128,0,0.0
1790649756,483,8,steady,llama_p2048_o64,0,0.0
1790649757,484,8,steady,resnet50_image,187.183,82.23661214667806
1790649757,484,8,steady,vgg16_image,368.48,317.607476635514
1790649757,484,8,steady,vit_base_image,126.198,122.60061919504642
1790649757,484,8,steady,gpt2_p64_o64,1.456,0.0
1790649757,484,8,steady,gpt2_p512_o512,0.18,0.0
1790649757,484,8,steady,llama_p1024_o128,0,0.0
1790649757,484,8,steady,llama_p2048_o64,0,0.0
1790649758,485,8,steady,resnet50_image,187.183,82.23661214667806
1790649758,485,8,steady,vgg16_image,368.48,317.607476635514
1790649758,485,8,steady,vit_base_image,126.198,122.60061919504642
1790649758,485,8,steady,gpt2_p64_o64,1.456,0.0
1790649758,485,8,steady,gpt2_p512_o512,0.18,0.0
1790649758,485,8,steady,llama_p1024_o128,0,0.0
1790649758,485,8,steady,llama_p2048_o64,0,0.0
1790649759,486,8,steady,resnet50_image,187.183,82.23661214667806
1790649759,486,8,steady,vgg16_image,368.48,317.607476635514
1790649759,486,8,steady,vit_base_image,126.198,122.60061919504642
1790649759,486,8,steady,gpt2_p64_o64,1.456,0.0
1790649759,486,8,steady,gpt2_p512_o512,0.18,0.0
1790649759,486,8,steady,llama_p1024_o128,0,0.0
1790649759,486,8,steady,llama_p2048_o64,0,0.0
1790649760,487,8,steady,resnet50_image,187.183,82.23661214667806
1790649760,487,8,steady,vgg16_image,368.48,317.607476635514
1790649760,487,8,steady,vit_base_image,126.198,122.60061919504642
1790649760,487,8,steady,gpt2_p64_o64,1.456,0.0
1790649760,487,8,steady,gpt2_p512_o512,0.18,0.0
1790649760,487,8,steady,llama_p1024_o128,0,0.0
1790649760,487,8,steady,llama_p2048_o64,0,0.0
1790649761,488,8,steady,resnet50_image,187.183,82.23661214667806
1790649761,488,8,steady,vgg16_image,368.48,317.607476635514
1790649761,488,8,steady,vit_base_image,126.198,122.60061919504642
1790649761,488,8,steady,gpt2_p64_o64,1.456,0.0
1790649761,488,8,steady,gpt2_p512_o512,0.18,0.0
1790649761,488,8,steady,llama_p1024_o128,0,0.0
1790649761,488,8,steady,llama_p2048_o64,0,0.0
1790649762,489,8,steady,resnet50_image,187.183,82.23661214667806
1790649762,489,8,steady,vgg16_image,368.48,317.607476635514
1790649762,489,8,steady,vit_base_image,126.198,122.60061919504642
1790649762,489,8,steady,gpt2_p64_o64,1.456,0.0
1790649762,489,8,steady,gpt2_p512_o512,0.18,0.0
1790649762,489,8,steady,llama_p1024_o128,0,0.0
1790649762,489,8,steady,llama_p2048_o64,0,0.0
1790649763,490,8,steady,resnet50_image,187.183,82.23661214667806
1790649763,490,8,steady,vgg16_image,368.48,317.607476635514
1790649763,490,8,steady,vit_base_image,126.198,122.60061919504642
1790649763,490,8,steady,gpt2_p64_o64,1.456,0.0
1790649763,490,8,steady,gpt2_p512_o512,0.18,0.0
1790649763,490,8,steady,llama_p1024_o128,0,0.0
1790649763,490,8,steady,llama_p2048_o64,0,0.0
1790649764,491,8,steady,resnet50_image,187.183,82.23661214667806
1790649764,491,8,steady,vgg16_image,368.48,317.607476635514
1790649764,491,8,steady,vit_base_image,126.198,122.60061919504642
1790649764,491,8,steady,gpt2_p64_o64,1.456,0.0
1790649764,491,8,steady,gpt2_p512_o512,0.18,0.0
1790649764,491,8,steady,llama_p1024_o128,0,0.0
1790649764,491,8,steady,llama_p2048_o64,0,0.0
1790649765,492,8,steady,resnet50_image,187.183,82.23661214667806
1790649765,492,8,steady,vgg16_image,368.48,317.607476635514
1790649765,492,8,steady,vit_base_image,126.198,122.60061919504642
1790649765,492,8,steady,gpt2_p64_o64,1.456,0.0
1790649765,492,8,steady,gpt2_p512_o512,0.18,0.0
1790649765,492,8,steady,llama_p1024_o128,0,0.0
1790649765,492,8,steady,llama_p2048_o64,0,0.0
1790649766,493,8,steady,resnet50_image,187.183,82.23661214667806
1790649766,493,8,steady,vgg16_image,368.48,317.607476635514
1790649766,493,8,steady,vit_base_image,126.198,122.60061919504642
1790649766,493,8,steady,gpt2_p64_o64,1.456,0.0
1790649766,493,8,steady,gpt2_p512_o512,0.18,0.0
1790649766,493,8,steady,llama_p1024_o128,0,0.0
1790649766,493,8,steady,llama_p2048_o64,0,0.0
1790649767,494,8,steady,resnet50_image,187.183,82.23661214667806
1790649767,494,8,steady,vgg16_image,368.48,317.607476635514
1790649767,494,8,steady,vit_base_image,126.198,122.60061919504642
1790649767,494,8,steady,gpt2_p64_o64,1.456,0.0
1790649767,494,8,steady,gpt2_p512_o512,0.18,0.0
1790649767,494,8,steady,llama_p1024_o128,0,0.0
1790649767,494,8,steady,llama_p2048_o64,0,0.0
1790649768,495,8,steady,resnet50_image,187.183,82.23661214667806
1790649768,495,8,steady,vgg16_image,368.48,317.607476635514
1790649768,495,8,steady,vit_base_image,126.198,122.60061919504642
1790649768,495,8,steady,gpt2_p64_o64,1.456,0.0
1790649768,495,8,steady,gpt2_p512_o512,0.18,0.0
1790649768,495,8,steady,llama_p1024_o128,0,0.0
1790649768,495,8,steady,llama_p2048_o64,0,0.0
1790649769,496,8,steady,resnet50_image,187.183,82.23661214667806
1790649769,496,8,steady,vgg16_image,368.48,317.607476635514
1790649769,496,8,steady,vit_base_image,126.198,122.60061919504642
1790649769,496,8,steady,gpt2_p64_o64,1.456,0.0
1790649769,496,8,steady,gpt2_p512_o512,0.18,0.0
1790649769,496,8,steady,llama_p1024_o128,0,0.0
1790649769,496,8,steady,llama_p2048_o64,0,0.0
1790649770,497,8,steady,resnet50_image,187.183,82.23661214667806
1790649770,497,8,steady,vgg16_image,368.48,317.607476635514
1790649770,497,8,steady,vit_base_image,126.198,122.60061919504642
1790649770,497,8,steady,gpt2_p64_o64,1.456,0.0
1790649770,497,8,steady,gpt2_p512_o512,0.18,0.0
1790649770,497,8,steady,llama_p1024_o128,0,0.0
1790649770,497,8,steady,llama_p2048_o64,0,0.0
1790649771,498,8,steady,resnet50_image,187.183,82.23661214667806
1790649771,498,8,steady,vgg16_image,368.48,317.607476635514
1790649771,498,8,steady,vit_base_image,126.198,122.60061919504642
1790649771,498,8,steady,gpt2_p64_o64,1.456,0.0
1790649771,498,8,steady,gpt2_p512_o512,0.18,0.0
1790649771,498,8,steady,llama_p1024_o128,0,0.0
1790649771,498,8,steady,llama_p2048_o64,0,0.0
1790649772,499,,,resnet50_image,187.183,
1790649772,499,,,vgg16_image,368.48,
1790649772,499,,,vit_base_image,126.198,
1790649772,499,,,gpt2_p64_o64,1.456,
1790649772,499,,,gpt2_p512_o512,0.18,
1790649772,499,,,llama_p1024_o128,0,
1790649772,499,,,llama_p2048_o64,0,
1790649773,500,,,resnet50_image,187.183,
1790649773,500,,,vgg16_image,368.48,
1790649773,500,,,vit_base_image,126.198,
1790649773,500,,,gpt2_p64_o64,1.456,
1790649773,500,,,gpt2_p512_o512,0.18,
1790649773,500,,,llama_p1024_o128,0,
1790649773,500,,,llama_p2048_o64,0,
1790649774,501,,,resnet50_image,187.183,
1790649774,501,,,vgg16_image,368.48,
1790649774,501,,,vit_base_image,126.198,
1790649774,501,,,gpt2_p64_o64,1.456,
1790649774,501,,,gpt2_p512_o512,0.18,
1790649774,501,,,llama_p1024_o128,0,
1790649774,501,,,llama_p2048_o64,0,
1790649775,502,,,resnet50_image,187.183,
1790649775,502,,,vgg16_image,368.48,
1790649775,502,,,vit_base_image,126.198,
1790649775,502,,,gpt2_p64_o64,1.456,
1790649775,502,,,gpt2_p512_o512,0.18,
1790649775,502,,,llama_p1024_o128,0,
1790649775,502,,,llama_p2048_o64,0,
1790649776,503,,,resnet50_image,187.183,
1790649776,503,,,vgg16_image,368.48,
1790649776,503,,,vit_base_image,126.198,
1790649776,503,,,gpt2_p64_o64,1.456,
1790649776,503,,,gpt2_p512_o512,0.18,
1790649776,503,,,llama_p1024_o128,0,
1790649776,503,,,llama_p2048_o64,0,
1790649777,504,,,resnet50_image,187.183,
1790649777,504,,,vgg16_image,368.48,
1790649777,504,,,vit_base_image,126.198,
1790649777,504,,,gpt2_p64_o64,1.456,
1790649777,504,,,gpt2_p512_o512,0.18,
1790649777,504,,,llama_p1024_o128,0,
1790649777,504,,,llama_p2048_o64,0,
1790649778,505,,,resnet50_image,187.183,
1790649778,505,,,vgg16_image,368.48,
1790649778,505,,,vit_base_image,126.198,
1790649778,505,,,gpt2_p64_o64,1.456,
1790649778,505,,,gpt2_p512_o512,0.18,
1790649778,505,,,llama_p1024_o128,0,
1790649778,505,,,llama_p2048_o64,0,
1790649779,506,,,resnet50_image,187.183,
1790649779,506,,,vgg16_image,368.48,
1790649779,506,,,vit_base_image,126.198,
1790649779,506,,,gpt2_p64_o64,1.456,
1790649779,506,,,gpt2_p512_o512,0.18,
1790649779,506,,,llama_p1024_o128,0,
1790649779,506,,,llama_p2048_o64,0,
1790649780,507,,,resnet50_image,187.183,
1790649780,507,,,vgg16_image,368.48,
1790649780,507,,,vit_base_image,126.198,
1790649780,507,,,gpt2_p64_o64,1.456,
1790649780,507,,,gpt2_p512_o512,0.18,
1790649780,507,,,llama_p1024_o128,0,
1790649780,507,,,llama_p2048_o64,0,
1790649781,508,,,resnet50_image,187.183,
1790649781,508,,,vgg16_image,368.48,
1790649781,508,,,vit_base_image,126.198,
1790649781,508,,,gpt2_p64_o64,1.456,
1790649781,508,,,gpt2_p512_o512,0.18,
1790649781,508,,,llama_p1024_o128,0,
1790649781,508,,,llama_p2048_o64,0,
1790649782,509,9,transition,resnet50_image,187.183,82.23661214667806
1790649782,509,9,transition,vgg16_image,368.48,317.607476635514
1790649782,509,9,transition,vit_base_image,126.198,122.60061919504642
1790649782,509,9,transition,gpt2_p64_o64,1.456,0.0
1790649782,509,9,transition,gpt2_p512_o512,0.18,0.0
1790649782,509,9,transition,llama_p1024_o128,0,0.0
1790649782,509,9,transition,llama_p2048_o64,0,0.0
1790649783,510,9,transition,resnet50_image,187.183,82.23661214667806
1790649783,510,9,transition,vgg16_image,368.48,317.607476635514
1790649783,510,9,transition,vit_base_image,126.198,122.60061919504642
1790649783,510,9,transition,gpt2_p64_o64,1.456,0.0
1790649783,510,9,transition,gpt2_p512_o512,0.18,0.0
1790649783,510,9,transition,llama_p1024_o128,0,0.0
1790649783,510,9,transition,llama_p2048_o64,0,0.0
1790649784,511,9,transition,resnet50_image,187.183,82.23661214667806
1790649784,511,9,transition,vgg16_image,368.48,317.607476635514
1790649784,511,9,transition,vit_base_image,126.198,122.60061919504642
1790649784,511,9,transition,gpt2_p64_o64,1.456,0.0
1790649784,511,9,transition,gpt2_p512_o512,0.18,0.0
1790649784,511,9,transition,llama_p1024_o128,0,0.0
1790649784,511,9,transition,llama_p2048_o64,0,0.0
1790649785,512,9,transition,resnet50_image,187.183,82.23661214667806
1790649785,512,9,transition,vgg16_image,368.48,317.607476635514
1790649785,512,9,transition,vit_base_image,126.198,122.60061919504642
1790649785,512,9,transition,gpt2_p64_o64,1.456,0.0
1790649785,512,9,transition,gpt2_p512_o512,0.18,0.0
1790649785,512,9,transition,llama_p1024_o128,0,0.0
1790649785,512,9,transition,llama_p2048_o64,0,0.0
1790649786,513,9,transition,resnet50_image,187.183,82.23661214667806
1790649786,513,9,transition,vgg16_image,368.48,317.607476635514
1790649786,513,9,transition,vit_base_image,126.198,122.60061919504642
1790649786,513,9,transition,gpt2_p64_o64,1.456,0.0
1790649786,513,9,transition,gpt2_p512_o512,0.18,0.0
1790649786,513,9,transition,llama_p1024_o128,0,0.0
1790649786,513,9,transition,llama_p2048_o64,0,0.0
1790649787,514,9,transition,resnet50_image,187.183,82.23661214667806
1790649787,514,9,transition,vgg16_image,368.48,317.607476635514
1790649787,514,9,transition,vit_base_image,126.198,122.60061919504642
1790649787,514,9,transition,gpt2_p64_o64,1.456,0.0
1790649787,514,9,transition,gpt2_p512_o512,0.18,0.0
1790649787,514,9,transition,llama_p1024_o128,0,0.0
1790649787,514,9,transition,llama_p2048_o64,0,0.0
1790649788,515,9,transition,resnet50_image,187.183,82.23661214667806
1790649788,515,9,transition,vgg16_image,368.48,317.607476635514
1790649788,515,9,transition,vit_base_image,126.198,122.60061919504642
1790649788,515,9,transition,gpt2_p64_o64,1.456,0.0
1790649788,515,9,transition,gpt2_p512_o512,0.18,0.0
1790649788,515,9,transition,llama_p1024_o128,0,0.0
1790649788,515,9,transition,llama_p2048_o64,0,0.0
1790649789,516,9,transition,resnet50_image,187.183,82.23661214667806
1790649789,516,9,transition,vgg16_image,368.48,317.607476635514
1790649789,516,9,transition,vit_base_image,126.198,122.60061919504642
1790649789,516,9,transition,gpt2_p64_o64,1.456,0.0
1790649789,516,9,transition,gpt2_p512_o512,0.18,0.0
1790649789,516,9,transition,llama_p1024_o128,0,0.0
1790649789,516,9,transition,llama_p2048_o64,0,0.0
1790649790,517,9,transition,resnet50_image,187.183,82.23661214667806
1790649790,517,9,transition,vgg16_image,476.781,317.607476635514
1790649790,517,9,transition,vit_base_image,126.198,122.60061919504642
1790649790,517,9,transition,gpt2_p64_o64,1.456,0.0
1790649790,517,9,transition,gpt2_p512_o512,0.18,0.0
1790649790,517,9,transition,llama_p1024_o128,0,0.0
1790649790,517,9,transition,llama_p2048_o64,0,0.0
1790649791,518,9,transition,resnet50_image,187.183,82.23661214667806
1790649791,518,9,transition,vgg16_image,476.781,317.607476635514
1790649791,518,9,transition,vit_base_image,126.198,122.60061919504642
1790649791,518,9,transition,gpt2_p64_o64,1.456,0.0
1790649791,518,9,transition,gpt2_p512_o512,0.18,0.0
1790649791,518,9,transition,llama_p1024_o128,0,0.0
1790649791,518,9,transition,llama_p2048_o64,0,0.0
1790649792,519,9,transition,resnet50_image,187.183,82.23661214667806
1790649792,519,9,transition,vgg16_image,476.781,317.607476635514
1790649792,519,9,transition,vit_base_image,126.198,122.60061919504642
1790649792,519,9,transition,gpt2_p64_o64,1.456,0.0
1790649792,519,9,transition,gpt2_p512_o512,0.18,0.0
1790649792,519,9,transition,llama_p1024_o128,0,0.0
1790649792,519,9,transition,llama_p2048_o64,0,0.0
1790649793,520,9,transition,resnet50_image,187.183,82.23661214667806
1790649793,520,9,transition,vgg16_image,476.781,317.607476635514
1790649793,520,9,transition,vit_base_image,126.198,122.60061919504642
1790649793,520,9,transition,gpt2_p64_o64,1.456,0.0
1790649793,520,9,transition,gpt2_p512_o512,0.18,0.0
1790649793,520,9,transition,llama_p1024_o128,0,0.0
1790649793,520,9,transition,llama_p2048_o64,0,0.0
1790649794,521,9,transition,resnet50_image,187.183,82.23661214667806
1790649794,521,9,transition,vgg16_image,476.781,317.607476635514
1790649794,521,9,transition,vit_base_image,126.198,122.60061919504642
1790649794,521,9,transition,gpt2_p64_o64,1.456,0.0
1790649794,521,9,transition,gpt2_p512_o512,0.18,0.0
1790649794,521,9,transition,llama_p1024_o128,0,0.0
1790649794,521,9,transition,llama_p2048_o64,0,0.0
1790649795,522,9,transition,resnet50_image,187.183,82.23661214667806
1790649795,522,9,transition,vgg16_image,476.781,317.607476635514
1790649795,522,9,transition,vit_base_image,126.198,122.60061919504642
1790649795,522,9,transition,gpt2_p64_o64,1.456,0.0
1790649795,522,9,transition,gpt2_p512_o512,0.18,0.0
1790649795,522,9,transition,llama_p1024_o128,0,0.0
1790649795,522,9,transition,llama_p2048_o64,0,0.0
1790649796,523,9,transition,resnet50_image,187.183,82.23661214667806
1790649796,523,9,transition,vgg16_image,476.781,317.607476635514
1790649796,523,9,transition,vit_base_image,126.198,122.60061919504642
1790649796,523,9,transition,gpt2_p64_o64,1.456,0.0
1790649796,523,9,transition,gpt2_p512_o512,0.18,0.0
1790649796,523,9,transition,llama_p1024_o128,0,0.0
1790649796,523,9,transition,llama_p2048_o64,0,0.0
1790649797,524,9,transition,resnet50_image,187.183,82.23661214667806
1790649797,524,9,transition,vgg16_image,476.781,317.607476635514
1790649797,524,9,transition,vit_base_image,126.198,122.60061919504642
1790649797,524,9,transition,gpt2_p64_o64,1.456,0.0
1790649797,524,9,transition,gpt2_p512_o512,0.18,0.0
1790649797,524,9,transition,llama_p1024_o128,0,0.0
1790649797,524,9,transition,llama_p2048_o64,0,0.0
1790649798,525,9,transition,resnet50_image,187.183,82.23661214667806
1790649798,525,9,transition,vgg16_image,476.781,317.607476635514
1790649798,525,9,transition,vit_base_image,126.198,122.60061919504642
1790649798,525,9,transition,gpt2_p64_o64,1.456,0.0
1790649798,525,9,transition,gpt2_p512_o512,0.18,0.0
1790649798,525,9,transition,llama_p1024_o128,0,0.0
1790649798,525,9,transition,llama_p2048_o64,0,0.0
1790649799,526,9,transition,resnet50_image,187.183,82.23661214667806
1790649799,526,9,transition,vgg16_image,476.781,317.607476635514
1790649799,526,9,transition,vit_base_image,126.198,122.60061919504642
1790649799,526,9,transition,gpt2_p64_o64,1.456,0.0
1790649799,526,9,transition,gpt2_p512_o512,0.18,0.0
1790649799,526,9,transition,llama_p1024_o128,0,0.0
1790649799,526,9,transition,llama_p2048_o64,0,0.0
1790649800,527,9,transition,resnet50_image,187.183,82.23661214667806
1790649800,527,9,transition,vgg16_image,476.781,317.607476635514
1790649800,527,9,transition,vit_base_image,126.198,122.60061919504642
1790649800,527,9,transition,gpt2_p64_o64,1.456,0.0
1790649800,527,9,transition,gpt2_p512_o512,0.18,0.0
1790649800,527,9,transition,llama_p1024_o128,0,0.0
1790649800,527,9,transition,llama_p2048_o64,0,0.0
1790649801,528,9,transition,resnet50_image,187.183,82.23661214667806
1790649801,528,9,transition,vgg16_image,476.781,317.607476635514
1790649801,528,9,transition,vit_base_image,126.198,122.60061919504642
1790649801,528,9,transition,gpt2_p64_o64,1.456,0.0
1790649801,528,9,transition,gpt2_p512_o512,0.18,0.0
1790649801,528,9,transition,llama_p1024_o128,0,0.0
1790649801,528,9,transition,llama_p2048_o64,0,0.0
1790649802,529,9,transition,resnet50_image,187.183,82.23661214667806
1790649802,529,9,transition,vgg16_image,476.781,317.607476635514
1790649802,529,9,transition,vit_base_image,126.198,122.60061919504642
1790649802,529,9,transition,gpt2_p64_o64,1.456,0.0
1790649802,529,9,transition,gpt2_p512_o512,0.18,0.0
1790649802,529,9,transition,llama_p1024_o128,0,0.0
1790649802,529,9,transition,llama_p2048_o64,0,0.0
1790649803,530,9,transition,resnet50_image,187.183,82.23661214667806
1790649803,530,9,transition,vgg16_image,476.781,317.607476635514
1790649803,530,9,transition,vit_base_image,126.198,122.60061919504642
1790649803,530,9,transition,gpt2_p64_o64,1.456,0.0
1790649803,530,9,transition,gpt2_p512_o512,0.18,0.0
1790649803,530,9,transition,llama_p1024_o128,0,0.0
1790649803,530,9,transition,llama_p2048_o64,0,0.0
1790649804,531,9,transition,resnet50_image,187.183,82.23661214667806
1790649804,531,9,transition,vgg16_image,476.781,317.607476635514
1790649804,531,9,transition,vit_base_image,126.198,122.60061919504642
1790649804,531,9,transition,gpt2_p64_o64,1.456,0.0
1790649804,531,9,transition,gpt2_p512_o512,0.18,0.0
1790649804,531,9,transition,llama_p1024_o128,0,0.0
1790649804,531,9,transition,llama_p2048_o64,0,0.0
1790649805,532,9,transition,resnet50_image,187.183,82.23661214667806
1790649805,532,9,transition,vgg16_image,476.781,317.607476635514
1790649805,532,9,transition,vit_base_image,126.198,122.60061919504642
1790649805,532,9,transition,gpt2_p64_o64,1.456,0.0
1790649805,532,9,transition,gpt2_p512_o512,0.18,0.0
1790649805,532,9,transition,llama_p1024_o128,0,0.0
1790649805,532,9,transition,llama_p2048_o64,0,0.0
1790649806,533,9,transition,resnet50_image,187.183,82.23661214667806
1790649806,533,9,transition,vgg16_image,476.781,317.607476635514
1790649806,533,9,transition,vit_base_image,126.198,122.60061919504642
1790649806,533,9,transition,gpt2_p64_o64,1.456,0.0
1790649806,533,9,transition,gpt2_p512_o512,0.18,0.0
1790649806,533,9,transition,llama_p1024_o128,0,0.0
1790649806,533,9,transition,llama_p2048_o64,0,0.0
1790649807,534,9,transition,resnet50_image,187.183,82.23661214667806
1790649807,534,9,transition,vgg16_image,476.781,317.607476635514
1790649807,534,9,transition,vit_base_image,126.198,122.60061919504642
1790649807,534,9,transition,gpt2_p64_o64,1.456,0.0
1790649807,534,9,transition,gpt2_p512_o512,0.18,0.0
1790649807,534,9,transition,llama_p1024_o128,0,0.0
1790649807,534,9,transition,llama_p2048_o64,0,0.0
1790649808,535,9,transition,resnet50_image,187.183,82.23661214667806
1790649808,535,9,transition,vgg16_image,476.781,317.607476635514
1790649808,535,9,transition,vit_base_image,126.198,122.60061919504642
1790649808,535,9,transition,gpt2_p64_o64,1.456,0.0
1790649808,535,9,transition,gpt2_p512_o512,0.18,0.0
1790649808,535,9,transition,llama_p1024_o128,0,0.0
1790649808,535,9,transition,llama_p2048_o64,0,0.0
1790649809,536,9,transition,resnet50_image,187.183,82.23661214667806
1790649809,536,9,transition,vgg16_image,476.781,317.607476635514
1790649809,536,9,transition,vit_base_image,126.198,122.60061919504642
1790649809,536,9,transition,gpt2_p64_o64,1.456,0.0
1790649809,536,9,transition,gpt2_p512_o512,0.18,0.0
1790649809,536,9,transition,llama_p1024_o128,0,0.0
1790649809,536,9,transition,llama_p2048_o64,0,0.0
1790649810,537,9,transition,resnet50_image,187.183,82.23661214667806
1790649810,537,9,transition,vgg16_image,476.781,317.607476635514
1790649810,537,9,transition,vit_base_image,126.198,122.60061919504642
1790649810,537,9,transition,gpt2_p64_o64,1.456,0.0
1790649810,537,9,transition,gpt2_p512_o512,0.18,0.0
1790649810,537,9,transition,llama_p1024_o128,0,0.0
1790649810,537,9,transition,llama_p2048_o64,0,0.0
1790649811,538,9,transition,resnet50_image,187.183,82.23661214667806
1790649811,538,9,transition,vgg16_image,476.781,317.607476635514
1790649811,538,9,transition,vit_base_image,126.198,122.60061919504642
1790649811,538,9,transition,gpt2_p64_o64,1.456,0.0
1790649811,538,9,transition,gpt2_p512_o512,0.18,0.0
1790649811,538,9,transition,llama_p1024_o128,0,0.0
1790649811,538,9,transition,llama_p2048_o64,0,0.0
1790649812,539,9,transition,resnet50_image,187.183,82.23661214667806
1790649812,539,9,transition,vgg16_image,476.781,317.607476635514
1790649812,539,9,transition,vit_base_image,126.198,122.60061919504642
1790649812,539,9,transition,gpt2_p64_o64,1.456,0.0
1790649812,539,9,transition,gpt2_p512_o512,0.18,0.0
1790649812,539,9,transition,llama_p1024_o128,0,0.0
1790649812,539,9,transition,llama_p2048_o64,0,0.0
1790649813,540,9,steady,resnet50_image,187.183,100.61363406976928
1790649813,540,9,steady,vgg16_image,476.781,474.79626168224297
1790649813,540,9,steady,vit_base_image,126.198,122.60061919504642
1790649813,540,9,steady,gpt2_p64_o64,1.456,0.232258064516129
1790649813,540,9,steady,gpt2_p512_o512,0.18,0.0853080568720379
1790649813,540,9,steady,llama_p1024_o128,0,0.0
1790649813,540,9,steady,llama_p2048_o64,0.655,0.1795511221945137
1790649814,541,9,steady,resnet50_image,187.183,100.61363406976928
1790649814,541,9,steady,vgg16_image,476.781,474.79626168224297
1790649814,541,9,steady,vit_base_image,126.198,122.60061919504642
1790649814,541,9,steady,gpt2_p64_o64,1.456,0.232258064516129
1790649814,541,9,steady,gpt2_p512_o512,0.18,0.0853080568720379
1790649814,541,9,steady,llama_p1024_o128,0,0.0
1790649814,541,9,steady,llama_p2048_o64,0.655,0.1795511221945137
1790649815,542,9,steady,resnet50_image,187.183,100.61363406976928
1790649815,542,9,steady,vgg16_image,476.781,474.79626168224297
1790649815,542,9,steady,vit_base_image,126.198,122.60061919504642
1790649815,542,9,steady,gpt2_p64_o64,1.456,0.232258064516129
1790649815,542,9,steady,gpt2_p512_o512,0.18,0.0853080568720379
1790649815,542,9,steady,llama_p1024_o128,0,0.0
1790649815,542,9,steady,llama_p2048_o64,0.655,0.1795511221945137
1790649816,543,9,steady,resnet50_image,187.183,100.61363406976928
1790649816,543,9,steady,vgg16_image,476.781,474.79626168224297
1790649816,543,9,steady,vit_base_image,126.198,122.60061919504642
1790649816,543,9,steady,gpt2_p64_o64,1.456,0.232258064516129
1790649816,543,9,steady,gpt2_p512_o512,0.18,0.0853080568720379
1790649816,543,9,steady,llama_p1024_o128,0,0.0
1790649816,543,9,steady,llama_p2048_o64,0.655,0.1795511221945137
1790649817,544,9,steady,resnet50_image,187.183,100.61363406976928
1790649817,544,9,steady,vgg16_image,476.781,474.79626168224297
1790649817,544,9,steady,vit_base_image,126.198,122.60061919504642
1790649817,544,9,steady,gpt2_p64_o64,1.456,0.232258064516129
1790649817,544,9,steady,gpt2_p512_o512,0.18,0.0853080568720379
1790649817,544,9,steady,llama_p1024_o128,0,0.0
1790649817,544,9,steady,llama_p2048_o64,0.655,0.1795511221945137
1790649818,545,9,steady,resnet50_image,187.183,100.61363406976928
1790649818,545,9,steady,vgg16_image,476.781,474.79626168224297
1790649818,545,9,steady,vit_base_image,126.198,122.60061919504642
1790649818,545,9,steady,gpt2_p64_o64,1.456,0.232258064516129
1790649818,545,9,steady,gpt2_p512_o512,0.18,0.0853080568720379
1790649818,545,9,steady,llama_p1024_o128,0,0.0
1790649818,545,9,steady,llama_p2048_o64,0.655,0.1795511221945137
1790649819,546,9,steady,resnet50_image,187.183,100.61363406976928
1790649819,546,9,steady,vgg16_image,476.781,474.79626168224297
1790649819,546,9,steady,vit_base_image,126.198,122.60061919504642
1790649819,546,9,steady,gpt2_p64_o64,1.456,0.232258064516129
1790649819,546,9,steady,gpt2_p512_o512,0.18,0.0853080568720379
1790649819,546,9,steady,llama_p1024_o128,0,0.0
1790649819,546,9,steady,llama_p2048_o64,0.655,0.1795511221945137
1790649820,547,9,steady,resnet50_image,187.183,100.61363406976928
1790649820,547,9,steady,vgg16_image,476.781,474.79626168224297
1790649820,547,9,steady,vit_base_image,126.198,122.60061919504642
1790649820,547,9,steady,gpt2_p64_o64,1.456,0.232258064516129
1790649820,547,9,steady,gpt2_p512_o512,0.18,0.0853080568720379
1790649820,547,9,steady,llama_p1024_o128,0,0.0
1790649820,547,9,steady,llama_p2048_o64,0.655,0.1795511221945137
1790649821,548,9,steady,resnet50_image,187.183,100.61363406976928
1790649821,548,9,steady,vgg16_image,476.781,474.79626168224297
1790649821,548,9,steady,vit_base_image,126.198,122.60061919504642
1790649821,548,9,steady,gpt2_p64_o64,1.456,0.232258064516129
1790649821,548,9,steady,gpt2_p512_o512,0.18,0.0853080568720379
1790649821,548,9,steady,llama_p1024_o128,0,0.0
1790649821,548,9,steady,llama_p2048_o64,0.655,0.1795511221945137
1790649822,549,9,steady,resnet50_image,187.183,100.61363406976928
1790649822,549,9,steady,vgg16_image,476.781,474.79626168224297
1790649822,549,9,steady,vit_base_image,126.198,122.60061919504642
1790649822,549,9,steady,gpt2_p64_o64,1.456,0.232258064516129
1790649822,549,9,steady,gpt2_p512_o512,0.18,0.0853080568720379
1790649822,549,9,steady,llama_p1024_o128,0,0.0
1790649822,549,9,steady,llama_p2048_o64,0.655,0.1795511221945137
1790649823,550,9,steady,resnet50_image,187.183,100.61363406976928
1790649823,550,9,steady,vgg16_image,476.781,474.79626168224297
1790649823,550,9,steady,vit_base_image,126.198,122.60061919504642
1790649823,550,9,steady,gpt2_p64_o64,1.456,0.232258064516129
1790649823,550,9,steady,gpt2_p512_o512,0.18,0.0853080568720379
1790649823,550,9,steady,llama_p1024_o128,0,0.0
1790649823,550,9,steady,llama_p2048_o64,0.655,0.1795511221945137
1790649824,551,9,steady,resnet50_image,187.183,100.61363406976928
1790649824,551,9,steady,vgg16_image,476.781,474.79626168224297
1790649824,551,9,steady,vit_base_image,126.198,122.60061919504642
1790649824,551,9,steady,gpt2_p64_o64,1.456,0.232258064516129
1790649824,551,9,steady,gpt2_p512_o512,0.18,0.0853080568720379
1790649824,551,9,steady,llama_p1024_o128,0,0.0
1790649824,551,9,steady,llama_p2048_o64,0.655,0.1795511221945137
1790649825,552,9,steady,resnet50_image,187.183,100.61363406976928
1790649825,552,9,steady,vgg16_image,476.781,474.79626168224297
1790649825,552,9,steady,vit_base_image,126.198,122.60061919504642
1790649825,552,9,steady,gpt2_p64_o64,1.456,0.232258064516129
1790649825,552,9,steady,gpt2_p512_o512,0.18,0.0853080568720379
1790649825,552,9,steady,llama_p1024_o128,0,0.0
1790649825,552,9,steady,llama_p2048_o64,0.655,0.1795511221945137
1790649826,553,9,steady,resnet50_image,187.183,100.61363406976928
1790649826,553,9,steady,vgg16_image,476.781,474.79626168224297
1790649826,553,9,steady,vit_base_image,126.198,122.60061919504642
1790649826,553,9,steady,gpt2_p64_o64,1.456,0.232258064516129
1790649826,553,9,steady,gpt2_p512_o512,0.18,0.0853080568720379
1790649826,553,9,steady,llama_p1024_o128,0,0.0
1790649826,553,9,steady,llama_p2048_o64,0.655,0.1795511221945137
1790649827,554,9,steady,resnet50_image,187.183,100.61363406976928
1790649827,554,9,steady,vgg16_image,476.781,474.79626168224297
1790649827,554,9,steady,vit_base_image,126.198,122.60061919504642
1790649827,554,9,steady,gpt2_p64_o64,1.456,0.232258064516129
1790649827,554,9,steady,gpt2_p512_o512,0.18,0.0853080568720379
1790649827,554,9,steady,llama_p1024_o128,0,0.0
1790649827,554,9,steady,llama_p2048_o64,0.655,0.1795511221945137
1790649828,555,9,steady,resnet50_image,187.183,100.61363406976928
1790649828,555,9,steady,vgg16_image,476.781,474.79626168224297
1790649828,555,9,steady,vit_base_image,126.198,122.60061919504642
1790649828,555,9,steady,gpt2_p64_o64,1.456,0.232258064516129
1790649828,555,9,steady,gpt2_p512_o512,0.18,0.0853080568720379
1790649828,555,9,steady,llama_p1024_o128,0,0.0
1790649828,555,9,steady,llama_p2048_o64,0.655,0.1795511221945137
1790649829,556,9,steady,resnet50_image,187.183,100.61363406976928
1790649829,556,9,steady,vgg16_image,476.781,474.79626168224297
1790649829,556,9,steady,vit_base_image,126.198,122.60061919504642
1790649829,556,9,steady,gpt2_p64_o64,1.456,0.232258064516129
1790649829,556,9,steady,gpt2_p512_o512,0.18,0.0853080568720379
1790649829,556,9,steady,llama_p1024_o128,0,0.0
1790649829,556,9,steady,llama_p2048_o64,0.655,0.1795511221945137
1790649830,557,9,steady,resnet50_image,187.183,100.61363406976928
1790649830,557,9,steady,vgg16_image,476.781,474.79626168224297
1790649830,557,9,steady,vit_base_image,126.198,122.60061919504642
1790649830,557,9,steady,gpt2_p64_o64,1.456,0.232258064516129
1790649830,557,9,steady,gpt2_p512_o512,0.18,0.0853080568720379
1790649830,557,9,steady,llama_p1024_o128,0,0.0
1790649830,557,9,steady,llama_p2048_o64,0.655,0.1795511221945137
1790649831,558,9,steady,resnet50_image,187.183,100.61363406976928
1790649831,558,9,steady,vgg16_image,476.781,474.79626168224297
1790649831,558,9,steady,vit_base_image,126.198,122.60061919504642
1790649831,558,9,steady,gpt2_p64_o64,1.456,0.232258064516129
1790649831,558,9,steady,gpt2_p512_o512,0.18,0.0853080568720379
1790649831,558,9,steady,llama_p1024_o128,0,0.0
1790649831,558,9,steady,llama_p2048_o64,0.655,0.1795511221945137
1790649832,559,9,steady,resnet50_image,187.183,100.61363406976928
1790649832,559,9,steady,vgg16_image,476.781,474.79626168224297
1790649832,559,9,steady,vit_base_image,126.198,122.60061919504642
1790649832,559,9,steady,gpt2_p64_o64,1.456,0.232258064516129
1790649832,559,9,steady,gpt2_p512_o512,0.18,0.0853080568720379
1790649832,559,9,steady,llama_p1024_o128,0,0.0
1790649832,559,9,steady,llama_p2048_o64,0.655,0.1795511221945137
1790649833,560,9,steady,resnet50_image,187.183,100.61363406976928
1790649833,560,9,steady,vgg16_image,476.781,474.79626168224297
1790649833,560,9,steady,vit_base_image,126.198,122.60061919504642
1790649833,560,9,steady,gpt2_p64_o64,1.456,0.232258064516129
1790649833,560,9,steady,gpt2_p512_o512,0.18,0.0853080568720379
1790649833,560,9,steady,llama_p1024_o128,0,0.0
1790649833,560,9,steady,llama_p2048_o64,0.655,0.1795511221945137
1790649834,561,9,steady,resnet50_image,187.183,100.61363406976928
1790649834,561,9,steady,vgg16_image,476.781,474.79626168224297
1790649834,561,9,steady,vit_base_image,126.198,122.60061919504642
1790649834,561,9,steady,gpt2_p64_o64,1.456,0.232258064516129
1790649834,561,9,steady,gpt2_p512_o512,0.18,0.0853080568720379
1790649834,561,9,steady,llama_p1024_o128,0,0.0
1790649834,561,9,steady,llama_p2048_o64,0.655,0.1795511221945137
1790649835,562,9,steady,resnet50_image,187.183,100.61363406976928
1790649835,562,9,steady,vgg16_image,476.781,474.79626168224297
1790649835,562,9,steady,vit_base_image,126.198,122.60061919504642
1790649835,562,9,steady,gpt2_p64_o64,1.456,0.232258064516129
1790649835,562,9,steady,gpt2_p512_o512,0.18,0.0853080568720379
1790649835,562,9,steady,llama_p1024_o128,0,0.0
1790649835,562,9,steady,llama_p2048_o64,0.655,0.1795511221945137
1790649836,563,9,steady,resnet50_image,187.183,100.61363406976928
1790649836,563,9,steady,vgg16_image,476.781,474.79626168224297
1790649836,563,9,steady,vit_base_image,126.198,122.60061919504642
1790649836,563,9,steady,gpt2_p64_o64,1.456,0.232258064516129
1790649836,563,9,steady,gpt2_p512_o512,0.18,0.0853080568720379
1790649836,563,9,steady,llama_p1024_o128,0,0.0
1790649836,563,9,steady,llama_p2048_o64,0.655,0.1795511221945137
1790649837,564,9,steady,resnet50_image,187.183,100.61363406976928
1790649837,564,9,steady,vgg16_image,476.781,474.79626168224297
1790649837,564,9,steady,vit_base_image,126.198,122.60061919504642
1790649837,564,9,steady,gpt2_p64_o64,1.456,0.232258064516129
1790649837,564,9,steady,gpt2_p512_o512,0.18,0.0853080568720379
1790649837,564,9,steady,llama_p1024_o128,0,0.0
1790649837,564,9,steady,llama_p2048_o64,0.655,0.1795511221945137
1790649838,565,9,steady,resnet50_image,187.183,100.61363406976928
1790649838,565,9,steady,vgg16_image,476.781,474.79626168224297
1790649838,565,9,steady,vit_base_image,126.198,122.60061919504642
1790649838,565,9,steady,gpt2_p64_o64,1.456,0.232258064516129
1790649838,565,9,steady,gpt2_p512_o512,0.18,0.0853080568720379
1790649838,565,9,steady,llama_p1024_o128,0,0.0
1790649838,565,9,steady,llama_p2048_o64,0.655,0.1795511221945137
1790649839,566,9,steady,resnet50_image,187.183,100.61363406976928
1790649839,566,9,steady,vgg16_image,476.781,474.79626168224297
1790649839,566,9,steady,vit_base_image,126.198,122.60061919504642
1790649839,566,9,steady,gpt2_p64_o64,1.456,0.232258064516129
1790649839,566,9,steady,gpt2_p512_o512,0.18,0.0853080568720379
1790649839,566,9,steady,llama_p1024_o128,0,0.0
1790649839,566,9,steady,llama_p2048_o64,0.655,0.1795511221945137
1790649840,567,9,steady,resnet50_image,187.183,100.61363406976928
1790649840,567,9,steady,vgg16_image,476.781,474.79626168224297
1790649840,567,9,steady,vit_base_image,126.198,122.60061919504642
1790649840,567,9,steady,gpt2_p64_o64,1.456,0.232258064516129
1790649840,567,9,steady,gpt2_p512_o512,0.18,0.0853080568720379
1790649840,567,9,steady,llama_p1024_o128,0,0.0
1790649840,567,9,steady,llama_p2048_o64,0.655,0.1795511221945137
1790649841,568,9,steady,resnet50_image,187.183,100.61363406976928
1790649841,568,9,steady,vgg16_image,476.781,474.79626168224297
1790649841,568,9,steady,vit_base_image,126.198,122.60061919504642
1790649841,568,9,steady,gpt2_p64_o64,1.456,0.232258064516129
1790649841,568,9,steady,gpt2_p512_o512,0.18,0.0853080568720379
1790649841,568,9,steady,llama_p1024_o128,0,0.0
1790649841,568,9,steady,llama_p2048_o64,0.655,0.1795511221945137
1790649842,569,9,steady,resnet50_image,187.183,100.61363406976928
1790649842,569,9,steady,vgg16_image,476.781,474.79626168224297
1790649842,569,9,steady,vit_base_image,126.198,122.60061919504642
1790649842,569,9,steady,gpt2_p64_o64,1.456,0.232258064516129
1790649842,569,9,steady,gpt2_p512_o512,0.18,0.0853080568720379
1790649842,569,9,steady,llama_p1024_o128,0,0.0
1790649842,569,9,steady,llama_p2048_o64,0.655,0.1795511221945137
1790649843,570,,,resnet50_image,187.183,
1790649843,570,,,vgg16_image,476.781,
1790649843,570,,,vit_base_image,126.198,
1790649843,570,,,gpt2_p64_o64,1.456,
1790649843,570,,,gpt2_p512_o512,0.18,
1790649843,570,,,llama_p1024_o128,0,
1790649843,570,,,llama_p2048_o64,0.655,
1790649844,571,,,resnet50_image,187.183,
1790649844,571,,,vgg16_image,476.781,
1790649844,571,,,vit_base_image,126.198,
1790649844,571,,,gpt2_p64_o64,1.456,
1790649844,571,,,gpt2_p512_o512,0.18,
1790649844,571,,,llama_p1024_o128,0,
1790649844,571,,,llama_p2048_o64,0.655,
1790649845,572,,,resnet50_image,187.183,
1790649845,572,,,vgg16_image,476.781,
1790649845,572,,,vit_base_image,126.198,
1790649845,572,,,gpt2_p64_o64,1.456,
1790649845,572,,,gpt2_p512_o512,0.18,
1790649845,572,,,llama_p1024_o128,0,
1790649845,572,,,llama_p2048_o64,0.655,
1790649846,573,,,resnet50_image,187.183,
1790649846,573,,,vgg16_image,476.781,
1790649846,573,,,vit_base_image,126.198,
1790649846,573,,,gpt2_p64_o64,1.456,
1790649846,573,,,gpt2_p512_o512,0.18,
1790649846,573,,,llama_p1024_o128,0,
1790649846,573,,,llama_p2048_o64,0.655,
1790649847,574,,,resnet50_image,187.183,
1790649847,574,,,vgg16_image,476.781,
1790649847,574,,,vit_base_image,126.198,
1790649847,574,,,gpt2_p64_o64,1.456,
1790649847,574,,,gpt2_p512_o512,0.18,
1790649847,574,,,llama_p1024_o128,0,
1790649847,574,,,llama_p2048_o64,0.655,
1790649848,575,,,resnet50_image,187.183,
1790649848,575,,,vgg16_image,476.781,
1790649848,575,,,vit_base_image,126.198,
1790649848,575,,,gpt2_p64_o64,1.456,
1790649848,575,,,gpt2_p512_o512,0.18,
1790649848,575,,,llama_p1024_o128,0,
1790649848,575,,,llama_p2048_o64,0.655,
1790649849,576,,,resnet50_image,187.183,
1790649849,576,,,vgg16_image,476.781,
1790649849,576,,,vit_base_image,126.198,
1790649849,576,,,gpt2_p64_o64,1.456,
1790649849,576,,,gpt2_p512_o512,0.18,
1790649849,576,,,llama_p1024_o128,0,
1790649849,576,,,llama_p2048_o64,0.655,
1790649850,577,,,resnet50_image,187.183,
1790649850,577,,,vgg16_image,476.781,
1790649850,577,,,vit_base_image,126.198,
1790649850,577,,,gpt2_p64_o64,1.456,
1790649850,577,,,gpt2_p512_o512,0.18,
1790649850,577,,,llama_p1024_o128,0,
1790649850,577,,,llama_p2048_o64,0.655,
1790649851,578,,,resnet50_image,187.183,
1790649851,578,,,vgg16_image,476.781,
1790649851,578,,,vit_base_image,126.198,
1790649851,578,,,gpt2_p64_o64,1.456,
1790649851,578,,,gpt2_p512_o512,0.18,
1790649851,578,,,llama_p1024_o128,0,
1790649851,578,,,llama_p2048_o64,0.655,
1790649852,579,,,resnet50_image,187.183,
1790649852,579,,,vgg16_image,476.781,
1790649852,579,,,vit_base_image,126.198,
1790649852,579,,,gpt2_p64_o64,1.456,
1790649852,579,,,gpt2_p512_o512,0.18,
1790649852,579,,,llama_p1024_o128,0,
1790649852,579,,,llama_p2048_o64,0.655,
1790649853,580,10,transition,resnet50_image,187.183,100.61363406976928
1790649853,580,10,transition,vgg16_image,476.781,444.6504672897196
1790649853,580,10,transition,vit_base_image,126.198,73.56037151702786
1790649853,580,10,transition,gpt2_p64_o64,1.456,0.232258064516129
1790649853,580,10,transition,gpt2_p512_o512,0.18,0.0853080568720379
1790649853,580,10,transition,llama_p1024_o128,0,0.0
1790649853,580,10,transition,llama_p2048_o64,0.655,0.0
1790649854,581,10,transition,resnet50_image,187.183,100.61363406976928
1790649854,581,10,transition,vgg16_image,476.781,444.6504672897196
1790649854,581,10,transition,vit_base_image,126.198,73.56037151702786
1790649854,581,10,transition,gpt2_p64_o64,1.456,0.232258064516129
1790649854,581,10,transition,gpt2_p512_o512,0.18,0.0853080568720379
1790649854,581,10,transition,llama_p1024_o128,0,0.0
1790649854,581,10,transition,llama_p2048_o64,0.655,0.0
1790649855,582,10,transition,resnet50_image,187.183,100.61363406976928
1790649855,582,10,transition,vgg16_image,476.781,444.6504672897196
1790649855,582,10,transition,vit_base_image,126.198,73.56037151702786
1790649855,582,10,transition,gpt2_p64_o64,1.456,0.232258064516129
1790649855,582,10,transition,gpt2_p512_o512,0.18,0.0853080568720379
1790649855,582,10,transition,llama_p1024_o128,0,0.0
1790649855,582,10,transition,llama_p2048_o64,0.655,0.0
1790649856,583,10,transition,resnet50_image,187.183,100.61363406976928
1790649856,583,10,transition,vgg16_image,476.781,444.6504672897196
1790649856,583,10,transition,vit_base_image,126.198,73.56037151702786
1790649856,583,10,transition,gpt2_p64_o64,1.456,0.232258064516129
1790649856,583,10,transition,gpt2_p512_o512,0.18,0.0853080568720379
1790649856,583,10,transition,llama_p1024_o128,0,0.0
1790649856,583,10,transition,llama_p2048_o64,0.655,0.0
1790649857,584,10,transition,resnet50_image,187.183,100.61363406976928
1790649857,584,10,transition,vgg16_image,476.781,444.6504672897196
1790649857,584,10,transition,vit_base_image,126.198,73.56037151702786
1790649857,584,10,transition,gpt2_p64_o64,1.456,0.232258064516129
1790649857,584,10,transition,gpt2_p512_o512,0.18,0.0853080568720379
1790649857,584,10,transition,llama_p1024_o128,0,0.0
1790649857,584,10,transition,llama_p2048_o64,0.655,0.0
1790649858,585,10,transition,resnet50_image,187.183,100.61363406976928
1790649858,585,10,transition,vgg16_image,476.781,444.6504672897196
1790649858,585,10,transition,vit_base_image,126.198,73.56037151702786
1790649858,585,10,transition,gpt2_p64_o64,1.456,0.232258064516129
1790649858,585,10,transition,gpt2_p512_o512,0.18,0.0853080568720379
1790649858,585,10,transition,llama_p1024_o128,0,0.0
1790649858,585,10,transition,llama_p2048_o64,0.655,0.0
1790649859,586,10,transition,resnet50_image,187.183,100.61363406976928
1790649859,586,10,transition,vgg16_image,476.781,444.6504672897196
1790649859,586,10,transition,vit_base_image,126.198,73.56037151702786
1790649859,586,10,transition,gpt2_p64_o64,1.456,0.232258064516129
1790649859,586,10,transition,gpt2_p512_o512,0.18,0.0853080568720379
1790649859,586,10,transition,llama_p1024_o128,0,0.0
1790649859,586,10,transition,llama_p2048_o64,0.655,0.0
1790649860,587,10,transition,resnet50_image,187.183,100.61363406976928
1790649860,587,10,transition,vgg16_image,476.781,444.6504672897196
1790649860,587,10,transition,vit_base_image,126.198,73.56037151702786
1790649860,587,10,transition,gpt2_p64_o64,1.456,0.232258064516129
1790649860,587,10,transition,gpt2_p512_o512,0.18,0.0853080568720379
1790649860,587,10,transition,llama_p1024_o128,0,0.0
1790649860,587,10,transition,llama_p2048_o64,0.655,0.0
1790649861,588,10,transition,resnet50_image,187.183,100.61363406976928
1790649861,588,10,transition,vgg16_image,476.781,444.6504672897196
1790649861,588,10,transition,vit_base_image,100.828,73.56037151702786
1790649861,588,10,transition,gpt2_p64_o64,1.456,0.232258064516129
1790649861,588,10,transition,gpt2_p512_o512,0.18,0.0853080568720379
1790649861,588,10,transition,llama_p1024_o128,0,0.0
1790649861,588,10,transition,llama_p2048_o64,0,0.0
1790649862,589,10,transition,resnet50_image,187.183,100.61363406976928
1790649862,589,10,transition,vgg16_image,476.781,444.6504672897196
1790649862,589,10,transition,vit_base_image,100.828,73.56037151702786
1790649862,589,10,transition,gpt2_p64_o64,1.456,0.232258064516129
1790649862,589,10,transition,gpt2_p512_o512,0.18,0.0853080568720379
1790649862,589,10,transition,llama_p1024_o128,0,0.0
1790649862,589,10,transition,llama_p2048_o64,0,0.0
1790649863,590,10,transition,resnet50_image,187.183,100.61363406976928
1790649863,590,10,transition,vgg16_image,476.781,444.6504672897196
1790649863,590,10,transition,vit_base_image,100.828,73.56037151702786
1790649863,590,10,transition,gpt2_p64_o64,1.456,0.232258064516129
1790649863,590,10,transition,gpt2_p512_o512,0.18,0.0853080568720379
1790649863,590,10,transition,llama_p1024_o128,0,0.0
1790649863,590,10,transition,llama_p2048_o64,0,0.0
1790649864,591,10,transition,resnet50_image,187.183,100.61363406976928
1790649864,591,10,transition,vgg16_image,476.781,444.6504672897196
1790649864,591,10,transition,vit_base_image,100.828,73.56037151702786
1790649864,591,10,transition,gpt2_p64_o64,1.456,0.232258064516129
1790649864,591,10,transition,gpt2_p512_o512,0.18,0.0853080568720379
1790649864,591,10,transition,llama_p1024_o128,0,0.0
1790649864,591,10,transition,llama_p2048_o64,0,0.0
1790649865,592,10,transition,resnet50_image,187.183,100.61363406976928
1790649865,592,10,transition,vgg16_image,476.781,444.6504672897196
1790649865,592,10,transition,vit_base_image,100.828,73.56037151702786
1790649865,592,10,transition,gpt2_p64_o64,1.456,0.232258064516129
1790649865,592,10,transition,gpt2_p512_o512,0.18,0.0853080568720379
1790649865,592,10,transition,llama_p1024_o128,0,0.0
1790649865,592,10,transition,llama_p2048_o64,0,0.0
1790649866,593,10,transition,resnet50_image,187.183,100.61363406976928
1790649866,593,10,transition,vgg16_image,476.781,444.6504672897196
1790649866,593,10,transition,vit_base_image,100.828,73.56037151702786
1790649866,593,10,transition,gpt2_p64_o64,1.456,0.232258064516129
1790649866,593,10,transition,gpt2_p512_o512,0.18,0.0853080568720379
1790649866,593,10,transition,llama_p1024_o128,0,0.0
1790649866,593,10,transition,llama_p2048_o64,0,0.0
1790649867,594,10,transition,resnet50_image,187.183,100.61363406976928
1790649867,594,10,transition,vgg16_image,476.781,444.6504672897196
1790649867,594,10,transition,vit_base_image,100.828,73.56037151702786
1790649867,594,10,transition,gpt2_p64_o64,1.456,0.232258064516129
1790649867,594,10,transition,gpt2_p512_o512,0.18,0.0853080568720379
1790649867,594,10,transition,llama_p1024_o128,0,0.0
1790649867,594,10,transition,llama_p2048_o64,0,0.0
1790649868,595,10,transition,resnet50_image,187.183,100.61363406976928
1790649868,595,10,transition,vgg16_image,476.781,444.6504672897196
1790649868,595,10,transition,vit_base_image,100.828,73.56037151702786
1790649868,595,10,transition,gpt2_p64_o64,1.456,0.232258064516129
1790649868,595,10,transition,gpt2_p512_o512,0.18,0.0853080568720379
1790649868,595,10,transition,llama_p1024_o128,0,0.0
1790649868,595,10,transition,llama_p2048_o64,0,0.0
1790649869,596,10,steady,resnet50_image,187.183,109.74604911579873
1790649869,596,10,steady,vgg16_image,476.781,444.6504672897196
1790649869,596,10,steady,vit_base_image,100.828,73.56037151702786
1790649869,596,10,steady,gpt2_p64_o64,1.456,0.232258064516129
1790649869,596,10,steady,gpt2_p512_o512,0.18,0.0853080568720379
1790649869,596,10,steady,llama_p1024_o128,0,0.0
1790649869,596,10,steady,llama_p2048_o64,0,0.0
1790649870,597,10,steady,resnet50_image,187.183,109.74604911579873
1790649870,597,10,steady,vgg16_image,476.781,444.6504672897196
1790649870,597,10,steady,vit_base_image,100.828,73.56037151702786
1790649870,597,10,steady,gpt2_p64_o64,1.456,0.232258064516129
1790649870,597,10,steady,gpt2_p512_o512,0.18,0.0853080568720379
1790649870,597,10,steady,llama_p1024_o128,0,0.0
1790649870,597,10,steady,llama_p2048_o64,0,0.0
1790649871,598,10,steady,resnet50_image,187.183,109.74604911579873
1790649871,598,10,steady,vgg16_image,476.781,444.6504672897196
1790649871,598,10,steady,vit_base_image,100.828,73.56037151702786
1790649871,598,10,steady,gpt2_p64_o64,1.456,0.232258064516129
1790649871,598,10,steady,gpt2_p512_o512,0.18,0.0853080568720379
1790649871,598,10,steady,llama_p1024_o128,0,0.0
1790649871,598,10,steady,llama_p2048_o64,0,0.0
1790649872,599,10,steady,resnet50_image,187.183,109.74604911579873
1790649872,599,10,steady,vgg16_image,476.781,444.6504672897196
1790649872,599,10,steady,vit_base_image,100.828,73.56037151702786
1790649872,599,10,steady,gpt2_p64_o64,1.456,0.232258064516129
1790649872,599,10,steady,gpt2_p512_o512,0.18,0.0853080568720379
1790649872,599,10,steady,llama_p1024_o128,0,0.0
1790649872,599,10,steady,llama_p2048_o64,0,0.0
1790649873,600,10,steady,resnet50_image,187.183,109.74604911579873
1790649873,600,10,steady,vgg16_image,476.781,444.6504672897196
1790649873,600,10,steady,vit_base_image,100.828,73.56037151702786
1790649873,600,10,steady,gpt2_p64_o64,1.456,0.232258064516129
1790649873,600,10,steady,gpt2_p512_o512,0.18,0.0853080568720379
1790649873,600,10,steady,llama_p1024_o128,0,0.0
1790649873,600,10,steady,llama_p2048_o64,0,0.0
1790649874,601,10,steady,resnet50_image,187.183,109.74604911579873
1790649874,601,10,steady,vgg16_image,476.781,444.6504672897196
1790649874,601,10,steady,vit_base_image,100.828,73.56037151702786
1790649874,601,10,steady,gpt2_p64_o64,1.456,0.232258064516129
1790649874,601,10,steady,gpt2_p512_o512,0.18,0.0853080568720379
1790649874,601,10,steady,llama_p1024_o128,0,0.0
1790649874,601,10,steady,llama_p2048_o64,0,0.0
1790649875,602,10,steady,resnet50_image,187.183,109.74604911579873
1790649875,602,10,steady,vgg16_image,476.781,444.6504672897196
1790649875,602,10,steady,vit_base_image,100.828,73.56037151702786
1790649875,602,10,steady,gpt2_p64_o64,1.456,0.232258064516129
1790649875,602,10,steady,gpt2_p512_o512,0.18,0.0853080568720379
1790649875,602,10,steady,llama_p1024_o128,0,0.0
1790649875,602,10,steady,llama_p2048_o64,0,0.0
1790649876,603,10,steady,resnet50_image,187.183,109.74604911579873
1790649876,603,10,steady,vgg16_image,476.781,444.6504672897196
1790649876,603,10,steady,vit_base_image,100.828,73.56037151702786
1790649876,603,10,steady,gpt2_p64_o64,1.456,0.232258064516129
1790649876,603,10,steady,gpt2_p512_o512,0.18,0.0853080568720379
1790649876,603,10,steady,llama_p1024_o128,0,0.0
1790649876,603,10,steady,llama_p2048_o64,0,0.0
1790649877,604,10,steady,resnet50_image,187.183,109.74604911579873
1790649877,604,10,steady,vgg16_image,476.781,444.6504672897196
1790649877,604,10,steady,vit_base_image,100.828,73.56037151702786
1790649877,604,10,steady,gpt2_p64_o64,1.456,0.232258064516129
1790649877,604,10,steady,gpt2_p512_o512,0.18,0.0853080568720379
1790649877,604,10,steady,llama_p1024_o128,0,0.0
1790649877,604,10,steady,llama_p2048_o64,0,0.0
1790649878,605,10,steady,resnet50_image,187.183,109.74604911579873
1790649878,605,10,steady,vgg16_image,476.781,444.6504672897196
1790649878,605,10,steady,vit_base_image,100.828,73.56037151702786
1790649878,605,10,steady,gpt2_p64_o64,1.456,0.232258064516129
1790649878,605,10,steady,gpt2_p512_o512,0.18,0.0853080568720379
1790649878,605,10,steady,llama_p1024_o128,0,0.0
1790649878,605,10,steady,llama_p2048_o64,0,0.0
1790649879,606,10,steady,resnet50_image,187.183,109.74604911579873
1790649879,606,10,steady,vgg16_image,476.781,444.6504672897196
1790649879,606,10,steady,vit_base_image,100.828,73.56037151702786
1790649879,606,10,steady,gpt2_p64_o64,1.456,0.232258064516129
1790649879,606,10,steady,gpt2_p512_o512,0.18,0.0853080568720379
1790649879,606,10,steady,llama_p1024_o128,0,0.0
1790649879,606,10,steady,llama_p2048_o64,0,0.0
1790649880,607,10,steady,resnet50_image,187.183,109.74604911579873
1790649880,607,10,steady,vgg16_image,476.781,444.6504672897196
1790649880,607,10,steady,vit_base_image,100.828,73.56037151702786
1790649880,607,10,steady,gpt2_p64_o64,1.456,0.232258064516129
1790649880,607,10,steady,gpt2_p512_o512,0.18,0.0853080568720379
1790649880,607,10,steady,llama_p1024_o128,0,0.0
1790649880,607,10,steady,llama_p2048_o64,0,0.0
1790649881,608,10,steady,resnet50_image,187.183,109.74604911579873
1790649881,608,10,steady,vgg16_image,476.781,444.6504672897196
1790649881,608,10,steady,vit_base_image,100.828,73.56037151702786
1790649881,608,10,steady,gpt2_p64_o64,1.456,0.232258064516129
1790649881,608,10,steady,gpt2_p512_o512,0.18,0.0853080568720379
1790649881,608,10,steady,llama_p1024_o128,0,0.0
1790649881,608,10,steady,llama_p2048_o64,0,0.0
1790649882,609,10,steady,resnet50_image,187.183,109.74604911579873
1790649882,609,10,steady,vgg16_image,476.781,444.6504672897196
1790649882,609,10,steady,vit_base_image,100.828,73.56037151702786
1790649882,609,10,steady,gpt2_p64_o64,1.456,0.232258064516129
1790649882,609,10,steady,gpt2_p512_o512,0.18,0.0853080568720379
1790649882,609,10,steady,llama_p1024_o128,0,0.0
1790649882,609,10,steady,llama_p2048_o64,0,0.0
1790649883,610,10,steady,resnet50_image,187.183,109.74604911579873
1790649883,610,10,steady,vgg16_image,476.781,444.6504672897196
1790649883,610,10,steady,vit_base_image,100.828,73.56037151702786
1790649883,610,10,steady,gpt2_p64_o64,1.456,0.232258064516129
1790649883,610,10,steady,gpt2_p512_o512,0.18,0.0853080568720379
1790649883,610,10,steady,llama_p1024_o128,0,0.0
1790649883,610,10,steady,llama_p2048_o64,0,0.0
1790649884,611,10,steady,resnet50_image,187.183,109.74604911579873
1790649884,611,10,steady,vgg16_image,476.781,444.6504672897196
1790649884,611,10,steady,vit_base_image,100.828,73.56037151702786
1790649884,611,10,steady,gpt2_p64_o64,1.456,0.232258064516129
1790649884,611,10,steady,gpt2_p512_o512,0.18,0.0853080568720379
1790649884,611,10,steady,llama_p1024_o128,0,0.0
1790649884,611,10,steady,llama_p2048_o64,0,0.0
1790649885,612,10,steady,resnet50_image,187.183,109.74604911579873
1790649885,612,10,steady,vgg16_image,476.781,444.6504672897196
1790649885,612,10,steady,vit_base_image,100.828,73.56037151702786
1790649885,612,10,steady,gpt2_p64_o64,1.456,0.232258064516129
1790649885,612,10,steady,gpt2_p512_o512,0.18,0.0853080568720379
1790649885,612,10,steady,llama_p1024_o128,0,0.0
1790649885,612,10,steady,llama_p2048_o64,0,0.0
1790649886,613,10,steady,resnet50_image,187.183,109.74604911579873
1790649886,613,10,steady,vgg16_image,476.781,444.6504672897196
1790649886,613,10,steady,vit_base_image,100.828,73.56037151702786
1790649886,613,10,steady,gpt2_p64_o64,1.456,0.232258064516129
1790649886,613,10,steady,gpt2_p512_o512,0.18,0.0853080568720379
1790649886,613,10,steady,llama_p1024_o128,0,0.0
1790649886,613,10,steady,llama_p2048_o64,0,0.0
1790649887,614,10,steady,resnet50_image,187.183,109.74604911579873
1790649887,614,10,steady,vgg16_image,476.781,444.6504672897196
1790649887,614,10,steady,vit_base_image,100.828,73.56037151702786
1790649887,614,10,steady,gpt2_p64_o64,1.456,0.232258064516129
1790649887,614,10,steady,gpt2_p512_o512,0.18,0.0853080568720379
1790649887,614,10,steady,llama_p1024_o128,0,0.0
1790649887,614,10,steady,llama_p2048_o64,0,0.0
1790649888,615,10,steady,resnet50_image,187.183,109.74604911579873
1790649888,615,10,steady,vgg16_image,476.781,444.6504672897196
1790649888,615,10,steady,vit_base_image,100.828,73.56037151702786
1790649888,615,10,steady,gpt2_p64_o64,1.456,0.232258064516129
1790649888,615,10,steady,gpt2_p512_o512,0.18,0.0853080568720379
1790649888,615,10,steady,llama_p1024_o128,0,0.0
1790649888,615,10,steady,llama_p2048_o64,0,0.0
1790649889,616,10,steady,resnet50_image,187.183,109.74604911579873
1790649889,616,10,steady,vgg16_image,476.781,444.6504672897196
1790649889,616,10,steady,vit_base_image,100.828,73.56037151702786
1790649889,616,10,steady,gpt2_p64_o64,1.456,0.232258064516129
1790649889,616,10,steady,gpt2_p512_o512,0.18,0.0853080568720379
1790649889,616,10,steady,llama_p1024_o128,0,0.0
1790649889,616,10,steady,llama_p2048_o64,0,0.0
1790649890,617,10,steady,resnet50_image,187.183,109.74604911579873
1790649890,617,10,steady,vgg16_image,476.781,444.6504672897196
1790649890,617,10,steady,vit_base_image,100.828,73.56037151702786
1790649890,617,10,steady,gpt2_p64_o64,1.456,0.232258064516129
1790649890,617,10,steady,gpt2_p512_o512,0.18,0.0853080568720379
1790649890,617,10,steady,llama_p1024_o128,0,0.0
1790649890,617,10,steady,llama_p2048_o64,0,0.0
1790649891,618,10,steady,resnet50_image,187.183,109.74604911579873
1790649891,618,10,steady,vgg16_image,476.781,444.6504672897196
1790649891,618,10,steady,vit_base_image,100.828,73.56037151702786
1790649891,618,10,steady,gpt2_p64_o64,1.456,0.232258064516129
1790649891,618,10,steady,gpt2_p512_o512,0.18,0.0853080568720379
1790649891,618,10,steady,llama_p1024_o128,0,0.0
1790649891,618,10,steady,llama_p2048_o64,0,0.0
1790649892,619,10,steady,resnet50_image,187.183,109.74604911579873
1790649892,619,10,steady,vgg16_image,476.781,444.6504672897196
1790649892,619,10,steady,vit_base_image,100.828,73.56037151702786
1790649892,619,10,steady,gpt2_p64_o64,1.456,0.232258064516129
1790649892,619,10,steady,gpt2_p512_o512,0.18,0.0853080568720379
1790649892,619,10,steady,llama_p1024_o128,0,0.0
1790649892,619,10,steady,llama_p2048_o64,0,0.0
1790649893,620,10,steady,resnet50_image,187.183,109.74604911579873
1790649893,620,10,steady,vgg16_image,476.781,444.6504672897196
1790649893,620,10,steady,vit_base_image,100.828,73.56037151702786
1790649893,620,10,steady,gpt2_p64_o64,1.456,0.232258064516129
1790649893,620,10,steady,gpt2_p512_o512,0.18,0.0853080568720379
1790649893,620,10,steady,llama_p1024_o128,0,0.0
1790649893,620,10,steady,llama_p2048_o64,0,0.0
1790649894,621,10,steady,resnet50_image,187.183,109.74604911579873
1790649894,621,10,steady,vgg16_image,476.781,444.6504672897196
1790649894,621,10,steady,vit_base_image,100.828,73.56037151702786
1790649894,621,10,steady,gpt2_p64_o64,1.456,0.232258064516129
1790649894,621,10,steady,gpt2_p512_o512,0.18,0.0853080568720379
1790649894,621,10,steady,llama_p1024_o128,0,0.0
1790649894,621,10,steady,llama_p2048_o64,0,0.0
1790649895,622,10,steady,resnet50_image,187.183,109.74604911579873
1790649895,622,10,steady,vgg16_image,476.781,444.6504672897196
1790649895,622,10,steady,vit_base_image,100.828,73.56037151702786
1790649895,622,10,steady,gpt2_p64_o64,1.456,0.232258064516129
1790649895,622,10,steady,gpt2_p512_o512,0.18,0.0853080568720379
1790649895,622,10,steady,llama_p1024_o128,0,0.0
1790649895,622,10,steady,llama_p2048_o64,0,0.0
1790649896,623,10,steady,resnet50_image,187.183,109.74604911579873
1790649896,623,10,steady,vgg16_image,476.781,444.6504672897196
1790649896,623,10,steady,vit_base_image,100.828,73.56037151702786
1790649896,623,10,steady,gpt2_p64_o64,1.456,0.232258064516129
1790649896,623,10,steady,gpt2_p512_o512,0.18,0.0853080568720379
1790649896,623,10,steady,llama_p1024_o128,0,0.0
1790649896,623,10,steady,llama_p2048_o64,0,0.0
1790649897,624,10,steady,resnet50_image,187.183,109.74604911579873
1790649897,624,10,steady,vgg16_image,476.781,444.6504672897196
1790649897,624,10,steady,vit_base_image,100.828,73.56037151702786
1790649897,624,10,steady,gpt2_p64_o64,1.456,0.232258064516129
1790649897,624,10,steady,gpt2_p512_o512,0.18,0.0853080568720379
1790649897,624,10,steady,llama_p1024_o128,0,0.0
1790649897,624,10,steady,llama_p2048_o64,0,0.0
1790649898,625,10,steady,resnet50_image,187.183,109.74604911579873
1790649898,625,10,steady,vgg16_image,476.781,444.6504672897196
1790649898,625,10,steady,vit_base_image,100.828,73.56037151702786
1790649898,625,10,steady,gpt2_p64_o64,1.456,0.232258064516129
1790649898,625,10,steady,gpt2_p512_o512,0.18,0.0853080568720379
1790649898,625,10,steady,llama_p1024_o128,0,0.0
1790649898,625,10,steady,llama_p2048_o64,0,0.0
1790649899,626,,,resnet50_image,187.183,
1790649899,626,,,vgg16_image,476.781,
1790649899,626,,,vit_base_image,100.828,
1790649899,626,,,gpt2_p64_o64,1.456,
1790649899,626,,,gpt2_p512_o512,0.18,
1790649899,626,,,llama_p1024_o128,0,
1790649899,626,,,llama_p2048_o64,0,
1790649900,627,,,resnet50_image,187.183,
1790649900,627,,,vgg16_image,476.781,
1790649900,627,,,vit_base_image,100.828,
1790649900,627,,,gpt2_p64_o64,1.456,
1790649900,627,,,gpt2_p512_o512,0.18,
1790649900,627,,,llama_p1024_o128,0,
1790649900,627,,,llama_p2048_o64,0,
1790649901,628,,,resnet50_image,187.183,
1790649901,628,,,vgg16_image,476.781,
1790649901,628,,,vit_base_image,100.828,
1790649901,628,,,gpt2_p64_o64,1.456,
1790649901,628,,,gpt2_p512_o512,0.18,
1790649901,628,,,llama_p1024_o128,0,
1790649901,628,,,llama_p2048_o64,0,
1790649902,629,,,resnet50_image,187.183,
1790649902,629,,,vgg16_image,476.781,
1790649902,629,,,vit_base_image,100.828,
1790649902,629,,,gpt2_p64_o64,1.456,
1790649902,629,,,gpt2_p512_o512,0.18,
1790649902,629,,,llama_p1024_o128,0,
1790649902,629,,,llama_p2048_o64,0,
1790649903,630,,,resnet50_image,187.183,
1790649903,630,,,vgg16_image,476.781,
1790649903,630,,,vit_base_image,100.828,
1790649903,630,,,gpt2_p64_o64,1.456,
1790649903,630,,,gpt2_p512_o512,0.18,
1790649903,630,,,llama_p1024_o128,0,
1790649903,630,,,llama_p2048_o64,0,
1790649904,631,,,resnet50_image,187.183,
1790649904,631,,,vgg16_image,476.781,
1790649904,631,,,vit_base_image,100.828,
1790649904,631,,,gpt2_p64_o64,1.456,
1790649904,631,,,gpt2_p512_o512,0.18,
1790649904,631,,,llama_p1024_o128,0,
1790649904,631,,,llama_p2048_o64,0,
1790649905,632,,,resnet50_image,187.183,
1790649905,632,,,vgg16_image,476.781,
1790649905,632,,,vit_base_image,100.828,
1790649905,632,,,gpt2_p64_o64,1.456,
1790649905,632,,,gpt2_p512_o512,0.18,
1790649905,632,,,llama_p1024_o128,0,
1790649905,632,,,llama_p2048_o64,0,
1790649906,633,,,resnet50_image,187.183,
1790649906,633,,,vgg16_image,476.781,
1790649906,633,,,vit_base_image,100.828,
1790649906,633,,,gpt2_p64_o64,1.456,
1790649906,633,,,gpt2_p512_o512,0.18,
1790649906,633,,,llama_p1024_o128,0,
1790649906,633,,,llama_p2048_o64,0,
1790649907,634,,,resnet50_image,187.183,
1790649907,634,,,vgg16_image,476.781,
1790649907,634,,,vit_base_image,100.828,
1790649907,634,,,gpt2_p64_o64,1.456,
1790649907,634,,,gpt2_p512_o512,0.18,
1790649907,634,,,llama_p1024_o128,0,
1790649907,634,,,llama_p2048_o64,0,
1790649908,635,11,transition,resnet50_image,187.183,109.74604911579873
1790649908,635,11,transition,vgg16_image,476.781,400.5084112149533
1790649908,635,11,transition,vit_base_image,100.828,73.56037151702786
1790649908,635,11,transition,gpt2_p64_o64,1.456,0.0
1790649908,635,11,transition,gpt2_p512_o512,0.18,0.0
1790649908,635,11,transition,llama_p1024_o128,0,0.0
1790649908,635,11,transition,llama_p2048_o64,0,0.0
1790649909,636,11,transition,resnet50_image,187.183,109.74604911579873
1790649909,636,11,transition,vgg16_image,476.781,400.5084112149533
1790649909,636,11,transition,vit_base_image,100.828,73.56037151702786
1790649909,636,11,transition,gpt2_p64_o64,1.456,0.0
1790649909,636,11,transition,gpt2_p512_o512,0.18,0.0
1790649909,636,11,transition,llama_p1024_o128,0,0.0
1790649909,636,11,transition,llama_p2048_o64,0,0.0
1790649910,637,11,transition,resnet50_image,187.183,109.74604911579873
1790649910,637,11,transition,vgg16_image,476.781,400.5084112149533
1790649910,637,11,transition,vit_base_image,100.828,73.56037151702786
1790649910,637,11,transition,gpt2_p64_o64,1.456,0.0
1790649910,637,11,transition,gpt2_p512_o512,0.18,0.0
1790649910,637,11,transition,llama_p1024_o128,0,0.0
1790649910,637,11,transition,llama_p2048_o64,0,0.0
1790649911,638,11,transition,resnet50_image,187.183,109.74604911579873
1790649911,638,11,transition,vgg16_image,476.781,400.5084112149533
1790649911,638,11,transition,vit_base_image,100.828,73.56037151702786
1790649911,638,11,transition,gpt2_p64_o64,1.456,0.0
1790649911,638,11,transition,gpt2_p512_o512,0.18,0.0
1790649911,638,11,transition,llama_p1024_o128,0,0.0
1790649911,638,11,transition,llama_p2048_o64,0,0.0
1790649912,639,11,transition,resnet50_image,187.183,109.74604911579873
1790649912,639,11,transition,vgg16_image,476.781,400.5084112149533
1790649912,639,11,transition,vit_base_image,100.828,73.56037151702786
1790649912,639,11,transition,gpt2_p64_o64,1.456,0.0
1790649912,639,11,transition,gpt2_p512_o512,0.18,0.0
1790649912,639,11,transition,llama_p1024_o128,0,0.0
1790649912,639,11,transition,llama_p2048_o64,0,0.0
1790649913,640,11,transition,resnet50_image,187.183,109.74604911579873
1790649913,640,11,transition,vgg16_image,476.781,400.5084112149533
1790649913,640,11,transition,vit_base_image,100.828,73.56037151702786
1790649913,640,11,transition,gpt2_p64_o64,1.456,0.0
1790649913,640,11,transition,gpt2_p512_o512,0.18,0.0
1790649913,640,11,transition,llama_p1024_o128,0,0.0
1790649913,640,11,transition,llama_p2048_o64,0,0.0
1790649914,641,11,transition,resnet50_image,187.183,109.74604911579873
1790649914,641,11,transition,vgg16_image,476.781,400.5084112149533
1790649914,641,11,transition,vit_base_image,100.828,73.56037151702786
1790649914,641,11,transition,gpt2_p64_o64,1.456,0.0
1790649914,641,11,transition,gpt2_p512_o512,0.18,0.0
1790649914,641,11,transition,llama_p1024_o128,0,0.0
1790649914,641,11,transition,llama_p2048_o64,0,0.0
1790649915,642,11,transition,resnet50_image,187.183,109.74604911579873
1790649915,642,11,transition,vgg16_image,476.781,400.5084112149533
1790649915,642,11,transition,vit_base_image,100.828,73.56037151702786
1790649915,642,11,transition,gpt2_p64_o64,1.456,0.0
1790649915,642,11,transition,gpt2_p512_o512,0.18,0.0
1790649915,642,11,transition,llama_p1024_o128,0,0.0
1790649915,642,11,transition,llama_p2048_o64,0,0.0
1790649916,643,11,transition,resnet50_image,187.183,109.74604911579873
1790649916,643,11,transition,vgg16_image,476.781,400.5084112149533
1790649916,643,11,transition,vit_base_image,100.828,73.56037151702786
1790649916,643,11,transition,gpt2_p64_o64,1.456,0.0
1790649916,643,11,transition,gpt2_p512_o512,0.18,0.0
1790649916,643,11,transition,llama_p1024_o128,0,0.0
1790649916,643,11,transition,llama_p2048_o64,0,0.0
1790649917,644,11,transition,resnet50_image,187.183,109.74604911579873
1790649917,644,11,transition,vgg16_image,476.781,400.5084112149533
1790649917,644,11,transition,vit_base_image,100.828,73.56037151702786
1790649917,644,11,transition,gpt2_p64_o64,1.456,0.0
1790649917,644,11,transition,gpt2_p512_o512,0.18,0.0
1790649917,644,11,transition,llama_p1024_o128,0,0.0
1790649917,644,11,transition,llama_p2048_o64,0,0.0
1790649918,645,11,transition,resnet50_image,187.183,109.74604911579873
1790649918,645,11,transition,vgg16_image,476.781,400.5084112149533
1790649918,645,11,transition,vit_base_image,100.828,73.56037151702786
1790649918,645,11,transition,gpt2_p64_o64,1.456,0.0
1790649918,645,11,transition,gpt2_p512_o512,0.18,0.0
1790649918,645,11,transition,llama_p1024_o128,0,0.0
1790649918,645,11,transition,llama_p2048_o64,0,0.0
1790649919,646,11,transition,resnet50_image,187.183,109.74604911579873
1790649919,646,11,transition,vgg16_image,476.781,400.5084112149533
1790649919,646,11,transition,vit_base_image,100.828,73.56037151702786
1790649919,646,11,transition,gpt2_p64_o64,1.456,0.0
1790649919,646,11,transition,gpt2_p512_o512,0.18,0.0
1790649919,646,11,transition,llama_p1024_o128,0,0.0
1790649919,646,11,transition,llama_p2048_o64,0,0.0
1790649920,647,11,transition,resnet50_image,187.183,109.74604911579873
1790649920,647,11,transition,vgg16_image,476.781,400.5084112149533
1790649920,647,11,transition,vit_base_image,100.828,73.56037151702786
1790649920,647,11,transition,gpt2_p64_o64,1.456,0.0
1790649920,647,11,transition,gpt2_p512_o512,0.18,0.0
1790649920,647,11,transition,llama_p1024_o128,0,0.0
1790649920,647,11,transition,llama_p2048_o64,0,0.0
1790649921,648,11,transition,resnet50_image,187.183,109.74604911579873
1790649921,648,11,transition,vgg16_image,476.781,400.5084112149533
1790649921,648,11,transition,vit_base_image,100.828,73.56037151702786
1790649921,648,11,transition,gpt2_p64_o64,1.456,0.0
1790649921,648,11,transition,gpt2_p512_o512,0.18,0.0
1790649921,648,11,transition,llama_p1024_o128,0,0.0
1790649921,648,11,transition,llama_p2048_o64,0,0.0
1790649922,649,11,transition,resnet50_image,187.183,109.74604911579873
1790649922,649,11,transition,vgg16_image,476.781,400.5084112149533
1790649922,649,11,transition,vit_base_image,100.828,73.56037151702786
1790649922,649,11,transition,gpt2_p64_o64,1.456,0.0
1790649922,649,11,transition,gpt2_p512_o512,0.18,0.0
1790649922,649,11,transition,llama_p1024_o128,0,0.0
1790649922,649,11,transition,llama_p2048_o64,0,0.0
1790649923,650,11,transition,resnet50_image,187.183,109.74604911579873
1790649923,650,11,transition,vgg16_image,476.781,400.5084112149533
1790649923,650,11,transition,vit_base_image,100.828,73.56037151702786
1790649923,650,11,transition,gpt2_p64_o64,1.456,0.0
1790649923,650,11,transition,gpt2_p512_o512,0.18,0.0
1790649923,650,11,transition,llama_p1024_o128,0,0.0
1790649923,650,11,transition,llama_p2048_o64,0,0.0
1790649924,651,11,transition,resnet50_image,187.183,109.74604911579873
1790649924,651,11,transition,vgg16_image,476.781,400.5084112149533
1790649924,651,11,transition,vit_base_image,100.828,73.56037151702786
1790649924,651,11,transition,gpt2_p64_o64,1.456,0.0
1790649924,651,11,transition,gpt2_p512_o512,0.18,0.0
1790649924,651,11,transition,llama_p1024_o128,0,0.0
1790649924,651,11,transition,llama_p2048_o64,0,0.0
1790649925,652,11,transition,resnet50_image,187.183,109.74604911579873
1790649925,652,11,transition,vgg16_image,476.781,400.5084112149533
1790649925,652,11,transition,vit_base_image,100.828,73.56037151702786
1790649925,652,11,transition,gpt2_p64_o64,1.456,0.0
1790649925,652,11,transition,gpt2_p512_o512,0.18,0.0
1790649925,652,11,transition,llama_p1024_o128,0,0.0
1790649925,652,11,transition,llama_p2048_o64,0,0.0
1790649926,653,11,transition,resnet50_image,187.183,109.74604911579873
1790649926,653,11,transition,vgg16_image,476.781,400.5084112149533
1790649926,653,11,transition,vit_base_image,100.828,73.56037151702786
1790649926,653,11,transition,gpt2_p64_o64,1.456,0.0
1790649926,653,11,transition,gpt2_p512_o512,0.18,0.0
1790649926,653,11,transition,llama_p1024_o128,0,0.0
1790649926,653,11,transition,llama_p2048_o64,0,0.0
1790649927,654,11,transition,resnet50_image,187.183,109.74604911579873
1790649927,654,11,transition,vgg16_image,476.781,400.5084112149533
1790649927,654,11,transition,vit_base_image,100.828,73.56037151702786
1790649927,654,11,transition,gpt2_p64_o64,1.456,0.0
1790649927,654,11,transition,gpt2_p512_o512,0.18,0.0
1790649927,654,11,transition,llama_p1024_o128,0,0.0
1790649927,654,11,transition,llama_p2048_o64,0,0.0
1790649928,655,11,transition,resnet50_image,187.183,109.74604911579873
1790649928,655,11,transition,vgg16_image,476.781,400.5084112149533
1790649928,655,11,transition,vit_base_image,100.828,73.56037151702786
1790649928,655,11,transition,gpt2_p64_o64,1.456,0.0
1790649928,655,11,transition,gpt2_p512_o512,0.18,0.0
1790649928,655,11,transition,llama_p1024_o128,0,0.0
1790649928,655,11,transition,llama_p2048_o64,0,0.0
1790649929,656,11,transition,resnet50_image,187.183,109.74604911579873
1790649929,656,11,transition,vgg16_image,476.781,400.5084112149533
1790649929,656,11,transition,vit_base_image,100.828,73.56037151702786
1790649929,656,11,transition,gpt2_p64_o64,1.456,0.0
1790649929,656,11,transition,gpt2_p512_o512,0.18,0.0
1790649929,656,11,transition,llama_p1024_o128,0,0.0
1790649929,656,11,transition,llama_p2048_o64,0,0.0
1790649930,657,11,transition,resnet50_image,187.183,109.74604911579873
1790649930,657,11,transition,vgg16_image,476.781,400.5084112149533
1790649930,657,11,transition,vit_base_image,100.828,73.56037151702786
1790649930,657,11,transition,gpt2_p64_o64,1.456,0.0
1790649930,657,11,transition,gpt2_p512_o512,0.18,0.0
1790649930,657,11,transition,llama_p1024_o128,0,0.0
1790649930,657,11,transition,llama_p2048_o64,0,0.0
1790649931,658,11,transition,resnet50_image,187.183,109.74604911579873
1790649931,658,11,transition,vgg16_image,476.781,400.5084112149533
1790649931,658,11,transition,vit_base_image,100.828,73.56037151702786
1790649931,658,11,transition,gpt2_p64_o64,1.456,0.0
1790649931,658,11,transition,gpt2_p512_o512,0.18,0.0
1790649931,658,11,transition,llama_p1024_o128,0,0.0
1790649931,658,11,transition,llama_p2048_o64,0,0.0
1790649932,659,11,transition,resnet50_image,187.183,109.74604911579873
1790649932,659,11,transition,vgg16_image,476.781,400.5084112149533
1790649932,659,11,transition,vit_base_image,100.828,73.56037151702786
1790649932,659,11,transition,gpt2_p64_o64,1.456,0.0
1790649932,659,11,transition,gpt2_p512_o512,0.18,0.0
1790649932,659,11,transition,llama_p1024_o128,0,0.0
1790649932,659,11,transition,llama_p2048_o64,0,0.0
1790649933,660,11,transition,resnet50_image,187.183,109.74604911579873
1790649933,660,11,transition,vgg16_image,476.781,400.5084112149533
1790649933,660,11,transition,vit_base_image,100.828,73.56037151702786
1790649933,660,11,transition,gpt2_p64_o64,1.456,0.0
1790649933,660,11,transition,gpt2_p512_o512,0.18,0.0
1790649933,660,11,transition,llama_p1024_o128,0,0.0
1790649933,660,11,transition,llama_p2048_o64,0,0.0
1790649934,661,11,transition,resnet50_image,187.183,109.74604911579873
1790649934,661,11,transition,vgg16_image,476.781,400.5084112149533
1790649934,661,11,transition,vit_base_image,100.828,73.56037151702786
1790649934,661,11,transition,gpt2_p64_o64,1.456,0.0
1790649934,661,11,transition,gpt2_p512_o512,0.18,0.0
1790649934,661,11,transition,llama_p1024_o128,0,0.0
1790649934,661,11,transition,llama_p2048_o64,0,0.0
1790649935,662,11,transition,resnet50_image,187.183,109.74604911579873
1790649935,662,11,transition,vgg16_image,476.781,400.5084112149533
1790649935,662,11,transition,vit_base_image,100.828,73.56037151702786
1790649935,662,11,transition,gpt2_p64_o64,1.456,0.0
1790649935,662,11,transition,gpt2_p512_o512,0.18,0.0
1790649935,662,11,transition,llama_p1024_o128,0,0.0
1790649935,662,11,transition,llama_p2048_o64,0,0.0
1790649936,663,11,transition,resnet50_image,187.183,109.74604911579873
1790649936,663,11,transition,vgg16_image,476.781,400.5084112149533
1790649936,663,11,transition,vit_base_image,100.828,73.56037151702786
1790649936,663,11,transition,gpt2_p64_o64,1.456,0.0
1790649936,663,11,transition,gpt2_p512_o512,0.18,0.0
1790649936,663,11,transition,llama_p1024_o128,0,0.0
1790649936,663,11,transition,llama_p2048_o64,0,0.0
1790649937,664,11,transition,resnet50_image,187.183,109.74604911579873
1790649937,664,11,transition,vgg16_image,476.781,400.5084112149533
1790649937,664,11,transition,vit_base_image,100.828,73.56037151702786
1790649937,664,11,transition,gpt2_p64_o64,1.456,0.0
1790649937,664,11,transition,gpt2_p512_o512,0.18,0.0
1790649937,664,11,transition,llama_p1024_o128,0,0.0
1790649937,664,11,transition,llama_p2048_o64,0,0.0
1790649938,665,11,transition,resnet50_image,187.183,109.74604911579873
1790649938,665,11,transition,vgg16_image,476.781,400.5084112149533
1790649938,665,11,transition,vit_base_image,100.828,73.56037151702786
1790649938,665,11,transition,gpt2_p64_o64,1.456,0.0
1790649938,665,11,transition,gpt2_p512_o512,0.18,0.0
1790649938,665,11,transition,llama_p1024_o128,0,0.0
1790649938,665,11,transition,llama_p2048_o64,0,0.0
1790649939,666,11,transition,resnet50_image,187.183,109.74604911579873
1790649939,666,11,transition,vgg16_image,476.781,400.5084112149533
1790649939,666,11,transition,vit_base_image,100.828,73.56037151702786
1790649939,666,11,transition,gpt2_p64_o64,1.456,0.0
1790649939,666,11,transition,gpt2_p512_o512,0.18,0.0
1790649939,666,11,transition,llama_p1024_o128,0,0.0
1790649939,666,11,transition,llama_p2048_o64,0,0.0
1790649940,667,11,transition,resnet50_image,187.183,109.74604911579873
1790649940,667,11,transition,vgg16_image,476.781,400.5084112149533
1790649940,667,11,transition,vit_base_image,100.828,73.56037151702786
1790649940,667,11,transition,gpt2_p64_o64,1.456,0.0
1790649940,667,11,transition,gpt2_p512_o512,0.18,0.0
1790649940,667,11,transition,llama_p1024_o128,0,0.0
1790649940,667,11,transition,llama_p2048_o64,0,0.0
1790649941,668,11,transition,resnet50_image,187.183,109.74604911579873
1790649941,668,11,transition,vgg16_image,476.781,400.5084112149533
1790649941,668,11,transition,vit_base_image,100.828,73.56037151702786
1790649941,668,11,transition,gpt2_p64_o64,1.456,0.0
1790649941,668,11,transition,gpt2_p512_o512,0.18,0.0
1790649941,668,11,transition,llama_p1024_o128,0,0.0
1790649941,668,11,transition,llama_p2048_o64,0,0.0
1790649942,669,11,transition,resnet50_image,187.183,109.74604911579873
1790649942,669,11,transition,vgg16_image,476.781,400.5084112149533
1790649942,669,11,transition,vit_base_image,100.828,73.56037151702786
1790649942,669,11,transition,gpt2_p64_o64,1.456,0.0
1790649942,669,11,transition,gpt2_p512_o512,0.18,0.0
1790649942,669,11,transition,llama_p1024_o128,0,0.0
1790649942,669,11,transition,llama_p2048_o64,0,0.0
1790649943,670,11,steady,resnet50_image,187.183,147.12836721576207
1790649943,670,11,steady,vgg16_image,476.781,400.5084112149533
1790649943,670,11,steady,vit_base_image,100.828,73.56037151702786
1790649943,670,11,steady,gpt2_p64_o64,1.456,0.0
1790649943,670,11,steady,gpt2_p512_o512,0.18,0.0
1790649943,670,11,steady,llama_p1024_o128,0,0.0
1790649943,670,11,steady,llama_p2048_o64,0.655,0.1795511221945137
1790649944,671,11,steady,resnet50_image,187.183,147.12836721576207
1790649944,671,11,steady,vgg16_image,476.781,400.5084112149533
1790649944,671,11,steady,vit_base_image,100.828,73.56037151702786
1790649944,671,11,steady,gpt2_p64_o64,1.456,0.0
1790649944,671,11,steady,gpt2_p512_o512,0.18,0.0
1790649944,671,11,steady,llama_p1024_o128,0,0.0
1790649944,671,11,steady,llama_p2048_o64,0.655,0.1795511221945137
1790649945,672,11,steady,resnet50_image,187.183,147.12836721576207
1790649945,672,11,steady,vgg16_image,476.781,400.5084112149533
1790649945,672,11,steady,vit_base_image,100.828,73.56037151702786
1790649945,672,11,steady,gpt2_p64_o64,1.456,0.0
1790649945,672,11,steady,gpt2_p512_o512,0.18,0.0
1790649945,672,11,steady,llama_p1024_o128,0,0.0
1790649945,672,11,steady,llama_p2048_o64,0.655,0.1795511221945137
1790649946,673,11,steady,resnet50_image,187.183,147.12836721576207
1790649946,673,11,steady,vgg16_image,476.781,400.5084112149533
1790649946,673,11,steady,vit_base_image,100.828,73.56037151702786
1790649946,673,11,steady,gpt2_p64_o64,1.456,0.0
1790649946,673,11,steady,gpt2_p512_o512,0.18,0.0
1790649946,673,11,steady,llama_p1024_o128,0,0.0
1790649946,673,11,steady,llama_p2048_o64,0.655,0.1795511221945137
1790649947,674,11,steady,resnet50_image,187.183,147.12836721576207
1790649947,674,11,steady,vgg16_image,476.781,400.5084112149533
1790649947,674,11,steady,vit_base_image,100.828,73.56037151702786
1790649947,674,11,steady,gpt2_p64_o64,1.456,0.0
1790649947,674,11,steady,gpt2_p512_o512,0.18,0.0
1790649947,674,11,steady,llama_p1024_o128,0,0.0
1790649947,674,11,steady,llama_p2048_o64,0.655,0.1795511221945137
1790649948,675,11,steady,resnet50_image,187.183,147.12836721576207
1790649948,675,11,steady,vgg16_image,476.781,400.5084112149533
1790649948,675,11,steady,vit_base_image,100.828,73.56037151702786
1790649948,675,11,steady,gpt2_p64_o64,1.456,0.0
1790649948,675,11,steady,gpt2_p512_o512,0.18,0.0
1790649948,675,11,steady,llama_p1024_o128,0,0.0
1790649948,675,11,steady,llama_p2048_o64,0.655,0.1795511221945137
1790649949,676,11,steady,resnet50_image,187.183,147.12836721576207
1790649949,676,11,steady,vgg16_image,476.781,400.5084112149533
1790649949,676,11,steady,vit_base_image,100.828,73.56037151702786
1790649949,676,11,steady,gpt2_p64_o64,1.456,0.0
1790649949,676,11,steady,gpt2_p512_o512,0.18,0.0
1790649949,676,11,steady,llama_p1024_o128,0,0.0
1790649949,676,11,steady,llama_p2048_o64,0.655,0.1795511221945137
1790649950,677,11,steady,resnet50_image,187.183,147.12836721576207
1790649950,677,11,steady,vgg16_image,476.781,400.5084112149533
1790649950,677,11,steady,vit_base_image,100.828,73.56037151702786
1790649950,677,11,steady,gpt2_p64_o64,1.456,0.0
1790649950,677,11,steady,gpt2_p512_o512,0.18,0.0
1790649950,677,11,steady,llama_p1024_o128,0,0.0
1790649950,677,11,steady,llama_p2048_o64,0.655,0.1795511221945137
1790649951,678,11,steady,resnet50_image,187.183,147.12836721576207
1790649951,678,11,steady,vgg16_image,476.781,400.5084112149533
1790649951,678,11,steady,vit_base_image,100.828,73.56037151702786
1790649951,678,11,steady,gpt2_p64_o64,1.456,0.0
1790649951,678,11,steady,gpt2_p512_o512,0.18,0.0
1790649951,678,11,steady,llama_p1024_o128,0,0.0
1790649951,678,11,steady,llama_p2048_o64,0.655,0.1795511221945137
1790649952,679,11,steady,resnet50_image,187.183,147.12836721576207
1790649952,679,11,steady,vgg16_image,476.781,400.5084112149533
1790649952,679,11,steady,vit_base_image,100.828,73.56037151702786
1790649952,679,11,steady,gpt2_p64_o64,1.456,0.0
1790649952,679,11,steady,gpt2_p512_o512,0.18,0.0
1790649952,679,11,steady,llama_p1024_o128,0,0.0
1790649952,679,11,steady,llama_p2048_o64,0.655,0.1795511221945137
1790649953,680,11,steady,resnet50_image,187.183,147.12836721576207
1790649953,680,11,steady,vgg16_image,476.781,400.5084112149533
1790649953,680,11,steady,vit_base_image,100.828,73.56037151702786
1790649953,680,11,steady,gpt2_p64_o64,1.456,0.0
1790649953,680,11,steady,gpt2_p512_o512,0.18,0.0
1790649953,680,11,steady,llama_p1024_o128,0,0.0
1790649953,680,11,steady,llama_p2048_o64,0.655,0.1795511221945137
1790649954,681,11,steady,resnet50_image,187.183,147.12836721576207
1790649954,681,11,steady,vgg16_image,476.781,400.5084112149533
1790649954,681,11,steady,vit_base_image,100.828,73.56037151702786
1790649954,681,11,steady,gpt2_p64_o64,1.456,0.0
1790649954,681,11,steady,gpt2_p512_o512,0.18,0.0
1790649954,681,11,steady,llama_p1024_o128,0,0.0
1790649954,681,11,steady,llama_p2048_o64,0.655,0.1795511221945137
1790649955,682,11,steady,resnet50_image,187.183,147.12836721576207
1790649955,682,11,steady,vgg16_image,476.781,400.5084112149533
1790649955,682,11,steady,vit_base_image,100.828,73.56037151702786
1790649955,682,11,steady,gpt2_p64_o64,1.456,0.0
1790649955,682,11,steady,gpt2_p512_o512,0.18,0.0
1790649955,682,11,steady,llama_p1024_o128,0,0.0
1790649955,682,11,steady,llama_p2048_o64,0.655,0.1795511221945137
1790649956,683,11,steady,resnet50_image,187.183,147.12836721576207
1790649956,683,11,steady,vgg16_image,476.781,400.5084112149533
1790649956,683,11,steady,vit_base_image,100.828,73.56037151702786
1790649956,683,11,steady,gpt2_p64_o64,1.456,0.0
1790649956,683,11,steady,gpt2_p512_o512,0.18,0.0
1790649956,683,11,steady,llama_p1024_o128,0,0.0
1790649956,683,11,steady,llama_p2048_o64,0.655,0.1795511221945137
1790649957,684,11,steady,resnet50_image,187.183,147.12836721576207
1790649957,684,11,steady,vgg16_image,476.781,400.5084112149533
1790649957,684,11,steady,vit_base_image,100.828,73.56037151702786
1790649957,684,11,steady,gpt2_p64_o64,1.456,0.0
1790649957,684,11,steady,gpt2_p512_o512,0.18,0.0
1790649957,684,11,steady,llama_p1024_o128,0,0.0
1790649957,684,11,steady,llama_p2048_o64,0.655,0.1795511221945137
1790649958,685,11,steady,resnet50_image,187.183,147.12836721576207
1790649958,685,11,steady,vgg16_image,476.781,400.5084112149533
1790649958,685,11,steady,vit_base_image,100.828,73.56037151702786
1790649958,685,11,steady,gpt2_p64_o64,1.456,0.0
1790649958,685,11,steady,gpt2_p512_o512,0.18,0.0
1790649958,685,11,steady,llama_p1024_o128,0,0.0
1790649958,685,11,steady,llama_p2048_o64,0.655,0.1795511221945137
1790649959,686,11,steady,resnet50_image,187.183,147.12836721576207
1790649959,686,11,steady,vgg16_image,476.781,400.5084112149533
1790649959,686,11,steady,vit_base_image,100.828,73.56037151702786
1790649959,686,11,steady,gpt2_p64_o64,1.456,0.0
1790649959,686,11,steady,gpt2_p512_o512,0.18,0.0
1790649959,686,11,steady,llama_p1024_o128,0,0.0
1790649959,686,11,steady,llama_p2048_o64,0.655,0.1795511221945137
1790649960,687,11,steady,resnet50_image,187.183,147.12836721576207
1790649960,687,11,steady,vgg16_image,476.781,400.5084112149533
1790649960,687,11,steady,vit_base_image,100.828,73.56037151702786
1790649960,687,11,steady,gpt2_p64_o64,1.456,0.0
1790649960,687,11,steady,gpt2_p512_o512,0.18,0.0
1790649960,687,11,steady,llama_p1024_o128,0,0.0
1790649960,687,11,steady,llama_p2048_o64,0.655,0.1795511221945137
1790649961,688,11,steady,resnet50_image,187.183,147.12836721576207
1790649961,688,11,steady,vgg16_image,476.781,400.5084112149533
1790649961,688,11,steady,vit_base_image,100.828,73.56037151702786
1790649961,688,11,steady,gpt2_p64_o64,1.456,0.0
1790649961,688,11,steady,gpt2_p512_o512,0.18,0.0
1790649961,688,11,steady,llama_p1024_o128,0,0.0
1790649961,688,11,steady,llama_p2048_o64,0.655,0.1795511221945137
1790649962,689,11,steady,resnet50_image,187.183,147.12836721576207
1790649962,689,11,steady,vgg16_image,476.781,400.5084112149533
1790649962,689,11,steady,vit_base_image,100.828,73.56037151702786
1790649962,689,11,steady,gpt2_p64_o64,1.456,0.0
1790649962,689,11,steady,gpt2_p512_o512,0.18,0.0
1790649962,689,11,steady,llama_p1024_o128,0,0.0
1790649962,689,11,steady,llama_p2048_o64,0.655,0.1795511221945137
1790649963,690,11,steady,resnet50_image,187.183,147.12836721576207
1790649963,690,11,steady,vgg16_image,476.781,400.5084112149533
1790649963,690,11,steady,vit_base_image,100.828,73.56037151702786
1790649963,690,11,steady,gpt2_p64_o64,1.456,0.0
1790649963,690,11,steady,gpt2_p512_o512,0.18,0.0
1790649963,690,11,steady,llama_p1024_o128,0,0.0
1790649963,690,11,steady,llama_p2048_o64,0.655,0.1795511221945137
1790649964,691,11,steady,resnet50_image,187.183,147.12836721576207
1790649964,691,11,steady,vgg16_image,476.781,400.5084112149533
1790649964,691,11,steady,vit_base_image,100.828,73.56037151702786
1790649964,691,11,steady,gpt2_p64_o64,1.456,0.0
1790649964,691,11,steady,gpt2_p512_o512,0.18,0.0
1790649964,691,11,steady,llama_p1024_o128,0,0.0
1790649964,691,11,steady,llama_p2048_o64,0.655,0.1795511221945137
1790649965,692,11,steady,resnet50_image,187.183,147.12836721576207
1790649965,692,11,steady,vgg16_image,476.781,400.5084112149533
1790649965,692,11,steady,vit_base_image,100.828,73.56037151702786
1790649965,692,11,steady,gpt2_p64_o64,1.456,0.0
1790649965,692,11,steady,gpt2_p512_o512,0.18,0.0
1790649965,692,11,steady,llama_p1024_o128,0,0.0
1790649965,692,11,steady,llama_p2048_o64,0.655,0.1795511221945137
1790649966,693,11,steady,resnet50_image,187.183,147.12836721576207
1790649966,693,11,steady,vgg16_image,476.781,400.5084112149533
1790649966,693,11,steady,vit_base_image,100.828,73.56037151702786
1790649966,693,11,steady,gpt2_p64_o64,1.456,0.0
1790649966,693,11,steady,gpt2_p512_o512,0.18,0.0
1790649966,693,11,steady,llama_p1024_o128,0,0.0
1790649966,693,11,steady,llama_p2048_o64,0.655,0.1795511221945137
1790649967,694,11,steady,resnet50_image,187.183,147.12836721576207
1790649967,694,11,steady,vgg16_image,476.781,400.5084112149533
1790649967,694,11,steady,vit_base_image,100.828,73.56037151702786
1790649967,694,11,steady,gpt2_p64_o64,1.456,0.0
1790649967,694,11,steady,gpt2_p512_o512,0.18,0.0
1790649967,694,11,steady,llama_p1024_o128,0,0.0
1790649967,694,11,steady,llama_p2048_o64,0.655,0.1795511221945137
1790649968,695,11,steady,resnet50_image,187.183,147.12836721576207
1790649968,695,11,steady,vgg16_image,476.781,400.5084112149533
1790649968,695,11,steady,vit_base_image,100.828,73.56037151702786
1790649968,695,11,steady,gpt2_p64_o64,1.456,0.0
1790649968,695,11,steady,gpt2_p512_o512,0.18,0.0
1790649968,695,11,steady,llama_p1024_o128,0,0.0
1790649968,695,11,steady,llama_p2048_o64,0.655,0.1795511221945137
1790649969,696,11,steady,resnet50_image,187.183,147.12836721576207
1790649969,696,11,steady,vgg16_image,476.781,400.5084112149533
1790649969,696,11,steady,vit_base_image,100.828,73.56037151702786
1790649969,696,11,steady,gpt2_p64_o64,1.456,0.0
1790649969,696,11,steady,gpt2_p512_o512,0.18,0.0
1790649969,696,11,steady,llama_p1024_o128,0,0.0
1790649969,696,11,steady,llama_p2048_o64,0.655,0.1795511221945137
1790649970,697,11,steady,resnet50_image,187.183,147.12836721576207
1790649970,697,11,steady,vgg16_image,476.781,400.5084112149533
1790649970,697,11,steady,vit_base_image,100.828,73.56037151702786
1790649970,697,11,steady,gpt2_p64_o64,1.456,0.0
1790649970,697,11,steady,gpt2_p512_o512,0.18,0.0
1790649970,697,11,steady,llama_p1024_o128,0,0.0
1790649970,697,11,steady,llama_p2048_o64,0.655,0.1795511221945137
1790649971,698,11,steady,resnet50_image,187.183,147.12836721576207
1790649971,698,11,steady,vgg16_image,476.781,400.5084112149533
1790649971,698,11,steady,vit_base_image,100.828,73.56037151702786
1790649971,698,11,steady,gpt2_p64_o64,1.456,0.0
1790649971,698,11,steady,gpt2_p512_o512,0.18,0.0
1790649971,698,11,steady,llama_p1024_o128,0,0.0
1790649971,698,11,steady,llama_p2048_o64,0.655,0.1795511221945137
1790649972,699,11,steady,resnet50_image,187.183,147.12836721576207
1790649972,699,11,steady,vgg16_image,476.781,400.5084112149533
1790649972,699,11,steady,vit_base_image,100.828,73.56037151702786
1790649972,699,11,steady,gpt2_p64_o64,1.456,0.0
1790649972,699,11,steady,gpt2_p512_o512,0.18,0.0
1790649972,699,11,steady,llama_p1024_o128,0,0.0
1790649972,699,11,steady,llama_p2048_o64,0.655,0.1795511221945137
1790649973,700,,,resnet50_image,187.183,
1790649973,700,,,vgg16_image,476.781,
1790649973,700,,,vit_base_image,100.828,
1790649973,700,,,gpt2_p64_o64,1.456,
1790649973,700,,,gpt2_p512_o512,0.18,
1790649973,700,,,llama_p1024_o128,0,
1790649973,700,,,llama_p2048_o64,0.655,
1790649974,701,,,resnet50_image,187.183,
1790649974,701,,,vgg16_image,476.781,
1790649974,701,,,vit_base_image,100.828,
1790649974,701,,,gpt2_p64_o64,1.456,
1790649974,701,,,gpt2_p512_o512,0.18,
1790649974,701,,,llama_p1024_o128,0,
1790649974,701,,,llama_p2048_o64,0.655,
1790649975,702,,,resnet50_image,187.183,
1790649975,702,,,vgg16_image,476.781,
1790649975,702,,,vit_base_image,100.828,
1790649975,702,,,gpt2_p64_o64,1.456,
1790649975,702,,,gpt2_p512_o512,0.18,
1790649975,702,,,llama_p1024_o128,0,
1790649975,702,,,llama_p2048_o64,0.655,
1790649976,703,,,resnet50_image,187.183,
1790649976,703,,,vgg16_image,476.781,
1790649976,703,,,vit_base_image,100.828,
1790649976,703,,,gpt2_p64_o64,1.456,
1790649976,703,,,gpt2_p512_o512,0.18,
1790649976,703,,,llama_p1024_o128,0,
1790649976,703,,,llama_p2048_o64,0.655,
1790649977,704,,,resnet50_image,187.183,
1790649977,704,,,vgg16_image,476.781,
1790649977,704,,,vit_base_image,100.828,
1790649977,704,,,gpt2_p64_o64,1.456,
1790649977,704,,,gpt2_p512_o512,0.18,
1790649977,704,,,llama_p1024_o128,0,
1790649977,704,,,llama_p2048_o64,0.655,
1790649978,705,,,resnet50_image,187.183,
1790649978,705,,,vgg16_image,476.781,
1790649978,705,,,vit_base_image,100.828,
1790649978,705,,,gpt2_p64_o64,1.456,
1790649978,705,,,gpt2_p512_o512,0.18,
1790649978,705,,,llama_p1024_o128,0,
1790649978,705,,,llama_p2048_o64,0.655,
1790649979,706,,,resnet50_image,187.183,
1790649979,706,,,vgg16_image,476.781,
1790649979,706,,,vit_base_image,100.828,
1790649979,706,,,gpt2_p64_o64,1.456,
1790649979,706,,,gpt2_p512_o512,0.18,
1790649979,706,,,llama_p1024_o128,0,
1790649979,706,,,llama_p2048_o64,0.655,
1790649980,707,12,transition,resnet50_image,187.183,133.64290912567927
1790649980,707,12,transition,vgg16_image,476.781,400.5084112149533
1790649980,707,12,transition,vit_base_image,100.828,73.56037151702786
1790649980,707,12,transition,gpt2_p64_o64,1.456,0.0
1790649980,707,12,transition,gpt2_p512_o512,0.18,0.0
1790649980,707,12,transition,llama_p1024_o128,0,0.0
1790649980,707,12,transition,llama_p2048_o64,0.655,0.1795511221945137
1790649981,708,12,transition,resnet50_image,187.183,133.64290912567927
1790649981,708,12,transition,vgg16_image,476.781,400.5084112149533
1790649981,708,12,transition,vit_base_image,100.828,73.56037151702786
1790649981,708,12,transition,gpt2_p64_o64,1.456,0.0
1790649981,708,12,transition,gpt2_p512_o512,0.18,0.0
1790649981,708,12,transition,llama_p1024_o128,0,0.0
1790649981,708,12,transition,llama_p2048_o64,0.655,0.1795511221945137
1790649982,709,12,transition,resnet50_image,187.183,133.64290912567927
1790649982,709,12,transition,vgg16_image,476.781,400.5084112149533
1790649982,709,12,transition,vit_base_image,100.828,73.56037151702786
1790649982,709,12,transition,gpt2_p64_o64,1.456,0.0
1790649982,709,12,transition,gpt2_p512_o512,0.18,0.0
1790649982,709,12,transition,llama_p1024_o128,0,0.0
1790649982,709,12,transition,llama_p2048_o64,0.655,0.1795511221945137
1790649983,710,12,transition,resnet50_image,187.183,133.64290912567927
1790649983,710,12,transition,vgg16_image,476.781,400.5084112149533
1790649983,710,12,transition,vit_base_image,100.828,73.56037151702786
1790649983,710,12,transition,gpt2_p64_o64,1.456,0.0
1790649983,710,12,transition,gpt2_p512_o512,0.18,0.0
1790649983,710,12,transition,llama_p1024_o128,0,0.0
1790649983,710,12,transition,llama_p2048_o64,0.655,0.1795511221945137
1790649984,711,12,transition,resnet50_image,187.183,133.64290912567927
1790649984,711,12,transition,vgg16_image,476.781,400.5084112149533
1790649984,711,12,transition,vit_base_image,100.828,73.56037151702786
1790649984,711,12,transition,gpt2_p64_o64,1.456,0.0
1790649984,711,12,transition,gpt2_p512_o512,0.18,0.0
1790649984,711,12,transition,llama_p1024_o128,0,0.0
1790649984,711,12,transition,llama_p2048_o64,0.655,0.1795511221945137
1790649985,712,12,transition,resnet50_image,187.183,133.64290912567927
1790649985,712,12,transition,vgg16_image,476.781,400.5084112149533
1790649985,712,12,transition,vit_base_image,100.828,73.56037151702786
1790649985,712,12,transition,gpt2_p64_o64,1.456,0.0
1790649985,712,12,transition,gpt2_p512_o512,0.18,0.0
1790649985,712,12,transition,llama_p1024_o128,0,0.0
1790649985,712,12,transition,llama_p2048_o64,0.655,0.1795511221945137
1790649986,713,12,transition,resnet50_image,187.183,133.64290912567927
1790649986,713,12,transition,vgg16_image,476.781,400.5084112149533
1790649986,713,12,transition,vit_base_image,100.828,73.56037151702786
1790649986,713,12,transition,gpt2_p64_o64,1.456,0.0
1790649986,713,12,transition,gpt2_p512_o512,0.18,0.0
1790649986,713,12,transition,llama_p1024_o128,0,0.0
1790649986,713,12,transition,llama_p2048_o64,0.655,0.1795511221945137
1790649987,714,12,transition,resnet50_image,187.183,133.64290912567927
1790649987,714,12,transition,vgg16_image,476.781,400.5084112149533
1790649987,714,12,transition,vit_base_image,100.828,73.56037151702786
1790649987,714,12,transition,gpt2_p64_o64,1.456,0.0
1790649987,714,12,transition,gpt2_p512_o512,0.18,0.0
1790649987,714,12,transition,llama_p1024_o128,0,0.0
1790649987,714,12,transition,llama_p2048_o64,0.655,0.1795511221945137
1790649988,715,12,transition,resnet50_image,187.183,133.64290912567927
1790649988,715,12,transition,vgg16_image,476.781,400.5084112149533
1790649988,715,12,transition,vit_base_image,100.828,73.56037151702786
1790649988,715,12,transition,gpt2_p64_o64,1.456,0.0
1790649988,715,12,transition,gpt2_p512_o512,0.18,0.0
1790649988,715,12,transition,llama_p1024_o128,0,0.0
1790649988,715,12,transition,llama_p2048_o64,0.655,0.1795511221945137
1790649989,716,12,transition,resnet50_image,187.183,133.64290912567927
1790649989,716,12,transition,vgg16_image,476.781,400.5084112149533
1790649989,716,12,transition,vit_base_image,100.828,73.56037151702786
1790649989,716,12,transition,gpt2_p64_o64,1.456,0.0
1790649989,716,12,transition,gpt2_p512_o512,0.18,0.0
1790649989,716,12,transition,llama_p1024_o128,0,0.0
1790649989,716,12,transition,llama_p2048_o64,0.655,0.1795511221945137
1790649990,717,12,transition,resnet50_image,187.183,133.64290912567927
1790649990,717,12,transition,vgg16_image,476.781,400.5084112149533
1790649990,717,12,transition,vit_base_image,100.828,73.56037151702786
1790649990,717,12,transition,gpt2_p64_o64,1.456,0.0
1790649990,717,12,transition,gpt2_p512_o512,0.18,0.0
1790649990,717,12,transition,llama_p1024_o128,0,0.0
1790649990,717,12,transition,llama_p2048_o64,0.655,0.1795511221945137
1790649991,718,12,transition,resnet50_image,187.183,133.64290912567927
1790649991,718,12,transition,vgg16_image,476.781,400.5084112149533
1790649991,718,12,transition,vit_base_image,100.828,73.56037151702786
1790649991,718,12,transition,gpt2_p64_o64,1.456,0.0
1790649991,718,12,transition,gpt2_p512_o512,0.18,0.0
1790649991,718,12,transition,llama_p1024_o128,0,0.0
1790649991,718,12,transition,llama_p2048_o64,0.655,0.1795511221945137
1790649992,719,12,transition,resnet50_image,187.183,133.64290912567927
1790649992,719,12,transition,vgg16_image,476.781,400.5084112149533
1790649992,719,12,transition,vit_base_image,100.828,73.56037151702786
1790649992,719,12,transition,gpt2_p64_o64,1.456,0.0
1790649992,719,12,transition,gpt2_p512_o512,0.18,0.0
1790649992,719,12,transition,llama_p1024_o128,0,0.0
1790649992,719,12,transition,llama_p2048_o64,0.655,0.1795511221945137
1790649993,720,12,transition,resnet50_image,187.183,133.64290912567927
1790649993,720,12,transition,vgg16_image,476.781,400.5084112149533
1790649993,720,12,transition,vit_base_image,100.828,73.56037151702786
1790649993,720,12,transition,gpt2_p64_o64,1.456,0.0
1790649993,720,12,transition,gpt2_p512_o512,0.18,0.0
1790649993,720,12,transition,llama_p1024_o128,0,0.0
1790649993,720,12,transition,llama_p2048_o64,0.655,0.1795511221945137
1790649994,721,12,transition,resnet50_image,187.183,133.64290912567927
1790649994,721,12,transition,vgg16_image,476.781,400.5084112149533
1790649994,721,12,transition,vit_base_image,100.828,73.56037151702786
1790649994,721,12,transition,gpt2_p64_o64,1.456,0.0
1790649994,721,12,transition,gpt2_p512_o512,0.18,0.0
1790649994,721,12,transition,llama_p1024_o128,0,0.0
1790649994,721,12,transition,llama_p2048_o64,0.655,0.1795511221945137
1790649995,722,12,transition,resnet50_image,187.183,133.64290912567927
1790649995,722,12,transition,vgg16_image,476.781,400.5084112149533
1790649995,722,12,transition,vit_base_image,100.828,73.56037151702786
1790649995,722,12,transition,gpt2_p64_o64,1.456,0.0
1790649995,722,12,transition,gpt2_p512_o512,0.18,0.0
1790649995,722,12,transition,llama_p1024_o128,0,0.0
1790649995,722,12,transition,llama_p2048_o64,0.655,0.1795511221945137
1790649996,723,12,transition,resnet50_image,187.183,133.64290912567927
1790649996,723,12,transition,vgg16_image,476.781,400.5084112149533
1790649996,723,12,transition,vit_base_image,100.828,73.56037151702786
1790649996,723,12,transition,gpt2_p64_o64,1.456,0.0
1790649996,723,12,transition,gpt2_p512_o512,0.18,0.0
1790649996,723,12,transition,llama_p1024_o128,0,0.0
1790649996,723,12,transition,llama_p2048_o64,0.655,0.1795511221945137
1790649997,724,12,transition,resnet50_image,187.183,133.64290912567927
1790649997,724,12,transition,vgg16_image,476.781,400.5084112149533
1790649997,724,12,transition,vit_base_image,100.828,73.56037151702786
1790649997,724,12,transition,gpt2_p64_o64,1.456,0.0
1790649997,724,12,transition,gpt2_p512_o512,0.18,0.0
1790649997,724,12,transition,llama_p1024_o128,0,0.0
1790649997,724,12,transition,llama_p2048_o64,0.655,0.1795511221945137
1790649998,725,12,transition,resnet50_image,187.183,133.64290912567927
1790649998,725,12,transition,vgg16_image,476.781,400.5084112149533
1790649998,725,12,transition,vit_base_image,100.828,73.56037151702786
1790649998,725,12,transition,gpt2_p64_o64,1.456,0.0
1790649998,725,12,transition,gpt2_p512_o512,0.18,0.0
1790649998,725,12,transition,llama_p1024_o128,0,0.0
1790649998,725,12,transition,llama_p2048_o64,0.655,0.1795511221945137
1790649999,726,12,transition,resnet50_image,187.183,133.64290912567927
1790649999,726,12,transition,vgg16_image,476.781,400.5084112149533
1790649999,726,12,transition,vit_base_image,100.828,73.56037151702786
1790649999,726,12,transition,gpt2_p64_o64,1.456,0.0
1790649999,726,12,transition,gpt2_p512_o512,0.18,0.0
1790649999,726,12,transition,llama_p1024_o128,0,0.0
1790649999,726,12,transition,llama_p2048_o64,0.655,0.1795511221945137
1790650000,727,12,transition,resnet50_image,187.183,133.64290912567927
1790650000,727,12,transition,vgg16_image,476.781,400.5084112149533
1790650000,727,12,transition,vit_base_image,100.828,73.56037151702786
1790650000,727,12,transition,gpt2_p64_o64,1.456,0.0
1790650000,727,12,transition,gpt2_p512_o512,0.18,0.0
1790650000,727,12,transition,llama_p1024_o128,0,0.0
1790650000,727,12,transition,llama_p2048_o64,0.655,0.1795511221945137
1790650001,728,12,transition,resnet50_image,187.183,133.64290912567927
1790650001,728,12,transition,vgg16_image,476.781,400.5084112149533
1790650001,728,12,transition,vit_base_image,100.828,73.56037151702786
1790650001,728,12,transition,gpt2_p64_o64,1.456,0.0
1790650001,728,12,transition,gpt2_p512_o512,0.18,0.0
1790650001,728,12,transition,llama_p1024_o128,0,0.0
1790650001,728,12,transition,llama_p2048_o64,0.655,0.1795511221945137
1790650002,729,12,transition,resnet50_image,187.183,133.64290912567927
1790650002,729,12,transition,vgg16_image,476.781,400.5084112149533
1790650002,729,12,transition,vit_base_image,100.828,73.56037151702786
1790650002,729,12,transition,gpt2_p64_o64,1.456,0.0
1790650002,729,12,transition,gpt2_p512_o512,0.18,0.0
1790650002,729,12,transition,llama_p1024_o128,0,0.0
1790650002,729,12,transition,llama_p2048_o64,0.655,0.1795511221945137
1790650003,730,12,transition,resnet50_image,187.183,133.64290912567927
1790650003,730,12,transition,vgg16_image,476.781,400.5084112149533
1790650003,730,12,transition,vit_base_image,100.828,73.56037151702786
1790650003,730,12,transition,gpt2_p64_o64,1.456,0.0
1790650003,730,12,transition,gpt2_p512_o512,0.18,0.0
1790650003,730,12,transition,llama_p1024_o128,0,0.0
1790650003,730,12,transition,llama_p2048_o64,0.655,0.1795511221945137
1790650004,731,12,transition,resnet50_image,187.183,133.64290912567927
1790650004,731,12,transition,vgg16_image,476.781,400.5084112149533
1790650004,731,12,transition,vit_base_image,100.828,73.56037151702786
1790650004,731,12,transition,gpt2_p64_o64,1.456,0.0
1790650004,731,12,transition,gpt2_p512_o512,0.18,0.0
1790650004,731,12,transition,llama_p1024_o128,0,0.0
1790650004,731,12,transition,llama_p2048_o64,0.655,0.1795511221945137
1790650005,732,12,transition,resnet50_image,187.183,133.64290912567927
1790650005,732,12,transition,vgg16_image,476.781,400.5084112149533
1790650005,732,12,transition,vit_base_image,100.828,73.56037151702786
1790650005,732,12,transition,gpt2_p64_o64,1.456,0.0
1790650005,732,12,transition,gpt2_p512_o512,0.18,0.0
1790650005,732,12,transition,llama_p1024_o128,0.263,0.0
1790650005,732,12,transition,llama_p2048_o64,0.655,0.1795511221945137
1790650006,733,12,transition,resnet50_image,187.183,133.64290912567927
1790650006,733,12,transition,vgg16_image,476.781,400.5084112149533
1790650006,733,12,transition,vit_base_image,100.828,73.56037151702786
1790650006,733,12,transition,gpt2_p64_o64,1.456,0.0
1790650006,733,12,transition,gpt2_p512_o512,0.18,0.0
1790650006,733,12,transition,llama_p1024_o128,0.263,0.0
1790650006,733,12,transition,llama_p2048_o64,0.655,0.1795511221945137
1790650007,734,12,transition,resnet50_image,187.183,133.64290912567927
1790650007,734,12,transition,vgg16_image,476.781,400.5084112149533
1790650007,734,12,transition,vit_base_image,100.828,73.56037151702786
1790650007,734,12,transition,gpt2_p64_o64,1.456,0.0
1790650007,734,12,transition,gpt2_p512_o512,0,0.0
1790650007,734,12,transition,llama_p1024_o128,0.263,0.0
1790650007,734,12,transition,llama_p2048_o64,0.655,0.1795511221945137
1790650008,735,12,transition,resnet50_image,187.183,133.64290912567927
1790650008,735,12,transition,vgg16_image,476.781,400.5084112149533
1790650008,735,12,transition,vit_base_image,100.828,73.56037151702786
1790650008,735,12,transition,gpt2_p64_o64,1.456,0.0
1790650008,735,12,transition,gpt2_p512_o512,0,0.0
1790650008,735,12,transition,llama_p1024_o128,0.263,0.0
1790650008,735,12,transition,llama_p2048_o64,0.655,0.1795511221945137
1790650009,736,12,transition,resnet50_image,187.183,133.64290912567927
1790650009,736,12,transition,vgg16_image,476.781,400.5084112149533
1790650009,736,12,transition,vit_base_image,100.828,73.56037151702786
1790650009,736,12,transition,gpt2_p64_o64,1.456,0.0
1790650009,736,12,transition,gpt2_p512_o512,0,0.0
1790650009,736,12,transition,llama_p1024_o128,0.263,0.0
1790650009,736,12,transition,llama_p2048_o64,0.655,0.1795511221945137
1790650010,737,12,transition,resnet50_image,187.183,133.64290912567927
1790650010,737,12,transition,vgg16_image,476.781,400.5084112149533
1790650010,737,12,transition,vit_base_image,100.828,73.56037151702786
1790650010,737,12,transition,gpt2_p64_o64,1.456,0.0
1790650010,737,12,transition,gpt2_p512_o512,0,0.0
1790650010,737,12,transition,llama_p1024_o128,0.263,0.0
1790650010,737,12,transition,llama_p2048_o64,0.655,0.1795511221945137
1790650011,738,12,transition,resnet50_image,187.183,133.64290912567927
1790650011,738,12,transition,vgg16_image,476.781,400.5084112149533
1790650011,738,12,transition,vit_base_image,100.828,73.56037151702786
1790650011,738,12,transition,gpt2_p64_o64,1.456,0.0
1790650011,738,12,transition,gpt2_p512_o512,0,0.0
1790650011,738,12,transition,llama_p1024_o128,0.263,0.0
1790650011,738,12,transition,llama_p2048_o64,0.655,0.1795511221945137
1790650012,739,12,transition,resnet50_image,187.183,133.64290912567927
1790650012,739,12,transition,vgg16_image,476.781,400.5084112149533
1790650012,739,12,transition,vit_base_image,100.828,73.56037151702786
1790650012,739,12,transition,gpt2_p64_o64,1.456,0.0
1790650012,739,12,transition,gpt2_p512_o512,0,0.0
1790650012,739,12,transition,llama_p1024_o128,0.263,0.0
1790650012,739,12,transition,llama_p2048_o64,0.655,0.1795511221945137
1790650013,740,12,transition,resnet50_image,187.183,133.64290912567927
1790650013,740,12,transition,vgg16_image,476.781,400.5084112149533
1790650013,740,12,transition,vit_base_image,100.828,73.56037151702786
1790650013,740,12,transition,gpt2_p64_o64,1.456,0.0
1790650013,740,12,transition,gpt2_p512_o512,0,0.0
1790650013,740,12,transition,llama_p1024_o128,0.263,0.0
1790650013,740,12,transition,llama_p2048_o64,0.655,0.1795511221945137
1790650014,741,12,transition,resnet50_image,187.183,133.64290912567927
1790650014,741,12,transition,vgg16_image,476.781,400.5084112149533
1790650014,741,12,transition,vit_base_image,100.828,73.56037151702786
1790650014,741,12,transition,gpt2_p64_o64,1.456,0.0
1790650014,741,12,transition,gpt2_p512_o512,0,0.0
1790650014,741,12,transition,llama_p1024_o128,0.263,0.0
1790650014,741,12,transition,llama_p2048_o64,0.655,0.1795511221945137
1790650015,742,12,transition,resnet50_image,187.183,133.64290912567927
1790650015,742,12,transition,vgg16_image,476.781,400.5084112149533
1790650015,742,12,transition,vit_base_image,100.828,73.56037151702786
1790650015,742,12,transition,gpt2_p64_o64,1.456,0.0
1790650015,742,12,transition,gpt2_p512_o512,0,0.0
1790650015,742,12,transition,llama_p1024_o128,0.263,0.0
1790650015,742,12,transition,llama_p2048_o64,0.655,0.1795511221945137
1790650016,743,12,steady,resnet50_image,187.183,133.64290912567927
1790650016,743,12,steady,vgg16_image,476.781,460.08224299065415
1790650016,743,12,steady,vit_base_image,100.828,73.56037151702786
1790650016,743,12,steady,gpt2_p64_o64,1.456,0.0
1790650016,743,12,steady,gpt2_p512_o512,0,0.0
1790650016,743,12,steady,llama_p1024_o128,0.621,0.5975103734439834
1790650016,743,12,steady,llama_p2048_o64,0.655,0.1795511221945137
1790650017,744,12,steady,resnet50_image,187.183,133.64290912567927
1790650017,744,12,steady,vgg16_image,476.781,460.08224299065415
1790650017,744,12,steady,vit_base_image,100.828,73.56037151702786
1790650017,744,12,steady,gpt2_p64_o64,1.456,0.0
1790650017,744,12,steady,gpt2_p512_o512,0,0.0
1790650017,744,12,steady,llama_p1024_o128,0.621,0.5975103734439834
1790650017,744,12,steady,llama_p2048_o64,0.655,0.1795511221945137
1790650018,745,12,steady,resnet50_image,187.183,133.64290912567927
1790650018,745,12,steady,vgg16_image,476.781,460.08224299065415
1790650018,745,12,steady,vit_base_image,100.828,73.56037151702786
1790650018,745,12,steady,gpt2_p64_o64,1.456,0.0
1790650018,745,12,steady,gpt2_p512_o512,0,0.0
1790650018,745,12,steady,llama_p1024_o128,0.621,0.5975103734439834
1790650018,745,12,steady,llama_p2048_o64,0.655,0.1795511221945137
1790650019,746,12,steady,resnet50_image,187.183,133.64290912567927
1790650019,746,12,steady,vgg16_image,476.781,460.08224299065415
1790650019,746,12,steady,vit_base_image,100.828,73.56037151702786
1790650019,746,12,steady,gpt2_p64_o64,1.456,0.0
1790650019,746,12,steady,gpt2_p512_o512,0,0.0
1790650019,746,12,steady,llama_p1024_o128,0.621,0.5975103734439834
1790650019,746,12,steady,llama_p2048_o64,0.655,0.1795511221945137
1790650020,747,12,steady,resnet50_image,187.183,133.64290912567927
1790650020,747,12,steady,vgg16_image,476.781,460.08224299065415
1790650020,747,12,steady,vit_base_image,100.828,73.56037151702786
1790650020,747,12,steady,gpt2_p64_o64,1.456,0.0
1790650020,747,12,steady,gpt2_p512_o512,0,0.0
1790650020,747,12,steady,llama_p1024_o128,0.621,0.5975103734439834
1790650020,747,12,steady,llama_p2048_o64,0.655,0.1795511221945137
1790650021,748,12,steady,resnet50_image,187.183,133.64290912567927
1790650021,748,12,steady,vgg16_image,476.781,460.08224299065415
1790650021,748,12,steady,vit_base_image,100.828,73.56037151702786
1790650021,748,12,steady,gpt2_p64_o64,1.456,0.0
1790650021,748,12,steady,gpt2_p512_o512,0,0.0
1790650021,748,12,steady,llama_p1024_o128,0.621,0.5975103734439834
1790650021,748,12,steady,llama_p2048_o64,0.655,0.1795511221945137
1790650022,749,12,steady,resnet50_image,187.183,133.64290912567927
1790650022,749,12,steady,vgg16_image,476.781,460.08224299065415
1790650022,749,12,steady,vit_base_image,100.828,73.56037151702786
1790650022,749,12,steady,gpt2_p64_o64,1.456,0.0
1790650022,749,12,steady,gpt2_p512_o512,0,0.0
1790650022,749,12,steady,llama_p1024_o128,0.621,0.5975103734439834
1790650022,749,12,steady,llama_p2048_o64,0.655,0.1795511221945137
1790650023,750,12,steady,resnet50_image,187.183,133.64290912567927
1790650023,750,12,steady,vgg16_image,476.781,460.08224299065415
1790650023,750,12,steady,vit_base_image,100.828,73.56037151702786
1790650023,750,12,steady,gpt2_p64_o64,1.456,0.0
1790650023,750,12,steady,gpt2_p512_o512,0,0.0
1790650023,750,12,steady,llama_p1024_o128,0.621,0.5975103734439834
1790650023,750,12,steady,llama_p2048_o64,0.655,0.1795511221945137
1790650024,751,12,steady,resnet50_image,187.183,133.64290912567927
1790650024,751,12,steady,vgg16_image,476.781,460.08224299065415
1790650024,751,12,steady,vit_base_image,100.828,73.56037151702786
1790650024,751,12,steady,gpt2_p64_o64,1.456,0.0
1790650024,751,12,steady,gpt2_p512_o512,0,0.0
1790650024,751,12,steady,llama_p1024_o128,0.621,0.5975103734439834
1790650024,751,12,steady,llama_p2048_o64,0.655,0.1795511221945137
1790650025,752,12,steady,resnet50_image,187.183,133.64290912567927
1790650025,752,12,steady,vgg16_image,476.781,460.08224299065415
1790650025,752,12,steady,vit_base_image,100.828,73.56037151702786
1790650025,752,12,steady,gpt2_p64_o64,1.456,0.0
1790650025,752,12,steady,gpt2_p512_o512,0,0.0
1790650025,752,12,steady,llama_p1024_o128,0.621,0.5975103734439834
1790650025,752,12,steady,llama_p2048_o64,0.655,0.1795511221945137
1790650026,753,12,steady,resnet50_image,187.183,133.64290912567927
1790650026,753,12,steady,vgg16_image,476.781,460.08224299065415
1790650026,753,12,steady,vit_base_image,100.828,73.56037151702786
1790650026,753,12,steady,gpt2_p64_o64,1.456,0.0
1790650026,753,12,steady,gpt2_p512_o512,0,0.0
1790650026,753,12,steady,llama_p1024_o128,0.621,0.5975103734439834
1790650026,753,12,steady,llama_p2048_o64,0.655,0.1795511221945137
1790650027,754,12,steady,resnet50_image,187.183,133.64290912567927
1790650027,754,12,steady,vgg16_image,476.781,460.08224299065415
1790650027,754,12,steady,vit_base_image,100.828,73.56037151702786
1790650027,754,12,steady,gpt2_p64_o64,1.456,0.0
1790650027,754,12,steady,gpt2_p512_o512,0,0.0
1790650027,754,12,steady,llama_p1024_o128,0.621,0.5975103734439834
1790650027,754,12,steady,llama_p2048_o64,0.655,0.1795511221945137
1790650028,755,12,steady,resnet50_image,187.183,133.64290912567927
1790650028,755,12,steady,vgg16_image,476.781,460.08224299065415
1790650028,755,12,steady,vit_base_image,100.828,73.56037151702786
1790650028,755,12,steady,gpt2_p64_o64,1.456,0.0
1790650028,755,12,steady,gpt2_p512_o512,0,0.0
1790650028,755,12,steady,llama_p1024_o128,0.621,0.5975103734439834
1790650028,755,12,steady,llama_p2048_o64,0.655,0.1795511221945137
1790650029,756,12,steady,resnet50_image,187.183,133.64290912567927
1790650029,756,12,steady,vgg16_image,476.781,460.08224299065415
1790650029,756,12,steady,vit_base_image,100.828,73.56037151702786
1790650029,756,12,steady,gpt2_p64_o64,1.456,0.0
1790650029,756,12,steady,gpt2_p512_o512,0,0.0
1790650029,756,12,steady,llama_p1024_o128,0.621,0.5975103734439834
1790650029,756,12,steady,llama_p2048_o64,0.655,0.1795511221945137
1790650030,757,12,steady,resnet50_image,187.183,133.64290912567927
1790650030,757,12,steady,vgg16_image,476.781,460.08224299065415
1790650030,757,12,steady,vit_base_image,100.828,73.56037151702786
1790650030,757,12,steady,gpt2_p64_o64,1.456,0.0
1790650030,757,12,steady,gpt2_p512_o512,0,0.0
1790650030,757,12,steady,llama_p1024_o128,0.621,0.5975103734439834
1790650030,757,12,steady,llama_p2048_o64,0.655,0.1795511221945137
1790650031,758,12,steady,resnet50_image,187.183,133.64290912567927
1790650031,758,12,steady,vgg16_image,476.781,460.08224299065415
1790650031,758,12,steady,vit_base_image,100.828,73.56037151702786
1790650031,758,12,steady,gpt2_p64_o64,1.456,0.0
1790650031,758,12,steady,gpt2_p512_o512,0,0.0
1790650031,758,12,steady,llama_p1024_o128,0.621,0.5975103734439834
1790650031,758,12,steady,llama_p2048_o64,0.655,0.1795511221945137
1790650032,759,12,steady,resnet50_image,187.183,133.64290912567927
1790650032,759,12,steady,vgg16_image,476.781,460.08224299065415
1790650032,759,12,steady,vit_base_image,100.828,73.56037151702786
1790650032,759,12,steady,gpt2_p64_o64,1.456,0.0
1790650032,759,12,steady,gpt2_p512_o512,0,0.0
1790650032,759,12,steady,llama_p1024_o128,0.621,0.5975103734439834
1790650032,759,12,steady,llama_p2048_o64,0.655,0.1795511221945137
1790650033,760,12,steady,resnet50_image,187.183,133.64290912567927
1790650033,760,12,steady,vgg16_image,476.781,460.08224299065415
1790650033,760,12,steady,vit_base_image,100.828,73.56037151702786
1790650033,760,12,steady,gpt2_p64_o64,1.456,0.0
1790650033,760,12,steady,gpt2_p512_o512,0,0.0
1790650033,760,12,steady,llama_p1024_o128,0.621,0.5975103734439834
1790650033,760,12,steady,llama_p2048_o64,0.655,0.1795511221945137
1790650034,761,12,steady,resnet50_image,187.183,133.64290912567927
1790650034,761,12,steady,vgg16_image,476.781,460.08224299065415
1790650034,761,12,steady,vit_base_image,100.828,73.56037151702786
1790650034,761,12,steady,gpt2_p64_o64,1.456,0.0
1790650034,761,12,steady,gpt2_p512_o512,0,0.0
1790650034,761,12,steady,llama_p1024_o128,0.621,0.5975103734439834
1790650034,761,12,steady,llama_p2048_o64,0.655,0.1795511221945137
1790650035,762,12,steady,resnet50_image,187.183,133.64290912567927
1790650035,762,12,steady,vgg16_image,476.781,460.08224299065415
1790650035,762,12,steady,vit_base_image,100.828,73.56037151702786
1790650035,762,12,steady,gpt2_p64_o64,1.456,0.0
1790650035,762,12,steady,gpt2_p512_o512,0,0.0
1790650035,762,12,steady,llama_p1024_o128,0.621,0.5975103734439834
1790650035,762,12,steady,llama_p2048_o64,0.655,0.1795511221945137
1790650036,763,12,steady,resnet50_image,187.183,133.64290912567927
1790650036,763,12,steady,vgg16_image,476.781,460.08224299065415
1790650036,763,12,steady,vit_base_image,100.828,73.56037151702786
1790650036,763,12,steady,gpt2_p64_o64,1.456,0.0
1790650036,763,12,steady,gpt2_p512_o512,0,0.0
1790650036,763,12,steady,llama_p1024_o128,0.621,0.5975103734439834
1790650036,763,12,steady,llama_p2048_o64,0.655,0.1795511221945137
1790650037,764,12,steady,resnet50_image,187.183,133.64290912567927
1790650037,764,12,steady,vgg16_image,476.781,460.08224299065415
1790650037,764,12,steady,vit_base_image,100.828,73.56037151702786
1790650037,764,12,steady,gpt2_p64_o64,1.456,0.0
1790650037,764,12,steady,gpt2_p512_o512,0,0.0
1790650037,764,12,steady,llama_p1024_o128,0.621,0.5975103734439834
1790650037,764,12,steady,llama_p2048_o64,0.655,0.1795511221945137
1790650038,765,12,steady,resnet50_image,187.183,133.64290912567927
1790650038,765,12,steady,vgg16_image,476.781,460.08224299065415
1790650038,765,12,steady,vit_base_image,100.828,73.56037151702786
1790650038,765,12,steady,gpt2_p64_o64,1.456,0.0
1790650038,765,12,steady,gpt2_p512_o512,0,0.0
1790650038,765,12,steady,llama_p1024_o128,0.621,0.5975103734439834
1790650038,765,12,steady,llama_p2048_o64,0.655,0.1795511221945137
1790650039,766,12,steady,resnet50_image,187.183,133.64290912567927
1790650039,766,12,steady,vgg16_image,476.781,460.08224299065415
1790650039,766,12,steady,vit_base_image,100.828,73.56037151702786
1790650039,766,12,steady,gpt2_p64_o64,1.456,0.0
1790650039,766,12,steady,gpt2_p512_o512,0,0.0
1790650039,766,12,steady,llama_p1024_o128,0.621,0.5975103734439834
1790650039,766,12,steady,llama_p2048_o64,0.655,0.1795511221945137
1790650040,767,12,steady,resnet50_image,187.183,133.64290912567927
1790650040,767,12,steady,vgg16_image,476.781,460.08224299065415
1790650040,767,12,steady,vit_base_image,100.828,73.56037151702786
1790650040,767,12,steady,gpt2_p64_o64,1.456,0.0
1790650040,767,12,steady,gpt2_p512_o512,0,0.0
1790650040,767,12,steady,llama_p1024_o128,0.621,0.5975103734439834
1790650040,767,12,steady,llama_p2048_o64,0.655,0.1795511221945137
1790650041,768,12,steady,resnet50_image,187.183,133.64290912567927
1790650041,768,12,steady,vgg16_image,476.781,460.08224299065415
1790650041,768,12,steady,vit_base_image,100.828,73.56037151702786
1790650041,768,12,steady,gpt2_p64_o64,1.456,0.0
1790650041,768,12,steady,gpt2_p512_o512,0,0.0
1790650041,768,12,steady,llama_p1024_o128,0.621,0.5975103734439834
1790650041,768,12,steady,llama_p2048_o64,0.655,0.1795511221945137
1790650042,769,12,steady,resnet50_image,187.183,133.64290912567927
1790650042,769,12,steady,vgg16_image,476.781,460.08224299065415
1790650042,769,12,steady,vit_base_image,100.828,73.56037151702786
1790650042,769,12,steady,gpt2_p64_o64,1.456,0.0
1790650042,769,12,steady,gpt2_p512_o512,0,0.0
1790650042,769,12,steady,llama_p1024_o128,0.621,0.5975103734439834
1790650042,769,12,steady,llama_p2048_o64,0.655,0.1795511221945137
1790650043,770,12,steady,resnet50_image,187.183,133.64290912567927
1790650043,770,12,steady,vgg16_image,476.781,460.08224299065415
1790650043,770,12,steady,vit_base_image,100.828,73.56037151702786
1790650043,770,12,steady,gpt2_p64_o64,1.456,0.0
1790650043,770,12,steady,gpt2_p512_o512,0,0.0
1790650043,770,12,steady,llama_p1024_o128,0.621,0.5975103734439834
1790650043,770,12,steady,llama_p2048_o64,0.655,0.1795511221945137
1790650044,771,12,steady,resnet50_image,187.183,133.64290912567927
1790650044,771,12,steady,vgg16_image,476.781,460.08224299065415
1790650044,771,12,steady,vit_base_image,100.828,73.56037151702786
1790650044,771,12,steady,gpt2_p64_o64,1.456,0.0
1790650044,771,12,steady,gpt2_p512_o512,0,0.0
1790650044,771,12,steady,llama_p1024_o128,0.621,0.5975103734439834
1790650044,771,12,steady,llama_p2048_o64,0.655,0.1795511221945137
1790650045,772,12,steady,resnet50_image,187.183,133.64290912567927
1790650045,772,12,steady,vgg16_image,476.781,460.08224299065415
1790650045,772,12,steady,vit_base_image,100.828,73.56037151702786
1790650045,772,12,steady,gpt2_p64_o64,1.456,0.0
1790650045,772,12,steady,gpt2_p512_o512,0,0.0
1790650045,772,12,steady,llama_p1024_o128,0.621,0.5975103734439834
1790650045,772,12,steady,llama_p2048_o64,0.655,0.1795511221945137
