t_utc,t_rel,live_round,window,workload,offered,sent,completed,rate_rps,target_rps,ledger_capacity_rps
1790649273,0,,,resnet50_image,0,0,0,,,
1790649273,0,,,vgg16_image,0,0,0,,,
1790649273,0,,,vit_base_image,0,0,0,,,
1790649274,1,1,transition,resnet50_image,0,0,0,0.0,242.71580725528415,
1790649274,1,1,transition,vgg16_image,0,0,0,0.0,446.803738317757,
1790649274,1,1,transition,vit_base_image,0,0,0,0.0,122.60061919504642,
1790649275,2,1,transition,resnet50_image,0,0,0,0.0,242.71580725528415,
1790649275,2,1,transition,vgg16_image,0,0,0,0.0,446.803738317757,
1790649275,2,1,transition,vit_base_image,0,0,0,0.0,122.60061919504642,
1790649276,3,1,transition,resnet50_image,0,0,0,0.0,242.71580725528415,
1790649276,3,1,transition,vgg16_image,0,0,0,0.0,446.803738317757,
1790649276,3,1,transition,vit_base_image,0,0,0,0.0,122.60061919504642,
1790649277,4,1,transition,resnet50_image,0,0,0,0.0,242.71580725528415,
1790649277,4,1,transition,vgg16_image,0,0,0,0.0,446.803738317757,
1790649277,4,1,transition,vit_base_image,0,0,0,0.0,122.60061919504642,
1790649278,5,1,transition,resnet50_image,0,0,0,0.0,242.71580725528415,
1790649278,5,1,transition,vgg16_image,0,0,0,0.0,446.803738317757,
1790649278,5,1,transition,vit_base_image,0,0,0,0.0,122.60061919504642,
1790649279,6,1,transition,resnet50_image,0,0,0,0.0,242.71580725528415,
1790649279,6,1,transition,vgg16_image,0,0,0,0.0,446.803738317757,
1790649279,6,1,transition,vit_base_image,0,0,0,0.0,122.60061919504642,
1790649280,7,1,transition,resnet50_image,0,0,0,0.0,242.71580725528415,
1790649280,7,1,transition,vgg16_image,0,0,0,0.0,446.803738317757,
1790649280,7,1,transition,vit_base_image,0,0,0,0.0,122.60061919504642,
1790649281,8,1,transition,resnet50_image,0,0,0,0.0,242.71580725528415,
1790649281,8,1,transition,vgg16_image,0,0,0,0.0,446.803738317757,
1790649281,8,1,transition,vit_base_image,0,0,0,0.0,122.60061919504642,
1790649282,9,1,transition,resnet50_image,0,0,0,0.0,242.71580725528415,0
1790649282,9,1,transition,vgg16_image,0,0,0,0.0,446.803738317757,0
1790649282,9,1,transition,vit_base_image,0,0,0,0.0,122.60061919504642,0
1790649283,10,1,transition,resnet50_image,0,0,0,0.0,242.71580725528415,0
1790649283,10,1,transition,vgg16_image,0,0,0,0.0,446.803738317757,0
1790649283,10,1,transition,vit_base_image,0,0,0,0.0,122.60061919504642,0
1790649284,11,1,transition,resnet50_image,0,0,0,0.0,242.71580725528415,0
1790649284,11,1,transition,vgg16_image,0,0,0,0.0,446.803738317757,0
1790649284,11,1,transition,vit_base_image,0,0,0,0.0,122.60061919504642,0
1790649285,12,1,transition,resnet50_image,0,0,0,0.0,242.71580725528415,0
1790649285,12,1,transition,vgg16_image,0,0,0,0.0,446.803738317757,0
1790649285,12,1,transition,vit_base_image,0,0,0,0.0,122.60061919504642,0
1790649286,13,1,transition,resnet50_image,0,0,0,0.0,242.71580725528415,0
1790649286,13,1,transition,vgg16_image,0,0,0,0.0,446.803738317757,0
1790649286,13,1,transition,vit_base_image,0,0,0,0.0,122.60061919504642,0
1790649287,14,1,transition,resnet50_image,0,0,0,0.0,242.71580725528415,0
1790649287,14,1,transition,vgg16_image,0,0,0,0.0,446.803738317757,0
1790649287,14,1,transition,vit_base_image,0,0,0,0.0,122.60061919504642,0
1790649288,15,1,transition,resnet50_image,0,0,0,0.0,242.71580725528415,0
1790649288,15,1,transition,vgg16_image,0,0,0,0.0,446.803738317757,0
1790649288,15,1,transition,vit_base_image,0,0,0,0.0,122.60061919504642,0
1790649289,16,1,transition,resnet50_image,0,0,0,0.0,242.71580725528415,0
1790649289,16,1,transition,vgg16_image,0,0,0,0.0,446.803738317757,0
1790649289,16,1,transition,vit_base_image,0,0,0,0.0,122.60061919504642,0
1790649290,17,1,transition,resnet50_image,0,0,0,0.0,242.71580725528415,0
1790649290,17,1,transition,vgg16_image,0,0,0,0.0,446.803738317757,0
1790649290,17,1,transition,vit_base_image,0,0,0,0.0,122.60061919504642,0
1790649291,18,1,transition,resnet50_image,0,0,0,0.0,242.71580725528415,0
1790649291,18,1,transition,vgg16_image,0,0,0,0.0,446.803738317757,0
1790649291,18,1,transition,vit_base_image,0,0,0,0.0,122.60061919504642,0
1790649292,19,1,transition,resnet50_image,0,0,0,0.0,242.71580725528415,0
1790649292,19,1,transition,vgg16_image,0,0,0,0.0,446.803738317757,0
1790649292,19,1,transition,vit_base_image,0,0,0,0.0,122.60061919504642,0
1790649293,20,1,transition,resnet50_image,0,0,0,0.0,242.71580725528415,0
1790649293,20,1,transition,vgg16_image,0,0,0,0.0,446.803738317757,0
1790649293,20,1,transition,vit_base_image,0,0,0,0.0,122.60061919504642,0
1790649294,21,1,transition,resnet50_image,0,0,0,0.0,242.71580725528415,0
1790649294,21,1,transition,vgg16_image,0,0,0,0.0,446.803738317757,0
1790649294,21,1,transition,vit_base_image,0,0,0,0.0,122.60061919504642,0
1790649295,22,1,transition,resnet50_image,0,0,0,0.0,242.71580725528415,0
1790649295,22,1,transition,vgg16_image,0,0,0,0.0,446.803738317757,0
1790649295,22,1,transition,vit_base_image,0,0,0,0.0,122.60061919504642,0
1790649296,23,1,transition,resnet50_image,0,0,0,0.0,242.71580725528415,0
1790649296,23,1,transition,vgg16_image,0,0,0,0.0,446.803738317757,0
1790649296,23,1,transition,vit_base_image,0,0,0,0.0,122.60061919504642,0
1790649297,24,1,transition,resnet50_image,0,0,0,0.0,242.71580725528415,0
1790649297,24,1,transition,vgg16_image,0,0,0,0.0,446.803738317757,0
1790649297,24,1,transition,vit_base_image,0,0,0,0.0,122.60061919504642,0
1790649298,25,1,transition,resnet50_image,0,0,0,0.0,242.71580725528415,0
1790649298,25,1,transition,vgg16_image,0,0,0,0.0,446.803738317757,0
1790649298,25,1,transition,vit_base_image,0,0,0,0.0,122.60061919504642,0
1790649299,26,1,transition,resnet50_image,0,0,0,0.0,242.71580725528415,0
1790649299,26,1,transition,vgg16_image,0,0,0,0.0,446.803738317757,0
1790649299,26,1,transition,vit_base_image,0,0,0,0.0,122.60061919504642,0
1790649300,27,1,transition,resnet50_image,0,0,0,0.0,242.71580725528415,0
1790649300,27,1,transition,vgg16_image,0,0,0,0.0,446.803738317757,0
1790649300,27,1,transition,vit_base_image,0,0,0,0.0,122.60061919504642,0
1790649301,28,1,transition,resnet50_image,0,0,0,0.0,242.71580725528415,307.73
1790649301,28,1,transition,vgg16_image,0,0,0,0.0,446.803738317757,0
1790649301,28,1,transition,vit_base_image,0,0,0,0.0,122.60061919504642,126.198
1790649302,29,1,transition,resnet50_image,0,0,0,0.0,242.71580725528415,307.73
1790649302,29,1,transition,vgg16_image,0,0,0,0.0,446.803738317757,0
1790649302,29,1,transition,vit_base_image,0,0,0,0.0,122.60061919504642,126.198
1790649303,30,1,transition,resnet50_image,0,0,0,0.0,242.71580725528415,307.73
1790649303,30,1,transition,vgg16_image,0,0,0,0.0,446.803738317757,476.781
1790649303,30,1,transition,vit_base_image,0,0,0,0.0,122.60061919504642,126.198
1790649304,31,1,transition,resnet50_image,0,0,0,0.0,242.71580725528415,307.73
1790649304,31,1,transition,vgg16_image,0,0,0,0.0,446.803738317757,476.781
1790649304,31,1,transition,vit_base_image,0,0,0,0.0,122.60061919504642,126.198
1790649305,32,1,transition,resnet50_image,0,0,0,0.0,242.71580725528415,307.73
1790649305,32,1,transition,vgg16_image,0,0,0,0.0,446.803738317757,476.781
1790649305,32,1,transition,vit_base_image,0,0,0,0.0,122.60061919504642,126.198
1790649306,33,1,transition,resnet50_image,0,0,0,0.0,242.71580725528415,307.73
1790649306,33,1,transition,vgg16_image,0,0,0,0.0,446.803738317757,476.781
1790649306,33,1,transition,vit_base_image,0,0,0,0.0,122.60061919504642,126.198
1790649307,34,1,transition,resnet50_image,0,0,0,0.0,242.71580725528415,307.73
1790649307,34,1,transition,vgg16_image,0,0,0,0.0,446.803738317757,476.781
1790649307,34,1,transition,vit_base_image,0,0,0,0.0,122.60061919504642,126.198
1790649308,35,1,transition,resnet50_image,0,0,0,0.0,242.71580725528415,307.73
1790649308,35,1,transition,vgg16_image,0,0,0,0.0,446.803738317757,476.781
1790649308,35,1,transition,vit_base_image,0,0,0,0.0,122.60061919504642,126.198
1790649309,36,1,steady,resnet50_image,168,168,162,242.71580725528415,242.71580725528415,307.73
1790649309,36,1,steady,vgg16_image,310,310,289,446.803738317757,446.803738317757,476.781
1790649309,36,1,steady,vit_base_image,86,85,68,122.60061919504642,122.60061919504642,126.198
1790649310,37,1,steady,resnet50_image,243,243,244,242.71580725528415,242.71580725528415,307.73
1790649310,37,1,steady,vgg16_image,447,447,437,446.803738317757,446.803738317757,476.781
1790649310,37,1,steady,vit_base_image,122,123,117,122.60061919504642,122.60061919504642,126.198
1790649311,38,1,steady,resnet50_image,243,242,216,242.71580725528415,242.71580725528415,307.73
1790649311,38,1,steady,vgg16_image,447,446,397,446.803738317757,446.803738317757,476.781
1790649311,38,1,steady,vit_base_image,123,123,113,122.60061919504642,122.60061919504642,126.198
1790649312,39,1,steady,resnet50_image,242,243,268,242.71580725528415,242.71580725528415,307.73
1790649312,39,1,steady,vgg16_image,447,446,478,446.803738317757,446.803738317757,476.781
1790649312,39,1,steady,vit_base_image,122,122,103,122.60061919504642,122.60061919504642,126.198
1790649313,40,1,steady,resnet50_image,243,243,244,242.71580725528415,242.71580725528415,307.73
1790649313,40,1,steady,vgg16_image,446,448,466,446.803738317757,446.803738317757,476.781
1790649313,40,1,steady,vit_base_image,123,123,131,122.60061919504642,122.60061919504642,126.198
1790649314,41,1,steady,resnet50_image,243,243,241,242.71580725528415,242.71580725528415,307.73
1790649314,41,1,steady,vgg16_image,447,446,446,446.803738317757,446.803738317757,476.781
1790649314,41,1,steady,vit_base_image,123,122,131,122.60061919504642,122.60061919504642,126.198
1790649315,42,1,steady,resnet50_image,243,242,246,242.71580725528415,242.71580725528415,307.73
1790649315,42,1,steady,vgg16_image,447,448,457,446.803738317757,446.803738317757,476.781
1790649315,42,1,steady,vit_base_image,122,123,105,122.60061919504642,122.60061919504642,126.198
1790649316,43,1,steady,resnet50_image,242,243,242,242.71580725528415,242.71580725528415,307.73
1790649316,43,1,steady,vgg16_image,447,446,444,446.803738317757,446.803738317757,476.781
1790649316,43,1,steady,vit_base_image,123,123,132,122.60061919504642,122.60061919504642,126.198
1790649317,44,1,steady,resnet50_image,243,243,243,242.71580725528415,242.71580725528415,307.73
1790649317,44,1,steady,vgg16_image,447,447,443,446.803738317757,446.803738317757,476.781
1790649317,44,1,steady,vit_base_image,122,122,119,122.60061919504642,122.60061919504642,126.198
1790649318,45,1,steady,resnet50_image,243,242,241,242.71580725528415,242.71580725528415,307.73
1790649318,45,1,steady,vgg16_image,446,447,443,446.803738317757,446.803738317757,476.781
1790649318,45,1,steady,vit_base_image,123,123,122,122.60061919504642,122.60061919504642,126.198
1790649319,46,1,steady,resnet50_image,242,243,243,242.71580725528415,242.71580725528415,307.73
1790649319,46,1,steady,vgg16_image,447,446,454,446.803738317757,446.803738317757,476.781
1790649319,46,1,steady,vit_base_image,123,122,123,122.60061919504642,122.60061919504642,126.198
1790649320,47,1,steady,resnet50_image,243,243,244,242.71580725528415,242.71580725528415,307.73
1790649320,47,1,steady,vgg16_image,447,447,416,446.803738317757,446.803738317757,476.781
1790649320,47,1,steady,vit_base_image,122,123,123,122.60061919504642,122.60061919504642,126.198
1790649321,48,1,steady,resnet50_image,243,243,242,242.71580725528415,242.71580725528415,307.73
1790649321,48,1,steady,vgg16_image,447,447,464,446.803738317757,446.803738317757,476.781
1790649321,48,1,steady,vit_base_image,123,122,125,122.60061919504642,122.60061919504642,126.198
1790649322,49,1,steady,resnet50_image,243,243,242,242.71580725528415,242.71580725528415,307.73
1790649322,49,1,steady,vgg16_image,447,448,464,446.803738317757,446.803738317757,476.781
1790649322,49,1,steady,vit_base_image,122,123,122,122.60061919504642,122.60061919504642,126.198
1790649323,50,1,steady,resnet50_image,242,242,243,242.71580725528415,242.71580725528415,307.73
1790649323,50,1,steady,vgg16_image,446,446,445,446.803738317757,446.803738317757,476.781
1790649323,50,1,steady,vit_base_image,123,123,122,122.60061919504642,122.60061919504642,126.198
1790649324,51,1,steady,resnet50_image,243,243,242,242.71580725528415,242.71580725528415,307.73
1790649324,51,1,steady,vgg16_image,447,447,446,446.803738317757,446.803738317757,476.781
1790649324,51,1,steady,vit_base_image,123,122,120,122.60061919504642,122.60061919504642,126.198
1790649325,52,1,steady,resnet50_image,243,242,244,242.71580725528415,242.71580725528415,307.73
1790649325,52,1,steady,vgg16_image,447,446,445,446.803738317757,446.803738317757,476.781
1790649325,52,1,steady,vit_base_image,122,123,115,122.60061919504642,122.60061919504642,126.198
1790649326,53,1,steady,resnet50_image,242,243,242,242.71580725528415,242.71580725528415,307.73
1790649326,53,1,steady,vgg16_image,447,448,444,446.803738317757,446.803738317757,476.781
1790649326,53,1,steady,vit_base_image,123,122,144,122.60061919504642,122.60061919504642,126.198
1790649327,54,1,steady,resnet50_image,243,243,244,242.71580725528415,242.71580725528415,307.73
1790649327,54,1,steady,vgg16_image,447,446,444,446.803738317757,446.803738317757,476.781
1790649327,54,1,steady,vit_base_image,122,123,114,122.60061919504642,122.60061919504642,126.198
1790649328,55,1,steady,resnet50_image,243,242,242,242.71580725528415,242.71580725528415,307.73
1790649328,55,1,steady,vgg16_image,446,446,446,446.803738317757,446.803738317757,476.781
1790649328,55,1,steady,vit_base_image,123,123,119,122.60061919504642,122.60061919504642,126.198
1790649329,56,1,steady,resnet50_image,243,243,243,242.71580725528415,242.71580725528415,307.73
1790649329,56,1,steady,vgg16_image,447,448,444,446.803738317757,446.803738317757,476.781
1790649329,56,1,steady,vit_base_image,123,122,122,122.60061919504642,122.60061919504642,126.198
1790649330,57,1,steady,resnet50_image,242,243,242,242.71580725528415,242.71580725528415,307.73
1790649330,57,1,steady,vgg16_image,447,447,459,446.803738317757,446.803738317757,476.781
1790649330,57,1,steady,vit_base_image,122,123,134,122.60061919504642,122.60061919504642,126.198
1790649331,58,1,steady,resnet50_image,243,243,242,242.71580725528415,242.71580725528415,307.73
1790649331,58,1,steady,vgg16_image,447,446,448,446.803738317757,446.803738317757,476.781
1790649331,58,1,steady,vit_base_image,123,122,114,122.60061919504642,122.60061919504642,126.198
1790649332,59,1,steady,resnet50_image,243,243,244,242.71580725528415,242.71580725528415,307.73
1790649332,59,1,steady,vgg16_image,447,448,446,446.803738317757,446.803738317757,476.781
1790649332,59,1,steady,vit_base_image,122,123,119,122.60061919504642,122.60061919504642,126.198
1790649333,60,1,steady,resnet50_image,242,242,243,242.71580725528415,242.71580725528415,307.73
1790649333,60,1,steady,vgg16_image,446,446,444,446.803738317757,446.803738317757,476.781
1790649333,60,1,steady,vit_base_image,123,123,129,122.60061919504642,122.60061919504642,126.198
1790649334,61,1,steady,resnet50_image,243,243,241,242.71580725528415,242.71580725528415,307.73
1790649334,61,1,steady,vgg16_image,447,446,444,446.803738317757,446.803738317757,476.781
1790649334,61,1,steady,vit_base_image,123,123,120,122.60061919504642,122.60061919504642,126.198
1790649335,62,1,steady,resnet50_image,243,243,243,242.71580725528415,242.71580725528415,307.73
1790649335,62,1,steady,vgg16_image,447,448,447,446.803738317757,446.803738317757,476.781
1790649335,62,1,steady,vit_base_image,122,122,121,122.60061919504642,122.60061919504642,126.198
1790649336,63,1,steady,resnet50_image,243,242,243,242.71580725528415,242.71580725528415,307.73
1790649336,63,1,steady,vgg16_image,447,446,448,446.803738317757,446.803738317757,476.781
1790649336,63,1,steady,vit_base_image,123,123,135,122.60061919504642,122.60061919504642,126.198
1790649337,64,1,steady,resnet50_image,242,243,243,242.71580725528415,242.71580725528415,307.73
1790649337,64,1,steady,vgg16_image,447,447,447,446.803738317757,446.803738317757,476.781
1790649337,64,1,steady,vit_base_image,122,122,120,122.60061919504642,122.60061919504642,126.198
1790649338,65,1,steady,resnet50_image,243,243,243,242.71580725528415,242.71580725528415,307.73
1790649338,65,1,steady,vgg16_image,446,447,446,446.803738317757,446.803738317757,476.781
1790649338,65,1,steady,vit_base_image,123,123,123,122.60061919504642,122.60061919504642,126.198
1790649339,66,,,resnet50_image,243,242,240,,,307.73
1790649339,66,,,vgg16_image,447,447,445,,,476.781
1790649339,66,,,vit_base_image,123,122,111,,,126.198
1790649340,67,,,resnet50_image,242,243,245,,,307.73
1790649340,67,,,vgg16_image,447,447,448,,,476.781
1790649340,67,,,vit_base_image,122,123,138,,,126.198
1790649341,68,,,resnet50_image,243,243,243,,,307.73
1790649341,68,,,vgg16_image,447,446,447,,,476.781
1790649341,68,,,vit_base_image,123,123,121,,,126.198
1790649342,69,,,resnet50_image,243,243,243,,,307.73
1790649342,69,,,vgg16_image,447,447,448,,,476.781
1790649342,69,,,vit_base_image,122,122,120,,,126.198
1790649343,70,,,resnet50_image,243,242,220,,,307.73
1790649343,70,,,vgg16_image,447,447,336,,,476.781
1790649343,70,,,vit_base_image,123,123,120,,,126.198
1790649344,71,,,resnet50_image,242,243,263,,,307.73
1790649344,71,,,vgg16_image,446,447,464,,,476.781
1790649344,71,,,vit_base_image,123,122,123,,,126.198
1790649345,72,,,resnet50_image,242,242,242,,,307.73
1790649345,72,,,vgg16_image,446,446,464,,,476.781
1790649345,72,,,vit_base_image,122,123,116,,,126.198
1790649346,73,2,transition,resnet50_image,215,215,218,214.84735642686016,214.84735642686016,307.73
1790649346,73,2,transition,vgg16_image,447,446,449,446.803738317757,478.026168224299,476.781
1790649346,73,2,transition,vit_base_image,123,122,116,122.60061919504642,122.60061919504642,126.198
1790649347,74,2,transition,resnet50_image,215,214,215,214.84735642686016,214.84735642686016,307.73
1790649347,74,2,transition,vgg16_image,447,447,479,446.803738317757,478.026168224299,476.781
1790649347,74,2,transition,vit_base_image,122,123,143,122.60061919504642,122.60061919504642,126.198
1790649348,75,2,transition,resnet50_image,215,215,215,214.84735642686016,214.84735642686016,307.73
1790649348,75,2,transition,vgg16_image,447,447,455,446.803738317757,478.026168224299,476.781
1790649348,75,2,transition,vit_base_image,123,123,112,122.60061919504642,122.60061919504642,126.198
1790649349,76,2,transition,resnet50_image,215,215,206,214.84735642686016,214.84735642686016,307.73
1790649349,76,2,transition,vgg16_image,446,447,409,446.803738317757,478.026168224299,476.781
1790649349,76,2,transition,vit_base_image,122,122,117,122.60061919504642,122.60061919504642,126.198
1790649350,77,2,transition,resnet50_image,214,215,223,214.84735642686016,214.84735642686016,307.73
1790649350,77,2,transition,vgg16_image,447,447,464,446.803738317757,478.026168224299,476.781
1790649350,77,2,transition,vit_base_image,123,123,118,122.60061919504642,122.60061919504642,126.198
1790649351,78,2,transition,resnet50_image,215,215,212,214.84735642686016,214.84735642686016,307.73
1790649351,78,2,transition,vgg16_image,447,446,448,446.803738317757,478.026168224299,476.781
1790649351,78,2,transition,vit_base_image,123,122,128,122.60061919504642,122.60061919504642,126.198
1790649352,79,2,transition,resnet50_image,215,215,218,214.84735642686016,214.84735642686016,307.73
1790649352,79,2,transition,vgg16_image,447,447,469,446.803738317757,478.026168224299,494.421
1790649352,79,2,transition,vit_base_image,122,123,123,122.60061919504642,122.60061919504642,126.198
1790649353,80,2,transition,resnet50_image,215,214,214,214.84735642686016,214.84735642686016,307.73
1790649353,80,2,transition,vgg16_image,447,447,456,446.803738317757,478.026168224299,494.421
1790649353,80,2,transition,vit_base_image,123,122,137,122.60061919504642,122.60061919504642,126.198
1790649354,81,2,transition,resnet50_image,215,215,215,214.84735642686016,214.84735642686016,307.73
1790649354,81,2,transition,vgg16_image,446,447,434,446.803738317757,478.026168224299,494.421
1790649354,81,2,transition,vit_base_image,122,123,111,122.60061919504642,122.60061919504642,126.198
1790649355,82,2,steady,resnet50_image,213,214,211,214.84735642686016,214.84735642686016,307.73
1790649355,82,2,steady,vgg16_image,476,475,476,478.026168224299,478.026168224299,494.421
1790649355,82,2,steady,vit_base_image,122,122,128,122.60061919504642,122.60061919504642,126.198
1790649356,83,2,steady,resnet50_image,215,215,194,214.84735642686016,214.84735642686016,307.73
1790649356,83,2,steady,vgg16_image,478,478,448,478.026168224299,478.026168224299,494.421
1790649356,83,2,steady,vit_base_image,123,123,117,122.60061919504642,122.60061919504642,126.198
1790649357,84,2,steady,resnet50_image,215,215,239,214.84735642686016,214.84735642686016,307.73
1790649357,84,2,steady,vgg16_image,478,479,384,478.026168224299,478.026168224299,494.421
1790649357,84,2,steady,vit_base_image,122,122,128,122.60061919504642,122.60061919504642,126.198
1790649358,85,2,steady,resnet50_image,215,215,212,214.84735642686016,214.84735642686016,307.73
1790649358,85,2,steady,vgg16_image,478,478,480,478.026168224299,478.026168224299,494.421
1790649358,85,2,steady,vit_base_image,123,123,119,122.60061919504642,122.60061919504642,126.198
1790649359,86,2,steady,resnet50_image,215,215,217,214.84735642686016,214.84735642686016,307.73
1790649359,86,2,steady,vgg16_image,478,477,480,478.026168224299,478.026168224299,494.421
1790649359,86,2,steady,vit_base_image,123,122,113,122.60061919504642,122.60061919504642,126.198
1790649360,87,2,steady,resnet50_image,215,214,216,214.84735642686016,214.84735642686016,307.73
1790649360,87,2,steady,vgg16_image,478,479,480,478.026168224299,478.026168224299,494.421
1790649360,87,2,steady,vit_base_image,122,123,130,122.60061919504642,122.60061919504642,126.198
1790649361,88,2,steady,resnet50_image,214,215,214,214.84735642686016,214.84735642686016,307.73
1790649361,88,2,steady,vgg16_image,478,478,480,478.026168224299,478.026168224299,494.421
1790649361,88,2,steady,vit_base_image,123,123,130,122.60061919504642,122.60061919504642,126.198
1790649362,89,2,steady,resnet50_image,215,215,215,214.84735642686016,214.84735642686016,307.73
1790649362,89,2,steady,vgg16_image,478,477,512,478.026168224299,478.026168224299,494.421
1790649362,89,2,steady,vit_base_image,122,122,117,122.60061919504642,122.60061919504642,126.198
1790649363,90,2,steady,resnet50_image,215,215,216,214.84735642686016,214.84735642686016,307.73
1790649363,90,2,steady,vgg16_image,478,479,450,478.026168224299,478.026168224299,494.421
1790649363,90,2,steady,vit_base_image,123,123,123,122.60061919504642,122.60061919504642,126.198
1790649364,91,2,steady,resnet50_image,215,215,214,214.84735642686016,214.84735642686016,307.73
1790649364,91,2,steady,vgg16_image,478,477,478,478.026168224299,478.026168224299,494.421
1790649364,91,2,steady,vit_base_image,123,122,111,122.60061919504642,122.60061919504642,126.198
1790649365,92,2,steady,resnet50_image,215,214,214,214.84735642686016,214.84735642686016,307.73
1790649365,92,2,steady,vgg16_image,478,479,480,478.026168224299,478.026168224299,494.421
1790649365,92,2,steady,vit_base_image,122,123,138,122.60061919504642,122.60061919504642,126.198
1790649366,93,2,steady,resnet50_image,215,181,178,214.84735642686016,214.84735642686016,307.73
1790649366,93,2,steady,vgg16_image,478,402,361,478.026168224299,478.026168224299,494.421
1790649366,93,2,steady,vit_base_image,123,103,85,122.60061919504642,122.60061919504642,126.198
1790649367,94,2,steady,resnet50_image,214,249,253,214.84735642686016,214.84735642686016,307.73
1790649367,94,2,steady,vgg16_image,479,518,503,478.026168224299,478.026168224299,494.421
1790649367,94,2,steady,vit_base_image,122,142,150,122.60061919504642,122.60061919504642,126.198
1790649368,95,2,steady,resnet50_image,215,214,214,214.84735642686016,214.84735642686016,307.73
1790649368,95,2,steady,vgg16_image,478,478,488,478.026168224299,478.026168224299,494.421
1790649368,95,2,steady,vit_base_image,123,123,122,122.60061919504642,122.60061919504642,126.198
1790649369,96,2,steady,resnet50_image,215,216,215,214.84735642686016,214.84735642686016,307.73
1790649369,96,2,steady,vgg16_image,478,478,504,478.026168224299,478.026168224299,494.421
1790649369,96,2,steady,vit_base_image,123,123,115,122.60061919504642,122.60061919504642,126.198
1790649370,97,2,steady,resnet50_image,215,215,214,214.84735642686016,214.84735642686016,307.73
1790649370,97,2,steady,vgg16_image,478,478,480,478.026168224299,478.026168224299,494.421
1790649370,97,2,steady,vit_base_image,122,122,140,122.60061919504642,122.60061919504642,126.198
1790649371,98,2,steady,resnet50_image,215,214,216,214.84735642686016,214.84735642686016,307.73
1790649371,98,2,steady,vgg16_image,478,478,480,478.026168224299,478.026168224299,494.421
1790649371,98,2,steady,vit_base_image,123,123,109,122.60061919504642,122.60061919504642,126.198
1790649372,99,2,steady,resnet50_image,215,215,214,214.84735642686016,214.84735642686016,307.73
1790649372,99,2,steady,vgg16_image,478,478,480,478.026168224299,478.026168224299,494.421
1790649372,99,2,steady,vit_base_image,122,122,135,122.60061919504642,122.60061919504642,126.198
1790649373,100,2,steady,resnet50_image,215,215,214,214.84735642686016,214.84735642686016,307.73
1790649373,100,2,steady,vgg16_image,478,478,480,478.026168224299,478.026168224299,494.421
1790649373,100,2,steady,vit_base_image,123,123,119,122.60061919504642,122.60061919504642,126.198
1790649374,101,2,steady,resnet50_image,214,215,216,214.84735642686016,214.84735642686016,307.73
1790649374,101,2,steady,vgg16_image,478,478,481,478.026168224299,478.026168224299,494.421
1790649374,101,2,steady,vit_base_image,123,122,115,122.60061919504642,122.60061919504642,126.198
1790649375,102,2,steady,resnet50_image,215,215,214,214.84735642686016,214.84735642686016,307.73
1790649375,102,2,steady,vgg16_image,478,478,483,478.026168224299,478.026168224299,494.421
1790649375,102,2,steady,vit_base_image,122,123,133,122.60061919504642,122.60061919504642,126.198
1790649376,103,2,steady,resnet50_image,215,215,216,214.84735642686016,214.84735642686016,307.73
1790649376,103,2,steady,vgg16_image,478,478,508,478.026168224299,478.026168224299,494.421
1790649376,103,2,steady,vit_base_image,123,123,130,122.60061919504642,122.60061919504642,126.198
1790649377,104,2,steady,resnet50_image,215,215,212,214.84735642686016,214.84735642686016,307.73
1790649377,104,2,steady,vgg16_image,478,478,448,478.026168224299,478.026168224299,494.421
1790649377,104,2,steady,vit_base_image,122,122,116,122.60061919504642,122.60061919504642,126.198
1790649378,105,2,steady,resnet50_image,215,215,215,214.84735642686016,214.84735642686016,307.73
1790649378,105,2,steady,vgg16_image,478,479,480,478.026168224299,478.026168224299,494.421
1790649378,105,2,steady,vit_base_image,123,123,124,122.60061919504642,122.60061919504642,126.198
1790649379,106,2,steady,resnet50_image,215,214,217,214.84735642686016,214.84735642686016,307.73
1790649379,106,2,steady,vgg16_image,478,477,480,478.026168224299,478.026168224299,494.421
1790649379,106,2,steady,vit_base_image,123,122,129,122.60061919504642,122.60061919504642,126.198
1790649380,107,2,steady,resnet50_image,215,215,215,214.84735642686016,214.84735642686016,307.73
1790649380,107,2,steady,vgg16_image,478,479,480,478.026168224299,478.026168224299,494.421
1790649380,107,2,steady,vit_base_image,122,123,123,122.60061919504642,122.60061919504642,126.198
1790649381,108,2,steady,resnet50_image,214,215,215,214.84735642686016,214.84735642686016,307.73
1790649381,108,2,steady,vgg16_image,478,477,481,478.026168224299,478.026168224299,494.421
1790649381,108,2,steady,vit_base_image,123,123,114,122.60061919504642,122.60061919504642,126.198
1790649382,109,2,steady,resnet50_image,215,214,215,214.84735642686016,214.84735642686016,307.73
1790649382,109,2,steady,vgg16_image,478,477,489,478.026168224299,478.026168224299,494.421
1790649382,109,2,steady,vit_base_image,122,122,119,122.60061919504642,122.60061919504642,126.198
1790649383,110,2,steady,resnet50_image,215,216,214,214.84735642686016,214.84735642686016,307.73
1790649383,110,2,steady,vgg16_image,478,480,474,478.026168224299,478.026168224299,494.421
1790649383,110,2,steady,vit_base_image,123,123,127,122.60061919504642,122.60061919504642,126.198
1790649384,111,2,steady,resnet50_image,215,215,217,214.84735642686016,214.84735642686016,307.73
1790649384,111,2,steady,vgg16_image,478,477,476,478.026168224299,478.026168224299,494.421
1790649384,111,2,steady,vit_base_image,123,122,132,122.60061919504642,122.60061919504642,126.198
1790649385,112,,,resnet50_image,215,215,211,,,307.73
1790649385,112,,,vgg16_image,478,478,480,,,494.421
1790649385,112,,,vit_base_image,122,123,119,,,126.198
1790649386,113,,,resnet50_image,215,215,218,,,307.73
1790649386,113,,,vgg16_image,478,479,480,,,494.421
1790649386,113,,,vit_base_image,123,123,115,,,126.198
1790649387,114,,,resnet50_image,214,214,215,,,307.73
1790649387,114,,,vgg16_image,478,478,480,,,494.421
1790649387,114,,,vit_base_image,122,122,128,,,126.198
1790649388,115,,,resnet50_image,215,215,214,,,307.73
1790649388,115,,,vgg16_image,478,478,480,,,494.421
1790649388,115,,,vit_base_image,123,123,114,,,126.198
1790649389,116,,,resnet50_image,215,215,213,,,307.73
1790649389,116,,,vgg16_image,478,478,480,,,494.421
1790649389,116,,,vit_base_image,123,123,129,,,126.198
1790649390,117,,,resnet50_image,215,215,217,,,307.73
1790649390,117,,,vgg16_image,478,477,480,,,494.421
1790649390,117,,,vit_base_image,122,122,117,,,126.198
1790649391,118,,,resnet50_image,215,215,214,,,307.73
1790649391,118,,,vgg16_image,478,479,384,,,494.421
1790649391,118,,,vit_base_image,123,123,133,,,126.198
1790649392,119,,,resnet50_image,215,214,215,,,307.73
1790649392,119,,,vgg16_image,478,474,480,,,494.421
1790649392,119,,,vit_base_image,123,122,120,,,126.198
1790649393,120,,,resnet50_image,215,215,216,,,307.73
1790649393,120,,,vgg16_image,478,479,461,,,494.421
1790649393,120,,,vit_base_image,122,123,124,,,126.198
1790649394,121,,,resnet50_image,214,215,213,,,307.73
1790649394,121,,,vgg16_image,478,469,499,,,494.421
1790649394,121,,,vit_base_image,123,122,113,,,126.198
1790649395,122,,,resnet50_image,215,214,215,,,307.73
1790649395,122,,,vgg16_image,478,478,454,,,494.421
1790649395,122,,,vit_base_image,122,123,128,,,126.198
1790649396,123,3,transition,resnet50_image,214,215,215,214.69028786341497,214.69028786341497,307.73
1790649396,123,3,transition,vgg16_image,478,478,506,478.026168224299,507.4542056074765,494.421
1790649396,123,3,transition,vit_base_image,123,123,126,122.60061919504642,122.60061919504642,126.198
1790649397,124,3,transition,resnet50_image,215,215,216,214.69028786341497,214.69028786341497,307.73
1790649397,124,3,transition,vgg16_image,478,479,455,478.026168224299,507.4542056074765,494.421
1790649397,124,3,transition,vit_base_image,122,122,114,122.60061919504642,122.60061919504642,126.198
1790649398,125,3,transition,resnet50_image,215,215,214,214.69028786341497,214.69028786341497,307.73
1790649398,125,3,transition,vgg16_image,478,476,483,478.026168224299,507.4542056074765,494.421
1790649398,125,3,transition,vit_base_image,123,123,129,122.60061919504642,122.60061919504642,126.198
1790649399,126,3,transition,resnet50_image,214,214,214,214.69028786341497,214.69028786341497,307.73
1790649399,126,3,transition,vgg16_image,478,475,470,478.026168224299,507.4542056074765,494.421
1790649399,126,3,transition,vit_base_image,123,122,116,122.60061919504642,122.60061919504642,126.198
1790649400,127,3,transition,resnet50_image,215,214,214,214.69028786341497,214.69028786341497,307.73
1790649400,127,3,transition,vgg16_image,478,469,465,478.026168224299,507.4542056074765,494.421
1790649400,127,3,transition,vit_base_image,122,123,120,122.60061919504642,122.60061919504642,126.198
1790649401,128,3,transition,resnet50_image,215,215,212,214.69028786341497,214.69028786341497,307.73
1790649401,128,3,transition,vgg16_image,478,469,495,478.026168224299,507.4542056074765,494.421
1790649401,128,3,transition,vit_base_image,123,123,132,122.60061919504642,122.60061919504642,126.198
1790649402,129,3,transition,resnet50_image,214,215,218,214.69028786341497,214.69028786341497,307.73
1790649402,129,3,transition,vgg16_image,478,473,480,478.026168224299,507.4542056074765,494.421
1790649402,129,3,transition,vit_base_image,122,122,120,122.60061919504642,122.60061919504642,126.198
1790649403,130,3,transition,resnet50_image,215,215,214,214.69028786341497,214.69028786341497,307.73
1790649403,130,3,transition,vgg16_image,478,468,428,478.026168224299,507.4542056074765,494.421
1790649403,130,3,transition,vit_base_image,123,123,119,122.60061919504642,122.60061919504642,126.198
1790649404,131,3,transition,resnet50_image,215,215,214,214.69028786341497,214.69028786341497,307.73
1790649404,131,3,transition,vgg16_image,478,469,475,478.026168224299,507.4542056074765,494.421
1790649404,131,3,transition,vit_base_image,123,122,131,122.60061919504642,122.60061919504642,126.198
1790649405,132,3,transition,resnet50_image,215,214,217,214.69028786341497,214.69028786341497,307.73
1790649405,132,3,transition,vgg16_image,478,475,505,478.026168224299,507.4542056074765,494.421
1790649405,132,3,transition,vit_base_image,122,123,117,122.60061919504642,122.60061919504642,126.198
1790649406,133,3,transition,resnet50_image,214,208,199,214.69028786341497,214.69028786341497,307.73
1790649406,133,3,transition,vgg16_image,478,443,416,478.026168224299,507.4542056074765,494.421
1790649406,133,3,transition,vit_base_image,123,118,120,122.60061919504642,122.60061919504642,126.198
1790649407,134,3,transition,resnet50_image,215,222,228,214.69028786341497,214.69028786341497,307.73
1790649407,134,3,transition,vgg16_image,478,430,448,478.026168224299,507.4542056074765,494.421
1790649407,134,3,transition,vit_base_image,122,127,122,122.60061919504642,122.60061919504642,126.198
1790649408,135,3,transition,resnet50_image,215,214,217,214.69028786341497,214.69028786341497,307.73
1790649408,135,3,transition,vgg16_image,478,477,450,478.026168224299,507.4542056074765,494.421
1790649408,135,3,transition,vit_base_image,123,123,112,122.60061919504642,122.60061919504642,126.198
1790649409,136,3,transition,resnet50_image,214,215,214,214.69028786341497,214.69028786341497,307.73
1790649409,136,3,transition,vgg16_image,478,467,478,478.026168224299,507.4542056074765,494.421
1790649409,136,3,transition,vit_base_image,123,123,141,122.60061919504642,122.60061919504642,126.198
1790649410,137,3,transition,resnet50_image,215,215,214,214.69028786341497,214.69028786341497,307.73
1790649410,137,3,transition,vgg16_image,478,475,480,478.026168224299,507.4542056074765,494.421
1790649410,137,3,transition,vit_base_image,122,122,114,122.60061919504642,122.60061919504642,126.198
1790649411,138,3,transition,resnet50_image,215,214,214,214.69028786341497,214.69028786341497,307.73
1790649411,138,3,transition,vgg16_image,478,479,484,478.026168224299,507.4542056074765,494.421
1790649411,138,3,transition,vit_base_image,123,123,112,122.60061919504642,122.60061919504642,126.198
1790649412,139,3,transition,resnet50_image,214,214,214,214.69028786341497,214.69028786341497,307.73
1790649412,139,3,transition,vgg16_image,478,477,481,478.026168224299,507.4542056074765,494.421
1790649412,139,3,transition,vit_base_image,122,122,143,122.60061919504642,122.60061919504642,126.198
1790649413,140,3,transition,resnet50_image,215,215,217,214.69028786341497,214.69028786341497,307.73
1790649413,140,3,transition,vgg16_image,478,475,475,478.026168224299,507.4542056074765,494.421
1790649413,140,3,transition,vit_base_image,123,123,112,122.60061919504642,122.60061919504642,126.198
1790649414,141,3,transition,resnet50_image,215,215,213,214.69028786341497,214.69028786341497,307.73
1790649414,141,3,transition,vgg16_image,478,478,480,478.026168224299,507.4542056074765,494.421
1790649414,141,3,transition,vit_base_image,123,122,112,122.60061919504642,122.60061919504642,126.198
1790649415,142,3,transition,resnet50_image,214,215,213,214.69028786341497,214.69028786341497,307.73
1790649415,142,3,transition,vgg16_image,478,476,456,478.026168224299,507.4542056074765,494.421
1790649415,142,3,transition,vit_base_image,122,123,141,122.60061919504642,122.60061919504642,126.198
1790649416,143,3,transition,resnet50_image,215,215,218,214.69028786341497,214.69028786341497,307.73
1790649416,143,3,transition,vgg16_image,478,477,496,478.026168224299,507.4542056074765,494.421
1790649416,143,3,transition,vit_base_image,123,122,114,122.60061919504642,122.60061919504642,126.198
1790649417,144,3,transition,resnet50_image,215,214,177,214.69028786341497,214.69028786341497,307.73
1790649417,144,3,transition,vgg16_image,478,428,397,478.026168224299,507.4542056074765,494.421
1790649417,144,3,transition,vit_base_image,122,123,112,122.60061919504642,122.60061919504642,126.198
1790649418,145,3,transition,resnet50_image,215,215,252,214.69028786341497,214.69028786341497,307.73
1790649418,145,3,transition,vgg16_image,478,476,507,478.026168224299,507.4542056074765,494.421
1790649418,145,3,transition,vit_base_image,123,123,140,122.60061919504642,122.60061919504642,126.198
1790649419,146,3,transition,resnet50_image,214,215,215,214.69028786341497,214.69028786341497,307.73
1790649419,146,3,transition,vgg16_image,479,478,480,478.026168224299,507.4542056074765,494.421
1790649419,146,3,transition,vit_base_image,123,123,113,122.60061919504642,122.60061919504642,126.198
1790649420,147,3,transition,resnet50_image,215,214,214,214.69028786341497,214.69028786341497,307.73
1790649420,147,3,transition,vgg16_image,478,477,571,478.026168224299,507.4542056074765,494.421
1790649420,147,3,transition,vit_base_image,122,122,140,122.60061919504642,122.60061919504642,126.198
1790649421,148,3,transition,resnet50_image,215,215,215,214.69028786341497,214.69028786341497,307.73
1790649421,148,3,transition,vgg16_image,478,479,552,478.026168224299,507.4542056074765,607.52
1790649421,148,3,transition,vit_base_image,123,123,112,122.60061919504642,122.60061919504642,126.198
1790649422,149,3,transition,resnet50_image,214,215,215,214.69028786341497,214.69028786341497,307.73
1790649422,149,3,transition,vgg16_image,478,478,526,478.026168224299,507.4542056074765,607.52
1790649422,149,3,transition,vit_base_image,122,122,113,122.60061919504642,122.60061919504642,126.198
1790649423,150,3,transition,resnet50_image,215,215,214,214.69028786341497,214.69028786341497,307.73
1790649423,150,3,transition,vgg16_image,478,478,473,478.026168224299,507.4542056074765,607.52
1790649423,150,3,transition,vit_base_image,123,123,140,122.60061919504642,122.60061919504642,126.198
1790649424,151,3,transition,resnet50_image,215,215,216,214.69028786341497,214.69028786341497,307.73
1790649424,151,3,transition,vgg16_image,478,477,481,478.026168224299,507.4542056074765,607.52
1790649424,151,3,transition,vit_base_image,123,122,112,122.60061919504642,122.60061919504642,126.198
1790649425,152,3,transition,resnet50_image,214,214,215,214.69028786341497,214.69028786341497,307.73
1790649425,152,3,transition,vgg16_image,478,480,473,478.026168224299,507.4542056074765,607.52
1790649425,152,3,transition,vit_base_image,122,123,114,122.60061919504642,122.60061919504642,126.198
1790649426,153,3,transition,resnet50_image,213,213,192,214.69028786341497,214.69028786341497,307.73
1790649426,153,3,transition,vgg16_image,487,486,372,478.026168224299,507.4542056074765,607.52
1790649426,153,3,transition,vit_base_image,122,122,126,122.60061919504642,122.60061919504642,126.198
1790649427,154,3,steady,resnet50_image,215,215,235,214.69028786341497,214.69028786341497,307.73
1790649427,154,3,steady,vgg16_image,508,508,501,507.4542056074765,507.4542056074765,607.52
1790649427,154,3,steady,vit_base_image,123,123,123,122.60061919504642,122.60061919504642,126.198
1790649428,155,3,steady,resnet50_image,215,214,213,214.69028786341497,214.69028786341497,307.73
1790649428,155,3,steady,vgg16_image,507,507,544,507.4542056074765,507.4542056074765,607.52
1790649428,155,3,steady,vit_base_image,122,122,132,122.60061919504642,122.60061919504642,126.198
1790649429,156,3,steady,resnet50_image,214,215,217,214.69028786341497,214.69028786341497,307.73
1790649429,156,3,steady,vgg16_image,507,508,521,507.4542056074765,507.4542056074765,607.52
1790649429,156,3,steady,vit_base_image,123,123,112,122.60061919504642,122.60061919504642,126.198
1790649430,157,3,steady,resnet50_image,215,215,213,214.69028786341497,214.69028786341497,307.73
1790649430,157,3,steady,vgg16_image,508,507,519,507.4542056074765,507.4542056074765,607.52
1790649430,157,3,steady,vit_base_image,123,122,126,122.60061919504642,122.60061919504642,126.198
1790649431,158,3,steady,resnet50_image,215,214,215,214.69028786341497,214.69028786341497,307.73
1790649431,158,3,steady,vgg16_image,507,507,539,507.4542056074765,507.4542056074765,607.52
1790649431,158,3,steady,vit_base_image,122,123,127,122.60061919504642,122.60061919504642,126.198
1790649432,159,3,steady,resnet50_image,214,215,209,214.69028786341497,214.69028786341497,307.73
1790649432,159,3,steady,vgg16_image,508,508,359,507.4542056074765,507.4542056074765,607.52
1790649432,159,3,steady,vit_base_image,123,123,110,122.60061919504642,122.60061919504642,126.198
1790649433,160,3,steady,resnet50_image,215,215,221,214.69028786341497,214.69028786341497,307.73
1790649433,160,3,steady,vgg16_image,507,508,470,507.4542056074765,507.4542056074765,607.52
1790649433,160,3,steady,vit_base_image,122,122,127,122.60061919504642,122.60061919504642,126.198
1790649434,161,3,steady,resnet50_image,215,214,214,214.69028786341497,214.69028786341497,307.73
1790649434,161,3,steady,vgg16_image,508,500,483,507.4542056074765,507.4542056074765,607.52
1790649434,161,3,steady,vit_base_image,123,123,128,122.60061919504642,122.60061919504642,126.198
1790649435,162,3,steady,resnet50_image,214,215,215,214.69028786341497,214.69028786341497,307.73
1790649435,162,3,steady,vgg16_image,507,476,467,507.4542056074765,507.4542056074765,607.52
1790649435,162,3,steady,vit_base_image,123,122,112,122.60061919504642,122.60061919504642,126.198
1790649436,163,3,steady,resnet50_image,215,215,215,214.69028786341497,214.69028786341497,307.73
1790649436,163,3,steady,vgg16_image,508,490,495,507.4542056074765,507.4542056074765,607.52
1790649436,163,3,steady,vit_base_image,122,123,139,122.60061919504642,122.60061919504642,126.198
1790649437,164,3,steady,resnet50_image,215,215,213,214.69028786341497,214.69028786341497,307.73
1790649437,164,3,steady,vgg16_image,507,486,489,507.4542056074765,507.4542056074765,607.52
1790649437,164,3,steady,vit_base_image,123,123,119,122.60061919504642,122.60061919504642,126.198
1790649438,165,3,steady,resnet50_image,215,214,215,214.69028786341497,214.69028786341497,307.73
1790649438,165,3,steady,vgg16_image,508,431,432,507.4542056074765,507.4542056074765,607.52
1790649438,165,3,steady,vit_base_image,122,122,121,122.60061919504642,122.60061919504642,126.198
1790649439,166,3,steady,resnet50_image,214,215,214,214.69028786341497,214.69028786341497,307.73
1790649439,166,3,steady,vgg16_image,507,491,483,507.4542056074765,507.4542056074765,607.52
1790649439,166,3,steady,vit_base_image,123,123,134,122.60061919504642,122.60061919504642,126.198
1790649440,167,3,steady,resnet50_image,215,214,218,214.69028786341497,214.69028786341497,307.73
1790649440,167,3,steady,vgg16_image,507,485,492,507.4542056074765,507.4542056074765,607.52
1790649440,167,3,steady,vit_base_image,123,122,105,122.60061919504642,122.60061919504642,126.198
1790649441,168,3,steady,resnet50_image,215,215,214,214.69028786341497,214.69028786341497,307.73
1790649441,168,3,steady,vgg16_image,508,495,491,507.4542056074765,507.4542056074765,607.52
1790649441,168,3,steady,vit_base_image,122,123,130,122.60061919504642,122.60061919504642,126.198
1790649442,169,3,steady,resnet50_image,214,215,213,214.69028786341497,214.69028786341497,307.73
1790649442,169,3,steady,vgg16_image,507,499,504,507.4542056074765,507.4542056074765,607.52
1790649442,169,3,steady,vit_base_image,123,123,126,122.60061919504642,122.60061919504642,126.198
1790649443,170,3,steady,resnet50_image,215,215,217,214.69028786341497,214.69028786341497,307.73
1790649443,170,3,steady,vgg16_image,508,507,499,507.4542056074765,507.4542056074765,607.52
1790649443,170,3,steady,vit_base_image,122,122,123,122.60061919504642,122.60061919504642,126.198
1790649444,171,3,steady,resnet50_image,215,214,213,214.69028786341497,214.69028786341497,307.73
1790649444,171,3,steady,vgg16_image,507,502,516,507.4542056074765,507.4542056074765,607.52
1790649444,171,3,steady,vit_base_image,123,123,118,122.60061919504642,122.60061919504642,126.198
1790649445,172,3,steady,resnet50_image,214,215,215,214.69028786341497,214.69028786341497,307.73
1790649445,172,3,steady,vgg16_image,508,506,511,507.4542056074765,507.4542056074765,607.52
1790649445,172,3,steady,vit_base_image,123,122,121,122.60061919504642,122.60061919504642,126.198
1790649446,173,3,steady,resnet50_image,215,215,213,214.69028786341497,214.69028786341497,307.73
1790649446,173,3,steady,vgg16_image,507,508,511,507.4542056074765,507.4542056074765,607.52
1790649446,173,3,steady,vit_base_image,122,123,128,122.60061919504642,122.60061919504642,126.198
1790649447,174,3,steady,resnet50_image,215,214,217,214.69028786341497,214.69028786341497,307.73
1790649447,174,3,steady,vgg16_image,508,507,516,507.4542056074765,507.4542056074765,607.52
1790649447,174,3,steady,vit_base_image,123,123,121,122.60061919504642,122.60061919504642,126.198
1790649448,175,3,steady,resnet50_image,214,215,215,214.69028786341497,214.69028786341497,307.73
1790649448,175,3,steady,vgg16_image,507,507,544,507.4542056074765,507.4542056074765,607.52
1790649448,175,3,steady,vit_base_image,122,122,124,122.60061919504642,122.60061919504642,126.198
1790649449,176,3,steady,resnet50_image,215,215,214,214.69028786341497,214.69028786341497,307.73
1790649449,176,3,steady,vgg16_image,508,508,518,507.4542056074765,507.4542056074765,607.52
1790649449,176,3,steady,vit_base_image,123,123,115,122.60061919504642,122.60061919504642,126.198
1790649450,177,3,steady,resnet50_image,215,214,214,214.69028786341497,214.69028786341497,307.73
1790649450,177,3,steady,vgg16_image,507,507,524,507.4542056074765,507.4542056074765,607.52
1790649450,177,3,steady,vit_base_image,123,122,130,122.60061919504642,122.60061919504642,126.198
1790649451,178,3,steady,resnet50_image,215,215,216,214.69028786341497,214.69028786341497,307.73
1790649451,178,3,steady,vgg16_image,507,508,540,507.4542056074765,507.4542056074765,607.52
1790649451,178,3,steady,vit_base_image,122,123,122,122.60061919504642,122.60061919504642,126.198
1790649452,179,3,steady,resnet50_image,214,215,214,214.69028786341497,214.69028786341497,307.73
1790649452,179,3,steady,vgg16_image,508,508,548,507.4542056074765,507.4542056074765,607.52
1790649452,179,3,steady,vit_base_image,123,123,124,122.60061919504642,122.60061919504642,126.198
1790649453,180,3,steady,resnet50_image,215,215,216,214.69028786341497,214.69028786341497,307.73
1790649453,180,3,steady,vgg16_image,507,507,538,507.4542056074765,507.4542056074765,607.52
1790649453,180,3,steady,vit_base_image,122,122,133,122.60061919504642,122.60061919504642,126.198
1790649454,181,3,steady,resnet50_image,215,214,213,214.69028786341497,214.69028786341497,307.73
1790649454,181,3,steady,vgg16_image,508,507,528,507.4542056074765,507.4542056074765,607.52
1790649454,181,3,steady,vit_base_image,123,123,120,122.60061919504642,122.60061919504642,126.198
1790649455,182,3,steady,resnet50_image,214,215,213,214.69028786341497,214.69028786341497,307.73
1790649455,182,3,steady,vgg16_image,507,508,530,507.4542056074765,507.4542056074765,607.52
1790649455,182,3,steady,vit_base_image,123,123,116,122.60061919504642,122.60061919504642,126.198
1790649456,183,3,steady,resnet50_image,215,214,218,214.69028786341497,214.69028786341497,307.73
1790649456,183,3,steady,vgg16_image,508,507,500,507.4542056074765,507.4542056074765,607.52
1790649456,183,3,steady,vit_base_image,122,122,115,122.60061919504642,122.60061919504642,126.198
1790649457,184,,,resnet50_image,215,215,214,,,307.73
1790649457,184,,,vgg16_image,507,508,516,,,607.52
1790649457,184,,,vit_base_image,123,123,120,,,126.198
1790649458,185,,,resnet50_image,214,215,214,,,307.73
1790649458,185,,,vgg16_image,508,507,506,,,607.52
1790649458,185,,,vit_base_image,122,122,123,,,126.198
1790649459,186,,,resnet50_image,215,214,213,,,307.73
1790649459,186,,,vgg16_image,507,507,505,,,607.52
1790649459,186,,,vit_base_image,123,123,131,,,126.198
1790649460,187,,,resnet50_image,215,215,216,,,307.73
1790649460,187,,,vgg16_image,508,508,508,,,607.52
1790649460,187,,,vit_base_image,123,122,133,,,126.198
1790649461,188,,,resnet50_image,214,215,215,,,307.73
1790649461,188,,,vgg16_image,507,508,508,,,607.52
1790649461,188,,,vit_base_image,122,123,108,,,126.198
1790649462,189,,,resnet50_image,215,215,214,,,307.73
1790649462,189,,,vgg16_image,507,506,507,,,607.52
1790649462,189,,,vit_base_image,123,123,135,,,126.198
1790649463,190,,,resnet50_image,197,196,199,,,307.73
1790649463,190,,,vgg16_image,491,490,496,,,607.52
1790649463,190,,,vit_base_image,123,122,122,,,126.198
1790649464,191,4,transition,resnet50_image,165,166,165,165.43807404023391,165.43807404023391,307.73
1790649464,191,4,transition,vgg16_image,461,463,460,461.5177570093458,461.5177570093458,607.52
1790649464,191,4,transition,vit_base_image,122,123,120,122.60061919504642,122.60061919504642,126.198
1790649465,192,4,transition,resnet50_image,165,165,166,165.43807404023391,165.43807404023391,307.73
1790649465,192,4,transition,vgg16_image,462,461,458,461.5177570093458,461.5177570093458,607.52
1790649465,192,4,transition,vit_base_image,123,123,123,122.60061919504642,122.60061919504642,126.198
1790649466,193,4,transition,resnet50_image,166,166,164,165.43807404023391,165.43807404023391,307.73
1790649466,193,4,transition,vgg16_image,461,462,465,461.5177570093458,461.5177570093458,607.52
1790649466,193,4,transition,vit_base_image,122,122,123,122.60061919504642,122.60061919504642,126.198
1790649467,194,4,transition,resnet50_image,165,165,166,165.43807404023391,165.43807404023391,307.73
1790649467,194,4,transition,vgg16_image,462,461,409,461.5177570093458,461.5177570093458,607.52
1790649467,194,4,transition,vit_base_image,123,123,123,122.60061919504642,122.60061919504642,126.198
1790649468,195,4,transition,resnet50_image,166,165,165,165.43807404023391,165.43807404023391,307.73
1790649468,195,4,transition,vgg16_image,461,462,518,461.5177570093458,461.5177570093458,607.52
1790649468,195,4,transition,vit_base_image,123,122,108,122.60061919504642,122.60061919504642,126.198
1790649469,196,4,transition,resnet50_image,165,166,166,165.43807404023391,165.43807404023391,307.73
1790649469,196,4,transition,vgg16_image,462,461,461,461.5177570093458,461.5177570093458,607.52
1790649469,196,4,transition,vit_base_image,122,123,127,122.60061919504642,122.60061919504642,126.198
1790649470,197,4,transition,resnet50_image,166,165,166,165.43807404023391,165.43807404023391,307.73
1790649470,197,4,transition,vgg16_image,461,462,459,461.5177570093458,461.5177570093458,607.52
1790649470,197,4,transition,vit_base_image,123,123,127,122.60061919504642,122.60061919504642,126.198
1790649471,198,4,transition,resnet50_image,165,166,142,165.43807404023391,165.43807404023391,187.183
1790649471,198,4,transition,vgg16_image,462,461,434,461.5177570093458,461.5177570093458,478.08
1790649471,198,4,transition,vit_base_image,122,122,124,122.60061919504642,122.60061919504642,126.198
1790649472,199,4,transition,resnet50_image,166,165,136,165.43807404023391,165.43807404023391,187.183
1790649472,199,4,transition,vgg16_image,461,462,440,461.5177570093458,461.5177570093458,478.08
1790649472,199,4,transition,vit_base_image,123,123,127,122.60061919504642,122.60061919504642,126.198
1790649473,200,4,transition,resnet50_image,165,166,136,165.43807404023391,165.43807404023391,187.183
1790649473,200,4,transition,vgg16_image,462,461,432,461.5177570093458,461.5177570093458,478.08
1790649473,200,4,transition,vit_base_image,123,122,120,122.60061919504642,122.60061919504642,126.198
1790649474,201,4,transition,resnet50_image,165,165,134,165.43807404023391,165.43807404023391,187.183
1790649474,201,4,transition,vgg16_image,461,461,429,461.5177570093458,461.5177570093458,478.08
1790649474,201,4,transition,vit_base_image,122,123,123,122.60061919504642,122.60061919504642,126.198
1790649475,202,4,transition,resnet50_image,166,166,137,165.43807404023391,165.43807404023391,187.183
1790649475,202,4,transition,vgg16_image,462,463,433,461.5177570093458,461.5177570093458,478.08
1790649475,202,4,transition,vit_base_image,123,123,119,122.60061919504642,122.60061919504642,126.198
1790649476,203,4,transition,resnet50_image,165,165,135,165.43807404023391,165.43807404023391,187.183
1790649476,203,4,transition,vgg16_image,461,461,435,461.5177570093458,461.5177570093458,478.08
1790649476,203,4,transition,vit_base_image,122,122,125,122.60061919504642,122.60061919504642,126.198
1790649477,204,4,transition,resnet50_image,166,165,133,165.43807404023391,165.43807404023391,187.183
1790649477,204,4,transition,vgg16_image,462,459,423,461.5177570093458,461.5177570093458,478.08
1790649477,204,4,transition,vit_base_image,123,122,116,122.60061919504642,122.60061919504642,126.198
1790649478,205,4,transition,resnet50_image,165,161,114,165.43807404023391,165.43807404023391,187.183
1790649478,205,4,transition,vgg16_image,461,393,351,461.5177570093458,461.5177570093458,478.08
1790649478,205,4,transition,vit_base_image,123,119,120,122.60061919504642,122.60061919504642,126.198
1790649479,206,4,transition,resnet50_image,166,138,137,165.43807404023391,165.43807404023391,187.183
1790649479,206,4,transition,vgg16_image,462,438,438,461.5177570093458,461.5177570093458,478.08
1790649479,206,4,transition,vit_base_image,122,127,117,122.60061919504642,122.60061919504642,126.198
1790649480,207,4,transition,resnet50_image,165,137,136,165.43807404023391,165.43807404023391,187.183
1790649480,207,4,transition,vgg16_image,461,439,439,461.5177570093458,461.5177570093458,478.08
1790649480,207,4,transition,vit_base_image,123,123,128,122.60061919504642,122.60061919504642,126.198
1790649481,208,4,transition,resnet50_image,165,135,135,165.43807404023391,165.43807404023391,187.183
1790649481,208,4,transition,vgg16_image,462,439,439,461.5177570093458,461.5177570093458,478.08
1790649481,208,4,transition,vit_base_image,122,122,124,122.60061919504642,122.60061919504642,126.198
1790649482,209,4,transition,resnet50_image,166,135,135,165.43807404023391,165.43807404023391,187.183
1790649482,209,4,transition,vgg16_image,461,437,436,461.5177570093458,461.5177570093458,478.08
1790649482,209,4,transition,vit_base_image,123,123,121,122.60061919504642,122.60061919504642,126.198
1790649483,210,4,transition,resnet50_image,165,137,137,165.43807404023391,165.43807404023391,187.183
1790649483,210,4,transition,vgg16_image,462,432,433,461.5177570093458,461.5177570093458,478.08
1790649483,210,4,transition,vit_base_image,123,122,119,122.60061919504642,122.60061919504642,126.198
1790649484,211,4,transition,resnet50_image,166,136,136,165.43807404023391,165.43807404023391,187.183
1790649484,211,4,transition,vgg16_image,462,441,440,461.5177570093458,461.5177570093458,478.08
1790649484,211,4,transition,vit_base_image,122,123,118,122.60061919504642,122.60061919504642,126.198
1790649485,212,4,transition,resnet50_image,165,134,134,165.43807404023391,165.43807404023391,187.183
1790649485,212,4,transition,vgg16_image,461,437,440,461.5177570093458,461.5177570093458,478.08
1790649485,212,4,transition,vit_base_image,123,123,143,122.60061919504642,122.60061919504642,126.198
1790649486,213,4,transition,resnet50_image,166,134,135,165.43807404023391,165.43807404023391,187.183
1790649486,213,4,transition,vgg16_image,462,445,443,461.5177570093458,461.5177570093458,478.08
1790649486,213,4,transition,vit_base_image,122,122,110,122.60061919504642,122.60061919504642,126.198
1790649487,214,4,transition,resnet50_image,165,135,135,165.43807404023391,165.43807404023391,187.183
1790649487,214,4,transition,vgg16_image,461,442,444,461.5177570093458,461.5177570093458,478.08
1790649487,214,4,transition,vit_base_image,123,123,137,122.60061919504642,122.60061919504642,126.198
1790649488,215,4,transition,resnet50_image,166,135,135,165.43807404023391,165.43807404023391,187.183
1790649488,215,4,transition,vgg16_image,462,446,444,461.5177570093458,461.5177570093458,478.08
1790649488,215,4,transition,vit_base_image,123,122,108,122.60061919504642,122.60061919504642,126.198
1790649489,216,4,transition,resnet50_image,165,120,119,165.43807404023391,165.43807404023391,187.183
1790649489,216,4,transition,vgg16_image,461,383,383,461.5177570093458,461.5177570093458,478.08
1790649489,216,4,transition,vit_base_image,122,123,108,122.60061919504642,122.60061919504642,126.198
1790649490,217,4,transition,resnet50_image,165,134,134,165.43807404023391,165.43807404023391,187.183
1790649490,217,4,transition,vgg16_image,462,438,438,461.5177570093458,461.5177570093458,478.08
1790649490,217,4,transition,vit_base_image,123,123,152,122.60061919504642,122.60061919504642,126.198
1790649491,218,4,transition,resnet50_image,166,134,134,165.43807404023391,165.43807404023391,187.183
1790649491,218,4,transition,vgg16_image,461,442,442,461.5177570093458,461.5177570093458,478.08
1790649491,218,4,transition,vit_base_image,122,122,118,122.60061919504642,122.60061919504642,126.198
1790649492,219,4,transition,resnet50_image,165,135,135,165.43807404023391,165.43807404023391,187.183
1790649492,219,4,transition,vgg16_image,462,442,442,461.5177570093458,461.5177570093458,478.08
1790649492,219,4,transition,vit_base_image,123,123,113,122.60061919504642,122.60061919504642,126.198
1790649493,220,4,transition,resnet50_image,166,134,134,165.43807404023391,165.43807404023391,187.183
1790649493,220,4,transition,vgg16_image,461,441,441,461.5177570093458,461.5177570093458,478.08
1790649493,220,4,transition,vit_base_image,123,122,127,122.60061919504642,122.60061919504642,126.198
1790649494,221,4,transition,resnet50_image,165,135,135,165.43807404023391,165.43807404023391,187.183
1790649494,221,4,transition,vgg16_image,462,444,444,461.5177570093458,461.5177570093458,478.08
1790649494,221,4,transition,vit_base_image,122,123,126,122.60061919504642,122.60061919504642,126.198
1790649495,222,4,transition,resnet50_image,166,135,135,165.43807404023391,165.43807404023391,187.183
1790649495,222,4,transition,vgg16_image,461,447,448,461.5177570093458,461.5177570093458,478.08
1790649495,222,4,transition,vit_base_image,123,122,112,122.60061919504642,122.60061919504642,126.198
1790649496,223,4,transition,resnet50_image,165,135,135,165.43807404023391,165.43807404023391,187.183
1790649496,223,4,transition,vgg16_image,462,442,441,461.5177570093458,461.5177570093458,478.08
1790649496,223,4,transition,vit_base_image,122,123,140,122.60061919504642,122.60061919504642,126.198
1790649497,224,4,transition,resnet50_image,165,134,134,165.43807404023391,165.43807404023391,187.183
1790649497,224,4,transition,vgg16_image,461,445,444,461.5177570093458,461.5177570093458,478.08
1790649497,224,4,transition,vit_base_image,123,123,112,122.60061919504642,122.60061919504642,126.198
1790649498,225,4,transition,resnet50_image,166,135,135,165.43807404023391,165.43807404023391,187.183
1790649498,225,4,transition,vgg16_image,462,445,446,461.5177570093458,461.5177570093458,478.08
1790649498,225,4,transition,vit_base_image,123,122,112,122.60061919504642,122.60061919504642,126.198
1790649499,226,4,transition,resnet50_image,165,134,135,165.43807404023391,165.43807404023391,187.183
1790649499,226,4,transition,vgg16_image,461,445,446,461.5177570093458,461.5177570093458,478.08
1790649499,226,4,transition,vit_base_image,122,123,138,122.60061919504642,122.60061919504642,126.198
1790649500,227,4,transition,resnet50_image,166,135,135,165.43807404023391,165.43807404023391,187.183
1790649500,227,4,transition,vgg16_image,462,445,444,461.5177570093458,461.5177570093458,478.08
1790649500,227,4,transition,vit_base_image,123,123,130,122.60061919504642,122.60061919504642,126.198
1790649501,228,4,transition,resnet50_image,165,126,126,165.43807404023391,165.43807404023391,187.183
1790649501,228,4,transition,vgg16_image,461,402,403,461.5177570093458,461.5177570093458,478.08
1790649501,228,4,transition,vit_base_image,122,122,111,122.60061919504642,122.60061919504642,126.198
1790649502,229,4,transition,resnet50_image,166,135,134,165.43807404023391,165.43807404023391,187.183
1790649502,229,4,transition,vgg16_image,462,442,442,461.5177570093458,461.5177570093458,478.08
1790649502,229,4,transition,vit_base_image,123,123,120,122.60061919504642,122.60061919504642,126.198
1790649503,230,4,transition,resnet50_image,165,135,135,165.43807404023391,165.43807404023391,187.183
1790649503,230,4,transition,vgg16_image,461,444,443,461.5177570093458,461.5177570093458,478.08
1790649503,230,4,transition,vit_base_image,123,122,122,122.60061919504642,122.60061919504642,126.198
1790649504,231,4,transition,resnet50_image,166,133,134,165.43807404023391,165.43807404023391,187.183
1790649504,231,4,transition,vgg16_image,462,439,440,461.5177570093458,461.5177570093458,478.08
1790649504,231,4,transition,vit_base_image,122,123,124,122.60061919504642,122.60061919504642,126.198
1790649505,232,4,transition,resnet50_image,165,135,135,165.43807404023391,165.43807404023391,187.183
1790649505,232,4,transition,vgg16_image,461,440,439,461.5177570093458,461.5177570093458,478.08
1790649505,232,4,transition,vit_base_image,123,123,123,122.60061919504642,122.60061919504642,126.198
1790649506,233,4,transition,resnet50_image,165,134,133,165.43807404023391,165.43807404023391,187.183
1790649506,233,4,transition,vgg16_image,462,448,447,461.5177570093458,461.5177570093458,478.08
1790649506,233,4,transition,vit_base_image,122,122,129,122.60061919504642,122.60061919504642,126.198
1790649507,234,4,steady,resnet50_image,166,135,136,165.43807404023391,165.43807404023391,187.183
1790649507,234,4,steady,vgg16_image,461,443,444,461.5177570093458,461.5177570093458,478.08
1790649507,234,4,steady,vit_base_image,123,123,125,122.60061919504642,122.60061919504642,126.198
1790649508,235,4,steady,resnet50_image,165,114,113,165.43807404023391,165.43807404023391,187.183
1790649508,235,4,steady,vgg16_image,462,372,372,461.5177570093458,461.5177570093458,478.08
1790649508,235,4,steady,vit_base_image,123,122,110,122.60061919504642,122.60061919504642,126.198
1790649509,236,4,steady,resnet50_image,165,134,135,165.43807404023391,165.43807404023391,187.183
1790649509,236,4,steady,vgg16_image,461,443,442,461.5177570093458,461.5177570093458,478.08
1790649509,236,4,steady,vit_base_image,122,123,125,122.60061919504642,122.60061919504642,126.198
1790649510,237,4,steady,resnet50_image,166,136,135,165.43807404023391,165.43807404023391,187.183
1790649510,237,4,steady,vgg16_image,462,443,443,461.5177570093458,461.5177570093458,478.08
1790649510,237,4,steady,vit_base_image,123,123,123,122.60061919504642,122.60061919504642,126.198
1790649511,238,4,steady,resnet50_image,165,133,134,165.43807404023391,165.43807404023391,187.183
1790649511,238,4,steady,vgg16_image,461,435,438,461.5177570093458,461.5177570093458,478.08
1790649511,238,4,steady,vit_base_image,122,122,125,122.60061919504642,122.60061919504642,126.198
1790649512,239,4,steady,resnet50_image,166,135,134,165.43807404023391,165.43807404023391,187.183
1790649512,239,4,steady,vgg16_image,462,444,442,461.5177570093458,461.5177570093458,478.08
1790649512,239,4,steady,vit_base_image,123,123,120,122.60061919504642,122.60061919504642,126.198
1790649513,240,4,steady,resnet50_image,165,133,134,165.43807404023391,165.43807404023391,187.183
1790649513,240,4,steady,vgg16_image,461,442,442,461.5177570093458,461.5177570093458,478.08
1790649513,240,4,steady,vit_base_image,123,122,125,122.60061919504642,122.60061919504642,126.198
1790649514,241,4,steady,resnet50_image,166,135,135,165.43807404023391,165.43807404023391,187.183
1790649514,241,4,steady,vgg16_image,462,443,445,461.5177570093458,461.5177570093458,478.08
1790649514,241,4,steady,vit_base_image,122,123,112,122.60061919504642,122.60061919504642,126.198
1790649515,242,4,steady,resnet50_image,165,123,122,165.43807404023391,165.43807404023391,187.183
1790649515,242,4,steady,vgg16_image,461,402,399,461.5177570093458,461.5177570093458,478.08
1790649515,242,4,steady,vit_base_image,123,123,125,122.60061919504642,122.60061919504642,126.198
1790649516,243,4,steady,resnet50_image,165,125,126,165.43807404023391,165.43807404023391,187.183
1790649516,243,4,steady,vgg16_image,462,421,422,461.5177570093458,461.5177570093458,478.08
1790649516,243,4,steady,vit_base_image,122,122,118,122.60061919504642,122.60061919504642,126.198
1790649517,244,4,steady,resnet50_image,166,135,134,165.43807404023391,165.43807404023391,187.183
1790649517,244,4,steady,vgg16_image,461,444,445,461.5177570093458,461.5177570093458,478.08
1790649517,244,4,steady,vit_base_image,123,123,120,122.60061919504642,122.60061919504642,126.198
1790649518,245,4,steady,resnet50_image,165,135,136,165.43807404023391,165.43807404023391,187.183
1790649518,245,4,steady,vgg16_image,462,447,447,461.5177570093458,461.5177570093458,478.08
1790649518,245,4,steady,vit_base_image,123,122,132,122.60061919504642,122.60061919504642,126.198
1790649519,246,4,steady,resnet50_image,166,135,135,165.43807404023391,165.43807404023391,187.183
1790649519,246,4,steady,vgg16_image,461,445,445,461.5177570093458,461.5177570093458,478.08
1790649519,246,4,steady,vit_base_image,122,123,120,122.60061919504642,122.60061919504642,126.198
1790649520,247,4,steady,resnet50_image,165,134,134,165.43807404023391,165.43807404023391,187.183
1790649520,247,4,steady,vgg16_image,462,446,445,461.5177570093458,461.5177570093458,478.08
1790649520,247,4,steady,vit_base_image,123,123,121,122.60061919504642,122.60061919504642,126.198
1790649521,248,4,steady,resnet50_image,166,135,134,165.43807404023391,165.43807404023391,187.183
1790649521,248,4,steady,vgg16_image,461,443,443,461.5177570093458,461.5177570093458,478.08
1790649521,248,4,steady,vit_base_image,122,122,124,122.60061919504642,122.60061919504642,126.198
1790649522,249,4,steady,resnet50_image,165,133,133,165.43807404023391,165.43807404023391,187.183
1790649522,249,4,steady,vgg16_image,462,444,443,461.5177570093458,461.5177570093458,478.08
1790649522,249,4,steady,vit_base_image,123,123,127,122.60061919504642,122.60061919504642,126.198
1790649523,250,4,steady,resnet50_image,166,136,136,165.43807404023391,165.43807404023391,187.183
1790649523,250,4,steady,vgg16_image,461,442,442,461.5177570093458,461.5177570093458,478.08
1790649523,250,4,steady,vit_base_image,123,122,119,122.60061919504642,122.60061919504642,126.198
1790649524,251,4,steady,resnet50_image,165,134,134,165.43807404023391,165.43807404023391,187.183
1790649524,251,4,steady,vgg16_image,462,435,437,461.5177570093458,461.5177570093458,478.08
1790649524,251,4,steady,vit_base_image,122,123,133,122.60061919504642,122.60061919504642,126.198
1790649525,252,4,steady,resnet50_image,165,135,136,165.43807404023391,165.43807404023391,187.183
1790649525,252,4,steady,vgg16_image,461,439,438,461.5177570093458,461.5177570093458,478.08
1790649525,252,4,steady,vit_base_image,123,123,119,122.60061919504642,122.60061919504642,126.198
1790649526,253,4,steady,resnet50_image,166,136,135,165.43807404023391,165.43807404023391,187.183
1790649526,253,4,steady,vgg16_image,462,445,445,461.5177570093458,461.5177570093458,478.08
1790649526,253,4,steady,vit_base_image,122,122,118,122.60061919504642,122.60061919504642,126.198
1790649527,254,4,steady,resnet50_image,165,135,135,165.43807404023391,165.43807404023391,187.183
1790649527,254,4,steady,vgg16_image,461,445,445,461.5177570093458,461.5177570093458,478.08
1790649527,254,4,steady,vit_base_image,123,123,119,122.60061919504642,122.60061919504642,126.198
1790649528,255,4,steady,resnet50_image,166,135,135,165.43807404023391,165.43807404023391,187.183
1790649528,255,4,steady,vgg16_image,462,444,444,461.5177570093458,461.5177570093458,478.08
1790649528,255,4,steady,vit_base_image,123,123,123,122.60061919504642,122.60061919504642,126.198
1790649529,256,4,steady,resnet50_image,165,122,123,165.43807404023391,165.43807404023391,187.183
1790649529,256,4,steady,vgg16_image,461,392,392,461.5177570093458,461.5177570093458,478.08
1790649529,256,4,steady,vit_base_image,122,122,123,122.60061919504642,122.60061919504642,126.198
1790649530,257,4,steady,resnet50_image,166,134,134,165.43807404023391,165.43807404023391,187.183
1790649530,257,4,steady,vgg16_image,462,443,444,461.5177570093458,461.5177570093458,478.08
1790649530,257,4,steady,vit_base_image,123,123,128,122.60061919504642,122.60061919504642,126.198
1790649531,258,4,steady,resnet50_image,165,136,135,165.43807404023391,165.43807404023391,187.183
1790649531,258,4,steady,vgg16_image,461,444,443,461.5177570093458,461.5177570093458,478.08
1790649531,258,4,steady,vit_base_image,122,122,120,122.60061919504642,122.60061919504642,126.198
1790649532,259,4,steady,resnet50_image,165,135,135,165.43807404023391,165.43807404023391,187.183
1790649532,259,4,steady,vgg16_image,462,441,442,461.5177570093458,461.5177570093458,478.08
1790649532,259,4,steady,vit_base_image,123,123,126,122.60061919504642,122.60061919504642,126.198
1790649533,260,4,steady,resnet50_image,166,135,135,165.43807404023391,165.43807404023391,187.183
1790649533,260,4,steady,vgg16_image,461,440,440,461.5177570093458,461.5177570093458,478.08
1790649533,260,4,steady,vit_base_image,123,122,126,122.60061919504642,122.60061919504642,126.198
1790649534,261,4,steady,resnet50_image,165,135,135,165.43807404023391,165.43807404023391,187.183
1790649534,261,4,steady,vgg16_image,462,440,439,461.5177570093458,461.5177570093458,478.08
1790649534,261,4,steady,vit_base_image,122,123,117,122.60061919504642,122.60061919504642,126.198
1790649535,262,4,steady,resnet50_image,166,133,134,165.43807404023391,165.43807404023391,187.183
1790649535,262,4,steady,vgg16_image,462,440,441,461.5177570093458,461.5177570093458,478.08
1790649535,262,4,steady,vit_base_image,123,123,126,122.60061919504642,122.60061919504642,126.198
1790649536,263,4,steady,resnet50_image,165,136,136,165.43807404023391,165.43807404023391,187.183
1790649536,263,4,steady,vgg16_image,461,443,441,461.5177570093458,461.5177570093458,478.08
1790649536,263,4,steady,vit_base_image,122,122,125,122.60061919504642,122.60061919504642,126.198
1790649537,264,,,resnet50_image,166,136,136,,,187.183
1790649537,264,,,vgg16_image,462,436,438,,,478.08
1790649537,264,,,vit_base_image,123,123,122,,,126.198
1790649538,265,,,resnet50_image,165,136,135,,,187.183
1790649538,265,,,vgg16_image,461,436,436,,,478.08
1790649538,265,,,vit_base_image,123,122,120,,,126.198
1790649539,266,,,resnet50_image,166,134,135,,,187.183
1790649539,266,,,vgg16_image,462,437,437,,,478.08
1790649539,266,,,vit_base_image,122,123,111,,,126.198
1790649540,267,,,resnet50_image,165,136,135,,,187.183
1790649540,267,,,vgg16_image,461,436,434,,,478.08
1790649540,267,,,vit_base_image,123,123,142,,,126.198
1790649541,268,,,resnet50_image,165,132,132,,,187.183
1790649541,268,,,vgg16_image,462,435,435,,,478.08
1790649541,268,,,vit_base_image,122,121,108,,,126.198
1790649542,269,,,resnet50_image,166,121,121,,,187.183
1790649542,269,,,vgg16_image,461,383,383,,,478.08
1790649542,269,,,vit_base_image,123,124,128,,,126.198
1790649543,270,,,resnet50_image,165,133,134,,,187.183
1790649543,270,,,vgg16_image,462,437,438,,,478.08
1790649543,270,,,vit_base_image,123,122,132,,,126.198
1790649544,271,5,transition,resnet50_image,103,97,135,91.3690271927075,91.3690271927075,187.183
1790649544,271,5,transition,vgg16_image,459,435,436,461.5177570093458,462.9532710280373,478.08
1790649544,271,5,transition,vit_base_image,122,123,126,122.60061919504642,122.60061919504642,126.198
1790649545,272,5,transition,resnet50_image,92,92,136,91.3690271927075,91.3690271927075,187.183
1790649545,272,5,transition,vgg16_image,462,433,432,461.5177570093458,462.9532710280373,478.08
1790649545,272,5,transition,vit_base_image,123,122,121,122.60061919504642,122.60061919504642,126.198
1790649546,273,5,transition,resnet50_image,91,91,134,91.3690271927075,91.3690271927075,187.183
1790649546,273,5,transition,vgg16_image,462,429,429,461.5177570093458,462.9532710280373,478.08
1790649546,273,5,transition,vit_base_image,122,123,113,122.60061919504642,122.60061919504642,126.198
1790649547,274,5,transition,resnet50_image,91,91,135,91.3690271927075,91.3690271927075,187.183
1790649547,274,5,transition,vgg16_image,461,432,431,461.5177570093458,462.9532710280373,478.08
1790649547,274,5,transition,vit_base_image,123,123,138,122.60061919504642,122.60061919504642,126.198
1790649548,275,5,transition,resnet50_image,92,92,113,91.3690271927075,91.3690271927075,187.183
1790649548,275,5,transition,vgg16_image,462,360,361,461.5177570093458,462.9532710280373,478.08
1790649548,275,5,transition,vit_base_image,122,122,99,122.60061919504642,122.60061919504642,126.198
1790649549,276,5,transition,resnet50_image,91,91,134,91.3690271927075,91.3690271927075,187.183
1790649549,276,5,transition,vgg16_image,461,431,432,461.5177570093458,462.9532710280373,478.08
1790649549,276,5,transition,vit_base_image,123,123,125,122.60061919504642,122.60061919504642,126.198
1790649550,277,5,transition,resnet50_image,92,91,112,91.3690271927075,91.3690271927075,187.183
1790649550,277,5,transition,vgg16_image,462,436,436,461.5177570093458,462.9532710280373,478.08
1790649550,277,5,transition,vit_base_image,123,122,129,122.60061919504642,122.60061919504642,126.198
1790649551,278,5,transition,resnet50_image,91,92,92,91.3690271927075,91.3690271927075,187.183
1790649551,278,5,transition,vgg16_image,461,435,435,461.5177570093458,462.9532710280373,478.08
1790649551,278,5,transition,vit_base_image,122,123,126,122.60061919504642,122.60061919504642,126.198
1790649552,279,5,transition,resnet50_image,91,91,91,91.3690271927075,91.3690271927075,187.183
1790649552,279,5,transition,vgg16_image,462,437,437,461.5177570093458,462.9532710280373,478.08
1790649552,279,5,transition,vit_base_image,123,123,112,122.60061919504642,122.60061919504642,126.198
1790649553,280,5,transition,resnet50_image,92,92,92,91.3690271927075,91.3690271927075,187.183
1790649553,280,5,transition,vgg16_image,461,442,441,461.5177570093458,462.9532710280373,478.08
1790649553,280,5,transition,vit_base_image,122,122,140,122.60061919504642,122.60061919504642,126.198
1790649554,281,5,transition,resnet50_image,91,91,91,91.3690271927075,91.3690271927075,187.183
1790649554,281,5,transition,vgg16_image,462,439,439,461.5177570093458,462.9532710280373,478.08
1790649554,281,5,transition,vit_base_image,123,123,112,122.60061919504642,122.60061919504642,126.198
1790649555,282,5,transition,resnet50_image,91,91,91,91.3690271927075,91.3690271927075,187.183
1790649555,282,5,transition,vgg16_image,461,440,440,461.5177570093458,462.9532710280373,478.08
1790649555,282,5,transition,vit_base_image,123,122,112,122.60061919504642,122.60061919504642,126.198
1790649556,283,5,transition,resnet50_image,92,92,92,91.3690271927075,91.3690271927075,187.183
1790649556,283,5,transition,vgg16_image,462,400,403,461.5177570093458,462.9532710280373,478.08
1790649556,283,5,transition,vit_base_image,122,123,140,122.60061919504642,122.60061919504642,126.198
1790649557,284,5,transition,resnet50_image,91,91,91,91.3690271927075,91.3690271927075,187.183
1790649557,284,5,transition,vgg16_image,461,439,436,461.5177570093458,462.9532710280373,478.08
1790649557,284,5,transition,vit_base_image,123,123,111,122.60061919504642,122.60061919504642,126.198
1790649558,285,5,transition,resnet50_image,92,91,91,91.3690271927075,91.3690271927075,187.183
1790649558,285,5,transition,vgg16_image,462,435,435,461.5177570093458,462.9532710280373,478.08
1790649558,285,5,transition,vit_base_image,122,122,139,122.60061919504642,122.60061919504642,126.198
1790649559,286,5,transition,resnet50_image,91,92,92,91.3690271927075,91.3690271927075,187.183
1790649559,286,5,transition,vgg16_image,461,437,438,461.5177570093458,462.9532710280373,478.08
1790649559,286,5,transition,vit_base_image,123,123,108,122.60061919504642,122.60061919504642,126.198
1790649560,287,5,transition,resnet50_image,91,91,91,91.3690271927075,91.3690271927075,187.183
1790649560,287,5,transition,vgg16_image,462,435,434,461.5177570093458,462.9532710280373,478.08
1790649560,287,5,transition,vit_base_image,123,122,136,122.60061919504642,122.60061919504642,126.198
1790649561,288,5,transition,resnet50_image,92,92,91,91.3690271927075,91.3690271927075,187.183
1790649561,288,5,transition,vgg16_image,461,434,433,461.5177570093458,462.9532710280373,478.08
1790649561,288,5,transition,vit_base_image,122,123,107,122.60061919504642,122.60061919504642,126.198
1790649562,289,5,transition,resnet50_image,91,91,92,91.3690271927075,91.3690271927075,187.183
1790649562,289,5,transition,vgg16_image,462,436,437,461.5177570093458,462.9532710280373,478.08
1790649562,289,5,transition,vit_base_image,123,123,129,122.60061919504642,122.60061919504642,126.198
1790649563,290,5,transition,resnet50_image,91,91,91,91.3690271927075,91.3690271927075,187.183
1790649563,290,5,transition,vgg16_image,461,435,434,461.5177570093458,462.9532710280373,478.08
1790649563,290,5,transition,vit_base_image,122,122,125,122.60061919504642,122.60061919504642,126.198
1790649564,291,5,transition,resnet50_image,92,92,84,91.3690271927075,91.3690271927075,187.183
1790649564,291,5,transition,vgg16_image,462,372,372,461.5177570093458,462.9532710280373,478.08
1790649564,291,5,transition,vit_base_image,123,123,115,122.60061919504642,122.60061919504642,126.198
1790649565,292,5,transition,resnet50_image,91,90,99,91.3690271927075,91.3690271927075,187.183
1790649565,292,5,transition,vgg16_image,461,433,434,461.5177570093458,462.9532710280373,478.08
1790649565,292,5,transition,vit_base_image,123,122,128,122.60061919504642,122.60061919504642,126.198
1790649566,293,5,transition,resnet50_image,91,92,91,91.3690271927075,91.3690271927075,187.183
1790649566,293,5,transition,vgg16_image,462,422,423,461.5177570093458,462.9532710280373,478.08
1790649566,293,5,transition,vit_base_image,122,123,125,122.60061919504642,122.60061919504642,126.198
1790649567,294,5,transition,resnet50_image,92,92,92,91.3690271927075,91.3690271927075,187.183
1790649567,294,5,transition,vgg16_image,461,428,426,461.5177570093458,462.9532710280373,478.08
1790649567,294,5,transition,vit_base_image,123,123,111,122.60061919504642,122.60061919504642,126.198
1790649568,295,5,transition,resnet50_image,91,91,91,91.3690271927075,91.3690271927075,187.183
1790649568,295,5,transition,vgg16_image,462,437,438,461.5177570093458,462.9532710280373,478.08
1790649568,295,5,transition,vit_base_image,122,122,133,122.60061919504642,122.60061919504642,126.198
1790649569,296,5,transition,resnet50_image,92,91,91,91.3690271927075,91.3690271927075,187.183
1790649569,296,5,transition,vgg16_image,461,437,439,461.5177570093458,462.9532710280373,478.08
1790649569,296,5,transition,vit_base_image,123,123,123,122.60061919504642,122.60061919504642,126.198
1790649570,297,5,transition,resnet50_image,91,92,92,91.3690271927075,91.3690271927075,187.183
1790649570,297,5,transition,vgg16_image,462,440,439,461.5177570093458,462.9532710280373,478.08
1790649570,297,5,transition,vit_base_image,123,122,117,122.60061919504642,122.60061919504642,126.198
1790649571,298,5,transition,resnet50_image,91,91,91,91.3690271927075,91.3690271927075,187.183
1790649571,298,5,transition,vgg16_image,461,438,437,461.5177570093458,462.9532710280373,478.08
1790649571,298,5,transition,vit_base_image,122,123,140,122.60061919504642,122.60061919504642,126.198
1790649572,299,5,transition,resnet50_image,92,92,92,91.3690271927075,91.3690271927075,187.183
1790649572,299,5,transition,vgg16_image,462,435,435,461.5177570093458,462.9532710280373,478.08
1790649572,299,5,transition,vit_base_image,123,123,118,122.60061919504642,122.60061919504642,126.198
1790649573,300,5,transition,resnet50_image,91,91,76,91.3690271927075,91.3690271927075,187.183
1790649573,300,5,transition,vgg16_image,461,372,374,461.5177570093458,462.9532710280373,478.08
1790649573,300,5,transition,vit_base_image,122,122,115,122.60061919504642,122.60061919504642,126.198
1790649574,301,5,transition,resnet50_image,91,91,106,91.3690271927075,91.3690271927075,187.183
1790649574,301,5,transition,vgg16_image,462,438,436,461.5177570093458,462.9532710280373,478.08
1790649574,301,5,transition,vit_base_image,123,123,118,122.60061919504642,122.60061919504642,126.198
1790649575,302,5,transition,resnet50_image,92,92,92,91.3690271927075,91.3690271927075,187.183
1790649575,302,5,transition,vgg16_image,462,438,438,461.5177570093458,462.9532710280373,478.08
1790649575,302,5,transition,vit_base_image,123,123,128,122.60061919504642,122.60061919504642,126.198
1790649576,303,5,transition,resnet50_image,91,91,91,91.3690271927075,91.3690271927075,187.183
1790649576,303,5,transition,vgg16_image,461,441,441,461.5177570093458,462.9532710280373,478.08
1790649576,303,5,transition,vit_base_image,122,122,125,122.60061919504642,122.60061919504642,126.198
1790649577,304,5,transition,resnet50_image,92,91,91,91.3690271927075,91.3690271927075,187.183
1790649577,304,5,transition,vgg16_image,462,440,440,461.5177570093458,462.9532710280373,478.08
1790649577,304,5,transition,vit_base_image,123,123,115,122.60061919504642,122.60061919504642,126.198
1790649578,305,5,transition,resnet50_image,91,92,91,91.3690271927075,91.3690271927075,187.183
1790649578,305,5,transition,vgg16_image,461,440,440,461.5177570093458,462.9532710280373,478.08
1790649578,305,5,transition,vit_base_image,122,122,112,122.60061919504642,122.60061919504642,126.198
1790649579,306,5,transition,resnet50_image,91,91,92,91.3690271927075,91.3690271927075,187.183
1790649579,306,5,transition,vgg16_image,462,435,435,461.5177570093458,462.9532710280373,478.08
1790649579,306,5,transition,vit_base_image,123,122,140,122.60061919504642,122.60061919504642,126.198
1790649580,307,5,transition,resnet50_image,92,92,92,91.3690271927075,91.3690271927075,187.183
1790649580,307,5,transition,vgg16_image,461,440,441,461.5177570093458,462.9532710280373,478.08
1790649580,307,5,transition,vit_base_image,123,123,112,122.60061919504642,122.60061919504642,126.198
1790649581,308,5,transition,resnet50_image,91,91,91,91.3690271927075,91.3690271927075,187.183
1790649581,308,5,transition,vgg16_image,462,440,440,461.5177570093458,462.9532710280373,478.08
1790649581,308,5,transition,vit_base_image,122,123,139,122.60061919504642,122.60061919504642,126.198
1790649582,309,5,transition,resnet50_image,91,91,91,91.3690271927075,91.3690271927075,187.183
1790649582,309,5,transition,vgg16_image,461,440,439,461.5177570093458,462.9532710280373,478.08
1790649582,309,5,transition,vit_base_image,123,123,105,122.60061919504642,122.60061919504642,126.198
1790649583,310,5,transition,resnet50_image,92,92,85,91.3690271927075,91.3690271927075,187.183
1790649583,310,5,transition,vgg16_image,462,419,432,461.5177570093458,462.9532710280373,478.08
1790649583,310,5,transition,vit_base_image,122,122,133,122.60061919504642,122.60061919504642,126.198
1790649584,311,5,transition,resnet50_image,91,91,97,91.3690271927075,91.3690271927075,187.183
1790649584,311,5,transition,vgg16_image,461,455,466,461.5177570093458,462.9532710280373,476.781
1790649584,311,5,transition,vit_base_image,123,122,120,122.60061919504642,122.60061919504642,126.198
1790649585,312,5,transition,resnet50_image,91,91,92,91.3690271927075,91.3690271927075,187.183
1790649585,312,5,transition,vgg16_image,462,462,479,461.5177570093458,462.9532710280373,476.781
1790649585,312,5,transition,vit_base_image,123,124,131,122.60061919504642,122.60061919504642,126.198
1790649586,313,5,transition,resnet50_image,92,92,90,91.3690271927075,91.3690271927075,187.183
1790649586,313,5,transition,vgg16_image,461,462,464,461.5177570093458,462.9532710280373,476.781
1790649586,313,5,transition,vit_base_image,122,122,122,122.60061919504642,122.60061919504642,126.198
1790649587,314,5,transition,resnet50_image,91,91,93,91.3690271927075,91.3690271927075,187.183
1790649587,314,5,transition,vgg16_image,462,461,464,461.5177570093458,462.9532710280373,476.781
1790649587,314,5,transition,vit_base_image,123,123,120,122.60061919504642,122.60061919504642,126.198
1790649588,315,5,transition,resnet50_image,92,91,91,91.3690271927075,91.3690271927075,187.183
1790649588,315,5,transition,vgg16_image,461,461,465,461.5177570093458,462.9532710280373,476.781
1790649588,315,5,transition,vit_base_image,122,122,105,122.60061919504642,122.60061919504642,126.198
1790649589,316,5,transition,resnet50_image,91,92,92,91.3690271927075,91.3690271927075,187.183
1790649589,316,5,transition,vgg16_image,462,462,479,461.5177570093458,462.9532710280373,476.781
1790649589,316,5,transition,vit_base_image,123,123,143,122.60061919504642,122.60061919504642,126.198
1790649590,317,5,transition,resnet50_image,91,91,91,91.3690271927075,91.3690271927075,187.183
1790649590,317,5,transition,vgg16_image,461,461,464,461.5177570093458,462.9532710280373,476.781
1790649590,317,5,transition,vit_base_image,123,122,117,122.60061919504642,122.60061919504642,126.198
1790649591,318,5,transition,resnet50_image,92,92,92,91.3690271927075,91.3690271927075,187.183
1790649591,318,5,transition,vgg16_image,462,462,464,461.5177570093458,462.9532710280373,476.781
1790649591,318,5,transition,vit_base_image,122,123,122,122.60061919504642,122.60061919504642,126.198
1790649592,319,5,transition,resnet50_image,91,91,91,91.3690271927075,91.3690271927075,187.183
1790649592,319,5,transition,vgg16_image,461,462,464,461.5177570093458,462.9532710280373,476.781
1790649592,319,5,transition,vit_base_image,123,123,128,122.60061919504642,122.60061919504642,126.198
1790649593,320,5,transition,resnet50_image,91,91,91,91.3690271927075,91.3690271927075,187.183
1790649593,320,5,transition,vgg16_image,462,462,464,461.5177570093458,462.9532710280373,476.781
1790649593,320,5,transition,vit_base_image,122,122,96,122.60061919504642,122.60061919504642,126.198
1790649594,321,5,transition,resnet50_image,92,92,92,91.3690271927075,91.3690271927075,187.183
1790649594,321,5,transition,vgg16_image,461,461,464,461.5177570093458,462.9532710280373,476.781
1790649594,321,5,transition,vit_base_image,123,123,128,122.60061919504642,122.60061919504642,126.198
1790649595,322,5,transition,resnet50_image,91,91,91,91.3690271927075,91.3690271927075,187.183
1790649595,322,5,transition,vgg16_image,462,461,464,461.5177570093458,462.9532710280373,476.781
1790649595,322,5,transition,vit_base_image,123,123,128,122.60061919504642,122.60061919504642,126.198
1790649596,323,5,transition,resnet50_image,92,92,91,91.3690271927075,91.3690271927075,187.183
1790649596,323,5,transition,vgg16_image,461,461,464,461.5177570093458,462.9532710280373,476.781
1790649596,323,5,transition,vit_base_image,122,122,128,122.60061919504642,122.60061919504642,126.198
1790649597,324,5,steady,resnet50_image,90,90,90,91.3690271927075,91.3690271927075,187.183
1790649597,324,5,steady,vgg16_image,462,463,464,462.9532710280373,462.9532710280373,476.781
1790649597,324,5,steady,vit_base_image,123,123,112,122.60061919504642,122.60061919504642,126.198
1790649598,325,5,steady,resnet50_image,91,91,92,91.3690271927075,91.3690271927075,187.183
1790649598,325,5,steady,vgg16_image,463,462,464,462.9532710280373,462.9532710280373,476.781
1790649598,325,5,steady,vit_base_image,123,122,112,122.60061919504642,122.60061919504642,126.198
1790649599,326,5,steady,resnet50_image,92,92,92,91.3690271927075,91.3690271927075,187.183
1790649599,326,5,steady,vgg16_image,463,464,464,462.9532710280373,462.9532710280373,476.781
1790649599,326,5,steady,vit_base_image,122,123,128,122.60061919504642,122.60061919504642,126.198
1790649600,327,5,steady,resnet50_image,91,91,91,91.3690271927075,91.3690271927075,187.183
1790649600,327,5,steady,vgg16_image,463,462,464,462.9532710280373,462.9532710280373,476.781
1790649600,327,5,steady,vit_base_image,123,123,128,122.60061919504642,122.60061919504642,126.198
1790649601,328,5,steady,resnet50_image,92,91,91,91.3690271927075,91.3690271927075,187.183
1790649601,328,5,steady,vgg16_image,463,463,455,462.9532710280373,462.9532710280373,476.781
1790649601,328,5,steady,vit_base_image,122,122,112,122.60061919504642,122.60061919504642,126.198
1790649602,329,5,steady,resnet50_image,91,92,92,91.3690271927075,91.3690271927075,187.183
1790649602,329,5,steady,vgg16_image,463,462,458,462.9532710280373,462.9532710280373,476.781
1790649602,329,5,steady,vit_base_image,123,123,123,122.60061919504642,122.60061919504642,126.198
1790649603,330,5,steady,resnet50_image,91,91,91,91.3690271927075,91.3690271927075,187.183
1790649603,330,5,steady,vgg16_image,463,464,468,462.9532710280373,462.9532710280373,476.781
1790649603,330,5,steady,vit_base_image,123,123,117,122.60061919504642,122.60061919504642,126.198
1790649604,331,5,steady,resnet50_image,92,92,92,91.3690271927075,91.3690271927075,187.183
1790649604,331,5,steady,vgg16_image,463,464,475,462.9532710280373,462.9532710280373,476.781
1790649604,331,5,steady,vit_base_image,122,122,128,122.60061919504642,122.60061919504642,126.198
1790649605,332,5,steady,resnet50_image,91,91,91,91.3690271927075,91.3690271927075,187.183
1790649605,332,5,steady,vgg16_image,463,462,464,462.9532710280373,462.9532710280373,476.781
1790649605,332,5,steady,vit_base_image,123,123,112,122.60061919504642,122.60061919504642,126.198
1790649606,333,5,steady,resnet50_image,91,91,92,91.3690271927075,91.3690271927075,187.183
1790649606,333,5,steady,vgg16_image,463,463,464,462.9532710280373,462.9532710280373,476.781
1790649606,333,5,steady,vit_base_image,122,122,128,122.60061919504642,122.60061919504642,126.198
1790649607,334,5,steady,resnet50_image,92,92,91,91.3690271927075,91.3690271927075,187.183
1790649607,334,5,steady,vgg16_image,463,463,464,462.9532710280373,462.9532710280373,476.781
1790649607,334,5,steady,vit_base_image,123,123,128,122.60061919504642,122.60061919504642,126.198
1790649608,335,5,steady,resnet50_image,91,91,91,91.3690271927075,91.3690271927075,187.183
1790649608,335,5,steady,vgg16_image,463,462,473,462.9532710280373,462.9532710280373,476.781
1790649608,335,5,steady,vit_base_image,123,122,112,122.60061919504642,122.60061919504642,126.198
1790649609,336,5,steady,resnet50_image,92,91,91,91.3690271927075,91.3690271927075,187.183
1790649609,336,5,steady,vgg16_image,463,464,471,462.9532710280373,462.9532710280373,476.781
1790649609,336,5,steady,vit_base_image,122,123,128,122.60061919504642,122.60061919504642,126.198
1790649610,337,5,steady,resnet50_image,91,92,91,91.3690271927075,91.3690271927075,187.183
1790649610,337,5,steady,vgg16_image,463,463,464,462.9532710280373,462.9532710280373,476.781
1790649610,337,5,steady,vit_base_image,123,123,128,122.60061919504642,122.60061919504642,126.198
1790649611,338,5,steady,resnet50_image,91,91,92,91.3690271927075,91.3690271927075,187.183
1790649611,338,5,steady,vgg16_image,463,463,464,462.9532710280373,462.9532710280373,476.781
1790649611,338,5,steady,vit_base_image,122,122,112,122.60061919504642,122.60061919504642,126.198
1790649612,339,5,steady,resnet50_image,92,92,92,91.3690271927075,91.3690271927075,187.183
1790649612,339,5,steady,vgg16_image,463,463,464,462.9532710280373,462.9532710280373,476.781
1790649612,339,5,steady,vit_base_image,123,123,128,122.60061919504642,122.60061919504642,126.198
1790649613,340,5,steady,resnet50_image,91,91,91,91.3690271927075,91.3690271927075,187.183
1790649613,340,5,steady,vgg16_image,463,463,464,462.9532710280373,462.9532710280373,476.781
1790649613,340,5,steady,vit_base_image,123,122,112,122.60061919504642,122.60061919504642,126.198
1790649614,341,5,steady,resnet50_image,91,91,91,91.3690271927075,91.3690271927075,187.183
1790649614,341,5,steady,vgg16_image,462,463,448,462.9532710280373,462.9532710280373,476.781
1790649614,341,5,steady,vit_base_image,122,123,112,122.60061919504642,122.60061919504642,126.198
1790649615,342,5,steady,resnet50_image,92,92,91,91.3690271927075,91.3690271927075,187.183
1790649615,342,5,steady,vgg16_image,463,463,464,462.9532710280373,462.9532710280373,476.781
1790649615,342,5,steady,vit_base_image,123,123,128,122.60061919504642,122.60061919504642,126.198
1790649616,343,5,steady,resnet50_image,91,91,92,91.3690271927075,91.3690271927075,187.183
1790649616,343,5,steady,vgg16_image,463,463,464,462.9532710280373,462.9532710280373,476.781
1790649616,343,5,steady,vit_base_image,122,122,128,122.60061919504642,122.60061919504642,126.198
1790649617,344,5,steady,resnet50_image,91,91,91,91.3690271927075,91.3690271927075,187.183
1790649617,344,5,steady,vgg16_image,463,463,480,462.9532710280373,462.9532710280373,476.781
1790649617,344,5,steady,vit_base_image,123,123,128,122.60061919504642,122.60061919504642,126.198
1790649618,345,5,steady,resnet50_image,92,92,92,91.3690271927075,91.3690271927075,187.183
1790649618,345,5,steady,vgg16_image,463,462,455,462.9532710280373,462.9532710280373,476.781
1790649618,345,5,steady,vit_base_image,123,122,112,122.60061919504642,122.60061919504642,126.198
1790649619,346,5,steady,resnet50_image,91,91,91,91.3690271927075,91.3690271927075,187.183
1790649619,346,5,steady,vgg16_image,463,464,473,462.9532710280373,462.9532710280373,476.781
1790649619,346,5,steady,vit_base_image,122,123,112,122.60061919504642,122.60061919504642,126.198
1790649620,347,5,steady,resnet50_image,92,92,91,91.3690271927075,91.3690271927075,187.183
1790649620,347,5,steady,vgg16_image,463,463,464,462.9532710280373,462.9532710280373,476.781
1790649620,347,5,steady,vit_base_image,123,123,128,122.60061919504642,122.60061919504642,126.198
1790649621,348,5,steady,resnet50_image,91,91,92,91.3690271927075,91.3690271927075,187.183
1790649621,348,5,steady,vgg16_image,463,462,464,462.9532710280373,462.9532710280373,476.781
1790649621,348,5,steady,vit_base_image,122,122,128,122.60061919504642,122.60061919504642,126.198
1790649622,349,5,steady,resnet50_image,91,91,91,91.3690271927075,91.3690271927075,187.183
1790649622,349,5,steady,vgg16_image,463,463,464,462.9532710280373,462.9532710280373,476.781
1790649622,349,5,steady,vit_base_image,123,123,128,122.60061919504642,122.60061919504642,126.198
1790649623,350,5,steady,resnet50_image,92,92,91,91.3690271927075,91.3690271927075,187.183
1790649623,350,5,steady,vgg16_image,463,464,464,462.9532710280373,462.9532710280373,476.781
1790649623,350,5,steady,vit_base_image,123,123,96,122.60061919504642,122.60061919504642,126.198
1790649624,351,5,steady,resnet50_image,91,91,92,91.3690271927075,91.3690271927075,187.183
1790649624,351,5,steady,vgg16_image,463,462,464,462.9532710280373,462.9532710280373,476.781
1790649624,351,5,steady,vit_base_image,122,122,128,122.60061919504642,122.60061919504642,126.198
1790649625,352,5,steady,resnet50_image,91,91,91,91.3690271927075,91.3690271927075,187.183
1790649625,352,5,steady,vgg16_image,463,463,464,462.9532710280373,462.9532710280373,476.781
1790649625,352,5,steady,vit_base_image,123,123,128,122.60061919504642,122.60061919504642,126.198
1790649626,353,5,steady,resnet50_image,92,92,91,91.3690271927075,91.3690271927075,187.183
1790649626,353,5,steady,vgg16_image,463,463,463,462.9532710280373,462.9532710280373,476.781
1790649626,353,5,steady,vit_base_image,122,122,128,122.60061919504642,122.60061919504642,126.198
1790649627,354,,,resnet50_image,91,91,92,,,187.183
1790649627,354,,,vgg16_image,463,463,449,,,476.781
1790649627,354,,,vit_base_image,123,123,96,,,126.198
1790649628,355,,,resnet50_image,92,91,92,,,187.183
1790649628,355,,,vgg16_image,463,463,464,,,476.781
1790649628,355,,,vit_base_image,123,122,128,,,126.198
1790649629,356,,,resnet50_image,91,92,91,,,187.183
1790649629,356,,,vgg16_image,463,463,454,,,476.781
1790649629,356,,,vit_base_image,122,123,128,,,126.198
1790649630,357,,,resnet50_image,91,91,91,,,187.183
1790649630,357,,,vgg16_image,463,464,463,,,476.781
1790649630,357,,,vit_base_image,123,123,128,,,126.198
1790649631,358,,,resnet50_image,92,92,92,,,187.183
1790649631,358,,,vgg16_image,463,462,461,,,476.781
1790649631,358,,,vit_base_image,122,122,96,,,126.198
1790649632,359,,,resnet50_image,91,91,91,,,187.183
1790649632,359,,,vgg16_image,463,463,478,,,476.781
1790649632,359,,,vit_base_image,123,123,128,,,126.198
1790649633,360,,,resnet50_image,88,88,88,,,187.183
1790649633,360,,,vgg16_image,461,462,419,,,476.781
1790649633,360,,,vit_base_image,116,116,128,,,126.198
1790649634,361,6,transition,resnet50_image,67,67,67,66.79901619663318,66.79901619663318,187.183
1790649634,361,6,transition,vgg16_image,461,460,477,460.7999999999999,460.7999999999999,476.781
1790649634,361,6,transition,vit_base_image,74,74,128,73.56037151702786,73.56037151702786,126.198
1790649635,362,6,transition,resnet50_image,67,66,66,66.79901619663318,66.79901619663318,187.183
1790649635,362,6,transition,vgg16_image,461,461,464,460.7999999999999,460.7999999999999,476.781
1790649635,362,6,transition,vit_base_image,74,74,122,73.56037151702786,73.56037151702786,126.198
1790649636,363,6,transition,resnet50_image,66,67,67,66.79901619663318,66.79901619663318,187.183
1790649636,363,6,transition,vgg16_image,461,461,437,460.7999999999999,460.7999999999999,476.781
1790649636,363,6,transition,vit_base_image,73,73,81,73.56037151702786,73.56037151702786,126.198
1790649637,364,6,transition,resnet50_image,67,67,67,66.79901619663318,66.79901619663318,187.183
1790649637,364,6,transition,vgg16_image,460,461,463,460.7999999999999,460.7999999999999,476.781
1790649637,364,6,transition,vit_base_image,74,74,73,73.56037151702786,73.56037151702786,126.198
1790649638,365,6,transition,resnet50_image,67,67,67,66.79901619663318,66.79901619663318,187.183
1790649638,365,6,transition,vgg16_image,461,461,456,460.7999999999999,460.7999999999999,476.781
1790649638,365,6,transition,vit_base_image,73,73,73,73.56037151702786,73.56037151702786,126.198
1790649639,366,6,transition,resnet50_image,67,67,67,66.79901619663318,66.79901619663318,187.183
1790649639,366,6,transition,vgg16_image,461,394,340,460.7999999999999,460.7999999999999,476.781
1790649639,366,6,transition,vit_base_image,74,74,70,73.56037151702786,73.56037151702786,126.198
1790649640,367,6,transition,resnet50_image,66,66,66,66.79901619663318,66.79901619663318,187.183
1790649640,367,6,transition,vgg16_image,461,459,448,460.7999999999999,460.7999999999999,476.781
1790649640,367,6,transition,vit_base_image,73,73,78,73.56037151702786,73.56037151702786,126.198
1790649641,368,6,transition,resnet50_image,67,67,68,66.79901619663318,66.79901619663318,187.183
1790649641,368,6,transition,vgg16_image,461,460,480,460.7999999999999,460.7999999999999,476.781
1790649641,368,6,transition,vit_base_image,74,74,74,73.56037151702786,73.56037151702786,126.198
1790649642,369,6,transition,resnet50_image,67,67,66,66.79901619663318,66.79901619663318,187.183
1790649642,369,6,transition,vgg16_image,460,461,464,460.7999999999999,460.7999999999999,476.781
1790649642,369,6,transition,vit_base_image,74,73,74,73.56037151702786,73.56037151702786,100.828
1790649643,370,6,transition,resnet50_image,67,67,67,66.79901619663318,66.79901619663318,187.183
1790649643,370,6,transition,vgg16_image,461,460,464,460.7999999999999,460.7999999999999,476.781
1790649643,370,6,transition,vit_base_image,73,74,73,73.56037151702786,73.56037151702786,100.828
1790649644,371,6,transition,resnet50_image,67,67,67,66.79901619663318,66.79901619663318,187.183
1790649644,371,6,transition,vgg16_image,461,461,464,460.7999999999999,460.7999999999999,476.781
1790649644,371,6,transition,vit_base_image,74,74,74,73.56037151702786,73.56037151702786,100.828
1790649645,372,6,transition,resnet50_image,66,66,66,66.79901619663318,66.79901619663318,187.183
1790649645,372,6,transition,vgg16_image,461,460,464,460.7999999999999,460.7999999999999,476.781
1790649645,372,6,transition,vit_base_image,73,73,73,73.56037151702786,73.56037151702786,100.828
1790649646,373,6,steady,resnet50_image,66,66,66,66.79901619663318,66.79901619663318,187.183
1790649646,373,6,steady,vgg16_image,458,455,432,460.7999999999999,460.7999999999999,476.781
1790649646,373,6,steady,vit_base_image,74,74,74,73.56037151702786,73.56037151702786,100.828
1790649647,374,6,steady,resnet50_image,67,67,67,66.79901619663318,66.79901619663318,187.183
1790649647,374,6,steady,vgg16_image,461,460,455,460.7999999999999,460.7999999999999,476.781
1790649647,374,6,steady,vit_base_image,73,73,73,73.56037151702786,73.56037151702786,100.828
1790649648,375,6,steady,resnet50_image,67,67,67,66.79901619663318,66.79901619663318,187.183
1790649648,375,6,steady,vgg16_image,461,462,473,460.7999999999999,460.7999999999999,476.781
1790649648,375,6,steady,vit_base_image,74,74,74,73.56037151702786,73.56037151702786,100.828
1790649649,376,6,steady,resnet50_image,67,67,67,66.79901619663318,66.79901619663318,187.183
1790649649,376,6,steady,vgg16_image,461,460,465,460.7999999999999,460.7999999999999,476.781
1790649649,376,6,steady,vit_base_image,73,73,74,73.56037151702786,73.56037151702786,100.828
1790649650,377,6,steady,resnet50_image,67,67,67,66.79901619663318,66.79901619663318,187.183
1790649650,377,6,steady,vgg16_image,460,461,479,460.7999999999999,460.7999999999999,476.781
1790649650,377,6,steady,vit_base_image,74,74,73,73.56037151702786,73.56037151702786,100.828
1790649651,378,6,steady,resnet50_image,66,66,66,66.79901619663318,66.79901619663318,187.183
1790649651,378,6,steady,vgg16_image,461,433,384,460.7999999999999,460.7999999999999,476.781
1790649651,378,6,steady,vit_base_image,74,73,72,73.56037151702786,73.56037151702786,100.828
1790649652,379,6,steady,resnet50_image,67,67,68,66.79901619663318,66.79901619663318,187.183
1790649652,379,6,steady,vgg16_image,461,435,464,460.7999999999999,460.7999999999999,476.781
1790649652,379,6,steady,vit_base_image,73,74,75,73.56037151702786,73.56037151702786,100.828
1790649653,380,6,steady,resnet50_image,67,67,66,66.79901619663318,66.79901619663318,187.183
1790649653,380,6,steady,vgg16_image,461,460,454,460.7999999999999,460.7999999999999,476.781
1790649653,380,6,steady,vit_base_image,74,74,74,73.56037151702786,73.56037151702786,100.828
1790649654,381,6,steady,resnet50_image,67,67,67,66.79901619663318,66.79901619663318,187.183
1790649654,381,6,steady,vgg16_image,461,461,474,460.7999999999999,460.7999999999999,476.781
1790649654,381,6,steady,vit_base_image,73,73,73,73.56037151702786,73.56037151702786,100.828
1790649655,382,6,steady,resnet50_image,67,67,67,66.79901619663318,66.79901619663318,187.183
1790649655,382,6,steady,vgg16_image,460,461,464,460.7999999999999,460.7999999999999,476.781
1790649655,382,6,steady,vit_base_image,74,74,74,73.56037151702786,73.56037151702786,100.828
1790649656,383,6,steady,resnet50_image,66,66,67,66.79901619663318,66.79901619663318,187.183
1790649656,383,6,steady,vgg16_image,461,461,465,460.7999999999999,460.7999999999999,476.781
1790649656,383,6,steady,vit_base_image,73,73,73,73.56037151702786,73.56037151702786,100.828
1790649657,384,6,steady,resnet50_image,67,67,67,66.79901619663318,66.79901619663318,187.183
1790649657,384,6,steady,vgg16_image,461,460,463,460.7999999999999,460.7999999999999,476.781
1790649657,384,6,steady,vit_base_image,74,74,74,73.56037151702786,73.56037151702786,100.828
1790649658,385,6,steady,resnet50_image,67,67,66,66.79901619663318,66.79901619663318,187.183
1790649658,385,6,steady,vgg16_image,461,461,464,460.7999999999999,460.7999999999999,476.781
1790649658,385,6,steady,vit_base_image,73,73,74,73.56037151702786,73.56037151702786,100.828
1790649659,386,6,steady,resnet50_image,67,67,67,66.79901619663318,66.79901619663318,187.183
1790649659,386,6,steady,vgg16_image,461,460,479,460.7999999999999,460.7999999999999,476.781
1790649659,386,6,steady,vit_base_image,74,74,73,73.56037151702786,73.56037151702786,100.828
1790649660,387,6,steady,resnet50_image,67,67,67,66.79901619663318,66.79901619663318,187.183
1790649660,387,6,steady,vgg16_image,460,453,401,460.7999999999999,460.7999999999999,476.781
1790649660,387,6,steady,vit_base_image,74,73,73,73.56037151702786,73.56037151702786,100.828
1790649661,388,6,steady,resnet50_image,66,66,67,66.79901619663318,66.79901619663318,187.183
1790649661,388,6,steady,vgg16_image,461,461,464,460.7999999999999,460.7999999999999,476.781
1790649661,388,6,steady,vit_base_image,73,74,74,73.56037151702786,73.56037151702786,100.828
1790649662,389,6,steady,resnet50_image,67,67,66,66.79901619663318,66.79901619663318,187.183
1790649662,389,6,steady,vgg16_image,461,460,468,460.7999999999999,460.7999999999999,476.781
1790649662,389,6,steady,vit_base_image,74,74,74,73.56037151702786,73.56037151702786,100.828
1790649663,390,6,steady,resnet50_image,67,67,67,66.79901619663318,66.79901619663318,187.183
1790649663,390,6,steady,vgg16_image,461,461,461,460.7999999999999,460.7999999999999,476.781
1790649663,390,6,steady,vit_base_image,73,73,74,73.56037151702786,73.56037151702786,100.828
1790649664,391,6,steady,resnet50_image,67,67,67,66.79901619663318,66.79901619663318,187.183
1790649664,391,6,steady,vgg16_image,461,461,470,460.7999999999999,460.7999999999999,476.781
1790649664,391,6,steady,vit_base_image,74,74,73,73.56037151702786,73.56037151702786,100.828
1790649665,392,6,steady,resnet50_image,67,67,67,66.79901619663318,66.79901619663318,187.183
1790649665,392,6,steady,vgg16_image,460,461,473,460.7999999999999,460.7999999999999,476.781
1790649665,392,6,steady,vit_base_image,73,73,74,73.56037151702786,73.56037151702786,100.828
1790649666,393,6,steady,resnet50_image,66,66,66,66.79901619663318,66.79901619663318,187.183
1790649666,393,6,steady,vgg16_image,461,460,464,460.7999999999999,460.7999999999999,476.781
1790649666,393,6,steady,vit_base_image,74,74,73,73.56037151702786,73.56037151702786,100.828
1790649667,394,6,steady,resnet50_image,67,67,67,66.79901619663318,66.79901619663318,187.183
1790649667,394,6,steady,vgg16_image,461,461,474,460.7999999999999,460.7999999999999,476.781
1790649667,394,6,steady,vit_base_image,73,73,73,73.56037151702786,73.56037151702786,100.828
1790649668,395,6,steady,resnet50_image,67,67,67,66.79901619663318,66.79901619663318,187.183
1790649668,395,6,steady,vgg16_image,461,461,470,460.7999999999999,460.7999999999999,476.781
1790649668,395,6,steady,vit_base_image,74,74,74,73.56037151702786,73.56037151702786,100.828
1790649669,396,6,steady,resnet50_image,67,67,67,66.79901619663318,66.79901619663318,187.183
1790649669,396,6,steady,vgg16_image,461,461,464,460.7999999999999,460.7999999999999,476.781
1790649669,396,6,steady,vit_base_image,74,74,74,73.56037151702786,73.56037151702786,100.828
1790649670,397,6,steady,resnet50_image,67,66,67,66.79901619663318,66.79901619663318,187.183
1790649670,397,6,steady,vgg16_image,460,460,464,460.7999999999999,460.7999999999999,476.781
1790649670,397,6,steady,vit_base_image,73,73,73,73.56037151702786,73.56037151702786,100.828
1790649671,398,6,steady,resnet50_image,66,67,66,66.79901619663318,66.79901619663318,187.183
1790649671,398,6,steady,vgg16_image,461,462,464,460.7999999999999,460.7999999999999,476.781
1790649671,398,6,steady,vit_base_image,74,74,74,73.56037151702786,73.56037151702786,100.828
1790649672,399,6,steady,resnet50_image,67,67,67,66.79901619663318,66.79901619663318,187.183
1790649672,399,6,steady,vgg16_image,461,460,464,460.7999999999999,460.7999999999999,476.781
1790649672,399,6,steady,vit_base_image,73,73,73,73.56037151702786,73.56037151702786,100.828
1790649673,400,6,steady,resnet50_image,67,67,67,66.79901619663318,66.79901619663318,187.183
1790649673,400,6,steady,vgg16_image,461,461,464,460.7999999999999,460.7999999999999,476.781
1790649673,400,6,steady,vit_base_image,74,74,74,73.56037151702786,73.56037151702786,100.828
1790649674,401,6,steady,resnet50_image,67,67,67,66.79901619663318,66.79901619663318,187.183
1790649674,401,6,steady,vgg16_image,461,461,464,460.7999999999999,460.7999999999999,476.781
1790649674,401,6,steady,vit_base_image,73,73,74,73.56037151702786,73.56037151702786,100.828
1790649675,402,6,steady,resnet50_image,67,67,67,66.79901619663318,66.79901619663318,187.183
1790649675,402,6,steady,vgg16_image,460,461,465,460.7999999999999,460.7999999999999,476.781
1790649675,402,6,steady,vit_base_image,74,74,73,73.56037151702786,73.56037151702786,100.828
1790649676,403,,,resnet50_image,66,66,66,,,187.183
1790649676,403,,,vgg16_image,461,460,465,,,476.781
1790649676,403,,,vit_base_image,74,73,74,,,100.828
1790649677,404,,,resnet50_image,67,67,68,,,187.183
1790649677,404,,,vgg16_image,461,461,478,,,476.781
1790649677,404,,,vit_base_image,73,74,73,,,100.828
1790649678,405,,,resnet50_image,67,67,66,,,187.183
1790649678,405,,,vgg16_image,461,461,464,,,476.781
1790649678,405,,,vit_base_image,74,74,74,,,100.828
1790649679,406,,,resnet50_image,67,67,67,,,187.183
1790649679,406,,,vgg16_image,461,461,458,,,476.781
1790649679,406,,,vit_base_image,73,73,73,,,100.828
1790649680,407,,,resnet50_image,67,67,67,,,187.183
1790649680,407,,,vgg16_image,460,461,470,,,476.781
1790649680,407,,,vit_base_image,74,74,74,,,100.828
1790649681,408,,,resnet50_image,66,66,67,,,187.183
1790649681,408,,,vgg16_image,461,461,464,,,476.781
1790649681,408,,,vit_base_image,73,73,74,,,100.828
1790649682,409,,,resnet50_image,65,65,64,,,187.183
1790649682,409,,,vgg16_image,460,459,464,,,476.781
1790649682,409,,,vit_base_image,74,74,73,,,100.828
1790649683,410,7,transition,resnet50_image,57,57,57,57.53197095336495,57.53197095336495,187.183
1790649683,410,7,transition,vgg16_image,460,409,288,460.7999999999999,469.7719626168224,476.781
1790649683,410,7,transition,vit_base_image,73,73,72,73.56037151702786,122.60061919504642,100.828
1790649684,411,7,transition,resnet50_image,58,58,58,57.53197095336495,57.53197095336495,187.183
1790649684,411,7,transition,vgg16_image,461,460,464,460.7999999999999,469.7719626168224,476.781
1790649684,411,7,transition,vit_base_image,74,74,75,73.56037151702786,122.60061919504642,100.828
1790649685,412,7,transition,resnet50_image,57,57,58,57.53197095336495,57.53197095336495,187.183
1790649685,412,7,transition,vgg16_image,461,461,473,460.7999999999999,469.7719626168224,476.781
1790649685,412,7,transition,vit_base_image,73,73,73,73.56037151702786,122.60061919504642,100.828
1790649686,413,7,transition,resnet50_image,58,58,57,57.53197095336495,57.53197095336495,187.183
1790649686,413,7,transition,vgg16_image,461,462,471,460.7999999999999,469.7719626168224,476.781
1790649686,413,7,transition,vit_base_image,74,74,74,73.56037151702786,122.60061919504642,100.828
1790649687,414,7,transition,resnet50_image,57,57,58,57.53197095336495,57.53197095336495,187.183
1790649687,414,7,transition,vgg16_image,461,460,464,460.7999999999999,469.7719626168224,476.781
1790649687,414,7,transition,vit_base_image,73,73,74,73.56037151702786,122.60061919504642,100.828
1790649688,415,7,transition,resnet50_image,58,58,57,57.53197095336495,57.53197095336495,187.183
1790649688,415,7,transition,vgg16_image,460,461,464,460.7999999999999,469.7719626168224,476.781
1790649688,415,7,transition,vit_base_image,74,74,73,73.56037151702786,122.60061919504642,100.828
1790649689,416,7,transition,resnet50_image,58,57,58,57.53197095336495,57.53197095336495,187.183
1790649689,416,7,transition,vgg16_image,461,461,466,460.7999999999999,469.7719626168224,476.781
1790649689,416,7,transition,vit_base_image,74,74,74,73.56037151702786,122.60061919504642,100.828
1790649690,417,7,transition,resnet50_image,57,58,57,57.53197095336495,57.53197095336495,187.183
1790649690,417,7,transition,vgg16_image,461,460,478,460.7999999999999,469.7719626168224,476.781
1790649690,417,7,transition,vit_base_image,73,73,73,73.56037151702786,122.60061919504642,100.828
1790649691,418,7,transition,resnet50_image,58,58,58,57.53197095336495,57.53197095336495,187.183
1790649691,418,7,transition,vgg16_image,461,461,464,460.7999999999999,469.7719626168224,476.781
1790649691,418,7,transition,vit_base_image,74,74,73,73.56037151702786,122.60061919504642,126.198
1790649692,419,7,transition,resnet50_image,57,57,57,57.53197095336495,57.53197095336495,187.183
1790649692,419,7,transition,vgg16_image,461,461,464,460.7999999999999,469.7719626168224,476.781
1790649692,419,7,transition,vit_base_image,73,73,74,73.56037151702786,122.60061919504642,126.198
1790649693,420,7,transition,resnet50_image,58,58,58,57.53197095336495,57.53197095336495,187.183
1790649693,420,7,transition,vgg16_image,460,461,464,460.7999999999999,469.7719626168224,476.781
1790649693,420,7,transition,vit_base_image,74,74,73,73.56037151702786,122.60061919504642,126.198
1790649694,421,7,transition,resnet50_image,57,57,57,57.53197095336495,57.53197095336495,187.183
1790649694,421,7,transition,vgg16_image,461,461,465,460.7999999999999,469.7719626168224,476.781
1790649694,421,7,transition,vit_base_image,73,73,74,73.56037151702786,122.60061919504642,126.198
1790649695,422,7,steady,resnet50_image,57,57,57,57.53197095336495,57.53197095336495,187.183
1790649695,422,7,steady,vgg16_image,466,397,319,469.7719626168224,469.7719626168224,476.781
1790649695,422,7,steady,vit_base_image,113,113,74,122.60061919504642,122.60061919504642,126.198
1790649696,423,7,steady,resnet50_image,57,57,58,57.53197095336495,57.53197095336495,187.183
1790649696,423,7,steady,vgg16_image,470,466,464,469.7719626168224,469.7719626168224,476.781
1790649696,423,7,steady,vit_base_image,123,122,113,122.60061919504642,122.60061919504642,126.198
1790649697,424,7,steady,resnet50_image,58,58,57,57.53197095336495,57.53197095336495,187.183
1790649697,424,7,steady,vgg16_image,470,463,464,469.7719626168224,469.7719626168224,476.781
1790649697,424,7,steady,vit_base_image,122,123,124,122.60061919504642,122.60061919504642,126.198
1790649698,425,7,steady,resnet50_image,58,57,58,57.53197095336495,57.53197095336495,187.183
1790649698,425,7,steady,vgg16_image,470,465,464,469.7719626168224,469.7719626168224,476.781
1790649698,425,7,steady,vit_base_image,123,123,128,122.60061919504642,122.60061919504642,126.198
1790649699,426,7,steady,resnet50_image,57,58,58,57.53197095336495,57.53197095336495,187.183
1790649699,426,7,steady,vgg16_image,469,464,464,469.7719626168224,469.7719626168224,476.781
1790649699,426,7,steady,vit_base_image,123,122,112,122.60061919504642,122.60061919504642,126.198
1790649700,427,7,steady,resnet50_image,58,57,57,57.53197095336495,57.53197095336495,187.183
1790649700,427,7,steady,vgg16_image,470,461,464,469.7719626168224,469.7719626168224,476.781
1790649700,427,7,steady,vit_base_image,122,123,112,122.60061919504642,122.60061919504642,126.198
1790649701,428,7,steady,resnet50_image,57,58,57,57.53197095336495,57.53197095336495,187.183
1790649701,428,7,steady,vgg16_image,470,465,464,469.7719626168224,469.7719626168224,476.781
1790649701,428,7,steady,vit_base_image,123,123,128,122.60061919504642,122.60061919504642,126.198
1790649702,429,7,steady,resnet50_image,58,58,58,57.53197095336495,57.53197095336495,187.183
1790649702,429,7,steady,vgg16_image,470,464,464,469.7719626168224,469.7719626168224,476.781
1790649702,429,7,steady,vit_base_image,122,122,128,122.60061919504642,122.60061919504642,126.198
1790649703,430,7,steady,resnet50_image,57,57,57,57.53197095336495,57.53197095336495,187.183
1790649703,430,7,steady,vgg16_image,470,413,416,469.7719626168224,469.7719626168224,476.781
1790649703,430,7,steady,vit_base_image,123,123,112,122.60061919504642,122.60061919504642,126.198
1790649704,431,7,steady,resnet50_image,58,58,58,57.53197095336495,57.53197095336495,187.183
1790649704,431,7,steady,vgg16_image,469,466,464,469.7719626168224,469.7719626168224,476.781
1790649704,431,7,steady,vit_base_image,123,122,112,122.60061919504642,122.60061919504642,126.198
1790649705,432,7,steady,resnet50_image,57,57,57,57.53197095336495,57.53197095336495,187.183
1790649705,432,7,steady,vgg16_image,470,464,464,469.7719626168224,469.7719626168224,476.781
1790649705,432,7,steady,vit_base_image,122,123,128,122.60061919504642,122.60061919504642,126.198
1790649706,433,7,steady,resnet50_image,58,58,58,57.53197095336495,57.53197095336495,187.183
1790649706,433,7,steady,vgg16_image,470,464,464,469.7719626168224,469.7719626168224,476.781
1790649706,433,7,steady,vit_base_image,123,123,128,122.60061919504642,122.60061919504642,126.198
1790649707,434,7,steady,resnet50_image,57,57,58,57.53197095336495,57.53197095336495,187.183
1790649707,434,7,steady,vgg16_image,470,464,464,469.7719626168224,469.7719626168224,476.781
1790649707,434,7,steady,vit_base_image,122,122,112,122.60061919504642,122.60061919504642,126.198
1790649708,435,7,steady,resnet50_image,58,58,57,57.53197095336495,57.53197095336495,187.183
1790649708,435,7,steady,vgg16_image,469,464,464,469.7719626168224,469.7719626168224,476.781
1790649708,435,7,steady,vit_base_image,123,123,128,122.60061919504642,122.60061919504642,126.198
1790649709,436,7,steady,resnet50_image,57,57,58,57.53197095336495,57.53197095336495,187.183
1790649709,436,7,steady,vgg16_image,470,464,464,469.7719626168224,469.7719626168224,476.781
1790649709,436,7,steady,vit_base_image,123,122,112,122.60061919504642,122.60061919504642,126.198
1790649710,437,7,steady,resnet50_image,58,58,57,57.53197095336495,57.53197095336495,187.183
1790649710,437,7,steady,vgg16_image,470,464,464,469.7719626168224,469.7719626168224,476.781
1790649710,437,7,steady,vit_base_image,122,123,128,122.60061919504642,122.60061919504642,126.198
1790649711,438,7,steady,resnet50_image,57,57,58,57.53197095336495,57.53197095336495,187.183
1790649711,438,7,steady,vgg16_image,470,464,464,469.7719626168224,469.7719626168224,476.781
1790649711,438,7,steady,vit_base_image,123,123,112,122.60061919504642,122.60061919504642,126.198
1790649712,439,7,steady,resnet50_image,58,58,57,57.53197095336495,57.53197095336495,187.183
1790649712,439,7,steady,vgg16_image,470,461,464,469.7719626168224,469.7719626168224,476.781
1790649712,439,7,steady,vit_base_image,122,122,128,122.60061919504642,122.60061919504642,126.198
1790649713,440,7,steady,resnet50_image,58,57,58,57.53197095336495,57.53197095336495,187.183
1790649713,440,7,steady,vgg16_image,469,465,464,469.7719626168224,469.7719626168224,476.781
1790649713,440,7,steady,vit_base_image,123,123,112,122.60061919504642,122.60061919504642,126.198
1790649714,441,7,steady,resnet50_image,57,58,57,57.53197095336495,57.53197095336495,187.183
1790649714,441,7,steady,vgg16_image,470,463,464,469.7719626168224,469.7719626168224,476.781
1790649714,441,7,steady,vit_base_image,123,122,128,122.60061919504642,122.60061919504642,126.198
1790649715,442,7,steady,resnet50_image,58,57,58,57.53197095336495,57.53197095336495,187.183
1790649715,442,7,steady,vgg16_image,470,406,401,469.7719626168224,469.7719626168224,476.781
1790649715,442,7,steady,vit_base_image,122,122,128,122.60061919504642,122.60061919504642,126.198
1790649716,443,7,steady,resnet50_image,57,58,58,57.53197095336495,57.53197095336495,187.183
1790649716,443,7,steady,vgg16_image,470,468,479,469.7719626168224,469.7719626168224,476.781
1790649716,443,7,steady,vit_base_image,123,124,112,122.60061919504642,122.60061919504642,126.198
1790649717,444,7,steady,resnet50_image,58,58,57,57.53197095336495,57.53197095336495,187.183
1790649717,444,7,steady,vgg16_image,469,464,463,469.7719626168224,469.7719626168224,476.781
1790649717,444,7,steady,vit_base_image,122,122,128,122.60061919504642,122.60061919504642,126.198
1790649718,445,7,steady,resnet50_image,57,57,57,57.53197095336495,57.53197095336495,187.183
1790649718,445,7,steady,vgg16_image,470,463,461,469.7719626168224,469.7719626168224,476.781
1790649718,445,7,steady,vit_base_image,123,122,112,122.60061919504642,122.60061919504642,126.198
1790649719,446,7,steady,resnet50_image,58,57,58,57.53197095336495,57.53197095336495,187.183
1790649719,446,7,steady,vgg16_image,470,465,459,469.7719626168224,469.7719626168224,476.781
1790649719,446,7,steady,vit_base_image,123,123,128,122.60061919504642,122.60061919504642,126.198
1790649720,447,7,steady,resnet50_image,57,58,57,57.53197095336495,57.53197095336495,187.183
1790649720,447,7,steady,vgg16_image,470,462,459,469.7719626168224,469.7719626168224,476.781
1790649720,447,7,steady,vit_base_image,122,123,112,122.60061919504642,122.60061919504642,126.198
1790649721,448,7,steady,resnet50_image,58,58,58,57.53197095336495,57.53197095336495,187.183
1790649721,448,7,steady,vgg16_image,469,467,478,469.7719626168224,469.7719626168224,476.781
1790649721,448,7,steady,vit_base_image,123,123,128,122.60061919504642,122.60061919504642,126.198
1790649722,449,7,steady,resnet50_image,57,57,57,57.53197095336495,57.53197095336495,187.183
1790649722,449,7,steady,vgg16_image,470,465,464,469.7719626168224,469.7719626168224,476.781
1790649722,449,7,steady,vit_base_image,122,122,112,122.60061919504642,122.60061919504642,126.198
1790649723,450,7,steady,resnet50_image,58,58,58,57.53197095336495,57.53197095336495,187.183
1790649723,450,7,steady,vgg16_image,470,462,457,469.7719626168224,469.7719626168224,476.781
1790649723,450,7,steady,vit_base_image,123,123,128,122.60061919504642,122.60061919504642,126.198
1790649724,451,7,steady,resnet50_image,57,57,58,57.53197095336495,57.53197095336495,187.183
1790649724,451,7,steady,vgg16_image,470,465,458,469.7719626168224,469.7719626168224,476.781
1790649724,451,7,steady,vit_base_image,123,122,112,122.60061919504642,122.60061919504642,126.198
1790649725,452,,,resnet50_image,58,58,57,,,187.183
1790649725,452,,,vgg16_image,470,463,463,,,476.781
1790649725,452,,,vit_base_image,122,123,128,,,126.198
1790649726,453,,,resnet50_image,57,57,58,,,187.183
1790649726,453,,,vgg16_image,469,464,477,,,476.781
1790649726,453,,,vit_base_image,123,123,128,,,126.198
1790649727,454,,,resnet50_image,58,58,57,,,187.183
1790649727,454,,,vgg16_image,470,464,465,,,476.781
1790649727,454,,,vit_base_image,122,122,112,,,126.198
1790649728,455,,,resnet50_image,58,57,57,,,187.183
1790649728,455,,,vgg16_image,470,464,462,,,476.781
1790649728,455,,,vit_base_image,123,123,112,,,126.198
1790649729,456,,,resnet50_image,57,58,58,,,187.183
1790649729,456,,,vgg16_image,470,463,465,,,476.781
1790649729,456,,,vit_base_image,123,122,128,,,126.198
1790649730,457,,,resnet50_image,58,57,58,,,187.183
1790649730,457,,,vgg16_image,469,465,457,,,476.781
1790649730,457,,,vit_base_image,122,123,128,,,126.198
1790649731,458,,,resnet50_image,57,57,57,,,187.183
1790649731,458,,,vgg16_image,450,377,408,,,476.781
1790649731,458,,,vit_base_image,123,123,128,,,126.198
1790649732,459,8,transition,resnet50_image,57,58,57,57.53197095336495,82.23661214667806,187.183
1790649732,459,8,transition,vgg16_image,318,317,464,317.607476635514,317.607476635514,476.781
1790649732,459,8,transition,vit_base_image,123,123,96,122.60061919504642,122.60061919504642,126.198
1790649733,460,8,transition,resnet50_image,58,58,58,57.53197095336495,82.23661214667806,187.183
1790649733,460,8,transition,vgg16_image,317,318,381,317.607476635514,317.607476635514,476.781
1790649733,460,8,transition,vit_base_image,122,122,128,122.60061919504642,122.60061919504642,126.198
1790649734,461,8,transition,resnet50_image,57,57,57,57.53197095336495,82.23661214667806,187.183
1790649734,461,8,transition,vgg16_image,318,318,317,317.607476635514,317.607476635514,476.781
1790649734,461,8,transition,vit_base_image,123,123,128,122.60061919504642,122.60061919504642,126.198
1790649735,462,8,transition,resnet50_image,58,58,58,57.53197095336495,82.23661214667806,187.183
1790649735,462,8,transition,vgg16_image,317,317,317,317.607476635514,317.607476635514,476.781
1790649735,462,8,transition,vit_base_image,123,122,128,122.60061919504642,122.60061919504642,126.198
1790649736,463,8,transition,resnet50_image,57,57,57,57.53197095336495,82.23661214667806,187.183
1790649736,463,8,transition,vgg16_image,318,318,317,317.607476635514,317.607476635514,476.781
1790649736,463,8,transition,vit_base_image,122,123,128,122.60061919504642,122.60061919504642,126.198
1790649737,464,8,transition,resnet50_image,58,58,58,57.53197095336495,82.23661214667806,187.183
1790649737,464,8,transition,vgg16_image,318,317,320,317.607476635514,317.607476635514,476.781
1790649737,464,8,transition,vit_base_image,123,123,128,122.60061919504642,122.60061919504642,126.198
1790649738,465,8,transition,resnet50_image,57,57,58,57.53197095336495,82.23661214667806,187.183
1790649738,465,8,transition,vgg16_image,317,318,315,317.607476635514,317.607476635514,476.781
1790649738,465,8,transition,vit_base_image,122,122,96,122.60061919504642,122.60061919504642,126.198
1790649739,466,8,transition,resnet50_image,58,58,57,57.53197095336495,82.23661214667806,187.183
1790649739,466,8,transition,vgg16_image,318,318,319,317.607476635514,317.607476635514,476.781
1790649739,466,8,transition,vit_base_image,123,123,128,122.60061919504642,122.60061919504642,126.198
1790649740,467,8,transition,resnet50_image,57,57,58,57.53197095336495,82.23661214667806,187.183
1790649740,467,8,transition,vgg16_image,317,317,319,317.607476635514,317.607476635514,368.48
1790649740,467,8,transition,vit_base_image,123,122,128,122.60061919504642,122.60061919504642,126.198
1790649741,468,8,transition,resnet50_image,58,58,57,57.53197095336495,82.23661214667806,187.183
1790649741,468,8,transition,vgg16_image,318,317,316,317.607476635514,317.607476635514,368.48
1790649741,468,8,transition,vit_base_image,122,123,128,122.60061919504642,122.60061919504642,126.198
1790649742,469,8,steady,resnet50_image,73,73,73,82.23661214667806,82.23661214667806,187.183
1790649742,469,8,steady,vgg16_image,317,317,317,317.607476635514,317.607476635514,368.48
1790649742,469,8,steady,vit_base_image,123,123,128,122.60061919504642,122.60061919504642,126.198
1790649743,470,8,steady,resnet50_image,82,82,82,82.23661214667806,82.23661214667806,187.183
1790649743,470,8,steady,vgg16_image,317,318,284,317.607476635514,317.607476635514,368.48
1790649743,470,8,steady,vit_base_image,122,122,112,122.60061919504642,122.60061919504642,126.198
1790649744,471,8,steady,resnet50_image,83,83,83,82.23661214667806,82.23661214667806,187.183
1790649744,471,8,steady,vgg16_image,318,318,352,317.607476635514,317.607476635514,368.48
1790649744,471,8,steady,vit_base_image,123,123,112,122.60061919504642,122.60061919504642,126.198
1790649745,472,8,steady,resnet50_image,82,82,82,82.23661214667806,82.23661214667806,187.183
1790649745,472,8,steady,vgg16_image,317,317,315,317.607476635514,317.607476635514,368.48
1790649745,472,8,steady,vit_base_image,123,122,128,122.60061919504642,122.60061919504642,126.198
1790649746,473,8,steady,resnet50_image,82,82,82,82.23661214667806,82.23661214667806,187.183
1790649746,473,8,steady,vgg16_image,318,318,319,317.607476635514,317.607476635514,368.48
1790649746,473,8,steady,vit_base_image,122,123,128,122.60061919504642,122.60061919504642,126.198
1790649747,474,8,steady,resnet50_image,82,82,82,82.23661214667806,82.23661214667806,187.183
1790649747,474,8,steady,vgg16_image,318,318,318,317.607476635514,317.607476635514,368.48
1790649747,474,8,steady,vit_base_image,123,122,128,122.60061919504642,122.60061919504642,126.198
1790649748,475,8,steady,resnet50_image,83,83,83,82.23661214667806,82.23661214667806,187.183
1790649748,475,8,steady,vgg16_image,317,317,319,317.607476635514,317.607476635514,368.48
1790649748,475,8,steady,vit_base_image,122,123,128,122.60061919504642,122.60061919504642,126.198
1790649749,476,8,steady,resnet50_image,82,82,82,82.23661214667806,82.23661214667806,187.183
1790649749,476,8,steady,vgg16_image,318,317,315,317.607476635514,317.607476635514,368.48
1790649749,476,8,steady,vit_base_image,123,123,112,122.60061919504642,122.60061919504642,126.198
1790649750,477,8,steady,resnet50_image,82,82,82,82.23661214667806,82.23661214667806,187.183
1790649750,477,8,steady,vgg16_image,317,318,319,317.607476635514,317.607476635514,368.48
1790649750,477,8,steady,vit_base_image,123,122,112,122.60061919504642,122.60061919504642,126.198
1790649751,478,8,steady,resnet50_image,82,82,82,82.23661214667806,82.23661214667806,187.183
1790649751,478,8,steady,vgg16_image,318,318,300,317.607476635514,317.607476635514,368.48
1790649751,478,8,steady,vit_base_image,122,123,128,122.60061919504642,122.60061919504642,126.198
1790649752,479,8,steady,resnet50_image,83,82,83,82.23661214667806,82.23661214667806,187.183
1790649752,479,8,steady,vgg16_image,318,317,336,317.607476635514,317.607476635514,368.48
1790649752,479,8,steady,vit_base_image,123,123,128,122.60061919504642,122.60061919504642,126.198
1790649753,480,8,steady,resnet50_image,82,83,82,82.23661214667806,82.23661214667806,187.183
1790649753,480,8,steady,vgg16_image,317,318,320,317.607476635514,317.607476635514,368.48
1790649753,480,8,steady,vit_base_image,122,122,128,122.60061919504642,122.60061919504642,126.198
1790649754,481,8,steady,resnet50_image,82,82,82,82.23661214667806,82.23661214667806,187.183
1790649754,481,8,steady,vgg16_image,318,317,314,317.607476635514,317.607476635514,368.48
1790649754,481,8,steady,vit_base_image,123,123,112,122.60061919504642,122.60061919504642,126.198
1790649755,482,8,steady,resnet50_image,82,82,82,82.23661214667806,82.23661214667806,187.183
1790649755,482,8,steady,vgg16_image,318,318,316,317.607476635514,317.607476635514,368.48
1790649755,482,8,steady,vit_base_image,123,122,128,122.60061919504642,122.60061919504642,126.198
1790649756,483,8,steady,resnet50_image,83,82,82,82.23661214667806,82.23661214667806,187.183
1790649756,483,8,steady,vgg16_image,317,318,321,317.607476635514,317.607476635514,368.48
1790649756,483,8,steady,vit_base_image,122,123,113,122.60061919504642,122.60061919504642,126.198
1790649757,484,8,steady,resnet50_image,82,83,83,82.23661214667806,82.23661214667806,187.183
1790649757,484,8,steady,vgg16_image,318,317,316,317.607476635514,317.607476635514,368.48
1790649757,484,8,steady,vit_base_image,123,123,127,122.60061919504642,122.60061919504642,126.198
1790649758,485,8,steady,resnet50_image,82,82,82,82.23661214667806,82.23661214667806,187.183
1790649758,485,8,steady,vgg16_image,317,318,320,317.607476635514,317.607476635514,368.48
1790649758,485,8,steady,vit_base_image,122,122,128,122.60061919504642,122.60061919504642,126.198
1790649759,486,8,steady,resnet50_image,82,82,82,82.23661214667806,82.23661214667806,187.183
1790649759,486,8,steady,vgg16_image,318,317,315,317.607476635514,317.607476635514,368.48
1790649759,486,8,steady,vit_base_image,123,123,120,122.60061919504642,122.60061919504642,126.198
1790649760,487,8,steady,resnet50_image,82,82,82,82.23661214667806,82.23661214667806,187.183
1790649760,487,8,steady,vgg16_image,318,318,319,317.607476635514,317.607476635514,368.48
1790649760,487,8,steady,vit_base_image,123,122,120,122.60061919504642,122.60061919504642,126.198
1790649761,488,8,steady,resnet50_image,83,83,82,82.23661214667806,82.23661214667806,187.183
1790649761,488,8,steady,vgg16_image,317,317,316,317.607476635514,317.607476635514,368.48
1790649761,488,8,steady,vit_base_image,122,123,128,122.60061919504642,122.60061919504642,126.198
1790649762,489,8,steady,resnet50_image,82,82,83,82.23661214667806,82.23661214667806,187.183
1790649762,489,8,steady,vgg16_image,318,318,319,317.607476635514,317.607476635514,368.48
1790649762,489,8,steady,vit_base_image,123,123,127,122.60061919504642,122.60061919504642,126.198
1790649763,490,8,steady,resnet50_image,82,82,82,82.23661214667806,82.23661214667806,187.183
1790649763,490,8,steady,vgg16_image,317,318,317,317.607476635514,317.607476635514,368.48
1790649763,490,8,steady,vit_base_image,122,122,113,122.60061919504642,122.60061919504642,126.198
1790649764,491,8,steady,resnet50_image,82,82,83,82.23661214667806,82.23661214667806,187.183
1790649764,491,8,steady,vgg16_image,318,318,318,317.607476635514,317.607476635514,368.48
1790649764,491,8,steady,vit_base_image,123,123,128,122.60061919504642,122.60061919504642,126.198
1790649765,492,8,steady,resnet50_image,83,83,82,82.23661214667806,82.23661214667806,187.183
1790649765,492,8,steady,vgg16_image,318,317,319,317.607476635514,317.607476635514,368.48
1790649765,492,8,steady,vit_base_image,123,122,112,122.60061919504642,122.60061919504642,126.198
1790649766,493,8,steady,resnet50_image,82,82,82,82.23661214667806,82.23661214667806,187.183
1790649766,493,8,steady,vgg16_image,317,318,317,317.607476635514,317.607476635514,368.48
1790649766,493,8,steady,vit_base_image,122,123,128,122.60061919504642,122.60061919504642,126.198
1790649767,494,8,steady,resnet50_image,82,82,82,82.23661214667806,82.23661214667806,187.183
1790649767,494,8,steady,vgg16_image,318,318,318,317.607476635514,317.607476635514,368.48
1790649767,494,8,steady,vit_base_image,123,123,128,122.60061919504642,122.60061919504642,126.198
1790649768,495,8,steady,resnet50_image,82,82,82,82.23661214667806,82.23661214667806,187.183
1790649768,495,8,steady,vgg16_image,317,317,319,317.607476635514,317.607476635514,368.48
1790649768,495,8,steady,vit_base_image,122,122,128,122.60061919504642,122.60061919504642,126.198
1790649769,496,8,steady,resnet50_image,83,83,83,82.23661214667806,82.23661214667806,187.183
1790649769,496,8,steady,vgg16_image,318,317,315,317.607476635514,317.607476635514,368.48
1790649769,496,8,steady,vit_base_image,123,123,112,122.60061919504642,122.60061919504642,126.198
1790649770,497,8,steady,resnet50_image,82,82,81,82.23661214667806,82.23661214667806,187.183
1790649770,497,8,steady,vgg16_image,318,318,315,317.607476635514,317.607476635514,368.48
1790649770,497,8,steady,vit_base_image,123,122,125,122.60061919504642,122.60061919504642,126.198
1790649771,498,8,steady,resnet50_image,82,82,83,82.23661214667806,82.23661214667806,187.183
1790649771,498,8,steady,vgg16_image,317,318,321,317.607476635514,317.607476635514,368.48
1790649771,498,8,steady,vit_base_image,122,123,115,122.60061919504642,122.60061919504642,126.198
1790649772,499,,,resnet50_image,82,82,82,,,187.183
1790649772,499,,,vgg16_image,318,317,318,,,368.48
1790649772,499,,,vit_base_image,123,123,128,,,126.198
1790649773,500,,,resnet50_image,83,83,83,,,187.183
1790649773,500,,,vgg16_image,317,318,316,,,368.48
1790649773,500,,,vit_base_image,122,122,128,,,126.198
1790649774,501,,,resnet50_image,82,82,81,,,187.183
1790649774,501,,,vgg16_image,318,318,318,,,368.48
1790649774,501,,,vit_base_image,123,123,128,,,126.198
1790649775,502,,,resnet50_image,82,82,83,,,187.183
1790649775,502,,,vgg16_image,318,317,317,,,368.48
1790649775,502,,,vit_base_image,123,122,112,,,126.198
1790649776,503,,,resnet50_image,82,82,82,,,187.183
1790649776,503,,,vgg16_image,317,318,318,,,368.48
1790649776,503,,,vit_base_image,122,123,112,,,126.198
1790649777,504,,,resnet50_image,82,82,83,,,187.183
1790649777,504,,,vgg16_image,318,317,319,,,368.48
1790649777,504,,,vit_base_image,123,123,128,,,126.198
1790649778,505,,,resnet50_image,83,83,82,,,187.183
1790649778,505,,,vgg16_image,318,318,288,,,368.48
1790649778,505,,,vit_base_image,122,122,128,,,126.198
1790649779,506,,,resnet50_image,82,82,82,,,187.183
1790649779,506,,,vgg16_image,317,318,348,,,368.48
1790649779,506,,,vit_base_image,123,123,128,,,126.198
1790649780,507,,,resnet50_image,82,82,82,,,187.183
1790649780,507,,,vgg16_image,318,317,316,,,368.48
1790649780,507,,,vit_base_image,123,123,128,,,126.198
1790649781,508,,,resnet50_image,81,81,81,,,187.183
1790649781,508,,,vgg16_image,317,317,314,,,368.48
1790649781,508,,,vit_base_image,122,122,96,,,126.198
1790649782,509,9,transition,resnet50_image,83,83,83,82.23661214667806,100.61363406976928,187.183
1790649782,509,9,transition,vgg16_image,317,318,321,317.607476635514,474.79626168224297,368.48
1790649782,509,9,transition,vit_base_image,123,123,128,122.60061919504642,122.60061919504642,126.198
1790649783,510,9,transition,resnet50_image,82,82,82,82.23661214667806,100.61363406976928,187.183
1790649783,510,9,transition,vgg16_image,318,317,318,317.607476635514,474.79626168224297,368.48
1790649783,510,9,transition,vit_base_image,122,122,128,122.60061919504642,122.60061919504642,126.198
1790649784,511,9,transition,resnet50_image,82,82,82,82.23661214667806,100.61363406976928,187.183
1790649784,511,9,transition,vgg16_image,317,318,316,317.607476635514,474.79626168224297,368.48
1790649784,511,9,transition,vit_base_image,123,123,128,122.60061919504642,122.60061919504642,126.198
1790649785,512,9,transition,resnet50_image,82,82,82,82.23661214667806,100.61363406976928,187.183
1790649785,512,9,transition,vgg16_image,318,318,319,317.607476635514,474.79626168224297,368.48
1790649785,512,9,transition,vit_base_image,123,122,128,122.60061919504642,122.60061919504642,126.198
1790649786,513,9,transition,resnet50_image,83,82,83,82.23661214667806,100.61363406976928,187.183
1790649786,513,9,transition,vgg16_image,318,317,259,317.607476635514,474.79626168224297,368.48
1790649786,513,9,transition,vit_base_image,122,123,128,122.60061919504642,122.60061919504642,126.198
1790649787,514,9,transition,resnet50_image,82,83,82,82.23661214667806,100.61363406976928,187.183
1790649787,514,9,transition,vgg16_image,317,318,352,317.607476635514,474.79626168224297,368.48
1790649787,514,9,transition,vit_base_image,123,123,96,122.60061919504642,122.60061919504642,126.198
1790649788,515,9,transition,resnet50_image,82,82,82,82.23661214667806,100.61363406976928,187.183
1790649788,515,9,transition,vgg16_image,318,317,341,317.607476635514,474.79626168224297,368.48
1790649788,515,9,transition,vit_base_image,122,122,128,122.60061919504642,122.60061919504642,126.198
1790649789,516,9,transition,resnet50_image,82,82,82,82.23661214667806,100.61363406976928,187.183
1790649789,516,9,transition,vgg16_image,317,318,320,317.607476635514,474.79626168224297,368.48
1790649789,516,9,transition,vit_base_image,123,123,128,122.60061919504642,122.60061919504642,126.198
1790649790,517,9,transition,resnet50_image,82,82,82,82.23661214667806,100.61363406976928,187.183
1790649790,517,9,transition,vgg16_image,318,318,315,317.607476635514,474.79626168224297,476.781
1790649790,517,9,transition,vit_base_image,123,122,128,122.60061919504642,122.60061919504642,126.198
1790649791,518,9,transition,resnet50_image,83,83,83,82.23661214667806,100.61363406976928,187.183
1790649791,518,9,transition,vgg16_image,318,317,319,317.607476635514,474.79626168224297,476.781
1790649791,518,9,transition,vit_base_image,122,123,128,122.60061919504642,122.60061919504642,126.198
1790649792,519,9,transition,resnet50_image,82,82,82,82.23661214667806,100.61363406976928,187.183
1790649792,519,9,transition,vgg16_image,317,318,314,317.607476635514,474.79626168224297,476.781
1790649792,519,9,transition,vit_base_image,123,123,112,122.60061919504642,122.60061919504642,126.198
1790649793,520,9,transition,resnet50_image,82,82,82,82.23661214667806,100.61363406976928,187.183
1790649793,520,9,transition,vgg16_image,318,317,320,317.607476635514,474.79626168224297,476.781
1790649793,520,9,transition,vit_base_image,122,122,128,122.60061919504642,122.60061919504642,126.198
1790649794,521,9,transition,resnet50_image,82,82,83,82.23661214667806,100.61363406976928,187.183
1790649794,521,9,transition,vgg16_image,317,318,316,317.607476635514,474.79626168224297,476.781
1790649794,521,9,transition,vit_base_image,123,123,112,122.60061919504642,122.60061919504642,126.198
1790649795,522,9,transition,resnet50_image,83,82,79,82.23661214667806,100.61363406976928,187.183
1790649795,522,9,transition,vgg16_image,318,313,297,317.607476635514,474.79626168224297,476.781
1790649795,522,9,transition,vit_base_image,123,120,128,122.60061919504642,122.60061919504642,126.198
1790649796,523,9,transition,resnet50_image,82,83,85,82.23661214667806,100.61363406976928,187.183
1790649796,523,9,transition,vgg16_image,318,322,337,317.607476635514,474.79626168224297,476.781
1790649796,523,9,transition,vit_base_image,122,125,128,122.60061919504642,122.60061919504642,126.198
1790649797,524,9,transition,resnet50_image,82,82,81,82.23661214667806,100.61363406976928,187.183
1790649797,524,9,transition,vgg16_image,317,318,321,317.607476635514,474.79626168224297,476.781
1790649797,524,9,transition,vit_base_image,123,123,128,122.60061919504642,122.60061919504642,126.198
1790649798,525,9,transition,resnet50_image,82,82,83,82.23661214667806,100.61363406976928,187.183
1790649798,525,9,transition,vgg16_image,318,318,314,317.607476635514,474.79626168224297,476.781
1790649798,525,9,transition,vit_base_image,122,122,112,122.60061919504642,122.60061919504642,126.198
1790649799,526,9,transition,resnet50_image,83,83,83,82.23661214667806,100.61363406976928,187.183
1790649799,526,9,transition,vgg16_image,317,317,320,317.607476635514,474.79626168224297,476.781
1790649799,526,9,transition,vit_base_image,123,123,128,122.60061919504642,122.60061919504642,126.198
1790649800,527,9,transition,resnet50_image,82,82,82,82.23661214667806,100.61363406976928,187.183
1790649800,527,9,transition,vgg16_image,318,318,318,317.607476635514,474.79626168224297,476.781
1790649800,527,9,transition,vit_base_image,123,123,112,122.60061919504642,122.60061919504642,126.198
1790649801,528,9,transition,resnet50_image,82,82,82,82.23661214667806,100.61363406976928,187.183
1790649801,528,9,transition,vgg16_image,318,318,315,317.607476635514,474.79626168224297,476.781
1790649801,528,9,transition,vit_base_image,122,122,128,122.60061919504642,122.60061919504642,126.198
1790649802,529,9,transition,resnet50_image,82,82,82,82.23661214667806,100.61363406976928,187.183
1790649802,529,9,transition,vgg16_image,317,317,322,317.607476635514,474.79626168224297,476.781
1790649802,529,9,transition,vit_base_image,123,123,128,122.60061919504642,122.60061919504642,126.198
1790649803,530,9,transition,resnet50_image,83,82,83,82.23661214667806,100.61363406976928,187.183
1790649803,530,9,transition,vgg16_image,318,317,316,317.607476635514,474.79626168224297,476.781
1790649803,530,9,transition,vit_base_image,122,122,113,122.60061919504642,122.60061919504642,126.198
1790649804,531,9,transition,resnet50_image,82,83,82,82.23661214667806,100.61363406976928,187.183
1790649804,531,9,transition,vgg16_image,318,318,315,317.607476635514,474.79626168224297,476.781
1790649804,531,9,transition,vit_base_image,123,123,127,122.60061919504642,122.60061919504642,126.198
1790649805,532,9,transition,resnet50_image,82,82,82,82.23661214667806,100.61363406976928,187.183
1790649805,532,9,transition,vgg16_image,317,318,318,317.607476635514,474.79626168224297,476.781
1790649805,532,9,transition,vit_base_image,123,123,128,122.60061919504642,122.60061919504642,126.198
1790649806,533,9,transition,resnet50_image,82,82,82,82.23661214667806,100.61363406976928,187.183
1790649806,533,9,transition,vgg16_image,318,317,321,317.607476635514,474.79626168224297,476.781
1790649806,533,9,transition,vit_base_image,122,122,128,122.60061919504642,122.60061919504642,126.198
1790649807,534,9,transition,resnet50_image,83,82,83,82.23661214667806,100.61363406976928,187.183
1790649807,534,9,transition,vgg16_image,317,318,317,317.607476635514,474.79626168224297,476.781
1790649807,534,9,transition,vit_base_image,123,123,112,122.60061919504642,122.60061919504642,126.198
1790649808,535,9,transition,resnet50_image,82,83,81,82.23661214667806,100.61363406976928,187.183
1790649808,535,9,transition,vgg16_image,318,318,313,317.607476635514,474.79626168224297,476.781
1790649808,535,9,transition,vit_base_image,122,122,128,122.60061919504642,122.60061919504642,126.198
1790649809,536,9,transition,resnet50_image,82,82,83,82.23661214667806,100.61363406976928,187.183
1790649809,536,9,transition,vgg16_image,318,317,322,317.607476635514,474.79626168224297,476.781
1790649809,536,9,transition,vit_base_image,123,123,112,122.60061919504642,122.60061919504642,126.198
1790649810,537,9,transition,resnet50_image,82,82,82,82.23661214667806,100.61363406976928,187.183
1790649810,537,9,transition,vgg16_image,317,318,316,317.607476635514,474.79626168224297,476.781
1790649810,537,9,transition,vit_base_image,123,123,128,122.60061919504642,122.60061919504642,126.198
1790649811,538,9,transition,resnet50_image,82,82,83,82.23661214667806,100.61363406976928,187.183
1790649811,538,9,transition,vgg16_image,318,318,320,317.607476635514,474.79626168224297,476.781
1790649811,538,9,transition,vit_base_image,122,122,128,122.60061919504642,122.60061919504642,126.198
1790649812,539,9,transition,resnet50_image,83,83,82,82.23661214667806,100.61363406976928,187.183
1790649812,539,9,transition,vgg16_image,317,317,317,317.607476635514,474.79626168224297,476.781
1790649812,539,9,transition,vit_base_image,123,123,128,122.60061919504642,122.60061919504642,126.198
1790649813,540,9,steady,resnet50_image,95,94,94,100.61363406976928,100.61363406976928,187.183
1790649813,540,9,steady,vgg16_image,430,429,380,474.79626168224297,474.79626168224297,476.781
1790649813,540,9,steady,vit_base_image,122,122,112,122.60061919504642,122.60061919504642,126.198
1790649814,541,9,steady,resnet50_image,100,101,101,100.61363406976928,100.61363406976928,187.183
1790649814,541,9,steady,vgg16_image,475,475,464,474.79626168224297,474.79626168224297,476.781
1790649814,541,9,steady,vit_base_image,123,123,112,122.60061919504642,122.60061919504642,126.198
1790649815,542,9,steady,resnet50_image,101,101,101,100.61363406976928,100.61363406976928,187.183
1790649815,542,9,steady,vgg16_image,475,475,464,474.79626168224297,474.79626168224297,476.781
1790649815,542,9,steady,vit_base_image,122,122,128,122.60061919504642,122.60061919504642,126.198
1790649816,543,9,steady,resnet50_image,100,100,100,100.61363406976928,100.61363406976928,187.183
1790649816,543,9,steady,vgg16_image,474,475,352,474.79626168224297,474.79626168224297,476.781
1790649816,543,9,steady,vit_base_image,123,123,128,122.60061919504642,122.60061919504642,126.198
1790649817,544,9,steady,resnet50_image,101,101,101,100.61363406976928,100.61363406976928,187.183
1790649817,544,9,steady,vgg16_image,475,474,448,474.79626168224297,474.79626168224297,476.781
1790649817,544,9,steady,vit_base_image,123,123,112,122.60061919504642,122.60061919504642,126.198
1790649818,545,9,steady,resnet50_image,101,100,100,100.61363406976928,100.61363406976928,187.183
1790649818,545,9,steady,vgg16_image,475,475,464,474.79626168224297,474.79626168224297,476.781
1790649818,545,9,steady,vit_base_image,122,122,112,122.60061919504642,122.60061919504642,126.198
1790649819,546,9,steady,resnet50_image,100,101,101,100.61363406976928,100.61363406976928,187.183
1790649819,546,9,steady,vgg16_image,475,468,464,474.79626168224297,474.79626168224297,476.781
1790649819,546,9,steady,vit_base_image,123,123,128,122.60061919504642,122.60061919504642,126.198
1790649820,547,9,steady,resnet50_image,101,101,101,100.61363406976928,100.61363406976928,187.183
1790649820,547,9,steady,vgg16_image,475,458,448,474.79626168224297,474.79626168224297,476.781
1790649820,547,9,steady,vit_base_image,122,122,112,122.60061919504642,122.60061919504642,126.198
1790649821,548,9,steady,resnet50_image,100,100,100,100.61363406976928,100.61363406976928,187.183
1790649821,548,9,steady,vgg16_image,474,455,464,474.79626168224297,474.79626168224297,476.781
1790649821,548,9,steady,vit_base_image,123,123,112,122.60061919504642,122.60061919504642,126.198
1790649822,549,9,steady,resnet50_image,101,101,101,100.61363406976928,100.61363406976928,187.183
1790649822,549,9,steady,vgg16_image,475,417,416,474.79626168224297,474.79626168224297,476.781
1790649822,549,9,steady,vit_base_image,123,122,128,122.60061919504642,122.60061919504642,126.198
1790649823,550,9,steady,resnet50_image,101,101,100,100.61363406976928,100.61363406976928,187.183
1790649823,550,9,steady,vgg16_image,475,464,464,474.79626168224297,474.79626168224297,476.781
1790649823,550,9,steady,vit_base_image,122,123,128,122.60061919504642,122.60061919504642,126.198
1790649824,551,9,steady,resnet50_image,100,100,101,100.61363406976928,100.61363406976928,187.183
1790649824,551,9,steady,vgg16_image,475,461,464,474.79626168224297,474.79626168224297,476.781
1790649824,551,9,steady,vit_base_image,123,123,96,122.60061919504642,122.60061919504642,126.198
1790649825,552,9,steady,resnet50_image,101,101,101,100.61363406976928,100.61363406976928,187.183
1790649825,552,9,steady,vgg16_image,474,464,457,474.79626168224297,474.79626168224297,476.781
1790649825,552,9,steady,vit_base_image,122,122,128,122.60061919504642,122.60061919504642,126.198
1790649826,553,9,steady,resnet50_image,101,100,100,100.61363406976928,100.61363406976928,187.183
1790649826,553,9,steady,vgg16_image,475,460,455,474.79626168224297,474.79626168224297,476.781
1790649826,553,9,steady,vit_base_image,123,123,128,122.60061919504642,122.60061919504642,126.198
1790649827,554,9,steady,resnet50_image,100,101,101,100.61363406976928,100.61363406976928,187.183
1790649827,554,9,steady,vgg16_image,475,457,464,474.79626168224297,474.79626168224297,476.781
1790649827,554,9,steady,vit_base_image,123,122,128,122.60061919504642,122.60061919504642,126.198
1790649828,555,9,steady,resnet50_image,101,101,100,100.61363406976928,100.61363406976928,187.183
1790649828,555,9,steady,vgg16_image,475,460,464,474.79626168224297,474.79626168224297,476.781
1790649828,555,9,steady,vit_base_image,122,123,96,122.60061919504642,122.60061919504642,126.198
1790649829,556,9,steady,resnet50_image,100,100,101,100.61363406976928,100.61363406976928,187.183
1790649829,556,9,steady,vgg16_image,475,457,448,474.79626168224297,474.79626168224297,476.781
1790649829,556,9,steady,vit_base_image,123,123,128,122.60061919504642,122.60061919504642,126.198
1790649830,557,9,steady,resnet50_image,101,101,100,100.61363406976928,100.61363406976928,187.183
1790649830,557,9,steady,vgg16_image,474,456,464,474.79626168224297,474.79626168224297,476.781
1790649830,557,9,steady,vit_base_image,122,122,128,122.60061919504642,122.60061919504642,126.198
1790649831,558,9,steady,resnet50_image,101,101,101,100.61363406976928,100.61363406976928,187.183
1790649831,558,9,steady,vgg16_image,475,459,448,474.79626168224297,474.79626168224297,476.781
1790649831,558,9,steady,vit_base_image,123,123,96,122.60061919504642,122.60061919504642,126.198
1790649832,559,9,steady,resnet50_image,100,100,101,100.61363406976928,100.61363406976928,187.183
1790649832,559,9,steady,vgg16_image,475,460,464,474.79626168224297,474.79626168224297,476.781
1790649832,559,9,steady,vit_base_image,123,122,128,122.60061919504642,122.60061919504642,126.198
1790649833,560,9,steady,resnet50_image,101,101,100,100.61363406976928,100.61363406976928,187.183
1790649833,560,9,steady,vgg16_image,475,461,464,474.79626168224297,474.79626168224297,476.781
1790649833,560,9,steady,vit_base_image,122,123,128,122.60061919504642,122.60061919504642,126.198
1790649834,561,9,steady,resnet50_image,100,100,101,100.61363406976928,100.61363406976928,187.183
1790649834,561,9,steady,vgg16_image,475,463,464,474.79626168224297,474.79626168224297,476.781
1790649834,561,9,steady,vit_base_image,123,123,112,122.60061919504642,122.60061919504642,126.198
1790649835,562,9,steady,resnet50_image,101,101,101,100.61363406976928,100.61363406976928,187.183
1790649835,562,9,steady,vgg16_image,474,464,464,474.79626168224297,474.79626168224297,476.781
1790649835,562,9,steady,vit_base_image,122,122,112,122.60061919504642,122.60061919504642,126.198
1790649836,563,9,steady,resnet50_image,101,100,101,100.61363406976928,100.61363406976928,187.183
1790649836,563,9,steady,vgg16_image,475,463,464,474.79626168224297,474.79626168224297,476.781
1790649836,563,9,steady,vit_base_image,123,123,128,122.60061919504642,122.60061919504642,126.198
1790649837,564,9,steady,resnet50_image,100,101,92,100.61363406976928,100.61363406976928,187.183
1790649837,564,9,steady,vgg16_image,475,406,400,474.79626168224297,474.79626168224297,476.781
1790649837,564,9,steady,vit_base_image,123,123,128,122.60061919504642,122.60061919504642,126.198
1790649838,565,9,steady,resnet50_image,101,101,109,100.61363406976928,100.61363406976928,187.183
1790649838,565,9,steady,vgg16_image,475,463,464,474.79626168224297,474.79626168224297,476.781
1790649838,565,9,steady,vit_base_image,122,122,112,122.60061919504642,122.60061919504642,126.198
1790649839,566,9,steady,resnet50_image,100,100,100,100.61363406976928,100.61363406976928,187.183
1790649839,566,9,steady,vgg16_image,475,457,464,474.79626168224297,474.79626168224297,476.781
1790649839,566,9,steady,vit_base_image,123,123,112,122.60061919504642,122.60061919504642,126.198
1790649840,567,9,steady,resnet50_image,101,101,101,100.61363406976928,100.61363406976928,187.183
1790649840,567,9,steady,vgg16_image,474,458,448,474.79626168224297,474.79626168224297,476.781
1790649840,567,9,steady,vit_base_image,122,122,128,122.60061919504642,122.60061919504642,126.198
1790649841,568,9,steady,resnet50_image,101,101,101,100.61363406976928,100.61363406976928,187.183
1790649841,568,9,steady,vgg16_image,475,457,464,474.79626168224297,474.79626168224297,476.781
1790649841,568,9,steady,vit_base_image,123,123,112,122.60061919504642,122.60061919504642,126.198
1790649842,569,9,steady,resnet50_image,100,100,100,100.61363406976928,100.61363406976928,187.183
1790649842,569,9,steady,vgg16_image,475,459,464,474.79626168224297,474.79626168224297,476.781
1790649842,569,9,steady,vit_base_image,123,123,112,122.60061919504642,122.60061919504642,126.198
1790649843,570,,,resnet50_image,101,101,100,,,187.183
1790649843,570,,,vgg16_image,475,456,448,,,476.781
1790649843,570,,,vit_base_image,122,122,128,,,126.198
1790649844,571,,,resnet50_image,101,100,101,,,187.183
1790649844,571,,,vgg16_image,475,462,464,,,476.781
1790649844,571,,,vit_base_image,123,123,112,,,126.198
1790649845,572,,,resnet50_image,100,101,101,,,187.183
1790649845,572,,,vgg16_image,474,463,464,,,476.781
1790649845,572,,,vit_base_image,122,122,128,,,126.198
1790649846,573,,,resnet50_image,101,101,101,,,187.183
1790649846,573,,,vgg16_image,475,461,454,,,476.781
1790649846,573,,,vit_base_image,123,122,112,,,126.198
1790649847,574,,,resnet50_image,100,100,100,,,187.183
1790649847,574,,,vgg16_image,475,461,465,,,476.781
1790649847,574,,,vit_base_image,123,119,128,,,126.198
1790649848,575,,,resnet50_image,101,101,101,,,187.183
1790649848,575,,,vgg16_image,475,466,473,,,476.781
1790649848,575,,,vit_base_image,122,121,112,,,126.198
1790649849,576,,,resnet50_image,101,101,100,,,187.183
1790649849,576,,,vgg16_image,475,410,400,,,476.781
1790649849,576,,,vit_base_image,123,121,128,,,126.198
1790649850,577,,,resnet50_image,100,100,101,,,187.183
1790649850,577,,,vgg16_image,474,463,464,,,476.781
1790649850,577,,,vit_base_image,122,117,112,,,126.198
1790649851,578,,,resnet50_image,101,101,101,,,187.183
1790649851,578,,,vgg16_image,475,457,464,,,476.781
1790649851,578,,,vit_base_image,123,118,112,,,126.198
1790649852,579,,,resnet50_image,100,100,99,,,187.183
1790649852,579,,,vgg16_image,462,435,448,,,476.781
1790649852,579,,,vit_base_image,103,99,128,,,126.198
1790649853,580,10,transition,resnet50_image,101,100,101,100.61363406976928,109.74604911579873,187.183
1790649853,580,10,transition,vgg16_image,445,444,464,444.6504672897196,444.6504672897196,476.781
1790649853,580,10,transition,vit_base_image,74,74,112,73.56037151702786,73.56037151702786,126.198
1790649854,581,10,transition,resnet50_image,100,101,101,100.61363406976928,109.74604911579873,187.183
1790649854,581,10,transition,vgg16_image,444,445,448,444.6504672897196,444.6504672897196,476.781
1790649854,581,10,transition,vit_base_image,73,73,112,73.56037151702786,73.56037151702786,126.198
1790649855,582,10,transition,resnet50_image,101,101,100,100.61363406976928,109.74604911579873,187.183
1790649855,582,10,transition,vgg16_image,445,443,452,444.6504672897196,444.6504672897196,476.781
1790649855,582,10,transition,vit_base_image,74,74,128,73.56037151702786,73.56037151702786,126.198
1790649856,583,10,transition,resnet50_image,100,100,89,100.61363406976928,109.74604911579873,187.183
1790649856,583,10,transition,vgg16_image,445,412,370,444.6504672897196,444.6504672897196,476.781
1790649856,583,10,transition,vit_base_image,73,73,128,73.56037151702786,73.56037151702786,126.198
1790649857,584,10,transition,resnet50_image,101,101,113,100.61363406976928,109.74604911579873,187.183
1790649857,584,10,transition,vgg16_image,444,445,458,444.6504672897196,444.6504672897196,476.781
1790649857,584,10,transition,vit_base_image,74,74,112,73.56037151702786,73.56037151702786,126.198
1790649858,585,10,transition,resnet50_image,101,101,101,100.61363406976928,109.74604911579873,187.183
1790649858,585,10,transition,vgg16_image,445,445,464,444.6504672897196,444.6504672897196,476.781
1790649858,585,10,transition,vit_base_image,74,73,74,73.56037151702786,73.56037151702786,126.198
1790649859,586,10,transition,resnet50_image,100,100,100,100.61363406976928,109.74604911579873,187.183
1790649859,586,10,transition,vgg16_image,445,445,464,444.6504672897196,444.6504672897196,476.781
1790649859,586,10,transition,vit_base_image,73,74,74,73.56037151702786,73.56037151702786,126.198
1790649860,587,10,transition,resnet50_image,101,101,101,100.61363406976928,109.74604911579873,187.183
1790649860,587,10,transition,vgg16_image,444,445,432,444.6504672897196,444.6504672897196,476.781
1790649860,587,10,transition,vit_base_image,74,74,72,73.56037151702786,73.56037151702786,126.198
1790649861,588,10,transition,resnet50_image,101,100,100,100.61363406976928,109.74604911579873,187.183
1790649861,588,10,transition,vgg16_image,445,444,448,444.6504672897196,444.6504672897196,476.781
1790649861,588,10,transition,vit_base_image,73,73,75,73.56037151702786,73.56037151702786,100.828
1790649862,589,10,transition,resnet50_image,100,101,101,100.61363406976928,109.74604911579873,187.183
1790649862,589,10,transition,vgg16_image,444,445,455,444.6504672897196,444.6504672897196,476.781
1790649862,589,10,transition,vit_base_image,74,74,74,73.56037151702786,73.56037151702786,100.828
1790649863,590,10,transition,resnet50_image,101,101,100,100.61363406976928,109.74604911579873,187.183
1790649863,590,10,transition,vgg16_image,445,444,448,444.6504672897196,444.6504672897196,476.781
1790649863,590,10,transition,vit_base_image,73,73,73,73.56037151702786,73.56037151702786,100.828
1790649864,591,10,transition,resnet50_image,100,100,101,100.61363406976928,109.74604911579873,187.183
1790649864,591,10,transition,vgg16_image,445,445,459,444.6504672897196,444.6504672897196,476.781
1790649864,591,10,transition,vit_base_image,74,74,74,73.56037151702786,73.56037151702786,100.828
1790649865,592,10,transition,resnet50_image,101,101,101,100.61363406976928,109.74604911579873,187.183
1790649865,592,10,transition,vgg16_image,444,445,435,444.6504672897196,444.6504672897196,476.781
1790649865,592,10,transition,vit_base_image,73,73,74,73.56037151702786,73.56037151702786,100.828
1790649866,593,10,transition,resnet50_image,101,100,100,100.61363406976928,109.74604911579873,187.183
1790649866,593,10,transition,vgg16_image,445,444,427,444.6504672897196,444.6504672897196,476.781
1790649866,593,10,transition,vit_base_image,74,74,73,73.56037151702786,73.56037151702786,100.828
1790649867,594,10,transition,resnet50_image,100,101,98,100.61363406976928,109.74604911579873,187.183
1790649867,594,10,transition,vgg16_image,445,403,352,444.6504672897196,444.6504672897196,476.781
1790649867,594,10,transition,vit_base_image,74,73,71,73.56037151702786,73.56037151702786,100.828
1790649868,595,10,transition,resnet50_image,101,101,104,100.61363406976928,109.74604911579873,187.183
1790649868,595,10,transition,vgg16_image,444,445,464,444.6504672897196,444.6504672897196,476.781
1790649868,595,10,transition,vit_base_image,73,74,76,73.56037151702786,73.56037151702786,100.828
1790649869,596,10,steady,resnet50_image,108,108,107,109.74604911579873,109.74604911579873,187.183
1790649869,596,10,steady,vgg16_image,442,442,464,444.6504672897196,444.6504672897196,476.781
1790649869,596,10,steady,vit_base_image,73,73,73,73.56037151702786,73.56037151702786,100.828
1790649870,597,10,steady,resnet50_image,110,109,110,109.74604911579873,109.74604911579873,187.183
1790649870,597,10,steady,vgg16_image,445,445,464,444.6504672897196,444.6504672897196,476.781
1790649870,597,10,steady,vit_base_image,74,74,74,73.56037151702786,73.56037151702786,100.828
1790649871,598,10,steady,resnet50_image,109,110,110,109.74604911579873,109.74604911579873,187.183
1790649871,598,10,steady,vgg16_image,445,416,368,444.6504672897196,444.6504672897196,476.781
1790649871,598,10,steady,vit_base_image,73,73,73,73.56037151702786,73.56037151702786,100.828
1790649872,599,10,steady,resnet50_image,110,110,108,109.74604911579873,109.74604911579873,187.183
1790649872,599,10,steady,vgg16_image,444,445,464,444.6504672897196,444.6504672897196,476.781
1790649872,599,10,steady,vit_base_image,74,74,73,73.56037151702786,73.56037151702786,100.828
1790649873,600,10,steady,resnet50_image,110,110,111,109.74604911579873,109.74604911579873,187.183
1790649873,600,10,steady,vgg16_image,445,444,464,444.6504672897196,444.6504672897196,476.781
1790649873,600,10,steady,vit_base_image,73,73,75,73.56037151702786,73.56037151702786,100.828
1790649874,601,10,steady,resnet50_image,110,109,110,109.74604911579873,109.74604911579873,187.183
1790649874,601,10,steady,vgg16_image,445,445,464,444.6504672897196,444.6504672897196,476.781
1790649874,601,10,steady,vit_base_image,74,74,73,73.56037151702786,73.56037151702786,100.828
1790649875,602,10,steady,resnet50_image,109,110,110,109.74604911579873,109.74604911579873,187.183
1790649875,602,10,steady,vgg16_image,444,445,464,444.6504672897196,444.6504672897196,476.781
1790649875,602,10,steady,vit_base_image,73,73,74,73.56037151702786,73.56037151702786,100.828
1790649876,603,10,steady,resnet50_image,110,110,110,109.74604911579873,109.74604911579873,187.183
1790649876,603,10,steady,vgg16_image,445,445,448,444.6504672897196,444.6504672897196,476.781
1790649876,603,10,steady,vit_base_image,74,74,73,73.56037151702786,73.56037151702786,100.828
1790649877,604,10,steady,resnet50_image,110,110,109,109.74604911579873,109.74604911579873,187.183
1790649877,604,10,steady,vgg16_image,445,444,464,444.6504672897196,444.6504672897196,476.781
1790649877,604,10,steady,vit_base_image,74,74,74,73.56037151702786,73.56037151702786,100.828
1790649878,605,10,steady,resnet50_image,110,109,110,109.74604911579873,109.74604911579873,187.183
1790649878,605,10,steady,vgg16_image,444,444,480,444.6504672897196,444.6504672897196,476.781
1790649878,605,10,steady,vit_base_image,73,73,73,73.56037151702786,73.56037151702786,100.828
1790649879,606,10,steady,resnet50_image,109,110,110,109.74604911579873,109.74604911579873,187.183
1790649879,606,10,steady,vgg16_image,445,446,464,444.6504672897196,444.6504672897196,476.781
1790649879,606,10,steady,vit_base_image,74,74,74,73.56037151702786,73.56037151702786,100.828
1790649880,607,10,steady,resnet50_image,110,110,110,109.74604911579873,109.74604911579873,187.183
1790649880,607,10,steady,vgg16_image,445,444,464,444.6504672897196,444.6504672897196,476.781
1790649880,607,10,steady,vit_base_image,73,73,74,73.56037151702786,73.56037151702786,100.828
1790649881,608,10,steady,resnet50_image,110,109,109,109.74604911579873,109.74604911579873,187.183
1790649881,608,10,steady,vgg16_image,444,445,464,444.6504672897196,444.6504672897196,476.781
1790649881,608,10,steady,vit_base_image,74,74,73,73.56037151702786,73.56037151702786,100.828
1790649882,609,10,steady,resnet50_image,110,110,96,109.74604911579873,109.74604911579873,187.183
1790649882,609,10,steady,vgg16_image,445,444,369,444.6504672897196,444.6504672897196,476.781
1790649882,609,10,steady,vit_base_image,73,73,69,73.56037151702786,73.56037151702786,100.828
1790649883,610,10,steady,resnet50_image,109,110,124,109.74604911579873,109.74604911579873,187.183
1790649883,610,10,steady,vgg16_image,445,446,399,444.6504672897196,444.6504672897196,476.781
1790649883,610,10,steady,vit_base_image,74,74,78,73.56037151702786,73.56037151702786,100.828
1790649884,611,10,steady,resnet50_image,110,110,110,109.74604911579873,109.74604911579873,187.183
1790649884,611,10,steady,vgg16_image,444,443,464,444.6504672897196,444.6504672897196,476.781
1790649884,611,10,steady,vit_base_image,74,73,74,73.56037151702786,73.56037151702786,100.828
1790649885,612,10,steady,resnet50_image,110,110,110,109.74604911579873,109.74604911579873,187.183
1790649885,612,10,steady,vgg16_image,445,445,464,444.6504672897196,444.6504672897196,476.781
1790649885,612,10,steady,vit_base_image,73,74,73,73.56037151702786,73.56037151702786,100.828
1790649886,613,10,steady,resnet50_image,109,109,109,109.74604911579873,109.74604911579873,187.183
1790649886,613,10,steady,vgg16_image,445,445,448,444.6504672897196,444.6504672897196,476.781
1790649886,613,10,steady,vit_base_image,74,74,74,73.56037151702786,73.56037151702786,100.828
1790649887,614,10,steady,resnet50_image,110,110,109,109.74604911579873,109.74604911579873,187.183
1790649887,614,10,steady,vgg16_image,444,445,464,444.6504672897196,444.6504672897196,476.781
1790649887,614,10,steady,vit_base_image,73,73,73,73.56037151702786,73.56037151702786,100.828
1790649888,615,10,steady,resnet50_image,110,110,111,109.74604911579873,109.74604911579873,187.183
1790649888,615,10,steady,vgg16_image,445,444,464,444.6504672897196,444.6504672897196,476.781
1790649888,615,10,steady,vit_base_image,74,74,74,73.56037151702786,73.56037151702786,100.828
1790649889,616,10,steady,resnet50_image,110,110,109,109.74604911579873,109.74604911579873,187.183
1790649889,616,10,steady,vgg16_image,444,445,464,444.6504672897196,444.6504672897196,476.781
1790649889,616,10,steady,vit_base_image,73,73,73,73.56037151702786,73.56037151702786,100.828
1790649890,617,10,steady,resnet50_image,109,109,103,109.74604911579873,109.74604911579873,187.183
1790649890,617,10,steady,vgg16_image,445,444,285,444.6504672897196,444.6504672897196,476.781
1790649890,617,10,steady,vit_base_image,74,74,72,73.56037151702786,73.56037151702786,100.828
1790649891,618,10,steady,resnet50_image,110,110,117,109.74604911579873,109.74604911579873,187.183
1790649891,618,10,steady,vgg16_image,445,446,467,444.6504672897196,444.6504672897196,476.781
1790649891,618,10,steady,vit_base_image,73,73,76,73.56037151702786,73.56037151702786,100.828
1790649892,619,10,steady,resnet50_image,110,110,110,109.74604911579873,109.74604911579873,187.183
1790649892,619,10,steady,vgg16_image,444,444,480,444.6504672897196,444.6504672897196,476.781
1790649892,619,10,steady,vit_base_image,74,74,73,73.56037151702786,73.56037151702786,100.828
1790649893,620,10,steady,resnet50_image,110,110,109,109.74604911579873,109.74604911579873,187.183
1790649893,620,10,steady,vgg16_image,445,444,464,444.6504672897196,444.6504672897196,476.781
1790649893,620,10,steady,vit_base_image,74,73,74,73.56037151702786,73.56037151702786,100.828
1790649894,621,10,steady,resnet50_image,109,109,110,109.74604911579873,109.74604911579873,187.183
1790649894,621,10,steady,vgg16_image,445,445,464,444.6504672897196,444.6504672897196,476.781
1790649894,621,10,steady,vit_base_image,73,74,73,73.56037151702786,73.56037151702786,100.828
1790649895,622,10,steady,resnet50_image,110,110,109,109.74604911579873,109.74604911579873,187.183
1790649895,622,10,steady,vgg16_image,444,445,448,444.6504672897196,444.6504672897196,476.781
1790649895,622,10,steady,vit_base_image,74,74,74,73.56037151702786,73.56037151702786,100.828
1790649896,623,10,steady,resnet50_image,110,110,111,109.74604911579873,109.74604911579873,187.183
1790649896,623,10,steady,vgg16_image,445,444,464,444.6504672897196,444.6504672897196,476.781
1790649896,623,10,steady,vit_base_image,73,73,73,73.56037151702786,73.56037151702786,100.828
1790649897,624,10,steady,resnet50_image,110,110,110,109.74604911579873,109.74604911579873,187.183
1790649897,624,10,steady,vgg16_image,445,445,464,444.6504672897196,444.6504672897196,476.781
1790649897,624,10,steady,vit_base_image,74,74,74,73.56037151702786,73.56037151702786,100.828
1790649898,625,10,steady,resnet50_image,109,109,109,109.74604911579873,109.74604911579873,187.183
1790649898,625,10,steady,vgg16_image,444,445,464,444.6504672897196,444.6504672897196,476.781
1790649898,625,10,steady,vit_base_image,73,73,73,73.56037151702786,73.56037151702786,100.828
1790649899,626,,,resnet50_image,110,110,110,,,187.183
1790649899,626,,,vgg16_image,445,445,464,,,476.781
1790649899,626,,,vit_base_image,74,74,74,,,100.828
1790649900,627,,,resnet50_image,110,110,109,,,187.183
1790649900,627,,,vgg16_image,445,444,336,,,476.781
1790649900,627,,,vit_base_image,74,73,74,,,100.828
1790649901,628,,,resnet50_image,110,110,110,,,187.183
1790649901,628,,,vgg16_image,444,445,464,,,476.781
1790649901,628,,,vit_base_image,73,74,73,,,100.828
1790649902,629,,,resnet50_image,109,109,108,,,187.183
1790649902,629,,,vgg16_image,445,444,464,,,476.781
1790649902,629,,,vit_base_image,74,73,74,,,100.828
1790649903,630,,,resnet50_image,110,110,111,,,187.183
1790649903,630,,,vgg16_image,445,445,464,,,476.781
1790649903,630,,,vit_base_image,73,74,73,,,100.828
1790649904,631,,,resnet50_image,110,110,111,,,187.183
1790649904,631,,,vgg16_image,444,445,465,,,476.781
1790649904,631,,,vit_base_image,74,74,74,,,100.828
1790649905,632,,,resnet50_image,110,110,109,,,187.183
1790649905,632,,,vgg16_image,445,444,479,,,476.781
1790649905,632,,,vit_base_image,73,73,73,,,100.828
1790649906,633,,,resnet50_image,109,109,110,,,187.183
1790649906,633,,,vgg16_image,445,445,453,,,476.781
1790649906,633,,,vit_base_image,74,74,74,,,100.828
1790649907,634,,,resnet50_image,110,110,110,,,187.183
1790649907,634,,,vgg16_image,444,445,459,,,476.781
1790649907,634,,,vit_base_image,73,73,73,,,100.828
1790649908,635,11,transition,resnet50_image,109,109,109,109.74604911579873,147.12836721576207,187.183
1790649908,635,11,transition,vgg16_image,422,422,327,400.5084112149533,400.5084112149533,476.781
1790649908,635,11,transition,vit_base_image,75,74,75,73.56037151702786,73.56037151702786,100.828
1790649909,636,11,transition,resnet50_image,110,110,110,109.74604911579873,147.12836721576207,187.183
1790649909,636,11,transition,vgg16_image,401,400,464,400.5084112149533,400.5084112149533,476.781
1790649909,636,11,transition,vit_base_image,73,74,73,73.56037151702786,73.56037151702786,100.828
1790649910,637,11,transition,resnet50_image,110,109,109,109.74604911579873,147.12836721576207,187.183
1790649910,637,11,transition,vgg16_image,400,401,430,400.5084112149533,400.5084112149533,476.781
1790649910,637,11,transition,vit_base_image,74,74,74,73.56037151702786,73.56037151702786,100.828
1790649911,638,11,transition,resnet50_image,109,110,109,109.74604911579873,147.12836721576207,187.183
1790649911,638,11,transition,vgg16_image,401,400,403,400.5084112149533,400.5084112149533,476.781
1790649911,638,11,transition,vit_base_image,73,73,73,73.56037151702786,73.56037151702786,100.828
1790649912,639,11,transition,resnet50_image,110,110,111,109.74604911579873,147.12836721576207,187.183
1790649912,639,11,transition,vgg16_image,400,401,398,400.5084112149533,400.5084112149533,476.781
1790649912,639,11,transition,vit_base_image,74,74,74,73.56037151702786,73.56037151702786,100.828
1790649913,640,11,transition,resnet50_image,110,110,107,109.74604911579873,147.12836721576207,187.183
1790649913,640,11,transition,vgg16_image,401,399,318,400.5084112149533,400.5084112149533,476.781
1790649913,640,11,transition,vit_base_image,73,73,73,73.56037151702786,73.56037151702786,100.828
1790649914,641,11,transition,resnet50_image,110,109,112,109.74604911579873,147.12836721576207,187.183
1790649914,641,11,transition,vgg16_image,400,402,475,400.5084112149533,400.5084112149533,476.781
1790649914,641,11,transition,vit_base_image,74,74,74,73.56037151702786,73.56037151702786,100.828
1790649915,642,11,transition,resnet50_image,109,110,110,109.74604911579873,147.12836721576207,187.183
1790649915,642,11,transition,vgg16_image,401,401,414,400.5084112149533,400.5084112149533,476.781
1790649915,642,11,transition,vit_base_image,73,73,74,73.56037151702786,73.56037151702786,100.828
1790649916,643,11,transition,resnet50_image,110,110,109,109.74604911579873,147.12836721576207,187.183
1790649916,643,11,transition,vgg16_image,400,400,390,400.5084112149533,400.5084112149533,476.781
1790649916,643,11,transition,vit_base_image,74,74,73,73.56037151702786,73.56037151702786,100.828
1790649917,644,11,transition,resnet50_image,110,110,110,109.74604911579873,147.12836721576207,187.183
1790649917,644,11,transition,vgg16_image,401,400,405,400.5084112149533,400.5084112149533,476.781
1790649917,644,11,transition,vit_base_image,74,73,74,73.56037151702786,73.56037151702786,100.828
1790649918,645,11,transition,resnet50_image,110,109,110,109.74604911579873,147.12836721576207,187.183
1790649918,645,11,transition,vgg16_image,400,401,395,400.5084112149533,400.5084112149533,476.781
1790649918,645,11,transition,vit_base_image,73,74,73,73.56037151702786,73.56037151702786,100.828
1790649919,646,11,transition,resnet50_image,109,110,110,109.74604911579873,147.12836721576207,187.183
1790649919,646,11,transition,vgg16_image,401,400,413,400.5084112149533,400.5084112149533,476.781
1790649919,646,11,transition,vit_base_image,74,74,74,73.56037151702786,73.56037151702786,100.828
1790649920,647,11,transition,resnet50_image,110,110,110,109.74604911579873,147.12836721576207,187.183
1790649920,647,11,transition,vgg16_image,400,401,396,400.5084112149533,400.5084112149533,476.781
1790649920,647,11,transition,vit_base_image,73,73,73,73.56037151702786,73.56037151702786,100.828
1790649921,648,11,transition,resnet50_image,110,110,110,109.74604911579873,147.12836721576207,187.183
1790649921,648,11,transition,vgg16_image,401,400,403,400.5084112149533,400.5084112149533,476.781
1790649921,648,11,transition,vit_base_image,74,74,74,73.56037151702786,73.56037151702786,100.828
1790649922,649,11,transition,resnet50_image,110,109,109,109.74604911579873,147.12836721576207,187.183
1790649922,649,11,transition,vgg16_image,400,401,387,400.5084112149533,400.5084112149533,476.781
1790649922,649,11,transition,vit_base_image,73,73,74,73.56037151702786,73.56037151702786,100.828
1790649923,650,11,transition,resnet50_image,109,110,110,109.74604911579873,147.12836721576207,187.183
1790649923,650,11,transition,vgg16_image,401,401,403,400.5084112149533,400.5084112149533,476.781
1790649923,650,11,transition,vit_base_image,74,74,73,73.56037151702786,73.56037151702786,100.828
1790649924,651,11,transition,resnet50_image,110,110,110,109.74604911579873,147.12836721576207,187.183
1790649924,651,11,transition,vgg16_image,400,400,403,400.5084112149533,400.5084112149533,476.781
1790649924,651,11,transition,vit_base_image,73,73,73,73.56037151702786,73.56037151702786,100.828
1790649925,652,11,transition,resnet50_image,110,110,109,109.74604911579873,147.12836721576207,187.183
1790649925,652,11,transition,vgg16_image,401,400,404,400.5084112149533,400.5084112149533,476.781
1790649925,652,11,transition,vit_base_image,74,74,74,73.56037151702786,73.56037151702786,100.828
1790649926,653,11,transition,resnet50_image,110,109,110,109.74604911579873,147.12836721576207,187.183
1790649926,653,11,transition,vgg16_image,400,401,396,400.5084112149533,400.5084112149533,476.781
1790649926,653,11,transition,vit_base_image,74,73,73,73.56037151702786,73.56037151702786,100.828
1790649927,654,11,transition,resnet50_image,109,110,109,109.74604911579873,147.12836721576207,187.183
1790649927,654,11,transition,vgg16_image,401,400,408,400.5084112149533,400.5084112149533,476.781
1790649927,654,11,transition,vit_base_image,73,74,74,73.56037151702786,73.56037151702786,100.828
1790649928,655,11,transition,resnet50_image,110,110,110,109.74604911579873,147.12836721576207,187.183
1790649928,655,11,transition,vgg16_image,400,401,401,400.5084112149533,400.5084112149533,476.781
1790649928,655,11,transition,vit_base_image,74,74,74,73.56037151702786,73.56037151702786,100.828
1790649929,656,11,transition,resnet50_image,110,110,110,109.74604911579873,147.12836721576207,187.183
1790649929,656,11,transition,vgg16_image,401,401,350,400.5084112149533,400.5084112149533,476.781
1790649929,656,11,transition,vit_base_image,73,73,73,73.56037151702786,73.56037151702786,100.828
1790649930,657,11,transition,resnet50_image,109,109,110,109.74604911579873,147.12836721576207,187.183
1790649930,657,11,transition,vgg16_image,400,400,442,400.5084112149533,400.5084112149533,476.781
1790649930,657,11,transition,vit_base_image,74,74,74,73.56037151702786,73.56037151702786,100.828
1790649931,658,11,transition,resnet50_image,110,110,110,109.74604911579873,147.12836721576207,187.183
1790649931,658,11,transition,vgg16_image,401,400,401,400.5084112149533,400.5084112149533,476.781
1790649931,658,11,transition,vit_base_image,73,73,74,73.56037151702786,73.56037151702786,100.828
1790649932,659,11,transition,resnet50_image,110,110,110,109.74604911579873,147.12836721576207,187.183
1790649932,659,11,transition,vgg16_image,400,401,411,400.5084112149533,400.5084112149533,476.781
1790649932,659,11,transition,vit_base_image,74,74,73,73.56037151702786,73.56037151702786,100.828
1790649933,660,11,transition,resnet50_image,110,110,109,109.74604911579873,147.12836721576207,187.183
1790649933,660,11,transition,vgg16_image,401,400,391,400.5084112149533,400.5084112149533,476.781
1790649933,660,11,transition,vit_base_image,74,73,73,73.56037151702786,73.56037151702786,100.828
1790649934,661,11,transition,resnet50_image,109,109,110,109.74604911579873,147.12836721576207,187.183
1790649934,661,11,transition,vgg16_image,400,401,406,400.5084112149533,400.5084112149533,476.781
1790649934,661,11,transition,vit_base_image,73,74,74,73.56037151702786,73.56037151702786,100.828
1790649935,662,11,transition,resnet50_image,110,110,110,109.74604911579873,147.12836721576207,187.183
1790649935,662,11,transition,vgg16_image,401,400,404,400.5084112149533,400.5084112149533,476.781
1790649935,662,11,transition,vit_base_image,74,73,74,73.56037151702786,73.56037151702786,100.828
1790649936,663,11,transition,resnet50_image,110,110,109,109.74604911579873,147.12836721576207,187.183
1790649936,663,11,transition,vgg16_image,400,401,393,400.5084112149533,400.5084112149533,476.781
1790649936,663,11,transition,vit_base_image,73,74,73,73.56037151702786,73.56037151702786,100.828
1790649937,664,11,transition,resnet50_image,110,109,110,109.74604911579873,147.12836721576207,187.183
1790649937,664,11,transition,vgg16_image,401,400,404,400.5084112149533,400.5084112149533,476.781
1790649937,664,11,transition,vit_base_image,74,73,74,73.56037151702786,73.56037151702786,100.828
1790649938,665,11,transition,resnet50_image,109,110,110,109.74604911579873,147.12836721576207,187.183
1790649938,665,11,transition,vgg16_image,400,401,407,400.5084112149533,400.5084112149533,476.781
1790649938,665,11,transition,vit_base_image,73,74,73,73.56037151702786,73.56037151702786,100.828
1790649939,666,11,transition,resnet50_image,110,109,97,109.74604911579873,147.12836721576207,187.183
1790649939,666,11,transition,vgg16_image,401,389,348,400.5084112149533,400.5084112149533,476.781
1790649939,666,11,transition,vit_base_image,74,72,67,73.56037151702786,73.56037151702786,100.828
1790649940,667,11,transition,resnet50_image,110,111,123,109.74604911579873,147.12836721576207,187.183
1790649940,667,11,transition,vgg16_image,400,412,383,400.5084112149533,400.5084112149533,476.781
1790649940,667,11,transition,vit_base_image,73,75,81,73.56037151702786,73.56037151702786,100.828
1790649941,668,11,transition,resnet50_image,110,110,110,109.74604911579873,147.12836721576207,187.183
1790649941,668,11,transition,vgg16_image,401,400,464,400.5084112149533,400.5084112149533,476.781
1790649941,668,11,transition,vit_base_image,74,74,73,73.56037151702786,73.56037151702786,100.828
1790649942,669,11,transition,resnet50_image,109,109,109,109.74604911579873,147.12836721576207,187.183
1790649942,669,11,transition,vgg16_image,400,401,399,400.5084112149533,400.5084112149533,476.781
1790649942,669,11,transition,vit_base_image,74,73,74,73.56037151702786,73.56037151702786,100.828
1790649943,670,11,steady,resnet50_image,142,142,127,147.12836721576207,147.12836721576207,187.183
1790649943,670,11,steady,vgg16_image,400,399,401,400.5084112149533,400.5084112149533,476.781
1790649943,670,11,steady,vit_base_image,73,74,73,73.56037151702786,73.56037151702786,100.828
1790649944,671,11,steady,resnet50_image,148,147,137,147.12836721576207,147.12836721576207,187.183
1790649944,671,11,steady,vgg16_image,400,401,391,400.5084112149533,400.5084112149533,476.781
1790649944,671,11,steady,vit_base_image,74,74,74,73.56037151702786,73.56037151702786,100.828
1790649945,672,11,steady,resnet50_image,147,148,139,147.12836721576207,147.12836721576207,187.183
1790649945,672,11,steady,vgg16_image,401,400,410,400.5084112149533,400.5084112149533,476.781
1790649945,672,11,steady,vit_base_image,73,73,74,73.56037151702786,73.56037151702786,100.828
1790649946,673,11,steady,resnet50_image,147,147,116,147.12836721576207,147.12836721576207,187.183
1790649946,673,11,steady,vgg16_image,400,401,228,400.5084112149533,400.5084112149533,476.781
1790649946,673,11,steady,vit_base_image,74,74,73,73.56037151702786,73.56037151702786,100.828
1790649947,674,11,steady,resnet50_image,147,147,138,147.12836721576207,147.12836721576207,187.183
1790649947,674,11,steady,vgg16_image,401,400,464,400.5084112149533,400.5084112149533,476.781
1790649947,674,11,steady,vit_base_image,74,73,73,73.56037151702786,73.56037151702786,100.828
1790649948,675,11,steady,resnet50_image,147,147,137,147.12836721576207,147.12836721576207,187.183
1790649948,675,11,steady,vgg16_image,400,401,467,400.5084112149533,400.5084112149533,476.781
1790649948,675,11,steady,vit_base_image,73,74,74,73.56037151702786,73.56037151702786,100.828
1790649949,676,11,steady,resnet50_image,147,147,138,147.12836721576207,147.12836721576207,187.183
1790649949,676,11,steady,vgg16_image,401,400,438,400.5084112149533,400.5084112149533,476.781
1790649949,676,11,steady,vit_base_image,74,73,74,73.56037151702786,73.56037151702786,100.828
1790649950,677,11,steady,resnet50_image,147,147,138,147.12836721576207,147.12836721576207,187.183
1790649950,677,11,steady,vgg16_image,400,401,406,400.5084112149533,400.5084112149533,476.781
1790649950,677,11,steady,vit_base_image,73,74,73,73.56037151702786,73.56037151702786,100.828
1790649951,678,11,steady,resnet50_image,148,147,136,147.12836721576207,147.12836721576207,187.183
1790649951,678,11,steady,vgg16_image,401,400,396,400.5084112149533,400.5084112149533,476.781
1790649951,678,11,steady,vit_base_image,74,74,74,73.56037151702786,73.56037151702786,100.828
1790649952,679,11,steady,resnet50_image,147,147,117,147.12836721576207,147.12836721576207,187.183
1790649952,679,11,steady,vgg16_image,400,400,265,400.5084112149533,400.5084112149533,476.781
1790649952,679,11,steady,vit_base_image,73,73,74,73.56037151702786,73.56037151702786,100.828
1790649953,680,11,steady,resnet50_image,147,147,137,147.12836721576207,147.12836721576207,187.183
1790649953,680,11,steady,vgg16_image,401,401,464,400.5084112149533,400.5084112149533,476.781
1790649953,680,11,steady,vit_base_image,74,74,73,73.56037151702786,73.56037151702786,100.828
1790649954,681,11,steady,resnet50_image,147,148,139,147.12836721576207,147.12836721576207,187.183
1790649954,681,11,steady,vgg16_image,400,401,464,400.5084112149533,400.5084112149533,476.781
1790649954,681,11,steady,vit_base_image,73,73,73,73.56037151702786,73.56037151702786,100.828
1790649955,682,11,steady,resnet50_image,147,147,137,147.12836721576207,147.12836721576207,187.183
1790649955,682,11,steady,vgg16_image,401,400,410,400.5084112149533,400.5084112149533,476.781
1790649955,682,11,steady,vit_base_image,74,74,74,73.56037151702786,73.56037151702786,100.828
1790649956,683,11,steady,resnet50_image,147,147,137,147.12836721576207,147.12836721576207,187.183
1790649956,683,11,steady,vgg16_image,400,401,402,400.5084112149533,400.5084112149533,476.781
1790649956,683,11,steady,vit_base_image,74,73,74,73.56037151702786,73.56037151702786,100.828
1790649957,684,11,steady,resnet50_image,147,147,137,147.12836721576207,147.12836721576207,187.183
1790649957,684,11,steady,vgg16_image,401,401,398,400.5084112149533,400.5084112149533,476.781
1790649957,684,11,steady,vit_base_image,73,74,73,73.56037151702786,73.56037151702786,100.828
1790649958,685,11,steady,resnet50_image,147,147,139,147.12836721576207,147.12836721576207,187.183
1790649958,685,11,steady,vgg16_image,400,400,403,400.5084112149533,400.5084112149533,476.781
1790649958,685,11,steady,vit_base_image,74,74,74,73.56037151702786,73.56037151702786,100.828
1790649959,686,11,steady,resnet50_image,148,147,137,147.12836721576207,147.12836721576207,187.183
1790649959,686,11,steady,vgg16_image,401,400,399,400.5084112149533,400.5084112149533,476.781
1790649959,686,11,steady,vit_base_image,73,73,73,73.56037151702786,73.56037151702786,100.828
1790649960,687,11,steady,resnet50_image,147,147,137,147.12836721576207,147.12836721576207,187.183
1790649960,687,11,steady,vgg16_image,400,401,407,400.5084112149533,400.5084112149533,476.781
1790649960,687,11,steady,vit_base_image,74,74,74,73.56037151702786,73.56037151702786,100.828
1790649961,688,11,steady,resnet50_image,147,147,138,147.12836721576207,147.12836721576207,187.183
1790649961,688,11,steady,vgg16_image,401,400,399,400.5084112149533,400.5084112149533,476.781
1790649961,688,11,steady,vit_base_image,73,73,74,73.56037151702786,73.56037151702786,100.828
1790649962,689,11,steady,resnet50_image,147,148,137,147.12836721576207,147.12836721576207,187.183
1790649962,689,11,steady,vgg16_image,400,401,392,400.5084112149533,400.5084112149533,476.781
1790649962,689,11,steady,vit_base_image,74,74,73,73.56037151702786,73.56037151702786,100.828
1790649963,690,11,steady,resnet50_image,147,142,127,147.12836721576207,147.12836721576207,187.183
1790649963,690,11,steady,vgg16_image,401,400,364,400.5084112149533,400.5084112149533,476.781
1790649963,690,11,steady,vit_base_image,73,73,74,73.56037151702786,73.56037151702786,100.828
1790649964,691,11,steady,resnet50_image,147,137,137,147.12836721576207,147.12836721576207,187.183
1790649964,691,11,steady,vgg16_image,400,401,441,400.5084112149533,400.5084112149533,476.781
1790649964,691,11,steady,vit_base_image,74,74,73,73.56037151702786,73.56037151702786,100.828
1790649965,692,11,steady,resnet50_image,147,137,138,147.12836721576207,147.12836721576207,187.183
1790649965,692,11,steady,vgg16_image,401,400,403,400.5084112149533,400.5084112149533,476.781
1790649965,692,11,steady,vit_base_image,74,73,74,73.56037151702786,73.56037151702786,100.828
1790649966,693,11,steady,resnet50_image,147,135,135,147.12836721576207,147.12836721576207,187.183
1790649966,693,11,steady,vgg16_image,400,401,405,400.5084112149533,400.5084112149533,476.781
1790649966,693,11,steady,vit_base_image,73,74,73,73.56037151702786,73.56037151702786,100.828
1790649967,694,11,steady,resnet50_image,148,139,138,147.12836721576207,147.12836721576207,187.183
1790649967,694,11,steady,vgg16_image,401,401,402,400.5084112149533,400.5084112149533,476.781
1790649967,694,11,steady,vit_base_image,74,74,74,73.56037151702786,73.56037151702786,100.828
1790649968,695,11,steady,resnet50_image,147,137,138,147.12836721576207,147.12836721576207,187.183
1790649968,695,11,steady,vgg16_image,400,400,400,400.5084112149533,400.5084112149533,476.781
1790649968,695,11,steady,vit_base_image,73,73,73,73.56037151702786,73.56037151702786,100.828
1790649969,696,11,steady,resnet50_image,147,138,137,147.12836721576207,147.12836721576207,187.183
1790649969,696,11,steady,vgg16_image,401,401,400,400.5084112149533,400.5084112149533,476.781
1790649969,696,11,steady,vit_base_image,74,74,74,73.56037151702786,73.56037151702786,100.828
1790649970,697,11,steady,resnet50_image,147,138,138,147.12836721576207,147.12836721576207,187.183
1790649970,697,11,steady,vgg16_image,400,400,400,400.5084112149533,400.5084112149533,476.781
1790649970,697,11,steady,vit_base_image,73,73,73,73.56037151702786,73.56037151702786,100.828
1790649971,698,11,steady,resnet50_image,147,137,138,147.12836721576207,147.12836721576207,187.183
1790649971,698,11,steady,vgg16_image,401,400,403,400.5084112149533,400.5084112149533,476.781
1790649971,698,11,steady,vit_base_image,74,74,74,73.56037151702786,73.56037151702786,100.828
1790649972,699,11,steady,resnet50_image,147,137,137,147.12836721576207,147.12836721576207,187.183
1790649972,699,11,steady,vgg16_image,400,400,400,400.5084112149533,400.5084112149533,476.781
1790649972,699,11,steady,vit_base_image,74,73,74,73.56037151702786,73.56037151702786,100.828
1790649973,700,,,resnet50_image,147,137,136,,,187.183
1790649973,700,,,vgg16_image,401,401,389,,,476.781
1790649973,700,,,vit_base_image,73,74,73,,,100.828
1790649974,701,,,resnet50_image,147,137,138,,,187.183
1790649974,701,,,vgg16_image,401,401,401,,,476.781
1790649974,701,,,vit_base_image,74,74,74,,,100.828
1790649975,702,,,resnet50_image,148,137,137,,,187.183
1790649975,702,,,vgg16_image,400,400,407,,,476.781
1790649975,702,,,vit_base_image,73,73,73,,,100.828
1790649976,703,,,resnet50_image,147,138,138,,,187.183
1790649976,703,,,vgg16_image,401,401,399,,,476.781
1790649976,703,,,vit_base_image,74,74,74,,,100.828
1790649977,704,,,resnet50_image,147,121,120,,,187.183
1790649977,704,,,vgg16_image,400,401,337,,,476.781
1790649977,704,,,vit_base_image,73,73,74,,,100.828
1790649978,705,,,resnet50_image,147,137,137,,,187.183
1790649978,705,,,vgg16_image,401,400,464,,,476.781
1790649978,705,,,vit_base_image,74,74,73,,,100.828
1790649979,706,,,resnet50_image,147,131,133,,,187.183
1790649979,706,,,vgg16_image,400,396,394,,,476.781
1790649979,706,,,vit_base_image,73,73,71,,,100.828
1790649980,707,12,transition,resnet50_image,134,135,139,133.64290912567927,133.64290912567927,187.183
1790649980,707,12,transition,vgg16_image,399,404,406,400.5084112149533,460.08224299065415,476.781
1790649980,707,12,transition,vit_base_image,75,75,77,73.56037151702786,73.56037151702786,100.828
1790649981,708,12,transition,resnet50_image,134,134,137,133.64290912567927,133.64290912567927,187.183
1790649981,708,12,transition,vgg16_image,401,400,405,400.5084112149533,460.08224299065415,476.781
1790649981,708,12,transition,vit_base_image,73,73,73,73.56037151702786,73.56037151702786,100.828
1790649982,709,12,transition,resnet50_image,133,133,137,133.64290912567927,133.64290912567927,187.183
1790649982,709,12,transition,vgg16_image,400,401,386,400.5084112149533,460.08224299065415,476.781
1790649982,709,12,transition,vit_base_image,74,74,74,73.56037151702786,73.56037151702786,100.828
1790649983,710,12,transition,resnet50_image,134,134,135,133.64290912567927,133.64290912567927,187.183
1790649983,710,12,transition,vgg16_image,401,400,401,400.5084112149533,460.08224299065415,476.781
1790649983,710,12,transition,vit_base_image,73,73,72,73.56037151702786,73.56037151702786,100.828
1790649984,711,12,transition,resnet50_image,134,130,120,133.64290912567927,133.64290912567927,187.183
1790649984,711,12,transition,vgg16_image,400,401,365,400.5084112149533,460.08224299065415,476.781
1790649984,711,12,transition,vit_base_image,74,74,75,73.56037151702786,73.56037151702786,100.828
1790649985,712,12,transition,resnet50_image,133,133,138,133.64290912567927,133.64290912567927,187.183
1790649985,712,12,transition,vgg16_image,401,400,442,400.5084112149533,460.08224299065415,476.781
1790649985,712,12,transition,vit_base_image,73,73,74,73.56037151702786,73.56037151702786,100.828
1790649986,713,12,transition,resnet50_image,134,134,137,133.64290912567927,133.64290912567927,187.183
1790649986,713,12,transition,vgg16_image,400,401,405,400.5084112149533,460.08224299065415,476.781
1790649986,713,12,transition,vit_base_image,74,74,73,73.56037151702786,73.56037151702786,100.828
1790649987,714,12,transition,resnet50_image,134,134,136,133.64290912567927,133.64290912567927,187.183
1790649987,714,12,transition,vgg16_image,401,400,397,400.5084112149533,460.08224299065415,476.781
1790649987,714,12,transition,vit_base_image,74,73,74,73.56037151702786,73.56037151702786,100.828
1790649988,715,12,transition,resnet50_image,133,133,138,133.64290912567927,133.64290912567927,187.183
1790649988,715,12,transition,vgg16_image,400,401,402,400.5084112149533,460.08224299065415,476.781
1790649988,715,12,transition,vit_base_image,73,74,73,73.56037151702786,73.56037151702786,100.828
1790649989,716,12,transition,resnet50_image,134,134,138,133.64290912567927,133.64290912567927,187.183
1790649989,716,12,transition,vgg16_image,401,400,396,400.5084112149533,460.08224299065415,476.781
1790649989,716,12,transition,vit_base_image,74,74,74,73.56037151702786,73.56037151702786,100.828
1790649990,717,12,transition,resnet50_image,134,134,135,133.64290912567927,133.64290912567927,187.183
1790649990,717,12,transition,vgg16_image,400,401,406,400.5084112149533,460.08224299065415,476.781
1790649990,717,12,transition,vit_base_image,73,73,73,73.56037151702786,73.56037151702786,100.828
1790649991,718,12,transition,resnet50_image,133,133,137,133.64290912567927,133.64290912567927,187.183
1790649991,718,12,transition,vgg16_image,401,400,407,400.5084112149533,460.08224299065415,476.781
1790649991,718,12,transition,vit_base_image,74,74,74,73.56037151702786,73.56037151702786,100.828
1790649992,719,12,transition,resnet50_image,134,134,138,133.64290912567927,133.64290912567927,187.183
1790649992,719,12,transition,vgg16_image,400,401,389,400.5084112149533,460.08224299065415,476.781
1790649992,719,12,transition,vit_base_image,73,73,74,73.56037151702786,73.56037151702786,100.828
1790649993,720,12,transition,resnet50_image,134,133,138,133.64290912567927,133.64290912567927,187.183
1790649993,720,12,transition,vgg16_image,401,400,411,400.5084112149533,460.08224299065415,476.781
1790649993,720,12,transition,vit_base_image,74,74,73,73.56037151702786,73.56037151702786,100.828
1790649994,721,12,transition,resnet50_image,133,134,136,133.64290912567927,133.64290912567927,187.183
1790649994,721,12,transition,vgg16_image,400,400,391,400.5084112149533,460.08224299065415,476.781
1790649994,721,12,transition,vit_base_image,73,73,73,73.56037151702786,73.56037151702786,100.828
1790649995,722,12,transition,resnet50_image,134,134,120,133.64290912567927,133.64290912567927,187.183
1790649995,722,12,transition,vgg16_image,401,402,335,400.5084112149533,460.08224299065415,476.781
1790649995,722,12,transition,vit_base_image,74,74,74,73.56037151702786,73.56037151702786,100.828
1790649996,723,12,transition,resnet50_image,133,133,137,133.64290912567927,133.64290912567927,187.183
1790649996,723,12,transition,vgg16_image,400,400,464,400.5084112149533,460.08224299065415,476.781
1790649996,723,12,transition,vit_base_image,74,73,74,73.56037151702786,73.56037151702786,100.828
1790649997,724,12,transition,resnet50_image,134,134,138,133.64290912567927,133.64290912567927,187.183
1790649997,724,12,transition,vgg16_image,401,400,415,400.5084112149533,460.08224299065415,476.781
1790649997,724,12,transition,vit_base_image,73,74,73,73.56037151702786,73.56037151702786,100.828
1790649998,725,12,transition,resnet50_image,134,134,137,133.64290912567927,133.64290912567927,187.183
1790649998,725,12,transition,vgg16_image,400,401,398,400.5084112149533,460.08224299065415,476.781
1790649998,725,12,transition,vit_base_image,74,74,74,73.56037151702786,73.56037151702786,100.828
1790649999,726,12,transition,resnet50_image,133,133,138,133.64290912567927,133.64290912567927,187.183
1790649999,726,12,transition,vgg16_image,401,401,397,400.5084112149533,460.08224299065415,476.781
1790649999,726,12,transition,vit_base_image,73,73,73,73.56037151702786,73.56037151702786,100.828
1790650000,727,12,transition,resnet50_image,134,134,139,133.64290912567927,133.64290912567927,187.183
1790650000,727,12,transition,vgg16_image,400,400,405,400.5084112149533,460.08224299065415,476.781
1790650000,727,12,transition,vit_base_image,74,74,74,73.56037151702786,73.56037151702786,100.828
1790650001,728,12,transition,resnet50_image,134,134,138,133.64290912567927,133.64290912567927,187.183
1790650001,728,12,transition,vgg16_image,401,400,397,400.5084112149533,460.08224299065415,476.781
1790650001,728,12,transition,vit_base_image,73,73,74,73.56037151702786,73.56037151702786,100.828
1790650002,729,12,transition,resnet50_image,133,133,138,133.64290912567927,133.64290912567927,187.183
1790650002,729,12,transition,vgg16_image,400,401,404,400.5084112149533,460.08224299065415,476.781
1790650002,729,12,transition,vit_base_image,74,74,73,73.56037151702786,73.56037151702786,100.828
1790650003,730,12,transition,resnet50_image,134,134,140,133.64290912567927,133.64290912567927,187.183
1790650003,730,12,transition,vgg16_image,401,400,398,400.5084112149533,460.08224299065415,476.781
1790650003,730,12,transition,vit_base_image,73,73,74,73.56037151702786,73.56037151702786,100.828
1790650004,731,12,transition,resnet50_image,134,133,137,133.64290912567927,133.64290912567927,187.183
1790650004,731,12,transition,vgg16_image,400,401,401,400.5084112149533,460.08224299065415,476.781
1790650004,731,12,transition,vit_base_image,74,74,73,73.56037151702786,73.56037151702786,100.828
1790650005,732,12,transition,resnet50_image,133,134,128,133.64290912567927,133.64290912567927,187.183
1790650005,732,12,transition,vgg16_image,401,400,386,400.5084112149533,460.08224299065415,476.781
1790650005,732,12,transition,vit_base_image,74,73,72,73.56037151702786,73.56037151702786,100.828
1790650006,733,12,transition,resnet50_image,134,134,143,133.64290912567927,133.64290912567927,187.183
1790650006,733,12,transition,vgg16_image,400,401,417,400.5084112149533,460.08224299065415,476.781
1790650006,733,12,transition,vit_base_image,73,74,75,73.56037151702786,73.56037151702786,100.828
1790650007,734,12,transition,resnet50_image,134,133,166,133.64290912567927,133.64290912567927,187.183
1790650007,734,12,transition,vgg16_image,401,400,404,400.5084112149533,460.08224299065415,476.781
1790650007,734,12,transition,vit_base_image,74,74,74,73.56037151702786,73.56037151702786,100.828
1790650008,735,12,transition,resnet50_image,133,134,165,133.64290912567927,133.64290912567927,187.183
1790650008,735,12,transition,vgg16_image,400,400,393,400.5084112149533,460.08224299065415,476.781
1790650008,735,12,transition,vit_base_image,73,73,73,73.56037151702786,73.56037151702786,100.828
1790650009,736,12,transition,resnet50_image,134,134,168,133.64290912567927,133.64290912567927,187.183
1790650009,736,12,transition,vgg16_image,401,401,407,400.5084112149533,460.08224299065415,476.781
1790650009,736,12,transition,vit_base_image,74,74,74,73.56037151702786,73.56037151702786,100.828
1790650010,737,12,transition,resnet50_image,133,133,167,133.64290912567927,133.64290912567927,187.183
1790650010,737,12,transition,vgg16_image,400,401,393,400.5084112149533,460.08224299065415,476.781
1790650010,737,12,transition,vit_base_image,73,73,73,73.56037151702786,73.56037151702786,100.828
1790650011,738,12,transition,resnet50_image,134,134,166,133.64290912567927,133.64290912567927,187.183
1790650011,738,12,transition,vgg16_image,401,401,406,400.5084112149533,460.08224299065415,476.781
1790650011,738,12,transition,vit_base_image,74,74,74,73.56037151702786,73.56037151702786,100.828
1790650012,739,12,transition,resnet50_image,134,134,157,133.64290912567927,133.64290912567927,187.183
1790650012,739,12,transition,vgg16_image,400,400,396,400.5084112149533,460.08224299065415,476.781
1790650012,739,12,transition,vit_base_image,74,73,74,73.56037151702786,73.56037151702786,100.828
1790650013,740,12,transition,resnet50_image,133,133,133,133.64290912567927,133.64290912567927,187.183
1790650013,740,12,transition,vgg16_image,401,401,405,400.5084112149533,460.08224299065415,476.781
1790650013,740,12,transition,vit_base_image,73,74,73,73.56037151702786,73.56037151702786,100.828
1790650014,741,12,transition,resnet50_image,134,134,134,133.64290912567927,133.64290912567927,187.183
1790650014,741,12,transition,vgg16_image,400,400,397,400.5084112149533,460.08224299065415,476.781
1790650014,741,12,transition,vit_base_image,74,74,74,73.56037151702786,73.56037151702786,100.828
1790650015,742,12,transition,resnet50_image,132,132,131,133.64290912567927,133.64290912567927,187.183
1790650015,742,12,transition,vgg16_image,398,398,374,400.5084112149533,460.08224299065415,476.781
1790650015,742,12,transition,vit_base_image,73,73,73,73.56037151702786,73.56037151702786,100.828
1790650016,743,12,steady,resnet50_image,134,134,129,133.64290912567927,133.64290912567927,187.183
1790650016,743,12,steady,vgg16_image,460,460,475,460.08224299065415,460.08224299065415,476.781
1790650016,743,12,steady,vit_base_image,73,73,74,73.56037151702786,73.56037151702786,100.828
1790650017,744,12,steady,resnet50_image,134,134,139,133.64290912567927,133.64290912567927,187.183
1790650017,744,12,steady,vgg16_image,460,460,464,460.08224299065415,460.08224299065415,476.781
1790650017,744,12,steady,vit_base_image,74,74,73,73.56037151702786,73.56037151702786,100.828
1790650018,745,12,steady,resnet50_image,133,133,134,133.64290912567927,133.64290912567927,187.183
1790650018,745,12,steady,vgg16_image,460,459,463,460.08224299065415,460.08224299065415,476.781
1790650018,745,12,steady,vit_base_image,73,73,74,73.56037151702786,73.56037151702786,100.828
1790650019,746,12,steady,resnet50_image,134,134,134,133.64290912567927,133.64290912567927,187.183
1790650019,746,12,steady,vgg16_image,461,461,446,460.08224299065415,460.08224299065415,476.781
1790650019,746,12,steady,vit_base_image,74,74,73,73.56037151702786,73.56037151702786,100.828
1790650020,747,12,steady,resnet50_image,134,133,119,133.64290912567927,133.64290912567927,187.183
1790650020,747,12,steady,vgg16_image,460,460,384,460.08224299065415,460.08224299065415,476.781
1790650020,747,12,steady,vit_base_image,74,73,72,73.56037151702786,73.56037151702786,100.828
1790650021,748,12,steady,resnet50_image,133,134,148,133.64290912567927,133.64290912567927,187.183
1790650021,748,12,steady,vgg16_image,460,461,464,460.08224299065415,460.08224299065415,476.781
1790650021,748,12,steady,vit_base_image,73,74,75,73.56037151702786,73.56037151702786,100.828
1790650022,749,12,steady,resnet50_image,134,134,134,133.64290912567927,133.64290912567927,187.183
1790650022,749,12,steady,vgg16_image,460,459,480,460.08224299065415,460.08224299065415,476.781
1790650022,749,12,steady,vit_base_image,74,74,74,73.56037151702786,73.56037151702786,100.828
1790650023,750,12,steady,resnet50_image,133,133,133,133.64290912567927,133.64290912567927,187.183
1790650023,750,12,steady,vgg16_image,460,460,464,460.08224299065415,460.08224299065415,476.781
1790650023,750,12,steady,vit_base_image,73,73,73,73.56037151702786,73.56037151702786,100.828
1790650024,751,12,steady,resnet50_image,134,134,134,133.64290912567927,133.64290912567927,187.183
1790650024,751,12,steady,vgg16_image,460,460,480,460.08224299065415,460.08224299065415,476.781
1790650024,751,12,steady,vit_base_image,74,74,74,73.56037151702786,73.56037151702786,100.828
1790650025,752,12,steady,resnet50_image,134,133,133,133.64290912567927,133.64290912567927,187.183
1790650025,752,12,steady,vgg16_image,460,459,467,460.08224299065415,460.08224299065415,476.781
1790650025,752,12,steady,vit_base_image,73,73,73,73.56037151702786,73.56037151702786,100.828
1790650026,753,12,steady,resnet50_image,133,134,123,133.64290912567927,133.64290912567927,187.183
1790650026,753,12,steady,vgg16_image,460,462,397,460.08224299065415,460.08224299065415,476.781
1790650026,753,12,steady,vit_base_image,74,74,74,73.56037151702786,73.56037151702786,100.828
1790650027,754,12,steady,resnet50_image,134,134,145,133.64290912567927,133.64290912567927,187.183
1790650027,754,12,steady,vgg16_image,460,460,464,460.08224299065415,460.08224299065415,476.781
1790650027,754,12,steady,vit_base_image,73,73,74,73.56037151702786,73.56037151702786,100.828
1790650028,755,12,steady,resnet50_image,134,134,133,133.64290912567927,133.64290912567927,187.183
1790650028,755,12,steady,vgg16_image,460,460,480,460.08224299065415,460.08224299065415,476.781
1790650028,755,12,steady,vit_base_image,74,74,73,73.56037151702786,73.56037151702786,100.828
1790650029,756,12,steady,resnet50_image,133,133,134,133.64290912567927,133.64290912567927,187.183
1790650029,756,12,steady,vgg16_image,460,460,464,460.08224299065415,460.08224299065415,476.781
1790650029,756,12,steady,vit_base_image,74,74,74,73.56037151702786,73.56037151702786,100.828
1790650030,757,12,steady,resnet50_image,134,134,134,133.64290912567927,133.64290912567927,187.183
1790650030,757,12,steady,vgg16_image,460,459,480,460.08224299065415,460.08224299065415,476.781
1790650030,757,12,steady,vit_base_image,73,73,73,73.56037151702786,73.56037151702786,100.828
1790650031,758,12,steady,resnet50_image,134,133,133,133.64290912567927,133.64290912567927,187.183
1790650031,758,12,steady,vgg16_image,461,461,464,460.08224299065415,460.08224299065415,476.781
1790650031,758,12,steady,vit_base_image,74,74,74,73.56037151702786,73.56037151702786,100.828
1790650032,759,12,steady,resnet50_image,133,134,134,133.64290912567927,133.64290912567927,187.183
1790650032,759,12,steady,vgg16_image,460,460,464,460.08224299065415,460.08224299065415,476.781
1790650032,759,12,steady,vit_base_image,73,73,74,73.56037151702786,73.56037151702786,100.828
1790650033,760,12,steady,resnet50_image,134,134,133,133.64290912567927,133.64290912567927,187.183
1790650033,760,12,steady,vgg16_image,460,460,464,460.08224299065415,460.08224299065415,476.781
1790650033,760,12,steady,vit_base_image,74,74,73,73.56037151702786,73.56037151702786,100.828
1790650034,761,12,steady,resnet50_image,134,133,134,133.64290912567927,133.64290912567927,187.183
1790650034,761,12,steady,vgg16_image,460,460,480,460.08224299065415,460.08224299065415,476.781
1790650034,761,12,steady,vit_base_image,73,73,74,73.56037151702786,73.56037151702786,100.828
1790650035,762,12,steady,resnet50_image,133,134,134,133.64290912567927,133.64290912567927,187.183
1790650035,762,12,steady,vgg16_image,460,460,464,460.08224299065415,460.08224299065415,476.781
1790650035,762,12,steady,vit_base_image,74,74,73,73.56037151702786,73.56037151702786,100.828
1790650036,763,12,steady,resnet50_image,134,134,134,133.64290912567927,133.64290912567927,187.183
1790650036,763,12,steady,vgg16_image,460,460,464,460.08224299065415,460.08224299065415,476.781
1790650036,763,12,steady,vit_base_image,73,73,74,73.56037151702786,73.56037151702786,100.828
1790650037,764,12,steady,resnet50_image,133,133,133,133.64290912567927,133.64290912567927,187.183
1790650037,764,12,steady,vgg16_image,460,460,464,460.08224299065415,460.08224299065415,476.781
1790650037,764,12,steady,vit_base_image,74,74,73,73.56037151702786,73.56037151702786,100.828
1790650038,765,12,steady,resnet50_image,134,134,134,133.64290912567927,133.64290912567927,187.183
1790650038,765,12,steady,vgg16_image,460,460,464,460.08224299065415,460.08224299065415,476.781
1790650038,765,12,steady,vit_base_image,74,74,74,73.56037151702786,73.56037151702786,100.828
1790650039,766,12,steady,resnet50_image,134,134,133,133.64290912567927,133.64290912567927,187.183
1790650039,766,12,steady,vgg16_image,460,461,463,460.08224299065415,460.08224299065415,476.781
1790650039,766,12,steady,vit_base_image,73,73,74,73.56037151702786,73.56037151702786,100.828
1790650040,767,12,steady,resnet50_image,133,133,134,133.64290912567927,133.64290912567927,187.183
1790650040,767,12,steady,vgg16_image,460,460,448,460.08224299065415,460.08224299065415,476.781
1790650040,767,12,steady,vit_base_image,74,74,73,73.56037151702786,73.56037151702786,100.828
1790650041,768,12,steady,resnet50_image,134,134,133,133.64290912567927,133.64290912567927,187.183
1790650041,768,12,steady,vgg16_image,460,460,464,460.08224299065415,460.08224299065415,476.781
1790650041,768,12,steady,vit_base_image,73,73,73,73.56037151702786,73.56037151702786,100.828
1790650042,769,12,steady,resnet50_image,134,134,134,133.64290912567927,133.64290912567927,187.183
1790650042,769,12,steady,vgg16_image,460,460,463,460.08224299065415,460.08224299065415,476.781
1790650042,769,12,steady,vit_base_image,74,74,74,73.56037151702786,73.56037151702786,100.828
1790650043,770,12,steady,resnet50_image,133,133,134,133.64290912567927,133.64290912567927,187.183
1790650043,770,12,steady,vgg16_image,460,460,448,460.08224299065415,460.08224299065415,476.781
1790650043,770,12,steady,vit_base_image,73,73,74,73.56037151702786,73.56037151702786,100.828
1790650044,771,12,steady,resnet50_image,134,134,134,133.64290912567927,133.64290912567927,187.183
1790650044,771,12,steady,vgg16_image,461,460,469,460.08224299065415,460.08224299065415,476.781
1790650044,771,12,steady,vit_base_image,74,74,73,73.56037151702786,73.56037151702786,100.828
1790650045,772,12,steady,resnet50_image,134,133,133,133.64290912567927,133.64290912567927,187.183
1790650045,772,12,steady,vgg16_image,460,460,459,460.08224299065415,460.08224299065415,476.781
1790650045,772,12,steady,vit_base_image,74,73,74,73.56037151702786,73.56037151702786,100.828
