t_utc,t_rel,live_round,window,workload,ledger_capacity_rps,commitment_or_target_rps
1790789083,0,,,resnet50_image,,
1790789083,0,,,vgg16_image,,
1790789083,0,,,vit_base_image,,
1790789083,0,,,gpt2_p64_o64,,
1790789083,0,,,gpt2_p512_o512,,
1790789083,0,,,llama_p1024_o128,,
1790789083,0,,,llama_p2048_o64,,
1790789084,1,2,transition,resnet50_image,,0.0
1790789084,1,2,transition,vgg16_image,,0.0
1790789084,1,2,transition,vit_base_image,,0.0
1790789084,1,2,transition,gpt2_p64_o64,,0.0
1790789084,1,2,transition,gpt2_p512_o512,,0.0
1790789084,1,2,transition,llama_p1024_o128,,0.0
1790789084,1,2,transition,llama_p2048_o64,,0.0
1790789085,2,2,transition,resnet50_image,,0.0
1790789085,2,2,transition,vgg16_image,,0.0
1790789085,2,2,transition,vit_base_image,,0.0
1790789085,2,2,transition,gpt2_p64_o64,,0.0
1790789085,2,2,transition,gpt2_p512_o512,,0.0
1790789085,2,2,transition,llama_p1024_o128,,0.0
1790789085,2,2,transition,llama_p2048_o64,,0.0
1790789086,3,2,transition,resnet50_image,,0.0
1790789086,3,2,transition,vgg16_image,,0.0
1790789086,3,2,transition,vit_base_image,,0.0
1790789086,3,2,transition,gpt2_p64_o64,,0.0
1790789086,3,2,transition,gpt2_p512_o512,,0.0
1790789086,3,2,transition,llama_p1024_o128,,0.0
1790789086,3,2,transition,llama_p2048_o64,,0.0
1790789087,4,2,transition,resnet50_image,,0.0
1790789087,4,2,transition,vgg16_image,,0.0
1790789087,4,2,transition,vit_base_image,,0.0
1790789087,4,2,transition,gpt2_p64_o64,,0.0
1790789087,4,2,transition,gpt2_p512_o512,,0.0
1790789087,4,2,transition,llama_p1024_o128,,0.0
1790789087,4,2,transition,llama_p2048_o64,,0.0
1790789088,5,2,transition,resnet50_image,,0.0
1790789088,5,2,transition,vgg16_image,,0.0
1790789088,5,2,transition,vit_base_image,,0.0
1790789088,5,2,transition,gpt2_p64_o64,,0.0
1790789088,5,2,transition,gpt2_p512_o512,,0.0
1790789088,5,2,transition,llama_p1024_o128,,0.0
1790789088,5,2,transition,llama_p2048_o64,,0.0
1790789089,6,2,transition,resnet50_image,,0.0
1790789089,6,2,transition,vgg16_image,,0.0
1790789089,6,2,transition,vit_base_image,,0.0
1790789089,6,2,transition,gpt2_p64_o64,,0.0
1790789089,6,2,transition,gpt2_p512_o512,,0.0
1790789089,6,2,transition,llama_p1024_o128,,0.0
1790789089,6,2,transition,llama_p2048_o64,,0.0
1790789090,7,2,transition,resnet50_image,,0.0
1790789090,7,2,transition,vgg16_image,,0.0
1790789090,7,2,transition,vit_base_image,,0.0
1790789090,7,2,transition,gpt2_p64_o64,,0.0
1790789090,7,2,transition,gpt2_p512_o512,,0.0
1790789090,7,2,transition,llama_p1024_o128,,0.0
1790789090,7,2,transition,llama_p2048_o64,,0.0
1790789091,8,2,transition,resnet50_image,,0.0
1790789091,8,2,transition,vgg16_image,,0.0
1790789091,8,2,transition,vit_base_image,,0.0
1790789091,8,2,transition,gpt2_p64_o64,,0.0
1790789091,8,2,transition,gpt2_p512_o512,,0.0
1790789091,8,2,transition,llama_p1024_o128,,0.0
1790789091,8,2,transition,llama_p2048_o64,,0.0
1790789092,9,2,transition,resnet50_image,,0.0
1790789092,9,2,transition,vgg16_image,,0.0
1790789092,9,2,transition,vit_base_image,,0.0
1790789092,9,2,transition,gpt2_p64_o64,,0.0
1790789092,9,2,transition,gpt2_p512_o512,,0.0
1790789092,9,2,transition,llama_p1024_o128,,0.0
1790789092,9,2,transition,llama_p2048_o64,,0.0
1790789093,10,2,transition,resnet50_image,0,0.0
1790789093,10,2,transition,vgg16_image,0,0.0
1790789093,10,2,transition,vit_base_image,0,0.0
1790789093,10,2,transition,gpt2_p64_o64,0,0.0
1790789093,10,2,transition,gpt2_p512_o512,0,0.0
1790789093,10,2,transition,llama_p1024_o128,0,0.0
1790789093,10,2,transition,llama_p2048_o64,0,0.0
1790789094,11,2,transition,resnet50_image,0,0.0
1790789094,11,2,transition,vgg16_image,0,0.0
1790789094,11,2,transition,vit_base_image,0,0.0
1790789094,11,2,transition,gpt2_p64_o64,0,0.0
1790789094,11,2,transition,gpt2_p512_o512,0,0.0
1790789094,11,2,transition,llama_p1024_o128,0,0.0
1790789094,11,2,transition,llama_p2048_o64,0,0.0
1790789095,12,2,transition,resnet50_image,0,0.0
1790789095,12,2,transition,vgg16_image,0,0.0
1790789095,12,2,transition,vit_base_image,0,0.0
1790789095,12,2,transition,gpt2_p64_o64,0,0.0
1790789095,12,2,transition,gpt2_p512_o512,0,0.0
1790789095,12,2,transition,llama_p1024_o128,0,0.0
1790789095,12,2,transition,llama_p2048_o64,0,0.0
1790789096,13,2,transition,resnet50_image,0,0.0
1790789096,13,2,transition,vgg16_image,0,0.0
1790789096,13,2,transition,vit_base_image,0,0.0
1790789096,13,2,transition,gpt2_p64_o64,0,0.0
1790789096,13,2,transition,gpt2_p512_o512,0,0.0
1790789096,13,2,transition,llama_p1024_o128,0,0.0
1790789096,13,2,transition,llama_p2048_o64,0,0.0
1790789097,14,2,transition,resnet50_image,0,0.0
1790789097,14,2,transition,vgg16_image,0,0.0
1790789097,14,2,transition,vit_base_image,0,0.0
1790789097,14,2,transition,gpt2_p64_o64,0,0.0
1790789097,14,2,transition,gpt2_p512_o512,0,0.0
1790789097,14,2,transition,llama_p1024_o128,0,0.0
1790789097,14,2,transition,llama_p2048_o64,0,0.0
1790789098,15,2,transition,resnet50_image,0,0.0
1790789098,15,2,transition,vgg16_image,0,0.0
1790789098,15,2,transition,vit_base_image,0,0.0
1790789098,15,2,transition,gpt2_p64_o64,0,0.0
1790789098,15,2,transition,gpt2_p512_o512,0,0.0
1790789098,15,2,transition,llama_p1024_o128,0,0.0
1790789098,15,2,transition,llama_p2048_o64,0,0.0
1790789099,16,2,transition,resnet50_image,0,0.0
1790789099,16,2,transition,vgg16_image,0,0.0
1790789099,16,2,transition,vit_base_image,0,0.0
1790789099,16,2,transition,gpt2_p64_o64,0,0.0
1790789099,16,2,transition,gpt2_p512_o512,0,0.0
1790789099,16,2,transition,llama_p1024_o128,0,0.0
1790789099,16,2,transition,llama_p2048_o64,0,0.0
1790789100,17,2,transition,resnet50_image,0,0.0
1790789100,17,2,transition,vgg16_image,0,0.0
1790789100,17,2,transition,vit_base_image,0,0.0
1790789100,17,2,transition,gpt2_p64_o64,0,0.0
1790789100,17,2,transition,gpt2_p512_o512,0,0.0
1790789100,17,2,transition,llama_p1024_o128,0,0.0
1790789100,17,2,transition,llama_p2048_o64,0,0.0
1790789101,18,2,transition,resnet50_image,0,0.0
1790789101,18,2,transition,vgg16_image,0,0.0
1790789101,18,2,transition,vit_base_image,0,0.0
1790789101,18,2,transition,gpt2_p64_o64,0,0.0
1790789101,18,2,transition,gpt2_p512_o512,0,0.0
1790789101,18,2,transition,llama_p1024_o128,0,0.0
1790789101,18,2,transition,llama_p2048_o64,0,0.0
1790789102,19,2,transition,resnet50_image,0,0.0
1790789102,19,2,transition,vgg16_image,0,0.0
1790789102,19,2,transition,vit_base_image,0,0.0
1790789102,19,2,transition,gpt2_p64_o64,0,0.0
1790789102,19,2,transition,gpt2_p512_o512,0,0.0
1790789102,19,2,transition,llama_p1024_o128,0,0.0
1790789102,19,2,transition,llama_p2048_o64,0,0.0
1790789103,20,2,transition,resnet50_image,0,0.0
1790789103,20,2,transition,vgg16_image,0,0.0
1790789103,20,2,transition,vit_base_image,0,0.0
1790789103,20,2,transition,gpt2_p64_o64,0,0.0
1790789103,20,2,transition,gpt2_p512_o512,0,0.0
1790789103,20,2,transition,llama_p1024_o128,0,0.0
1790789103,20,2,transition,llama_p2048_o64,0,0.0
1790789104,21,2,transition,resnet50_image,0,0.0
1790789104,21,2,transition,vgg16_image,0,0.0
1790789104,21,2,transition,vit_base_image,0,0.0
1790789104,21,2,transition,gpt2_p64_o64,0,0.0
1790789104,21,2,transition,gpt2_p512_o512,0,0.0
1790789104,21,2,transition,llama_p1024_o128,0,0.0
1790789104,21,2,transition,llama_p2048_o64,0,0.0
1790789105,22,2,transition,resnet50_image,0,0.0
1790789105,22,2,transition,vgg16_image,0,0.0
1790789105,22,2,transition,vit_base_image,0,0.0
1790789105,22,2,transition,gpt2_p64_o64,0,0.0
1790789105,22,2,transition,gpt2_p512_o512,0,0.0
1790789105,22,2,transition,llama_p1024_o128,0,0.0
1790789105,22,2,transition,llama_p2048_o64,0,0.0
1790789106,23,2,transition,resnet50_image,0,0.0
1790789106,23,2,transition,vgg16_image,0,0.0
1790789106,23,2,transition,vit_base_image,0,0.0
1790789106,23,2,transition,gpt2_p64_o64,0,0.0
1790789106,23,2,transition,gpt2_p512_o512,0.163,0.0
1790789106,23,2,transition,llama_p1024_o128,0,0.0
1790789106,23,2,transition,llama_p2048_o64,0,0.0
1790789107,24,2,transition,resnet50_image,0,0.0
1790789107,24,2,transition,vgg16_image,0,0.0
1790789107,24,2,transition,vit_base_image,0,0.0
1790789107,24,2,transition,gpt2_p64_o64,0,0.0
1790789107,24,2,transition,gpt2_p512_o512,0.163,0.0
1790789107,24,2,transition,llama_p1024_o128,0,0.0
1790789107,24,2,transition,llama_p2048_o64,0,0.0
1790789108,25,2,transition,resnet50_image,0,0.0
1790789108,25,2,transition,vgg16_image,0,0.0
1790789108,25,2,transition,vit_base_image,0,0.0
1790789108,25,2,transition,gpt2_p64_o64,0,0.0
1790789108,25,2,transition,gpt2_p512_o512,0.163,0.0
1790789108,25,2,transition,llama_p1024_o128,0,0.0
1790789108,25,2,transition,llama_p2048_o64,0,0.0
1790789109,26,2,transition,resnet50_image,0,0.0
1790789109,26,2,transition,vgg16_image,0,0.0
1790789109,26,2,transition,vit_base_image,0,0.0
1790789109,26,2,transition,gpt2_p64_o64,0,0.0
1790789109,26,2,transition,gpt2_p512_o512,0.163,0.0
1790789109,26,2,transition,llama_p1024_o128,0,0.0
1790789109,26,2,transition,llama_p2048_o64,0,0.0
1790789110,27,2,transition,resnet50_image,0,0.0
1790789110,27,2,transition,vgg16_image,0,0.0
1790789110,27,2,transition,vit_base_image,0,0.0
1790789110,27,2,transition,gpt2_p64_o64,0,0.0
1790789110,27,2,transition,gpt2_p512_o512,0.163,0.0
1790789110,27,2,transition,llama_p1024_o128,0,0.0
1790789110,27,2,transition,llama_p2048_o64,0,0.0
1790789111,28,2,transition,resnet50_image,0,0.0
1790789111,28,2,transition,vgg16_image,0,0.0
1790789111,28,2,transition,vit_base_image,0,0.0
1790789111,28,2,transition,gpt2_p64_o64,0,0.0
1790789111,28,2,transition,gpt2_p512_o512,0.163,0.0
1790789111,28,2,transition,llama_p1024_o128,0,0.0
1790789111,28,2,transition,llama_p2048_o64,0,0.0
1790789112,29,2,transition,resnet50_image,370.33500000000004,0.0
1790789112,29,2,transition,vgg16_image,553.509,0.0
1790789112,29,2,transition,vit_base_image,0,0.0
1790789112,29,2,transition,gpt2_p64_o64,0,0.0
1790789112,29,2,transition,gpt2_p512_o512,0.163,0.0
1790789112,29,2,transition,llama_p1024_o128,0,0.0
1790789112,29,2,transition,llama_p2048_o64,0,0.0
1790789113,30,2,transition,resnet50_image,370.33500000000004,0.0
1790789113,30,2,transition,vgg16_image,553.509,0.0
1790789113,30,2,transition,vit_base_image,0,0.0
1790789113,30,2,transition,gpt2_p64_o64,0,0.0
1790789113,30,2,transition,gpt2_p512_o512,0.163,0.0
1790789113,30,2,transition,llama_p1024_o128,0,0.0
1790789113,30,2,transition,llama_p2048_o64,0,0.0
1790789114,31,2,transition,resnet50_image,370.33500000000004,0.0
1790789114,31,2,transition,vgg16_image,553.509,0.0
1790789114,31,2,transition,vit_base_image,131.391,0.0
1790789114,31,2,transition,gpt2_p64_o64,1.327,0.0
1790789114,31,2,transition,gpt2_p512_o512,0.326,0.0
1790789114,31,2,transition,llama_p1024_o128,0.732,0.0
1790789114,31,2,transition,llama_p2048_o64,0,0.0
1790789115,32,2,transition,resnet50_image,370.33500000000004,0.0
1790789115,32,2,transition,vgg16_image,553.509,0.0
1790789115,32,2,transition,vit_base_image,131.391,0.0
1790789115,32,2,transition,gpt2_p64_o64,1.327,0.0
1790789115,32,2,transition,gpt2_p512_o512,0.326,0.0
1790789115,32,2,transition,llama_p1024_o128,0.732,0.0
1790789115,32,2,transition,llama_p2048_o64,0,0.0
1790789116,33,2,transition,resnet50_image,370.33500000000004,0.0
1790789116,33,2,transition,vgg16_image,553.509,0.0
1790789116,33,2,transition,vit_base_image,131.391,0.0
1790789116,33,2,transition,gpt2_p64_o64,1.327,0.0
1790789116,33,2,transition,gpt2_p512_o512,0.326,0.0
1790789116,33,2,transition,llama_p1024_o128,0.732,0.0
1790789116,33,2,transition,llama_p2048_o64,0,0.0
1790789117,34,2,transition,resnet50_image,370.33500000000004,0.0
1790789117,34,2,transition,vgg16_image,553.509,0.0
1790789117,34,2,transition,vit_base_image,131.391,0.0
1790789117,34,2,transition,gpt2_p64_o64,1.327,0.0
1790789117,34,2,transition,gpt2_p512_o512,0.326,0.0
1790789117,34,2,transition,llama_p1024_o128,0.732,0.0
1790789117,34,2,transition,llama_p2048_o64,0,0.0
1790789118,35,2,transition,resnet50_image,370.33500000000004,0.0
1790789118,35,2,transition,vgg16_image,553.509,0.0
1790789118,35,2,transition,vit_base_image,131.391,0.0
1790789118,35,2,transition,gpt2_p64_o64,1.327,0.0
1790789118,35,2,transition,gpt2_p512_o512,0.326,0.0
1790789118,35,2,transition,llama_p1024_o128,0.732,0.0
1790789118,35,2,transition,llama_p2048_o64,0,0.0
1790789119,36,2,transition,resnet50_image,370.33500000000004,0.0
1790789119,36,2,transition,vgg16_image,553.509,0.0
1790789119,36,2,transition,vit_base_image,131.391,0.0
1790789119,36,2,transition,gpt2_p64_o64,1.327,0.0
1790789119,36,2,transition,gpt2_p512_o512,0.326,0.0
1790789119,36,2,transition,llama_p1024_o128,0.732,0.0
1790789119,36,2,transition,llama_p2048_o64,0,0.0
1790789120,37,2,steady,resnet50_image,370.33500000000004,214.84735642686016
1790789120,37,2,steady,vgg16_image,553.509,478.026168224299
1790789120,37,2,steady,vit_base_image,131.391,122.60061919504642
1790789120,37,2,steady,gpt2_p64_o64,1.327,0.232258064516129
1790789120,37,2,steady,gpt2_p512_o512,0.326,0.1706161137440758
1790789120,37,2,steady,llama_p1024_o128,0.732,0.5975103734439834
1790789120,37,2,steady,llama_p2048_o64,0.594,0.3591022443890275
1790789121,38,2,steady,resnet50_image,370.33500000000004,214.84735642686016
1790789121,38,2,steady,vgg16_image,553.509,478.026168224299
1790789121,38,2,steady,vit_base_image,131.391,122.60061919504642
1790789121,38,2,steady,gpt2_p64_o64,1.327,0.232258064516129
1790789121,38,2,steady,gpt2_p512_o512,0.326,0.1706161137440758
1790789121,38,2,steady,llama_p1024_o128,0.732,0.5975103734439834
1790789121,38,2,steady,llama_p2048_o64,0.594,0.3591022443890275
1790789122,39,2,steady,resnet50_image,370.33500000000004,214.84735642686016
1790789122,39,2,steady,vgg16_image,553.509,478.026168224299
1790789122,39,2,steady,vit_base_image,131.391,122.60061919504642
1790789122,39,2,steady,gpt2_p64_o64,1.327,0.232258064516129
1790789122,39,2,steady,gpt2_p512_o512,0.326,0.1706161137440758
1790789122,39,2,steady,llama_p1024_o128,0.732,0.5975103734439834
1790789122,39,2,steady,llama_p2048_o64,0.594,0.3591022443890275
1790789123,40,2,steady,resnet50_image,370.33500000000004,214.84735642686016
1790789123,40,2,steady,vgg16_image,553.509,478.026168224299
1790789123,40,2,steady,vit_base_image,131.391,122.60061919504642
1790789123,40,2,steady,gpt2_p64_o64,1.327,0.232258064516129
1790789123,40,2,steady,gpt2_p512_o512,0.326,0.1706161137440758
1790789123,40,2,steady,llama_p1024_o128,0.732,0.5975103734439834
1790789123,40,2,steady,llama_p2048_o64,0.594,0.3591022443890275
1790789124,41,2,steady,resnet50_image,370.33500000000004,214.84735642686016
1790789124,41,2,steady,vgg16_image,553.509,478.026168224299
1790789124,41,2,steady,vit_base_image,131.391,122.60061919504642
1790789124,41,2,steady,gpt2_p64_o64,1.327,0.232258064516129
1790789124,41,2,steady,gpt2_p512_o512,0.326,0.1706161137440758
1790789124,41,2,steady,llama_p1024_o128,0.732,0.5975103734439834
1790789124,41,2,steady,llama_p2048_o64,0.594,0.3591022443890275
1790789125,42,2,steady,resnet50_image,370.33500000000004,214.84735642686016
1790789125,42,2,steady,vgg16_image,553.509,478.026168224299
1790789125,42,2,steady,vit_base_image,131.391,122.60061919504642
1790789125,42,2,steady,gpt2_p64_o64,1.327,0.232258064516129
1790789125,42,2,steady,gpt2_p512_o512,0.326,0.1706161137440758
1790789125,42,2,steady,llama_p1024_o128,0.732,0.5975103734439834
1790789125,42,2,steady,llama_p2048_o64,0.594,0.3591022443890275
1790789126,43,2,steady,resnet50_image,370.33500000000004,214.84735642686016
1790789126,43,2,steady,vgg16_image,553.509,478.026168224299
1790789126,43,2,steady,vit_base_image,131.391,122.60061919504642
1790789126,43,2,steady,gpt2_p64_o64,1.327,0.232258064516129
1790789126,43,2,steady,gpt2_p512_o512,0.326,0.1706161137440758
1790789126,43,2,steady,llama_p1024_o128,0.732,0.5975103734439834
1790789126,43,2,steady,llama_p2048_o64,0.594,0.3591022443890275
1790789127,44,2,steady,resnet50_image,370.33500000000004,214.84735642686016
1790789127,44,2,steady,vgg16_image,553.509,478.026168224299
1790789127,44,2,steady,vit_base_image,131.391,122.60061919504642
1790789127,44,2,steady,gpt2_p64_o64,1.327,0.232258064516129
1790789127,44,2,steady,gpt2_p512_o512,0.326,0.1706161137440758
1790789127,44,2,steady,llama_p1024_o128,0.732,0.5975103734439834
1790789127,44,2,steady,llama_p2048_o64,0.594,0.3591022443890275
1790789128,45,2,steady,resnet50_image,370.33500000000004,214.84735642686016
1790789128,45,2,steady,vgg16_image,553.509,478.026168224299
1790789128,45,2,steady,vit_base_image,131.391,122.60061919504642
1790789128,45,2,steady,gpt2_p64_o64,1.327,0.232258064516129
1790789128,45,2,steady,gpt2_p512_o512,0.326,0.1706161137440758
1790789128,45,2,steady,llama_p1024_o128,0.732,0.5975103734439834
1790789128,45,2,steady,llama_p2048_o64,0.594,0.3591022443890275
1790789129,46,2,steady,resnet50_image,370.33500000000004,214.84735642686016
1790789129,46,2,steady,vgg16_image,553.509,478.026168224299
1790789129,46,2,steady,vit_base_image,131.391,122.60061919504642
1790789129,46,2,steady,gpt2_p64_o64,1.327,0.232258064516129
1790789129,46,2,steady,gpt2_p512_o512,0.326,0.1706161137440758
1790789129,46,2,steady,llama_p1024_o128,0.732,0.5975103734439834
1790789129,46,2,steady,llama_p2048_o64,0.594,0.3591022443890275
1790789130,47,2,steady,resnet50_image,370.33500000000004,214.84735642686016
1790789130,47,2,steady,vgg16_image,553.509,478.026168224299
1790789130,47,2,steady,vit_base_image,131.391,122.60061919504642
1790789130,47,2,steady,gpt2_p64_o64,1.327,0.232258064516129
1790789130,47,2,steady,gpt2_p512_o512,0.326,0.1706161137440758
1790789130,47,2,steady,llama_p1024_o128,0.732,0.5975103734439834
1790789130,47,2,steady,llama_p2048_o64,0.594,0.3591022443890275
1790789131,48,2,steady,resnet50_image,370.33500000000004,214.84735642686016
1790789131,48,2,steady,vgg16_image,553.509,478.026168224299
1790789131,48,2,steady,vit_base_image,131.391,122.60061919504642
1790789131,48,2,steady,gpt2_p64_o64,1.327,0.232258064516129
1790789131,48,2,steady,gpt2_p512_o512,0.326,0.1706161137440758
1790789131,48,2,steady,llama_p1024_o128,0.732,0.5975103734439834
1790789131,48,2,steady,llama_p2048_o64,0.594,0.3591022443890275
1790789132,49,2,steady,resnet50_image,370.33500000000004,214.84735642686016
1790789132,49,2,steady,vgg16_image,553.509,478.026168224299
1790789132,49,2,steady,vit_base_image,131.391,122.60061919504642
1790789132,49,2,steady,gpt2_p64_o64,1.327,0.232258064516129
1790789132,49,2,steady,gpt2_p512_o512,0.326,0.1706161137440758
1790789132,49,2,steady,llama_p1024_o128,0.732,0.5975103734439834
1790789132,49,2,steady,llama_p2048_o64,0.594,0.3591022443890275
1790789133,50,2,steady,resnet50_image,370.33500000000004,214.84735642686016
1790789133,50,2,steady,vgg16_image,553.509,478.026168224299
1790789133,50,2,steady,vit_base_image,131.391,122.60061919504642
1790789133,50,2,steady,gpt2_p64_o64,1.327,0.232258064516129
1790789133,50,2,steady,gpt2_p512_o512,0.326,0.1706161137440758
1790789133,50,2,steady,llama_p1024_o128,0.732,0.5975103734439834
1790789133,50,2,steady,llama_p2048_o64,0.594,0.3591022443890275
1790789134,51,2,steady,resnet50_image,370.33500000000004,214.84735642686016
1790789134,51,2,steady,vgg16_image,553.509,478.026168224299
1790789134,51,2,steady,vit_base_image,131.391,122.60061919504642
1790789134,51,2,steady,gpt2_p64_o64,1.327,0.232258064516129
1790789134,51,2,steady,gpt2_p512_o512,0.326,0.1706161137440758
1790789134,51,2,steady,llama_p1024_o128,0.732,0.5975103734439834
1790789134,51,2,steady,llama_p2048_o64,0.594,0.3591022443890275
1790789135,52,2,steady,resnet50_image,370.33500000000004,214.84735642686016
1790789135,52,2,steady,vgg16_image,553.509,478.026168224299
1790789135,52,2,steady,vit_base_image,131.391,122.60061919504642
1790789135,52,2,steady,gpt2_p64_o64,1.327,0.232258064516129
1790789135,52,2,steady,gpt2_p512_o512,0.326,0.1706161137440758
1790789135,52,2,steady,llama_p1024_o128,0.732,0.5975103734439834
1790789135,52,2,steady,llama_p2048_o64,0.594,0.3591022443890275
1790789136,53,2,steady,resnet50_image,370.33500000000004,214.84735642686016
1790789136,53,2,steady,vgg16_image,553.509,478.026168224299
1790789136,53,2,steady,vit_base_image,131.391,122.60061919504642
1790789136,53,2,steady,gpt2_p64_o64,1.327,0.232258064516129
1790789136,53,2,steady,gpt2_p512_o512,0.326,0.1706161137440758
1790789136,53,2,steady,llama_p1024_o128,0.732,0.5975103734439834
1790789136,53,2,steady,llama_p2048_o64,0.594,0.3591022443890275
1790789137,54,2,steady,resnet50_image,370.33500000000004,214.84735642686016
1790789137,54,2,steady,vgg16_image,553.509,478.026168224299
1790789137,54,2,steady,vit_base_image,131.391,122.60061919504642
1790789137,54,2,steady,gpt2_p64_o64,1.327,0.232258064516129
1790789137,54,2,steady,gpt2_p512_o512,0.326,0.1706161137440758
1790789137,54,2,steady,llama_p1024_o128,0.732,0.5975103734439834
1790789137,54,2,steady,llama_p2048_o64,0.594,0.3591022443890275
1790789138,55,2,steady,resnet50_image,370.33500000000004,214.84735642686016
1790789138,55,2,steady,vgg16_image,553.509,478.026168224299
1790789138,55,2,steady,vit_base_image,131.391,122.60061919504642
1790789138,55,2,steady,gpt2_p64_o64,1.327,0.232258064516129
1790789138,55,2,steady,gpt2_p512_o512,0.326,0.1706161137440758
1790789138,55,2,steady,llama_p1024_o128,0.732,0.5975103734439834
1790789138,55,2,steady,llama_p2048_o64,0.594,0.3591022443890275
1790789139,56,2,steady,resnet50_image,370.33500000000004,214.84735642686016
1790789139,56,2,steady,vgg16_image,553.509,478.026168224299
1790789139,56,2,steady,vit_base_image,131.391,122.60061919504642
1790789139,56,2,steady,gpt2_p64_o64,1.327,0.232258064516129
1790789139,56,2,steady,gpt2_p512_o512,0.326,0.1706161137440758
1790789139,56,2,steady,llama_p1024_o128,0.732,0.5975103734439834
1790789139,56,2,steady,llama_p2048_o64,0.594,0.3591022443890275
1790789140,57,2,steady,resnet50_image,370.33500000000004,214.84735642686016
1790789140,57,2,steady,vgg16_image,553.509,478.026168224299
1790789140,57,2,steady,vit_base_image,131.391,122.60061919504642
1790789140,57,2,steady,gpt2_p64_o64,1.327,0.232258064516129
1790789140,57,2,steady,gpt2_p512_o512,0.326,0.1706161137440758
1790789140,57,2,steady,llama_p1024_o128,0.732,0.5975103734439834
1790789140,57,2,steady,llama_p2048_o64,0.594,0.3591022443890275
1790789141,58,2,steady,resnet50_image,370.33500000000004,214.84735642686016
1790789141,58,2,steady,vgg16_image,553.509,478.026168224299
1790789141,58,2,steady,vit_base_image,131.391,122.60061919504642
1790789141,58,2,steady,gpt2_p64_o64,1.327,0.232258064516129
1790789141,58,2,steady,gpt2_p512_o512,0.326,0.1706161137440758
1790789141,58,2,steady,llama_p1024_o128,0.732,0.5975103734439834
1790789141,58,2,steady,llama_p2048_o64,0.594,0.3591022443890275
1790789142,59,2,steady,resnet50_image,370.33500000000004,214.84735642686016
1790789142,59,2,steady,vgg16_image,553.509,478.026168224299
1790789142,59,2,steady,vit_base_image,131.391,122.60061919504642
1790789142,59,2,steady,gpt2_p64_o64,1.327,0.232258064516129
1790789142,59,2,steady,gpt2_p512_o512,0.326,0.1706161137440758
1790789142,59,2,steady,llama_p1024_o128,0.732,0.5975103734439834
1790789142,59,2,steady,llama_p2048_o64,0.594,0.3591022443890275
1790789143,60,2,steady,resnet50_image,370.33500000000004,214.84735642686016
1790789143,60,2,steady,vgg16_image,553.509,478.026168224299
1790789143,60,2,steady,vit_base_image,131.391,122.60061919504642
1790789143,60,2,steady,gpt2_p64_o64,1.327,0.232258064516129
1790789143,60,2,steady,gpt2_p512_o512,0.326,0.1706161137440758
1790789143,60,2,steady,llama_p1024_o128,0.732,0.5975103734439834
1790789143,60,2,steady,llama_p2048_o64,0.594,0.3591022443890275
1790789144,61,2,steady,resnet50_image,370.33500000000004,214.84735642686016
1790789144,61,2,steady,vgg16_image,553.509,478.026168224299
1790789144,61,2,steady,vit_base_image,131.391,122.60061919504642
1790789144,61,2,steady,gpt2_p64_o64,1.327,0.232258064516129
1790789144,61,2,steady,gpt2_p512_o512,0.326,0.1706161137440758
1790789144,61,2,steady,llama_p1024_o128,0.732,0.5975103734439834
1790789144,61,2,steady,llama_p2048_o64,0.594,0.3591022443890275
1790789145,62,2,steady,resnet50_image,370.33500000000004,214.84735642686016
1790789145,62,2,steady,vgg16_image,553.509,478.026168224299
1790789145,62,2,steady,vit_base_image,131.391,122.60061919504642
1790789145,62,2,steady,gpt2_p64_o64,1.327,0.232258064516129
1790789145,62,2,steady,gpt2_p512_o512,0.326,0.1706161137440758
1790789145,62,2,steady,llama_p1024_o128,0.732,0.5975103734439834
1790789145,62,2,steady,llama_p2048_o64,0.594,0.3591022443890275
1790789146,63,2,steady,resnet50_image,370.33500000000004,214.84735642686016
1790789146,63,2,steady,vgg16_image,553.509,478.026168224299
1790789146,63,2,steady,vit_base_image,131.391,122.60061919504642
1790789146,63,2,steady,gpt2_p64_o64,1.327,0.232258064516129
1790789146,63,2,steady,gpt2_p512_o512,0.326,0.1706161137440758
1790789146,63,2,steady,llama_p1024_o128,0.732,0.5975103734439834
1790789146,63,2,steady,llama_p2048_o64,0.594,0.3591022443890275
1790789147,64,2,steady,resnet50_image,370.33500000000004,214.84735642686016
1790789147,64,2,steady,vgg16_image,553.509,478.026168224299
1790789147,64,2,steady,vit_base_image,131.391,122.60061919504642
1790789147,64,2,steady,gpt2_p64_o64,1.327,0.232258064516129
1790789147,64,2,steady,gpt2_p512_o512,0.326,0.1706161137440758
1790789147,64,2,steady,llama_p1024_o128,0.732,0.5975103734439834
1790789147,64,2,steady,llama_p2048_o64,0.594,0.3591022443890275
1790789148,65,2,steady,resnet50_image,370.33500000000004,214.84735642686016
1790789148,65,2,steady,vgg16_image,553.509,478.026168224299
1790789148,65,2,steady,vit_base_image,131.391,122.60061919504642
1790789148,65,2,steady,gpt2_p64_o64,1.327,0.232258064516129
1790789148,65,2,steady,gpt2_p512_o512,0.326,0.1706161137440758
1790789148,65,2,steady,llama_p1024_o128,0.732,0.5975103734439834
1790789148,65,2,steady,llama_p2048_o64,0.594,0.3591022443890275
1790789149,66,2,steady,resnet50_image,370.33500000000004,214.84735642686016
1790789149,66,2,steady,vgg16_image,553.509,478.026168224299
1790789149,66,2,steady,vit_base_image,131.391,122.60061919504642
1790789149,66,2,steady,gpt2_p64_o64,1.327,0.232258064516129
1790789149,66,2,steady,gpt2_p512_o512,0.326,0.1706161137440758
1790789149,66,2,steady,llama_p1024_o128,0.732,0.5975103734439834
1790789149,66,2,steady,llama_p2048_o64,0.594,0.3591022443890275
1790789150,67,,,resnet50_image,370.33500000000004,
1790789150,67,,,vgg16_image,553.509,
1790789150,67,,,vit_base_image,131.391,
1790789150,67,,,gpt2_p64_o64,1.327,
1790789150,67,,,gpt2_p512_o512,0.326,
1790789150,67,,,llama_p1024_o128,0.732,
1790789150,67,,,llama_p2048_o64,0.594,
1790789151,68,,,resnet50_image,370.33500000000004,
1790789151,68,,,vgg16_image,553.509,
1790789151,68,,,vit_base_image,131.391,
1790789151,68,,,gpt2_p64_o64,1.327,
1790789151,68,,,gpt2_p512_o512,0.326,
1790789151,68,,,llama_p1024_o128,0.732,
1790789151,68,,,llama_p2048_o64,0.594,
1790789152,69,,,resnet50_image,370.33500000000004,
1790789152,69,,,vgg16_image,553.509,
1790789152,69,,,vit_base_image,131.391,
1790789152,69,,,gpt2_p64_o64,1.327,
1790789152,69,,,gpt2_p512_o512,0.326,
1790789152,69,,,llama_p1024_o128,0.732,
1790789152,69,,,llama_p2048_o64,0.594,
1790789153,70,,,resnet50_image,370.33500000000004,
1790789153,70,,,vgg16_image,553.509,
1790789153,70,,,vit_base_image,131.391,
1790789153,70,,,gpt2_p64_o64,1.327,
1790789153,70,,,gpt2_p512_o512,0.326,
1790789153,70,,,llama_p1024_o128,0.732,
1790789153,70,,,llama_p2048_o64,0.594,
1790789154,71,,,resnet50_image,370.33500000000004,
1790789154,71,,,vgg16_image,553.509,
1790789154,71,,,vit_base_image,131.391,
1790789154,71,,,gpt2_p64_o64,1.327,
1790789154,71,,,gpt2_p512_o512,0.326,
1790789154,71,,,llama_p1024_o128,0.732,
1790789154,71,,,llama_p2048_o64,0.594,
1790789155,72,,,resnet50_image,370.33500000000004,
1790789155,72,,,vgg16_image,553.509,
1790789155,72,,,vit_base_image,131.391,
1790789155,72,,,gpt2_p64_o64,1.327,
1790789155,72,,,gpt2_p512_o512,0.326,
1790789155,72,,,llama_p1024_o128,0.732,
1790789155,72,,,llama_p2048_o64,0.594,
1790789156,73,,,resnet50_image,370.33500000000004,
1790789156,73,,,vgg16_image,553.509,
1790789156,73,,,vit_base_image,131.391,
1790789156,73,,,gpt2_p64_o64,1.327,
1790789156,73,,,gpt2_p512_o512,0.326,
1790789156,73,,,llama_p1024_o128,0.732,
1790789156,73,,,llama_p2048_o64,0.594,
1790789157,74,,,resnet50_image,370.33500000000004,
1790789157,74,,,vgg16_image,553.509,
1790789157,74,,,vit_base_image,131.391,
1790789157,74,,,gpt2_p64_o64,1.327,
1790789157,74,,,gpt2_p512_o512,0.326,
1790789157,74,,,llama_p1024_o128,0.732,
1790789157,74,,,llama_p2048_o64,0.594,
1790789158,75,,,resnet50_image,370.33500000000004,
1790789158,75,,,vgg16_image,553.509,
1790789158,75,,,vit_base_image,131.391,
1790789158,75,,,gpt2_p64_o64,1.327,
1790789158,75,,,gpt2_p512_o512,0.326,
1790789158,75,,,llama_p1024_o128,0.732,
1790789158,75,,,llama_p2048_o64,0.594,
1790789159,76,,,resnet50_image,370.33500000000004,
1790789159,76,,,vgg16_image,553.509,
1790789159,76,,,vit_base_image,131.391,
1790789159,76,,,gpt2_p64_o64,1.327,
1790789159,76,,,gpt2_p512_o512,0.326,
1790789159,76,,,llama_p1024_o128,0.732,
1790789159,76,,,llama_p2048_o64,0.594,
1790789160,77,,,resnet50_image,370.33500000000004,
1790789160,77,,,vgg16_image,553.509,
1790789160,77,,,vit_base_image,131.391,
1790789160,77,,,gpt2_p64_o64,1.327,
1790789160,77,,,gpt2_p512_o512,0.326,
1790789160,77,,,llama_p1024_o128,0.732,
1790789160,77,,,llama_p2048_o64,0.594,
1790789161,78,,,resnet50_image,370.33500000000004,
1790789161,78,,,vgg16_image,553.509,
1790789161,78,,,vit_base_image,131.391,
1790789161,78,,,gpt2_p64_o64,1.327,
1790789161,78,,,gpt2_p512_o512,0.326,
1790789161,78,,,llama_p1024_o128,0.732,
1790789161,78,,,llama_p2048_o64,0.594,
1790789162,79,,,resnet50_image,370.33500000000004,
1790789162,79,,,vgg16_image,553.509,
1790789162,79,,,vit_base_image,131.391,
1790789162,79,,,gpt2_p64_o64,1.327,
1790789162,79,,,gpt2_p512_o512,0.326,
1790789162,79,,,llama_p1024_o128,0.732,
1790789162,79,,,llama_p2048_o64,0.594,
1790789163,80,,,resnet50_image,370.33500000000004,
1790789163,80,,,vgg16_image,553.509,
1790789163,80,,,vit_base_image,131.391,
1790789163,80,,,gpt2_p64_o64,1.327,
1790789163,80,,,gpt2_p512_o512,0.326,
1790789163,80,,,llama_p1024_o128,0.732,
1790789163,80,,,llama_p2048_o64,0.594,
1790789164,81,,,resnet50_image,370.33500000000004,
1790789164,81,,,vgg16_image,553.509,
1790789164,81,,,vit_base_image,131.391,
1790789164,81,,,gpt2_p64_o64,1.327,
1790789164,81,,,gpt2_p512_o512,0.326,
1790789164,81,,,llama_p1024_o128,0.732,
1790789164,81,,,llama_p2048_o64,0.594,
1790789165,82,,,resnet50_image,370.33500000000004,
1790789165,82,,,vgg16_image,553.509,
1790789165,82,,,vit_base_image,131.391,
1790789165,82,,,gpt2_p64_o64,1.327,
1790789165,82,,,gpt2_p512_o512,0.326,
1790789165,82,,,llama_p1024_o128,0.732,
1790789165,82,,,llama_p2048_o64,0.594,
1790789166,83,,,resnet50_image,370.33500000000004,
1790789166,83,,,vgg16_image,553.509,
1790789166,83,,,vit_base_image,131.391,
1790789166,83,,,gpt2_p64_o64,1.327,
1790789166,83,,,gpt2_p512_o512,0.326,
1790789166,83,,,llama_p1024_o128,0.732,
1790789166,83,,,llama_p2048_o64,0.594,
1790789167,84,,,resnet50_image,370.33500000000004,
1790789167,84,,,vgg16_image,553.509,
1790789167,84,,,vit_base_image,131.391,
1790789167,84,,,gpt2_p64_o64,1.327,
1790789167,84,,,gpt2_p512_o512,0.326,
1790789167,84,,,llama_p1024_o128,0.732,
1790789167,84,,,llama_p2048_o64,0.594,
1790789168,85,,,resnet50_image,370.33500000000004,
1790789168,85,,,vgg16_image,553.509,
1790789168,85,,,vit_base_image,131.391,
1790789168,85,,,gpt2_p64_o64,1.327,
1790789168,85,,,gpt2_p512_o512,0.326,
1790789168,85,,,llama_p1024_o128,0.732,
1790789168,85,,,llama_p2048_o64,0.594,
1790789169,86,,,resnet50_image,370.33500000000004,
1790789169,86,,,vgg16_image,553.509,
1790789169,86,,,vit_base_image,131.391,
1790789169,86,,,gpt2_p64_o64,1.327,
1790789169,86,,,gpt2_p512_o512,0.326,
1790789169,86,,,llama_p1024_o128,0.732,
1790789169,86,,,llama_p2048_o64,0.594,
1790789170,87,,,resnet50_image,370.33500000000004,
1790789170,87,,,vgg16_image,553.509,
1790789170,87,,,vit_base_image,131.391,
1790789170,87,,,gpt2_p64_o64,1.327,
1790789170,87,,,gpt2_p512_o512,0.326,
1790789170,87,,,llama_p1024_o128,0.732,
1790789170,87,,,llama_p2048_o64,0.594,
1790789171,88,,,resnet50_image,370.33500000000004,
1790789171,88,,,vgg16_image,553.509,
1790789171,88,,,vit_base_image,131.391,
1790789171,88,,,gpt2_p64_o64,1.327,
1790789171,88,,,gpt2_p512_o512,0.326,
1790789171,88,,,llama_p1024_o128,0.732,
1790789171,88,,,llama_p2048_o64,0.594,
1790789172,89,,,resnet50_image,370.33500000000004,
1790789172,89,,,vgg16_image,553.509,
1790789172,89,,,vit_base_image,131.391,
1790789172,89,,,gpt2_p64_o64,1.327,
1790789172,89,,,gpt2_p512_o512,0.326,
1790789172,89,,,llama_p1024_o128,0.732,
1790789172,89,,,llama_p2048_o64,0.594,
1790789173,90,,,resnet50_image,370.33500000000004,
1790789173,90,,,vgg16_image,553.509,
1790789173,90,,,vit_base_image,131.391,
1790789173,90,,,gpt2_p64_o64,1.327,
1790789173,90,,,gpt2_p512_o512,0.326,
1790789173,90,,,llama_p1024_o128,0.732,
1790789173,90,,,llama_p2048_o64,0.594,
1790789174,91,3,transition,resnet50_image,370.33500000000004,214.69028786341497
1790789174,91,3,transition,vgg16_image,553.509,478.026168224299
1790789174,91,3,transition,vit_base_image,131.391,122.60061919504642
1790789174,91,3,transition,gpt2_p64_o64,1.327,0.0
1790789174,91,3,transition,gpt2_p512_o512,0.326,0.1706161137440758
1790789174,91,3,transition,llama_p1024_o128,0.732,0.5975103734439834
1790789174,91,3,transition,llama_p2048_o64,0.594,0.1795511221945137
1790789175,92,3,transition,resnet50_image,370.33500000000004,214.69028786341497
1790789175,92,3,transition,vgg16_image,553.509,478.026168224299
1790789175,92,3,transition,vit_base_image,131.391,122.60061919504642
1790789175,92,3,transition,gpt2_p64_o64,1.327,0.0
1790789175,92,3,transition,gpt2_p512_o512,0.326,0.1706161137440758
1790789175,92,3,transition,llama_p1024_o128,0.732,0.5975103734439834
1790789175,92,3,transition,llama_p2048_o64,0.594,0.1795511221945137
1790789176,93,3,transition,resnet50_image,370.33500000000004,214.69028786341497
1790789176,93,3,transition,vgg16_image,553.509,478.026168224299
1790789176,93,3,transition,vit_base_image,131.391,122.60061919504642
1790789176,93,3,transition,gpt2_p64_o64,1.327,0.0
1790789176,93,3,transition,gpt2_p512_o512,0.326,0.1706161137440758
1790789176,93,3,transition,llama_p1024_o128,0.732,0.5975103734439834
1790789176,93,3,transition,llama_p2048_o64,0.594,0.1795511221945137
1790789177,94,3,transition,resnet50_image,370.33500000000004,214.69028786341497
1790789177,94,3,transition,vgg16_image,553.509,478.026168224299
1790789177,94,3,transition,vit_base_image,131.391,122.60061919504642
1790789177,94,3,transition,gpt2_p64_o64,1.327,0.0
1790789177,94,3,transition,gpt2_p512_o512,0.326,0.1706161137440758
1790789177,94,3,transition,llama_p1024_o128,0.732,0.5975103734439834
1790789177,94,3,transition,llama_p2048_o64,0.594,0.1795511221945137
1790789178,95,3,transition,resnet50_image,370.33500000000004,214.69028786341497
1790789178,95,3,transition,vgg16_image,553.509,478.026168224299
1790789178,95,3,transition,vit_base_image,131.391,122.60061919504642
1790789178,95,3,transition,gpt2_p64_o64,1.327,0.0
1790789178,95,3,transition,gpt2_p512_o512,0.326,0.1706161137440758
1790789178,95,3,transition,llama_p1024_o128,0.732,0.5975103734439834
1790789178,95,3,transition,llama_p2048_o64,0.594,0.1795511221945137
1790789179,96,3,transition,resnet50_image,370.33500000000004,214.69028786341497
1790789179,96,3,transition,vgg16_image,553.509,478.026168224299
1790789179,96,3,transition,vit_base_image,131.391,122.60061919504642
1790789179,96,3,transition,gpt2_p64_o64,1.327,0.0
1790789179,96,3,transition,gpt2_p512_o512,0.326,0.1706161137440758
1790789179,96,3,transition,llama_p1024_o128,0.732,0.5975103734439834
1790789179,96,3,transition,llama_p2048_o64,0.594,0.1795511221945137
1790789180,97,3,transition,resnet50_image,370.33500000000004,214.69028786341497
1790789180,97,3,transition,vgg16_image,553.509,478.026168224299
1790789180,97,3,transition,vit_base_image,131.391,122.60061919504642
1790789180,97,3,transition,gpt2_p64_o64,1.327,0.0
1790789180,97,3,transition,gpt2_p512_o512,0.326,0.1706161137440758
1790789180,97,3,transition,llama_p1024_o128,0.732,0.5975103734439834
1790789180,97,3,transition,llama_p2048_o64,0.594,0.1795511221945137
1790789181,98,3,transition,resnet50_image,370.33500000000004,214.69028786341497
1790789181,98,3,transition,vgg16_image,553.509,478.026168224299
1790789181,98,3,transition,vit_base_image,131.391,122.60061919504642
1790789181,98,3,transition,gpt2_p64_o64,1.327,0.0
1790789181,98,3,transition,gpt2_p512_o512,0.326,0.1706161137440758
1790789181,98,3,transition,llama_p1024_o128,0.732,0.5975103734439834
1790789181,98,3,transition,llama_p2048_o64,0.594,0.1795511221945137
1790789182,99,3,transition,resnet50_image,370.33500000000004,214.69028786341497
1790789182,99,3,transition,vgg16_image,553.509,478.026168224299
1790789182,99,3,transition,vit_base_image,131.391,122.60061919504642
1790789182,99,3,transition,gpt2_p64_o64,1.327,0.0
1790789182,99,3,transition,gpt2_p512_o512,0.326,0.1706161137440758
1790789182,99,3,transition,llama_p1024_o128,0.732,0.5975103734439834
1790789182,99,3,transition,llama_p2048_o64,0.594,0.1795511221945137
1790789183,100,3,transition,resnet50_image,370.33500000000004,214.69028786341497
1790789183,100,3,transition,vgg16_image,553.509,478.026168224299
1790789183,100,3,transition,vit_base_image,131.391,122.60061919504642
1790789183,100,3,transition,gpt2_p64_o64,1.327,0.0
1790789183,100,3,transition,gpt2_p512_o512,0.326,0.1706161137440758
1790789183,100,3,transition,llama_p1024_o128,0.732,0.5975103734439834
1790789183,100,3,transition,llama_p2048_o64,0.594,0.1795511221945137
1790789184,101,3,transition,resnet50_image,370.33500000000004,214.69028786341497
1790789184,101,3,transition,vgg16_image,553.509,478.026168224299
1790789184,101,3,transition,vit_base_image,131.391,122.60061919504642
1790789184,101,3,transition,gpt2_p64_o64,1.327,0.0
1790789184,101,3,transition,gpt2_p512_o512,0.326,0.1706161137440758
1790789184,101,3,transition,llama_p1024_o128,0.732,0.5975103734439834
1790789184,101,3,transition,llama_p2048_o64,0.594,0.1795511221945137
1790789185,102,3,transition,resnet50_image,370.33500000000004,214.69028786341497
1790789185,102,3,transition,vgg16_image,553.509,478.026168224299
1790789185,102,3,transition,vit_base_image,131.391,122.60061919504642
1790789185,102,3,transition,gpt2_p64_o64,1.327,0.0
1790789185,102,3,transition,gpt2_p512_o512,0.326,0.1706161137440758
1790789185,102,3,transition,llama_p1024_o128,0.732,0.5975103734439834
1790789185,102,3,transition,llama_p2048_o64,0.594,0.1795511221945137
1790789186,103,3,transition,resnet50_image,370.33500000000004,214.69028786341497
1790789186,103,3,transition,vgg16_image,553.509,478.026168224299
1790789186,103,3,transition,vit_base_image,131.391,122.60061919504642
1790789186,103,3,transition,gpt2_p64_o64,1.327,0.0
1790789186,103,3,transition,gpt2_p512_o512,0.326,0.1706161137440758
1790789186,103,3,transition,llama_p1024_o128,0.732,0.5975103734439834
1790789186,103,3,transition,llama_p2048_o64,0.594,0.1795511221945137
1790789187,104,3,transition,resnet50_image,370.33500000000004,214.69028786341497
1790789187,104,3,transition,vgg16_image,553.509,478.026168224299
1790789187,104,3,transition,vit_base_image,131.391,122.60061919504642
1790789187,104,3,transition,gpt2_p64_o64,1.327,0.0
1790789187,104,3,transition,gpt2_p512_o512,0.326,0.1706161137440758
1790789187,104,3,transition,llama_p1024_o128,0.732,0.5975103734439834
1790789187,104,3,transition,llama_p2048_o64,0.594,0.1795511221945137
1790789188,105,3,transition,resnet50_image,370.33500000000004,214.69028786341497
1790789188,105,3,transition,vgg16_image,553.509,478.026168224299
1790789188,105,3,transition,vit_base_image,131.391,122.60061919504642
1790789188,105,3,transition,gpt2_p64_o64,1.327,0.0
1790789188,105,3,transition,gpt2_p512_o512,0.326,0.1706161137440758
1790789188,105,3,transition,llama_p1024_o128,0.732,0.5975103734439834
1790789188,105,3,transition,llama_p2048_o64,0.594,0.1795511221945137
1790789189,106,3,steady,resnet50_image,370.33500000000004,214.69028786341497
1790789189,106,3,steady,vgg16_image,553.509,507.4542056074765
1790789189,106,3,steady,vit_base_image,131.391,122.60061919504642
1790789189,106,3,steady,gpt2_p64_o64,1.327,0.0
1790789189,106,3,steady,gpt2_p512_o512,0.326,0.1706161137440758
1790789189,106,3,steady,llama_p1024_o128,0.732,0.5975103734439834
1790789189,106,3,steady,llama_p2048_o64,0.594,0.1795511221945137
1790789190,107,3,steady,resnet50_image,370.33500000000004,214.69028786341497
1790789190,107,3,steady,vgg16_image,553.509,507.4542056074765
1790789190,107,3,steady,vit_base_image,131.391,122.60061919504642
1790789190,107,3,steady,gpt2_p64_o64,1.327,0.0
1790789190,107,3,steady,gpt2_p512_o512,0.326,0.1706161137440758
1790789190,107,3,steady,llama_p1024_o128,0.732,0.5975103734439834
1790789190,107,3,steady,llama_p2048_o64,0.594,0.1795511221945137
1790789191,108,3,steady,resnet50_image,370.33500000000004,214.69028786341497
1790789191,108,3,steady,vgg16_image,553.509,507.4542056074765
1790789191,108,3,steady,vit_base_image,131.391,122.60061919504642
1790789191,108,3,steady,gpt2_p64_o64,1.327,0.0
1790789191,108,3,steady,gpt2_p512_o512,0.326,0.1706161137440758
1790789191,108,3,steady,llama_p1024_o128,0.732,0.5975103734439834
1790789191,108,3,steady,llama_p2048_o64,0.594,0.1795511221945137
1790789192,109,3,steady,resnet50_image,370.33500000000004,214.69028786341497
1790789192,109,3,steady,vgg16_image,553.509,507.4542056074765
1790789192,109,3,steady,vit_base_image,131.391,122.60061919504642
1790789192,109,3,steady,gpt2_p64_o64,1.327,0.0
1790789192,109,3,steady,gpt2_p512_o512,0.326,0.1706161137440758
1790789192,109,3,steady,llama_p1024_o128,0.732,0.5975103734439834
1790789192,109,3,steady,llama_p2048_o64,0.594,0.1795511221945137
1790789193,110,3,steady,resnet50_image,370.33500000000004,214.69028786341497
1790789193,110,3,steady,vgg16_image,553.509,507.4542056074765
1790789193,110,3,steady,vit_base_image,131.391,122.60061919504642
1790789193,110,3,steady,gpt2_p64_o64,1.327,0.0
1790789193,110,3,steady,gpt2_p512_o512,0.326,0.1706161137440758
1790789193,110,3,steady,llama_p1024_o128,0.732,0.5975103734439834
1790789193,110,3,steady,llama_p2048_o64,0.594,0.1795511221945137
1790789194,111,3,steady,resnet50_image,370.33500000000004,214.69028786341497
1790789194,111,3,steady,vgg16_image,553.509,507.4542056074765
1790789194,111,3,steady,vit_base_image,131.391,122.60061919504642
1790789194,111,3,steady,gpt2_p64_o64,1.327,0.0
1790789194,111,3,steady,gpt2_p512_o512,0.326,0.1706161137440758
1790789194,111,3,steady,llama_p1024_o128,0.732,0.5975103734439834
1790789194,111,3,steady,llama_p2048_o64,0.594,0.1795511221945137
1790789195,112,3,steady,resnet50_image,370.33500000000004,214.69028786341497
1790789195,112,3,steady,vgg16_image,553.509,507.4542056074765
1790789195,112,3,steady,vit_base_image,131.391,122.60061919504642
1790789195,112,3,steady,gpt2_p64_o64,1.327,0.0
1790789195,112,3,steady,gpt2_p512_o512,0.326,0.1706161137440758
1790789195,112,3,steady,llama_p1024_o128,0.732,0.5975103734439834
1790789195,112,3,steady,llama_p2048_o64,0.594,0.1795511221945137
1790789196,113,3,steady,resnet50_image,370.33500000000004,214.69028786341497
1790789196,113,3,steady,vgg16_image,553.509,507.4542056074765
1790789196,113,3,steady,vit_base_image,131.391,122.60061919504642
1790789196,113,3,steady,gpt2_p64_o64,1.327,0.0
1790789196,113,3,steady,gpt2_p512_o512,0.326,0.1706161137440758
1790789196,113,3,steady,llama_p1024_o128,0.732,0.5975103734439834
1790789196,113,3,steady,llama_p2048_o64,0.594,0.1795511221945137
1790789197,114,3,steady,resnet50_image,370.33500000000004,214.69028786341497
1790789197,114,3,steady,vgg16_image,553.509,507.4542056074765
1790789197,114,3,steady,vit_base_image,131.391,122.60061919504642
1790789197,114,3,steady,gpt2_p64_o64,1.327,0.0
1790789197,114,3,steady,gpt2_p512_o512,0.326,0.1706161137440758
1790789197,114,3,steady,llama_p1024_o128,0.732,0.5975103734439834
1790789197,114,3,steady,llama_p2048_o64,0.594,0.1795511221945137
1790789198,115,3,steady,resnet50_image,370.33500000000004,214.69028786341497
1790789198,115,3,steady,vgg16_image,553.509,507.4542056074765
1790789198,115,3,steady,vit_base_image,131.391,122.60061919504642
1790789198,115,3,steady,gpt2_p64_o64,1.327,0.0
1790789198,115,3,steady,gpt2_p512_o512,0.326,0.1706161137440758
1790789198,115,3,steady,llama_p1024_o128,0.732,0.5975103734439834
1790789198,115,3,steady,llama_p2048_o64,0.594,0.1795511221945137
1790789199,116,3,steady,resnet50_image,370.33500000000004,214.69028786341497
1790789199,116,3,steady,vgg16_image,553.509,507.4542056074765
1790789199,116,3,steady,vit_base_image,131.391,122.60061919504642
1790789199,116,3,steady,gpt2_p64_o64,1.327,0.0
1790789199,116,3,steady,gpt2_p512_o512,0.326,0.1706161137440758
1790789199,116,3,steady,llama_p1024_o128,0.732,0.5975103734439834
1790789199,116,3,steady,llama_p2048_o64,0.594,0.1795511221945137
1790789200,117,3,steady,resnet50_image,370.33500000000004,214.69028786341497
1790789200,117,3,steady,vgg16_image,553.509,507.4542056074765
1790789200,117,3,steady,vit_base_image,131.391,122.60061919504642
1790789200,117,3,steady,gpt2_p64_o64,1.327,0.0
1790789200,117,3,steady,gpt2_p512_o512,0.326,0.1706161137440758
1790789200,117,3,steady,llama_p1024_o128,0.732,0.5975103734439834
1790789200,117,3,steady,llama_p2048_o64,0.594,0.1795511221945137
1790789201,118,3,steady,resnet50_image,370.33500000000004,214.69028786341497
1790789201,118,3,steady,vgg16_image,553.509,507.4542056074765
1790789201,118,3,steady,vit_base_image,131.391,122.60061919504642
1790789201,118,3,steady,gpt2_p64_o64,1.327,0.0
1790789201,118,3,steady,gpt2_p512_o512,0.326,0.1706161137440758
1790789201,118,3,steady,llama_p1024_o128,0.732,0.5975103734439834
1790789201,118,3,steady,llama_p2048_o64,0.594,0.1795511221945137
1790789202,119,3,steady,resnet50_image,370.33500000000004,214.69028786341497
1790789202,119,3,steady,vgg16_image,553.509,507.4542056074765
1790789202,119,3,steady,vit_base_image,131.391,122.60061919504642
1790789202,119,3,steady,gpt2_p64_o64,1.327,0.0
1790789202,119,3,steady,gpt2_p512_o512,0.326,0.1706161137440758
1790789202,119,3,steady,llama_p1024_o128,0.732,0.5975103734439834
1790789202,119,3,steady,llama_p2048_o64,0.594,0.1795511221945137
1790789203,120,3,steady,resnet50_image,370.33500000000004,214.69028786341497
1790789203,120,3,steady,vgg16_image,553.509,507.4542056074765
1790789203,120,3,steady,vit_base_image,131.391,122.60061919504642
1790789203,120,3,steady,gpt2_p64_o64,1.327,0.0
1790789203,120,3,steady,gpt2_p512_o512,0.326,0.1706161137440758
1790789203,120,3,steady,llama_p1024_o128,0.732,0.5975103734439834
1790789203,120,3,steady,llama_p2048_o64,0.594,0.1795511221945137
1790789204,121,3,steady,resnet50_image,370.33500000000004,214.69028786341497
1790789204,121,3,steady,vgg16_image,553.509,507.4542056074765
1790789204,121,3,steady,vit_base_image,131.391,122.60061919504642
1790789204,121,3,steady,gpt2_p64_o64,1.327,0.0
1790789204,121,3,steady,gpt2_p512_o512,0.326,0.1706161137440758
1790789204,121,3,steady,llama_p1024_o128,0.732,0.5975103734439834
1790789204,121,3,steady,llama_p2048_o64,0.594,0.1795511221945137
1790789205,122,3,steady,resnet50_image,370.33500000000004,214.69028786341497
1790789205,122,3,steady,vgg16_image,553.509,507.4542056074765
1790789205,122,3,steady,vit_base_image,131.391,122.60061919504642
1790789205,122,3,steady,gpt2_p64_o64,1.327,0.0
1790789205,122,3,steady,gpt2_p512_o512,0.326,0.1706161137440758
1790789205,122,3,steady,llama_p1024_o128,0.732,0.5975103734439834
1790789205,122,3,steady,llama_p2048_o64,0.594,0.1795511221945137
1790789206,123,3,steady,resnet50_image,370.33500000000004,214.69028786341497
1790789206,123,3,steady,vgg16_image,553.509,507.4542056074765
1790789206,123,3,steady,vit_base_image,131.391,122.60061919504642
1790789206,123,3,steady,gpt2_p64_o64,1.327,0.0
1790789206,123,3,steady,gpt2_p512_o512,0.326,0.1706161137440758
1790789206,123,3,steady,llama_p1024_o128,0.732,0.5975103734439834
1790789206,123,3,steady,llama_p2048_o64,0.594,0.1795511221945137
1790789207,124,3,steady,resnet50_image,370.33500000000004,214.69028786341497
1790789207,124,3,steady,vgg16_image,553.509,507.4542056074765
1790789207,124,3,steady,vit_base_image,131.391,122.60061919504642
1790789207,124,3,steady,gpt2_p64_o64,1.327,0.0
1790789207,124,3,steady,gpt2_p512_o512,0.326,0.1706161137440758
1790789207,124,3,steady,llama_p1024_o128,0.732,0.5975103734439834
1790789207,124,3,steady,llama_p2048_o64,0.594,0.1795511221945137
1790789208,125,3,steady,resnet50_image,370.33500000000004,214.69028786341497
1790789208,125,3,steady,vgg16_image,553.509,507.4542056074765
1790789208,125,3,steady,vit_base_image,131.391,122.60061919504642
1790789208,125,3,steady,gpt2_p64_o64,1.327,0.0
1790789208,125,3,steady,gpt2_p512_o512,0.326,0.1706161137440758
1790789208,125,3,steady,llama_p1024_o128,0.732,0.5975103734439834
1790789208,125,3,steady,llama_p2048_o64,0.594,0.1795511221945137
1790789209,126,3,steady,resnet50_image,370.33500000000004,214.69028786341497
1790789209,126,3,steady,vgg16_image,553.509,507.4542056074765
1790789209,126,3,steady,vit_base_image,131.391,122.60061919504642
1790789209,126,3,steady,gpt2_p64_o64,1.327,0.0
1790789209,126,3,steady,gpt2_p512_o512,0.326,0.1706161137440758
1790789209,126,3,steady,llama_p1024_o128,0.732,0.5975103734439834
1790789209,126,3,steady,llama_p2048_o64,0.594,0.1795511221945137
1790789210,127,3,steady,resnet50_image,370.33500000000004,214.69028786341497
1790789210,127,3,steady,vgg16_image,553.509,507.4542056074765
1790789210,127,3,steady,vit_base_image,131.391,122.60061919504642
1790789210,127,3,steady,gpt2_p64_o64,1.327,0.0
1790789210,127,3,steady,gpt2_p512_o512,0.326,0.1706161137440758
1790789210,127,3,steady,llama_p1024_o128,0.732,0.5975103734439834
1790789210,127,3,steady,llama_p2048_o64,0.594,0.1795511221945137
1790789211,128,3,steady,resnet50_image,370.33500000000004,214.69028786341497
1790789211,128,3,steady,vgg16_image,553.509,507.4542056074765
1790789211,128,3,steady,vit_base_image,131.391,122.60061919504642
1790789211,128,3,steady,gpt2_p64_o64,1.327,0.0
1790789211,128,3,steady,gpt2_p512_o512,0.326,0.1706161137440758
1790789211,128,3,steady,llama_p1024_o128,0.732,0.5975103734439834
1790789211,128,3,steady,llama_p2048_o64,0.594,0.1795511221945137
1790789212,129,3,steady,resnet50_image,370.33500000000004,214.69028786341497
1790789212,129,3,steady,vgg16_image,553.509,507.4542056074765
1790789212,129,3,steady,vit_base_image,131.391,122.60061919504642
1790789212,129,3,steady,gpt2_p64_o64,1.327,0.0
1790789212,129,3,steady,gpt2_p512_o512,0.326,0.1706161137440758
1790789212,129,3,steady,llama_p1024_o128,0.732,0.5975103734439834
1790789212,129,3,steady,llama_p2048_o64,0.594,0.1795511221945137
1790789213,130,3,steady,resnet50_image,370.33500000000004,214.69028786341497
1790789213,130,3,steady,vgg16_image,553.509,507.4542056074765
1790789213,130,3,steady,vit_base_image,131.391,122.60061919504642
1790789213,130,3,steady,gpt2_p64_o64,1.327,0.0
1790789213,130,3,steady,gpt2_p512_o512,0.326,0.1706161137440758
1790789213,130,3,steady,llama_p1024_o128,0.732,0.5975103734439834
1790789213,130,3,steady,llama_p2048_o64,0.594,0.1795511221945137
1790789214,131,3,steady,resnet50_image,370.33500000000004,214.69028786341497
1790789214,131,3,steady,vgg16_image,553.509,507.4542056074765
1790789214,131,3,steady,vit_base_image,131.391,122.60061919504642
1790789214,131,3,steady,gpt2_p64_o64,1.327,0.0
1790789214,131,3,steady,gpt2_p512_o512,0.326,0.1706161137440758
1790789214,131,3,steady,llama_p1024_o128,0.732,0.5975103734439834
1790789214,131,3,steady,llama_p2048_o64,0.594,0.1795511221945137
1790789215,132,3,steady,resnet50_image,370.33500000000004,214.69028786341497
1790789215,132,3,steady,vgg16_image,553.509,507.4542056074765
1790789215,132,3,steady,vit_base_image,131.391,122.60061919504642
1790789215,132,3,steady,gpt2_p64_o64,1.327,0.0
1790789215,132,3,steady,gpt2_p512_o512,0.326,0.1706161137440758
1790789215,132,3,steady,llama_p1024_o128,0.732,0.5975103734439834
1790789215,132,3,steady,llama_p2048_o64,0.594,0.1795511221945137
1790789216,133,3,steady,resnet50_image,370.33500000000004,214.69028786341497
1790789216,133,3,steady,vgg16_image,553.509,507.4542056074765
1790789216,133,3,steady,vit_base_image,131.391,122.60061919504642
1790789216,133,3,steady,gpt2_p64_o64,1.327,0.0
1790789216,133,3,steady,gpt2_p512_o512,0.326,0.1706161137440758
1790789216,133,3,steady,llama_p1024_o128,0.732,0.5975103734439834
1790789216,133,3,steady,llama_p2048_o64,0.594,0.1795511221945137
1790789217,134,3,steady,resnet50_image,370.33500000000004,214.69028786341497
1790789217,134,3,steady,vgg16_image,553.509,507.4542056074765
1790789217,134,3,steady,vit_base_image,131.391,122.60061919504642
1790789217,134,3,steady,gpt2_p64_o64,1.327,0.0
1790789217,134,3,steady,gpt2_p512_o512,0.326,0.1706161137440758
1790789217,134,3,steady,llama_p1024_o128,0.732,0.5975103734439834
1790789217,134,3,steady,llama_p2048_o64,0.594,0.1795511221945137
1790789218,135,3,steady,resnet50_image,370.33500000000004,214.69028786341497
1790789218,135,3,steady,vgg16_image,553.509,507.4542056074765
1790789218,135,3,steady,vit_base_image,131.391,122.60061919504642
1790789218,135,3,steady,gpt2_p64_o64,1.327,0.0
1790789218,135,3,steady,gpt2_p512_o512,0.326,0.1706161137440758
1790789218,135,3,steady,llama_p1024_o128,0.732,0.5975103734439834
1790789218,135,3,steady,llama_p2048_o64,0.594,0.1795511221945137
1790789219,136,,,resnet50_image,370.33500000000004,
1790789219,136,,,vgg16_image,553.509,
1790789219,136,,,vit_base_image,131.391,
1790789219,136,,,gpt2_p64_o64,1.327,
1790789219,136,,,gpt2_p512_o512,0.326,
1790789219,136,,,llama_p1024_o128,0.732,
1790789219,136,,,llama_p2048_o64,0.594,
1790789220,137,,,resnet50_image,370.33500000000004,
1790789220,137,,,vgg16_image,553.509,
1790789220,137,,,vit_base_image,131.391,
1790789220,137,,,gpt2_p64_o64,1.327,
1790789220,137,,,gpt2_p512_o512,0.326,
1790789220,137,,,llama_p1024_o128,0.732,
1790789220,137,,,llama_p2048_o64,0.594,
1790789221,138,,,resnet50_image,370.33500000000004,
1790789221,138,,,vgg16_image,553.509,
1790789221,138,,,vit_base_image,131.391,
1790789221,138,,,gpt2_p64_o64,1.327,
1790789221,138,,,gpt2_p512_o512,0.326,
1790789221,138,,,llama_p1024_o128,0.732,
1790789221,138,,,llama_p2048_o64,0.594,
1790789222,139,,,resnet50_image,370.33500000000004,
1790789222,139,,,vgg16_image,553.509,
1790789222,139,,,vit_base_image,131.391,
1790789222,139,,,gpt2_p64_o64,1.327,
1790789222,139,,,gpt2_p512_o512,0.326,
1790789222,139,,,llama_p1024_o128,0.732,
1790789222,139,,,llama_p2048_o64,0.594,
1790789223,140,,,resnet50_image,370.33500000000004,
1790789223,140,,,vgg16_image,553.509,
1790789223,140,,,vit_base_image,131.391,
1790789223,140,,,gpt2_p64_o64,1.327,
1790789223,140,,,gpt2_p512_o512,0.326,
1790789223,140,,,llama_p1024_o128,0.732,
1790789223,140,,,llama_p2048_o64,0.594,
1790789224,141,,,resnet50_image,370.33500000000004,
1790789224,141,,,vgg16_image,553.509,
1790789224,141,,,vit_base_image,131.391,
1790789224,141,,,gpt2_p64_o64,1.327,
1790789224,141,,,gpt2_p512_o512,0.326,
1790789224,141,,,llama_p1024_o128,0.732,
1790789224,141,,,llama_p2048_o64,0.594,
1790789225,142,,,resnet50_image,370.33500000000004,
1790789225,142,,,vgg16_image,553.509,
1790789225,142,,,vit_base_image,131.391,
1790789225,142,,,gpt2_p64_o64,1.327,
1790789225,142,,,gpt2_p512_o512,0.326,
1790789225,142,,,llama_p1024_o128,0.732,
1790789225,142,,,llama_p2048_o64,0.594,
1790789226,143,,,resnet50_image,370.33500000000004,
1790789226,143,,,vgg16_image,553.509,
1790789226,143,,,vit_base_image,131.391,
1790789226,143,,,gpt2_p64_o64,1.327,
1790789226,143,,,gpt2_p512_o512,0.326,
1790789226,143,,,llama_p1024_o128,0.732,
1790789226,143,,,llama_p2048_o64,0.594,
1790789227,144,,,resnet50_image,370.33500000000004,
1790789227,144,,,vgg16_image,553.509,
1790789227,144,,,vit_base_image,131.391,
1790789227,144,,,gpt2_p64_o64,1.327,
1790789227,144,,,gpt2_p512_o512,0.326,
1790789227,144,,,llama_p1024_o128,0.732,
1790789227,144,,,llama_p2048_o64,0.594,
1790789228,145,,,resnet50_image,370.33500000000004,
1790789228,145,,,vgg16_image,553.509,
1790789228,145,,,vit_base_image,131.391,
1790789228,145,,,gpt2_p64_o64,1.327,
1790789228,145,,,gpt2_p512_o512,0.326,
1790789228,145,,,llama_p1024_o128,0.732,
1790789228,145,,,llama_p2048_o64,0.594,
1790789229,146,,,resnet50_image,370.33500000000004,
1790789229,146,,,vgg16_image,553.509,
1790789229,146,,,vit_base_image,131.391,
1790789229,146,,,gpt2_p64_o64,1.327,
1790789229,146,,,gpt2_p512_o512,0.326,
1790789229,146,,,llama_p1024_o128,0.732,
1790789229,146,,,llama_p2048_o64,0.594,
1790789230,147,,,resnet50_image,370.33500000000004,
1790789230,147,,,vgg16_image,553.509,
1790789230,147,,,vit_base_image,131.391,
1790789230,147,,,gpt2_p64_o64,1.327,
1790789230,147,,,gpt2_p512_o512,0.326,
1790789230,147,,,llama_p1024_o128,0.732,
1790789230,147,,,llama_p2048_o64,0.594,
1790789231,148,,,resnet50_image,370.33500000000004,
1790789231,148,,,vgg16_image,553.509,
1790789231,148,,,vit_base_image,131.391,
1790789231,148,,,gpt2_p64_o64,1.327,
1790789231,148,,,gpt2_p512_o512,0.326,
1790789231,148,,,llama_p1024_o128,0.732,
1790789231,148,,,llama_p2048_o64,0.594,
1790789232,149,,,resnet50_image,370.33500000000004,
1790789232,149,,,vgg16_image,553.509,
1790789232,149,,,vit_base_image,131.391,
1790789232,149,,,gpt2_p64_o64,1.327,
1790789232,149,,,gpt2_p512_o512,0.326,
1790789232,149,,,llama_p1024_o128,0.732,
1790789232,149,,,llama_p2048_o64,0.594,
1790789233,150,,,resnet50_image,370.33500000000004,
1790789233,150,,,vgg16_image,553.509,
1790789233,150,,,vit_base_image,131.391,
1790789233,150,,,gpt2_p64_o64,1.327,
1790789233,150,,,gpt2_p512_o512,0.326,
1790789233,150,,,llama_p1024_o128,0.732,
1790789233,150,,,llama_p2048_o64,0.594,
1790789234,151,,,resnet50_image,370.33500000000004,
1790789234,151,,,vgg16_image,553.509,
1790789234,151,,,vit_base_image,131.391,
1790789234,151,,,gpt2_p64_o64,1.327,
1790789234,151,,,gpt2_p512_o512,0.326,
1790789234,151,,,llama_p1024_o128,0.732,
1790789234,151,,,llama_p2048_o64,0.594,
1790789235,152,,,resnet50_image,370.33500000000004,
1790789235,152,,,vgg16_image,553.509,
1790789235,152,,,vit_base_image,131.391,
1790789235,152,,,gpt2_p64_o64,1.327,
1790789235,152,,,gpt2_p512_o512,0.326,
1790789235,152,,,llama_p1024_o128,0.732,
1790789235,152,,,llama_p2048_o64,0.594,
1790789236,153,,,resnet50_image,370.33500000000004,
1790789236,153,,,vgg16_image,553.509,
1790789236,153,,,vit_base_image,131.391,
1790789236,153,,,gpt2_p64_o64,1.327,
1790789236,153,,,gpt2_p512_o512,0.326,
1790789236,153,,,llama_p1024_o128,0.732,
1790789236,153,,,llama_p2048_o64,0.594,
1790789237,154,,,resnet50_image,370.33500000000004,
1790789237,154,,,vgg16_image,553.509,
1790789237,154,,,vit_base_image,131.391,
1790789237,154,,,gpt2_p64_o64,1.327,
1790789237,154,,,gpt2_p512_o512,0.326,
1790789237,154,,,llama_p1024_o128,0.732,
1790789237,154,,,llama_p2048_o64,0.594,
1790789238,155,,,resnet50_image,370.33500000000004,
1790789238,155,,,vgg16_image,553.509,
1790789238,155,,,vit_base_image,131.391,
1790789238,155,,,gpt2_p64_o64,1.327,
1790789238,155,,,gpt2_p512_o512,0.326,
1790789238,155,,,llama_p1024_o128,0.732,
1790789238,155,,,llama_p2048_o64,0.594,
1790789239,156,4,transition,resnet50_image,370.33500000000004,165.43807404023391
1790789239,156,4,transition,vgg16_image,553.509,461.5177570093458
1790789239,156,4,transition,vit_base_image,131.391,122.60061919504642
1790789239,156,4,transition,gpt2_p64_o64,1.327,0.0
1790789239,156,4,transition,gpt2_p512_o512,0.326,0.0853080568720379
1790789239,156,4,transition,llama_p1024_o128,0.732,0.0
1790789239,156,4,transition,llama_p2048_o64,0.594,0.1795511221945137
1790789240,157,4,transition,resnet50_image,370.33500000000004,165.43807404023391
1790789240,157,4,transition,vgg16_image,553.509,461.5177570093458
1790789240,157,4,transition,vit_base_image,131.391,122.60061919504642
1790789240,157,4,transition,gpt2_p64_o64,1.327,0.0
1790789240,157,4,transition,gpt2_p512_o512,0.326,0.0853080568720379
1790789240,157,4,transition,llama_p1024_o128,0.732,0.0
1790789240,157,4,transition,llama_p2048_o64,0.594,0.1795511221945137
1790789241,158,4,transition,resnet50_image,370.33500000000004,165.43807404023391
1790789241,158,4,transition,vgg16_image,553.509,461.5177570093458
1790789241,158,4,transition,vit_base_image,131.391,122.60061919504642
1790789241,158,4,transition,gpt2_p64_o64,1.327,0.0
1790789241,158,4,transition,gpt2_p512_o512,0.326,0.0853080568720379
1790789241,158,4,transition,llama_p1024_o128,0.732,0.0
1790789241,158,4,transition,llama_p2048_o64,0.594,0.1795511221945137
1790789242,159,4,transition,resnet50_image,370.33500000000004,165.43807404023391
1790789242,159,4,transition,vgg16_image,553.509,461.5177570093458
1790789242,159,4,transition,vit_base_image,131.391,122.60061919504642
1790789242,159,4,transition,gpt2_p64_o64,1.327,0.0
1790789242,159,4,transition,gpt2_p512_o512,0.326,0.0853080568720379
1790789242,159,4,transition,llama_p1024_o128,0.732,0.0
1790789242,159,4,transition,llama_p2048_o64,0.594,0.1795511221945137
1790789243,160,4,transition,resnet50_image,370.33500000000004,165.43807404023391
1790789243,160,4,transition,vgg16_image,553.509,461.5177570093458
1790789243,160,4,transition,vit_base_image,131.391,122.60061919504642
1790789243,160,4,transition,gpt2_p64_o64,1.327,0.0
1790789243,160,4,transition,gpt2_p512_o512,0.326,0.0853080568720379
1790789243,160,4,transition,llama_p1024_o128,0.732,0.0
1790789243,160,4,transition,llama_p2048_o64,0.594,0.1795511221945137
1790789244,161,4,transition,resnet50_image,370.33500000000004,165.43807404023391
1790789244,161,4,transition,vgg16_image,553.509,461.5177570093458
1790789244,161,4,transition,vit_base_image,131.391,122.60061919504642
1790789244,161,4,transition,gpt2_p64_o64,1.327,0.0
1790789244,161,4,transition,gpt2_p512_o512,0.326,0.0853080568720379
1790789244,161,4,transition,llama_p1024_o128,0.732,0.0
1790789244,161,4,transition,llama_p2048_o64,0.594,0.1795511221945137
1790789245,162,4,transition,resnet50_image,370.33500000000004,165.43807404023391
1790789245,162,4,transition,vgg16_image,553.509,461.5177570093458
1790789245,162,4,transition,vit_base_image,131.391,122.60061919504642
1790789245,162,4,transition,gpt2_p64_o64,1.327,0.0
1790789245,162,4,transition,gpt2_p512_o512,0.326,0.0853080568720379
1790789245,162,4,transition,llama_p1024_o128,0.732,0.0
1790789245,162,4,transition,llama_p2048_o64,0.594,0.1795511221945137
1790789246,163,4,transition,resnet50_image,370.33500000000004,165.43807404023391
1790789246,163,4,transition,vgg16_image,553.509,461.5177570093458
1790789246,163,4,transition,vit_base_image,131.391,122.60061919504642
1790789246,163,4,transition,gpt2_p64_o64,1.327,0.0
1790789246,163,4,transition,gpt2_p512_o512,0.326,0.0853080568720379
1790789246,163,4,transition,llama_p1024_o128,0.732,0.0
1790789246,163,4,transition,llama_p2048_o64,0.594,0.1795511221945137
1790789247,164,4,transition,resnet50_image,370.33500000000004,165.43807404023391
1790789247,164,4,transition,vgg16_image,553.509,461.5177570093458
1790789247,164,4,transition,vit_base_image,131.391,122.60061919504642
1790789247,164,4,transition,gpt2_p64_o64,1.327,0.0
1790789247,164,4,transition,gpt2_p512_o512,0.326,0.0853080568720379
1790789247,164,4,transition,llama_p1024_o128,0.732,0.0
1790789247,164,4,transition,llama_p2048_o64,0.594,0.1795511221945137
1790789248,165,4,transition,resnet50_image,370.33500000000004,165.43807404023391
1790789248,165,4,transition,vgg16_image,553.509,461.5177570093458
1790789248,165,4,transition,vit_base_image,131.391,122.60061919504642
1790789248,165,4,transition,gpt2_p64_o64,1.327,0.0
1790789248,165,4,transition,gpt2_p512_o512,0.163,0.0853080568720379
1790789248,165,4,transition,llama_p1024_o128,0,0.0
1790789248,165,4,transition,llama_p2048_o64,0.594,0.1795511221945137
1790789249,166,4,transition,resnet50_image,370.33500000000004,165.43807404023391
1790789249,166,4,transition,vgg16_image,553.509,461.5177570093458
1790789249,166,4,transition,vit_base_image,131.391,122.60061919504642
1790789249,166,4,transition,gpt2_p64_o64,1.327,0.0
1790789249,166,4,transition,gpt2_p512_o512,0.163,0.0853080568720379
1790789249,166,4,transition,llama_p1024_o128,0,0.0
1790789249,166,4,transition,llama_p2048_o64,0.594,0.1795511221945137
1790789250,167,4,transition,resnet50_image,370.33500000000004,165.43807404023391
1790789250,167,4,transition,vgg16_image,553.509,461.5177570093458
1790789250,167,4,transition,vit_base_image,131.391,122.60061919504642
1790789250,167,4,transition,gpt2_p64_o64,1.327,0.0
1790789250,167,4,transition,gpt2_p512_o512,0.163,0.0853080568720379
1790789250,167,4,transition,llama_p1024_o128,0,0.0
1790789250,167,4,transition,llama_p2048_o64,0.594,0.1795511221945137
1790789251,168,4,transition,resnet50_image,370.33500000000004,165.43807404023391
1790789251,168,4,transition,vgg16_image,553.509,461.5177570093458
1790789251,168,4,transition,vit_base_image,131.391,122.60061919504642
1790789251,168,4,transition,gpt2_p64_o64,1.327,0.0
1790789251,168,4,transition,gpt2_p512_o512,0.163,0.0853080568720379
1790789251,168,4,transition,llama_p1024_o128,0,0.0
1790789251,168,4,transition,llama_p2048_o64,0.594,0.1795511221945137
1790789252,169,4,transition,resnet50_image,370.33500000000004,165.43807404023391
1790789252,169,4,transition,vgg16_image,553.509,461.5177570093458
1790789252,169,4,transition,vit_base_image,131.391,122.60061919504642
1790789252,169,4,transition,gpt2_p64_o64,1.327,0.0
1790789252,169,4,transition,gpt2_p512_o512,0.163,0.0853080568720379
1790789252,169,4,transition,llama_p1024_o128,0,0.0
1790789252,169,4,transition,llama_p2048_o64,0.594,0.1795511221945137
1790789253,170,4,transition,resnet50_image,370.33500000000004,165.43807404023391
1790789253,170,4,transition,vgg16_image,553.509,461.5177570093458
1790789253,170,4,transition,vit_base_image,131.391,122.60061919504642
1790789253,170,4,transition,gpt2_p64_o64,1.327,0.0
1790789253,170,4,transition,gpt2_p512_o512,0.163,0.0853080568720379
1790789253,170,4,transition,llama_p1024_o128,0,0.0
1790789253,170,4,transition,llama_p2048_o64,0.594,0.1795511221945137
1790789254,171,4,steady,resnet50_image,370.33500000000004,165.43807404023391
1790789254,171,4,steady,vgg16_image,553.509,461.5177570093458
1790789254,171,4,steady,vit_base_image,131.391,122.60061919504642
1790789254,171,4,steady,gpt2_p64_o64,1.327,0.232258064516129
1790789254,171,4,steady,gpt2_p512_o512,0.163,0.0853080568720379
1790789254,171,4,steady,llama_p1024_o128,0,0.0
1790789254,171,4,steady,llama_p2048_o64,0.594,0.1795511221945137
1790789255,172,4,steady,resnet50_image,370.33500000000004,165.43807404023391
1790789255,172,4,steady,vgg16_image,553.509,461.5177570093458
1790789255,172,4,steady,vit_base_image,131.391,122.60061919504642
1790789255,172,4,steady,gpt2_p64_o64,1.327,0.232258064516129
1790789255,172,4,steady,gpt2_p512_o512,0.163,0.0853080568720379
1790789255,172,4,steady,llama_p1024_o128,0,0.0
1790789255,172,4,steady,llama_p2048_o64,0.594,0.1795511221945137
1790789256,173,4,steady,resnet50_image,370.33500000000004,165.43807404023391
1790789256,173,4,steady,vgg16_image,553.509,461.5177570093458
1790789256,173,4,steady,vit_base_image,131.391,122.60061919504642
1790789256,173,4,steady,gpt2_p64_o64,1.327,0.232258064516129
1790789256,173,4,steady,gpt2_p512_o512,0.163,0.0853080568720379
1790789256,173,4,steady,llama_p1024_o128,0,0.0
1790789256,173,4,steady,llama_p2048_o64,0.594,0.1795511221945137
1790789257,174,4,steady,resnet50_image,370.33500000000004,165.43807404023391
1790789257,174,4,steady,vgg16_image,553.509,461.5177570093458
1790789257,174,4,steady,vit_base_image,131.391,122.60061919504642
1790789257,174,4,steady,gpt2_p64_o64,1.327,0.232258064516129
1790789257,174,4,steady,gpt2_p512_o512,0.163,0.0853080568720379
1790789257,174,4,steady,llama_p1024_o128,0,0.0
1790789257,174,4,steady,llama_p2048_o64,0.594,0.1795511221945137
1790789258,175,4,steady,resnet50_image,370.33500000000004,165.43807404023391
1790789258,175,4,steady,vgg16_image,553.509,461.5177570093458
1790789258,175,4,steady,vit_base_image,131.391,122.60061919504642
1790789258,175,4,steady,gpt2_p64_o64,1.327,0.232258064516129
1790789258,175,4,steady,gpt2_p512_o512,0.163,0.0853080568720379
1790789258,175,4,steady,llama_p1024_o128,0,0.0
1790789258,175,4,steady,llama_p2048_o64,0.594,0.1795511221945137
1790789259,176,4,steady,resnet50_image,370.33500000000004,165.43807404023391
1790789259,176,4,steady,vgg16_image,553.509,461.5177570093458
1790789259,176,4,steady,vit_base_image,131.391,122.60061919504642
1790789259,176,4,steady,gpt2_p64_o64,1.327,0.232258064516129
1790789259,176,4,steady,gpt2_p512_o512,0.163,0.0853080568720379
1790789259,176,4,steady,llama_p1024_o128,0,0.0
1790789259,176,4,steady,llama_p2048_o64,0.594,0.1795511221945137
1790789260,177,4,steady,resnet50_image,370.33500000000004,165.43807404023391
1790789260,177,4,steady,vgg16_image,553.509,461.5177570093458
1790789260,177,4,steady,vit_base_image,131.391,122.60061919504642
1790789260,177,4,steady,gpt2_p64_o64,1.327,0.232258064516129
1790789260,177,4,steady,gpt2_p512_o512,0.163,0.0853080568720379
1790789260,177,4,steady,llama_p1024_o128,0,0.0
1790789260,177,4,steady,llama_p2048_o64,0.594,0.1795511221945137
1790789261,178,4,steady,resnet50_image,370.33500000000004,165.43807404023391
1790789261,178,4,steady,vgg16_image,553.509,461.5177570093458
1790789261,178,4,steady,vit_base_image,131.391,122.60061919504642
1790789261,178,4,steady,gpt2_p64_o64,1.327,0.232258064516129
1790789261,178,4,steady,gpt2_p512_o512,0.163,0.0853080568720379
1790789261,178,4,steady,llama_p1024_o128,0,0.0
1790789261,178,4,steady,llama_p2048_o64,0.594,0.1795511221945137
1790789262,179,4,steady,resnet50_image,370.33500000000004,165.43807404023391
1790789262,179,4,steady,vgg16_image,553.509,461.5177570093458
1790789262,179,4,steady,vit_base_image,131.391,122.60061919504642
1790789262,179,4,steady,gpt2_p64_o64,1.327,0.232258064516129
1790789262,179,4,steady,gpt2_p512_o512,0.163,0.0853080568720379
1790789262,179,4,steady,llama_p1024_o128,0,0.0
1790789262,179,4,steady,llama_p2048_o64,0.594,0.1795511221945137
1790789263,180,4,steady,resnet50_image,370.33500000000004,165.43807404023391
1790789263,180,4,steady,vgg16_image,553.509,461.5177570093458
1790789263,180,4,steady,vit_base_image,131.391,122.60061919504642
1790789263,180,4,steady,gpt2_p64_o64,1.327,0.232258064516129
1790789263,180,4,steady,gpt2_p512_o512,0.163,0.0853080568720379
1790789263,180,4,steady,llama_p1024_o128,0,0.0
1790789263,180,4,steady,llama_p2048_o64,0.594,0.1795511221945137
1790789264,181,4,steady,resnet50_image,370.33500000000004,165.43807404023391
1790789264,181,4,steady,vgg16_image,553.509,461.5177570093458
1790789264,181,4,steady,vit_base_image,131.391,122.60061919504642
1790789264,181,4,steady,gpt2_p64_o64,1.327,0.232258064516129
1790789264,181,4,steady,gpt2_p512_o512,0.163,0.0853080568720379
1790789264,181,4,steady,llama_p1024_o128,0,0.0
1790789264,181,4,steady,llama_p2048_o64,0.594,0.1795511221945137
1790789265,182,4,steady,resnet50_image,370.33500000000004,165.43807404023391
1790789265,182,4,steady,vgg16_image,553.509,461.5177570093458
1790789265,182,4,steady,vit_base_image,131.391,122.60061919504642
1790789265,182,4,steady,gpt2_p64_o64,1.327,0.232258064516129
1790789265,182,4,steady,gpt2_p512_o512,0.163,0.0853080568720379
1790789265,182,4,steady,llama_p1024_o128,0,0.0
1790789265,182,4,steady,llama_p2048_o64,0.594,0.1795511221945137
1790789266,183,4,steady,resnet50_image,370.33500000000004,165.43807404023391
1790789266,183,4,steady,vgg16_image,553.509,461.5177570093458
1790789266,183,4,steady,vit_base_image,131.391,122.60061919504642
1790789266,183,4,steady,gpt2_p64_o64,1.327,0.232258064516129
1790789266,183,4,steady,gpt2_p512_o512,0.163,0.0853080568720379
1790789266,183,4,steady,llama_p1024_o128,0,0.0
1790789266,183,4,steady,llama_p2048_o64,0.594,0.1795511221945137
1790789267,184,4,steady,resnet50_image,370.33500000000004,165.43807404023391
1790789267,184,4,steady,vgg16_image,553.509,461.5177570093458
1790789267,184,4,steady,vit_base_image,131.391,122.60061919504642
1790789267,184,4,steady,gpt2_p64_o64,1.327,0.232258064516129
1790789267,184,4,steady,gpt2_p512_o512,0.163,0.0853080568720379
1790789267,184,4,steady,llama_p1024_o128,0,0.0
1790789267,184,4,steady,llama_p2048_o64,0.594,0.1795511221945137
1790789268,185,4,steady,resnet50_image,370.33500000000004,165.43807404023391
1790789268,185,4,steady,vgg16_image,553.509,461.5177570093458
1790789268,185,4,steady,vit_base_image,131.391,122.60061919504642
1790789268,185,4,steady,gpt2_p64_o64,1.327,0.232258064516129
1790789268,185,4,steady,gpt2_p512_o512,0.163,0.0853080568720379
1790789268,185,4,steady,llama_p1024_o128,0,0.0
1790789268,185,4,steady,llama_p2048_o64,0.594,0.1795511221945137
1790789269,186,4,steady,resnet50_image,370.33500000000004,165.43807404023391
1790789269,186,4,steady,vgg16_image,553.509,461.5177570093458
1790789269,186,4,steady,vit_base_image,131.391,122.60061919504642
1790789269,186,4,steady,gpt2_p64_o64,1.327,0.232258064516129
1790789269,186,4,steady,gpt2_p512_o512,0.163,0.0853080568720379
1790789269,186,4,steady,llama_p1024_o128,0,0.0
1790789269,186,4,steady,llama_p2048_o64,0.594,0.1795511221945137
1790789270,187,4,steady,resnet50_image,370.33500000000004,165.43807404023391
1790789270,187,4,steady,vgg16_image,553.509,461.5177570093458
1790789270,187,4,steady,vit_base_image,131.391,122.60061919504642
1790789270,187,4,steady,gpt2_p64_o64,1.327,0.232258064516129
1790789270,187,4,steady,gpt2_p512_o512,0.163,0.0853080568720379
1790789270,187,4,steady,llama_p1024_o128,0,0.0
1790789270,187,4,steady,llama_p2048_o64,0.594,0.1795511221945137
1790789271,188,4,steady,resnet50_image,370.33500000000004,165.43807404023391
1790789271,188,4,steady,vgg16_image,553.509,461.5177570093458
1790789271,188,4,steady,vit_base_image,131.391,122.60061919504642
1790789271,188,4,steady,gpt2_p64_o64,1.327,0.232258064516129
1790789271,188,4,steady,gpt2_p512_o512,0.163,0.0853080568720379
1790789271,188,4,steady,llama_p1024_o128,0,0.0
1790789271,188,4,steady,llama_p2048_o64,0.594,0.1795511221945137
1790789272,189,4,steady,resnet50_image,370.33500000000004,165.43807404023391
1790789272,189,4,steady,vgg16_image,553.509,461.5177570093458
1790789272,189,4,steady,vit_base_image,131.391,122.60061919504642
1790789272,189,4,steady,gpt2_p64_o64,1.327,0.232258064516129
1790789272,189,4,steady,gpt2_p512_o512,0.163,0.0853080568720379
1790789272,189,4,steady,llama_p1024_o128,0,0.0
1790789272,189,4,steady,llama_p2048_o64,0.594,0.1795511221945137
1790789273,190,4,steady,resnet50_image,370.33500000000004,165.43807404023391
1790789273,190,4,steady,vgg16_image,553.509,461.5177570093458
1790789273,190,4,steady,vit_base_image,131.391,122.60061919504642
1790789273,190,4,steady,gpt2_p64_o64,1.327,0.232258064516129
1790789273,190,4,steady,gpt2_p512_o512,0.163,0.0853080568720379
1790789273,190,4,steady,llama_p1024_o128,0,0.0
1790789273,190,4,steady,llama_p2048_o64,0.594,0.1795511221945137
1790789274,191,4,steady,resnet50_image,370.33500000000004,165.43807404023391
1790789274,191,4,steady,vgg16_image,553.509,461.5177570093458
1790789274,191,4,steady,vit_base_image,131.391,122.60061919504642
1790789274,191,4,steady,gpt2_p64_o64,1.327,0.232258064516129
1790789274,191,4,steady,gpt2_p512_o512,0.163,0.0853080568720379
1790789274,191,4,steady,llama_p1024_o128,0,0.0
1790789274,191,4,steady,llama_p2048_o64,0.594,0.1795511221945137
1790789275,192,4,steady,resnet50_image,370.33500000000004,165.43807404023391
1790789275,192,4,steady,vgg16_image,553.509,461.5177570093458
1790789275,192,4,steady,vit_base_image,131.391,122.60061919504642
1790789275,192,4,steady,gpt2_p64_o64,1.327,0.232258064516129
1790789275,192,4,steady,gpt2_p512_o512,0.163,0.0853080568720379
1790789275,192,4,steady,llama_p1024_o128,0,0.0
1790789275,192,4,steady,llama_p2048_o64,0.594,0.1795511221945137
1790789276,193,4,steady,resnet50_image,370.33500000000004,165.43807404023391
1790789276,193,4,steady,vgg16_image,553.509,461.5177570093458
1790789276,193,4,steady,vit_base_image,131.391,122.60061919504642
1790789276,193,4,steady,gpt2_p64_o64,1.327,0.232258064516129
1790789276,193,4,steady,gpt2_p512_o512,0.163,0.0853080568720379
1790789276,193,4,steady,llama_p1024_o128,0,0.0
1790789276,193,4,steady,llama_p2048_o64,0.594,0.1795511221945137
1790789277,194,4,steady,resnet50_image,370.33500000000004,165.43807404023391
1790789277,194,4,steady,vgg16_image,553.509,461.5177570093458
1790789277,194,4,steady,vit_base_image,131.391,122.60061919504642
1790789277,194,4,steady,gpt2_p64_o64,1.327,0.232258064516129
1790789277,194,4,steady,gpt2_p512_o512,0.163,0.0853080568720379
1790789277,194,4,steady,llama_p1024_o128,0,0.0
1790789277,194,4,steady,llama_p2048_o64,0.594,0.1795511221945137
1790789278,195,4,steady,resnet50_image,370.33500000000004,165.43807404023391
1790789278,195,4,steady,vgg16_image,553.509,461.5177570093458
1790789278,195,4,steady,vit_base_image,131.391,122.60061919504642
1790789278,195,4,steady,gpt2_p64_o64,1.327,0.232258064516129
1790789278,195,4,steady,gpt2_p512_o512,0.163,0.0853080568720379
1790789278,195,4,steady,llama_p1024_o128,0,0.0
1790789278,195,4,steady,llama_p2048_o64,0.594,0.1795511221945137
1790789279,196,4,steady,resnet50_image,370.33500000000004,165.43807404023391
1790789279,196,4,steady,vgg16_image,553.509,461.5177570093458
1790789279,196,4,steady,vit_base_image,131.391,122.60061919504642
1790789279,196,4,steady,gpt2_p64_o64,1.327,0.232258064516129
1790789279,196,4,steady,gpt2_p512_o512,0.163,0.0853080568720379
1790789279,196,4,steady,llama_p1024_o128,0,0.0
1790789279,196,4,steady,llama_p2048_o64,0.594,0.1795511221945137
1790789280,197,4,steady,resnet50_image,370.33500000000004,165.43807404023391
1790789280,197,4,steady,vgg16_image,553.509,461.5177570093458
1790789280,197,4,steady,vit_base_image,131.391,122.60061919504642
1790789280,197,4,steady,gpt2_p64_o64,1.327,0.232258064516129
1790789280,197,4,steady,gpt2_p512_o512,0.163,0.0853080568720379
1790789280,197,4,steady,llama_p1024_o128,0,0.0
1790789280,197,4,steady,llama_p2048_o64,0.594,0.1795511221945137
1790789281,198,4,steady,resnet50_image,370.33500000000004,165.43807404023391
1790789281,198,4,steady,vgg16_image,553.509,461.5177570093458
1790789281,198,4,steady,vit_base_image,131.391,122.60061919504642
1790789281,198,4,steady,gpt2_p64_o64,1.327,0.232258064516129
1790789281,198,4,steady,gpt2_p512_o512,0.163,0.0853080568720379
1790789281,198,4,steady,llama_p1024_o128,0,0.0
1790789281,198,4,steady,llama_p2048_o64,0.594,0.1795511221945137
1790789282,199,4,steady,resnet50_image,370.33500000000004,165.43807404023391
1790789282,199,4,steady,vgg16_image,553.509,461.5177570093458
1790789282,199,4,steady,vit_base_image,131.391,122.60061919504642
1790789282,199,4,steady,gpt2_p64_o64,1.327,0.232258064516129
1790789282,199,4,steady,gpt2_p512_o512,0.163,0.0853080568720379
1790789282,199,4,steady,llama_p1024_o128,0,0.0
1790789282,199,4,steady,llama_p2048_o64,0.594,0.1795511221945137
1790789283,200,4,steady,resnet50_image,370.33500000000004,165.43807404023391
1790789283,200,4,steady,vgg16_image,553.509,461.5177570093458
1790789283,200,4,steady,vit_base_image,131.391,122.60061919504642
1790789283,200,4,steady,gpt2_p64_o64,1.327,0.232258064516129
1790789283,200,4,steady,gpt2_p512_o512,0.163,0.0853080568720379
1790789283,200,4,steady,llama_p1024_o128,0,0.0
1790789283,200,4,steady,llama_p2048_o64,0.594,0.1795511221945137
1790789284,201,,,resnet50_image,370.33500000000004,
1790789284,201,,,vgg16_image,553.509,
1790789284,201,,,vit_base_image,131.391,
1790789284,201,,,gpt2_p64_o64,1.327,
1790789284,201,,,gpt2_p512_o512,0.163,
1790789284,201,,,llama_p1024_o128,0,
1790789284,201,,,llama_p2048_o64,0.594,
1790789285,202,,,resnet50_image,370.33500000000004,
1790789285,202,,,vgg16_image,553.509,
1790789285,202,,,vit_base_image,131.391,
1790789285,202,,,gpt2_p64_o64,1.327,
1790789285,202,,,gpt2_p512_o512,0.163,
1790789285,202,,,llama_p1024_o128,0,
1790789285,202,,,llama_p2048_o64,0.594,
1790789286,203,,,resnet50_image,370.33500000000004,
1790789286,203,,,vgg16_image,553.509,
1790789286,203,,,vit_base_image,131.391,
1790789286,203,,,gpt2_p64_o64,1.327,
1790789286,203,,,gpt2_p512_o512,0.163,
1790789286,203,,,llama_p1024_o128,0,
1790789286,203,,,llama_p2048_o64,0.594,
1790789287,204,,,resnet50_image,370.33500000000004,
1790789287,204,,,vgg16_image,553.509,
1790789287,204,,,vit_base_image,131.391,
1790789287,204,,,gpt2_p64_o64,1.327,
1790789287,204,,,gpt2_p512_o512,0.163,
1790789287,204,,,llama_p1024_o128,0,
1790789287,204,,,llama_p2048_o64,0.594,
1790789288,205,,,resnet50_image,370.33500000000004,
1790789288,205,,,vgg16_image,553.509,
1790789288,205,,,vit_base_image,131.391,
1790789288,205,,,gpt2_p64_o64,1.327,
1790789288,205,,,gpt2_p512_o512,0.163,
1790789288,205,,,llama_p1024_o128,0,
1790789288,205,,,llama_p2048_o64,0.594,
1790789289,206,,,resnet50_image,370.33500000000004,
1790789289,206,,,vgg16_image,553.509,
1790789289,206,,,vit_base_image,131.391,
1790789289,206,,,gpt2_p64_o64,1.327,
1790789289,206,,,gpt2_p512_o512,0.163,
1790789289,206,,,llama_p1024_o128,0,
1790789289,206,,,llama_p2048_o64,0.594,
1790789290,207,,,resnet50_image,370.33500000000004,
1790789290,207,,,vgg16_image,553.509,
1790789290,207,,,vit_base_image,131.391,
1790789290,207,,,gpt2_p64_o64,1.327,
1790789290,207,,,gpt2_p512_o512,0.163,
1790789290,207,,,llama_p1024_o128,0,
1790789290,207,,,llama_p2048_o64,0.594,
1790789291,208,,,resnet50_image,370.33500000000004,
1790789291,208,,,vgg16_image,553.509,
1790789291,208,,,vit_base_image,131.391,
1790789291,208,,,gpt2_p64_o64,1.327,
1790789291,208,,,gpt2_p512_o512,0.163,
1790789291,208,,,llama_p1024_o128,0,
1790789291,208,,,llama_p2048_o64,0.594,
1790789292,209,,,resnet50_image,370.33500000000004,
1790789292,209,,,vgg16_image,553.509,
1790789292,209,,,vit_base_image,131.391,
1790789292,209,,,gpt2_p64_o64,1.327,
1790789292,209,,,gpt2_p512_o512,0.163,
1790789292,209,,,llama_p1024_o128,0,
1790789292,209,,,llama_p2048_o64,0.594,
1790789293,210,,,resnet50_image,370.33500000000004,
1790789293,210,,,vgg16_image,553.509,
1790789293,210,,,vit_base_image,131.391,
1790789293,210,,,gpt2_p64_o64,1.327,
1790789293,210,,,gpt2_p512_o512,0.163,
1790789293,210,,,llama_p1024_o128,0,
1790789293,210,,,llama_p2048_o64,0.594,
1790789294,211,,,resnet50_image,370.33500000000004,
1790789294,211,,,vgg16_image,553.509,
1790789294,211,,,vit_base_image,131.391,
1790789294,211,,,gpt2_p64_o64,1.327,
1790789294,211,,,gpt2_p512_o512,0.163,
1790789294,211,,,llama_p1024_o128,0,
1790789294,211,,,llama_p2048_o64,0.594,
1790789295,212,,,resnet50_image,370.33500000000004,
1790789295,212,,,vgg16_image,553.509,
1790789295,212,,,vit_base_image,131.391,
1790789295,212,,,gpt2_p64_o64,1.327,
1790789295,212,,,gpt2_p512_o512,0.163,
1790789295,212,,,llama_p1024_o128,0,
1790789295,212,,,llama_p2048_o64,0.594,
1790789296,213,,,resnet50_image,370.33500000000004,
1790789296,213,,,vgg16_image,553.509,
1790789296,213,,,vit_base_image,131.391,
1790789296,213,,,gpt2_p64_o64,1.327,
1790789296,213,,,gpt2_p512_o512,0.163,
1790789296,213,,,llama_p1024_o128,0,
1790789296,213,,,llama_p2048_o64,0.594,
1790789297,214,5,transition,resnet50_image,370.33500000000004,91.3690271927075
1790789297,214,5,transition,vgg16_image,553.509,461.5177570093458
1790789297,214,5,transition,vit_base_image,131.391,122.60061919504642
1790789297,214,5,transition,gpt2_p64_o64,1.327,0.232258064516129
1790789297,214,5,transition,gpt2_p512_o512,0.163,0.0853080568720379
1790789297,214,5,transition,llama_p1024_o128,0,0.0
1790789297,214,5,transition,llama_p2048_o64,0.594,0.0
1790789298,215,5,transition,resnet50_image,370.33500000000004,91.3690271927075
1790789298,215,5,transition,vgg16_image,553.509,461.5177570093458
1790789298,215,5,transition,vit_base_image,131.391,122.60061919504642
1790789298,215,5,transition,gpt2_p64_o64,1.327,0.232258064516129
1790789298,215,5,transition,gpt2_p512_o512,0.163,0.0853080568720379
1790789298,215,5,transition,llama_p1024_o128,0,0.0
1790789298,215,5,transition,llama_p2048_o64,0.594,0.0
1790789299,216,5,transition,resnet50_image,370.33500000000004,91.3690271927075
1790789299,216,5,transition,vgg16_image,553.509,461.5177570093458
1790789299,216,5,transition,vit_base_image,131.391,122.60061919504642
1790789299,216,5,transition,gpt2_p64_o64,1.327,0.232258064516129
1790789299,216,5,transition,gpt2_p512_o512,0.163,0.0853080568720379
1790789299,216,5,transition,llama_p1024_o128,0,0.0
1790789299,216,5,transition,llama_p2048_o64,0.594,0.0
1790789300,217,5,transition,resnet50_image,370.33500000000004,91.3690271927075
1790789300,217,5,transition,vgg16_image,553.509,461.5177570093458
1790789300,217,5,transition,vit_base_image,131.391,122.60061919504642
1790789300,217,5,transition,gpt2_p64_o64,1.327,0.232258064516129
1790789300,217,5,transition,gpt2_p512_o512,0.163,0.0853080568720379
1790789300,217,5,transition,llama_p1024_o128,0,0.0
1790789300,217,5,transition,llama_p2048_o64,0.594,0.0
1790789301,218,5,transition,resnet50_image,370.33500000000004,91.3690271927075
1790789301,218,5,transition,vgg16_image,553.509,461.5177570093458
1790789301,218,5,transition,vit_base_image,131.391,122.60061919504642
1790789301,218,5,transition,gpt2_p64_o64,1.327,0.232258064516129
1790789301,218,5,transition,gpt2_p512_o512,0.163,0.0853080568720379
1790789301,218,5,transition,llama_p1024_o128,0,0.0
1790789301,218,5,transition,llama_p2048_o64,0.594,0.0
1790789302,219,5,transition,resnet50_image,370.33500000000004,91.3690271927075
1790789302,219,5,transition,vgg16_image,553.509,461.5177570093458
1790789302,219,5,transition,vit_base_image,131.391,122.60061919504642
1790789302,219,5,transition,gpt2_p64_o64,1.327,0.232258064516129
1790789302,219,5,transition,gpt2_p512_o512,0.163,0.0853080568720379
1790789302,219,5,transition,llama_p1024_o128,0,0.0
1790789302,219,5,transition,llama_p2048_o64,0.594,0.0
1790789303,220,5,transition,resnet50_image,370.33500000000004,91.3690271927075
1790789303,220,5,transition,vgg16_image,553.509,461.5177570093458
1790789303,220,5,transition,vit_base_image,131.391,122.60061919504642
1790789303,220,5,transition,gpt2_p64_o64,1.327,0.232258064516129
1790789303,220,5,transition,gpt2_p512_o512,0.163,0.0853080568720379
1790789303,220,5,transition,llama_p1024_o128,0,0.0
1790789303,220,5,transition,llama_p2048_o64,0.594,0.0
1790789304,221,5,transition,resnet50_image,370.33500000000004,91.3690271927075
1790789304,221,5,transition,vgg16_image,553.509,461.5177570093458
1790789304,221,5,transition,vit_base_image,131.391,122.60061919504642
1790789304,221,5,transition,gpt2_p64_o64,1.327,0.232258064516129
1790789304,221,5,transition,gpt2_p512_o512,0.163,0.0853080568720379
1790789304,221,5,transition,llama_p1024_o128,0,0.0
1790789304,221,5,transition,llama_p2048_o64,0.594,0.0
1790789305,222,5,transition,resnet50_image,370.33500000000004,91.3690271927075
1790789305,222,5,transition,vgg16_image,553.509,461.5177570093458
1790789305,222,5,transition,vit_base_image,131.391,122.60061919504642
1790789305,222,5,transition,gpt2_p64_o64,1.327,0.232258064516129
1790789305,222,5,transition,gpt2_p512_o512,0.163,0.0853080568720379
1790789305,222,5,transition,llama_p1024_o128,0,0.0
1790789305,222,5,transition,llama_p2048_o64,0.594,0.0
1790789306,223,5,transition,resnet50_image,370.33500000000004,91.3690271927075
1790789306,223,5,transition,vgg16_image,553.509,461.5177570093458
1790789306,223,5,transition,vit_base_image,131.391,122.60061919504642
1790789306,223,5,transition,gpt2_p64_o64,1.327,0.232258064516129
1790789306,223,5,transition,gpt2_p512_o512,0.163,0.0853080568720379
1790789306,223,5,transition,llama_p1024_o128,0,0.0
1790789306,223,5,transition,llama_p2048_o64,0.594,0.0
1790789307,224,5,transition,resnet50_image,370.33500000000004,91.3690271927075
1790789307,224,5,transition,vgg16_image,553.509,461.5177570093458
1790789307,224,5,transition,vit_base_image,131.391,122.60061919504642
1790789307,224,5,transition,gpt2_p64_o64,1.327,0.232258064516129
1790789307,224,5,transition,gpt2_p512_o512,0.163,0.0853080568720379
1790789307,224,5,transition,llama_p1024_o128,0,0.0
1790789307,224,5,transition,llama_p2048_o64,0.594,0.0
1790789308,225,5,steady,resnet50_image,370.33500000000004,91.3690271927075
1790789308,225,5,steady,vgg16_image,553.509,462.9532710280373
1790789308,225,5,steady,vit_base_image,131.391,122.60061919504642
1790789308,225,5,steady,gpt2_p64_o64,1.327,0.232258064516129
1790789308,225,5,steady,gpt2_p512_o512,0.163,0.0853080568720379
1790789308,225,5,steady,llama_p1024_o128,0,0.0
1790789308,225,5,steady,llama_p2048_o64,0.594,0.0
1790789309,226,5,steady,resnet50_image,370.33500000000004,91.3690271927075
1790789309,226,5,steady,vgg16_image,553.509,462.9532710280373
1790789309,226,5,steady,vit_base_image,131.391,122.60061919504642
1790789309,226,5,steady,gpt2_p64_o64,1.327,0.232258064516129
1790789309,226,5,steady,gpt2_p512_o512,0.163,0.0853080568720379
1790789309,226,5,steady,llama_p1024_o128,0,0.0
1790789309,226,5,steady,llama_p2048_o64,0.594,0.0
1790789310,227,5,steady,resnet50_image,370.33500000000004,91.3690271927075
1790789310,227,5,steady,vgg16_image,553.509,462.9532710280373
1790789310,227,5,steady,vit_base_image,131.391,122.60061919504642
1790789310,227,5,steady,gpt2_p64_o64,1.327,0.232258064516129
1790789310,227,5,steady,gpt2_p512_o512,0.163,0.0853080568720379
1790789310,227,5,steady,llama_p1024_o128,0,0.0
1790789310,227,5,steady,llama_p2048_o64,0.594,0.0
1790789311,228,5,steady,resnet50_image,370.33500000000004,91.3690271927075
1790789311,228,5,steady,vgg16_image,553.509,462.9532710280373
1790789311,228,5,steady,vit_base_image,131.391,122.60061919504642
1790789311,228,5,steady,gpt2_p64_o64,1.327,0.232258064516129
1790789311,228,5,steady,gpt2_p512_o512,0.163,0.0853080568720379
1790789311,228,5,steady,llama_p1024_o128,0,0.0
1790789311,228,5,steady,llama_p2048_o64,0.594,0.0
1790789312,229,5,steady,resnet50_image,370.33500000000004,91.3690271927075
1790789312,229,5,steady,vgg16_image,553.509,462.9532710280373
1790789312,229,5,steady,vit_base_image,131.391,122.60061919504642
1790789312,229,5,steady,gpt2_p64_o64,1.327,0.232258064516129
1790789312,229,5,steady,gpt2_p512_o512,0.163,0.0853080568720379
1790789312,229,5,steady,llama_p1024_o128,0,0.0
1790789312,229,5,steady,llama_p2048_o64,0.594,0.0
1790789313,230,5,steady,resnet50_image,370.33500000000004,91.3690271927075
1790789313,230,5,steady,vgg16_image,553.509,462.9532710280373
1790789313,230,5,steady,vit_base_image,131.391,122.60061919504642
1790789313,230,5,steady,gpt2_p64_o64,1.327,0.232258064516129
1790789313,230,5,steady,gpt2_p512_o512,0.163,0.0853080568720379
1790789313,230,5,steady,llama_p1024_o128,0,0.0
1790789313,230,5,steady,llama_p2048_o64,0.594,0.0
1790789314,231,5,steady,resnet50_image,370.33500000000004,91.3690271927075
1790789314,231,5,steady,vgg16_image,553.509,462.9532710280373
1790789314,231,5,steady,vit_base_image,131.391,122.60061919504642
1790789314,231,5,steady,gpt2_p64_o64,1.327,0.232258064516129
1790789314,231,5,steady,gpt2_p512_o512,0.163,0.0853080568720379
1790789314,231,5,steady,llama_p1024_o128,0,0.0
1790789314,231,5,steady,llama_p2048_o64,0.594,0.0
1790789315,232,5,steady,resnet50_image,370.33500000000004,91.3690271927075
1790789315,232,5,steady,vgg16_image,553.509,462.9532710280373
1790789315,232,5,steady,vit_base_image,131.391,122.60061919504642
1790789315,232,5,steady,gpt2_p64_o64,1.327,0.232258064516129
1790789315,232,5,steady,gpt2_p512_o512,0.163,0.0853080568720379
1790789315,232,5,steady,llama_p1024_o128,0,0.0
1790789315,232,5,steady,llama_p2048_o64,0.594,0.0
1790789316,233,5,steady,resnet50_image,370.33500000000004,91.3690271927075
1790789316,233,5,steady,vgg16_image,553.509,462.9532710280373
1790789316,233,5,steady,vit_base_image,131.391,122.60061919504642
1790789316,233,5,steady,gpt2_p64_o64,1.327,0.232258064516129
1790789316,233,5,steady,gpt2_p512_o512,0.163,0.0853080568720379
1790789316,233,5,steady,llama_p1024_o128,0,0.0
1790789316,233,5,steady,llama_p2048_o64,0.594,0.0
1790789317,234,5,steady,resnet50_image,370.33500000000004,91.3690271927075
1790789317,234,5,steady,vgg16_image,553.509,462.9532710280373
1790789317,234,5,steady,vit_base_image,131.391,122.60061919504642
1790789317,234,5,steady,gpt2_p64_o64,1.327,0.232258064516129
1790789317,234,5,steady,gpt2_p512_o512,0.163,0.0853080568720379
1790789317,234,5,steady,llama_p1024_o128,0,0.0
1790789317,234,5,steady,llama_p2048_o64,0.594,0.0
1790789318,235,5,steady,resnet50_image,370.33500000000004,91.3690271927075
1790789318,235,5,steady,vgg16_image,553.509,462.9532710280373
1790789318,235,5,steady,vit_base_image,131.391,122.60061919504642
1790789318,235,5,steady,gpt2_p64_o64,1.327,0.232258064516129
1790789318,235,5,steady,gpt2_p512_o512,0.163,0.0853080568720379
1790789318,235,5,steady,llama_p1024_o128,0,0.0
1790789318,235,5,steady,llama_p2048_o64,0.594,0.0
1790789319,236,5,steady,resnet50_image,370.33500000000004,91.3690271927075
1790789319,236,5,steady,vgg16_image,553.509,462.9532710280373
1790789319,236,5,steady,vit_base_image,131.391,122.60061919504642
1790789319,236,5,steady,gpt2_p64_o64,1.327,0.232258064516129
1790789319,236,5,steady,gpt2_p512_o512,0.163,0.0853080568720379
1790789319,236,5,steady,llama_p1024_o128,0,0.0
1790789319,236,5,steady,llama_p2048_o64,0.594,0.0
1790789320,237,5,steady,resnet50_image,370.33500000000004,91.3690271927075
1790789320,237,5,steady,vgg16_image,553.509,462.9532710280373
1790789320,237,5,steady,vit_base_image,131.391,122.60061919504642
1790789320,237,5,steady,gpt2_p64_o64,1.327,0.232258064516129
1790789320,237,5,steady,gpt2_p512_o512,0.163,0.0853080568720379
1790789320,237,5,steady,llama_p1024_o128,0,0.0
1790789320,237,5,steady,llama_p2048_o64,0.594,0.0
1790789321,238,5,steady,resnet50_image,370.33500000000004,91.3690271927075
1790789321,238,5,steady,vgg16_image,553.509,462.9532710280373
1790789321,238,5,steady,vit_base_image,131.391,122.60061919504642
1790789321,238,5,steady,gpt2_p64_o64,1.327,0.232258064516129
1790789321,238,5,steady,gpt2_p512_o512,0.163,0.0853080568720379
1790789321,238,5,steady,llama_p1024_o128,0,0.0
1790789321,238,5,steady,llama_p2048_o64,0.594,0.0
1790789322,239,5,steady,resnet50_image,370.33500000000004,91.3690271927075
1790789322,239,5,steady,vgg16_image,553.509,462.9532710280373
1790789322,239,5,steady,vit_base_image,131.391,122.60061919504642
1790789322,239,5,steady,gpt2_p64_o64,1.327,0.232258064516129
1790789322,239,5,steady,gpt2_p512_o512,0.163,0.0853080568720379
1790789322,239,5,steady,llama_p1024_o128,0,0.0
1790789322,239,5,steady,llama_p2048_o64,0.594,0.0
1790789323,240,5,steady,resnet50_image,370.33500000000004,91.3690271927075
1790789323,240,5,steady,vgg16_image,553.509,462.9532710280373
1790789323,240,5,steady,vit_base_image,131.391,122.60061919504642
1790789323,240,5,steady,gpt2_p64_o64,1.327,0.232258064516129
1790789323,240,5,steady,gpt2_p512_o512,0.163,0.0853080568720379
1790789323,240,5,steady,llama_p1024_o128,0,0.0
1790789323,240,5,steady,llama_p2048_o64,0.594,0.0
1790789324,241,5,steady,resnet50_image,370.33500000000004,91.3690271927075
1790789324,241,5,steady,vgg16_image,553.509,462.9532710280373
1790789324,241,5,steady,vit_base_image,131.391,122.60061919504642
1790789324,241,5,steady,gpt2_p64_o64,1.327,0.232258064516129
1790789324,241,5,steady,gpt2_p512_o512,0.163,0.0853080568720379
1790789324,241,5,steady,llama_p1024_o128,0,0.0
1790789324,241,5,steady,llama_p2048_o64,0.594,0.0
1790789325,242,5,steady,resnet50_image,370.33500000000004,91.3690271927075
1790789325,242,5,steady,vgg16_image,553.509,462.9532710280373
1790789325,242,5,steady,vit_base_image,131.391,122.60061919504642
1790789325,242,5,steady,gpt2_p64_o64,1.327,0.232258064516129
1790789325,242,5,steady,gpt2_p512_o512,0.163,0.0853080568720379
1790789325,242,5,steady,llama_p1024_o128,0,0.0
1790789325,242,5,steady,llama_p2048_o64,0.594,0.0
1790789326,243,5,steady,resnet50_image,370.33500000000004,91.3690271927075
1790789326,243,5,steady,vgg16_image,553.509,462.9532710280373
1790789326,243,5,steady,vit_base_image,131.391,122.60061919504642
1790789326,243,5,steady,gpt2_p64_o64,1.327,0.232258064516129
1790789326,243,5,steady,gpt2_p512_o512,0.163,0.0853080568720379
1790789326,243,5,steady,llama_p1024_o128,0,0.0
1790789326,243,5,steady,llama_p2048_o64,0.594,0.0
1790789327,244,5,steady,resnet50_image,370.33500000000004,91.3690271927075
1790789327,244,5,steady,vgg16_image,553.509,462.9532710280373
1790789327,244,5,steady,vit_base_image,131.391,122.60061919504642
1790789327,244,5,steady,gpt2_p64_o64,1.327,0.232258064516129
1790789327,244,5,steady,gpt2_p512_o512,0.163,0.0853080568720379
1790789327,244,5,steady,llama_p1024_o128,0,0.0
1790789327,244,5,steady,llama_p2048_o64,0.594,0.0
1790789328,245,5,steady,resnet50_image,370.33500000000004,91.3690271927075
1790789328,245,5,steady,vgg16_image,553.509,462.9532710280373
1790789328,245,5,steady,vit_base_image,131.391,122.60061919504642
1790789328,245,5,steady,gpt2_p64_o64,1.327,0.232258064516129
1790789328,245,5,steady,gpt2_p512_o512,0.163,0.0853080568720379
1790789328,245,5,steady,llama_p1024_o128,0,0.0
1790789328,245,5,steady,llama_p2048_o64,0.594,0.0
1790789329,246,5,steady,resnet50_image,370.33500000000004,91.3690271927075
1790789329,246,5,steady,vgg16_image,553.509,462.9532710280373
1790789329,246,5,steady,vit_base_image,131.391,122.60061919504642
1790789329,246,5,steady,gpt2_p64_o64,1.327,0.232258064516129
1790789329,246,5,steady,gpt2_p512_o512,0.163,0.0853080568720379
1790789329,246,5,steady,llama_p1024_o128,0,0.0
1790789329,246,5,steady,llama_p2048_o64,0.594,0.0
1790789330,247,5,steady,resnet50_image,370.33500000000004,91.3690271927075
1790789330,247,5,steady,vgg16_image,553.509,462.9532710280373
1790789330,247,5,steady,vit_base_image,131.391,122.60061919504642
1790789330,247,5,steady,gpt2_p64_o64,1.327,0.232258064516129
1790789330,247,5,steady,gpt2_p512_o512,0.163,0.0853080568720379
1790789330,247,5,steady,llama_p1024_o128,0,0.0
1790789330,247,5,steady,llama_p2048_o64,0.594,0.0
1790789331,248,5,steady,resnet50_image,370.33500000000004,91.3690271927075
1790789331,248,5,steady,vgg16_image,553.509,462.9532710280373
1790789331,248,5,steady,vit_base_image,131.391,122.60061919504642
1790789331,248,5,steady,gpt2_p64_o64,1.327,0.232258064516129
1790789331,248,5,steady,gpt2_p512_o512,0.163,0.0853080568720379
1790789331,248,5,steady,llama_p1024_o128,0,0.0
1790789331,248,5,steady,llama_p2048_o64,0.594,0.0
1790789332,249,5,steady,resnet50_image,370.33500000000004,91.3690271927075
1790789332,249,5,steady,vgg16_image,553.509,462.9532710280373
1790789332,249,5,steady,vit_base_image,131.391,122.60061919504642
1790789332,249,5,steady,gpt2_p64_o64,1.327,0.232258064516129
1790789332,249,5,steady,gpt2_p512_o512,0.163,0.0853080568720379
1790789332,249,5,steady,llama_p1024_o128,0,0.0
1790789332,249,5,steady,llama_p2048_o64,0.594,0.0
1790789333,250,5,steady,resnet50_image,370.33500000000004,91.3690271927075
1790789333,250,5,steady,vgg16_image,553.509,462.9532710280373
1790789333,250,5,steady,vit_base_image,131.391,122.60061919504642
1790789333,250,5,steady,gpt2_p64_o64,1.327,0.232258064516129
1790789333,250,5,steady,gpt2_p512_o512,0.163,0.0853080568720379
1790789333,250,5,steady,llama_p1024_o128,0,0.0
1790789333,250,5,steady,llama_p2048_o64,0.594,0.0
1790789334,251,5,steady,resnet50_image,370.33500000000004,91.3690271927075
1790789334,251,5,steady,vgg16_image,553.509,462.9532710280373
1790789334,251,5,steady,vit_base_image,131.391,122.60061919504642
1790789334,251,5,steady,gpt2_p64_o64,1.327,0.232258064516129
1790789334,251,5,steady,gpt2_p512_o512,0.163,0.0853080568720379
1790789334,251,5,steady,llama_p1024_o128,0,0.0
1790789334,251,5,steady,llama_p2048_o64,0.594,0.0
1790789335,252,5,steady,resnet50_image,370.33500000000004,91.3690271927075
1790789335,252,5,steady,vgg16_image,553.509,462.9532710280373
1790789335,252,5,steady,vit_base_image,131.391,122.60061919504642
1790789335,252,5,steady,gpt2_p64_o64,1.327,0.232258064516129
1790789335,252,5,steady,gpt2_p512_o512,0.163,0.0853080568720379
1790789335,252,5,steady,llama_p1024_o128,0,0.0
1790789335,252,5,steady,llama_p2048_o64,0.594,0.0
1790789336,253,5,steady,resnet50_image,370.33500000000004,91.3690271927075
1790789336,253,5,steady,vgg16_image,553.509,462.9532710280373
1790789336,253,5,steady,vit_base_image,131.391,122.60061919504642
1790789336,253,5,steady,gpt2_p64_o64,1.327,0.232258064516129
1790789336,253,5,steady,gpt2_p512_o512,0.163,0.0853080568720379
1790789336,253,5,steady,llama_p1024_o128,0,0.0
1790789336,253,5,steady,llama_p2048_o64,0.594,0.0
1790789337,254,5,steady,resnet50_image,370.33500000000004,91.3690271927075
1790789337,254,5,steady,vgg16_image,553.509,462.9532710280373
1790789337,254,5,steady,vit_base_image,131.391,122.60061919504642
1790789337,254,5,steady,gpt2_p64_o64,1.327,0.232258064516129
1790789337,254,5,steady,gpt2_p512_o512,0.163,0.0853080568720379
1790789337,254,5,steady,llama_p1024_o128,0,0.0
1790789337,254,5,steady,llama_p2048_o64,0.594,0.0
1790789338,255,,,resnet50_image,370.33500000000004,
1790789338,255,,,vgg16_image,553.509,
1790789338,255,,,vit_base_image,131.391,
1790789338,255,,,gpt2_p64_o64,1.327,
1790789338,255,,,gpt2_p512_o512,0.163,
1790789338,255,,,llama_p1024_o128,0,
1790789338,255,,,llama_p2048_o64,0.594,
1790789339,256,,,resnet50_image,370.33500000000004,
1790789339,256,,,vgg16_image,553.509,
1790789339,256,,,vit_base_image,131.391,
1790789339,256,,,gpt2_p64_o64,1.327,
1790789339,256,,,gpt2_p512_o512,0.163,
1790789339,256,,,llama_p1024_o128,0,
1790789339,256,,,llama_p2048_o64,0.594,
1790789340,257,,,resnet50_image,370.33500000000004,
1790789340,257,,,vgg16_image,553.509,
1790789340,257,,,vit_base_image,131.391,
1790789340,257,,,gpt2_p64_o64,1.327,
1790789340,257,,,gpt2_p512_o512,0.163,
1790789340,257,,,llama_p1024_o128,0,
1790789340,257,,,llama_p2048_o64,0.594,
1790789341,258,,,resnet50_image,370.33500000000004,
1790789341,258,,,vgg16_image,553.509,
1790789341,258,,,vit_base_image,131.391,
1790789341,258,,,gpt2_p64_o64,1.327,
1790789341,258,,,gpt2_p512_o512,0.163,
1790789341,258,,,llama_p1024_o128,0,
1790789341,258,,,llama_p2048_o64,0.594,
1790789342,259,,,resnet50_image,370.33500000000004,
1790789342,259,,,vgg16_image,553.509,
1790789342,259,,,vit_base_image,131.391,
1790789342,259,,,gpt2_p64_o64,1.327,
1790789342,259,,,gpt2_p512_o512,0.163,
1790789342,259,,,llama_p1024_o128,0,
1790789342,259,,,llama_p2048_o64,0.594,
1790789343,260,,,resnet50_image,370.33500000000004,
1790789343,260,,,vgg16_image,553.509,
1790789343,260,,,vit_base_image,131.391,
1790789343,260,,,gpt2_p64_o64,1.327,
1790789343,260,,,gpt2_p512_o512,0.163,
1790789343,260,,,llama_p1024_o128,0,
1790789343,260,,,llama_p2048_o64,0.594,
1790789344,261,,,resnet50_image,370.33500000000004,
1790789344,261,,,vgg16_image,553.509,
1790789344,261,,,vit_base_image,131.391,
1790789344,261,,,gpt2_p64_o64,1.327,
1790789344,261,,,gpt2_p512_o512,0.163,
1790789344,261,,,llama_p1024_o128,0,
1790789344,261,,,llama_p2048_o64,0.594,
1790789345,262,,,resnet50_image,370.33500000000004,
1790789345,262,,,vgg16_image,553.509,
1790789345,262,,,vit_base_image,131.391,
1790789345,262,,,gpt2_p64_o64,1.327,
1790789345,262,,,gpt2_p512_o512,0.163,
1790789345,262,,,llama_p1024_o128,0,
1790789345,262,,,llama_p2048_o64,0.594,
1790789346,263,,,resnet50_image,370.33500000000004,
1790789346,263,,,vgg16_image,553.509,
1790789346,263,,,vit_base_image,131.391,
1790789346,263,,,gpt2_p64_o64,1.327,
1790789346,263,,,gpt2_p512_o512,0.163,
1790789346,263,,,llama_p1024_o128,0,
1790789346,263,,,llama_p2048_o64,0.594,
1790789347,264,,,resnet50_image,370.33500000000004,
1790789347,264,,,vgg16_image,553.509,
1790789347,264,,,vit_base_image,131.391,
1790789347,264,,,gpt2_p64_o64,1.327,
1790789347,264,,,gpt2_p512_o512,0.163,
1790789347,264,,,llama_p1024_o128,0,
1790789347,264,,,llama_p2048_o64,0.594,
1790789348,265,,,resnet50_image,370.33500000000004,
1790789348,265,,,vgg16_image,553.509,
1790789348,265,,,vit_base_image,131.391,
1790789348,265,,,gpt2_p64_o64,1.327,
1790789348,265,,,gpt2_p512_o512,0.163,
1790789348,265,,,llama_p1024_o128,0,
1790789348,265,,,llama_p2048_o64,0.594,
1790789349,266,,,resnet50_image,370.33500000000004,
1790789349,266,,,vgg16_image,553.509,
1790789349,266,,,vit_base_image,131.391,
1790789349,266,,,gpt2_p64_o64,1.327,
1790789349,266,,,gpt2_p512_o512,0.163,
1790789349,266,,,llama_p1024_o128,0,
1790789349,266,,,llama_p2048_o64,0.594,
1790789350,267,,,resnet50_image,370.33500000000004,
1790789350,267,,,vgg16_image,553.509,
1790789350,267,,,vit_base_image,131.391,
1790789350,267,,,gpt2_p64_o64,1.327,
1790789350,267,,,gpt2_p512_o512,0.163,
1790789350,267,,,llama_p1024_o128,0,
1790789350,267,,,llama_p2048_o64,0.594,
1790789351,268,,,resnet50_image,370.33500000000004,
1790789351,268,,,vgg16_image,553.509,
1790789351,268,,,vit_base_image,131.391,
1790789351,268,,,gpt2_p64_o64,1.327,
1790789351,268,,,gpt2_p512_o512,0.163,
1790789351,268,,,llama_p1024_o128,0,
1790789351,268,,,llama_p2048_o64,0.594,
1790789352,269,,,resnet50_image,370.33500000000004,
1790789352,269,,,vgg16_image,553.509,
1790789352,269,,,vit_base_image,131.391,
1790789352,269,,,gpt2_p64_o64,1.327,
1790789352,269,,,gpt2_p512_o512,0.163,
1790789352,269,,,llama_p1024_o128,0,
1790789352,269,,,llama_p2048_o64,0.594,
1790789353,270,,,resnet50_image,370.33500000000004,
1790789353,270,,,vgg16_image,553.509,
1790789353,270,,,vit_base_image,131.391,
1790789353,270,,,gpt2_p64_o64,1.327,
1790789353,270,,,gpt2_p512_o512,0.163,
1790789353,270,,,llama_p1024_o128,0,
1790789353,270,,,llama_p2048_o64,0.594,
1790789354,271,,,resnet50_image,370.33500000000004,
1790789354,271,,,vgg16_image,553.509,
1790789354,271,,,vit_base_image,131.391,
1790789354,271,,,gpt2_p64_o64,1.327,
1790789354,271,,,gpt2_p512_o512,0.163,
1790789354,271,,,llama_p1024_o128,0,
1790789354,271,,,llama_p2048_o64,0.594,
1790789355,272,,,resnet50_image,370.33500000000004,
1790789355,272,,,vgg16_image,553.509,
1790789355,272,,,vit_base_image,131.391,
1790789355,272,,,gpt2_p64_o64,1.327,
1790789355,272,,,gpt2_p512_o512,0.163,
1790789355,272,,,llama_p1024_o128,0,
1790789355,272,,,llama_p2048_o64,0.594,
1790789356,273,,,resnet50_image,370.33500000000004,
1790789356,273,,,vgg16_image,553.509,
1790789356,273,,,vit_base_image,131.391,
1790789356,273,,,gpt2_p64_o64,1.327,
1790789356,273,,,gpt2_p512_o512,0.163,
1790789356,273,,,llama_p1024_o128,0,
1790789356,273,,,llama_p2048_o64,0.594,
1790789357,274,,,resnet50_image,370.33500000000004,
1790789357,274,,,vgg16_image,553.509,
1790789357,274,,,vit_base_image,131.391,
1790789357,274,,,gpt2_p64_o64,1.327,
1790789357,274,,,gpt2_p512_o512,0.163,
1790789357,274,,,llama_p1024_o128,0,
1790789357,274,,,llama_p2048_o64,0.594,
1790789358,275,,,resnet50_image,370.33500000000004,
1790789358,275,,,vgg16_image,553.509,
1790789358,275,,,vit_base_image,131.391,
1790789358,275,,,gpt2_p64_o64,1.327,
1790789358,275,,,gpt2_p512_o512,0.163,
1790789358,275,,,llama_p1024_o128,0,
1790789358,275,,,llama_p2048_o64,0.594,
1790789359,276,6,transition,resnet50_image,370.33500000000004,66.79901619663318
1790789359,276,6,transition,vgg16_image,553.509,460.7999999999999
1790789359,276,6,transition,vit_base_image,131.391,73.56037151702786
1790789359,276,6,transition,gpt2_p64_o64,1.327,0.232258064516129
1790789359,276,6,transition,gpt2_p512_o512,0.163,0.0
1790789359,276,6,transition,llama_p1024_o128,0,0.0
1790789359,276,6,transition,llama_p2048_o64,0.594,0.0
1790789360,277,6,transition,resnet50_image,370.33500000000004,66.79901619663318
1790789360,277,6,transition,vgg16_image,553.509,460.7999999999999
1790789360,277,6,transition,vit_base_image,131.391,73.56037151702786
1790789360,277,6,transition,gpt2_p64_o64,1.327,0.232258064516129
1790789360,277,6,transition,gpt2_p512_o512,0.163,0.0
1790789360,277,6,transition,llama_p1024_o128,0,0.0
1790789360,277,6,transition,llama_p2048_o64,0.594,0.0
1790789361,278,6,transition,resnet50_image,370.33500000000004,66.79901619663318
1790789361,278,6,transition,vgg16_image,553.509,460.7999999999999
1790789361,278,6,transition,vit_base_image,131.391,73.56037151702786
1790789361,278,6,transition,gpt2_p64_o64,1.327,0.232258064516129
1790789361,278,6,transition,gpt2_p512_o512,0.163,0.0
1790789361,278,6,transition,llama_p1024_o128,0,0.0
1790789361,278,6,transition,llama_p2048_o64,0.594,0.0
1790789362,279,6,transition,resnet50_image,370.33500000000004,66.79901619663318
1790789362,279,6,transition,vgg16_image,553.509,460.7999999999999
1790789362,279,6,transition,vit_base_image,131.391,73.56037151702786
1790789362,279,6,transition,gpt2_p64_o64,1.327,0.232258064516129
1790789362,279,6,transition,gpt2_p512_o512,0.163,0.0
1790789362,279,6,transition,llama_p1024_o128,0,0.0
1790789362,279,6,transition,llama_p2048_o64,0.594,0.0
1790789363,280,6,transition,resnet50_image,370.33500000000004,66.79901619663318
1790789363,280,6,transition,vgg16_image,553.509,460.7999999999999
1790789363,280,6,transition,vit_base_image,131.391,73.56037151702786
1790789363,280,6,transition,gpt2_p64_o64,1.327,0.232258064516129
1790789363,280,6,transition,gpt2_p512_o512,0.163,0.0
1790789363,280,6,transition,llama_p1024_o128,0,0.0
1790789363,280,6,transition,llama_p2048_o64,0.594,0.0
1790789364,281,6,transition,resnet50_image,370.33500000000004,66.79901619663318
1790789364,281,6,transition,vgg16_image,553.509,460.7999999999999
1790789364,281,6,transition,vit_base_image,131.391,73.56037151702786
1790789364,281,6,transition,gpt2_p64_o64,1.327,0.232258064516129
1790789364,281,6,transition,gpt2_p512_o512,0.163,0.0
1790789364,281,6,transition,llama_p1024_o128,0,0.0
1790789364,281,6,transition,llama_p2048_o64,0.594,0.0
1790789365,282,6,transition,resnet50_image,370.33500000000004,66.79901619663318
1790789365,282,6,transition,vgg16_image,553.509,460.7999999999999
1790789365,282,6,transition,vit_base_image,131.391,73.56037151702786
1790789365,282,6,transition,gpt2_p64_o64,1.327,0.232258064516129
1790789365,282,6,transition,gpt2_p512_o512,0.163,0.0
1790789365,282,6,transition,llama_p1024_o128,0,0.0
1790789365,282,6,transition,llama_p2048_o64,0.594,0.0
1790789366,283,6,transition,resnet50_image,370.33500000000004,66.79901619663318
1790789366,283,6,transition,vgg16_image,553.509,460.7999999999999
1790789366,283,6,transition,vit_base_image,131.391,73.56037151702786
1790789366,283,6,transition,gpt2_p64_o64,1.327,0.232258064516129
1790789366,283,6,transition,gpt2_p512_o512,0.163,0.0
1790789366,283,6,transition,llama_p1024_o128,0,0.0
1790789366,283,6,transition,llama_p2048_o64,0.594,0.0
1790789367,284,6,transition,resnet50_image,370.33500000000004,66.79901619663318
1790789367,284,6,transition,vgg16_image,553.509,460.7999999999999
1790789367,284,6,transition,vit_base_image,131.391,73.56037151702786
1790789367,284,6,transition,gpt2_p64_o64,1.327,0.232258064516129
1790789367,284,6,transition,gpt2_p512_o512,0.163,0.0
1790789367,284,6,transition,llama_p1024_o128,0,0.0
1790789367,284,6,transition,llama_p2048_o64,0.594,0.0
1790789368,285,6,transition,resnet50_image,193.46,66.79901619663318
1790789368,285,6,transition,vgg16_image,553.509,460.7999999999999
1790789368,285,6,transition,vit_base_image,84.865,73.56037151702786
1790789368,285,6,transition,gpt2_p64_o64,1.327,0.232258064516129
1790789368,285,6,transition,gpt2_p512_o512,0,0.0
1790789368,285,6,transition,llama_p1024_o128,0,0.0
1790789368,285,6,transition,llama_p2048_o64,0,0.0
1790789369,286,6,transition,resnet50_image,193.46,66.79901619663318
1790789369,286,6,transition,vgg16_image,553.509,460.7999999999999
1790789369,286,6,transition,vit_base_image,84.865,73.56037151702786
1790789369,286,6,transition,gpt2_p64_o64,1.327,0.232258064516129
1790789369,286,6,transition,gpt2_p512_o512,0,0.0
1790789369,286,6,transition,llama_p1024_o128,0,0.0
1790789369,286,6,transition,llama_p2048_o64,0,0.0
1790789370,287,6,transition,resnet50_image,193.46,66.79901619663318
1790789370,287,6,transition,vgg16_image,553.509,460.7999999999999
1790789370,287,6,transition,vit_base_image,84.865,73.56037151702786
1790789370,287,6,transition,gpt2_p64_o64,1.327,0.232258064516129
1790789370,287,6,transition,gpt2_p512_o512,0,0.0
1790789370,287,6,transition,llama_p1024_o128,0,0.0
1790789370,287,6,transition,llama_p2048_o64,0,0.0
1790789371,288,6,transition,resnet50_image,193.46,66.79901619663318
1790789371,288,6,transition,vgg16_image,553.509,460.7999999999999
1790789371,288,6,transition,vit_base_image,84.865,73.56037151702786
1790789371,288,6,transition,gpt2_p64_o64,1.327,0.232258064516129
1790789371,288,6,transition,gpt2_p512_o512,0,0.0
1790789371,288,6,transition,llama_p1024_o128,0,0.0
1790789371,288,6,transition,llama_p2048_o64,0,0.0
1790789372,289,6,transition,resnet50_image,193.46,66.79901619663318
1790789372,289,6,transition,vgg16_image,553.509,460.7999999999999
1790789372,289,6,transition,vit_base_image,84.865,73.56037151702786
1790789372,289,6,transition,gpt2_p64_o64,1.327,0.232258064516129
1790789372,289,6,transition,gpt2_p512_o512,0,0.0
1790789372,289,6,transition,llama_p1024_o128,0,0.0
1790789372,289,6,transition,llama_p2048_o64,0,0.0
1790789373,290,6,transition,resnet50_image,193.46,66.79901619663318
1790789373,290,6,transition,vgg16_image,553.509,460.7999999999999
1790789373,290,6,transition,vit_base_image,84.865,73.56037151702786
1790789373,290,6,transition,gpt2_p64_o64,1.327,0.232258064516129
1790789373,290,6,transition,gpt2_p512_o512,0,0.0
1790789373,290,6,transition,llama_p1024_o128,0,0.0
1790789373,290,6,transition,llama_p2048_o64,0,0.0
1790789374,291,6,transition,resnet50_image,193.46,66.79901619663318
1790789374,291,6,transition,vgg16_image,553.509,460.7999999999999
1790789374,291,6,transition,vit_base_image,84.865,73.56037151702786
1790789374,291,6,transition,gpt2_p64_o64,1.327,0.232258064516129
1790789374,291,6,transition,gpt2_p512_o512,0,0.0
1790789374,291,6,transition,llama_p1024_o128,0,0.0
1790789374,291,6,transition,llama_p2048_o64,0,0.0
1790789375,292,6,transition,resnet50_image,193.46,66.79901619663318
1790789375,292,6,transition,vgg16_image,553.509,460.7999999999999
1790789375,292,6,transition,vit_base_image,84.865,73.56037151702786
1790789375,292,6,transition,gpt2_p64_o64,1.327,0.232258064516129
1790789375,292,6,transition,gpt2_p512_o512,0,0.0
1790789375,292,6,transition,llama_p1024_o128,0,0.0
1790789375,292,6,transition,llama_p2048_o64,0,0.0
1790789376,293,6,transition,resnet50_image,193.46,66.79901619663318
1790789376,293,6,transition,vgg16_image,553.509,460.7999999999999
1790789376,293,6,transition,vit_base_image,84.865,73.56037151702786
1790789376,293,6,transition,gpt2_p64_o64,1.327,0.232258064516129
1790789376,293,6,transition,gpt2_p512_o512,0,0.0
1790789376,293,6,transition,llama_p1024_o128,0,0.0
1790789376,293,6,transition,llama_p2048_o64,0,0.0
1790789377,294,6,transition,resnet50_image,193.46,66.79901619663318
1790789377,294,6,transition,vgg16_image,553.509,460.7999999999999
1790789377,294,6,transition,vit_base_image,84.865,73.56037151702786
1790789377,294,6,transition,gpt2_p64_o64,1.327,0.232258064516129
1790789377,294,6,transition,gpt2_p512_o512,0,0.0
1790789377,294,6,transition,llama_p1024_o128,0,0.0
1790789377,294,6,transition,llama_p2048_o64,0,0.0
1790789378,295,6,transition,resnet50_image,193.46,66.79901619663318
1790789378,295,6,transition,vgg16_image,553.509,460.7999999999999
1790789378,295,6,transition,vit_base_image,84.865,73.56037151702786
1790789378,295,6,transition,gpt2_p64_o64,1.327,0.232258064516129
1790789378,295,6,transition,gpt2_p512_o512,0,0.0
1790789378,295,6,transition,llama_p1024_o128,0,0.0
1790789378,295,6,transition,llama_p2048_o64,0,0.0
1790789379,296,6,transition,resnet50_image,193.46,66.79901619663318
1790789379,296,6,transition,vgg16_image,553.509,460.7999999999999
1790789379,296,6,transition,vit_base_image,84.865,73.56037151702786
1790789379,296,6,transition,gpt2_p64_o64,1.327,0.232258064516129
1790789379,296,6,transition,gpt2_p512_o512,0,0.0
1790789379,296,6,transition,llama_p1024_o128,0,0.0
1790789379,296,6,transition,llama_p2048_o64,0,0.0
1790789380,297,6,transition,resnet50_image,193.46,66.79901619663318
1790789380,297,6,transition,vgg16_image,553.509,460.7999999999999
1790789380,297,6,transition,vit_base_image,84.865,73.56037151702786
1790789380,297,6,transition,gpt2_p64_o64,1.327,0.232258064516129
1790789380,297,6,transition,gpt2_p512_o512,0,0.0
1790789380,297,6,transition,llama_p1024_o128,0,0.0
1790789380,297,6,transition,llama_p2048_o64,0,0.0
1790789381,298,6,transition,resnet50_image,193.46,66.79901619663318
1790789381,298,6,transition,vgg16_image,553.509,460.7999999999999
1790789381,298,6,transition,vit_base_image,84.865,73.56037151702786
1790789381,298,6,transition,gpt2_p64_o64,1.327,0.232258064516129
1790789381,298,6,transition,gpt2_p512_o512,0,0.0
1790789381,298,6,transition,llama_p1024_o128,0,0.0
1790789381,298,6,transition,llama_p2048_o64,0,0.0
1790789382,299,6,transition,resnet50_image,193.46,66.79901619663318
1790789382,299,6,transition,vgg16_image,553.509,460.7999999999999
1790789382,299,6,transition,vit_base_image,84.865,73.56037151702786
1790789382,299,6,transition,gpt2_p64_o64,1.327,0.232258064516129
1790789382,299,6,transition,gpt2_p512_o512,0,0.0
1790789382,299,6,transition,llama_p1024_o128,0,0.0
1790789382,299,6,transition,llama_p2048_o64,0,0.0
1790789383,300,6,transition,resnet50_image,193.46,66.79901619663318
1790789383,300,6,transition,vgg16_image,553.509,460.7999999999999
1790789383,300,6,transition,vit_base_image,84.865,73.56037151702786
1790789383,300,6,transition,gpt2_p64_o64,1.327,0.232258064516129
1790789383,300,6,transition,gpt2_p512_o512,0,0.0
1790789383,300,6,transition,llama_p1024_o128,0,0.0
1790789383,300,6,transition,llama_p2048_o64,0,0.0
1790789384,301,6,transition,resnet50_image,193.46,66.79901619663318
1790789384,301,6,transition,vgg16_image,553.509,460.7999999999999
1790789384,301,6,transition,vit_base_image,84.865,73.56037151702786
1790789384,301,6,transition,gpt2_p64_o64,1.327,0.232258064516129
1790789384,301,6,transition,gpt2_p512_o512,0,0.0
1790789384,301,6,transition,llama_p1024_o128,0,0.0
1790789384,301,6,transition,llama_p2048_o64,0,0.0
1790789385,302,6,transition,resnet50_image,0,66.79901619663318
1790789385,302,6,transition,vgg16_image,553.509,460.7999999999999
1790789385,302,6,transition,vit_base_image,84.865,73.56037151702786
1790789385,302,6,transition,gpt2_p64_o64,1.327,0.232258064516129
1790789385,302,6,transition,gpt2_p512_o512,0,0.0
1790789385,302,6,transition,llama_p1024_o128,0,0.0
1790789385,302,6,transition,llama_p2048_o64,0,0.0
1790789386,303,6,transition,resnet50_image,0,66.79901619663318
1790789386,303,6,transition,vgg16_image,553.509,460.7999999999999
1790789386,303,6,transition,vit_base_image,84.865,73.56037151702786
1790789386,303,6,transition,gpt2_p64_o64,1.327,0.232258064516129
1790789386,303,6,transition,gpt2_p512_o512,0,0.0
1790789386,303,6,transition,llama_p1024_o128,0,0.0
1790789386,303,6,transition,llama_p2048_o64,0,0.0
1790789387,304,6,transition,resnet50_image,0,66.79901619663318
1790789387,304,6,transition,vgg16_image,553.509,460.7999999999999
1790789387,304,6,transition,vit_base_image,84.865,73.56037151702786
1790789387,304,6,transition,gpt2_p64_o64,1.327,0.232258064516129
1790789387,304,6,transition,gpt2_p512_o512,0,0.0
1790789387,304,6,transition,llama_p1024_o128,0,0.0
1790789387,304,6,transition,llama_p2048_o64,0,0.0
1790789388,305,6,transition,resnet50_image,0,66.79901619663318
1790789388,305,6,transition,vgg16_image,553.509,460.7999999999999
1790789388,305,6,transition,vit_base_image,84.865,73.56037151702786
1790789388,305,6,transition,gpt2_p64_o64,1.327,0.232258064516129
1790789388,305,6,transition,gpt2_p512_o512,0,0.0
1790789388,305,6,transition,llama_p1024_o128,0,0.0
1790789388,305,6,transition,llama_p2048_o64,0,0.0
1790789389,306,6,transition,resnet50_image,0,66.79901619663318
1790789389,306,6,transition,vgg16_image,553.509,460.7999999999999
1790789389,306,6,transition,vit_base_image,84.865,73.56037151702786
1790789389,306,6,transition,gpt2_p64_o64,1.327,0.232258064516129
1790789389,306,6,transition,gpt2_p512_o512,0,0.0
1790789389,306,6,transition,llama_p1024_o128,0,0.0
1790789389,306,6,transition,llama_p2048_o64,0,0.0
1790789390,307,6,transition,resnet50_image,0,66.79901619663318
1790789390,307,6,transition,vgg16_image,553.509,460.7999999999999
1790789390,307,6,transition,vit_base_image,84.865,73.56037151702786
1790789390,307,6,transition,gpt2_p64_o64,1.327,0.232258064516129
1790789390,307,6,transition,gpt2_p512_o512,0,0.0
1790789390,307,6,transition,llama_p1024_o128,0,0.0
1790789390,307,6,transition,llama_p2048_o64,0,0.0
1790789391,308,6,transition,resnet50_image,0,66.79901619663318
1790789391,308,6,transition,vgg16_image,553.509,460.7999999999999
1790789391,308,6,transition,vit_base_image,84.865,73.56037151702786
1790789391,308,6,transition,gpt2_p64_o64,1.327,0.232258064516129
1790789391,308,6,transition,gpt2_p512_o512,0,0.0
1790789391,308,6,transition,llama_p1024_o128,0,0.0
1790789391,308,6,transition,llama_p2048_o64,0,0.0
1790789392,309,6,transition,resnet50_image,0,66.79901619663318
1790789392,309,6,transition,vgg16_image,553.509,460.7999999999999
1790789392,309,6,transition,vit_base_image,84.865,73.56037151702786
1790789392,309,6,transition,gpt2_p64_o64,1.327,0.232258064516129
1790789392,309,6,transition,gpt2_p512_o512,0,0.0
1790789392,309,6,transition,llama_p1024_o128,0,0.0
1790789392,309,6,transition,llama_p2048_o64,0,0.0
1790789393,310,6,transition,resnet50_image,0,66.79901619663318
1790789393,310,6,transition,vgg16_image,553.509,460.7999999999999
1790789393,310,6,transition,vit_base_image,84.865,73.56037151702786
1790789393,310,6,transition,gpt2_p64_o64,1.327,0.232258064516129
1790789393,310,6,transition,gpt2_p512_o512,0,0.0
1790789393,310,6,transition,llama_p1024_o128,0,0.0
1790789393,310,6,transition,llama_p2048_o64,0,0.0
1790789394,311,6,transition,resnet50_image,0,66.79901619663318
1790789394,311,6,transition,vgg16_image,553.509,460.7999999999999
1790789394,311,6,transition,vit_base_image,84.865,73.56037151702786
1790789394,311,6,transition,gpt2_p64_o64,1.327,0.232258064516129
1790789394,311,6,transition,gpt2_p512_o512,0,0.0
1790789394,311,6,transition,llama_p1024_o128,0,0.0
1790789394,311,6,transition,llama_p2048_o64,0,0.0
1790789395,312,6,transition,resnet50_image,0,66.79901619663318
1790789395,312,6,transition,vgg16_image,553.509,460.7999999999999
1790789395,312,6,transition,vit_base_image,84.865,73.56037151702786
1790789395,312,6,transition,gpt2_p64_o64,1.327,0.232258064516129
1790789395,312,6,transition,gpt2_p512_o512,0,0.0
1790789395,312,6,transition,llama_p1024_o128,0,0.0
1790789395,312,6,transition,llama_p2048_o64,0,0.0
1790789396,313,6,transition,resnet50_image,0,66.79901619663318
1790789396,313,6,transition,vgg16_image,553.509,460.7999999999999
1790789396,313,6,transition,vit_base_image,84.865,73.56037151702786
1790789396,313,6,transition,gpt2_p64_o64,1.327,0.232258064516129
1790789396,313,6,transition,gpt2_p512_o512,0,0.0
1790789396,313,6,transition,llama_p1024_o128,0,0.0
1790789396,313,6,transition,llama_p2048_o64,0,0.0
1790789397,314,6,transition,resnet50_image,0,66.79901619663318
1790789397,314,6,transition,vgg16_image,553.509,460.7999999999999
1790789397,314,6,transition,vit_base_image,84.865,73.56037151702786
1790789397,314,6,transition,gpt2_p64_o64,1.327,0.232258064516129
1790789397,314,6,transition,gpt2_p512_o512,0,0.0
1790789397,314,6,transition,llama_p1024_o128,0,0.0
1790789397,314,6,transition,llama_p2048_o64,0,0.0
1790789398,315,6,transition,resnet50_image,0,66.79901619663318
1790789398,315,6,transition,vgg16_image,553.509,460.7999999999999
1790789398,315,6,transition,vit_base_image,84.865,73.56037151702786
1790789398,315,6,transition,gpt2_p64_o64,1.327,0.232258064516129
1790789398,315,6,transition,gpt2_p512_o512,0,0.0
1790789398,315,6,transition,llama_p1024_o128,0,0.0
1790789398,315,6,transition,llama_p2048_o64,0,0.0
1790789399,316,6,transition,resnet50_image,0,66.79901619663318
1790789399,316,6,transition,vgg16_image,553.509,460.7999999999999
1790789399,316,6,transition,vit_base_image,84.865,73.56037151702786
1790789399,316,6,transition,gpt2_p64_o64,1.327,0.232258064516129
1790789399,316,6,transition,gpt2_p512_o512,0,0.0
1790789399,316,6,transition,llama_p1024_o128,0,0.0
1790789399,316,6,transition,llama_p2048_o64,0,0.0
1790789400,317,6,transition,resnet50_image,0,66.79901619663318
1790789400,317,6,transition,vgg16_image,553.509,460.7999999999999
1790789400,317,6,transition,vit_base_image,84.865,73.56037151702786
1790789400,317,6,transition,gpt2_p64_o64,1.327,0.232258064516129
1790789400,317,6,transition,gpt2_p512_o512,0,0.0
1790789400,317,6,transition,llama_p1024_o128,0,0.0
1790789400,317,6,transition,llama_p2048_o64,0,0.0
1790789401,318,6,transition,resnet50_image,0,66.79901619663318
1790789401,318,6,transition,vgg16_image,553.509,460.7999999999999
1790789401,318,6,transition,vit_base_image,84.865,73.56037151702786
1790789401,318,6,transition,gpt2_p64_o64,1.327,0.232258064516129
1790789401,318,6,transition,gpt2_p512_o512,0,0.0
1790789401,318,6,transition,llama_p1024_o128,0,0.0
1790789401,318,6,transition,llama_p2048_o64,0,0.0
1790789402,319,6,transition,resnet50_image,0,66.79901619663318
1790789402,319,6,transition,vgg16_image,553.509,460.7999999999999
1790789402,319,6,transition,vit_base_image,84.865,73.56037151702786
1790789402,319,6,transition,gpt2_p64_o64,1.327,0.232258064516129
1790789402,319,6,transition,gpt2_p512_o512,0,0.0
1790789402,319,6,transition,llama_p1024_o128,0,0.0
1790789402,319,6,transition,llama_p2048_o64,0,0.0
1790789403,320,6,transition,resnet50_image,0,66.79901619663318
1790789403,320,6,transition,vgg16_image,553.509,460.7999999999999
1790789403,320,6,transition,vit_base_image,84.865,73.56037151702786
1790789403,320,6,transition,gpt2_p64_o64,1.327,0.232258064516129
1790789403,320,6,transition,gpt2_p512_o512,0,0.0
1790789403,320,6,transition,llama_p1024_o128,0,0.0
1790789403,320,6,transition,llama_p2048_o64,0,0.0
1790789404,321,6,transition,resnet50_image,0,66.79901619663318
1790789404,321,6,transition,vgg16_image,553.509,460.7999999999999
1790789404,321,6,transition,vit_base_image,84.865,73.56037151702786
1790789404,321,6,transition,gpt2_p64_o64,1.327,0.232258064516129
1790789404,321,6,transition,gpt2_p512_o512,0,0.0
1790789404,321,6,transition,llama_p1024_o128,0,0.0
1790789404,321,6,transition,llama_p2048_o64,0,0.0
1790789405,322,6,transition,resnet50_image,0,66.79901619663318
1790789405,322,6,transition,vgg16_image,553.509,460.7999999999999
1790789405,322,6,transition,vit_base_image,84.865,73.56037151702786
1790789405,322,6,transition,gpt2_p64_o64,1.327,0.232258064516129
1790789405,322,6,transition,gpt2_p512_o512,0,0.0
1790789405,322,6,transition,llama_p1024_o128,0,0.0
1790789405,322,6,transition,llama_p2048_o64,0,0.0
1790789406,323,6,transition,resnet50_image,0,66.79901619663318
1790789406,323,6,transition,vgg16_image,553.509,460.7999999999999
1790789406,323,6,transition,vit_base_image,84.865,73.56037151702786
1790789406,323,6,transition,gpt2_p64_o64,1.327,0.232258064516129
1790789406,323,6,transition,gpt2_p512_o512,0,0.0
1790789406,323,6,transition,llama_p1024_o128,0,0.0
1790789406,323,6,transition,llama_p2048_o64,0,0.0
1790789407,324,6,transition,resnet50_image,176.875,66.79901619663318
1790789407,324,6,transition,vgg16_image,553.509,460.7999999999999
1790789407,324,6,transition,vit_base_image,84.865,73.56037151702786
1790789407,324,6,transition,gpt2_p64_o64,1.327,0.232258064516129
1790789407,324,6,transition,gpt2_p512_o512,0,0.0
1790789407,324,6,transition,llama_p1024_o128,0,0.0
1790789407,324,6,transition,llama_p2048_o64,0,0.0
1790789408,325,6,transition,resnet50_image,176.875,66.79901619663318
1790789408,325,6,transition,vgg16_image,553.509,460.7999999999999
1790789408,325,6,transition,vit_base_image,84.865,73.56037151702786
1790789408,325,6,transition,gpt2_p64_o64,1.327,0.232258064516129
1790789408,325,6,transition,gpt2_p512_o512,0,0.0
1790789408,325,6,transition,llama_p1024_o128,0,0.0
1790789408,325,6,transition,llama_p2048_o64,0,0.0
1790789409,326,6,transition,resnet50_image,176.875,66.79901619663318
1790789409,326,6,transition,vgg16_image,553.509,460.7999999999999
1790789409,326,6,transition,vit_base_image,84.865,73.56037151702786
1790789409,326,6,transition,gpt2_p64_o64,1.327,0.232258064516129
1790789409,326,6,transition,gpt2_p512_o512,0,0.0
1790789409,326,6,transition,llama_p1024_o128,0,0.0
1790789409,326,6,transition,llama_p2048_o64,0,0.0
1790789410,327,6,transition,resnet50_image,176.875,66.79901619663318
1790789410,327,6,transition,vgg16_image,553.509,460.7999999999999
1790789410,327,6,transition,vit_base_image,84.865,73.56037151702786
1790789410,327,6,transition,gpt2_p64_o64,1.327,0.232258064516129
1790789410,327,6,transition,gpt2_p512_o512,0,0.0
1790789410,327,6,transition,llama_p1024_o128,0,0.0
1790789410,327,6,transition,llama_p2048_o64,0,0.0
1790789411,328,6,transition,resnet50_image,176.875,66.79901619663318
1790789411,328,6,transition,vgg16_image,553.509,460.7999999999999
1790789411,328,6,transition,vit_base_image,84.865,73.56037151702786
1790789411,328,6,transition,gpt2_p64_o64,1.327,0.232258064516129
1790789411,328,6,transition,gpt2_p512_o512,0,0.0
1790789411,328,6,transition,llama_p1024_o128,0,0.0
1790789411,328,6,transition,llama_p2048_o64,0,0.0
1790789412,329,6,transition,resnet50_image,176.875,66.79901619663318
1790789412,329,6,transition,vgg16_image,553.509,460.7999999999999
1790789412,329,6,transition,vit_base_image,84.865,73.56037151702786
1790789412,329,6,transition,gpt2_p64_o64,1.327,0.232258064516129
1790789412,329,6,transition,gpt2_p512_o512,0,0.0
1790789412,329,6,transition,llama_p1024_o128,0,0.0
1790789412,329,6,transition,llama_p2048_o64,0,0.0
1790789413,330,6,transition,resnet50_image,176.875,66.79901619663318
1790789413,330,6,transition,vgg16_image,553.509,460.7999999999999
1790789413,330,6,transition,vit_base_image,84.865,73.56037151702786
1790789413,330,6,transition,gpt2_p64_o64,1.327,0.232258064516129
1790789413,330,6,transition,gpt2_p512_o512,0,0.0
1790789413,330,6,transition,llama_p1024_o128,0,0.0
1790789413,330,6,transition,llama_p2048_o64,0,0.0
1790789414,331,6,transition,resnet50_image,176.875,66.79901619663318
1790789414,331,6,transition,vgg16_image,553.509,460.7999999999999
1790789414,331,6,transition,vit_base_image,84.865,73.56037151702786
1790789414,331,6,transition,gpt2_p64_o64,1.327,0.232258064516129
1790789414,331,6,transition,gpt2_p512_o512,0,0.0
1790789414,331,6,transition,llama_p1024_o128,0,0.0
1790789414,331,6,transition,llama_p2048_o64,0,0.0
1790789415,332,6,transition,resnet50_image,176.875,66.79901619663318
1790789415,332,6,transition,vgg16_image,553.509,460.7999999999999
1790789415,332,6,transition,vit_base_image,84.865,73.56037151702786
1790789415,332,6,transition,gpt2_p64_o64,1.327,0.232258064516129
1790789415,332,6,transition,gpt2_p512_o512,0,0.0
1790789415,332,6,transition,llama_p1024_o128,0,0.0
1790789415,332,6,transition,llama_p2048_o64,0,0.0
1790789416,333,6,transition,resnet50_image,176.875,66.79901619663318
1790789416,333,6,transition,vgg16_image,553.509,460.7999999999999
1790789416,333,6,transition,vit_base_image,84.865,73.56037151702786
1790789416,333,6,transition,gpt2_p64_o64,1.327,0.232258064516129
1790789416,333,6,transition,gpt2_p512_o512,0,0.0
1790789416,333,6,transition,llama_p1024_o128,0,0.0
1790789416,333,6,transition,llama_p2048_o64,0,0.0
1790789417,334,6,steady,resnet50_image,176.875,66.79901619663318
1790789417,334,6,steady,vgg16_image,553.509,460.7999999999999
1790789417,334,6,steady,vit_base_image,84.865,73.56037151702786
1790789417,334,6,steady,gpt2_p64_o64,1.327,0.232258064516129
1790789417,334,6,steady,gpt2_p512_o512,0,0.0
1790789417,334,6,steady,llama_p1024_o128,0,0.0
1790789417,334,6,steady,llama_p2048_o64,0,0.0
1790789418,335,6,steady,resnet50_image,176.875,66.79901619663318
1790789418,335,6,steady,vgg16_image,553.509,460.7999999999999
1790789418,335,6,steady,vit_base_image,84.865,73.56037151702786
1790789418,335,6,steady,gpt2_p64_o64,1.327,0.232258064516129
1790789418,335,6,steady,gpt2_p512_o512,0,0.0
1790789418,335,6,steady,llama_p1024_o128,0,0.0
1790789418,335,6,steady,llama_p2048_o64,0,0.0
1790789419,336,6,steady,resnet50_image,176.875,66.79901619663318
1790789419,336,6,steady,vgg16_image,553.509,460.7999999999999
1790789419,336,6,steady,vit_base_image,84.865,73.56037151702786
1790789419,336,6,steady,gpt2_p64_o64,1.327,0.232258064516129
1790789419,336,6,steady,gpt2_p512_o512,0,0.0
1790789419,336,6,steady,llama_p1024_o128,0,0.0
1790789419,336,6,steady,llama_p2048_o64,0,0.0
1790789420,337,6,steady,resnet50_image,176.875,66.79901619663318
1790789420,337,6,steady,vgg16_image,553.509,460.7999999999999
1790789420,337,6,steady,vit_base_image,84.865,73.56037151702786
1790789420,337,6,steady,gpt2_p64_o64,1.327,0.232258064516129
1790789420,337,6,steady,gpt2_p512_o512,0,0.0
1790789420,337,6,steady,llama_p1024_o128,0,0.0
1790789420,337,6,steady,llama_p2048_o64,0,0.0
1790789421,338,6,steady,resnet50_image,176.875,66.79901619663318
1790789421,338,6,steady,vgg16_image,553.509,460.7999999999999
1790789421,338,6,steady,vit_base_image,84.865,73.56037151702786
1790789421,338,6,steady,gpt2_p64_o64,1.327,0.232258064516129
1790789421,338,6,steady,gpt2_p512_o512,0,0.0
1790789421,338,6,steady,llama_p1024_o128,0,0.0
1790789421,338,6,steady,llama_p2048_o64,0,0.0
1790789422,339,6,steady,resnet50_image,176.875,66.79901619663318
1790789422,339,6,steady,vgg16_image,553.509,460.7999999999999
1790789422,339,6,steady,vit_base_image,84.865,73.56037151702786
1790789422,339,6,steady,gpt2_p64_o64,1.327,0.232258064516129
1790789422,339,6,steady,gpt2_p512_o512,0,0.0
1790789422,339,6,steady,llama_p1024_o128,0,0.0
1790789422,339,6,steady,llama_p2048_o64,0,0.0
1790789423,340,6,steady,resnet50_image,176.875,66.79901619663318
1790789423,340,6,steady,vgg16_image,553.509,460.7999999999999
1790789423,340,6,steady,vit_base_image,84.865,73.56037151702786
1790789423,340,6,steady,gpt2_p64_o64,1.327,0.232258064516129
1790789423,340,6,steady,gpt2_p512_o512,0,0.0
1790789423,340,6,steady,llama_p1024_o128,0,0.0
1790789423,340,6,steady,llama_p2048_o64,0,0.0
1790789424,341,6,steady,resnet50_image,176.875,66.79901619663318
1790789424,341,6,steady,vgg16_image,553.509,460.7999999999999
1790789424,341,6,steady,vit_base_image,84.865,73.56037151702786
1790789424,341,6,steady,gpt2_p64_o64,1.327,0.232258064516129
1790789424,341,6,steady,gpt2_p512_o512,0,0.0
1790789424,341,6,steady,llama_p1024_o128,0,0.0
1790789424,341,6,steady,llama_p2048_o64,0,0.0
1790789425,342,6,steady,resnet50_image,176.875,66.79901619663318
1790789425,342,6,steady,vgg16_image,553.509,460.7999999999999
1790789425,342,6,steady,vit_base_image,84.865,73.56037151702786
1790789425,342,6,steady,gpt2_p64_o64,1.327,0.232258064516129
1790789425,342,6,steady,gpt2_p512_o512,0,0.0
1790789425,342,6,steady,llama_p1024_o128,0,0.0
1790789425,342,6,steady,llama_p2048_o64,0,0.0
1790789426,343,6,steady,resnet50_image,176.875,66.79901619663318
1790789426,343,6,steady,vgg16_image,553.509,460.7999999999999
1790789426,343,6,steady,vit_base_image,84.865,73.56037151702786
1790789426,343,6,steady,gpt2_p64_o64,1.327,0.232258064516129
1790789426,343,6,steady,gpt2_p512_o512,0,0.0
1790789426,343,6,steady,llama_p1024_o128,0,0.0
1790789426,343,6,steady,llama_p2048_o64,0,0.0
1790789427,344,6,steady,resnet50_image,176.875,66.79901619663318
1790789427,344,6,steady,vgg16_image,553.509,460.7999999999999
1790789427,344,6,steady,vit_base_image,84.865,73.56037151702786
1790789427,344,6,steady,gpt2_p64_o64,1.327,0.232258064516129
1790789427,344,6,steady,gpt2_p512_o512,0,0.0
1790789427,344,6,steady,llama_p1024_o128,0,0.0
1790789427,344,6,steady,llama_p2048_o64,0,0.0
1790789428,345,6,steady,resnet50_image,176.875,66.79901619663318
1790789428,345,6,steady,vgg16_image,553.509,460.7999999999999
1790789428,345,6,steady,vit_base_image,84.865,73.56037151702786
1790789428,345,6,steady,gpt2_p64_o64,1.327,0.232258064516129
1790789428,345,6,steady,gpt2_p512_o512,0,0.0
1790789428,345,6,steady,llama_p1024_o128,0,0.0
1790789428,345,6,steady,llama_p2048_o64,0,0.0
1790789429,346,6,steady,resnet50_image,176.875,66.79901619663318
1790789429,346,6,steady,vgg16_image,553.509,460.7999999999999
1790789429,346,6,steady,vit_base_image,84.865,73.56037151702786
1790789429,346,6,steady,gpt2_p64_o64,1.327,0.232258064516129
1790789429,346,6,steady,gpt2_p512_o512,0,0.0
1790789429,346,6,steady,llama_p1024_o128,0,0.0
1790789429,346,6,steady,llama_p2048_o64,0,0.0
1790789430,347,6,steady,resnet50_image,176.875,66.79901619663318
1790789430,347,6,steady,vgg16_image,553.509,460.7999999999999
1790789430,347,6,steady,vit_base_image,84.865,73.56037151702786
1790789430,347,6,steady,gpt2_p64_o64,1.327,0.232258064516129
1790789430,347,6,steady,gpt2_p512_o512,0,0.0
1790789430,347,6,steady,llama_p1024_o128,0,0.0
1790789430,347,6,steady,llama_p2048_o64,0,0.0
1790789431,348,6,steady,resnet50_image,176.875,66.79901619663318
1790789431,348,6,steady,vgg16_image,553.509,460.7999999999999
1790789431,348,6,steady,vit_base_image,84.865,73.56037151702786
1790789431,348,6,steady,gpt2_p64_o64,1.327,0.232258064516129
1790789431,348,6,steady,gpt2_p512_o512,0,0.0
1790789431,348,6,steady,llama_p1024_o128,0,0.0
1790789431,348,6,steady,llama_p2048_o64,0,0.0
1790789432,349,6,steady,resnet50_image,176.875,66.79901619663318
1790789432,349,6,steady,vgg16_image,553.509,460.7999999999999
1790789432,349,6,steady,vit_base_image,84.865,73.56037151702786
1790789432,349,6,steady,gpt2_p64_o64,1.327,0.232258064516129
1790789432,349,6,steady,gpt2_p512_o512,0,0.0
1790789432,349,6,steady,llama_p1024_o128,0,0.0
1790789432,349,6,steady,llama_p2048_o64,0,0.0
1790789433,350,6,steady,resnet50_image,176.875,66.79901619663318
1790789433,350,6,steady,vgg16_image,553.509,460.7999999999999
1790789433,350,6,steady,vit_base_image,84.865,73.56037151702786
1790789433,350,6,steady,gpt2_p64_o64,1.327,0.232258064516129
1790789433,350,6,steady,gpt2_p512_o512,0,0.0
1790789433,350,6,steady,llama_p1024_o128,0,0.0
1790789433,350,6,steady,llama_p2048_o64,0,0.0
1790789434,351,6,steady,resnet50_image,176.875,66.79901619663318
1790789434,351,6,steady,vgg16_image,553.509,460.7999999999999
1790789434,351,6,steady,vit_base_image,84.865,73.56037151702786
1790789434,351,6,steady,gpt2_p64_o64,1.327,0.232258064516129
1790789434,351,6,steady,gpt2_p512_o512,0,0.0
1790789434,351,6,steady,llama_p1024_o128,0,0.0
1790789434,351,6,steady,llama_p2048_o64,0,0.0
1790789435,352,6,steady,resnet50_image,176.875,66.79901619663318
1790789435,352,6,steady,vgg16_image,553.509,460.7999999999999
1790789435,352,6,steady,vit_base_image,84.865,73.56037151702786
1790789435,352,6,steady,gpt2_p64_o64,1.327,0.232258064516129
1790789435,352,6,steady,gpt2_p512_o512,0,0.0
1790789435,352,6,steady,llama_p1024_o128,0,0.0
1790789435,352,6,steady,llama_p2048_o64,0,0.0
1790789436,353,6,steady,resnet50_image,176.875,66.79901619663318
1790789436,353,6,steady,vgg16_image,553.509,460.7999999999999
1790789436,353,6,steady,vit_base_image,84.865,73.56037151702786
1790789436,353,6,steady,gpt2_p64_o64,1.327,0.232258064516129
1790789436,353,6,steady,gpt2_p512_o512,0,0.0
1790789436,353,6,steady,llama_p1024_o128,0,0.0
1790789436,353,6,steady,llama_p2048_o64,0,0.0
1790789437,354,6,steady,resnet50_image,176.875,66.79901619663318
1790789437,354,6,steady,vgg16_image,553.509,460.7999999999999
1790789437,354,6,steady,vit_base_image,84.865,73.56037151702786
1790789437,354,6,steady,gpt2_p64_o64,1.327,0.232258064516129
1790789437,354,6,steady,gpt2_p512_o512,0,0.0
1790789437,354,6,steady,llama_p1024_o128,0,0.0
1790789437,354,6,steady,llama_p2048_o64,0,0.0
1790789438,355,6,steady,resnet50_image,176.875,66.79901619663318
1790789438,355,6,steady,vgg16_image,553.509,460.7999999999999
1790789438,355,6,steady,vit_base_image,84.865,73.56037151702786
1790789438,355,6,steady,gpt2_p64_o64,1.327,0.232258064516129
1790789438,355,6,steady,gpt2_p512_o512,0,0.0
1790789438,355,6,steady,llama_p1024_o128,0,0.0
1790789438,355,6,steady,llama_p2048_o64,0,0.0
1790789439,356,6,steady,resnet50_image,176.875,66.79901619663318
1790789439,356,6,steady,vgg16_image,553.509,460.7999999999999
1790789439,356,6,steady,vit_base_image,84.865,73.56037151702786
1790789439,356,6,steady,gpt2_p64_o64,1.327,0.232258064516129
1790789439,356,6,steady,gpt2_p512_o512,0,0.0
1790789439,356,6,steady,llama_p1024_o128,0,0.0
1790789439,356,6,steady,llama_p2048_o64,0,0.0
1790789440,357,6,steady,resnet50_image,176.875,66.79901619663318
1790789440,357,6,steady,vgg16_image,553.509,460.7999999999999
1790789440,357,6,steady,vit_base_image,84.865,73.56037151702786
1790789440,357,6,steady,gpt2_p64_o64,1.327,0.232258064516129
1790789440,357,6,steady,gpt2_p512_o512,0,0.0
1790789440,357,6,steady,llama_p1024_o128,0,0.0
1790789440,357,6,steady,llama_p2048_o64,0,0.0
1790789441,358,6,steady,resnet50_image,176.875,66.79901619663318
1790789441,358,6,steady,vgg16_image,553.509,460.7999999999999
1790789441,358,6,steady,vit_base_image,84.865,73.56037151702786
1790789441,358,6,steady,gpt2_p64_o64,1.327,0.232258064516129
1790789441,358,6,steady,gpt2_p512_o512,0,0.0
1790789441,358,6,steady,llama_p1024_o128,0,0.0
1790789441,358,6,steady,llama_p2048_o64,0,0.0
1790789442,359,6,steady,resnet50_image,176.875,66.79901619663318
1790789442,359,6,steady,vgg16_image,553.509,460.7999999999999
1790789442,359,6,steady,vit_base_image,84.865,73.56037151702786
1790789442,359,6,steady,gpt2_p64_o64,1.327,0.232258064516129
1790789442,359,6,steady,gpt2_p512_o512,0,0.0
1790789442,359,6,steady,llama_p1024_o128,0,0.0
1790789442,359,6,steady,llama_p2048_o64,0,0.0
1790789443,360,6,steady,resnet50_image,176.875,66.79901619663318
1790789443,360,6,steady,vgg16_image,553.509,460.7999999999999
1790789443,360,6,steady,vit_base_image,84.865,73.56037151702786
1790789443,360,6,steady,gpt2_p64_o64,1.327,0.232258064516129
1790789443,360,6,steady,gpt2_p512_o512,0,0.0
1790789443,360,6,steady,llama_p1024_o128,0,0.0
1790789443,360,6,steady,llama_p2048_o64,0,0.0
1790789444,361,6,steady,resnet50_image,176.875,66.79901619663318
1790789444,361,6,steady,vgg16_image,553.509,460.7999999999999
1790789444,361,6,steady,vit_base_image,84.865,73.56037151702786
1790789444,361,6,steady,gpt2_p64_o64,1.327,0.232258064516129
1790789444,361,6,steady,gpt2_p512_o512,0,0.0
1790789444,361,6,steady,llama_p1024_o128,0,0.0
1790789444,361,6,steady,llama_p2048_o64,0,0.0
1790789445,362,6,steady,resnet50_image,176.875,66.79901619663318
1790789445,362,6,steady,vgg16_image,553.509,460.7999999999999
1790789445,362,6,steady,vit_base_image,84.865,73.56037151702786
1790789445,362,6,steady,gpt2_p64_o64,1.327,0.232258064516129
1790789445,362,6,steady,gpt2_p512_o512,0,0.0
1790789445,362,6,steady,llama_p1024_o128,0,0.0
1790789445,362,6,steady,llama_p2048_o64,0,0.0
1790789446,363,6,steady,resnet50_image,176.875,66.79901619663318
1790789446,363,6,steady,vgg16_image,553.509,460.7999999999999
1790789446,363,6,steady,vit_base_image,84.865,73.56037151702786
1790789446,363,6,steady,gpt2_p64_o64,1.327,0.232258064516129
1790789446,363,6,steady,gpt2_p512_o512,0,0.0
1790789446,363,6,steady,llama_p1024_o128,0,0.0
1790789446,363,6,steady,llama_p2048_o64,0,0.0
1790789447,364,,,resnet50_image,176.875,
1790789447,364,,,vgg16_image,553.509,
1790789447,364,,,vit_base_image,84.865,
1790789447,364,,,gpt2_p64_o64,1.327,
1790789447,364,,,gpt2_p512_o512,0,
1790789447,364,,,llama_p1024_o128,0,
1790789447,364,,,llama_p2048_o64,0,
1790789448,365,,,resnet50_image,176.875,
1790789448,365,,,vgg16_image,553.509,
1790789448,365,,,vit_base_image,84.865,
1790789448,365,,,gpt2_p64_o64,1.327,
1790789448,365,,,gpt2_p512_o512,0,
1790789448,365,,,llama_p1024_o128,0,
1790789448,365,,,llama_p2048_o64,0,
1790789449,366,,,resnet50_image,176.875,
1790789449,366,,,vgg16_image,553.509,
1790789449,366,,,vit_base_image,84.865,
1790789449,366,,,gpt2_p64_o64,1.327,
1790789449,366,,,gpt2_p512_o512,0,
1790789449,366,,,llama_p1024_o128,0,
1790789449,366,,,llama_p2048_o64,0,
1790789450,367,,,resnet50_image,176.875,
1790789450,367,,,vgg16_image,553.509,
1790789450,367,,,vit_base_image,84.865,
1790789450,367,,,gpt2_p64_o64,1.327,
1790789450,367,,,gpt2_p512_o512,0,
1790789450,367,,,llama_p1024_o128,0,
1790789450,367,,,llama_p2048_o64,0,
1790789451,368,,,resnet50_image,176.875,
1790789451,368,,,vgg16_image,553.509,
1790789451,368,,,vit_base_image,84.865,
1790789451,368,,,gpt2_p64_o64,1.327,
1790789451,368,,,gpt2_p512_o512,0,
1790789451,368,,,llama_p1024_o128,0,
1790789451,368,,,llama_p2048_o64,0,
1790789452,369,,,resnet50_image,176.875,
1790789452,369,,,vgg16_image,553.509,
1790789452,369,,,vit_base_image,84.865,
1790789452,369,,,gpt2_p64_o64,1.327,
1790789452,369,,,gpt2_p512_o512,0,
1790789452,369,,,llama_p1024_o128,0,
1790789452,369,,,llama_p2048_o64,0,
1790789453,370,,,resnet50_image,176.875,
1790789453,370,,,vgg16_image,553.509,
1790789453,370,,,vit_base_image,84.865,
1790789453,370,,,gpt2_p64_o64,1.327,
1790789453,370,,,gpt2_p512_o512,0,
1790789453,370,,,llama_p1024_o128,0,
1790789453,370,,,llama_p2048_o64,0,
1790789454,371,,,resnet50_image,176.875,
1790789454,371,,,vgg16_image,553.509,
1790789454,371,,,vit_base_image,84.865,
1790789454,371,,,gpt2_p64_o64,1.327,
1790789454,371,,,gpt2_p512_o512,0,
1790789454,371,,,llama_p1024_o128,0,
1790789454,371,,,llama_p2048_o64,0,
1790789455,372,,,resnet50_image,176.875,
1790789455,372,,,vgg16_image,553.509,
1790789455,372,,,vit_base_image,84.865,
1790789455,372,,,gpt2_p64_o64,1.327,
1790789455,372,,,gpt2_p512_o512,0,
1790789455,372,,,llama_p1024_o128,0,
1790789455,372,,,llama_p2048_o64,0,
1790789456,373,,,resnet50_image,176.875,
1790789456,373,,,vgg16_image,553.509,
1790789456,373,,,vit_base_image,84.865,
1790789456,373,,,gpt2_p64_o64,1.327,
1790789456,373,,,gpt2_p512_o512,0,
1790789456,373,,,llama_p1024_o128,0,
1790789456,373,,,llama_p2048_o64,0,
1790789457,374,,,resnet50_image,176.875,
1790789457,374,,,vgg16_image,553.509,
1790789457,374,,,vit_base_image,84.865,
1790789457,374,,,gpt2_p64_o64,1.327,
1790789457,374,,,gpt2_p512_o512,0,
1790789457,374,,,llama_p1024_o128,0,
1790789457,374,,,llama_p2048_o64,0,
1790789458,375,,,resnet50_image,176.875,
1790789458,375,,,vgg16_image,553.509,
1790789458,375,,,vit_base_image,84.865,
1790789458,375,,,gpt2_p64_o64,1.327,
1790789458,375,,,gpt2_p512_o512,0,
1790789458,375,,,llama_p1024_o128,0,
1790789458,375,,,llama_p2048_o64,0,
1790789459,376,,,resnet50_image,176.875,
1790789459,376,,,vgg16_image,553.509,
1790789459,376,,,vit_base_image,84.865,
1790789459,376,,,gpt2_p64_o64,1.327,
1790789459,376,,,gpt2_p512_o512,0,
1790789459,376,,,llama_p1024_o128,0,
1790789459,376,,,llama_p2048_o64,0,
1790789460,377,,,resnet50_image,176.875,
1790789460,377,,,vgg16_image,553.509,
1790789460,377,,,vit_base_image,84.865,
1790789460,377,,,gpt2_p64_o64,1.327,
1790789460,377,,,gpt2_p512_o512,0,
1790789460,377,,,llama_p1024_o128,0,
1790789460,377,,,llama_p2048_o64,0,
1790789461,378,7,transition,resnet50_image,176.875,57.53197095336495
1790789461,378,7,transition,vgg16_image,553.509,460.7999999999999
1790789461,378,7,transition,vit_base_image,84.865,73.56037151702786
1790789461,378,7,transition,gpt2_p64_o64,1.327,0.0
1790789461,378,7,transition,gpt2_p512_o512,0,0.0
1790789461,378,7,transition,llama_p1024_o128,0,0.0
1790789461,378,7,transition,llama_p2048_o64,0,0.0
1790789462,379,7,transition,resnet50_image,176.875,57.53197095336495
1790789462,379,7,transition,vgg16_image,553.509,460.7999999999999
1790789462,379,7,transition,vit_base_image,84.865,73.56037151702786
1790789462,379,7,transition,gpt2_p64_o64,1.327,0.0
1790789462,379,7,transition,gpt2_p512_o512,0,0.0
1790789462,379,7,transition,llama_p1024_o128,0,0.0
1790789462,379,7,transition,llama_p2048_o64,0,0.0
1790789463,380,7,transition,resnet50_image,176.875,57.53197095336495
1790789463,380,7,transition,vgg16_image,553.509,460.7999999999999
1790789463,380,7,transition,vit_base_image,84.865,73.56037151702786
1790789463,380,7,transition,gpt2_p64_o64,1.327,0.0
1790789463,380,7,transition,gpt2_p512_o512,0,0.0
1790789463,380,7,transition,llama_p1024_o128,0,0.0
1790789463,380,7,transition,llama_p2048_o64,0,0.0
1790789464,381,7,transition,resnet50_image,176.875,57.53197095336495
1790789464,381,7,transition,vgg16_image,553.509,460.7999999999999
1790789464,381,7,transition,vit_base_image,84.865,73.56037151702786
1790789464,381,7,transition,gpt2_p64_o64,1.327,0.0
1790789464,381,7,transition,gpt2_p512_o512,0,0.0
1790789464,381,7,transition,llama_p1024_o128,0,0.0
1790789464,381,7,transition,llama_p2048_o64,0,0.0
1790789465,382,7,transition,resnet50_image,176.875,57.53197095336495
1790789465,382,7,transition,vgg16_image,553.509,460.7999999999999
1790789465,382,7,transition,vit_base_image,84.865,73.56037151702786
1790789465,382,7,transition,gpt2_p64_o64,1.327,0.0
1790789465,382,7,transition,gpt2_p512_o512,0,0.0
1790789465,382,7,transition,llama_p1024_o128,0,0.0
1790789465,382,7,transition,llama_p2048_o64,0,0.0
1790789466,383,7,transition,resnet50_image,176.875,57.53197095336495
1790789466,383,7,transition,vgg16_image,553.509,460.7999999999999
1790789466,383,7,transition,vit_base_image,84.865,73.56037151702786
1790789466,383,7,transition,gpt2_p64_o64,1.327,0.0
1790789466,383,7,transition,gpt2_p512_o512,0,0.0
1790789466,383,7,transition,llama_p1024_o128,0,0.0
1790789466,383,7,transition,llama_p2048_o64,0,0.0
1790789467,384,7,transition,resnet50_image,176.875,57.53197095336495
1790789467,384,7,transition,vgg16_image,553.509,460.7999999999999
1790789467,384,7,transition,vit_base_image,84.865,73.56037151702786
1790789467,384,7,transition,gpt2_p64_o64,1.327,0.0
1790789467,384,7,transition,gpt2_p512_o512,0,0.0
1790789467,384,7,transition,llama_p1024_o128,0,0.0
1790789467,384,7,transition,llama_p2048_o64,0,0.0
1790789468,385,7,transition,resnet50_image,176.875,57.53197095336495
1790789468,385,7,transition,vgg16_image,553.509,460.7999999999999
1790789468,385,7,transition,vit_base_image,84.865,73.56037151702786
1790789468,385,7,transition,gpt2_p64_o64,1.327,0.0
1790789468,385,7,transition,gpt2_p512_o512,0,0.0
1790789468,385,7,transition,llama_p1024_o128,0,0.0
1790789468,385,7,transition,llama_p2048_o64,0,0.0
1790789469,386,7,transition,resnet50_image,176.875,57.53197095336495
1790789469,386,7,transition,vgg16_image,553.509,460.7999999999999
1790789469,386,7,transition,vit_base_image,84.865,73.56037151702786
1790789469,386,7,transition,gpt2_p64_o64,1.327,0.0
1790789469,386,7,transition,gpt2_p512_o512,0,0.0
1790789469,386,7,transition,llama_p1024_o128,0,0.0
1790789469,386,7,transition,llama_p2048_o64,0,0.0
1790789470,387,7,transition,resnet50_image,176.875,57.53197095336495
1790789470,387,7,transition,vgg16_image,553.509,460.7999999999999
1790789470,387,7,transition,vit_base_image,84.865,73.56037151702786
1790789470,387,7,transition,gpt2_p64_o64,1.327,0.0
1790789470,387,7,transition,gpt2_p512_o512,0,0.0
1790789470,387,7,transition,llama_p1024_o128,0,0.0
1790789470,387,7,transition,llama_p2048_o64,0,0.0
1790789471,388,7,transition,resnet50_image,176.875,57.53197095336495
1790789471,388,7,transition,vgg16_image,553.509,460.7999999999999
1790789471,388,7,transition,vit_base_image,84.865,73.56037151702786
1790789471,388,7,transition,gpt2_p64_o64,1.327,0.0
1790789471,388,7,transition,gpt2_p512_o512,0,0.0
1790789471,388,7,transition,llama_p1024_o128,0,0.0
1790789471,388,7,transition,llama_p2048_o64,0,0.0
1790789472,389,7,transition,resnet50_image,176.875,57.53197095336495
1790789472,389,7,transition,vgg16_image,553.509,460.7999999999999
1790789472,389,7,transition,vit_base_image,84.865,73.56037151702786
1790789472,389,7,transition,gpt2_p64_o64,1.327,0.0
1790789472,389,7,transition,gpt2_p512_o512,0,0.0
1790789472,389,7,transition,llama_p1024_o128,0,0.0
1790789472,389,7,transition,llama_p2048_o64,0,0.0
1790789473,390,7,transition,resnet50_image,176.875,57.53197095336495
1790789473,390,7,transition,vgg16_image,553.509,460.7999999999999
1790789473,390,7,transition,vit_base_image,84.865,73.56037151702786
1790789473,390,7,transition,gpt2_p64_o64,1.327,0.0
1790789473,390,7,transition,gpt2_p512_o512,0,0.0
1790789473,390,7,transition,llama_p1024_o128,0,0.0
1790789473,390,7,transition,llama_p2048_o64,0,0.0
1790789474,391,7,transition,resnet50_image,176.875,57.53197095336495
1790789474,391,7,transition,vgg16_image,553.509,460.7999999999999
1790789474,391,7,transition,vit_base_image,84.865,73.56037151702786
1790789474,391,7,transition,gpt2_p64_o64,1.327,0.0
1790789474,391,7,transition,gpt2_p512_o512,0,0.0
1790789474,391,7,transition,llama_p1024_o128,0,0.0
1790789474,391,7,transition,llama_p2048_o64,0,0.0
1790789475,392,7,transition,resnet50_image,176.875,57.53197095336495
1790789475,392,7,transition,vgg16_image,553.509,460.7999999999999
1790789475,392,7,transition,vit_base_image,84.865,73.56037151702786
1790789475,392,7,transition,gpt2_p64_o64,1.327,0.0
1790789475,392,7,transition,gpt2_p512_o512,0,0.0
1790789475,392,7,transition,llama_p1024_o128,0,0.0
1790789475,392,7,transition,llama_p2048_o64,0,0.0
1790789476,393,7,transition,resnet50_image,176.875,57.53197095336495
1790789476,393,7,transition,vgg16_image,553.509,460.7999999999999
1790789476,393,7,transition,vit_base_image,84.865,73.56037151702786
1790789476,393,7,transition,gpt2_p64_o64,0,0.0
1790789476,393,7,transition,gpt2_p512_o512,0,0.0
1790789476,393,7,transition,llama_p1024_o128,0,0.0
1790789476,393,7,transition,llama_p2048_o64,0,0.0
1790789477,394,7,transition,resnet50_image,176.875,57.53197095336495
1790789477,394,7,transition,vgg16_image,553.509,460.7999999999999
1790789477,394,7,transition,vit_base_image,84.865,73.56037151702786
1790789477,394,7,transition,gpt2_p64_o64,0,0.0
1790789477,394,7,transition,gpt2_p512_o512,0,0.0
1790789477,394,7,transition,llama_p1024_o128,0,0.0
1790789477,394,7,transition,llama_p2048_o64,0,0.0
1790789478,395,7,transition,resnet50_image,176.875,57.53197095336495
1790789478,395,7,transition,vgg16_image,553.509,460.7999999999999
1790789478,395,7,transition,vit_base_image,84.865,73.56037151702786
1790789478,395,7,transition,gpt2_p64_o64,0,0.0
1790789478,395,7,transition,gpt2_p512_o512,0,0.0
1790789478,395,7,transition,llama_p1024_o128,0,0.0
1790789478,395,7,transition,llama_p2048_o64,0,0.0
1790789479,396,7,transition,resnet50_image,176.875,57.53197095336495
1790789479,396,7,transition,vgg16_image,553.509,460.7999999999999
1790789479,396,7,transition,vit_base_image,84.865,73.56037151702786
1790789479,396,7,transition,gpt2_p64_o64,0,0.0
1790789479,396,7,transition,gpt2_p512_o512,0,0.0
1790789479,396,7,transition,llama_p1024_o128,0,0.0
1790789479,396,7,transition,llama_p2048_o64,0,0.0
1790789480,397,7,transition,resnet50_image,176.875,57.53197095336495
1790789480,397,7,transition,vgg16_image,553.509,460.7999999999999
1790789480,397,7,transition,vit_base_image,84.865,73.56037151702786
1790789480,397,7,transition,gpt2_p64_o64,0,0.0
1790789480,397,7,transition,gpt2_p512_o512,0,0.0
1790789480,397,7,transition,llama_p1024_o128,0,0.0
1790789480,397,7,transition,llama_p2048_o64,0,0.0
1790789481,398,7,transition,resnet50_image,176.875,57.53197095336495
1790789481,398,7,transition,vgg16_image,553.509,460.7999999999999
1790789481,398,7,transition,vit_base_image,84.865,73.56037151702786
1790789481,398,7,transition,gpt2_p64_o64,0,0.0
1790789481,398,7,transition,gpt2_p512_o512,0,0.0
1790789481,398,7,transition,llama_p1024_o128,0,0.0
1790789481,398,7,transition,llama_p2048_o64,0,0.0
1790789482,399,7,transition,resnet50_image,176.875,57.53197095336495
1790789482,399,7,transition,vgg16_image,553.509,460.7999999999999
1790789482,399,7,transition,vit_base_image,84.865,73.56037151702786
1790789482,399,7,transition,gpt2_p64_o64,0,0.0
1790789482,399,7,transition,gpt2_p512_o512,0,0.0
1790789482,399,7,transition,llama_p1024_o128,0,0.0
1790789482,399,7,transition,llama_p2048_o64,0,0.0
1790789483,400,7,transition,resnet50_image,176.875,57.53197095336495
1790789483,400,7,transition,vgg16_image,553.509,460.7999999999999
1790789483,400,7,transition,vit_base_image,84.865,73.56037151702786
1790789483,400,7,transition,gpt2_p64_o64,0,0.0
1790789483,400,7,transition,gpt2_p512_o512,0,0.0
1790789483,400,7,transition,llama_p1024_o128,0,0.0
1790789483,400,7,transition,llama_p2048_o64,0,0.0
1790789484,401,7,transition,resnet50_image,176.875,57.53197095336495
1790789484,401,7,transition,vgg16_image,553.509,460.7999999999999
1790789484,401,7,transition,vit_base_image,84.865,73.56037151702786
1790789484,401,7,transition,gpt2_p64_o64,0,0.0
1790789484,401,7,transition,gpt2_p512_o512,0,0.0
1790789484,401,7,transition,llama_p1024_o128,0,0.0
1790789484,401,7,transition,llama_p2048_o64,0,0.0
1790789485,402,7,transition,resnet50_image,176.875,57.53197095336495
1790789485,402,7,transition,vgg16_image,553.509,460.7999999999999
1790789485,402,7,transition,vit_base_image,84.865,73.56037151702786
1790789485,402,7,transition,gpt2_p64_o64,0,0.0
1790789485,402,7,transition,gpt2_p512_o512,0,0.0
1790789485,402,7,transition,llama_p1024_o128,0,0.0
1790789485,402,7,transition,llama_p2048_o64,0,0.0
1790789486,403,7,transition,resnet50_image,176.875,57.53197095336495
1790789486,403,7,transition,vgg16_image,553.509,460.7999999999999
1790789486,403,7,transition,vit_base_image,84.865,73.56037151702786
1790789486,403,7,transition,gpt2_p64_o64,0,0.0
1790789486,403,7,transition,gpt2_p512_o512,0,0.0
1790789486,403,7,transition,llama_p1024_o128,0,0.0
1790789486,403,7,transition,llama_p2048_o64,0,0.0
1790789487,404,7,steady,resnet50_image,176.875,57.53197095336495
1790789487,404,7,steady,vgg16_image,553.509,469.7719626168224
1790789487,404,7,steady,vit_base_image,131.391,122.60061919504642
1790789487,404,7,steady,gpt2_p64_o64,0,0.0
1790789487,404,7,steady,gpt2_p512_o512,0,0.0
1790789487,404,7,steady,llama_p1024_o128,0,0.0
1790789487,404,7,steady,llama_p2048_o64,0,0.0
1790789488,405,7,steady,resnet50_image,176.875,57.53197095336495
1790789488,405,7,steady,vgg16_image,553.509,469.7719626168224
1790789488,405,7,steady,vit_base_image,131.391,122.60061919504642
1790789488,405,7,steady,gpt2_p64_o64,0,0.0
1790789488,405,7,steady,gpt2_p512_o512,0,0.0
1790789488,405,7,steady,llama_p1024_o128,0,0.0
1790789488,405,7,steady,llama_p2048_o64,0,0.0
1790789489,406,7,steady,resnet50_image,176.875,57.53197095336495
1790789489,406,7,steady,vgg16_image,553.509,469.7719626168224
1790789489,406,7,steady,vit_base_image,131.391,122.60061919504642
1790789489,406,7,steady,gpt2_p64_o64,0,0.0
1790789489,406,7,steady,gpt2_p512_o512,0,0.0
1790789489,406,7,steady,llama_p1024_o128,0,0.0
1790789489,406,7,steady,llama_p2048_o64,0,0.0
1790789490,407,7,steady,resnet50_image,176.875,57.53197095336495
1790789490,407,7,steady,vgg16_image,553.509,469.7719626168224
1790789490,407,7,steady,vit_base_image,131.391,122.60061919504642
1790789490,407,7,steady,gpt2_p64_o64,0,0.0
1790789490,407,7,steady,gpt2_p512_o512,0,0.0
1790789490,407,7,steady,llama_p1024_o128,0,0.0
1790789490,407,7,steady,llama_p2048_o64,0,0.0
1790789491,408,7,steady,resnet50_image,176.875,57.53197095336495
1790789491,408,7,steady,vgg16_image,553.509,469.7719626168224
1790789491,408,7,steady,vit_base_image,131.391,122.60061919504642
1790789491,408,7,steady,gpt2_p64_o64,0,0.0
1790789491,408,7,steady,gpt2_p512_o512,0,0.0
1790789491,408,7,steady,llama_p1024_o128,0,0.0
1790789491,408,7,steady,llama_p2048_o64,0,0.0
1790789492,409,7,steady,resnet50_image,176.875,57.53197095336495
1790789492,409,7,steady,vgg16_image,553.509,469.7719626168224
1790789492,409,7,steady,vit_base_image,131.391,122.60061919504642
1790789492,409,7,steady,gpt2_p64_o64,0,0.0
1790789492,409,7,steady,gpt2_p512_o512,0,0.0
1790789492,409,7,steady,llama_p1024_o128,0,0.0
1790789492,409,7,steady,llama_p2048_o64,0,0.0
1790789493,410,7,steady,resnet50_image,176.875,57.53197095336495
1790789493,410,7,steady,vgg16_image,553.509,469.7719626168224
1790789493,410,7,steady,vit_base_image,131.391,122.60061919504642
1790789493,410,7,steady,gpt2_p64_o64,0,0.0
1790789493,410,7,steady,gpt2_p512_o512,0,0.0
1790789493,410,7,steady,llama_p1024_o128,0,0.0
1790789493,410,7,steady,llama_p2048_o64,0,0.0
1790789494,411,7,steady,resnet50_image,176.875,57.53197095336495
1790789494,411,7,steady,vgg16_image,553.509,469.7719626168224
1790789494,411,7,steady,vit_base_image,131.391,122.60061919504642
1790789494,411,7,steady,gpt2_p64_o64,0,0.0
1790789494,411,7,steady,gpt2_p512_o512,0,0.0
1790789494,411,7,steady,llama_p1024_o128,0,0.0
1790789494,411,7,steady,llama_p2048_o64,0,0.0
1790789495,412,7,steady,resnet50_image,176.875,57.53197095336495
1790789495,412,7,steady,vgg16_image,553.509,469.7719626168224
1790789495,412,7,steady,vit_base_image,131.391,122.60061919504642
1790789495,412,7,steady,gpt2_p64_o64,0,0.0
1790789495,412,7,steady,gpt2_p512_o512,0,0.0
1790789495,412,7,steady,llama_p1024_o128,0,0.0
1790789495,412,7,steady,llama_p2048_o64,0,0.0
1790789496,413,7,steady,resnet50_image,176.875,57.53197095336495
1790789496,413,7,steady,vgg16_image,553.509,469.7719626168224
1790789496,413,7,steady,vit_base_image,131.391,122.60061919504642
1790789496,413,7,steady,gpt2_p64_o64,0,0.0
1790789496,413,7,steady,gpt2_p512_o512,0,0.0
1790789496,413,7,steady,llama_p1024_o128,0,0.0
1790789496,413,7,steady,llama_p2048_o64,0,0.0
1790789497,414,7,steady,resnet50_image,176.875,57.53197095336495
1790789497,414,7,steady,vgg16_image,553.509,469.7719626168224
1790789497,414,7,steady,vit_base_image,131.391,122.60061919504642
1790789497,414,7,steady,gpt2_p64_o64,0,0.0
1790789497,414,7,steady,gpt2_p512_o512,0,0.0
1790789497,414,7,steady,llama_p1024_o128,0,0.0
1790789497,414,7,steady,llama_p2048_o64,0,0.0
1790789498,415,7,steady,resnet50_image,176.875,57.53197095336495
1790789498,415,7,steady,vgg16_image,553.509,469.7719626168224
1790789498,415,7,steady,vit_base_image,131.391,122.60061919504642
1790789498,415,7,steady,gpt2_p64_o64,0,0.0
1790789498,415,7,steady,gpt2_p512_o512,0,0.0
1790789498,415,7,steady,llama_p1024_o128,0,0.0
1790789498,415,7,steady,llama_p2048_o64,0,0.0
1790789499,416,7,steady,resnet50_image,176.875,57.53197095336495
1790789499,416,7,steady,vgg16_image,553.509,469.7719626168224
1790789499,416,7,steady,vit_base_image,131.391,122.60061919504642
1790789499,416,7,steady,gpt2_p64_o64,0,0.0
1790789499,416,7,steady,gpt2_p512_o512,0,0.0
1790789499,416,7,steady,llama_p1024_o128,0,0.0
1790789499,416,7,steady,llama_p2048_o64,0,0.0
1790789500,417,7,steady,resnet50_image,176.875,57.53197095336495
1790789500,417,7,steady,vgg16_image,553.509,469.7719626168224
1790789500,417,7,steady,vit_base_image,131.391,122.60061919504642
1790789500,417,7,steady,gpt2_p64_o64,0,0.0
1790789500,417,7,steady,gpt2_p512_o512,0,0.0
1790789500,417,7,steady,llama_p1024_o128,0,0.0
1790789500,417,7,steady,llama_p2048_o64,0,0.0
1790789501,418,7,steady,resnet50_image,176.875,57.53197095336495
1790789501,418,7,steady,vgg16_image,553.509,469.7719626168224
1790789501,418,7,steady,vit_base_image,131.391,122.60061919504642
1790789501,418,7,steady,gpt2_p64_o64,0,0.0
1790789501,418,7,steady,gpt2_p512_o512,0,0.0
1790789501,418,7,steady,llama_p1024_o128,0,0.0
1790789501,418,7,steady,llama_p2048_o64,0,0.0
1790789502,419,7,steady,resnet50_image,176.875,57.53197095336495
1790789502,419,7,steady,vgg16_image,553.509,469.7719626168224
1790789502,419,7,steady,vit_base_image,131.391,122.60061919504642
1790789502,419,7,steady,gpt2_p64_o64,0,0.0
1790789502,419,7,steady,gpt2_p512_o512,0,0.0
1790789502,419,7,steady,llama_p1024_o128,0,0.0
1790789502,419,7,steady,llama_p2048_o64,0,0.0
1790789503,420,7,steady,resnet50_image,176.875,57.53197095336495
1790789503,420,7,steady,vgg16_image,553.509,469.7719626168224
1790789503,420,7,steady,vit_base_image,131.391,122.60061919504642
1790789503,420,7,steady,gpt2_p64_o64,0,0.0
1790789503,420,7,steady,gpt2_p512_o512,0,0.0
1790789503,420,7,steady,llama_p1024_o128,0,0.0
1790789503,420,7,steady,llama_p2048_o64,0,0.0
1790789504,421,7,steady,resnet50_image,176.875,57.53197095336495
1790789504,421,7,steady,vgg16_image,553.509,469.7719626168224
1790789504,421,7,steady,vit_base_image,131.391,122.60061919504642
1790789504,421,7,steady,gpt2_p64_o64,0,0.0
1790789504,421,7,steady,gpt2_p512_o512,0,0.0
1790789504,421,7,steady,llama_p1024_o128,0,0.0
1790789504,421,7,steady,llama_p2048_o64,0,0.0
1790789505,422,7,steady,resnet50_image,176.875,57.53197095336495
1790789505,422,7,steady,vgg16_image,553.509,469.7719626168224
1790789505,422,7,steady,vit_base_image,131.391,122.60061919504642
1790789505,422,7,steady,gpt2_p64_o64,0,0.0
1790789505,422,7,steady,gpt2_p512_o512,0,0.0
1790789505,422,7,steady,llama_p1024_o128,0,0.0
1790789505,422,7,steady,llama_p2048_o64,0,0.0
1790789506,423,7,steady,resnet50_image,176.875,57.53197095336495
1790789506,423,7,steady,vgg16_image,553.509,469.7719626168224
1790789506,423,7,steady,vit_base_image,131.391,122.60061919504642
1790789506,423,7,steady,gpt2_p64_o64,0,0.0
1790789506,423,7,steady,gpt2_p512_o512,0,0.0
1790789506,423,7,steady,llama_p1024_o128,0,0.0
1790789506,423,7,steady,llama_p2048_o64,0,0.0
1790789507,424,7,steady,resnet50_image,176.875,57.53197095336495
1790789507,424,7,steady,vgg16_image,553.509,469.7719626168224
1790789507,424,7,steady,vit_base_image,131.391,122.60061919504642
1790789507,424,7,steady,gpt2_p64_o64,0,0.0
1790789507,424,7,steady,gpt2_p512_o512,0,0.0
1790789507,424,7,steady,llama_p1024_o128,0,0.0
1790789507,424,7,steady,llama_p2048_o64,0,0.0
1790789508,425,7,steady,resnet50_image,176.875,57.53197095336495
1790789508,425,7,steady,vgg16_image,553.509,469.7719626168224
1790789508,425,7,steady,vit_base_image,131.391,122.60061919504642
1790789508,425,7,steady,gpt2_p64_o64,0,0.0
1790789508,425,7,steady,gpt2_p512_o512,0,0.0
1790789508,425,7,steady,llama_p1024_o128,0,0.0
1790789508,425,7,steady,llama_p2048_o64,0,0.0
1790789509,426,7,steady,resnet50_image,176.875,57.53197095336495
1790789509,426,7,steady,vgg16_image,553.509,469.7719626168224
1790789509,426,7,steady,vit_base_image,131.391,122.60061919504642
1790789509,426,7,steady,gpt2_p64_o64,0,0.0
1790789509,426,7,steady,gpt2_p512_o512,0,0.0
1790789509,426,7,steady,llama_p1024_o128,0,0.0
1790789509,426,7,steady,llama_p2048_o64,0,0.0
1790789510,427,7,steady,resnet50_image,176.875,57.53197095336495
1790789510,427,7,steady,vgg16_image,553.509,469.7719626168224
1790789510,427,7,steady,vit_base_image,131.391,122.60061919504642
1790789510,427,7,steady,gpt2_p64_o64,0,0.0
1790789510,427,7,steady,gpt2_p512_o512,0,0.0
1790789510,427,7,steady,llama_p1024_o128,0,0.0
1790789510,427,7,steady,llama_p2048_o64,0,0.0
1790789511,428,7,steady,resnet50_image,176.875,57.53197095336495
1790789511,428,7,steady,vgg16_image,553.509,469.7719626168224
1790789511,428,7,steady,vit_base_image,131.391,122.60061919504642
1790789511,428,7,steady,gpt2_p64_o64,0,0.0
1790789511,428,7,steady,gpt2_p512_o512,0,0.0
1790789511,428,7,steady,llama_p1024_o128,0,0.0
1790789511,428,7,steady,llama_p2048_o64,0,0.0
1790789512,429,7,steady,resnet50_image,176.875,57.53197095336495
1790789512,429,7,steady,vgg16_image,553.509,469.7719626168224
1790789512,429,7,steady,vit_base_image,131.391,122.60061919504642
1790789512,429,7,steady,gpt2_p64_o64,0,0.0
1790789512,429,7,steady,gpt2_p512_o512,0,0.0
1790789512,429,7,steady,llama_p1024_o128,0,0.0
1790789512,429,7,steady,llama_p2048_o64,0,0.0
1790789513,430,7,steady,resnet50_image,176.875,57.53197095336495
1790789513,430,7,steady,vgg16_image,553.509,469.7719626168224
1790789513,430,7,steady,vit_base_image,131.391,122.60061919504642
1790789513,430,7,steady,gpt2_p64_o64,0,0.0
1790789513,430,7,steady,gpt2_p512_o512,0,0.0
1790789513,430,7,steady,llama_p1024_o128,0,0.0
1790789513,430,7,steady,llama_p2048_o64,0,0.0
1790789514,431,7,steady,resnet50_image,176.875,57.53197095336495
1790789514,431,7,steady,vgg16_image,553.509,469.7719626168224
1790789514,431,7,steady,vit_base_image,131.391,122.60061919504642
1790789514,431,7,steady,gpt2_p64_o64,0,0.0
1790789514,431,7,steady,gpt2_p512_o512,0,0.0
1790789514,431,7,steady,llama_p1024_o128,0,0.0
1790789514,431,7,steady,llama_p2048_o64,0,0.0
1790789515,432,7,steady,resnet50_image,176.875,57.53197095336495
1790789515,432,7,steady,vgg16_image,553.509,469.7719626168224
1790789515,432,7,steady,vit_base_image,131.391,122.60061919504642
1790789515,432,7,steady,gpt2_p64_o64,0,0.0
1790789515,432,7,steady,gpt2_p512_o512,0,0.0
1790789515,432,7,steady,llama_p1024_o128,0,0.0
1790789515,432,7,steady,llama_p2048_o64,0,0.0
1790789516,433,7,steady,resnet50_image,176.875,57.53197095336495
1790789516,433,7,steady,vgg16_image,553.509,469.7719626168224
1790789516,433,7,steady,vit_base_image,131.391,122.60061919504642
1790789516,433,7,steady,gpt2_p64_o64,0,0.0
1790789516,433,7,steady,gpt2_p512_o512,0,0.0
1790789516,433,7,steady,llama_p1024_o128,0,0.0
1790789516,433,7,steady,llama_p2048_o64,0,0.0
1790789517,434,,,resnet50_image,176.875,
1790789517,434,,,vgg16_image,553.509,
1790789517,434,,,vit_base_image,131.391,
1790789517,434,,,gpt2_p64_o64,0,
1790789517,434,,,gpt2_p512_o512,0,
1790789517,434,,,llama_p1024_o128,0,
1790789517,434,,,llama_p2048_o64,0,
1790789518,435,,,resnet50_image,176.875,
1790789518,435,,,vgg16_image,553.509,
1790789518,435,,,vit_base_image,131.391,
1790789518,435,,,gpt2_p64_o64,0,
1790789518,435,,,gpt2_p512_o512,0,
1790789518,435,,,llama_p1024_o128,0,
1790789518,435,,,llama_p2048_o64,0,
1790789519,436,,,resnet50_image,176.875,
1790789519,436,,,vgg16_image,553.509,
1790789519,436,,,vit_base_image,131.391,
1790789519,436,,,gpt2_p64_o64,0,
1790789519,436,,,gpt2_p512_o512,0,
1790789519,436,,,llama_p1024_o128,0,
1790789519,436,,,llama_p2048_o64,0,
1790789520,437,,,resnet50_image,176.875,
1790789520,437,,,vgg16_image,553.509,
1790789520,437,,,vit_base_image,131.391,
1790789520,437,,,gpt2_p64_o64,0,
1790789520,437,,,gpt2_p512_o512,0,
1790789520,437,,,llama_p1024_o128,0,
1790789520,437,,,llama_p2048_o64,0,
1790789521,438,,,resnet50_image,176.875,
1790789521,438,,,vgg16_image,553.509,
1790789521,438,,,vit_base_image,131.391,
1790789521,438,,,gpt2_p64_o64,0,
1790789521,438,,,gpt2_p512_o512,0,
1790789521,438,,,llama_p1024_o128,0,
1790789521,438,,,llama_p2048_o64,0,
1790789522,439,,,resnet50_image,176.875,
1790789522,439,,,vgg16_image,553.509,
1790789522,439,,,vit_base_image,131.391,
1790789522,439,,,gpt2_p64_o64,0,
1790789522,439,,,gpt2_p512_o512,0,
1790789522,439,,,llama_p1024_o128,0,
1790789522,439,,,llama_p2048_o64,0,
1790789523,440,,,resnet50_image,176.875,
1790789523,440,,,vgg16_image,553.509,
1790789523,440,,,vit_base_image,131.391,
1790789523,440,,,gpt2_p64_o64,0,
1790789523,440,,,gpt2_p512_o512,0,
1790789523,440,,,llama_p1024_o128,0,
1790789523,440,,,llama_p2048_o64,0,
1790789524,441,,,resnet50_image,176.875,
1790789524,441,,,vgg16_image,553.509,
1790789524,441,,,vit_base_image,131.391,
1790789524,441,,,gpt2_p64_o64,0,
1790789524,441,,,gpt2_p512_o512,0,
1790789524,441,,,llama_p1024_o128,0,
1790789524,441,,,llama_p2048_o64,0,
1790789525,442,,,resnet50_image,176.875,
1790789525,442,,,vgg16_image,553.509,
1790789525,442,,,vit_base_image,131.391,
1790789525,442,,,gpt2_p64_o64,0,
1790789525,442,,,gpt2_p512_o512,0,
1790789525,442,,,llama_p1024_o128,0,
1790789525,442,,,llama_p2048_o64,0,
1790789526,443,,,resnet50_image,176.875,
1790789526,443,,,vgg16_image,553.509,
1790789526,443,,,vit_base_image,131.391,
1790789526,443,,,gpt2_p64_o64,0,
1790789526,443,,,gpt2_p512_o512,0,
1790789526,443,,,llama_p1024_o128,0,
1790789526,443,,,llama_p2048_o64,0,
1790789527,444,,,resnet50_image,176.875,
1790789527,444,,,vgg16_image,553.509,
1790789527,444,,,vit_base_image,131.391,
1790789527,444,,,gpt2_p64_o64,0,
1790789527,444,,,gpt2_p512_o512,0,
1790789527,444,,,llama_p1024_o128,0,
1790789527,444,,,llama_p2048_o64,0,
1790789528,445,,,resnet50_image,176.875,
1790789528,445,,,vgg16_image,553.509,
1790789528,445,,,vit_base_image,131.391,
1790789528,445,,,gpt2_p64_o64,0,
1790789528,445,,,gpt2_p512_o512,0,
1790789528,445,,,llama_p1024_o128,0,
1790789528,445,,,llama_p2048_o64,0,
1790789529,446,,,resnet50_image,176.875,
1790789529,446,,,vgg16_image,553.509,
1790789529,446,,,vit_base_image,131.391,
1790789529,446,,,gpt2_p64_o64,0,
1790789529,446,,,gpt2_p512_o512,0,
1790789529,446,,,llama_p1024_o128,0,
1790789529,446,,,llama_p2048_o64,0,
1790789530,447,,,resnet50_image,176.875,
1790789530,447,,,vgg16_image,553.509,
1790789530,447,,,vit_base_image,131.391,
1790789530,447,,,gpt2_p64_o64,0,
1790789530,447,,,gpt2_p512_o512,0,
1790789530,447,,,llama_p1024_o128,0,
1790789530,447,,,llama_p2048_o64,0,
1790789531,448,,,resnet50_image,176.875,
1790789531,448,,,vgg16_image,553.509,
1790789531,448,,,vit_base_image,131.391,
1790789531,448,,,gpt2_p64_o64,0,
1790789531,448,,,gpt2_p512_o512,0,
1790789531,448,,,llama_p1024_o128,0,
1790789531,448,,,llama_p2048_o64,0,
1790789532,449,,,resnet50_image,176.875,
1790789532,449,,,vgg16_image,553.509,
1790789532,449,,,vit_base_image,131.391,
1790789532,449,,,gpt2_p64_o64,0,
1790789532,449,,,gpt2_p512_o512,0,
1790789532,449,,,llama_p1024_o128,0,
1790789532,449,,,llama_p2048_o64,0,
1790789533,450,,,resnet50_image,176.875,
1790789533,450,,,vgg16_image,553.509,
1790789533,450,,,vit_base_image,131.391,
1790789533,450,,,gpt2_p64_o64,0,
1790789533,450,,,gpt2_p512_o512,0,
1790789533,450,,,llama_p1024_o128,0,
1790789533,450,,,llama_p2048_o64,0,
1790789534,451,8,transition,resnet50_image,176.875,57.53197095336495
1790789534,451,8,transition,vgg16_image,553.509,317.607476635514
1790789534,451,8,transition,vit_base_image,131.391,122.60061919504642
1790789534,451,8,transition,gpt2_p64_o64,0,0.0
1790789534,451,8,transition,gpt2_p512_o512,0,0.0
1790789534,451,8,transition,llama_p1024_o128,0,0.0
1790789534,451,8,transition,llama_p2048_o64,0,0.0
1790789535,452,8,transition,resnet50_image,176.875,57.53197095336495
1790789535,452,8,transition,vgg16_image,553.509,317.607476635514
1790789535,452,8,transition,vit_base_image,131.391,122.60061919504642
1790789535,452,8,transition,gpt2_p64_o64,0,0.0
1790789535,452,8,transition,gpt2_p512_o512,0,0.0
1790789535,452,8,transition,llama_p1024_o128,0,0.0
1790789535,452,8,transition,llama_p2048_o64,0,0.0
1790789536,453,8,transition,resnet50_image,176.875,57.53197095336495
1790789536,453,8,transition,vgg16_image,553.509,317.607476635514
1790789536,453,8,transition,vit_base_image,131.391,122.60061919504642
1790789536,453,8,transition,gpt2_p64_o64,0,0.0
1790789536,453,8,transition,gpt2_p512_o512,0,0.0
1790789536,453,8,transition,llama_p1024_o128,0,0.0
1790789536,453,8,transition,llama_p2048_o64,0,0.0
1790789537,454,8,transition,resnet50_image,176.875,57.53197095336495
1790789537,454,8,transition,vgg16_image,553.509,317.607476635514
1790789537,454,8,transition,vit_base_image,131.391,122.60061919504642
1790789537,454,8,transition,gpt2_p64_o64,0,0.0
1790789537,454,8,transition,gpt2_p512_o512,0,0.0
1790789537,454,8,transition,llama_p1024_o128,0,0.0
1790789537,454,8,transition,llama_p2048_o64,0,0.0
1790789538,455,8,transition,resnet50_image,176.875,57.53197095336495
1790789538,455,8,transition,vgg16_image,553.509,317.607476635514
1790789538,455,8,transition,vit_base_image,131.391,122.60061919504642
1790789538,455,8,transition,gpt2_p64_o64,0,0.0
1790789538,455,8,transition,gpt2_p512_o512,0,0.0
1790789538,455,8,transition,llama_p1024_o128,0,0.0
1790789538,455,8,transition,llama_p2048_o64,0,0.0
1790789539,456,8,transition,resnet50_image,176.875,57.53197095336495
1790789539,456,8,transition,vgg16_image,553.509,317.607476635514
1790789539,456,8,transition,vit_base_image,131.391,122.60061919504642
1790789539,456,8,transition,gpt2_p64_o64,0,0.0
1790789539,456,8,transition,gpt2_p512_o512,0,0.0
1790789539,456,8,transition,llama_p1024_o128,0,0.0
1790789539,456,8,transition,llama_p2048_o64,0,0.0
1790789540,457,8,transition,resnet50_image,176.875,57.53197095336495
1790789540,457,8,transition,vgg16_image,553.509,317.607476635514
1790789540,457,8,transition,vit_base_image,131.391,122.60061919504642
1790789540,457,8,transition,gpt2_p64_o64,0,0.0
1790789540,457,8,transition,gpt2_p512_o512,0,0.0
1790789540,457,8,transition,llama_p1024_o128,0,0.0
1790789540,457,8,transition,llama_p2048_o64,0,0.0
1790789541,458,8,transition,resnet50_image,176.875,57.53197095336495
1790789541,458,8,transition,vgg16_image,553.509,317.607476635514
1790789541,458,8,transition,vit_base_image,131.391,122.60061919504642
1790789541,458,8,transition,gpt2_p64_o64,0,0.0
1790789541,458,8,transition,gpt2_p512_o512,0,0.0
1790789541,458,8,transition,llama_p1024_o128,0,0.0
1790789541,458,8,transition,llama_p2048_o64,0,0.0
1790789542,459,8,transition,resnet50_image,176.875,57.53197095336495
1790789542,459,8,transition,vgg16_image,553.509,317.607476635514
1790789542,459,8,transition,vit_base_image,131.391,122.60061919504642
1790789542,459,8,transition,gpt2_p64_o64,0,0.0
1790789542,459,8,transition,gpt2_p512_o512,0,0.0
1790789542,459,8,transition,llama_p1024_o128,0,0.0
1790789542,459,8,transition,llama_p2048_o64,0,0.0
1790789543,460,8,transition,resnet50_image,176.875,57.53197095336495
1790789543,460,8,transition,vgg16_image,553.509,317.607476635514
1790789543,460,8,transition,vit_base_image,131.391,122.60061919504642
1790789543,460,8,transition,gpt2_p64_o64,0,0.0
1790789543,460,8,transition,gpt2_p512_o512,0,0.0
1790789543,460,8,transition,llama_p1024_o128,0,0.0
1790789543,460,8,transition,llama_p2048_o64,0,0.0
1790789544,461,8,transition,resnet50_image,176.875,57.53197095336495
1790789544,461,8,transition,vgg16_image,553.509,317.607476635514
1790789544,461,8,transition,vit_base_image,131.391,122.60061919504642
1790789544,461,8,transition,gpt2_p64_o64,0,0.0
1790789544,461,8,transition,gpt2_p512_o512,0,0.0
1790789544,461,8,transition,llama_p1024_o128,0,0.0
1790789544,461,8,transition,llama_p2048_o64,0,0.0
1790789545,462,8,transition,resnet50_image,176.875,57.53197095336495
1790789545,462,8,transition,vgg16_image,553.509,317.607476635514
1790789545,462,8,transition,vit_base_image,131.391,122.60061919504642
1790789545,462,8,transition,gpt2_p64_o64,0,0.0
1790789545,462,8,transition,gpt2_p512_o512,0,0.0
1790789545,462,8,transition,llama_p1024_o128,0,0.0
1790789545,462,8,transition,llama_p2048_o64,0,0.0
1790789546,463,8,transition,resnet50_image,176.875,57.53197095336495
1790789546,463,8,transition,vgg16_image,553.509,317.607476635514
1790789546,463,8,transition,vit_base_image,131.391,122.60061919504642
1790789546,463,8,transition,gpt2_p64_o64,0,0.0
1790789546,463,8,transition,gpt2_p512_o512,0,0.0
1790789546,463,8,transition,llama_p1024_o128,0,0.0
1790789546,463,8,transition,llama_p2048_o64,0,0.0
1790789547,464,8,transition,resnet50_image,176.875,57.53197095336495
1790789547,464,8,transition,vgg16_image,553.509,317.607476635514
1790789547,464,8,transition,vit_base_image,131.391,122.60061919504642
1790789547,464,8,transition,gpt2_p64_o64,0,0.0
1790789547,464,8,transition,gpt2_p512_o512,0,0.0
1790789547,464,8,transition,llama_p1024_o128,0,0.0
1790789547,464,8,transition,llama_p2048_o64,0,0.0
1790789548,465,8,transition,resnet50_image,176.875,57.53197095336495
1790789548,465,8,transition,vgg16_image,338.841,317.607476635514
1790789548,465,8,transition,vit_base_image,131.391,122.60061919504642
1790789548,465,8,transition,gpt2_p64_o64,0,0.0
1790789548,465,8,transition,gpt2_p512_o512,0,0.0
1790789548,465,8,transition,llama_p1024_o128,0,0.0
1790789548,465,8,transition,llama_p2048_o64,0,0.0
1790789549,466,8,transition,resnet50_image,176.875,57.53197095336495
1790789549,466,8,transition,vgg16_image,338.841,317.607476635514
1790789549,466,8,transition,vit_base_image,131.391,122.60061919504642
1790789549,466,8,transition,gpt2_p64_o64,0,0.0
1790789549,466,8,transition,gpt2_p512_o512,0,0.0
1790789549,466,8,transition,llama_p1024_o128,0,0.0
1790789549,466,8,transition,llama_p2048_o64,0,0.0
1790789550,467,8,steady,resnet50_image,176.875,82.23661214667806
1790789550,467,8,steady,vgg16_image,338.841,317.607476635514
1790789550,467,8,steady,vit_base_image,131.391,122.60061919504642
1790789550,467,8,steady,gpt2_p64_o64,0,0.0
1790789550,467,8,steady,gpt2_p512_o512,0,0.0
1790789550,467,8,steady,llama_p1024_o128,0,0.0
1790789550,467,8,steady,llama_p2048_o64,0,0.0
1790789551,468,8,steady,resnet50_image,176.875,82.23661214667806
1790789551,468,8,steady,vgg16_image,338.841,317.607476635514
1790789551,468,8,steady,vit_base_image,131.391,122.60061919504642
1790789551,468,8,steady,gpt2_p64_o64,0,0.0
1790789551,468,8,steady,gpt2_p512_o512,0,0.0
1790789551,468,8,steady,llama_p1024_o128,0,0.0
1790789551,468,8,steady,llama_p2048_o64,0,0.0
1790789552,469,8,steady,resnet50_image,176.875,82.23661214667806
1790789552,469,8,steady,vgg16_image,338.841,317.607476635514
1790789552,469,8,steady,vit_base_image,131.391,122.60061919504642
1790789552,469,8,steady,gpt2_p64_o64,0,0.0
1790789552,469,8,steady,gpt2_p512_o512,0,0.0
1790789552,469,8,steady,llama_p1024_o128,0,0.0
1790789552,469,8,steady,llama_p2048_o64,0,0.0
1790789553,470,8,steady,resnet50_image,176.875,82.23661214667806
1790789553,470,8,steady,vgg16_image,338.841,317.607476635514
1790789553,470,8,steady,vit_base_image,131.391,122.60061919504642
1790789553,470,8,steady,gpt2_p64_o64,0,0.0
1790789553,470,8,steady,gpt2_p512_o512,0,0.0
1790789553,470,8,steady,llama_p1024_o128,0,0.0
1790789553,470,8,steady,llama_p2048_o64,0,0.0
1790789554,471,8,steady,resnet50_image,176.875,82.23661214667806
1790789554,471,8,steady,vgg16_image,338.841,317.607476635514
1790789554,471,8,steady,vit_base_image,131.391,122.60061919504642
1790789554,471,8,steady,gpt2_p64_o64,0,0.0
1790789554,471,8,steady,gpt2_p512_o512,0,0.0
1790789554,471,8,steady,llama_p1024_o128,0,0.0
1790789554,471,8,steady,llama_p2048_o64,0,0.0
1790789555,472,8,steady,resnet50_image,176.875,82.23661214667806
1790789555,472,8,steady,vgg16_image,338.841,317.607476635514
1790789555,472,8,steady,vit_base_image,131.391,122.60061919504642
1790789555,472,8,steady,gpt2_p64_o64,0,0.0
1790789555,472,8,steady,gpt2_p512_o512,0,0.0
1790789555,472,8,steady,llama_p1024_o128,0,0.0
1790789555,472,8,steady,llama_p2048_o64,0,0.0
1790789556,473,8,steady,resnet50_image,176.875,82.23661214667806
1790789556,473,8,steady,vgg16_image,338.841,317.607476635514
1790789556,473,8,steady,vit_base_image,131.391,122.60061919504642
1790789556,473,8,steady,gpt2_p64_o64,0,0.0
1790789556,473,8,steady,gpt2_p512_o512,0,0.0
1790789556,473,8,steady,llama_p1024_o128,0,0.0
1790789556,473,8,steady,llama_p2048_o64,0,0.0
1790789557,474,8,steady,resnet50_image,176.875,82.23661214667806
1790789557,474,8,steady,vgg16_image,338.841,317.607476635514
1790789557,474,8,steady,vit_base_image,131.391,122.60061919504642
1790789557,474,8,steady,gpt2_p64_o64,0,0.0
1790789557,474,8,steady,gpt2_p512_o512,0,0.0
1790789557,474,8,steady,llama_p1024_o128,0,0.0
1790789557,474,8,steady,llama_p2048_o64,0,0.0
1790789558,475,8,steady,resnet50_image,176.875,82.23661214667806
1790789558,475,8,steady,vgg16_image,338.841,317.607476635514
1790789558,475,8,steady,vit_base_image,131.391,122.60061919504642
1790789558,475,8,steady,gpt2_p64_o64,0,0.0
1790789558,475,8,steady,gpt2_p512_o512,0,0.0
1790789558,475,8,steady,llama_p1024_o128,0,0.0
1790789558,475,8,steady,llama_p2048_o64,0,0.0
1790789559,476,8,steady,resnet50_image,176.875,82.23661214667806
1790789559,476,8,steady,vgg16_image,338.841,317.607476635514
1790789559,476,8,steady,vit_base_image,131.391,122.60061919504642
1790789559,476,8,steady,gpt2_p64_o64,0,0.0
1790789559,476,8,steady,gpt2_p512_o512,0,0.0
1790789559,476,8,steady,llama_p1024_o128,0,0.0
1790789559,476,8,steady,llama_p2048_o64,0,0.0
1790789560,477,8,steady,resnet50_image,176.875,82.23661214667806
1790789560,477,8,steady,vgg16_image,338.841,317.607476635514
1790789560,477,8,steady,vit_base_image,131.391,122.60061919504642
1790789560,477,8,steady,gpt2_p64_o64,0,0.0
1790789560,477,8,steady,gpt2_p512_o512,0,0.0
1790789560,477,8,steady,llama_p1024_o128,0,0.0
1790789560,477,8,steady,llama_p2048_o64,0,0.0
1790789561,478,8,steady,resnet50_image,176.875,82.23661214667806
1790789561,478,8,steady,vgg16_image,338.841,317.607476635514
1790789561,478,8,steady,vit_base_image,131.391,122.60061919504642
1790789561,478,8,steady,gpt2_p64_o64,0,0.0
1790789561,478,8,steady,gpt2_p512_o512,0,0.0
1790789561,478,8,steady,llama_p1024_o128,0,0.0
1790789561,478,8,steady,llama_p2048_o64,0,0.0
1790789562,479,8,steady,resnet50_image,176.875,82.23661214667806
1790789562,479,8,steady,vgg16_image,338.841,317.607476635514
1790789562,479,8,steady,vit_base_image,131.391,122.60061919504642
1790789562,479,8,steady,gpt2_p64_o64,0,0.0
1790789562,479,8,steady,gpt2_p512_o512,0,0.0
1790789562,479,8,steady,llama_p1024_o128,0,0.0
1790789562,479,8,steady,llama_p2048_o64,0,0.0
1790789563,480,8,steady,resnet50_image,176.875,82.23661214667806
1790789563,480,8,steady,vgg16_image,338.841,317.607476635514
1790789563,480,8,steady,vit_base_image,131.391,122.60061919504642
1790789563,480,8,steady,gpt2_p64_o64,0,0.0
1790789563,480,8,steady,gpt2_p512_o512,0,0.0
1790789563,480,8,steady,llama_p1024_o128,0,0.0
1790789563,480,8,steady,llama_p2048_o64,0,0.0
1790789564,481,8,steady,resnet50_image,176.875,82.23661214667806
1790789564,481,8,steady,vgg16_image,338.841,317.607476635514
1790789564,481,8,steady,vit_base_image,131.391,122.60061919504642
1790789564,481,8,steady,gpt2_p64_o64,0,0.0
1790789564,481,8,steady,gpt2_p512_o512,0,0.0
1790789564,481,8,steady,llama_p1024_o128,0,0.0
1790789564,481,8,steady,llama_p2048_o64,0,0.0
1790789565,482,8,steady,resnet50_image,176.875,82.23661214667806
1790789565,482,8,steady,vgg16_image,338.841,317.607476635514
1790789565,482,8,steady,vit_base_image,131.391,122.60061919504642
1790789565,482,8,steady,gpt2_p64_o64,0,0.0
1790789565,482,8,steady,gpt2_p512_o512,0,0.0
1790789565,482,8,steady,llama_p1024_o128,0,0.0
1790789565,482,8,steady,llama_p2048_o64,0,0.0
1790789566,483,8,steady,resnet50_image,176.875,82.23661214667806
1790789566,483,8,steady,vgg16_image,338.841,317.607476635514
1790789566,483,8,steady,vit_base_image,131.391,122.60061919504642
1790789566,483,8,steady,gpt2_p64_o64,0,0.0
1790789566,483,8,steady,gpt2_p512_o512,0,0.0
1790789566,483,8,steady,llama_p1024_o128,0,0.0
1790789566,483,8,steady,llama_p2048_o64,0,0.0
1790789567,484,8,steady,resnet50_image,176.875,82.23661214667806
1790789567,484,8,steady,vgg16_image,338.841,317.607476635514
1790789567,484,8,steady,vit_base_image,131.391,122.60061919504642
1790789567,484,8,steady,gpt2_p64_o64,0,0.0
1790789567,484,8,steady,gpt2_p512_o512,0,0.0
1790789567,484,8,steady,llama_p1024_o128,0,0.0
1790789567,484,8,steady,llama_p2048_o64,0,0.0
1790789568,485,8,steady,resnet50_image,176.875,82.23661214667806
1790789568,485,8,steady,vgg16_image,338.841,317.607476635514
1790789568,485,8,steady,vit_base_image,131.391,122.60061919504642
1790789568,485,8,steady,gpt2_p64_o64,0,0.0
1790789568,485,8,steady,gpt2_p512_o512,0,0.0
1790789568,485,8,steady,llama_p1024_o128,0,0.0
1790789568,485,8,steady,llama_p2048_o64,0,0.0
1790789569,486,8,steady,resnet50_image,176.875,82.23661214667806
1790789569,486,8,steady,vgg16_image,338.841,317.607476635514
1790789569,486,8,steady,vit_base_image,131.391,122.60061919504642
1790789569,486,8,steady,gpt2_p64_o64,0,0.0
1790789569,486,8,steady,gpt2_p512_o512,0,0.0
1790789569,486,8,steady,llama_p1024_o128,0,0.0
1790789569,486,8,steady,llama_p2048_o64,0,0.0
1790789570,487,8,steady,resnet50_image,176.875,82.23661214667806
1790789570,487,8,steady,vgg16_image,338.841,317.607476635514
1790789570,487,8,steady,vit_base_image,131.391,122.60061919504642
1790789570,487,8,steady,gpt2_p64_o64,0,0.0
1790789570,487,8,steady,gpt2_p512_o512,0,0.0
1790789570,487,8,steady,llama_p1024_o128,0,0.0
1790789570,487,8,steady,llama_p2048_o64,0,0.0
1790789571,488,8,steady,resnet50_image,176.875,82.23661214667806
1790789571,488,8,steady,vgg16_image,338.841,317.607476635514
1790789571,488,8,steady,vit_base_image,131.391,122.60061919504642
1790789571,488,8,steady,gpt2_p64_o64,0,0.0
1790789571,488,8,steady,gpt2_p512_o512,0,0.0
1790789571,488,8,steady,llama_p1024_o128,0,0.0
1790789571,488,8,steady,llama_p2048_o64,0,0.0
1790789572,489,8,steady,resnet50_image,176.875,82.23661214667806
1790789572,489,8,steady,vgg16_image,338.841,317.607476635514
1790789572,489,8,steady,vit_base_image,131.391,122.60061919504642
1790789572,489,8,steady,gpt2_p64_o64,0,0.0
1790789572,489,8,steady,gpt2_p512_o512,0,0.0
1790789572,489,8,steady,llama_p1024_o128,0,0.0
1790789572,489,8,steady,llama_p2048_o64,0,0.0
1790789573,490,8,steady,resnet50_image,176.875,82.23661214667806
1790789573,490,8,steady,vgg16_image,338.841,317.607476635514
1790789573,490,8,steady,vit_base_image,131.391,122.60061919504642
1790789573,490,8,steady,gpt2_p64_o64,0,0.0
1790789573,490,8,steady,gpt2_p512_o512,0,0.0
1790789573,490,8,steady,llama_p1024_o128,0,0.0
1790789573,490,8,steady,llama_p2048_o64,0,0.0
1790789574,491,8,steady,resnet50_image,176.875,82.23661214667806
1790789574,491,8,steady,vgg16_image,338.841,317.607476635514
1790789574,491,8,steady,vit_base_image,131.391,122.60061919504642
1790789574,491,8,steady,gpt2_p64_o64,0,0.0
1790789574,491,8,steady,gpt2_p512_o512,0,0.0
1790789574,491,8,steady,llama_p1024_o128,0,0.0
1790789574,491,8,steady,llama_p2048_o64,0,0.0
1790789575,492,8,steady,resnet50_image,176.875,82.23661214667806
1790789575,492,8,steady,vgg16_image,338.841,317.607476635514
1790789575,492,8,steady,vit_base_image,131.391,122.60061919504642
1790789575,492,8,steady,gpt2_p64_o64,0,0.0
1790789575,492,8,steady,gpt2_p512_o512,0,0.0
1790789575,492,8,steady,llama_p1024_o128,0,0.0
1790789575,492,8,steady,llama_p2048_o64,0,0.0
1790789576,493,8,steady,resnet50_image,176.875,82.23661214667806
1790789576,493,8,steady,vgg16_image,338.841,317.607476635514
1790789576,493,8,steady,vit_base_image,131.391,122.60061919504642
1790789576,493,8,steady,gpt2_p64_o64,0,0.0
1790789576,493,8,steady,gpt2_p512_o512,0,0.0
1790789576,493,8,steady,llama_p1024_o128,0,0.0
1790789576,493,8,steady,llama_p2048_o64,0,0.0
1790789577,494,8,steady,resnet50_image,176.875,82.23661214667806
1790789577,494,8,steady,vgg16_image,338.841,317.607476635514
1790789577,494,8,steady,vit_base_image,131.391,122.60061919504642
1790789577,494,8,steady,gpt2_p64_o64,0,0.0
1790789577,494,8,steady,gpt2_p512_o512,0,0.0
1790789577,494,8,steady,llama_p1024_o128,0,0.0
1790789577,494,8,steady,llama_p2048_o64,0,0.0
1790789578,495,8,steady,resnet50_image,176.875,82.23661214667806
1790789578,495,8,steady,vgg16_image,338.841,317.607476635514
1790789578,495,8,steady,vit_base_image,131.391,122.60061919504642
1790789578,495,8,steady,gpt2_p64_o64,0,0.0
1790789578,495,8,steady,gpt2_p512_o512,0,0.0
1790789578,495,8,steady,llama_p1024_o128,0,0.0
1790789578,495,8,steady,llama_p2048_o64,0,0.0
1790789579,496,8,steady,resnet50_image,176.875,82.23661214667806
1790789579,496,8,steady,vgg16_image,338.841,317.607476635514
1790789579,496,8,steady,vit_base_image,131.391,122.60061919504642
1790789579,496,8,steady,gpt2_p64_o64,0,0.0
1790789579,496,8,steady,gpt2_p512_o512,0,0.0
1790789579,496,8,steady,llama_p1024_o128,0,0.0
1790789579,496,8,steady,llama_p2048_o64,0,0.0
1790789580,497,,,resnet50_image,176.875,
1790789580,497,,,vgg16_image,338.841,
1790789580,497,,,vit_base_image,131.391,
1790789580,497,,,gpt2_p64_o64,0,
1790789580,497,,,gpt2_p512_o512,0,
1790789580,497,,,llama_p1024_o128,0,
1790789580,497,,,llama_p2048_o64,0,
1790789581,498,,,resnet50_image,176.875,
1790789581,498,,,vgg16_image,338.841,
1790789581,498,,,vit_base_image,131.391,
1790789581,498,,,gpt2_p64_o64,0,
1790789581,498,,,gpt2_p512_o512,0,
1790789581,498,,,llama_p1024_o128,0,
1790789581,498,,,llama_p2048_o64,0,
1790789582,499,,,resnet50_image,176.875,
1790789582,499,,,vgg16_image,338.841,
1790789582,499,,,vit_base_image,131.391,
1790789582,499,,,gpt2_p64_o64,0,
1790789582,499,,,gpt2_p512_o512,0,
1790789582,499,,,llama_p1024_o128,0,
1790789582,499,,,llama_p2048_o64,0,
1790789583,500,,,resnet50_image,176.875,
1790789583,500,,,vgg16_image,338.841,
1790789583,500,,,vit_base_image,131.391,
1790789583,500,,,gpt2_p64_o64,0,
1790789583,500,,,gpt2_p512_o512,0,
1790789583,500,,,llama_p1024_o128,0,
1790789583,500,,,llama_p2048_o64,0,
1790789584,501,,,resnet50_image,176.875,
1790789584,501,,,vgg16_image,338.841,
1790789584,501,,,vit_base_image,131.391,
1790789584,501,,,gpt2_p64_o64,0,
1790789584,501,,,gpt2_p512_o512,0,
1790789584,501,,,llama_p1024_o128,0,
1790789584,501,,,llama_p2048_o64,0,
1790789585,502,,,resnet50_image,176.875,
1790789585,502,,,vgg16_image,338.841,
1790789585,502,,,vit_base_image,131.391,
1790789585,502,,,gpt2_p64_o64,0,
1790789585,502,,,gpt2_p512_o512,0,
1790789585,502,,,llama_p1024_o128,0,
1790789585,502,,,llama_p2048_o64,0,
1790789586,503,,,resnet50_image,176.875,
1790789586,503,,,vgg16_image,338.841,
1790789586,503,,,vit_base_image,131.391,
1790789586,503,,,gpt2_p64_o64,0,
1790789586,503,,,gpt2_p512_o512,0,
1790789586,503,,,llama_p1024_o128,0,
1790789586,503,,,llama_p2048_o64,0,
1790789587,504,,,resnet50_image,176.875,
1790789587,504,,,vgg16_image,338.841,
1790789587,504,,,vit_base_image,131.391,
1790789587,504,,,gpt2_p64_o64,0,
1790789587,504,,,gpt2_p512_o512,0,
1790789587,504,,,llama_p1024_o128,0,
1790789587,504,,,llama_p2048_o64,0,
1790789588,505,,,resnet50_image,176.875,
1790789588,505,,,vgg16_image,338.841,
1790789588,505,,,vit_base_image,131.391,
1790789588,505,,,gpt2_p64_o64,0,
1790789588,505,,,gpt2_p512_o512,0,
1790789588,505,,,llama_p1024_o128,0,
1790789588,505,,,llama_p2048_o64,0,
1790789589,506,,,resnet50_image,176.875,
1790789589,506,,,vgg16_image,338.841,
1790789589,506,,,vit_base_image,131.391,
1790789589,506,,,gpt2_p64_o64,0,
1790789589,506,,,gpt2_p512_o512,0,
1790789589,506,,,llama_p1024_o128,0,
1790789589,506,,,llama_p2048_o64,0,
1790789590,507,,,resnet50_image,176.875,
1790789590,507,,,vgg16_image,338.841,
1790789590,507,,,vit_base_image,131.391,
1790789590,507,,,gpt2_p64_o64,0,
1790789590,507,,,gpt2_p512_o512,0,
1790789590,507,,,llama_p1024_o128,0,
1790789590,507,,,llama_p2048_o64,0,
1790789591,508,,,resnet50_image,176.875,
1790789591,508,,,vgg16_image,338.841,
1790789591,508,,,vit_base_image,131.391,
1790789591,508,,,gpt2_p64_o64,0,
1790789591,508,,,gpt2_p512_o512,0,
1790789591,508,,,llama_p1024_o128,0,
1790789591,508,,,llama_p2048_o64,0,
1790789592,509,,,resnet50_image,176.875,
1790789592,509,,,vgg16_image,338.841,
1790789592,509,,,vit_base_image,131.391,
1790789592,509,,,gpt2_p64_o64,0,
1790789592,509,,,gpt2_p512_o512,0,
1790789592,509,,,llama_p1024_o128,0,
1790789592,509,,,llama_p2048_o64,0,
1790789593,510,,,resnet50_image,176.875,
1790789593,510,,,vgg16_image,338.841,
1790789593,510,,,vit_base_image,131.391,
1790789593,510,,,gpt2_p64_o64,0,
1790789593,510,,,gpt2_p512_o512,0,
1790789593,510,,,llama_p1024_o128,0,
1790789593,510,,,llama_p2048_o64,0,
1790789594,511,,,resnet50_image,176.875,
1790789594,511,,,vgg16_image,338.841,
1790789594,511,,,vit_base_image,131.391,
1790789594,511,,,gpt2_p64_o64,0,
1790789594,511,,,gpt2_p512_o512,0,
1790789594,511,,,llama_p1024_o128,0,
1790789594,511,,,llama_p2048_o64,0,
1790789595,512,9,transition,resnet50_image,176.875,82.23661214667806
1790789595,512,9,transition,vgg16_image,338.841,317.607476635514
1790789595,512,9,transition,vit_base_image,131.391,122.60061919504642
1790789595,512,9,transition,gpt2_p64_o64,0,0.0
1790789595,512,9,transition,gpt2_p512_o512,0,0.0
1790789595,512,9,transition,llama_p1024_o128,0,0.0
1790789595,512,9,transition,llama_p2048_o64,0,0.0
1790789596,513,9,transition,resnet50_image,176.875,82.23661214667806
1790789596,513,9,transition,vgg16_image,338.841,317.607476635514
1790789596,513,9,transition,vit_base_image,131.391,122.60061919504642
1790789596,513,9,transition,gpt2_p64_o64,0,0.0
1790789596,513,9,transition,gpt2_p512_o512,0,0.0
1790789596,513,9,transition,llama_p1024_o128,0,0.0
1790789596,513,9,transition,llama_p2048_o64,0,0.0
1790789597,514,9,transition,resnet50_image,176.875,82.23661214667806
1790789597,514,9,transition,vgg16_image,338.841,317.607476635514
1790789597,514,9,transition,vit_base_image,131.391,122.60061919504642
1790789597,514,9,transition,gpt2_p64_o64,0,0.0
1790789597,514,9,transition,gpt2_p512_o512,0,0.0
1790789597,514,9,transition,llama_p1024_o128,0,0.0
1790789597,514,9,transition,llama_p2048_o64,0,0.0
1790789598,515,9,transition,resnet50_image,176.875,82.23661214667806
1790789598,515,9,transition,vgg16_image,338.841,317.607476635514
1790789598,515,9,transition,vit_base_image,131.391,122.60061919504642
1790789598,515,9,transition,gpt2_p64_o64,0,0.0
1790789598,515,9,transition,gpt2_p512_o512,0,0.0
1790789598,515,9,transition,llama_p1024_o128,0,0.0
1790789598,515,9,transition,llama_p2048_o64,0,0.0
1790789599,516,9,transition,resnet50_image,176.875,82.23661214667806
1790789599,516,9,transition,vgg16_image,338.841,317.607476635514
1790789599,516,9,transition,vit_base_image,131.391,122.60061919504642
1790789599,516,9,transition,gpt2_p64_o64,0,0.0
1790789599,516,9,transition,gpt2_p512_o512,0,0.0
1790789599,516,9,transition,llama_p1024_o128,0,0.0
1790789599,516,9,transition,llama_p2048_o64,0,0.0
1790789600,517,9,transition,resnet50_image,176.875,82.23661214667806
1790789600,517,9,transition,vgg16_image,338.841,317.607476635514
1790789600,517,9,transition,vit_base_image,131.391,122.60061919504642
1790789600,517,9,transition,gpt2_p64_o64,0,0.0
1790789600,517,9,transition,gpt2_p512_o512,0,0.0
1790789600,517,9,transition,llama_p1024_o128,0,0.0
1790789600,517,9,transition,llama_p2048_o64,0,0.0
1790789601,518,9,transition,resnet50_image,176.875,82.23661214667806
1790789601,518,9,transition,vgg16_image,338.841,317.607476635514
1790789601,518,9,transition,vit_base_image,131.391,122.60061919504642
1790789601,518,9,transition,gpt2_p64_o64,0,0.0
1790789601,518,9,transition,gpt2_p512_o512,0,0.0
1790789601,518,9,transition,llama_p1024_o128,0,0.0
1790789601,518,9,transition,llama_p2048_o64,0,0.0
1790789602,519,9,transition,resnet50_image,176.875,82.23661214667806
1790789602,519,9,transition,vgg16_image,338.841,317.607476635514
1790789602,519,9,transition,vit_base_image,131.391,122.60061919504642
1790789602,519,9,transition,gpt2_p64_o64,0,0.0
1790789602,519,9,transition,gpt2_p512_o512,0,0.0
1790789602,519,9,transition,llama_p1024_o128,0,0.0
1790789602,519,9,transition,llama_p2048_o64,0,0.0
1790789603,520,9,transition,resnet50_image,176.875,82.23661214667806
1790789603,520,9,transition,vgg16_image,338.841,317.607476635514
1790789603,520,9,transition,vit_base_image,131.391,122.60061919504642
1790789603,520,9,transition,gpt2_p64_o64,0,0.0
1790789603,520,9,transition,gpt2_p512_o512,0,0.0
1790789603,520,9,transition,llama_p1024_o128,0,0.0
1790789603,520,9,transition,llama_p2048_o64,0,0.0
1790789604,521,9,transition,resnet50_image,176.875,82.23661214667806
1790789604,521,9,transition,vgg16_image,338.841,317.607476635514
1790789604,521,9,transition,vit_base_image,131.391,122.60061919504642
1790789604,521,9,transition,gpt2_p64_o64,0,0.0
1790789604,521,9,transition,gpt2_p512_o512,0,0.0
1790789604,521,9,transition,llama_p1024_o128,0,0.0
1790789604,521,9,transition,llama_p2048_o64,0,0.0
1790789605,522,9,transition,resnet50_image,176.875,82.23661214667806
1790789605,522,9,transition,vgg16_image,338.841,317.607476635514
1790789605,522,9,transition,vit_base_image,131.391,122.60061919504642
1790789605,522,9,transition,gpt2_p64_o64,0,0.0
1790789605,522,9,transition,gpt2_p512_o512,0,0.0
1790789605,522,9,transition,llama_p1024_o128,0,0.0
1790789605,522,9,transition,llama_p2048_o64,0,0.0
1790789606,523,9,transition,resnet50_image,176.875,82.23661214667806
1790789606,523,9,transition,vgg16_image,338.841,317.607476635514
1790789606,523,9,transition,vit_base_image,131.391,122.60061919504642
1790789606,523,9,transition,gpt2_p64_o64,0,0.0
1790789606,523,9,transition,gpt2_p512_o512,0,0.0
1790789606,523,9,transition,llama_p1024_o128,0,0.0
1790789606,523,9,transition,llama_p2048_o64,0,0.0
1790789607,524,9,transition,resnet50_image,176.875,82.23661214667806
1790789607,524,9,transition,vgg16_image,338.841,317.607476635514
1790789607,524,9,transition,vit_base_image,131.391,122.60061919504642
1790789607,524,9,transition,gpt2_p64_o64,0,0.0
1790789607,524,9,transition,gpt2_p512_o512,0,0.0
1790789607,524,9,transition,llama_p1024_o128,0,0.0
1790789607,524,9,transition,llama_p2048_o64,0,0.0
1790789608,525,9,transition,resnet50_image,176.875,82.23661214667806
1790789608,525,9,transition,vgg16_image,553.509,317.607476635514
1790789608,525,9,transition,vit_base_image,131.391,122.60061919504642
1790789608,525,9,transition,gpt2_p64_o64,0,0.0
1790789608,525,9,transition,gpt2_p512_o512,0,0.0
1790789608,525,9,transition,llama_p1024_o128,0,0.0
1790789608,525,9,transition,llama_p2048_o64,0,0.0
1790789609,526,9,transition,resnet50_image,176.875,82.23661214667806
1790789609,526,9,transition,vgg16_image,553.509,317.607476635514
1790789609,526,9,transition,vit_base_image,131.391,122.60061919504642
1790789609,526,9,transition,gpt2_p64_o64,0,0.0
1790789609,526,9,transition,gpt2_p512_o512,0,0.0
1790789609,526,9,transition,llama_p1024_o128,0,0.0
1790789609,526,9,transition,llama_p2048_o64,0,0.0
1790789610,527,9,transition,resnet50_image,176.875,82.23661214667806
1790789610,527,9,transition,vgg16_image,553.509,317.607476635514
1790789610,527,9,transition,vit_base_image,131.391,122.60061919504642
1790789610,527,9,transition,gpt2_p64_o64,0,0.0
1790789610,527,9,transition,gpt2_p512_o512,0,0.0
1790789610,527,9,transition,llama_p1024_o128,0,0.0
1790789610,527,9,transition,llama_p2048_o64,0,0.0
1790789611,528,9,transition,resnet50_image,176.875,82.23661214667806
1790789611,528,9,transition,vgg16_image,553.509,317.607476635514
1790789611,528,9,transition,vit_base_image,131.391,122.60061919504642
1790789611,528,9,transition,gpt2_p64_o64,0,0.0
1790789611,528,9,transition,gpt2_p512_o512,0,0.0
1790789611,528,9,transition,llama_p1024_o128,0,0.0
1790789611,528,9,transition,llama_p2048_o64,0,0.0
1790789612,529,9,transition,resnet50_image,176.875,82.23661214667806
1790789612,529,9,transition,vgg16_image,553.509,317.607476635514
1790789612,529,9,transition,vit_base_image,131.391,122.60061919504642
1790789612,529,9,transition,gpt2_p64_o64,0,0.0
1790789612,529,9,transition,gpt2_p512_o512,0,0.0
1790789612,529,9,transition,llama_p1024_o128,0,0.0
1790789612,529,9,transition,llama_p2048_o64,0,0.0
1790789613,530,9,transition,resnet50_image,176.875,82.23661214667806
1790789613,530,9,transition,vgg16_image,553.509,317.607476635514
1790789613,530,9,transition,vit_base_image,131.391,122.60061919504642
1790789613,530,9,transition,gpt2_p64_o64,0,0.0
1790789613,530,9,transition,gpt2_p512_o512,0,0.0
1790789613,530,9,transition,llama_p1024_o128,0,0.0
1790789613,530,9,transition,llama_p2048_o64,0,0.0
1790789614,531,9,transition,resnet50_image,176.875,82.23661214667806
1790789614,531,9,transition,vgg16_image,553.509,317.607476635514
1790789614,531,9,transition,vit_base_image,131.391,122.60061919504642
1790789614,531,9,transition,gpt2_p64_o64,0,0.0
1790789614,531,9,transition,gpt2_p512_o512,0,0.0
1790789614,531,9,transition,llama_p1024_o128,0,0.0
1790789614,531,9,transition,llama_p2048_o64,0,0.0
1790789615,532,9,transition,resnet50_image,176.875,82.23661214667806
1790789615,532,9,transition,vgg16_image,553.509,317.607476635514
1790789615,532,9,transition,vit_base_image,131.391,122.60061919504642
1790789615,532,9,transition,gpt2_p64_o64,0,0.0
1790789615,532,9,transition,gpt2_p512_o512,0,0.0
1790789615,532,9,transition,llama_p1024_o128,0,0.0
1790789615,532,9,transition,llama_p2048_o64,0,0.0
1790789616,533,9,transition,resnet50_image,176.875,82.23661214667806
1790789616,533,9,transition,vgg16_image,553.509,317.607476635514
1790789616,533,9,transition,vit_base_image,131.391,122.60061919504642
1790789616,533,9,transition,gpt2_p64_o64,0,0.0
1790789616,533,9,transition,gpt2_p512_o512,0,0.0
1790789616,533,9,transition,llama_p1024_o128,0,0.0
1790789616,533,9,transition,llama_p2048_o64,0,0.0
1790789617,534,9,transition,resnet50_image,176.875,82.23661214667806
1790789617,534,9,transition,vgg16_image,553.509,317.607476635514
1790789617,534,9,transition,vit_base_image,131.391,122.60061919504642
1790789617,534,9,transition,gpt2_p64_o64,0,0.0
1790789617,534,9,transition,gpt2_p512_o512,0,0.0
1790789617,534,9,transition,llama_p1024_o128,0,0.0
1790789617,534,9,transition,llama_p2048_o64,0,0.0
1790789618,535,9,transition,resnet50_image,176.875,82.23661214667806
1790789618,535,9,transition,vgg16_image,553.509,317.607476635514
1790789618,535,9,transition,vit_base_image,131.391,122.60061919504642
1790789618,535,9,transition,gpt2_p64_o64,0,0.0
1790789618,535,9,transition,gpt2_p512_o512,0,0.0
1790789618,535,9,transition,llama_p1024_o128,0,0.0
1790789618,535,9,transition,llama_p2048_o64,0,0.0
1790789619,536,9,transition,resnet50_image,176.875,82.23661214667806
1790789619,536,9,transition,vgg16_image,553.509,317.607476635514
1790789619,536,9,transition,vit_base_image,131.391,122.60061919504642
1790789619,536,9,transition,gpt2_p64_o64,0,0.0
1790789619,536,9,transition,gpt2_p512_o512,0,0.0
1790789619,536,9,transition,llama_p1024_o128,0,0.0
1790789619,536,9,transition,llama_p2048_o64,0,0.0
1790789620,537,9,transition,resnet50_image,176.875,82.23661214667806
1790789620,537,9,transition,vgg16_image,553.509,317.607476635514
1790789620,537,9,transition,vit_base_image,131.391,122.60061919504642
1790789620,537,9,transition,gpt2_p64_o64,0,0.0
1790789620,537,9,transition,gpt2_p512_o512,0,0.0
1790789620,537,9,transition,llama_p1024_o128,0,0.0
1790789620,537,9,transition,llama_p2048_o64,0,0.0
1790789621,538,9,transition,resnet50_image,176.875,82.23661214667806
1790789621,538,9,transition,vgg16_image,553.509,317.607476635514
1790789621,538,9,transition,vit_base_image,131.391,122.60061919504642
1790789621,538,9,transition,gpt2_p64_o64,0,0.0
1790789621,538,9,transition,gpt2_p512_o512,0,0.0
1790789621,538,9,transition,llama_p1024_o128,0,0.0
1790789621,538,9,transition,llama_p2048_o64,0,0.0
1790789622,539,9,transition,resnet50_image,176.875,82.23661214667806
1790789622,539,9,transition,vgg16_image,553.509,317.607476635514
1790789622,539,9,transition,vit_base_image,131.391,122.60061919504642
1790789622,539,9,transition,gpt2_p64_o64,0,0.0
1790789622,539,9,transition,gpt2_p512_o512,0,0.0
1790789622,539,9,transition,llama_p1024_o128,0,0.0
1790789622,539,9,transition,llama_p2048_o64,0,0.0
1790789623,540,9,transition,resnet50_image,176.875,82.23661214667806
1790789623,540,9,transition,vgg16_image,553.509,317.607476635514
1790789623,540,9,transition,vit_base_image,131.391,122.60061919504642
1790789623,540,9,transition,gpt2_p64_o64,0,0.0
1790789623,540,9,transition,gpt2_p512_o512,0,0.0
1790789623,540,9,transition,llama_p1024_o128,0,0.0
1790789623,540,9,transition,llama_p2048_o64,0,0.0
1790789624,541,9,transition,resnet50_image,176.875,82.23661214667806
1790789624,541,9,transition,vgg16_image,553.509,317.607476635514
1790789624,541,9,transition,vit_base_image,131.391,122.60061919504642
1790789624,541,9,transition,gpt2_p64_o64,0,0.0
1790789624,541,9,transition,gpt2_p512_o512,0,0.0
1790789624,541,9,transition,llama_p1024_o128,0,0.0
1790789624,541,9,transition,llama_p2048_o64,0,0.0
1790789625,542,9,transition,resnet50_image,176.875,82.23661214667806
1790789625,542,9,transition,vgg16_image,553.509,317.607476635514
1790789625,542,9,transition,vit_base_image,131.391,122.60061919504642
1790789625,542,9,transition,gpt2_p64_o64,1.327,0.0
1790789625,542,9,transition,gpt2_p512_o512,0.163,0.0
1790789625,542,9,transition,llama_p1024_o128,0,0.0
1790789625,542,9,transition,llama_p2048_o64,0,0.0
1790789626,543,9,transition,resnet50_image,176.875,82.23661214667806
1790789626,543,9,transition,vgg16_image,553.509,317.607476635514
1790789626,543,9,transition,vit_base_image,131.391,122.60061919504642
1790789626,543,9,transition,gpt2_p64_o64,1.327,0.0
1790789626,543,9,transition,gpt2_p512_o512,0.163,0.0
1790789626,543,9,transition,llama_p1024_o128,0,0.0
1790789626,543,9,transition,llama_p2048_o64,0,0.0
1790789627,544,9,transition,resnet50_image,176.875,82.23661214667806
1790789627,544,9,transition,vgg16_image,553.509,317.607476635514
1790789627,544,9,transition,vit_base_image,131.391,122.60061919504642
1790789627,544,9,transition,gpt2_p64_o64,1.327,0.0
1790789627,544,9,transition,gpt2_p512_o512,0.163,0.0
1790789627,544,9,transition,llama_p1024_o128,0,0.0
1790789627,544,9,transition,llama_p2048_o64,0,0.0
1790789628,545,9,transition,resnet50_image,176.875,82.23661214667806
1790789628,545,9,transition,vgg16_image,553.509,317.607476635514
1790789628,545,9,transition,vit_base_image,131.391,122.60061919504642
1790789628,545,9,transition,gpt2_p64_o64,1.327,0.0
1790789628,545,9,transition,gpt2_p512_o512,0.163,0.0
1790789628,545,9,transition,llama_p1024_o128,0,0.0
1790789628,545,9,transition,llama_p2048_o64,0,0.0
1790789629,546,9,transition,resnet50_image,176.875,82.23661214667806
1790789629,546,9,transition,vgg16_image,553.509,317.607476635514
1790789629,546,9,transition,vit_base_image,131.391,122.60061919504642
1790789629,546,9,transition,gpt2_p64_o64,1.327,0.0
1790789629,546,9,transition,gpt2_p512_o512,0.163,0.0
1790789629,546,9,transition,llama_p1024_o128,0,0.0
1790789629,546,9,transition,llama_p2048_o64,0,0.0
1790789630,547,9,transition,resnet50_image,176.875,82.23661214667806
1790789630,547,9,transition,vgg16_image,553.509,317.607476635514
1790789630,547,9,transition,vit_base_image,131.391,122.60061919504642
1790789630,547,9,transition,gpt2_p64_o64,1.327,0.0
1790789630,547,9,transition,gpt2_p512_o512,0.163,0.0
1790789630,547,9,transition,llama_p1024_o128,0,0.0
1790789630,547,9,transition,llama_p2048_o64,0,0.0
1790789631,548,9,steady,resnet50_image,176.875,100.61363406976928
1790789631,548,9,steady,vgg16_image,553.509,474.79626168224297
1790789631,548,9,steady,vit_base_image,131.391,122.60061919504642
1790789631,548,9,steady,gpt2_p64_o64,1.327,0.232258064516129
1790789631,548,9,steady,gpt2_p512_o512,0.163,0.0853080568720379
1790789631,548,9,steady,llama_p1024_o128,0,0.0
1790789631,548,9,steady,llama_p2048_o64,0.594,0.1795511221945137
1790789632,549,9,steady,resnet50_image,176.875,100.61363406976928
1790789632,549,9,steady,vgg16_image,553.509,474.79626168224297
1790789632,549,9,steady,vit_base_image,131.391,122.60061919504642
1790789632,549,9,steady,gpt2_p64_o64,1.327,0.232258064516129
1790789632,549,9,steady,gpt2_p512_o512,0.163,0.0853080568720379
1790789632,549,9,steady,llama_p1024_o128,0,0.0
1790789632,549,9,steady,llama_p2048_o64,0.594,0.1795511221945137
1790789633,550,9,steady,resnet50_image,176.875,100.61363406976928
1790789633,550,9,steady,vgg16_image,553.509,474.79626168224297
1790789633,550,9,steady,vit_base_image,131.391,122.60061919504642
1790789633,550,9,steady,gpt2_p64_o64,1.327,0.232258064516129
1790789633,550,9,steady,gpt2_p512_o512,0.163,0.0853080568720379
1790789633,550,9,steady,llama_p1024_o128,0,0.0
1790789633,550,9,steady,llama_p2048_o64,0.594,0.1795511221945137
1790789634,551,9,steady,resnet50_image,176.875,100.61363406976928
1790789634,551,9,steady,vgg16_image,553.509,474.79626168224297
1790789634,551,9,steady,vit_base_image,131.391,122.60061919504642
1790789634,551,9,steady,gpt2_p64_o64,1.327,0.232258064516129
1790789634,551,9,steady,gpt2_p512_o512,0.163,0.0853080568720379
1790789634,551,9,steady,llama_p1024_o128,0,0.0
1790789634,551,9,steady,llama_p2048_o64,0.594,0.1795511221945137
1790789635,552,9,steady,resnet50_image,176.875,100.61363406976928
1790789635,552,9,steady,vgg16_image,553.509,474.79626168224297
1790789635,552,9,steady,vit_base_image,131.391,122.60061919504642
1790789635,552,9,steady,gpt2_p64_o64,1.327,0.232258064516129
1790789635,552,9,steady,gpt2_p512_o512,0.163,0.0853080568720379
1790789635,552,9,steady,llama_p1024_o128,0,0.0
1790789635,552,9,steady,llama_p2048_o64,0.594,0.1795511221945137
1790789636,553,9,steady,resnet50_image,176.875,100.61363406976928
1790789636,553,9,steady,vgg16_image,553.509,474.79626168224297
1790789636,553,9,steady,vit_base_image,131.391,122.60061919504642
1790789636,553,9,steady,gpt2_p64_o64,1.327,0.232258064516129
1790789636,553,9,steady,gpt2_p512_o512,0.163,0.0853080568720379
1790789636,553,9,steady,llama_p1024_o128,0,0.0
1790789636,553,9,steady,llama_p2048_o64,0.594,0.1795511221945137
1790789637,554,9,steady,resnet50_image,176.875,100.61363406976928
1790789637,554,9,steady,vgg16_image,553.509,474.79626168224297
1790789637,554,9,steady,vit_base_image,131.391,122.60061919504642
1790789637,554,9,steady,gpt2_p64_o64,1.327,0.232258064516129
1790789637,554,9,steady,gpt2_p512_o512,0.163,0.0853080568720379
1790789637,554,9,steady,llama_p1024_o128,0,0.0
1790789637,554,9,steady,llama_p2048_o64,0.594,0.1795511221945137
1790789638,555,9,steady,resnet50_image,176.875,100.61363406976928
1790789638,555,9,steady,vgg16_image,553.509,474.79626168224297
1790789638,555,9,steady,vit_base_image,131.391,122.60061919504642
1790789638,555,9,steady,gpt2_p64_o64,1.327,0.232258064516129
1790789638,555,9,steady,gpt2_p512_o512,0.163,0.0853080568720379
1790789638,555,9,steady,llama_p1024_o128,0,0.0
1790789638,555,9,steady,llama_p2048_o64,0.594,0.1795511221945137
1790789639,556,9,steady,resnet50_image,176.875,100.61363406976928
1790789639,556,9,steady,vgg16_image,553.509,474.79626168224297
1790789639,556,9,steady,vit_base_image,131.391,122.60061919504642
1790789639,556,9,steady,gpt2_p64_o64,1.327,0.232258064516129
1790789639,556,9,steady,gpt2_p512_o512,0.163,0.0853080568720379
1790789639,556,9,steady,llama_p1024_o128,0,0.0
1790789639,556,9,steady,llama_p2048_o64,0.594,0.1795511221945137
1790789640,557,9,steady,resnet50_image,176.875,100.61363406976928
1790789640,557,9,steady,vgg16_image,553.509,474.79626168224297
1790789640,557,9,steady,vit_base_image,131.391,122.60061919504642
1790789640,557,9,steady,gpt2_p64_o64,1.327,0.232258064516129
1790789640,557,9,steady,gpt2_p512_o512,0.163,0.0853080568720379
1790789640,557,9,steady,llama_p1024_o128,0,0.0
1790789640,557,9,steady,llama_p2048_o64,0.594,0.1795511221945137
1790789641,558,9,steady,resnet50_image,176.875,100.61363406976928
1790789641,558,9,steady,vgg16_image,553.509,474.79626168224297
1790789641,558,9,steady,vit_base_image,131.391,122.60061919504642
1790789641,558,9,steady,gpt2_p64_o64,1.327,0.232258064516129
1790789641,558,9,steady,gpt2_p512_o512,0.163,0.0853080568720379
1790789641,558,9,steady,llama_p1024_o128,0,0.0
1790789641,558,9,steady,llama_p2048_o64,0.594,0.1795511221945137
1790789642,559,9,steady,resnet50_image,176.875,100.61363406976928
1790789642,559,9,steady,vgg16_image,553.509,474.79626168224297
1790789642,559,9,steady,vit_base_image,131.391,122.60061919504642
1790789642,559,9,steady,gpt2_p64_o64,1.327,0.232258064516129
1790789642,559,9,steady,gpt2_p512_o512,0.163,0.0853080568720379
1790789642,559,9,steady,llama_p1024_o128,0,0.0
1790789642,559,9,steady,llama_p2048_o64,0.594,0.1795511221945137
1790789643,560,9,steady,resnet50_image,176.875,100.61363406976928
1790789643,560,9,steady,vgg16_image,553.509,474.79626168224297
1790789643,560,9,steady,vit_base_image,131.391,122.60061919504642
1790789643,560,9,steady,gpt2_p64_o64,1.327,0.232258064516129
1790789643,560,9,steady,gpt2_p512_o512,0.163,0.0853080568720379
1790789643,560,9,steady,llama_p1024_o128,0,0.0
1790789643,560,9,steady,llama_p2048_o64,0.594,0.1795511221945137
1790789644,561,9,steady,resnet50_image,176.875,100.61363406976928
1790789644,561,9,steady,vgg16_image,553.509,474.79626168224297
1790789644,561,9,steady,vit_base_image,131.391,122.60061919504642
1790789644,561,9,steady,gpt2_p64_o64,1.327,0.232258064516129
1790789644,561,9,steady,gpt2_p512_o512,0.163,0.0853080568720379
1790789644,561,9,steady,llama_p1024_o128,0,0.0
1790789644,561,9,steady,llama_p2048_o64,0.594,0.1795511221945137
1790789645,562,9,steady,resnet50_image,176.875,100.61363406976928
1790789645,562,9,steady,vgg16_image,553.509,474.79626168224297
1790789645,562,9,steady,vit_base_image,131.391,122.60061919504642
1790789645,562,9,steady,gpt2_p64_o64,1.327,0.232258064516129
1790789645,562,9,steady,gpt2_p512_o512,0.163,0.0853080568720379
1790789645,562,9,steady,llama_p1024_o128,0,0.0
1790789645,562,9,steady,llama_p2048_o64,0.594,0.1795511221945137
1790789646,563,9,steady,resnet50_image,176.875,100.61363406976928
1790789646,563,9,steady,vgg16_image,553.509,474.79626168224297
1790789646,563,9,steady,vit_base_image,131.391,122.60061919504642
1790789646,563,9,steady,gpt2_p64_o64,1.327,0.232258064516129
1790789646,563,9,steady,gpt2_p512_o512,0.163,0.0853080568720379
1790789646,563,9,steady,llama_p1024_o128,0,0.0
1790789646,563,9,steady,llama_p2048_o64,0.594,0.1795511221945137
1790789647,564,9,steady,resnet50_image,176.875,100.61363406976928
1790789647,564,9,steady,vgg16_image,553.509,474.79626168224297
1790789647,564,9,steady,vit_base_image,131.391,122.60061919504642
1790789647,564,9,steady,gpt2_p64_o64,1.327,0.232258064516129
1790789647,564,9,steady,gpt2_p512_o512,0.163,0.0853080568720379
1790789647,564,9,steady,llama_p1024_o128,0,0.0
1790789647,564,9,steady,llama_p2048_o64,0.594,0.1795511221945137
1790789648,565,9,steady,resnet50_image,176.875,100.61363406976928
1790789648,565,9,steady,vgg16_image,553.509,474.79626168224297
1790789648,565,9,steady,vit_base_image,131.391,122.60061919504642
1790789648,565,9,steady,gpt2_p64_o64,1.327,0.232258064516129
1790789648,565,9,steady,gpt2_p512_o512,0.163,0.0853080568720379
1790789648,565,9,steady,llama_p1024_o128,0,0.0
1790789648,565,9,steady,llama_p2048_o64,0.594,0.1795511221945137
1790789649,566,9,steady,resnet50_image,176.875,100.61363406976928
1790789649,566,9,steady,vgg16_image,553.509,474.79626168224297
1790789649,566,9,steady,vit_base_image,131.391,122.60061919504642
1790789649,566,9,steady,gpt2_p64_o64,1.327,0.232258064516129
1790789649,566,9,steady,gpt2_p512_o512,0.163,0.0853080568720379
1790789649,566,9,steady,llama_p1024_o128,0,0.0
1790789649,566,9,steady,llama_p2048_o64,0.594,0.1795511221945137
1790789650,567,9,steady,resnet50_image,176.875,100.61363406976928
1790789650,567,9,steady,vgg16_image,553.509,474.79626168224297
1790789650,567,9,steady,vit_base_image,131.391,122.60061919504642
1790789650,567,9,steady,gpt2_p64_o64,1.327,0.232258064516129
1790789650,567,9,steady,gpt2_p512_o512,0.163,0.0853080568720379
1790789650,567,9,steady,llama_p1024_o128,0,0.0
1790789650,567,9,steady,llama_p2048_o64,0.594,0.1795511221945137
1790789651,568,9,steady,resnet50_image,176.875,100.61363406976928
1790789651,568,9,steady,vgg16_image,553.509,474.79626168224297
1790789651,568,9,steady,vit_base_image,131.391,122.60061919504642
1790789651,568,9,steady,gpt2_p64_o64,1.327,0.232258064516129
1790789651,568,9,steady,gpt2_p512_o512,0.163,0.0853080568720379
1790789651,568,9,steady,llama_p1024_o128,0,0.0
1790789651,568,9,steady,llama_p2048_o64,0.594,0.1795511221945137
1790789652,569,9,steady,resnet50_image,176.875,100.61363406976928
1790789652,569,9,steady,vgg16_image,553.509,474.79626168224297
1790789652,569,9,steady,vit_base_image,131.391,122.60061919504642
1790789652,569,9,steady,gpt2_p64_o64,1.327,0.232258064516129
1790789652,569,9,steady,gpt2_p512_o512,0.163,0.0853080568720379
1790789652,569,9,steady,llama_p1024_o128,0,0.0
1790789652,569,9,steady,llama_p2048_o64,0.594,0.1795511221945137
1790789653,570,9,steady,resnet50_image,176.875,100.61363406976928
1790789653,570,9,steady,vgg16_image,553.509,474.79626168224297
1790789653,570,9,steady,vit_base_image,131.391,122.60061919504642
1790789653,570,9,steady,gpt2_p64_o64,1.327,0.232258064516129
1790789653,570,9,steady,gpt2_p512_o512,0.163,0.0853080568720379
1790789653,570,9,steady,llama_p1024_o128,0,0.0
1790789653,570,9,steady,llama_p2048_o64,0.594,0.1795511221945137
1790789654,571,9,steady,resnet50_image,176.875,100.61363406976928
1790789654,571,9,steady,vgg16_image,553.509,474.79626168224297
1790789654,571,9,steady,vit_base_image,131.391,122.60061919504642
1790789654,571,9,steady,gpt2_p64_o64,1.327,0.232258064516129
1790789654,571,9,steady,gpt2_p512_o512,0.163,0.0853080568720379
1790789654,571,9,steady,llama_p1024_o128,0,0.0
1790789654,571,9,steady,llama_p2048_o64,0.594,0.1795511221945137
1790789655,572,9,steady,resnet50_image,176.875,100.61363406976928
1790789655,572,9,steady,vgg16_image,553.509,474.79626168224297
1790789655,572,9,steady,vit_base_image,131.391,122.60061919504642
1790789655,572,9,steady,gpt2_p64_o64,1.327,0.232258064516129
1790789655,572,9,steady,gpt2_p512_o512,0.163,0.0853080568720379
1790789655,572,9,steady,llama_p1024_o128,0,0.0
1790789655,572,9,steady,llama_p2048_o64,0.594,0.1795511221945137
1790789656,573,9,steady,resnet50_image,176.875,100.61363406976928
1790789656,573,9,steady,vgg16_image,553.509,474.79626168224297
1790789656,573,9,steady,vit_base_image,131.391,122.60061919504642
1790789656,573,9,steady,gpt2_p64_o64,1.327,0.232258064516129
1790789656,573,9,steady,gpt2_p512_o512,0.163,0.0853080568720379
1790789656,573,9,steady,llama_p1024_o128,0,0.0
1790789656,573,9,steady,llama_p2048_o64,0.594,0.1795511221945137
1790789657,574,9,steady,resnet50_image,176.875,100.61363406976928
1790789657,574,9,steady,vgg16_image,553.509,474.79626168224297
1790789657,574,9,steady,vit_base_image,131.391,122.60061919504642
1790789657,574,9,steady,gpt2_p64_o64,1.327,0.232258064516129
1790789657,574,9,steady,gpt2_p512_o512,0.163,0.0853080568720379
1790789657,574,9,steady,llama_p1024_o128,0,0.0
1790789657,574,9,steady,llama_p2048_o64,0.594,0.1795511221945137
1790789658,575,9,steady,resnet50_image,176.875,100.61363406976928
1790789658,575,9,steady,vgg16_image,553.509,474.79626168224297
1790789658,575,9,steady,vit_base_image,131.391,122.60061919504642
1790789658,575,9,steady,gpt2_p64_o64,1.327,0.232258064516129
1790789658,575,9,steady,gpt2_p512_o512,0.163,0.0853080568720379
1790789658,575,9,steady,llama_p1024_o128,0,0.0
1790789658,575,9,steady,llama_p2048_o64,0.594,0.1795511221945137
1790789659,576,9,steady,resnet50_image,176.875,100.61363406976928
1790789659,576,9,steady,vgg16_image,553.509,474.79626168224297
1790789659,576,9,steady,vit_base_image,131.391,122.60061919504642
1790789659,576,9,steady,gpt2_p64_o64,1.327,0.232258064516129
1790789659,576,9,steady,gpt2_p512_o512,0.163,0.0853080568720379
1790789659,576,9,steady,llama_p1024_o128,0,0.0
1790789659,576,9,steady,llama_p2048_o64,0.594,0.1795511221945137
1790789660,577,9,steady,resnet50_image,176.875,100.61363406976928
1790789660,577,9,steady,vgg16_image,553.509,474.79626168224297
1790789660,577,9,steady,vit_base_image,131.391,122.60061919504642
1790789660,577,9,steady,gpt2_p64_o64,1.327,0.232258064516129
1790789660,577,9,steady,gpt2_p512_o512,0.163,0.0853080568720379
1790789660,577,9,steady,llama_p1024_o128,0,0.0
1790789660,577,9,steady,llama_p2048_o64,0.594,0.1795511221945137
1790789661,578,,,resnet50_image,176.875,
1790789661,578,,,vgg16_image,553.509,
1790789661,578,,,vit_base_image,131.391,
1790789661,578,,,gpt2_p64_o64,1.327,
1790789661,578,,,gpt2_p512_o512,0.163,
1790789661,578,,,llama_p1024_o128,0,
1790789661,578,,,llama_p2048_o64,0.594,
1790789662,579,,,resnet50_image,176.875,
1790789662,579,,,vgg16_image,553.509,
1790789662,579,,,vit_base_image,131.391,
1790789662,579,,,gpt2_p64_o64,1.327,
1790789662,579,,,gpt2_p512_o512,0.163,
1790789662,579,,,llama_p1024_o128,0,
1790789662,579,,,llama_p2048_o64,0.594,
1790789663,580,,,resnet50_image,176.875,
1790789663,580,,,vgg16_image,553.509,
1790789663,580,,,vit_base_image,131.391,
1790789663,580,,,gpt2_p64_o64,1.327,
1790789663,580,,,gpt2_p512_o512,0.163,
1790789663,580,,,llama_p1024_o128,0,
1790789663,580,,,llama_p2048_o64,0.594,
1790789664,581,,,resnet50_image,176.875,
1790789664,581,,,vgg16_image,553.509,
1790789664,581,,,vit_base_image,131.391,
1790789664,581,,,gpt2_p64_o64,1.327,
1790789664,581,,,gpt2_p512_o512,0.163,
1790789664,581,,,llama_p1024_o128,0,
1790789664,581,,,llama_p2048_o64,0.594,
1790789665,582,,,resnet50_image,176.875,
1790789665,582,,,vgg16_image,553.509,
1790789665,582,,,vit_base_image,131.391,
1790789665,582,,,gpt2_p64_o64,1.327,
1790789665,582,,,gpt2_p512_o512,0.163,
1790789665,582,,,llama_p1024_o128,0,
1790789665,582,,,llama_p2048_o64,0.594,
1790789666,583,,,resnet50_image,176.875,
1790789666,583,,,vgg16_image,553.509,
1790789666,583,,,vit_base_image,131.391,
1790789666,583,,,gpt2_p64_o64,1.327,
1790789666,583,,,gpt2_p512_o512,0.163,
1790789666,583,,,llama_p1024_o128,0,
1790789666,583,,,llama_p2048_o64,0.594,
1790789667,584,,,resnet50_image,176.875,
1790789667,584,,,vgg16_image,553.509,
1790789667,584,,,vit_base_image,131.391,
1790789667,584,,,gpt2_p64_o64,1.327,
1790789667,584,,,gpt2_p512_o512,0.163,
1790789667,584,,,llama_p1024_o128,0,
1790789667,584,,,llama_p2048_o64,0.594,
1790789668,585,,,resnet50_image,176.875,
1790789668,585,,,vgg16_image,553.509,
1790789668,585,,,vit_base_image,131.391,
1790789668,585,,,gpt2_p64_o64,1.327,
1790789668,585,,,gpt2_p512_o512,0.163,
1790789668,585,,,llama_p1024_o128,0,
1790789668,585,,,llama_p2048_o64,0.594,
1790789669,586,,,resnet50_image,176.875,
1790789669,586,,,vgg16_image,553.509,
1790789669,586,,,vit_base_image,131.391,
1790789669,586,,,gpt2_p64_o64,1.327,
1790789669,586,,,gpt2_p512_o512,0.163,
1790789669,586,,,llama_p1024_o128,0,
1790789669,586,,,llama_p2048_o64,0.594,
1790789670,587,,,resnet50_image,176.875,
1790789670,587,,,vgg16_image,553.509,
1790789670,587,,,vit_base_image,131.391,
1790789670,587,,,gpt2_p64_o64,1.327,
1790789670,587,,,gpt2_p512_o512,0.163,
1790789670,587,,,llama_p1024_o128,0,
1790789670,587,,,llama_p2048_o64,0.594,
1790789671,588,,,resnet50_image,176.875,
1790789671,588,,,vgg16_image,553.509,
1790789671,588,,,vit_base_image,131.391,
1790789671,588,,,gpt2_p64_o64,1.327,
1790789671,588,,,gpt2_p512_o512,0.163,
1790789671,588,,,llama_p1024_o128,0,
1790789671,588,,,llama_p2048_o64,0.594,
1790789672,589,,,resnet50_image,176.875,
1790789672,589,,,vgg16_image,553.509,
1790789672,589,,,vit_base_image,131.391,
1790789672,589,,,gpt2_p64_o64,1.327,
1790789672,589,,,gpt2_p512_o512,0.163,
1790789672,589,,,llama_p1024_o128,0,
1790789672,589,,,llama_p2048_o64,0.594,
1790789673,590,,,resnet50_image,176.875,
1790789673,590,,,vgg16_image,553.509,
1790789673,590,,,vit_base_image,131.391,
1790789673,590,,,gpt2_p64_o64,1.327,
1790789673,590,,,gpt2_p512_o512,0.163,
1790789673,590,,,llama_p1024_o128,0,
1790789673,590,,,llama_p2048_o64,0.594,
1790789674,591,10,transition,resnet50_image,176.875,100.61363406976928
1790789674,591,10,transition,vgg16_image,553.509,444.6504672897196
1790789674,591,10,transition,vit_base_image,131.391,73.56037151702786
1790789674,591,10,transition,gpt2_p64_o64,1.327,0.232258064516129
1790789674,591,10,transition,gpt2_p512_o512,0.163,0.0853080568720379
1790789674,591,10,transition,llama_p1024_o128,0,0.0
1790789674,591,10,transition,llama_p2048_o64,0.594,0.0
1790789675,592,10,transition,resnet50_image,176.875,100.61363406976928
1790789675,592,10,transition,vgg16_image,553.509,444.6504672897196
1790789675,592,10,transition,vit_base_image,131.391,73.56037151702786
1790789675,592,10,transition,gpt2_p64_o64,1.327,0.232258064516129
1790789675,592,10,transition,gpt2_p512_o512,0.163,0.0853080568720379
1790789675,592,10,transition,llama_p1024_o128,0,0.0
1790789675,592,10,transition,llama_p2048_o64,0.594,0.0
1790789676,593,10,transition,resnet50_image,176.875,100.61363406976928
1790789676,593,10,transition,vgg16_image,553.509,444.6504672897196
1790789676,593,10,transition,vit_base_image,131.391,73.56037151702786
1790789676,593,10,transition,gpt2_p64_o64,1.327,0.232258064516129
1790789676,593,10,transition,gpt2_p512_o512,0.163,0.0853080568720379
1790789676,593,10,transition,llama_p1024_o128,0,0.0
1790789676,593,10,transition,llama_p2048_o64,0.594,0.0
1790789677,594,10,transition,resnet50_image,176.875,100.61363406976928
1790789677,594,10,transition,vgg16_image,553.509,444.6504672897196
1790789677,594,10,transition,vit_base_image,131.391,73.56037151702786
1790789677,594,10,transition,gpt2_p64_o64,1.327,0.232258064516129
1790789677,594,10,transition,gpt2_p512_o512,0.163,0.0853080568720379
1790789677,594,10,transition,llama_p1024_o128,0,0.0
1790789677,594,10,transition,llama_p2048_o64,0.594,0.0
1790789678,595,10,transition,resnet50_image,176.875,100.61363406976928
1790789678,595,10,transition,vgg16_image,553.509,444.6504672897196
1790789678,595,10,transition,vit_base_image,131.391,73.56037151702786
1790789678,595,10,transition,gpt2_p64_o64,1.327,0.232258064516129
1790789678,595,10,transition,gpt2_p512_o512,0.163,0.0853080568720379
1790789678,595,10,transition,llama_p1024_o128,0,0.0
1790789678,595,10,transition,llama_p2048_o64,0.594,0.0
1790789679,596,10,transition,resnet50_image,176.875,100.61363406976928
1790789679,596,10,transition,vgg16_image,553.509,444.6504672897196
1790789679,596,10,transition,vit_base_image,131.391,73.56037151702786
1790789679,596,10,transition,gpt2_p64_o64,1.327,0.232258064516129
1790789679,596,10,transition,gpt2_p512_o512,0.163,0.0853080568720379
1790789679,596,10,transition,llama_p1024_o128,0,0.0
1790789679,596,10,transition,llama_p2048_o64,0.594,0.0
1790789680,597,10,transition,resnet50_image,176.875,100.61363406976928
1790789680,597,10,transition,vgg16_image,553.509,444.6504672897196
1790789680,597,10,transition,vit_base_image,131.391,73.56037151702786
1790789680,597,10,transition,gpt2_p64_o64,1.327,0.232258064516129
1790789680,597,10,transition,gpt2_p512_o512,0.163,0.0853080568720379
1790789680,597,10,transition,llama_p1024_o128,0,0.0
1790789680,597,10,transition,llama_p2048_o64,0.594,0.0
1790789681,598,10,transition,resnet50_image,176.875,100.61363406976928
1790789681,598,10,transition,vgg16_image,553.509,444.6504672897196
1790789681,598,10,transition,vit_base_image,131.391,73.56037151702786
1790789681,598,10,transition,gpt2_p64_o64,1.327,0.232258064516129
1790789681,598,10,transition,gpt2_p512_o512,0.163,0.0853080568720379
1790789681,598,10,transition,llama_p1024_o128,0,0.0
1790789681,598,10,transition,llama_p2048_o64,0.594,0.0
1790789682,599,10,transition,resnet50_image,176.875,100.61363406976928
1790789682,599,10,transition,vgg16_image,553.509,444.6504672897196
1790789682,599,10,transition,vit_base_image,131.391,73.56037151702786
1790789682,599,10,transition,gpt2_p64_o64,1.327,0.232258064516129
1790789682,599,10,transition,gpt2_p512_o512,0.163,0.0853080568720379
1790789682,599,10,transition,llama_p1024_o128,0,0.0
1790789682,599,10,transition,llama_p2048_o64,0.594,0.0
1790789683,600,10,transition,resnet50_image,176.875,100.61363406976928
1790789683,600,10,transition,vgg16_image,553.509,444.6504672897196
1790789683,600,10,transition,vit_base_image,131.391,73.56037151702786
1790789683,600,10,transition,gpt2_p64_o64,1.327,0.232258064516129
1790789683,600,10,transition,gpt2_p512_o512,0.163,0.0853080568720379
1790789683,600,10,transition,llama_p1024_o128,0,0.0
1790789683,600,10,transition,llama_p2048_o64,0.594,0.0
1790789684,601,10,transition,resnet50_image,176.875,100.61363406976928
1790789684,601,10,transition,vgg16_image,553.509,444.6504672897196
1790789684,601,10,transition,vit_base_image,131.391,73.56037151702786
1790789684,601,10,transition,gpt2_p64_o64,1.327,0.232258064516129
1790789684,601,10,transition,gpt2_p512_o512,0.163,0.0853080568720379
1790789684,601,10,transition,llama_p1024_o128,0,0.0
1790789684,601,10,transition,llama_p2048_o64,0.594,0.0
1790789685,602,10,transition,resnet50_image,176.875,100.61363406976928
1790789685,602,10,transition,vgg16_image,553.509,444.6504672897196
1790789685,602,10,transition,vit_base_image,131.391,73.56037151702786
1790789685,602,10,transition,gpt2_p64_o64,1.327,0.232258064516129
1790789685,602,10,transition,gpt2_p512_o512,0.163,0.0853080568720379
1790789685,602,10,transition,llama_p1024_o128,0,0.0
1790789685,602,10,transition,llama_p2048_o64,0.594,0.0
1790789686,603,10,transition,resnet50_image,176.875,100.61363406976928
1790789686,603,10,transition,vgg16_image,553.509,444.6504672897196
1790789686,603,10,transition,vit_base_image,131.391,73.56037151702786
1790789686,603,10,transition,gpt2_p64_o64,1.327,0.232258064516129
1790789686,603,10,transition,gpt2_p512_o512,0.163,0.0853080568720379
1790789686,603,10,transition,llama_p1024_o128,0,0.0
1790789686,603,10,transition,llama_p2048_o64,0.594,0.0
1790789687,604,10,transition,resnet50_image,176.875,100.61363406976928
1790789687,604,10,transition,vgg16_image,553.509,444.6504672897196
1790789687,604,10,transition,vit_base_image,131.391,73.56037151702786
1790789687,604,10,transition,gpt2_p64_o64,1.327,0.232258064516129
1790789687,604,10,transition,gpt2_p512_o512,0.163,0.0853080568720379
1790789687,604,10,transition,llama_p1024_o128,0,0.0
1790789687,604,10,transition,llama_p2048_o64,0.594,0.0
1790789688,605,10,transition,resnet50_image,176.875,100.61363406976928
1790789688,605,10,transition,vgg16_image,553.509,444.6504672897196
1790789688,605,10,transition,vit_base_image,84.865,73.56037151702786
1790789688,605,10,transition,gpt2_p64_o64,1.327,0.232258064516129
1790789688,605,10,transition,gpt2_p512_o512,0.163,0.0853080568720379
1790789688,605,10,transition,llama_p1024_o128,0,0.0
1790789688,605,10,transition,llama_p2048_o64,0,0.0
1790789689,606,10,transition,resnet50_image,176.875,100.61363406976928
1790789689,606,10,transition,vgg16_image,553.509,444.6504672897196
1790789689,606,10,transition,vit_base_image,84.865,73.56037151702786
1790789689,606,10,transition,gpt2_p64_o64,1.327,0.232258064516129
1790789689,606,10,transition,gpt2_p512_o512,0.163,0.0853080568720379
1790789689,606,10,transition,llama_p1024_o128,0,0.0
1790789689,606,10,transition,llama_p2048_o64,0,0.0
1790789690,607,10,transition,resnet50_image,176.875,100.61363406976928
1790789690,607,10,transition,vgg16_image,553.509,444.6504672897196
1790789690,607,10,transition,vit_base_image,84.865,73.56037151702786
1790789690,607,10,transition,gpt2_p64_o64,1.327,0.232258064516129
1790789690,607,10,transition,gpt2_p512_o512,0.163,0.0853080568720379
1790789690,607,10,transition,llama_p1024_o128,0,0.0
1790789690,607,10,transition,llama_p2048_o64,0,0.0
1790789691,608,10,transition,resnet50_image,176.875,100.61363406976928
1790789691,608,10,transition,vgg16_image,553.509,444.6504672897196
1790789691,608,10,transition,vit_base_image,84.865,73.56037151702786
1790789691,608,10,transition,gpt2_p64_o64,1.327,0.232258064516129
1790789691,608,10,transition,gpt2_p512_o512,0.163,0.0853080568720379
1790789691,608,10,transition,llama_p1024_o128,0,0.0
1790789691,608,10,transition,llama_p2048_o64,0,0.0
1790789692,609,10,transition,resnet50_image,176.875,100.61363406976928
1790789692,609,10,transition,vgg16_image,553.509,444.6504672897196
1790789692,609,10,transition,vit_base_image,84.865,73.56037151702786
1790789692,609,10,transition,gpt2_p64_o64,1.327,0.232258064516129
1790789692,609,10,transition,gpt2_p512_o512,0.163,0.0853080568720379
1790789692,609,10,transition,llama_p1024_o128,0,0.0
1790789692,609,10,transition,llama_p2048_o64,0,0.0
1790789693,610,10,transition,resnet50_image,176.875,100.61363406976928
1790789693,610,10,transition,vgg16_image,553.509,444.6504672897196
1790789693,610,10,transition,vit_base_image,84.865,73.56037151702786
1790789693,610,10,transition,gpt2_p64_o64,1.327,0.232258064516129
1790789693,610,10,transition,gpt2_p512_o512,0.163,0.0853080568720379
1790789693,610,10,transition,llama_p1024_o128,0,0.0
1790789693,610,10,transition,llama_p2048_o64,0,0.0
1790789694,611,10,transition,resnet50_image,176.875,100.61363406976928
1790789694,611,10,transition,vgg16_image,553.509,444.6504672897196
1790789694,611,10,transition,vit_base_image,84.865,73.56037151702786
1790789694,611,10,transition,gpt2_p64_o64,1.327,0.232258064516129
1790789694,611,10,transition,gpt2_p512_o512,0.163,0.0853080568720379
1790789694,611,10,transition,llama_p1024_o128,0,0.0
1790789694,611,10,transition,llama_p2048_o64,0,0.0
1790789695,612,10,transition,resnet50_image,176.875,100.61363406976928
1790789695,612,10,transition,vgg16_image,553.509,444.6504672897196
1790789695,612,10,transition,vit_base_image,84.865,73.56037151702786
1790789695,612,10,transition,gpt2_p64_o64,1.327,0.232258064516129
1790789695,612,10,transition,gpt2_p512_o512,0.163,0.0853080568720379
1790789695,612,10,transition,llama_p1024_o128,0,0.0
1790789695,612,10,transition,llama_p2048_o64,0,0.0
1790789696,613,10,transition,resnet50_image,176.875,100.61363406976928
1790789696,613,10,transition,vgg16_image,553.509,444.6504672897196
1790789696,613,10,transition,vit_base_image,84.865,73.56037151702786
1790789696,613,10,transition,gpt2_p64_o64,1.327,0.232258064516129
1790789696,613,10,transition,gpt2_p512_o512,0.163,0.0853080568720379
1790789696,613,10,transition,llama_p1024_o128,0,0.0
1790789696,613,10,transition,llama_p2048_o64,0,0.0
1790789697,614,10,transition,resnet50_image,176.875,100.61363406976928
1790789697,614,10,transition,vgg16_image,458.849,444.6504672897196
1790789697,614,10,transition,vit_base_image,84.865,73.56037151702786
1790789697,614,10,transition,gpt2_p64_o64,1.327,0.232258064516129
1790789697,614,10,transition,gpt2_p512_o512,0.163,0.0853080568720379
1790789697,614,10,transition,llama_p1024_o128,0,0.0
1790789697,614,10,transition,llama_p2048_o64,0,0.0
1790789698,615,10,transition,resnet50_image,176.875,100.61363406976928
1790789698,615,10,transition,vgg16_image,458.849,444.6504672897196
1790789698,615,10,transition,vit_base_image,84.865,73.56037151702786
1790789698,615,10,transition,gpt2_p64_o64,1.327,0.232258064516129
1790789698,615,10,transition,gpt2_p512_o512,0.163,0.0853080568720379
1790789698,615,10,transition,llama_p1024_o128,0,0.0
1790789698,615,10,transition,llama_p2048_o64,0,0.0
1790789699,616,10,transition,resnet50_image,176.875,100.61363406976928
1790789699,616,10,transition,vgg16_image,458.849,444.6504672897196
1790789699,616,10,transition,vit_base_image,84.865,73.56037151702786
1790789699,616,10,transition,gpt2_p64_o64,1.327,0.232258064516129
1790789699,616,10,transition,gpt2_p512_o512,0.163,0.0853080568720379
1790789699,616,10,transition,llama_p1024_o128,0,0.0
1790789699,616,10,transition,llama_p2048_o64,0,0.0
1790789700,617,10,transition,resnet50_image,176.875,100.61363406976928
1790789700,617,10,transition,vgg16_image,458.849,444.6504672897196
1790789700,617,10,transition,vit_base_image,84.865,73.56037151702786
1790789700,617,10,transition,gpt2_p64_o64,1.327,0.232258064516129
1790789700,617,10,transition,gpt2_p512_o512,0.163,0.0853080568720379
1790789700,617,10,transition,llama_p1024_o128,0,0.0
1790789700,617,10,transition,llama_p2048_o64,0,0.0
1790789701,618,10,transition,resnet50_image,176.875,100.61363406976928
1790789701,618,10,transition,vgg16_image,458.849,444.6504672897196
1790789701,618,10,transition,vit_base_image,84.865,73.56037151702786
1790789701,618,10,transition,gpt2_p64_o64,1.327,0.232258064516129
1790789701,618,10,transition,gpt2_p512_o512,0.163,0.0853080568720379
1790789701,618,10,transition,llama_p1024_o128,0,0.0
1790789701,618,10,transition,llama_p2048_o64,0,0.0
1790789702,619,10,transition,resnet50_image,176.875,100.61363406976928
1790789702,619,10,transition,vgg16_image,458.849,444.6504672897196
1790789702,619,10,transition,vit_base_image,84.865,73.56037151702786
1790789702,619,10,transition,gpt2_p64_o64,1.327,0.232258064516129
1790789702,619,10,transition,gpt2_p512_o512,0.163,0.0853080568720379
1790789702,619,10,transition,llama_p1024_o128,0,0.0
1790789702,619,10,transition,llama_p2048_o64,0,0.0
1790789703,620,10,transition,resnet50_image,176.875,100.61363406976928
1790789703,620,10,transition,vgg16_image,458.849,444.6504672897196
1790789703,620,10,transition,vit_base_image,84.865,73.56037151702786
1790789703,620,10,transition,gpt2_p64_o64,1.327,0.232258064516129
1790789703,620,10,transition,gpt2_p512_o512,0.163,0.0853080568720379
1790789703,620,10,transition,llama_p1024_o128,0,0.0
1790789703,620,10,transition,llama_p2048_o64,0,0.0
1790789704,621,10,transition,resnet50_image,176.875,100.61363406976928
1790789704,621,10,transition,vgg16_image,458.849,444.6504672897196
1790789704,621,10,transition,vit_base_image,84.865,73.56037151702786
1790789704,621,10,transition,gpt2_p64_o64,1.327,0.232258064516129
1790789704,621,10,transition,gpt2_p512_o512,0.163,0.0853080568720379
1790789704,621,10,transition,llama_p1024_o128,0,0.0
1790789704,621,10,transition,llama_p2048_o64,0,0.0
1790789705,622,10,transition,resnet50_image,176.875,100.61363406976928
1790789705,622,10,transition,vgg16_image,458.849,444.6504672897196
1790789705,622,10,transition,vit_base_image,84.865,73.56037151702786
1790789705,622,10,transition,gpt2_p64_o64,1.327,0.232258064516129
1790789705,622,10,transition,gpt2_p512_o512,0.163,0.0853080568720379
1790789705,622,10,transition,llama_p1024_o128,0,0.0
1790789705,622,10,transition,llama_p2048_o64,0,0.0
1790789706,623,10,transition,resnet50_image,176.875,100.61363406976928
1790789706,623,10,transition,vgg16_image,458.849,444.6504672897196
1790789706,623,10,transition,vit_base_image,84.865,73.56037151702786
1790789706,623,10,transition,gpt2_p64_o64,1.327,0.232258064516129
1790789706,623,10,transition,gpt2_p512_o512,0.163,0.0853080568720379
1790789706,623,10,transition,llama_p1024_o128,0,0.0
1790789706,623,10,transition,llama_p2048_o64,0,0.0
1790789707,624,10,transition,resnet50_image,176.875,100.61363406976928
1790789707,624,10,transition,vgg16_image,458.849,444.6504672897196
1790789707,624,10,transition,vit_base_image,84.865,73.56037151702786
1790789707,624,10,transition,gpt2_p64_o64,1.327,0.232258064516129
1790789707,624,10,transition,gpt2_p512_o512,0.163,0.0853080568720379
1790789707,624,10,transition,llama_p1024_o128,0,0.0
1790789707,624,10,transition,llama_p2048_o64,0,0.0
1790789708,625,10,transition,resnet50_image,176.875,100.61363406976928
1790789708,625,10,transition,vgg16_image,458.849,444.6504672897196
1790789708,625,10,transition,vit_base_image,84.865,73.56037151702786
1790789708,625,10,transition,gpt2_p64_o64,1.327,0.232258064516129
1790789708,625,10,transition,gpt2_p512_o512,0.163,0.0853080568720379
1790789708,625,10,transition,llama_p1024_o128,0,0.0
1790789708,625,10,transition,llama_p2048_o64,0,0.0
1790789709,626,10,transition,resnet50_image,176.875,100.61363406976928
1790789709,626,10,transition,vgg16_image,458.849,444.6504672897196
1790789709,626,10,transition,vit_base_image,84.865,73.56037151702786
1790789709,626,10,transition,gpt2_p64_o64,1.327,0.232258064516129
1790789709,626,10,transition,gpt2_p512_o512,0.163,0.0853080568720379
1790789709,626,10,transition,llama_p1024_o128,0,0.0
1790789709,626,10,transition,llama_p2048_o64,0,0.0
1790789710,627,10,transition,resnet50_image,176.875,100.61363406976928
1790789710,627,10,transition,vgg16_image,458.849,444.6504672897196
1790789710,627,10,transition,vit_base_image,84.865,73.56037151702786
1790789710,627,10,transition,gpt2_p64_o64,1.327,0.232258064516129
1790789710,627,10,transition,gpt2_p512_o512,0.163,0.0853080568720379
1790789710,627,10,transition,llama_p1024_o128,0,0.0
1790789710,627,10,transition,llama_p2048_o64,0,0.0
1790789711,628,10,transition,resnet50_image,176.875,100.61363406976928
1790789711,628,10,transition,vgg16_image,458.849,444.6504672897196
1790789711,628,10,transition,vit_base_image,84.865,73.56037151702786
1790789711,628,10,transition,gpt2_p64_o64,1.327,0.232258064516129
1790789711,628,10,transition,gpt2_p512_o512,0.163,0.0853080568720379
1790789711,628,10,transition,llama_p1024_o128,0,0.0
1790789711,628,10,transition,llama_p2048_o64,0,0.0
1790789712,629,10,transition,resnet50_image,176.875,100.61363406976928
1790789712,629,10,transition,vgg16_image,458.849,444.6504672897196
1790789712,629,10,transition,vit_base_image,84.865,73.56037151702786
1790789712,629,10,transition,gpt2_p64_o64,1.327,0.232258064516129
1790789712,629,10,transition,gpt2_p512_o512,0.163,0.0853080568720379
1790789712,629,10,transition,llama_p1024_o128,0,0.0
1790789712,629,10,transition,llama_p2048_o64,0,0.0
1790789713,630,10,transition,resnet50_image,176.875,100.61363406976928
1790789713,630,10,transition,vgg16_image,458.849,444.6504672897196
1790789713,630,10,transition,vit_base_image,84.865,73.56037151702786
1790789713,630,10,transition,gpt2_p64_o64,1.327,0.232258064516129
1790789713,630,10,transition,gpt2_p512_o512,0.163,0.0853080568720379
1790789713,630,10,transition,llama_p1024_o128,0,0.0
1790789713,630,10,transition,llama_p2048_o64,0,0.0
1790789714,631,10,transition,resnet50_image,176.875,100.61363406976928
1790789714,631,10,transition,vgg16_image,458.849,444.6504672897196
1790789714,631,10,transition,vit_base_image,84.865,73.56037151702786
1790789714,631,10,transition,gpt2_p64_o64,1.327,0.232258064516129
1790789714,631,10,transition,gpt2_p512_o512,0.163,0.0853080568720379
1790789714,631,10,transition,llama_p1024_o128,0,0.0
1790789714,631,10,transition,llama_p2048_o64,0,0.0
1790789715,632,10,transition,resnet50_image,176.875,100.61363406976928
1790789715,632,10,transition,vgg16_image,458.849,444.6504672897196
1790789715,632,10,transition,vit_base_image,84.865,73.56037151702786
1790789715,632,10,transition,gpt2_p64_o64,1.327,0.232258064516129
1790789715,632,10,transition,gpt2_p512_o512,0.163,0.0853080568720379
1790789715,632,10,transition,llama_p1024_o128,0,0.0
1790789715,632,10,transition,llama_p2048_o64,0,0.0
1790789716,633,10,transition,resnet50_image,176.875,100.61363406976928
1790789716,633,10,transition,vgg16_image,458.849,444.6504672897196
1790789716,633,10,transition,vit_base_image,84.865,73.56037151702786
1790789716,633,10,transition,gpt2_p64_o64,1.327,0.232258064516129
1790789716,633,10,transition,gpt2_p512_o512,0.163,0.0853080568720379
1790789716,633,10,transition,llama_p1024_o128,0,0.0
1790789716,633,10,transition,llama_p2048_o64,0,0.0
1790789717,634,10,transition,resnet50_image,176.875,100.61363406976928
1790789717,634,10,transition,vgg16_image,458.849,444.6504672897196
1790789717,634,10,transition,vit_base_image,84.865,73.56037151702786
1790789717,634,10,transition,gpt2_p64_o64,1.327,0.232258064516129
1790789717,634,10,transition,gpt2_p512_o512,0.163,0.0853080568720379
1790789717,634,10,transition,llama_p1024_o128,0,0.0
1790789717,634,10,transition,llama_p2048_o64,0,0.0
1790789718,635,10,transition,resnet50_image,176.875,100.61363406976928
1790789718,635,10,transition,vgg16_image,458.849,444.6504672897196
1790789718,635,10,transition,vit_base_image,84.865,73.56037151702786
1790789718,635,10,transition,gpt2_p64_o64,1.327,0.232258064516129
1790789718,635,10,transition,gpt2_p512_o512,0.163,0.0853080568720379
1790789718,635,10,transition,llama_p1024_o128,0,0.0
1790789718,635,10,transition,llama_p2048_o64,0,0.0
1790789719,636,10,transition,resnet50_image,176.875,100.61363406976928
1790789719,636,10,transition,vgg16_image,458.849,444.6504672897196
1790789719,636,10,transition,vit_base_image,84.865,73.56037151702786
1790789719,636,10,transition,gpt2_p64_o64,1.327,0.232258064516129
1790789719,636,10,transition,gpt2_p512_o512,0.163,0.0853080568720379
1790789719,636,10,transition,llama_p1024_o128,0,0.0
1790789719,636,10,transition,llama_p2048_o64,0,0.0
1790789720,637,10,transition,resnet50_image,176.875,100.61363406976928
1790789720,637,10,transition,vgg16_image,458.849,444.6504672897196
1790789720,637,10,transition,vit_base_image,84.865,73.56037151702786
1790789720,637,10,transition,gpt2_p64_o64,1.327,0.232258064516129
1790789720,637,10,transition,gpt2_p512_o512,0.163,0.0853080568720379
1790789720,637,10,transition,llama_p1024_o128,0,0.0
1790789720,637,10,transition,llama_p2048_o64,0,0.0
1790789721,638,10,transition,resnet50_image,176.875,100.61363406976928
1790789721,638,10,transition,vgg16_image,458.849,444.6504672897196
1790789721,638,10,transition,vit_base_image,84.865,73.56037151702786
1790789721,638,10,transition,gpt2_p64_o64,1.327,0.232258064516129
1790789721,638,10,transition,gpt2_p512_o512,0.163,0.0853080568720379
1790789721,638,10,transition,llama_p1024_o128,0,0.0
1790789721,638,10,transition,llama_p2048_o64,0,0.0
1790789722,639,10,steady,resnet50_image,176.875,109.74604911579873
1790789722,639,10,steady,vgg16_image,458.849,444.6504672897196
1790789722,639,10,steady,vit_base_image,84.865,73.56037151702786
1790789722,639,10,steady,gpt2_p64_o64,1.327,0.232258064516129
1790789722,639,10,steady,gpt2_p512_o512,0.163,0.0853080568720379
1790789722,639,10,steady,llama_p1024_o128,0,0.0
1790789722,639,10,steady,llama_p2048_o64,0,0.0
1790789723,640,10,steady,resnet50_image,176.875,109.74604911579873
1790789723,640,10,steady,vgg16_image,458.849,444.6504672897196
1790789723,640,10,steady,vit_base_image,84.865,73.56037151702786
1790789723,640,10,steady,gpt2_p64_o64,1.327,0.232258064516129
1790789723,640,10,steady,gpt2_p512_o512,0.163,0.0853080568720379
1790789723,640,10,steady,llama_p1024_o128,0,0.0
1790789723,640,10,steady,llama_p2048_o64,0,0.0
1790789724,641,10,steady,resnet50_image,176.875,109.74604911579873
1790789724,641,10,steady,vgg16_image,458.849,444.6504672897196
1790789724,641,10,steady,vit_base_image,84.865,73.56037151702786
1790789724,641,10,steady,gpt2_p64_o64,1.327,0.232258064516129
1790789724,641,10,steady,gpt2_p512_o512,0.163,0.0853080568720379
1790789724,641,10,steady,llama_p1024_o128,0,0.0
1790789724,641,10,steady,llama_p2048_o64,0,0.0
1790789725,642,10,steady,resnet50_image,176.875,109.74604911579873
1790789725,642,10,steady,vgg16_image,458.849,444.6504672897196
1790789725,642,10,steady,vit_base_image,84.865,73.56037151702786
1790789725,642,10,steady,gpt2_p64_o64,1.327,0.232258064516129
1790789725,642,10,steady,gpt2_p512_o512,0.163,0.0853080568720379
1790789725,642,10,steady,llama_p1024_o128,0,0.0
1790789725,642,10,steady,llama_p2048_o64,0,0.0
1790789726,643,10,steady,resnet50_image,176.875,109.74604911579873
1790789726,643,10,steady,vgg16_image,458.849,444.6504672897196
1790789726,643,10,steady,vit_base_image,84.865,73.56037151702786
1790789726,643,10,steady,gpt2_p64_o64,1.327,0.232258064516129
1790789726,643,10,steady,gpt2_p512_o512,0.163,0.0853080568720379
1790789726,643,10,steady,llama_p1024_o128,0,0.0
1790789726,643,10,steady,llama_p2048_o64,0,0.0
1790789727,644,10,steady,resnet50_image,176.875,109.74604911579873
1790789727,644,10,steady,vgg16_image,458.849,444.6504672897196
1790789727,644,10,steady,vit_base_image,84.865,73.56037151702786
1790789727,644,10,steady,gpt2_p64_o64,1.327,0.232258064516129
1790789727,644,10,steady,gpt2_p512_o512,0.163,0.0853080568720379
1790789727,644,10,steady,llama_p1024_o128,0,0.0
1790789727,644,10,steady,llama_p2048_o64,0,0.0
1790789728,645,10,steady,resnet50_image,176.875,109.74604911579873
1790789728,645,10,steady,vgg16_image,458.849,444.6504672897196
1790789728,645,10,steady,vit_base_image,84.865,73.56037151702786
1790789728,645,10,steady,gpt2_p64_o64,1.327,0.232258064516129
1790789728,645,10,steady,gpt2_p512_o512,0.163,0.0853080568720379
1790789728,645,10,steady,llama_p1024_o128,0,0.0
1790789728,645,10,steady,llama_p2048_o64,0,0.0
1790789729,646,10,steady,resnet50_image,176.875,109.74604911579873
1790789729,646,10,steady,vgg16_image,458.849,444.6504672897196
1790789729,646,10,steady,vit_base_image,84.865,73.56037151702786
1790789729,646,10,steady,gpt2_p64_o64,1.327,0.232258064516129
1790789729,646,10,steady,gpt2_p512_o512,0.163,0.0853080568720379
1790789729,646,10,steady,llama_p1024_o128,0,0.0
1790789729,646,10,steady,llama_p2048_o64,0,0.0
1790789730,647,10,steady,resnet50_image,176.875,109.74604911579873
1790789730,647,10,steady,vgg16_image,458.849,444.6504672897196
1790789730,647,10,steady,vit_base_image,84.865,73.56037151702786
1790789730,647,10,steady,gpt2_p64_o64,1.327,0.232258064516129
1790789730,647,10,steady,gpt2_p512_o512,0.163,0.0853080568720379
1790789730,647,10,steady,llama_p1024_o128,0,0.0
1790789730,647,10,steady,llama_p2048_o64,0,0.0
1790789731,648,10,steady,resnet50_image,176.875,109.74604911579873
1790789731,648,10,steady,vgg16_image,458.849,444.6504672897196
1790789731,648,10,steady,vit_base_image,84.865,73.56037151702786
1790789731,648,10,steady,gpt2_p64_o64,1.327,0.232258064516129
1790789731,648,10,steady,gpt2_p512_o512,0.163,0.0853080568720379
1790789731,648,10,steady,llama_p1024_o128,0,0.0
1790789731,648,10,steady,llama_p2048_o64,0,0.0
1790789732,649,10,steady,resnet50_image,176.875,109.74604911579873
1790789732,649,10,steady,vgg16_image,458.849,444.6504672897196
1790789732,649,10,steady,vit_base_image,84.865,73.56037151702786
1790789732,649,10,steady,gpt2_p64_o64,1.327,0.232258064516129
1790789732,649,10,steady,gpt2_p512_o512,0.163,0.0853080568720379
1790789732,649,10,steady,llama_p1024_o128,0,0.0
1790789732,649,10,steady,llama_p2048_o64,0,0.0
1790789733,650,10,steady,resnet50_image,176.875,109.74604911579873
1790789733,650,10,steady,vgg16_image,458.849,444.6504672897196
1790789733,650,10,steady,vit_base_image,84.865,73.56037151702786
1790789733,650,10,steady,gpt2_p64_o64,1.327,0.232258064516129
1790789733,650,10,steady,gpt2_p512_o512,0.163,0.0853080568720379
1790789733,650,10,steady,llama_p1024_o128,0,0.0
1790789733,650,10,steady,llama_p2048_o64,0,0.0
1790789734,651,10,steady,resnet50_image,176.875,109.74604911579873
1790789734,651,10,steady,vgg16_image,458.849,444.6504672897196
1790789734,651,10,steady,vit_base_image,84.865,73.56037151702786
1790789734,651,10,steady,gpt2_p64_o64,1.327,0.232258064516129
1790789734,651,10,steady,gpt2_p512_o512,0.163,0.0853080568720379
1790789734,651,10,steady,llama_p1024_o128,0,0.0
1790789734,651,10,steady,llama_p2048_o64,0,0.0
1790789735,652,10,steady,resnet50_image,176.875,109.74604911579873
1790789735,652,10,steady,vgg16_image,458.849,444.6504672897196
1790789735,652,10,steady,vit_base_image,84.865,73.56037151702786
1790789735,652,10,steady,gpt2_p64_o64,1.327,0.232258064516129
1790789735,652,10,steady,gpt2_p512_o512,0.163,0.0853080568720379
1790789735,652,10,steady,llama_p1024_o128,0,0.0
1790789735,652,10,steady,llama_p2048_o64,0,0.0
1790789736,653,10,steady,resnet50_image,176.875,109.74604911579873
1790789736,653,10,steady,vgg16_image,458.849,444.6504672897196
1790789736,653,10,steady,vit_base_image,84.865,73.56037151702786
1790789736,653,10,steady,gpt2_p64_o64,1.327,0.232258064516129
1790789736,653,10,steady,gpt2_p512_o512,0.163,0.0853080568720379
1790789736,653,10,steady,llama_p1024_o128,0,0.0
1790789736,653,10,steady,llama_p2048_o64,0,0.0
1790789737,654,10,steady,resnet50_image,176.875,109.74604911579873
1790789737,654,10,steady,vgg16_image,458.849,444.6504672897196
1790789737,654,10,steady,vit_base_image,84.865,73.56037151702786
1790789737,654,10,steady,gpt2_p64_o64,1.327,0.232258064516129
1790789737,654,10,steady,gpt2_p512_o512,0.163,0.0853080568720379
1790789737,654,10,steady,llama_p1024_o128,0,0.0
1790789737,654,10,steady,llama_p2048_o64,0,0.0
1790789738,655,10,steady,resnet50_image,176.875,109.74604911579873
1790789738,655,10,steady,vgg16_image,458.849,444.6504672897196
1790789738,655,10,steady,vit_base_image,84.865,73.56037151702786
1790789738,655,10,steady,gpt2_p64_o64,1.327,0.232258064516129
1790789738,655,10,steady,gpt2_p512_o512,0.163,0.0853080568720379
1790789738,655,10,steady,llama_p1024_o128,0,0.0
1790789738,655,10,steady,llama_p2048_o64,0,0.0
1790789739,656,10,steady,resnet50_image,176.875,109.74604911579873
1790789739,656,10,steady,vgg16_image,458.849,444.6504672897196
1790789739,656,10,steady,vit_base_image,84.865,73.56037151702786
1790789739,656,10,steady,gpt2_p64_o64,1.327,0.232258064516129
1790789739,656,10,steady,gpt2_p512_o512,0.163,0.0853080568720379
1790789739,656,10,steady,llama_p1024_o128,0,0.0
1790789739,656,10,steady,llama_p2048_o64,0,0.0
1790789740,657,10,steady,resnet50_image,176.875,109.74604911579873
1790789740,657,10,steady,vgg16_image,458.849,444.6504672897196
1790789740,657,10,steady,vit_base_image,84.865,73.56037151702786
1790789740,657,10,steady,gpt2_p64_o64,1.327,0.232258064516129
1790789740,657,10,steady,gpt2_p512_o512,0.163,0.0853080568720379
1790789740,657,10,steady,llama_p1024_o128,0,0.0
1790789740,657,10,steady,llama_p2048_o64,0,0.0
1790789741,658,10,steady,resnet50_image,176.875,109.74604911579873
1790789741,658,10,steady,vgg16_image,458.849,444.6504672897196
1790789741,658,10,steady,vit_base_image,84.865,73.56037151702786
1790789741,658,10,steady,gpt2_p64_o64,1.327,0.232258064516129
1790789741,658,10,steady,gpt2_p512_o512,0.163,0.0853080568720379
1790789741,658,10,steady,llama_p1024_o128,0,0.0
1790789741,658,10,steady,llama_p2048_o64,0,0.0
1790789742,659,10,steady,resnet50_image,176.875,109.74604911579873
1790789742,659,10,steady,vgg16_image,458.849,444.6504672897196
1790789742,659,10,steady,vit_base_image,84.865,73.56037151702786
1790789742,659,10,steady,gpt2_p64_o64,1.327,0.232258064516129
1790789742,659,10,steady,gpt2_p512_o512,0.163,0.0853080568720379
1790789742,659,10,steady,llama_p1024_o128,0,0.0
1790789742,659,10,steady,llama_p2048_o64,0,0.0
1790789743,660,10,steady,resnet50_image,176.875,109.74604911579873
1790789743,660,10,steady,vgg16_image,458.849,444.6504672897196
1790789743,660,10,steady,vit_base_image,84.865,73.56037151702786
1790789743,660,10,steady,gpt2_p64_o64,1.327,0.232258064516129
1790789743,660,10,steady,gpt2_p512_o512,0.163,0.0853080568720379
1790789743,660,10,steady,llama_p1024_o128,0,0.0
1790789743,660,10,steady,llama_p2048_o64,0,0.0
1790789744,661,10,steady,resnet50_image,176.875,109.74604911579873
1790789744,661,10,steady,vgg16_image,458.849,444.6504672897196
1790789744,661,10,steady,vit_base_image,84.865,73.56037151702786
1790789744,661,10,steady,gpt2_p64_o64,1.327,0.232258064516129
1790789744,661,10,steady,gpt2_p512_o512,0.163,0.0853080568720379
1790789744,661,10,steady,llama_p1024_o128,0,0.0
1790789744,661,10,steady,llama_p2048_o64,0,0.0
1790789745,662,10,steady,resnet50_image,176.875,109.74604911579873
1790789745,662,10,steady,vgg16_image,458.849,444.6504672897196
1790789745,662,10,steady,vit_base_image,84.865,73.56037151702786
1790789745,662,10,steady,gpt2_p64_o64,1.327,0.232258064516129
1790789745,662,10,steady,gpt2_p512_o512,0.163,0.0853080568720379
1790789745,662,10,steady,llama_p1024_o128,0,0.0
1790789745,662,10,steady,llama_p2048_o64,0,0.0
1790789746,663,10,steady,resnet50_image,176.875,109.74604911579873
1790789746,663,10,steady,vgg16_image,458.849,444.6504672897196
1790789746,663,10,steady,vit_base_image,84.865,73.56037151702786
1790789746,663,10,steady,gpt2_p64_o64,1.327,0.232258064516129
1790789746,663,10,steady,gpt2_p512_o512,0.163,0.0853080568720379
1790789746,663,10,steady,llama_p1024_o128,0,0.0
1790789746,663,10,steady,llama_p2048_o64,0,0.0
1790789747,664,10,steady,resnet50_image,176.875,109.74604911579873
1790789747,664,10,steady,vgg16_image,458.849,444.6504672897196
1790789747,664,10,steady,vit_base_image,84.865,73.56037151702786
1790789747,664,10,steady,gpt2_p64_o64,1.327,0.232258064516129
1790789747,664,10,steady,gpt2_p512_o512,0.163,0.0853080568720379
1790789747,664,10,steady,llama_p1024_o128,0,0.0
1790789747,664,10,steady,llama_p2048_o64,0,0.0
1790789748,665,10,steady,resnet50_image,176.875,109.74604911579873
1790789748,665,10,steady,vgg16_image,458.849,444.6504672897196
1790789748,665,10,steady,vit_base_image,84.865,73.56037151702786
1790789748,665,10,steady,gpt2_p64_o64,1.327,0.232258064516129
1790789748,665,10,steady,gpt2_p512_o512,0.163,0.0853080568720379
1790789748,665,10,steady,llama_p1024_o128,0,0.0
1790789748,665,10,steady,llama_p2048_o64,0,0.0
1790789749,666,10,steady,resnet50_image,176.875,109.74604911579873
1790789749,666,10,steady,vgg16_image,458.849,444.6504672897196
1790789749,666,10,steady,vit_base_image,84.865,73.56037151702786
1790789749,666,10,steady,gpt2_p64_o64,1.327,0.232258064516129
1790789749,666,10,steady,gpt2_p512_o512,0.163,0.0853080568720379
1790789749,666,10,steady,llama_p1024_o128,0,0.0
1790789749,666,10,steady,llama_p2048_o64,0,0.0
1790789750,667,10,steady,resnet50_image,176.875,109.74604911579873
1790789750,667,10,steady,vgg16_image,458.849,444.6504672897196
1790789750,667,10,steady,vit_base_image,84.865,73.56037151702786
1790789750,667,10,steady,gpt2_p64_o64,1.327,0.232258064516129
1790789750,667,10,steady,gpt2_p512_o512,0.163,0.0853080568720379
1790789750,667,10,steady,llama_p1024_o128,0,0.0
1790789750,667,10,steady,llama_p2048_o64,0,0.0
1790789751,668,10,steady,resnet50_image,176.875,109.74604911579873
1790789751,668,10,steady,vgg16_image,458.849,444.6504672897196
1790789751,668,10,steady,vit_base_image,84.865,73.56037151702786
1790789751,668,10,steady,gpt2_p64_o64,1.327,0.232258064516129
1790789751,668,10,steady,gpt2_p512_o512,0.163,0.0853080568720379
1790789751,668,10,steady,llama_p1024_o128,0,0.0
1790789751,668,10,steady,llama_p2048_o64,0,0.0
1790789752,669,,,resnet50_image,176.875,
1790789752,669,,,vgg16_image,458.849,
1790789752,669,,,vit_base_image,84.865,
1790789752,669,,,gpt2_p64_o64,1.327,
1790789752,669,,,gpt2_p512_o512,0.163,
1790789752,669,,,llama_p1024_o128,0,
1790789752,669,,,llama_p2048_o64,0,
1790789753,670,,,resnet50_image,176.875,
1790789753,670,,,vgg16_image,458.849,
1790789753,670,,,vit_base_image,84.865,
1790789753,670,,,gpt2_p64_o64,1.327,
1790789753,670,,,gpt2_p512_o512,0.163,
1790789753,670,,,llama_p1024_o128,0,
1790789753,670,,,llama_p2048_o64,0,
1790789754,671,,,resnet50_image,176.875,
1790789754,671,,,vgg16_image,458.849,
1790789754,671,,,vit_base_image,84.865,
1790789754,671,,,gpt2_p64_o64,1.327,
1790789754,671,,,gpt2_p512_o512,0.163,
1790789754,671,,,llama_p1024_o128,0,
1790789754,671,,,llama_p2048_o64,0,
1790789755,672,,,resnet50_image,176.875,
1790789755,672,,,vgg16_image,458.849,
1790789755,672,,,vit_base_image,84.865,
1790789755,672,,,gpt2_p64_o64,1.327,
1790789755,672,,,gpt2_p512_o512,0.163,
1790789755,672,,,llama_p1024_o128,0,
1790789755,672,,,llama_p2048_o64,0,
1790789756,673,,,resnet50_image,176.875,
1790789756,673,,,vgg16_image,458.849,
1790789756,673,,,vit_base_image,84.865,
1790789756,673,,,gpt2_p64_o64,1.327,
1790789756,673,,,gpt2_p512_o512,0.163,
1790789756,673,,,llama_p1024_o128,0,
1790789756,673,,,llama_p2048_o64,0,
1790789757,674,,,resnet50_image,176.875,
1790789757,674,,,vgg16_image,458.849,
1790789757,674,,,vit_base_image,84.865,
1790789757,674,,,gpt2_p64_o64,1.327,
1790789757,674,,,gpt2_p512_o512,0.163,
1790789757,674,,,llama_p1024_o128,0,
1790789757,674,,,llama_p2048_o64,0,
1790789758,675,,,resnet50_image,176.875,
1790789758,675,,,vgg16_image,458.849,
1790789758,675,,,vit_base_image,84.865,
1790789758,675,,,gpt2_p64_o64,1.327,
1790789758,675,,,gpt2_p512_o512,0.163,
1790789758,675,,,llama_p1024_o128,0,
1790789758,675,,,llama_p2048_o64,0,
1790789759,676,,,resnet50_image,176.875,
1790789759,676,,,vgg16_image,458.849,
1790789759,676,,,vit_base_image,84.865,
1790789759,676,,,gpt2_p64_o64,1.327,
1790789759,676,,,gpt2_p512_o512,0.163,
1790789759,676,,,llama_p1024_o128,0,
1790789759,676,,,llama_p2048_o64,0,
1790789760,677,,,resnet50_image,176.875,
1790789760,677,,,vgg16_image,458.849,
1790789760,677,,,vit_base_image,84.865,
1790789760,677,,,gpt2_p64_o64,1.327,
1790789760,677,,,gpt2_p512_o512,0.163,
1790789760,677,,,llama_p1024_o128,0,
1790789760,677,,,llama_p2048_o64,0,
1790789761,678,,,resnet50_image,176.875,
1790789761,678,,,vgg16_image,458.849,
1790789761,678,,,vit_base_image,84.865,
1790789761,678,,,gpt2_p64_o64,1.327,
1790789761,678,,,gpt2_p512_o512,0.163,
1790789761,678,,,llama_p1024_o128,0,
1790789761,678,,,llama_p2048_o64,0,
1790789762,679,,,resnet50_image,176.875,
1790789762,679,,,vgg16_image,458.849,
1790789762,679,,,vit_base_image,84.865,
1790789762,679,,,gpt2_p64_o64,1.327,
1790789762,679,,,gpt2_p512_o512,0.163,
1790789762,679,,,llama_p1024_o128,0,
1790789762,679,,,llama_p2048_o64,0,
1790789763,680,,,resnet50_image,176.875,
1790789763,680,,,vgg16_image,458.849,
1790789763,680,,,vit_base_image,84.865,
1790789763,680,,,gpt2_p64_o64,1.327,
1790789763,680,,,gpt2_p512_o512,0.163,
1790789763,680,,,llama_p1024_o128,0,
1790789763,680,,,llama_p2048_o64,0,
1790789764,681,,,resnet50_image,176.875,
1790789764,681,,,vgg16_image,458.849,
1790789764,681,,,vit_base_image,84.865,
1790789764,681,,,gpt2_p64_o64,1.327,
1790789764,681,,,gpt2_p512_o512,0.163,
1790789764,681,,,llama_p1024_o128,0,
1790789764,681,,,llama_p2048_o64,0,
1790789765,682,,,resnet50_image,176.875,
1790789765,682,,,vgg16_image,458.849,
1790789765,682,,,vit_base_image,84.865,
1790789765,682,,,gpt2_p64_o64,1.327,
1790789765,682,,,gpt2_p512_o512,0.163,
1790789765,682,,,llama_p1024_o128,0,
1790789765,682,,,llama_p2048_o64,0,
1790789766,683,,,resnet50_image,176.875,
1790789766,683,,,vgg16_image,458.849,
1790789766,683,,,vit_base_image,84.865,
1790789766,683,,,gpt2_p64_o64,1.327,
1790789766,683,,,gpt2_p512_o512,0.163,
1790789766,683,,,llama_p1024_o128,0,
1790789766,683,,,llama_p2048_o64,0,
1790789767,684,,,resnet50_image,176.875,
1790789767,684,,,vgg16_image,458.849,
1790789767,684,,,vit_base_image,84.865,
1790789767,684,,,gpt2_p64_o64,1.327,
1790789767,684,,,gpt2_p512_o512,0.163,
1790789767,684,,,llama_p1024_o128,0,
1790789767,684,,,llama_p2048_o64,0,
1790789768,685,,,resnet50_image,176.875,
1790789768,685,,,vgg16_image,458.849,
1790789768,685,,,vit_base_image,84.865,
1790789768,685,,,gpt2_p64_o64,1.327,
1790789768,685,,,gpt2_p512_o512,0.163,
1790789768,685,,,llama_p1024_o128,0,
1790789768,685,,,llama_p2048_o64,0,
1790789769,686,,,resnet50_image,176.875,
1790789769,686,,,vgg16_image,458.849,
1790789769,686,,,vit_base_image,84.865,
1790789769,686,,,gpt2_p64_o64,1.327,
1790789769,686,,,gpt2_p512_o512,0.163,
1790789769,686,,,llama_p1024_o128,0,
1790789769,686,,,llama_p2048_o64,0,
1790789770,687,,,resnet50_image,176.875,
1790789770,687,,,vgg16_image,458.849,
1790789770,687,,,vit_base_image,84.865,
1790789770,687,,,gpt2_p64_o64,1.327,
1790789770,687,,,gpt2_p512_o512,0.163,
1790789770,687,,,llama_p1024_o128,0,
1790789770,687,,,llama_p2048_o64,0,
1790789771,688,,,resnet50_image,176.875,
1790789771,688,,,vgg16_image,458.849,
1790789771,688,,,vit_base_image,84.865,
1790789771,688,,,gpt2_p64_o64,1.327,
1790789771,688,,,gpt2_p512_o512,0.163,
1790789771,688,,,llama_p1024_o128,0,
1790789771,688,,,llama_p2048_o64,0,
1790789772,689,,,resnet50_image,176.875,
1790789772,689,,,vgg16_image,458.849,
1790789772,689,,,vit_base_image,84.865,
1790789772,689,,,gpt2_p64_o64,1.327,
1790789772,689,,,gpt2_p512_o512,0.163,
1790789772,689,,,llama_p1024_o128,0,
1790789772,689,,,llama_p2048_o64,0,
1790789773,690,,,resnet50_image,176.875,
1790789773,690,,,vgg16_image,458.849,
1790789773,690,,,vit_base_image,84.865,
1790789773,690,,,gpt2_p64_o64,1.327,
1790789773,690,,,gpt2_p512_o512,0.163,
1790789773,690,,,llama_p1024_o128,0,
1790789773,690,,,llama_p2048_o64,0,
1790789774,691,11,transition,resnet50_image,176.875,109.74604911579873
1790789774,691,11,transition,vgg16_image,458.849,400.5084112149533
1790789774,691,11,transition,vit_base_image,84.865,73.56037151702786
1790789774,691,11,transition,gpt2_p64_o64,1.327,0.0
1790789774,691,11,transition,gpt2_p512_o512,0.163,0.0
1790789774,691,11,transition,llama_p1024_o128,0,0.0
1790789774,691,11,transition,llama_p2048_o64,0,0.0
1790789775,692,11,transition,resnet50_image,176.875,109.74604911579873
1790789775,692,11,transition,vgg16_image,458.849,400.5084112149533
1790789775,692,11,transition,vit_base_image,84.865,73.56037151702786
1790789775,692,11,transition,gpt2_p64_o64,1.327,0.0
1790789775,692,11,transition,gpt2_p512_o512,0.163,0.0
1790789775,692,11,transition,llama_p1024_o128,0,0.0
1790789775,692,11,transition,llama_p2048_o64,0,0.0
1790789776,693,11,transition,resnet50_image,176.875,109.74604911579873
1790789776,693,11,transition,vgg16_image,458.849,400.5084112149533
1790789776,693,11,transition,vit_base_image,84.865,73.56037151702786
1790789776,693,11,transition,gpt2_p64_o64,1.327,0.0
1790789776,693,11,transition,gpt2_p512_o512,0.163,0.0
1790789776,693,11,transition,llama_p1024_o128,0,0.0
1790789776,693,11,transition,llama_p2048_o64,0,0.0
1790789777,694,11,transition,resnet50_image,176.875,109.74604911579873
1790789777,694,11,transition,vgg16_image,458.849,400.5084112149533
1790789777,694,11,transition,vit_base_image,84.865,73.56037151702786
1790789777,694,11,transition,gpt2_p64_o64,1.327,0.0
1790789777,694,11,transition,gpt2_p512_o512,0.163,0.0
1790789777,694,11,transition,llama_p1024_o128,0,0.0
1790789777,694,11,transition,llama_p2048_o64,0,0.0
1790789778,695,11,transition,resnet50_image,176.875,109.74604911579873
1790789778,695,11,transition,vgg16_image,458.849,400.5084112149533
1790789778,695,11,transition,vit_base_image,84.865,73.56037151702786
1790789778,695,11,transition,gpt2_p64_o64,1.327,0.0
1790789778,695,11,transition,gpt2_p512_o512,0.163,0.0
1790789778,695,11,transition,llama_p1024_o128,0,0.0
1790789778,695,11,transition,llama_p2048_o64,0,0.0
1790789779,696,11,transition,resnet50_image,176.875,109.74604911579873
1790789779,696,11,transition,vgg16_image,458.849,400.5084112149533
1790789779,696,11,transition,vit_base_image,84.865,73.56037151702786
1790789779,696,11,transition,gpt2_p64_o64,1.327,0.0
1790789779,696,11,transition,gpt2_p512_o512,0.163,0.0
1790789779,696,11,transition,llama_p1024_o128,0,0.0
1790789779,696,11,transition,llama_p2048_o64,0,0.0
1790789780,697,11,transition,resnet50_image,176.875,109.74604911579873
1790789780,697,11,transition,vgg16_image,458.849,400.5084112149533
1790789780,697,11,transition,vit_base_image,84.865,73.56037151702786
1790789780,697,11,transition,gpt2_p64_o64,1.327,0.0
1790789780,697,11,transition,gpt2_p512_o512,0.163,0.0
1790789780,697,11,transition,llama_p1024_o128,0,0.0
1790789780,697,11,transition,llama_p2048_o64,0,0.0
1790789781,698,11,transition,resnet50_image,176.875,109.74604911579873
1790789781,698,11,transition,vgg16_image,458.849,400.5084112149533
1790789781,698,11,transition,vit_base_image,84.865,73.56037151702786
1790789781,698,11,transition,gpt2_p64_o64,1.327,0.0
1790789781,698,11,transition,gpt2_p512_o512,0.163,0.0
1790789781,698,11,transition,llama_p1024_o128,0,0.0
1790789781,698,11,transition,llama_p2048_o64,0,0.0
1790789782,699,11,transition,resnet50_image,176.875,109.74604911579873
1790789782,699,11,transition,vgg16_image,458.849,400.5084112149533
1790789782,699,11,transition,vit_base_image,84.865,73.56037151702786
1790789782,699,11,transition,gpt2_p64_o64,1.327,0.0
1790789782,699,11,transition,gpt2_p512_o512,0.163,0.0
1790789782,699,11,transition,llama_p1024_o128,0,0.0
1790789782,699,11,transition,llama_p2048_o64,0,0.0
1790789783,700,11,transition,resnet50_image,176.875,109.74604911579873
1790789783,700,11,transition,vgg16_image,458.849,400.5084112149533
1790789783,700,11,transition,vit_base_image,84.865,73.56037151702786
1790789783,700,11,transition,gpt2_p64_o64,1.327,0.0
1790789783,700,11,transition,gpt2_p512_o512,0.163,0.0
1790789783,700,11,transition,llama_p1024_o128,0,0.0
1790789783,700,11,transition,llama_p2048_o64,0,0.0
1790789784,701,11,transition,resnet50_image,176.875,109.74604911579873
1790789784,701,11,transition,vgg16_image,458.849,400.5084112149533
1790789784,701,11,transition,vit_base_image,84.865,73.56037151702786
1790789784,701,11,transition,gpt2_p64_o64,1.327,0.0
1790789784,701,11,transition,gpt2_p512_o512,0.163,0.0
1790789784,701,11,transition,llama_p1024_o128,0,0.0
1790789784,701,11,transition,llama_p2048_o64,0,0.0
1790789785,702,11,transition,resnet50_image,176.875,109.74604911579873
1790789785,702,11,transition,vgg16_image,458.849,400.5084112149533
1790789785,702,11,transition,vit_base_image,84.865,73.56037151702786
1790789785,702,11,transition,gpt2_p64_o64,1.327,0.0
1790789785,702,11,transition,gpt2_p512_o512,0.163,0.0
1790789785,702,11,transition,llama_p1024_o128,0,0.0
1790789785,702,11,transition,llama_p2048_o64,0,0.0
1790789786,703,11,transition,resnet50_image,176.875,109.74604911579873
1790789786,703,11,transition,vgg16_image,458.849,400.5084112149533
1790789786,703,11,transition,vit_base_image,84.865,73.56037151702786
1790789786,703,11,transition,gpt2_p64_o64,1.327,0.0
1790789786,703,11,transition,gpt2_p512_o512,0.163,0.0
1790789786,703,11,transition,llama_p1024_o128,0,0.0
1790789786,703,11,transition,llama_p2048_o64,0,0.0
1790789787,704,11,transition,resnet50_image,176.875,109.74604911579873
1790789787,704,11,transition,vgg16_image,458.849,400.5084112149533
1790789787,704,11,transition,vit_base_image,84.865,73.56037151702786
1790789787,704,11,transition,gpt2_p64_o64,1.327,0.0
1790789787,704,11,transition,gpt2_p512_o512,0.163,0.0
1790789787,704,11,transition,llama_p1024_o128,0,0.0
1790789787,704,11,transition,llama_p2048_o64,0,0.0
1790789788,705,11,transition,resnet50_image,176.875,109.74604911579873
1790789788,705,11,transition,vgg16_image,441.535,400.5084112149533
1790789788,705,11,transition,vit_base_image,84.865,73.56037151702786
1790789788,705,11,transition,gpt2_p64_o64,1.327,0.0
1790789788,705,11,transition,gpt2_p512_o512,0.163,0.0
1790789788,705,11,transition,llama_p1024_o128,0,0.0
1790789788,705,11,transition,llama_p2048_o64,0,0.0
1790789789,706,11,transition,resnet50_image,176.875,109.74604911579873
1790789789,706,11,transition,vgg16_image,441.535,400.5084112149533
1790789789,706,11,transition,vit_base_image,84.865,73.56037151702786
1790789789,706,11,transition,gpt2_p64_o64,1.327,0.0
1790789789,706,11,transition,gpt2_p512_o512,0.163,0.0
1790789789,706,11,transition,llama_p1024_o128,0,0.0
1790789789,706,11,transition,llama_p2048_o64,0,0.0
1790789790,707,11,transition,resnet50_image,176.875,109.74604911579873
1790789790,707,11,transition,vgg16_image,441.535,400.5084112149533
1790789790,707,11,transition,vit_base_image,84.865,73.56037151702786
1790789790,707,11,transition,gpt2_p64_o64,1.327,0.0
1790789790,707,11,transition,gpt2_p512_o512,0.163,0.0
1790789790,707,11,transition,llama_p1024_o128,0,0.0
1790789790,707,11,transition,llama_p2048_o64,0,0.0
1790789791,708,11,transition,resnet50_image,176.875,109.74604911579873
1790789791,708,11,transition,vgg16_image,441.535,400.5084112149533
1790789791,708,11,transition,vit_base_image,84.865,73.56037151702786
1790789791,708,11,transition,gpt2_p64_o64,1.327,0.0
1790789791,708,11,transition,gpt2_p512_o512,0.163,0.0
1790789791,708,11,transition,llama_p1024_o128,0,0.0
1790789791,708,11,transition,llama_p2048_o64,0,0.0
1790789792,709,11,transition,resnet50_image,176.875,109.74604911579873
1790789792,709,11,transition,vgg16_image,441.535,400.5084112149533
1790789792,709,11,transition,vit_base_image,84.865,73.56037151702786
1790789792,709,11,transition,gpt2_p64_o64,1.327,0.0
1790789792,709,11,transition,gpt2_p512_o512,0.163,0.0
1790789792,709,11,transition,llama_p1024_o128,0,0.0
1790789792,709,11,transition,llama_p2048_o64,0,0.0
1790789793,710,11,transition,resnet50_image,176.875,109.74604911579873
1790789793,710,11,transition,vgg16_image,441.535,400.5084112149533
1790789793,710,11,transition,vit_base_image,84.865,73.56037151702786
1790789793,710,11,transition,gpt2_p64_o64,1.327,0.0
1790789793,710,11,transition,gpt2_p512_o512,0.163,0.0
1790789793,710,11,transition,llama_p1024_o128,0,0.0
1790789793,710,11,transition,llama_p2048_o64,0,0.0
1790789794,711,11,transition,resnet50_image,176.875,109.74604911579873
1790789794,711,11,transition,vgg16_image,441.535,400.5084112149533
1790789794,711,11,transition,vit_base_image,84.865,73.56037151702786
1790789794,711,11,transition,gpt2_p64_o64,1.327,0.0
1790789794,711,11,transition,gpt2_p512_o512,0.163,0.0
1790789794,711,11,transition,llama_p1024_o128,0,0.0
1790789794,711,11,transition,llama_p2048_o64,0,0.0
1790789795,712,11,transition,resnet50_image,176.875,109.74604911579873
1790789795,712,11,transition,vgg16_image,441.535,400.5084112149533
1790789795,712,11,transition,vit_base_image,84.865,73.56037151702786
1790789795,712,11,transition,gpt2_p64_o64,1.327,0.0
1790789795,712,11,transition,gpt2_p512_o512,0.163,0.0
1790789795,712,11,transition,llama_p1024_o128,0,0.0
1790789795,712,11,transition,llama_p2048_o64,0,0.0
1790789796,713,11,transition,resnet50_image,176.875,109.74604911579873
1790789796,713,11,transition,vgg16_image,441.535,400.5084112149533
1790789796,713,11,transition,vit_base_image,84.865,73.56037151702786
1790789796,713,11,transition,gpt2_p64_o64,1.327,0.0
1790789796,713,11,transition,gpt2_p512_o512,0.163,0.0
1790789796,713,11,transition,llama_p1024_o128,0,0.0
1790789796,713,11,transition,llama_p2048_o64,0,0.0
1790789797,714,11,transition,resnet50_image,176.875,109.74604911579873
1790789797,714,11,transition,vgg16_image,441.535,400.5084112149533
1790789797,714,11,transition,vit_base_image,84.865,73.56037151702786
1790789797,714,11,transition,gpt2_p64_o64,1.327,0.0
1790789797,714,11,transition,gpt2_p512_o512,0.163,0.0
1790789797,714,11,transition,llama_p1024_o128,0,0.0
1790789797,714,11,transition,llama_p2048_o64,0,0.0
1790789798,715,11,transition,resnet50_image,176.875,109.74604911579873
1790789798,715,11,transition,vgg16_image,441.535,400.5084112149533
1790789798,715,11,transition,vit_base_image,84.865,73.56037151702786
1790789798,715,11,transition,gpt2_p64_o64,1.327,0.0
1790789798,715,11,transition,gpt2_p512_o512,0.163,0.0
1790789798,715,11,transition,llama_p1024_o128,0,0.0
1790789798,715,11,transition,llama_p2048_o64,0,0.0
1790789799,716,11,transition,resnet50_image,176.875,109.74604911579873
1790789799,716,11,transition,vgg16_image,441.535,400.5084112149533
1790789799,716,11,transition,vit_base_image,84.865,73.56037151702786
1790789799,716,11,transition,gpt2_p64_o64,1.327,0.0
1790789799,716,11,transition,gpt2_p512_o512,0.163,0.0
1790789799,716,11,transition,llama_p1024_o128,0,0.0
1790789799,716,11,transition,llama_p2048_o64,0,0.0
1790789800,717,11,transition,resnet50_image,176.875,109.74604911579873
1790789800,717,11,transition,vgg16_image,441.535,400.5084112149533
1790789800,717,11,transition,vit_base_image,84.865,73.56037151702786
1790789800,717,11,transition,gpt2_p64_o64,1.327,0.0
1790789800,717,11,transition,gpt2_p512_o512,0.163,0.0
1790789800,717,11,transition,llama_p1024_o128,0,0.0
1790789800,717,11,transition,llama_p2048_o64,0,0.0
1790789801,718,11,transition,resnet50_image,176.875,109.74604911579873
1790789801,718,11,transition,vgg16_image,441.535,400.5084112149533
1790789801,718,11,transition,vit_base_image,84.865,73.56037151702786
1790789801,718,11,transition,gpt2_p64_o64,1.327,0.0
1790789801,718,11,transition,gpt2_p512_o512,0.163,0.0
1790789801,718,11,transition,llama_p1024_o128,0,0.0
1790789801,718,11,transition,llama_p2048_o64,0,0.0
1790789802,719,11,transition,resnet50_image,176.875,109.74604911579873
1790789802,719,11,transition,vgg16_image,441.535,400.5084112149533
1790789802,719,11,transition,vit_base_image,84.865,73.56037151702786
1790789802,719,11,transition,gpt2_p64_o64,1.327,0.0
1790789802,719,11,transition,gpt2_p512_o512,0.163,0.0
1790789802,719,11,transition,llama_p1024_o128,0,0.0
1790789802,719,11,transition,llama_p2048_o64,0,0.0
1790789803,720,11,transition,resnet50_image,176.875,109.74604911579873
1790789803,720,11,transition,vgg16_image,441.535,400.5084112149533
1790789803,720,11,transition,vit_base_image,84.865,73.56037151702786
1790789803,720,11,transition,gpt2_p64_o64,1.327,0.0
1790789803,720,11,transition,gpt2_p512_o512,0.163,0.0
1790789803,720,11,transition,llama_p1024_o128,0,0.0
1790789803,720,11,transition,llama_p2048_o64,0,0.0
1790789804,721,11,transition,resnet50_image,176.875,109.74604911579873
1790789804,721,11,transition,vgg16_image,441.535,400.5084112149533
1790789804,721,11,transition,vit_base_image,84.865,73.56037151702786
1790789804,721,11,transition,gpt2_p64_o64,1.327,0.0
1790789804,721,11,transition,gpt2_p512_o512,0.163,0.0
1790789804,721,11,transition,llama_p1024_o128,0,0.0
1790789804,721,11,transition,llama_p2048_o64,0,0.0
1790789805,722,11,transition,resnet50_image,176.875,109.74604911579873
1790789805,722,11,transition,vgg16_image,441.535,400.5084112149533
1790789805,722,11,transition,vit_base_image,84.865,73.56037151702786
1790789805,722,11,transition,gpt2_p64_o64,1.327,0.0
1790789805,722,11,transition,gpt2_p512_o512,0.163,0.0
1790789805,722,11,transition,llama_p1024_o128,0,0.0
1790789805,722,11,transition,llama_p2048_o64,0,0.0
1790789806,723,11,transition,resnet50_image,176.875,109.74604911579873
1790789806,723,11,transition,vgg16_image,441.535,400.5084112149533
1790789806,723,11,transition,vit_base_image,84.865,73.56037151702786
1790789806,723,11,transition,gpt2_p64_o64,1.327,0.0
1790789806,723,11,transition,gpt2_p512_o512,0.163,0.0
1790789806,723,11,transition,llama_p1024_o128,0,0.0
1790789806,723,11,transition,llama_p2048_o64,0,0.0
1790789807,724,11,transition,resnet50_image,176.875,109.74604911579873
1790789807,724,11,transition,vgg16_image,441.535,400.5084112149533
1790789807,724,11,transition,vit_base_image,84.865,73.56037151702786
1790789807,724,11,transition,gpt2_p64_o64,1.327,0.0
1790789807,724,11,transition,gpt2_p512_o512,0.163,0.0
1790789807,724,11,transition,llama_p1024_o128,0,0.0
1790789807,724,11,transition,llama_p2048_o64,0,0.0
1790789808,725,11,transition,resnet50_image,176.875,109.74604911579873
1790789808,725,11,transition,vgg16_image,441.535,400.5084112149533
1790789808,725,11,transition,vit_base_image,84.865,73.56037151702786
1790789808,725,11,transition,gpt2_p64_o64,1.327,0.0
1790789808,725,11,transition,gpt2_p512_o512,0.163,0.0
1790789808,725,11,transition,llama_p1024_o128,0,0.0
1790789808,725,11,transition,llama_p2048_o64,0,0.0
1790789809,726,11,transition,resnet50_image,176.875,109.74604911579873
1790789809,726,11,transition,vgg16_image,441.535,400.5084112149533
1790789809,726,11,transition,vit_base_image,84.865,73.56037151702786
1790789809,726,11,transition,gpt2_p64_o64,1.327,0.0
1790789809,726,11,transition,gpt2_p512_o512,0.163,0.0
1790789809,726,11,transition,llama_p1024_o128,0,0.0
1790789809,726,11,transition,llama_p2048_o64,0,0.0
1790789810,727,11,transition,resnet50_image,176.875,109.74604911579873
1790789810,727,11,transition,vgg16_image,441.535,400.5084112149533
1790789810,727,11,transition,vit_base_image,84.865,73.56037151702786
1790789810,727,11,transition,gpt2_p64_o64,1.327,0.0
1790789810,727,11,transition,gpt2_p512_o512,0.163,0.0
1790789810,727,11,transition,llama_p1024_o128,0,0.0
1790789810,727,11,transition,llama_p2048_o64,0,0.0
1790789811,728,11,transition,resnet50_image,176.875,109.74604911579873
1790789811,728,11,transition,vgg16_image,441.535,400.5084112149533
1790789811,728,11,transition,vit_base_image,84.865,73.56037151702786
1790789811,728,11,transition,gpt2_p64_o64,1.327,0.0
1790789811,728,11,transition,gpt2_p512_o512,0.163,0.0
1790789811,728,11,transition,llama_p1024_o128,0,0.0
1790789811,728,11,transition,llama_p2048_o64,0.594,0.0
1790789812,729,11,steady,resnet50_image,176.875,147.12836721576207
1790789812,729,11,steady,vgg16_image,441.535,400.5084112149533
1790789812,729,11,steady,vit_base_image,84.865,73.56037151702786
1790789812,729,11,steady,gpt2_p64_o64,1.327,0.0
1790789812,729,11,steady,gpt2_p512_o512,0.163,0.0
1790789812,729,11,steady,llama_p1024_o128,0,0.0
1790789812,729,11,steady,llama_p2048_o64,0.594,0.1795511221945137
1790789813,730,11,steady,resnet50_image,176.875,147.12836721576207
1790789813,730,11,steady,vgg16_image,441.535,400.5084112149533
1790789813,730,11,steady,vit_base_image,84.865,73.56037151702786
1790789813,730,11,steady,gpt2_p64_o64,1.327,0.0
1790789813,730,11,steady,gpt2_p512_o512,0.163,0.0
1790789813,730,11,steady,llama_p1024_o128,0,0.0
1790789813,730,11,steady,llama_p2048_o64,0.594,0.1795511221945137
1790789814,731,11,steady,resnet50_image,176.875,147.12836721576207
1790789814,731,11,steady,vgg16_image,441.535,400.5084112149533
1790789814,731,11,steady,vit_base_image,84.865,73.56037151702786
1790789814,731,11,steady,gpt2_p64_o64,1.327,0.0
1790789814,731,11,steady,gpt2_p512_o512,0.163,0.0
1790789814,731,11,steady,llama_p1024_o128,0,0.0
1790789814,731,11,steady,llama_p2048_o64,0.594,0.1795511221945137
1790789815,732,11,steady,resnet50_image,176.875,147.12836721576207
1790789815,732,11,steady,vgg16_image,441.535,400.5084112149533
1790789815,732,11,steady,vit_base_image,84.865,73.56037151702786
1790789815,732,11,steady,gpt2_p64_o64,1.327,0.0
1790789815,732,11,steady,gpt2_p512_o512,0.163,0.0
1790789815,732,11,steady,llama_p1024_o128,0,0.0
1790789815,732,11,steady,llama_p2048_o64,0.594,0.1795511221945137
1790789816,733,11,steady,resnet50_image,176.875,147.12836721576207
1790789816,733,11,steady,vgg16_image,441.535,400.5084112149533
1790789816,733,11,steady,vit_base_image,84.865,73.56037151702786
1790789816,733,11,steady,gpt2_p64_o64,1.327,0.0
1790789816,733,11,steady,gpt2_p512_o512,0.163,0.0
1790789816,733,11,steady,llama_p1024_o128,0,0.0
1790789816,733,11,steady,llama_p2048_o64,0.594,0.1795511221945137
1790789817,734,11,steady,resnet50_image,176.875,147.12836721576207
1790789817,734,11,steady,vgg16_image,441.535,400.5084112149533
1790789817,734,11,steady,vit_base_image,84.865,73.56037151702786
1790789817,734,11,steady,gpt2_p64_o64,1.327,0.0
1790789817,734,11,steady,gpt2_p512_o512,0.163,0.0
1790789817,734,11,steady,llama_p1024_o128,0,0.0
1790789817,734,11,steady,llama_p2048_o64,0.594,0.1795511221945137
1790789818,735,11,steady,resnet50_image,176.875,147.12836721576207
1790789818,735,11,steady,vgg16_image,441.535,400.5084112149533
1790789818,735,11,steady,vit_base_image,84.865,73.56037151702786
1790789818,735,11,steady,gpt2_p64_o64,1.327,0.0
1790789818,735,11,steady,gpt2_p512_o512,0.163,0.0
1790789818,735,11,steady,llama_p1024_o128,0,0.0
1790789818,735,11,steady,llama_p2048_o64,0.594,0.1795511221945137
1790789819,736,11,steady,resnet50_image,176.875,147.12836721576207
1790789819,736,11,steady,vgg16_image,441.535,400.5084112149533
1790789819,736,11,steady,vit_base_image,84.865,73.56037151702786
1790789819,736,11,steady,gpt2_p64_o64,1.327,0.0
1790789819,736,11,steady,gpt2_p512_o512,0.163,0.0
1790789819,736,11,steady,llama_p1024_o128,0,0.0
1790789819,736,11,steady,llama_p2048_o64,0.594,0.1795511221945137
1790789820,737,11,steady,resnet50_image,176.875,147.12836721576207
1790789820,737,11,steady,vgg16_image,441.535,400.5084112149533
1790789820,737,11,steady,vit_base_image,84.865,73.56037151702786
1790789820,737,11,steady,gpt2_p64_o64,1.327,0.0
1790789820,737,11,steady,gpt2_p512_o512,0.163,0.0
1790789820,737,11,steady,llama_p1024_o128,0,0.0
1790789820,737,11,steady,llama_p2048_o64,0.594,0.1795511221945137
1790789821,738,11,steady,resnet50_image,176.875,147.12836721576207
1790789821,738,11,steady,vgg16_image,441.535,400.5084112149533
1790789821,738,11,steady,vit_base_image,84.865,73.56037151702786
1790789821,738,11,steady,gpt2_p64_o64,1.327,0.0
1790789821,738,11,steady,gpt2_p512_o512,0.163,0.0
1790789821,738,11,steady,llama_p1024_o128,0,0.0
1790789821,738,11,steady,llama_p2048_o64,0.594,0.1795511221945137
1790789822,739,11,steady,resnet50_image,176.875,147.12836721576207
1790789822,739,11,steady,vgg16_image,441.535,400.5084112149533
1790789822,739,11,steady,vit_base_image,84.865,73.56037151702786
1790789822,739,11,steady,gpt2_p64_o64,1.327,0.0
1790789822,739,11,steady,gpt2_p512_o512,0.163,0.0
1790789822,739,11,steady,llama_p1024_o128,0,0.0
1790789822,739,11,steady,llama_p2048_o64,0.594,0.1795511221945137
1790789823,740,11,steady,resnet50_image,176.875,147.12836721576207
1790789823,740,11,steady,vgg16_image,441.535,400.5084112149533
1790789823,740,11,steady,vit_base_image,84.865,73.56037151702786
1790789823,740,11,steady,gpt2_p64_o64,1.327,0.0
1790789823,740,11,steady,gpt2_p512_o512,0.163,0.0
1790789823,740,11,steady,llama_p1024_o128,0,0.0
1790789823,740,11,steady,llama_p2048_o64,0.594,0.1795511221945137
1790789824,741,11,steady,resnet50_image,176.875,147.12836721576207
1790789824,741,11,steady,vgg16_image,441.535,400.5084112149533
1790789824,741,11,steady,vit_base_image,84.865,73.56037151702786
1790789824,741,11,steady,gpt2_p64_o64,1.327,0.0
1790789824,741,11,steady,gpt2_p512_o512,0.163,0.0
1790789824,741,11,steady,llama_p1024_o128,0,0.0
1790789824,741,11,steady,llama_p2048_o64,0.594,0.1795511221945137
1790789825,742,11,steady,resnet50_image,176.875,147.12836721576207
1790789825,742,11,steady,vgg16_image,441.535,400.5084112149533
1790789825,742,11,steady,vit_base_image,84.865,73.56037151702786
1790789825,742,11,steady,gpt2_p64_o64,1.327,0.0
1790789825,742,11,steady,gpt2_p512_o512,0.163,0.0
1790789825,742,11,steady,llama_p1024_o128,0,0.0
1790789825,742,11,steady,llama_p2048_o64,0.594,0.1795511221945137
1790789826,743,11,steady,resnet50_image,176.875,147.12836721576207
1790789826,743,11,steady,vgg16_image,441.535,400.5084112149533
1790789826,743,11,steady,vit_base_image,84.865,73.56037151702786
1790789826,743,11,steady,gpt2_p64_o64,1.327,0.0
1790789826,743,11,steady,gpt2_p512_o512,0.163,0.0
1790789826,743,11,steady,llama_p1024_o128,0,0.0
1790789826,743,11,steady,llama_p2048_o64,0.594,0.1795511221945137
1790789827,744,11,steady,resnet50_image,176.875,147.12836721576207
1790789827,744,11,steady,vgg16_image,441.535,400.5084112149533
1790789827,744,11,steady,vit_base_image,84.865,73.56037151702786
1790789827,744,11,steady,gpt2_p64_o64,1.327,0.0
1790789827,744,11,steady,gpt2_p512_o512,0.163,0.0
1790789827,744,11,steady,llama_p1024_o128,0,0.0
1790789827,744,11,steady,llama_p2048_o64,0.594,0.1795511221945137
1790789828,745,11,steady,resnet50_image,176.875,147.12836721576207
1790789828,745,11,steady,vgg16_image,441.535,400.5084112149533
1790789828,745,11,steady,vit_base_image,84.865,73.56037151702786
1790789828,745,11,steady,gpt2_p64_o64,1.327,0.0
1790789828,745,11,steady,gpt2_p512_o512,0.163,0.0
1790789828,745,11,steady,llama_p1024_o128,0,0.0
1790789828,745,11,steady,llama_p2048_o64,0.594,0.1795511221945137
1790789829,746,11,steady,resnet50_image,176.875,147.12836721576207
1790789829,746,11,steady,vgg16_image,441.535,400.5084112149533
1790789829,746,11,steady,vit_base_image,84.865,73.56037151702786
1790789829,746,11,steady,gpt2_p64_o64,1.327,0.0
1790789829,746,11,steady,gpt2_p512_o512,0.163,0.0
1790789829,746,11,steady,llama_p1024_o128,0,0.0
1790789829,746,11,steady,llama_p2048_o64,0.594,0.1795511221945137
1790789830,747,11,steady,resnet50_image,176.875,147.12836721576207
1790789830,747,11,steady,vgg16_image,441.535,400.5084112149533
1790789830,747,11,steady,vit_base_image,84.865,73.56037151702786
1790789830,747,11,steady,gpt2_p64_o64,1.327,0.0
1790789830,747,11,steady,gpt2_p512_o512,0.163,0.0
1790789830,747,11,steady,llama_p1024_o128,0,0.0
1790789830,747,11,steady,llama_p2048_o64,0.594,0.1795511221945137
1790789831,748,11,steady,resnet50_image,176.875,147.12836721576207
1790789831,748,11,steady,vgg16_image,441.535,400.5084112149533
1790789831,748,11,steady,vit_base_image,84.865,73.56037151702786
1790789831,748,11,steady,gpt2_p64_o64,1.327,0.0
1790789831,748,11,steady,gpt2_p512_o512,0.163,0.0
1790789831,748,11,steady,llama_p1024_o128,0,0.0
1790789831,748,11,steady,llama_p2048_o64,0.594,0.1795511221945137
1790789832,749,11,steady,resnet50_image,176.875,147.12836721576207
1790789832,749,11,steady,vgg16_image,441.535,400.5084112149533
1790789832,749,11,steady,vit_base_image,84.865,73.56037151702786
1790789832,749,11,steady,gpt2_p64_o64,1.327,0.0
1790789832,749,11,steady,gpt2_p512_o512,0.163,0.0
1790789832,749,11,steady,llama_p1024_o128,0,0.0
1790789832,749,11,steady,llama_p2048_o64,0.594,0.1795511221945137
1790789833,750,11,steady,resnet50_image,176.875,147.12836721576207
1790789833,750,11,steady,vgg16_image,441.535,400.5084112149533
1790789833,750,11,steady,vit_base_image,84.865,73.56037151702786
1790789833,750,11,steady,gpt2_p64_o64,1.327,0.0
1790789833,750,11,steady,gpt2_p512_o512,0.163,0.0
1790789833,750,11,steady,llama_p1024_o128,0,0.0
1790789833,750,11,steady,llama_p2048_o64,0.594,0.1795511221945137
1790789834,751,11,steady,resnet50_image,176.875,147.12836721576207
1790789834,751,11,steady,vgg16_image,441.535,400.5084112149533
1790789834,751,11,steady,vit_base_image,84.865,73.56037151702786
1790789834,751,11,steady,gpt2_p64_o64,1.327,0.0
1790789834,751,11,steady,gpt2_p512_o512,0.163,0.0
1790789834,751,11,steady,llama_p1024_o128,0,0.0
1790789834,751,11,steady,llama_p2048_o64,0.594,0.1795511221945137
1790789835,752,11,steady,resnet50_image,176.875,147.12836721576207
1790789835,752,11,steady,vgg16_image,441.535,400.5084112149533
1790789835,752,11,steady,vit_base_image,84.865,73.56037151702786
1790789835,752,11,steady,gpt2_p64_o64,1.327,0.0
1790789835,752,11,steady,gpt2_p512_o512,0.163,0.0
1790789835,752,11,steady,llama_p1024_o128,0,0.0
1790789835,752,11,steady,llama_p2048_o64,0.594,0.1795511221945137
1790789836,753,11,steady,resnet50_image,176.875,147.12836721576207
1790789836,753,11,steady,vgg16_image,441.535,400.5084112149533
1790789836,753,11,steady,vit_base_image,84.865,73.56037151702786
1790789836,753,11,steady,gpt2_p64_o64,1.327,0.0
1790789836,753,11,steady,gpt2_p512_o512,0.163,0.0
1790789836,753,11,steady,llama_p1024_o128,0,0.0
1790789836,753,11,steady,llama_p2048_o64,0.594,0.1795511221945137
1790789837,754,11,steady,resnet50_image,176.875,147.12836721576207
1790789837,754,11,steady,vgg16_image,441.535,400.5084112149533
1790789837,754,11,steady,vit_base_image,84.865,73.56037151702786
1790789837,754,11,steady,gpt2_p64_o64,1.327,0.0
1790789837,754,11,steady,gpt2_p512_o512,0.163,0.0
1790789837,754,11,steady,llama_p1024_o128,0,0.0
1790789837,754,11,steady,llama_p2048_o64,0.594,0.1795511221945137
1790789838,755,11,steady,resnet50_image,176.875,147.12836721576207
1790789838,755,11,steady,vgg16_image,441.535,400.5084112149533
1790789838,755,11,steady,vit_base_image,84.865,73.56037151702786
1790789838,755,11,steady,gpt2_p64_o64,1.327,0.0
1790789838,755,11,steady,gpt2_p512_o512,0.163,0.0
1790789838,755,11,steady,llama_p1024_o128,0,0.0
1790789838,755,11,steady,llama_p2048_o64,0.594,0.1795511221945137
1790789839,756,11,steady,resnet50_image,176.875,147.12836721576207
1790789839,756,11,steady,vgg16_image,441.535,400.5084112149533
1790789839,756,11,steady,vit_base_image,84.865,73.56037151702786
1790789839,756,11,steady,gpt2_p64_o64,1.327,0.0
1790789839,756,11,steady,gpt2_p512_o512,0.163,0.0
1790789839,756,11,steady,llama_p1024_o128,0,0.0
1790789839,756,11,steady,llama_p2048_o64,0.594,0.1795511221945137
1790789840,757,11,steady,resnet50_image,176.875,147.12836721576207
1790789840,757,11,steady,vgg16_image,441.535,400.5084112149533
1790789840,757,11,steady,vit_base_image,84.865,73.56037151702786
1790789840,757,11,steady,gpt2_p64_o64,1.327,0.0
1790789840,757,11,steady,gpt2_p512_o512,0.163,0.0
1790789840,757,11,steady,llama_p1024_o128,0,0.0
1790789840,757,11,steady,llama_p2048_o64,0.594,0.1795511221945137
1790789841,758,11,steady,resnet50_image,176.875,147.12836721576207
1790789841,758,11,steady,vgg16_image,441.535,400.5084112149533
1790789841,758,11,steady,vit_base_image,84.865,73.56037151702786
1790789841,758,11,steady,gpt2_p64_o64,1.327,0.0
1790789841,758,11,steady,gpt2_p512_o512,0.163,0.0
1790789841,758,11,steady,llama_p1024_o128,0,0.0
1790789841,758,11,steady,llama_p2048_o64,0.594,0.1795511221945137
1790789842,759,,,resnet50_image,176.875,
1790789842,759,,,vgg16_image,441.535,
1790789842,759,,,vit_base_image,84.865,
1790789842,759,,,gpt2_p64_o64,1.327,
1790789842,759,,,gpt2_p512_o512,0.163,
1790789842,759,,,llama_p1024_o128,0,
1790789842,759,,,llama_p2048_o64,0.594,
1790789843,760,,,resnet50_image,176.875,
1790789843,760,,,vgg16_image,441.535,
1790789843,760,,,vit_base_image,84.865,
1790789843,760,,,gpt2_p64_o64,1.327,
1790789843,760,,,gpt2_p512_o512,0.163,
1790789843,760,,,llama_p1024_o128,0,
1790789843,760,,,llama_p2048_o64,0.594,
1790789844,761,,,resnet50_image,176.875,
1790789844,761,,,vgg16_image,441.535,
1790789844,761,,,vit_base_image,84.865,
1790789844,761,,,gpt2_p64_o64,1.327,
1790789844,761,,,gpt2_p512_o512,0.163,
1790789844,761,,,llama_p1024_o128,0,
1790789844,761,,,llama_p2048_o64,0.594,
1790789845,762,,,resnet50_image,176.875,
1790789845,762,,,vgg16_image,441.535,
1790789845,762,,,vit_base_image,84.865,
1790789845,762,,,gpt2_p64_o64,1.327,
1790789845,762,,,gpt2_p512_o512,0.163,
1790789845,762,,,llama_p1024_o128,0,
1790789845,762,,,llama_p2048_o64,0.594,
1790789846,763,,,resnet50_image,176.875,
1790789846,763,,,vgg16_image,441.535,
1790789846,763,,,vit_base_image,84.865,
1790789846,763,,,gpt2_p64_o64,1.327,
1790789846,763,,,gpt2_p512_o512,0.163,
1790789846,763,,,llama_p1024_o128,0,
1790789846,763,,,llama_p2048_o64,0.594,
1790789847,764,,,resnet50_image,176.875,
1790789847,764,,,vgg16_image,441.535,
1790789847,764,,,vit_base_image,84.865,
1790789847,764,,,gpt2_p64_o64,1.327,
1790789847,764,,,gpt2_p512_o512,0.163,
1790789847,764,,,llama_p1024_o128,0,
1790789847,764,,,llama_p2048_o64,0.594,
1790789848,765,,,resnet50_image,176.875,
1790789848,765,,,vgg16_image,441.535,
1790789848,765,,,vit_base_image,84.865,
1790789848,765,,,gpt2_p64_o64,1.327,
1790789848,765,,,gpt2_p512_o512,0.163,
1790789848,765,,,llama_p1024_o128,0,
1790789848,765,,,llama_p2048_o64,0.594,
1790789849,766,,,resnet50_image,176.875,
1790789849,766,,,vgg16_image,441.535,
1790789849,766,,,vit_base_image,84.865,
1790789849,766,,,gpt2_p64_o64,1.327,
1790789849,766,,,gpt2_p512_o512,0.163,
1790789849,766,,,llama_p1024_o128,0,
1790789849,766,,,llama_p2048_o64,0.594,
1790789850,767,,,resnet50_image,176.875,
1790789850,767,,,vgg16_image,441.535,
1790789850,767,,,vit_base_image,84.865,
1790789850,767,,,gpt2_p64_o64,1.327,
1790789850,767,,,gpt2_p512_o512,0.163,
1790789850,767,,,llama_p1024_o128,0,
1790789850,767,,,llama_p2048_o64,0.594,
1790789851,768,,,resnet50_image,176.875,
1790789851,768,,,vgg16_image,441.535,
1790789851,768,,,vit_base_image,84.865,
1790789851,768,,,gpt2_p64_o64,1.327,
1790789851,768,,,gpt2_p512_o512,0.163,
1790789851,768,,,llama_p1024_o128,0,
1790789851,768,,,llama_p2048_o64,0.594,
1790789852,769,,,resnet50_image,176.875,
1790789852,769,,,vgg16_image,441.535,
1790789852,769,,,vit_base_image,84.865,
1790789852,769,,,gpt2_p64_o64,1.327,
1790789852,769,,,gpt2_p512_o512,0.163,
1790789852,769,,,llama_p1024_o128,0,
1790789852,769,,,llama_p2048_o64,0.594,
1790789853,770,,,resnet50_image,176.875,
1790789853,770,,,vgg16_image,441.535,
1790789853,770,,,vit_base_image,84.865,
1790789853,770,,,gpt2_p64_o64,1.327,
1790789853,770,,,gpt2_p512_o512,0.163,
1790789853,770,,,llama_p1024_o128,0,
1790789853,770,,,llama_p2048_o64,0.594,
1790789854,771,,,resnet50_image,176.875,
1790789854,771,,,vgg16_image,441.535,
1790789854,771,,,vit_base_image,84.865,
1790789854,771,,,gpt2_p64_o64,1.327,
1790789854,771,,,gpt2_p512_o512,0.163,
1790789854,771,,,llama_p1024_o128,0,
1790789854,771,,,llama_p2048_o64,0.594,
1790789855,772,12,transition,resnet50_image,176.875,133.64290912567927
1790789855,772,12,transition,vgg16_image,441.535,400.5084112149533
1790789855,772,12,transition,vit_base_image,84.865,73.56037151702786
1790789855,772,12,transition,gpt2_p64_o64,1.327,0.0
1790789855,772,12,transition,gpt2_p512_o512,0.163,0.0
1790789855,772,12,transition,llama_p1024_o128,0,0.0
1790789855,772,12,transition,llama_p2048_o64,0.594,0.1795511221945137
1790789856,773,12,transition,resnet50_image,176.875,133.64290912567927
1790789856,773,12,transition,vgg16_image,441.535,400.5084112149533
1790789856,773,12,transition,vit_base_image,84.865,73.56037151702786
1790789856,773,12,transition,gpt2_p64_o64,1.327,0.0
1790789856,773,12,transition,gpt2_p512_o512,0.163,0.0
1790789856,773,12,transition,llama_p1024_o128,0,0.0
1790789856,773,12,transition,llama_p2048_o64,0.594,0.1795511221945137
1790789857,774,12,transition,resnet50_image,176.875,133.64290912567927
1790789857,774,12,transition,vgg16_image,441.535,400.5084112149533
1790789857,774,12,transition,vit_base_image,84.865,73.56037151702786
1790789857,774,12,transition,gpt2_p64_o64,1.327,0.0
1790789857,774,12,transition,gpt2_p512_o512,0.163,0.0
1790789857,774,12,transition,llama_p1024_o128,0,0.0
1790789857,774,12,transition,llama_p2048_o64,0.594,0.1795511221945137
1790789858,775,12,transition,resnet50_image,176.875,133.64290912567927
1790789858,775,12,transition,vgg16_image,441.535,400.5084112149533
1790789858,775,12,transition,vit_base_image,84.865,73.56037151702786
1790789858,775,12,transition,gpt2_p64_o64,1.327,0.0
1790789858,775,12,transition,gpt2_p512_o512,0.163,0.0
1790789858,775,12,transition,llama_p1024_o128,0,0.0
1790789858,775,12,transition,llama_p2048_o64,0.594,0.1795511221945137
1790789859,776,12,transition,resnet50_image,176.875,133.64290912567927
1790789859,776,12,transition,vgg16_image,441.535,400.5084112149533
1790789859,776,12,transition,vit_base_image,84.865,73.56037151702786
1790789859,776,12,transition,gpt2_p64_o64,1.327,0.0
1790789859,776,12,transition,gpt2_p512_o512,0.163,0.0
1790789859,776,12,transition,llama_p1024_o128,0,0.0
1790789859,776,12,transition,llama_p2048_o64,0.594,0.1795511221945137
1790789860,777,12,transition,resnet50_image,176.875,133.64290912567927
1790789860,777,12,transition,vgg16_image,441.535,400.5084112149533
1790789860,777,12,transition,vit_base_image,84.865,73.56037151702786
1790789860,777,12,transition,gpt2_p64_o64,1.327,0.0
1790789860,777,12,transition,gpt2_p512_o512,0.163,0.0
1790789860,777,12,transition,llama_p1024_o128,0,0.0
1790789860,777,12,transition,llama_p2048_o64,0.594,0.1795511221945137
1790789861,778,12,transition,resnet50_image,176.875,133.64290912567927
1790789861,778,12,transition,vgg16_image,441.535,400.5084112149533
1790789861,778,12,transition,vit_base_image,84.865,73.56037151702786
1790789861,778,12,transition,gpt2_p64_o64,1.327,0.0
1790789861,778,12,transition,gpt2_p512_o512,0.163,0.0
1790789861,778,12,transition,llama_p1024_o128,0,0.0
1790789861,778,12,transition,llama_p2048_o64,0.594,0.1795511221945137
1790789862,779,12,transition,resnet50_image,176.875,133.64290912567927
1790789862,779,12,transition,vgg16_image,441.535,400.5084112149533
1790789862,779,12,transition,vit_base_image,84.865,73.56037151702786
1790789862,779,12,transition,gpt2_p64_o64,1.327,0.0
1790789862,779,12,transition,gpt2_p512_o512,0.163,0.0
1790789862,779,12,transition,llama_p1024_o128,0,0.0
1790789862,779,12,transition,llama_p2048_o64,0.594,0.1795511221945137
1790789863,780,12,transition,resnet50_image,176.875,133.64290912567927
1790789863,780,12,transition,vgg16_image,441.535,400.5084112149533
1790789863,780,12,transition,vit_base_image,84.865,73.56037151702786
1790789863,780,12,transition,gpt2_p64_o64,1.327,0.0
1790789863,780,12,transition,gpt2_p512_o512,0.163,0.0
1790789863,780,12,transition,llama_p1024_o128,0,0.0
1790789863,780,12,transition,llama_p2048_o64,0.594,0.1795511221945137
1790789864,781,12,transition,resnet50_image,176.875,133.64290912567927
1790789864,781,12,transition,vgg16_image,441.535,400.5084112149533
1790789864,781,12,transition,vit_base_image,84.865,73.56037151702786
1790789864,781,12,transition,gpt2_p64_o64,1.327,0.0
1790789864,781,12,transition,gpt2_p512_o512,0.163,0.0
1790789864,781,12,transition,llama_p1024_o128,0,0.0
1790789864,781,12,transition,llama_p2048_o64,0.594,0.1795511221945137
1790789865,782,12,transition,resnet50_image,176.875,133.64290912567927
1790789865,782,12,transition,vgg16_image,441.535,400.5084112149533
1790789865,782,12,transition,vit_base_image,84.865,73.56037151702786
1790789865,782,12,transition,gpt2_p64_o64,1.327,0.0
1790789865,782,12,transition,gpt2_p512_o512,0.163,0.0
1790789865,782,12,transition,llama_p1024_o128,0,0.0
1790789865,782,12,transition,llama_p2048_o64,0.594,0.1795511221945137
1790789866,783,12,transition,resnet50_image,176.875,133.64290912567927
1790789866,783,12,transition,vgg16_image,441.535,400.5084112149533
1790789866,783,12,transition,vit_base_image,84.865,73.56037151702786
1790789866,783,12,transition,gpt2_p64_o64,1.327,0.0
1790789866,783,12,transition,gpt2_p512_o512,0.163,0.0
1790789866,783,12,transition,llama_p1024_o128,0,0.0
1790789866,783,12,transition,llama_p2048_o64,0.594,0.1795511221945137
1790789867,784,12,transition,resnet50_image,176.875,133.64290912567927
1790789867,784,12,transition,vgg16_image,441.535,400.5084112149533
1790789867,784,12,transition,vit_base_image,84.865,73.56037151702786
1790789867,784,12,transition,gpt2_p64_o64,1.327,0.0
1790789867,784,12,transition,gpt2_p512_o512,0.163,0.0
1790789867,784,12,transition,llama_p1024_o128,0,0.0
1790789867,784,12,transition,llama_p2048_o64,0.594,0.1795511221945137
1790789868,785,12,transition,resnet50_image,176.875,133.64290912567927
1790789868,785,12,transition,vgg16_image,441.535,400.5084112149533
1790789868,785,12,transition,vit_base_image,84.865,73.56037151702786
1790789868,785,12,transition,gpt2_p64_o64,1.327,0.0
1790789868,785,12,transition,gpt2_p512_o512,0.163,0.0
1790789868,785,12,transition,llama_p1024_o128,0,0.0
1790789868,785,12,transition,llama_p2048_o64,0.594,0.1795511221945137
1790789869,786,12,transition,resnet50_image,176.875,133.64290912567927
1790789869,786,12,transition,vgg16_image,441.535,400.5084112149533
1790789869,786,12,transition,vit_base_image,84.865,73.56037151702786
1790789869,786,12,transition,gpt2_p64_o64,1.327,0.0
1790789869,786,12,transition,gpt2_p512_o512,0.163,0.0
1790789869,786,12,transition,llama_p1024_o128,0,0.0
1790789869,786,12,transition,llama_p2048_o64,0.594,0.1795511221945137
1790789870,787,12,transition,resnet50_image,176.875,133.64290912567927
1790789870,787,12,transition,vgg16_image,441.535,400.5084112149533
1790789870,787,12,transition,vit_base_image,84.865,73.56037151702786
1790789870,787,12,transition,gpt2_p64_o64,1.327,0.0
1790789870,787,12,transition,gpt2_p512_o512,0.163,0.0
1790789870,787,12,transition,llama_p1024_o128,0,0.0
1790789870,787,12,transition,llama_p2048_o64,0.594,0.1795511221945137
1790789871,788,12,transition,resnet50_image,176.875,133.64290912567927
1790789871,788,12,transition,vgg16_image,441.535,400.5084112149533
1790789871,788,12,transition,vit_base_image,84.865,73.56037151702786
1790789871,788,12,transition,gpt2_p64_o64,1.327,0.0
1790789871,788,12,transition,gpt2_p512_o512,0.163,0.0
1790789871,788,12,transition,llama_p1024_o128,0,0.0
1790789871,788,12,transition,llama_p2048_o64,0.594,0.1795511221945137
1790789872,789,12,transition,resnet50_image,176.875,133.64290912567927
1790789872,789,12,transition,vgg16_image,441.535,400.5084112149533
1790789872,789,12,transition,vit_base_image,84.865,73.56037151702786
1790789872,789,12,transition,gpt2_p64_o64,1.327,0.0
1790789872,789,12,transition,gpt2_p512_o512,0.163,0.0
1790789872,789,12,transition,llama_p1024_o128,0,0.0
1790789872,789,12,transition,llama_p2048_o64,0.594,0.1795511221945137
1790789873,790,12,transition,resnet50_image,176.875,133.64290912567927
1790789873,790,12,transition,vgg16_image,441.535,400.5084112149533
1790789873,790,12,transition,vit_base_image,84.865,73.56037151702786
1790789873,790,12,transition,gpt2_p64_o64,1.327,0.0
1790789873,790,12,transition,gpt2_p512_o512,0.163,0.0
1790789873,790,12,transition,llama_p1024_o128,0,0.0
1790789873,790,12,transition,llama_p2048_o64,0.594,0.1795511221945137
1790789874,791,12,transition,resnet50_image,176.875,133.64290912567927
1790789874,791,12,transition,vgg16_image,441.535,400.5084112149533
1790789874,791,12,transition,vit_base_image,84.865,73.56037151702786
1790789874,791,12,transition,gpt2_p64_o64,1.327,0.0
1790789874,791,12,transition,gpt2_p512_o512,0.163,0.0
1790789874,791,12,transition,llama_p1024_o128,0,0.0
1790789874,791,12,transition,llama_p2048_o64,0.594,0.1795511221945137
1790789875,792,12,transition,resnet50_image,176.875,133.64290912567927
1790789875,792,12,transition,vgg16_image,441.535,400.5084112149533
1790789875,792,12,transition,vit_base_image,84.865,73.56037151702786
1790789875,792,12,transition,gpt2_p64_o64,1.327,0.0
1790789875,792,12,transition,gpt2_p512_o512,0.163,0.0
1790789875,792,12,transition,llama_p1024_o128,0,0.0
1790789875,792,12,transition,llama_p2048_o64,0.594,0.1795511221945137
1790789876,793,12,transition,resnet50_image,176.875,133.64290912567927
1790789876,793,12,transition,vgg16_image,441.535,400.5084112149533
1790789876,793,12,transition,vit_base_image,84.865,73.56037151702786
1790789876,793,12,transition,gpt2_p64_o64,1.327,0.0
1790789876,793,12,transition,gpt2_p512_o512,0.163,0.0
1790789876,793,12,transition,llama_p1024_o128,0,0.0
1790789876,793,12,transition,llama_p2048_o64,0.594,0.1795511221945137
1790789877,794,12,transition,resnet50_image,176.875,133.64290912567927
1790789877,794,12,transition,vgg16_image,441.535,400.5084112149533
1790789877,794,12,transition,vit_base_image,84.865,73.56037151702786
1790789877,794,12,transition,gpt2_p64_o64,1.327,0.0
1790789877,794,12,transition,gpt2_p512_o512,0.163,0.0
1790789877,794,12,transition,llama_p1024_o128,0,0.0
1790789877,794,12,transition,llama_p2048_o64,0.594,0.1795511221945137
1790789878,795,12,transition,resnet50_image,176.875,133.64290912567927
1790789878,795,12,transition,vgg16_image,441.535,400.5084112149533
1790789878,795,12,transition,vit_base_image,84.865,73.56037151702786
1790789878,795,12,transition,gpt2_p64_o64,1.327,0.0
1790789878,795,12,transition,gpt2_p512_o512,0.163,0.0
1790789878,795,12,transition,llama_p1024_o128,0,0.0
1790789878,795,12,transition,llama_p2048_o64,0.594,0.1795511221945137
1790789879,796,12,transition,resnet50_image,176.875,133.64290912567927
1790789879,796,12,transition,vgg16_image,441.535,400.5084112149533
1790789879,796,12,transition,vit_base_image,84.865,73.56037151702786
1790789879,796,12,transition,gpt2_p64_o64,1.327,0.0
1790789879,796,12,transition,gpt2_p512_o512,0.163,0.0
1790789879,796,12,transition,llama_p1024_o128,0,0.0
1790789879,796,12,transition,llama_p2048_o64,0.594,0.1795511221945137
1790789880,797,12,transition,resnet50_image,176.875,133.64290912567927
1790789880,797,12,transition,vgg16_image,441.535,400.5084112149533
1790789880,797,12,transition,vit_base_image,84.865,73.56037151702786
1790789880,797,12,transition,gpt2_p64_o64,1.327,0.0
1790789880,797,12,transition,gpt2_p512_o512,0.163,0.0
1790789880,797,12,transition,llama_p1024_o128,0,0.0
1790789880,797,12,transition,llama_p2048_o64,0.594,0.1795511221945137
1790789881,798,12,transition,resnet50_image,176.875,133.64290912567927
1790789881,798,12,transition,vgg16_image,441.535,400.5084112149533
1790789881,798,12,transition,vit_base_image,84.865,73.56037151702786
1790789881,798,12,transition,gpt2_p64_o64,1.327,0.0
1790789881,798,12,transition,gpt2_p512_o512,0.163,0.0
1790789881,798,12,transition,llama_p1024_o128,0,0.0
1790789881,798,12,transition,llama_p2048_o64,0.594,0.1795511221945137
1790789882,799,12,transition,resnet50_image,176.875,133.64290912567927
1790789882,799,12,transition,vgg16_image,441.535,400.5084112149533
1790789882,799,12,transition,vit_base_image,84.865,73.56037151702786
1790789882,799,12,transition,gpt2_p64_o64,1.327,0.0
1790789882,799,12,transition,gpt2_p512_o512,0.163,0.0
1790789882,799,12,transition,llama_p1024_o128,0,0.0
1790789882,799,12,transition,llama_p2048_o64,0.594,0.1795511221945137
1790789883,800,12,transition,resnet50_image,176.875,133.64290912567927
1790789883,800,12,transition,vgg16_image,441.535,400.5084112149533
1790789883,800,12,transition,vit_base_image,84.865,73.56037151702786
1790789883,800,12,transition,gpt2_p64_o64,1.327,0.0
1790789883,800,12,transition,gpt2_p512_o512,0.163,0.0
1790789883,800,12,transition,llama_p1024_o128,0,0.0
1790789883,800,12,transition,llama_p2048_o64,0.594,0.1795511221945137
1790789884,801,12,transition,resnet50_image,176.875,133.64290912567927
1790789884,801,12,transition,vgg16_image,441.535,400.5084112149533
1790789884,801,12,transition,vit_base_image,84.865,73.56037151702786
1790789884,801,12,transition,gpt2_p64_o64,1.327,0.0
1790789884,801,12,transition,gpt2_p512_o512,0.163,0.0
1790789884,801,12,transition,llama_p1024_o128,0,0.0
1790789884,801,12,transition,llama_p2048_o64,0.594,0.1795511221945137
1790789885,802,12,transition,resnet50_image,176.875,133.64290912567927
1790789885,802,12,transition,vgg16_image,441.535,400.5084112149533
1790789885,802,12,transition,vit_base_image,84.865,73.56037151702786
1790789885,802,12,transition,gpt2_p64_o64,1.327,0.0
1790789885,802,12,transition,gpt2_p512_o512,0.163,0.0
1790789885,802,12,transition,llama_p1024_o128,0,0.0
1790789885,802,12,transition,llama_p2048_o64,0.594,0.1795511221945137
1790789886,803,12,transition,resnet50_image,176.875,133.64290912567927
1790789886,803,12,transition,vgg16_image,593.848,400.5084112149533
1790789886,803,12,transition,vit_base_image,84.865,73.56037151702786
1790789886,803,12,transition,gpt2_p64_o64,1.327,0.0
1790789886,803,12,transition,gpt2_p512_o512,0.163,0.0
1790789886,803,12,transition,llama_p1024_o128,0,0.0
1790789886,803,12,transition,llama_p2048_o64,0.594,0.1795511221945137
1790789887,804,12,transition,resnet50_image,176.875,133.64290912567927
1790789887,804,12,transition,vgg16_image,593.848,400.5084112149533
1790789887,804,12,transition,vit_base_image,84.865,73.56037151702786
1790789887,804,12,transition,gpt2_p64_o64,1.327,0.0
1790789887,804,12,transition,gpt2_p512_o512,0.163,0.0
1790789887,804,12,transition,llama_p1024_o128,0,0.0
1790789887,804,12,transition,llama_p2048_o64,0.594,0.1795511221945137
1790789888,805,12,transition,resnet50_image,176.875,133.64290912567927
1790789888,805,12,transition,vgg16_image,593.848,400.5084112149533
1790789888,805,12,transition,vit_base_image,84.865,73.56037151702786
1790789888,805,12,transition,gpt2_p64_o64,1.327,0.0
1790789888,805,12,transition,gpt2_p512_o512,0.163,0.0
1790789888,805,12,transition,llama_p1024_o128,0,0.0
1790789888,805,12,transition,llama_p2048_o64,0.594,0.1795511221945137
1790789889,806,12,steady,resnet50_image,176.875,133.64290912567927
1790789889,806,12,steady,vgg16_image,593.848,460.08224299065415
1790789889,806,12,steady,vit_base_image,84.865,73.56037151702786
1790789889,806,12,steady,gpt2_p64_o64,1.327,0.0
1790789889,806,12,steady,gpt2_p512_o512,0.163,0.0
1790789889,806,12,steady,llama_p1024_o128,0.653,0.5975103734439834
1790789889,806,12,steady,llama_p2048_o64,0.594,0.1795511221945137
1790789890,807,12,steady,resnet50_image,176.875,133.64290912567927
1790789890,807,12,steady,vgg16_image,593.848,460.08224299065415
1790789890,807,12,steady,vit_base_image,84.865,73.56037151702786
1790789890,807,12,steady,gpt2_p64_o64,1.327,0.0
1790789890,807,12,steady,gpt2_p512_o512,0.163,0.0
1790789890,807,12,steady,llama_p1024_o128,0.653,0.5975103734439834
1790789890,807,12,steady,llama_p2048_o64,0.594,0.1795511221945137
1790789891,808,12,steady,resnet50_image,176.875,133.64290912567927
1790789891,808,12,steady,vgg16_image,593.848,460.08224299065415
1790789891,808,12,steady,vit_base_image,84.865,73.56037151702786
1790789891,808,12,steady,gpt2_p64_o64,1.327,0.0
1790789891,808,12,steady,gpt2_p512_o512,0.163,0.0
1790789891,808,12,steady,llama_p1024_o128,0.653,0.5975103734439834
1790789891,808,12,steady,llama_p2048_o64,0.594,0.1795511221945137
1790789892,809,12,steady,resnet50_image,176.875,133.64290912567927
1790789892,809,12,steady,vgg16_image,593.848,460.08224299065415
1790789892,809,12,steady,vit_base_image,84.865,73.56037151702786
1790789892,809,12,steady,gpt2_p64_o64,1.327,0.0
1790789892,809,12,steady,gpt2_p512_o512,0.163,0.0
1790789892,809,12,steady,llama_p1024_o128,0.653,0.5975103734439834
1790789892,809,12,steady,llama_p2048_o64,0.594,0.1795511221945137
1790789893,810,12,steady,resnet50_image,176.875,133.64290912567927
1790789893,810,12,steady,vgg16_image,593.848,460.08224299065415
1790789893,810,12,steady,vit_base_image,84.865,73.56037151702786
1790789893,810,12,steady,gpt2_p64_o64,1.327,0.0
1790789893,810,12,steady,gpt2_p512_o512,0.163,0.0
1790789893,810,12,steady,llama_p1024_o128,0.653,0.5975103734439834
1790789893,810,12,steady,llama_p2048_o64,0.594,0.1795511221945137
1790789894,811,12,steady,resnet50_image,176.875,133.64290912567927
1790789894,811,12,steady,vgg16_image,593.848,460.08224299065415
1790789894,811,12,steady,vit_base_image,84.865,73.56037151702786
1790789894,811,12,steady,gpt2_p64_o64,1.327,0.0
1790789894,811,12,steady,gpt2_p512_o512,0.163,0.0
1790789894,811,12,steady,llama_p1024_o128,0.653,0.5975103734439834
1790789894,811,12,steady,llama_p2048_o64,0.594,0.1795511221945137
1790789895,812,12,steady,resnet50_image,176.875,133.64290912567927
1790789895,812,12,steady,vgg16_image,593.848,460.08224299065415
1790789895,812,12,steady,vit_base_image,84.865,73.56037151702786
1790789895,812,12,steady,gpt2_p64_o64,1.327,0.0
1790789895,812,12,steady,gpt2_p512_o512,0.163,0.0
1790789895,812,12,steady,llama_p1024_o128,0.653,0.5975103734439834
1790789895,812,12,steady,llama_p2048_o64,0.594,0.1795511221945137
1790789896,813,12,steady,resnet50_image,176.875,133.64290912567927
1790789896,813,12,steady,vgg16_image,593.848,460.08224299065415
1790789896,813,12,steady,vit_base_image,84.865,73.56037151702786
1790789896,813,12,steady,gpt2_p64_o64,1.327,0.0
1790789896,813,12,steady,gpt2_p512_o512,0.163,0.0
1790789896,813,12,steady,llama_p1024_o128,0.653,0.5975103734439834
1790789896,813,12,steady,llama_p2048_o64,0.594,0.1795511221945137
1790789897,814,12,steady,resnet50_image,176.875,133.64290912567927
1790789897,814,12,steady,vgg16_image,593.848,460.08224299065415
1790789897,814,12,steady,vit_base_image,84.865,73.56037151702786
1790789897,814,12,steady,gpt2_p64_o64,1.327,0.0
1790789897,814,12,steady,gpt2_p512_o512,0.163,0.0
1790789897,814,12,steady,llama_p1024_o128,0.653,0.5975103734439834
1790789897,814,12,steady,llama_p2048_o64,0.594,0.1795511221945137
1790789898,815,12,steady,resnet50_image,176.875,133.64290912567927
1790789898,815,12,steady,vgg16_image,593.848,460.08224299065415
1790789898,815,12,steady,vit_base_image,84.865,73.56037151702786
1790789898,815,12,steady,gpt2_p64_o64,1.327,0.0
1790789898,815,12,steady,gpt2_p512_o512,0.163,0.0
1790789898,815,12,steady,llama_p1024_o128,0.653,0.5975103734439834
1790789898,815,12,steady,llama_p2048_o64,0.594,0.1795511221945137
1790789899,816,12,steady,resnet50_image,176.875,133.64290912567927
1790789899,816,12,steady,vgg16_image,593.848,460.08224299065415
1790789899,816,12,steady,vit_base_image,84.865,73.56037151702786
1790789899,816,12,steady,gpt2_p64_o64,1.327,0.0
1790789899,816,12,steady,gpt2_p512_o512,0.163,0.0
1790789899,816,12,steady,llama_p1024_o128,0.653,0.5975103734439834
1790789899,816,12,steady,llama_p2048_o64,0.594,0.1795511221945137
1790789900,817,12,steady,resnet50_image,176.875,133.64290912567927
1790789900,817,12,steady,vgg16_image,593.848,460.08224299065415
1790789900,817,12,steady,vit_base_image,84.865,73.56037151702786
1790789900,817,12,steady,gpt2_p64_o64,1.327,0.0
1790789900,817,12,steady,gpt2_p512_o512,0.163,0.0
1790789900,817,12,steady,llama_p1024_o128,0.653,0.5975103734439834
1790789900,817,12,steady,llama_p2048_o64,0.594,0.1795511221945137
1790789901,818,12,steady,resnet50_image,176.875,133.64290912567927
1790789901,818,12,steady,vgg16_image,593.848,460.08224299065415
1790789901,818,12,steady,vit_base_image,84.865,73.56037151702786
1790789901,818,12,steady,gpt2_p64_o64,1.327,0.0
1790789901,818,12,steady,gpt2_p512_o512,0.163,0.0
1790789901,818,12,steady,llama_p1024_o128,0.653,0.5975103734439834
1790789901,818,12,steady,llama_p2048_o64,0.594,0.1795511221945137
1790789902,819,12,steady,resnet50_image,176.875,133.64290912567927
1790789902,819,12,steady,vgg16_image,593.848,460.08224299065415
1790789902,819,12,steady,vit_base_image,84.865,73.56037151702786
1790789902,819,12,steady,gpt2_p64_o64,1.327,0.0
1790789902,819,12,steady,gpt2_p512_o512,0.163,0.0
1790789902,819,12,steady,llama_p1024_o128,0.653,0.5975103734439834
1790789902,819,12,steady,llama_p2048_o64,0.594,0.1795511221945137
1790789903,820,12,steady,resnet50_image,176.875,133.64290912567927
1790789903,820,12,steady,vgg16_image,593.848,460.08224299065415
1790789903,820,12,steady,vit_base_image,84.865,73.56037151702786
1790789903,820,12,steady,gpt2_p64_o64,1.327,0.0
1790789903,820,12,steady,gpt2_p512_o512,0.163,0.0
1790789903,820,12,steady,llama_p1024_o128,0.653,0.5975103734439834
1790789903,820,12,steady,llama_p2048_o64,0.594,0.1795511221945137
1790789904,821,12,steady,resnet50_image,176.875,133.64290912567927
1790789904,821,12,steady,vgg16_image,593.848,460.08224299065415
1790789904,821,12,steady,vit_base_image,84.865,73.56037151702786
1790789904,821,12,steady,gpt2_p64_o64,1.327,0.0
1790789904,821,12,steady,gpt2_p512_o512,0.163,0.0
1790789904,821,12,steady,llama_p1024_o128,0.653,0.5975103734439834
1790789904,821,12,steady,llama_p2048_o64,0.594,0.1795511221945137
1790789905,822,12,steady,resnet50_image,176.875,133.64290912567927
1790789905,822,12,steady,vgg16_image,593.848,460.08224299065415
1790789905,822,12,steady,vit_base_image,84.865,73.56037151702786
1790789905,822,12,steady,gpt2_p64_o64,1.327,0.0
1790789905,822,12,steady,gpt2_p512_o512,0.163,0.0
1790789905,822,12,steady,llama_p1024_o128,0.653,0.5975103734439834
1790789905,822,12,steady,llama_p2048_o64,0.594,0.1795511221945137
1790789906,823,12,steady,resnet50_image,176.875,133.64290912567927
1790789906,823,12,steady,vgg16_image,593.848,460.08224299065415
1790789906,823,12,steady,vit_base_image,84.865,73.56037151702786
1790789906,823,12,steady,gpt2_p64_o64,1.327,0.0
1790789906,823,12,steady,gpt2_p512_o512,0.163,0.0
1790789906,823,12,steady,llama_p1024_o128,0.653,0.5975103734439834
1790789906,823,12,steady,llama_p2048_o64,0.594,0.1795511221945137
1790789907,824,12,steady,resnet50_image,176.875,133.64290912567927
1790789907,824,12,steady,vgg16_image,593.848,460.08224299065415
1790789907,824,12,steady,vit_base_image,84.865,73.56037151702786
1790789907,824,12,steady,gpt2_p64_o64,1.327,0.0
1790789907,824,12,steady,gpt2_p512_o512,0.163,0.0
1790789907,824,12,steady,llama_p1024_o128,0.653,0.5975103734439834
1790789907,824,12,steady,llama_p2048_o64,0.594,0.1795511221945137
1790789908,825,12,steady,resnet50_image,176.875,133.64290912567927
1790789908,825,12,steady,vgg16_image,593.848,460.08224299065415
1790789908,825,12,steady,vit_base_image,84.865,73.56037151702786
1790789908,825,12,steady,gpt2_p64_o64,1.327,0.0
1790789908,825,12,steady,gpt2_p512_o512,0.163,0.0
1790789908,825,12,steady,llama_p1024_o128,0.653,0.5975103734439834
1790789908,825,12,steady,llama_p2048_o64,0.594,0.1795511221945137
1790789909,826,12,steady,resnet50_image,176.875,133.64290912567927
1790789909,826,12,steady,vgg16_image,593.848,460.08224299065415
1790789909,826,12,steady,vit_base_image,84.865,73.56037151702786
1790789909,826,12,steady,gpt2_p64_o64,1.327,0.0
1790789909,826,12,steady,gpt2_p512_o512,0.163,0.0
1790789909,826,12,steady,llama_p1024_o128,0.653,0.5975103734439834
1790789909,826,12,steady,llama_p2048_o64,0.594,0.1795511221945137
1790789910,827,12,steady,resnet50_image,176.875,133.64290912567927
1790789910,827,12,steady,vgg16_image,593.848,460.08224299065415
1790789910,827,12,steady,vit_base_image,84.865,73.56037151702786
1790789910,827,12,steady,gpt2_p64_o64,1.327,0.0
1790789910,827,12,steady,gpt2_p512_o512,0.163,0.0
1790789910,827,12,steady,llama_p1024_o128,0.653,0.5975103734439834
1790789910,827,12,steady,llama_p2048_o64,0.594,0.1795511221945137
1790789911,828,12,steady,resnet50_image,176.875,133.64290912567927
1790789911,828,12,steady,vgg16_image,593.848,460.08224299065415
1790789911,828,12,steady,vit_base_image,84.865,73.56037151702786
1790789911,828,12,steady,gpt2_p64_o64,1.327,0.0
1790789911,828,12,steady,gpt2_p512_o512,0.163,0.0
1790789911,828,12,steady,llama_p1024_o128,0.653,0.5975103734439834
1790789911,828,12,steady,llama_p2048_o64,0.594,0.1795511221945137
1790789912,829,12,steady,resnet50_image,176.875,133.64290912567927
1790789912,829,12,steady,vgg16_image,593.848,460.08224299065415
1790789912,829,12,steady,vit_base_image,84.865,73.56037151702786
1790789912,829,12,steady,gpt2_p64_o64,1.327,0.0
1790789912,829,12,steady,gpt2_p512_o512,0.163,0.0
1790789912,829,12,steady,llama_p1024_o128,0.653,0.5975103734439834
1790789912,829,12,steady,llama_p2048_o64,0.594,0.1795511221945137
1790789913,830,12,steady,resnet50_image,176.875,133.64290912567927
1790789913,830,12,steady,vgg16_image,593.848,460.08224299065415
1790789913,830,12,steady,vit_base_image,84.865,73.56037151702786
1790789913,830,12,steady,gpt2_p64_o64,1.327,0.0
1790789913,830,12,steady,gpt2_p512_o512,0.163,0.0
1790789913,830,12,steady,llama_p1024_o128,0.653,0.5975103734439834
1790789913,830,12,steady,llama_p2048_o64,0.594,0.1795511221945137
1790789914,831,12,steady,resnet50_image,176.875,133.64290912567927
1790789914,831,12,steady,vgg16_image,593.848,460.08224299065415
1790789914,831,12,steady,vit_base_image,84.865,73.56037151702786
1790789914,831,12,steady,gpt2_p64_o64,1.327,0.0
1790789914,831,12,steady,gpt2_p512_o512,0.163,0.0
1790789914,831,12,steady,llama_p1024_o128,0.653,0.5975103734439834
1790789914,831,12,steady,llama_p2048_o64,0.594,0.1795511221945137
1790789915,832,12,steady,resnet50_image,176.875,133.64290912567927
1790789915,832,12,steady,vgg16_image,593.848,460.08224299065415
1790789915,832,12,steady,vit_base_image,84.865,73.56037151702786
1790789915,832,12,steady,gpt2_p64_o64,1.327,0.0
1790789915,832,12,steady,gpt2_p512_o512,0.163,0.0
1790789915,832,12,steady,llama_p1024_o128,0.653,0.5975103734439834
1790789915,832,12,steady,llama_p2048_o64,0.594,0.1795511221945137
1790789916,833,12,steady,resnet50_image,176.875,133.64290912567927
1790789916,833,12,steady,vgg16_image,593.848,460.08224299065415
1790789916,833,12,steady,vit_base_image,84.865,73.56037151702786
1790789916,833,12,steady,gpt2_p64_o64,1.327,0.0
1790789916,833,12,steady,gpt2_p512_o512,0.163,0.0
1790789916,833,12,steady,llama_p1024_o128,0.653,0.5975103734439834
1790789916,833,12,steady,llama_p2048_o64,0.594,0.1795511221945137
1790789917,834,12,steady,resnet50_image,176.875,133.64290912567927
1790789917,834,12,steady,vgg16_image,593.848,460.08224299065415
1790789917,834,12,steady,vit_base_image,84.865,73.56037151702786
1790789917,834,12,steady,gpt2_p64_o64,1.327,0.0
1790789917,834,12,steady,gpt2_p512_o512,0.163,0.0
1790789917,834,12,steady,llama_p1024_o128,0.653,0.5975103734439834
1790789917,834,12,steady,llama_p2048_o64,0.594,0.1795511221945137
1790789918,835,12,steady,resnet50_image,176.875,133.64290912567927
1790789918,835,12,steady,vgg16_image,593.848,460.08224299065415
1790789918,835,12,steady,vit_base_image,84.865,73.56037151702786
1790789918,835,12,steady,gpt2_p64_o64,1.327,0.0
1790789918,835,12,steady,gpt2_p512_o512,0.163,0.0
1790789918,835,12,steady,llama_p1024_o128,0.653,0.5975103734439834
1790789918,835,12,steady,llama_p2048_o64,0.594,0.1795511221945137
1790789919,836,,,resnet50_image,176.875,
1790789919,836,,,vgg16_image,593.848,
1790789919,836,,,vit_base_image,84.865,
1790789919,836,,,gpt2_p64_o64,1.327,
1790789919,836,,,gpt2_p512_o512,0.163,
1790789919,836,,,llama_p1024_o128,0.653,
1790789919,836,,,llama_p2048_o64,0.594,
