node,gpu_index,workload,profile,batch,phase,i,runtimeLatencyMs,ttftMs,tpotMs,mig_uuid,cpuAffinity,error
ampere,1,gpt2_p512_o512,1g,1,warmup,0,5177.3505859375,40.18956756591797,10.033517614006996,MIG-183fa215-464e-5359-9394-6bca2fef6406,"18,74",
ampere,1,gpt2_p512_o512,1g,1,sample,0,5180.640625,32.318878173828125,10.055315911769867,MIG-183fa215-464e-5359-9394-6bca2fef6406,"18,74",
ampere,1,gpt2_p512_o512,1g,1,sample,1,5178.47802734375,32.31955337524414,10.051090769469738,MIG-183fa215-464e-5359-9394-6bca2fef6406,"18,74",
ampere,1,gpt2_p512_o512,1g,1,sample,2,5174.40966796875,32.432865142822266,10.04292344301939,MIG-183fa215-464e-5359-9394-6bca2fef6406,"18,74",
ampere,1,gpt2_p512_o512,1g,1,sample,3,5198.6240234375,32.32262420654297,10.090432420372963,MIG-183fa215-464e-5359-9394-6bca2fef6406,"18,74",
ampere,1,gpt2_p512_o512,1g,1,sample,4,5169.97998046875,32.23503875732422,10.034658089280128,MIG-183fa215-464e-5359-9394-6bca2fef6406,"18,74",
ampere,1,gpt2_p512_o512,1g,1,sample,5,5187.38330078125,32.4598388671875,10.068209886550903,MIG-183fa215-464e-5359-9394-6bca2fef6406,"18,74",
ampere,1,gpt2_p512_o512,1g,1,sample,6,5178.384765625,32.49238586425781,10.0505710542202,MIG-183fa215-464e-5359-9394-6bca2fef6406,"18,74",
ampere,1,gpt2_p512_o512,1g,1,sample,7,5191.736328125,32.405311584472656,10.076818391680717,MIG-183fa215-464e-5359-9394-6bca2fef6406,"18,74",
ampere,1,gpt2_p512_o512,1g,1,sample,8,5174.7939453125,32.550079345703125,10.0434450507164,MIG-183fa215-464e-5359-9394-6bca2fef6406,"18,74",
ampere,1,gpt2_p512_o512,1g,1,sample,9,5185.37939453125,32.28579330444336,10.064635939896107,MIG-183fa215-464e-5359-9394-6bca2fef6406,"18,74",
ampere,1,gpt2_p64_o64,1g,1,warmup,0,637.1871948242188,20.50364875793457,9.63568040728569,MIG-183fa215-464e-5359-9394-6bca2fef6406,"18,74",
ampere,1,gpt2_p64_o64,1g,1,sample,0,635.27685546875,17.24006462097168,9.656824856996536,MIG-183fa215-464e-5359-9394-6bca2fef6406,"18,74",
ampere,1,gpt2_p64_o64,1g,1,sample,1,635.2835083007812,10.049471855163574,9.769281819462776,MIG-183fa215-464e-5359-9394-6bca2fef6406,"18,74",
ampere,1,gpt2_p64_o64,1g,1,sample,2,634.854248046875,11.243616104125977,9.743916124105453,MIG-183fa215-464e-5359-9394-6bca2fef6406,"18,74",
ampere,1,gpt2_p64_o64,1g,1,sample,3,638.4432983398438,10.058015823364258,9.818520039319992,MIG-183fa215-464e-5359-9394-6bca2fef6406,"18,74",
ampere,1,gpt2_p64_o64,1g,1,sample,4,642.136474609375,10.953023910522461,9.862241417169571,MIG-183fa215-464e-5359-9394-6bca2fef6406,"18,74",
ampere,1,gpt2_p64_o64,1g,1,sample,5,637.1715698242188,11.656319618225098,9.77367578446865,MIG-183fa215-464e-5359-9394-6bca2fef6406,"18,74",
ampere,1,gpt2_p64_o64,1g,1,sample,6,639.156494140625,11.789119720458984,9.802615225315094,MIG-183fa215-464e-5359-9394-6bca2fef6406,"18,74",
ampere,1,gpt2_p64_o64,1g,1,sample,7,636.2269287109375,11.399999618530273,9.762920767068863,MIG-183fa215-464e-5359-9394-6bca2fef6406,"18,74",
ampere,1,gpt2_p64_o64,1g,1,sample,8,635.6650390625,10.009471893310547,9.775868237018585,MIG-183fa215-464e-5359-9394-6bca2fef6406,"18,74",
ampere,1,gpt2_p64_o64,1g,1,sample,9,639.6652221679688,10.21622371673584,9.835140600800514,MIG-183fa215-464e-5359-9394-6bca2fef6406,"18,74",
ampere,1,resnet50_image,1g,1,warmup,0,31.422719955444336,,,MIG-183fa215-464e-5359-9394-6bca2fef6406,"18,74",
ampere,1,resnet50_image,1g,1,warmup,1,23.035648345947266,,,MIG-183fa215-464e-5359-9394-6bca2fef6406,"18,74",
ampere,1,resnet50_image,1g,1,warmup,2,23.496192932128906,,,MIG-183fa215-464e-5359-9394-6bca2fef6406,"18,74",
ampere,1,resnet50_image,1g,1,warmup,3,23.035808563232422,,,MIG-183fa215-464e-5359-9394-6bca2fef6406,"18,74",
ampere,1,resnet50_image,1g,1,warmup,4,23.143552780151367,,,MIG-183fa215-464e-5359-9394-6bca2fef6406,"18,74",
ampere,1,resnet50_image,1g,1,warmup,5,21.557376861572266,,,MIG-183fa215-464e-5359-9394-6bca2fef6406,"18,74",
ampere,1,resnet50_image,1g,1,warmup,6,22.80441665649414,,,MIG-183fa215-464e-5359-9394-6bca2fef6406,"18,74",
ampere,1,resnet50_image,1g,1,warmup,7,23.029216766357422,,,MIG-183fa215-464e-5359-9394-6bca2fef6406,"18,74",
ampere,1,resnet50_image,1g,1,warmup,8,22.47225570678711,,,MIG-183fa215-464e-5359-9394-6bca2fef6406,"18,74",
ampere,1,resnet50_image,1g,1,warmup,9,22.409791946411133,,,MIG-183fa215-464e-5359-9394-6bca2fef6406,"18,74",
ampere,1,resnet50_image,1g,1,sample,0,22.781536102294922,,,MIG-183fa215-464e-5359-9394-6bca2fef6406,"18,74",
ampere,1,resnet50_image,1g,1,sample,1,22.28428840637207,,,MIG-183fa215-464e-5359-9394-6bca2fef6406,"18,74",
ampere,1,resnet50_image,1g,1,sample,2,22.99728012084961,,,MIG-183fa215-464e-5359-9394-6bca2fef6406,"18,74",
ampere,1,resnet50_image,1g,1,sample,3,23.07356834411621,,,MIG-183fa215-464e-5359-9394-6bca2fef6406,"18,74",
ampere,1,resnet50_image,1g,1,sample,4,21.928640365600586,,,MIG-183fa215-464e-5359-9394-6bca2fef6406,"18,74",
ampere,1,resnet50_image,1g,1,sample,5,23.009151458740234,,,MIG-183fa215-464e-5359-9394-6bca2fef6406,"18,74",
ampere,1,resnet50_image,1g,1,sample,6,23.64803123474121,,,MIG-183fa215-464e-5359-9394-6bca2fef6406,"18,74",
ampere,1,resnet50_image,1g,1,sample,7,21.972000122070312,,,MIG-183fa215-464e-5359-9394-6bca2fef6406,"18,74",
ampere,1,resnet50_image,1g,1,sample,8,23.090688705444336,,,MIG-183fa215-464e-5359-9394-6bca2fef6406,"18,74",
ampere,1,resnet50_image,1g,1,sample,9,23.262624740600586,,,MIG-183fa215-464e-5359-9394-6bca2fef6406,"18,74",
ampere,1,resnet50_image,1g,1,sample,10,22.278783798217773,,,MIG-183fa215-464e-5359-9394-6bca2fef6406,"18,74",
ampere,1,resnet50_image,1g,1,sample,11,23.24390411376953,,,MIG-183fa215-464e-5359-9394-6bca2fef6406,"18,74",
ampere,1,resnet50_image,1g,1,sample,12,22.94483184814453,,,MIG-183fa215-464e-5359-9394-6bca2fef6406,"18,74",
ampere,1,resnet50_image,1g,1,sample,13,22.811296463012695,,,MIG-183fa215-464e-5359-9394-6bca2fef6406,"18,74",
ampere,1,resnet50_image,1g,1,sample,14,23.251136779785156,,,MIG-183fa215-464e-5359-9394-6bca2fef6406,"18,74",
ampere,1,resnet50_image,1g,1,sample,15,21.866464614868164,,,MIG-183fa215-464e-5359-9394-6bca2fef6406,"18,74",
ampere,1,resnet50_image,1g,1,sample,16,22.886560440063477,,,MIG-183fa215-464e-5359-9394-6bca2fef6406,"18,74",
ampere,1,resnet50_image,1g,1,sample,17,22.596511840820312,,,MIG-183fa215-464e-5359-9394-6bca2fef6406,"18,74",
ampere,1,resnet50_image,1g,1,sample,18,23.03500747680664,,,MIG-183fa215-464e-5359-9394-6bca2fef6406,"18,74",
ampere,1,resnet50_image,1g,1,sample,19,21.947200775146484,,,MIG-183fa215-464e-5359-9394-6bca2fef6406,"18,74",
ampere,1,resnet50_image,1g,1,sample,20,22.394784927368164,,,MIG-183fa215-464e-5359-9394-6bca2fef6406,"18,74",
ampere,1,resnet50_image,1g,1,sample,21,22.941984176635742,,,MIG-183fa215-464e-5359-9394-6bca2fef6406,"18,74",
ampere,1,resnet50_image,1g,1,sample,22,23.15497589111328,,,MIG-183fa215-464e-5359-9394-6bca2fef6406,"18,74",
ampere,1,resnet50_image,1g,1,sample,23,23.763999938964844,,,MIG-183fa215-464e-5359-9394-6bca2fef6406,"18,74",
ampere,1,resnet50_image,1g,1,sample,24,22.489856719970703,,,MIG-183fa215-464e-5359-9394-6bca2fef6406,"18,74",
ampere,1,resnet50_image,1g,1,sample,25,23.22118377685547,,,MIG-183fa215-464e-5359-9394-6bca2fef6406,"18,74",
ampere,1,resnet50_image,1g,1,sample,26,22.4935359954834,,,MIG-183fa215-464e-5359-9394-6bca2fef6406,"18,74",
ampere,1,resnet50_image,1g,1,sample,27,22.401887893676758,,,MIG-183fa215-464e-5359-9394-6bca2fef6406,"18,74",
ampere,1,resnet50_image,1g,1,sample,28,23.04400062561035,,,MIG-183fa215-464e-5359-9394-6bca2fef6406,"18,74",
ampere,1,resnet50_image,1g,1,sample,29,22.664575576782227,,,MIG-183fa215-464e-5359-9394-6bca2fef6406,"18,74",
ampere,1,resnet50_image,1g,1,sample,30,23.277023315429688,,,MIG-183fa215-464e-5359-9394-6bca2fef6406,"18,74",
ampere,1,resnet50_image,1g,1,sample,31,21.879072189331055,,,MIG-183fa215-464e-5359-9394-6bca2fef6406,"18,74",
ampere,1,resnet50_image,1g,1,sample,32,22.309152603149414,,,MIG-183fa215-464e-5359-9394-6bca2fef6406,"18,74",
ampere,1,resnet50_image,1g,1,sample,33,23.133024215698242,,,MIG-183fa215-464e-5359-9394-6bca2fef6406,"18,74",
ampere,1,resnet50_image,1g,1,sample,34,22.078176498413086,,,MIG-183fa215-464e-5359-9394-6bca2fef6406,"18,74",
ampere,1,resnet50_image,1g,1,sample,35,21.697343826293945,,,MIG-183fa215-464e-5359-9394-6bca2fef6406,"18,74",
ampere,1,resnet50_image,1g,1,sample,36,22.283519744873047,,,MIG-183fa215-464e-5359-9394-6bca2fef6406,"18,74",
ampere,1,resnet50_image,1g,1,sample,37,23.33673667907715,,,MIG-183fa215-464e-5359-9394-6bca2fef6406,"18,74",
ampere,1,resnet50_image,1g,1,sample,38,21.654464721679688,,,MIG-183fa215-464e-5359-9394-6bca2fef6406,"18,74",
ampere,1,resnet50_image,1g,1,sample,39,21.915008544921875,,,MIG-183fa215-464e-5359-9394-6bca2fef6406,"18,74",
ampere,1,resnet50_image,1g,1,sample,40,27.95369529724121,,,MIG-183fa215-464e-5359-9394-6bca2fef6406,"18,74",
ampere,1,resnet50_image,1g,1,sample,41,22.95439910888672,,,MIG-183fa215-464e-5359-9394-6bca2fef6406,"18,74",
ampere,1,resnet50_image,1g,1,sample,42,23.2161922454834,,,MIG-183fa215-464e-5359-9394-6bca2fef6406,"18,74",
ampere,1,resnet50_image,1g,1,sample,43,21.631967544555664,,,MIG-183fa215-464e-5359-9394-6bca2fef6406,"18,74",
ampere,1,resnet50_image,1g,1,sample,44,22.653728485107422,,,MIG-183fa215-464e-5359-9394-6bca2fef6406,"18,74",
ampere,1,resnet50_image,1g,1,sample,45,22.214815139770508,,,MIG-183fa215-464e-5359-9394-6bca2fef6406,"18,74",
ampere,1,resnet50_image,1g,1,sample,46,21.879871368408203,,,MIG-183fa215-464e-5359-9394-6bca2fef6406,"18,74",
ampere,1,resnet50_image,1g,1,sample,47,22.14441680908203,,,MIG-183fa215-464e-5359-9394-6bca2fef6406,"18,74",
ampere,1,resnet50_image,1g,1,sample,48,22.38857650756836,,,MIG-183fa215-464e-5359-9394-6bca2fef6406,"18,74",
ampere,1,resnet50_image,1g,1,sample,49,21.688575744628906,,,MIG-183fa215-464e-5359-9394-6bca2fef6406,"18,74",
ampere,1,resnet50_image,1g,4,warmup,0,33.45801544189453,,,MIG-183fa215-464e-5359-9394-6bca2fef6406,"18,74",
ampere,1,resnet50_image,1g,4,warmup,1,21.763423919677734,,,MIG-183fa215-464e-5359-9394-6bca2fef6406,"18,74",
ampere,1,resnet50_image,1g,4,warmup,2,21.727584838867188,,,MIG-183fa215-464e-5359-9394-6bca2fef6406,"18,74",
ampere,1,resnet50_image,1g,4,warmup,3,21.732032775878906,,,MIG-183fa215-464e-5359-9394-6bca2fef6406,"18,74",
ampere,1,resnet50_image,1g,4,warmup,4,23.010208129882812,,,MIG-183fa215-464e-5359-9394-6bca2fef6406,"18,74",
ampere,1,resnet50_image,1g,4,warmup,5,21.678016662597656,,,MIG-183fa215-464e-5359-9394-6bca2fef6406,"18,74",
ampere,1,resnet50_image,1g,4,warmup,6,22.708351135253906,,,MIG-183fa215-464e-5359-9394-6bca2fef6406,"18,74",
ampere,1,resnet50_image,1g,4,warmup,7,22.089279174804688,,,MIG-183fa215-464e-5359-9394-6bca2fef6406,"18,74",
ampere,1,resnet50_image,1g,4,warmup,8,23.050336837768555,,,MIG-183fa215-464e-5359-9394-6bca2fef6406,"18,74",
ampere,1,resnet50_image,1g,4,warmup,9,21.64041519165039,,,MIG-183fa215-464e-5359-9394-6bca2fef6406,"18,74",
ampere,1,resnet50_image,1g,4,sample,0,23.363231658935547,,,MIG-183fa215-464e-5359-9394-6bca2fef6406,"18,74",
ampere,1,resnet50_image,1g,4,sample,1,22.519296646118164,,,MIG-183fa215-464e-5359-9394-6bca2fef6406,"18,74",
ampere,1,resnet50_image,1g,4,sample,2,21.660768508911133,,,MIG-183fa215-464e-5359-9394-6bca2fef6406,"18,74",
ampere,1,resnet50_image,1g,4,sample,3,21.64678382873535,,,MIG-183fa215-464e-5359-9394-6bca2fef6406,"18,74",
ampere,1,resnet50_image,1g,4,sample,4,21.63065528869629,,,MIG-183fa215-464e-5359-9394-6bca2fef6406,"18,74",
ampere,1,resnet50_image,1g,4,sample,5,21.667072296142578,,,MIG-183fa215-464e-5359-9394-6bca2fef6406,"18,74",
ampere,1,resnet50_image,1g,4,sample,6,21.6441593170166,,,MIG-183fa215-464e-5359-9394-6bca2fef6406,"18,74",
ampere,1,resnet50_image,1g,4,sample,7,22.731775283813477,,,MIG-183fa215-464e-5359-9394-6bca2fef6406,"18,74",
ampere,1,resnet50_image,1g,4,sample,8,21.8088321685791,,,MIG-183fa215-464e-5359-9394-6bca2fef6406,"18,74",
ampere,1,resnet50_image,1g,4,sample,9,21.780223846435547,,,MIG-183fa215-464e-5359-9394-6bca2fef6406,"18,74",
ampere,1,resnet50_image,1g,4,sample,10,23.501951217651367,,,MIG-183fa215-464e-5359-9394-6bca2fef6406,"18,74",
ampere,1,resnet50_image,1g,4,sample,11,21.66873550415039,,,MIG-183fa215-464e-5359-9394-6bca2fef6406,"18,74",
ampere,1,resnet50_image,1g,4,sample,12,23.07916831970215,,,MIG-183fa215-464e-5359-9394-6bca2fef6406,"18,74",
ampere,1,resnet50_image,1g,4,sample,13,22.992767333984375,,,MIG-183fa215-464e-5359-9394-6bca2fef6406,"18,74",
ampere,1,resnet50_image,1g,4,sample,14,27.895263671875,,,MIG-183fa215-464e-5359-9394-6bca2fef6406,"18,74",
ampere,1,resnet50_image,1g,4,sample,15,21.689664840698242,,,MIG-183fa215-464e-5359-9394-6bca2fef6406,"18,74",
ampere,1,resnet50_image,1g,4,sample,16,21.732576370239258,,,MIG-183fa215-464e-5359-9394-6bca2fef6406,"18,74",
ampere,1,resnet50_image,1g,4,sample,17,21.741727828979492,,,MIG-183fa215-464e-5359-9394-6bca2fef6406,"18,74",
ampere,1,resnet50_image,1g,4,sample,18,21.678016662597656,,,MIG-183fa215-464e-5359-9394-6bca2fef6406,"18,74",
ampere,1,resnet50_image,1g,4,sample,19,21.645151138305664,,,MIG-183fa215-464e-5359-9394-6bca2fef6406,"18,74",
ampere,1,resnet50_image,1g,4,sample,20,21.644960403442383,,,MIG-183fa215-464e-5359-9394-6bca2fef6406,"18,74",
ampere,1,resnet50_image,1g,4,sample,21,21.634784698486328,,,MIG-183fa215-464e-5359-9394-6bca2fef6406,"18,74",
ampere,1,resnet50_image,1g,4,sample,22,21.63052749633789,,,MIG-183fa215-464e-5359-9394-6bca2fef6406,"18,74",
ampere,1,resnet50_image,1g,4,sample,23,22.391103744506836,,,MIG-183fa215-464e-5359-9394-6bca2fef6406,"18,74",
ampere,1,resnet50_image,1g,4,sample,24,21.69046401977539,,,MIG-183fa215-464e-5359-9394-6bca2fef6406,"18,74",
ampere,1,resnet50_image,1g,4,sample,25,22.903648376464844,,,MIG-183fa215-464e-5359-9394-6bca2fef6406,"18,74",
ampere,1,resnet50_image,1g,4,sample,26,23.346464157104492,,,MIG-183fa215-464e-5359-9394-6bca2fef6406,"18,74",
ampere,1,resnet50_image,1g,4,sample,27,21.74073600769043,,,MIG-183fa215-464e-5359-9394-6bca2fef6406,"18,74",
ampere,1,resnet50_image,1g,4,sample,28,23.274080276489258,,,MIG-183fa215-464e-5359-9394-6bca2fef6406,"18,74",
ampere,1,resnet50_image,1g,4,sample,29,21.88528060913086,,,MIG-183fa215-464e-5359-9394-6bca2fef6406,"18,74",
ampere,1,resnet50_image,1g,4,sample,30,23.22047996520996,,,MIG-183fa215-464e-5359-9394-6bca2fef6406,"18,74",
ampere,1,resnet50_image,1g,4,sample,31,21.680511474609375,,,MIG-183fa215-464e-5359-9394-6bca2fef6406,"18,74",
ampere,1,resnet50_image,1g,4,sample,32,21.666751861572266,,,MIG-183fa215-464e-5359-9394-6bca2fef6406,"18,74",
ampere,1,resnet50_image,1g,4,sample,33,21.638751983642578,,,MIG-183fa215-464e-5359-9394-6bca2fef6406,"18,74",
ampere,1,resnet50_image,1g,4,sample,34,21.697696685791016,,,MIG-183fa215-464e-5359-9394-6bca2fef6406,"18,74",
ampere,1,resnet50_image,1g,4,sample,35,21.69161605834961,,,MIG-183fa215-464e-5359-9394-6bca2fef6406,"18,74",
ampere,1,resnet50_image,1g,4,sample,36,21.753280639648438,,,MIG-183fa215-464e-5359-9394-6bca2fef6406,"18,74",
ampere,1,resnet50_image,1g,4,sample,37,21.64614486694336,,,MIG-183fa215-464e-5359-9394-6bca2fef6406,"18,74",
ampere,1,resnet50_image,1g,4,sample,38,22.080703735351562,,,MIG-183fa215-464e-5359-9394-6bca2fef6406,"18,74",
ampere,1,resnet50_image,1g,4,sample,39,23.19808006286621,,,MIG-183fa215-464e-5359-9394-6bca2fef6406,"18,74",
ampere,1,resnet50_image,1g,4,sample,40,21.611936569213867,,,MIG-183fa215-464e-5359-9394-6bca2fef6406,"18,74",
ampere,1,resnet50_image,1g,4,sample,41,21.859519958496094,,,MIG-183fa215-464e-5359-9394-6bca2fef6406,"18,74",
ampere,1,resnet50_image,1g,4,sample,42,22.374656677246094,,,MIG-183fa215-464e-5359-9394-6bca2fef6406,"18,74",
ampere,1,resnet50_image,1g,4,sample,43,21.870304107666016,,,MIG-183fa215-464e-5359-9394-6bca2fef6406,"18,74",
ampere,1,resnet50_image,1g,4,sample,44,21.65350341796875,,,MIG-183fa215-464e-5359-9394-6bca2fef6406,"18,74",
ampere,1,resnet50_image,1g,4,sample,45,21.70911979675293,,,MIG-183fa215-464e-5359-9394-6bca2fef6406,"18,74",
ampere,1,resnet50_image,1g,4,sample,46,21.88310432434082,,,MIG-183fa215-464e-5359-9394-6bca2fef6406,"18,74",
ampere,1,resnet50_image,1g,4,sample,47,23.320127487182617,,,MIG-183fa215-464e-5359-9394-6bca2fef6406,"18,74",
ampere,1,resnet50_image,1g,4,sample,48,21.64569664001465,,,MIG-183fa215-464e-5359-9394-6bca2fef6406,"18,74",
ampere,1,resnet50_image,1g,4,sample,49,23.269664764404297,,,MIG-183fa215-464e-5359-9394-6bca2fef6406,"18,74",
ampere,1,resnet50_image,1g,16,warmup,0,46.657569885253906,,,MIG-183fa215-464e-5359-9394-6bca2fef6406,"18,74",
ampere,1,resnet50_image,1g,16,warmup,1,46.0316162109375,,,MIG-183fa215-464e-5359-9394-6bca2fef6406,"18,74",
ampere,1,resnet50_image,1g,16,warmup,2,46.014015197753906,,,MIG-183fa215-464e-5359-9394-6bca2fef6406,"18,74",
ampere,1,resnet50_image,1g,16,warmup,3,46.023136138916016,,,MIG-183fa215-464e-5359-9394-6bca2fef6406,"18,74",
ampere,1,resnet50_image,1g,16,warmup,4,46.12031936645508,,,MIG-183fa215-464e-5359-9394-6bca2fef6406,"18,74",
ampere,1,resnet50_image,1g,16,warmup,5,46.13296127319336,,,MIG-183fa215-464e-5359-9394-6bca2fef6406,"18,74",
ampere,1,resnet50_image,1g,16,warmup,6,46.10870361328125,,,MIG-183fa215-464e-5359-9394-6bca2fef6406,"18,74",
ampere,1,resnet50_image,1g,16,warmup,7,46.11391830444336,,,MIG-183fa215-464e-5359-9394-6bca2fef6406,"18,74",
ampere,1,resnet50_image,1g,16,warmup,8,46.04780960083008,,,MIG-183fa215-464e-5359-9394-6bca2fef6406,"18,74",
ampere,1,resnet50_image,1g,16,warmup,9,46.088993072509766,,,MIG-183fa215-464e-5359-9394-6bca2fef6406,"18,74",
ampere,1,resnet50_image,1g,16,sample,0,46.11635208129883,,,MIG-183fa215-464e-5359-9394-6bca2fef6406,"18,74",
ampere,1,resnet50_image,1g,16,sample,1,46.129825592041016,,,MIG-183fa215-464e-5359-9394-6bca2fef6406,"18,74",
ampere,1,resnet50_image,1g,16,sample,2,46.24278259277344,,,MIG-183fa215-464e-5359-9394-6bca2fef6406,"18,74",
ampere,1,resnet50_image,1g,16,sample,3,46.025630950927734,,,MIG-183fa215-464e-5359-9394-6bca2fef6406,"18,74",
ampere,1,resnet50_image,1g,16,sample,4,46.01852798461914,,,MIG-183fa215-464e-5359-9394-6bca2fef6406,"18,74",
ampere,1,resnet50_image,1g,16,sample,5,46.02988815307617,,,MIG-183fa215-464e-5359-9394-6bca2fef6406,"18,74",
ampere,1,resnet50_image,1g,16,sample,6,46.01164627075195,,,MIG-183fa215-464e-5359-9394-6bca2fef6406,"18,74",
ampere,1,resnet50_image,1g,16,sample,7,46.11420822143555,,,MIG-183fa215-464e-5359-9394-6bca2fef6406,"18,74",
ampere,1,resnet50_image,1g,16,sample,8,46.11811065673828,,,MIG-183fa215-464e-5359-9394-6bca2fef6406,"18,74",
ampere,1,resnet50_image,1g,16,sample,9,46.11167907714844,,,MIG-183fa215-464e-5359-9394-6bca2fef6406,"18,74",
ampere,1,resnet50_image,1g,16,sample,10,46.05401611328125,,,MIG-183fa215-464e-5359-9394-6bca2fef6406,"18,74",
ampere,1,resnet50_image,1g,16,sample,11,47.77743911743164,,,MIG-183fa215-464e-5359-9394-6bca2fef6406,"18,74",
ampere,1,resnet50_image,1g,16,sample,12,47.642433166503906,,,MIG-183fa215-464e-5359-9394-6bca2fef6406,"18,74",
ampere,1,resnet50_image,1g,16,sample,13,46.122432708740234,,,MIG-183fa215-464e-5359-9394-6bca2fef6406,"18,74",
ampere,1,resnet50_image,1g,16,sample,14,46.14041519165039,,,MIG-183fa215-464e-5359-9394-6bca2fef6406,"18,74",
ampere,1,resnet50_image,1g,16,sample,15,46.099422454833984,,,MIG-183fa215-464e-5359-9394-6bca2fef6406,"18,74",
ampere,1,resnet50_image,1g,16,sample,16,46.079551696777344,,,MIG-183fa215-464e-5359-9394-6bca2fef6406,"18,74",
ampere,1,resnet50_image,1g,16,sample,17,46.06275177001953,,,MIG-183fa215-464e-5359-9394-6bca2fef6406,"18,74",
ampere,1,resnet50_image,1g,16,sample,18,45.99763107299805,,,MIG-183fa215-464e-5359-9394-6bca2fef6406,"18,74",
ampere,1,resnet50_image,1g,16,sample,19,46.026878356933594,,,MIG-183fa215-464e-5359-9394-6bca2fef6406,"18,74",
ampere,1,resnet50_image,1g,16,sample,20,46.095680236816406,,,MIG-183fa215-464e-5359-9394-6bca2fef6406,"18,74",
ampere,1,resnet50_image,1g,16,sample,21,46.1071662902832,,,MIG-183fa215-464e-5359-9394-6bca2fef6406,"18,74",
ampere,1,resnet50_image,1g,16,sample,22,46.14236831665039,,,MIG-183fa215-464e-5359-9394-6bca2fef6406,"18,74",
ampere,1,resnet50_image,1g,16,sample,23,46.135040283203125,,,MIG-183fa215-464e-5359-9394-6bca2fef6406,"18,74",
ampere,1,resnet50_image,1g,16,sample,24,46.03398513793945,,,MIG-183fa215-464e-5359-9394-6bca2fef6406,"18,74",
ampere,1,resnet50_image,1g,16,sample,25,46.047359466552734,,,MIG-183fa215-464e-5359-9394-6bca2fef6406,"18,74",
ampere,1,resnet50_image,1g,16,sample,26,46.04972839355469,,,MIG-183fa215-464e-5359-9394-6bca2fef6406,"18,74",
ampere,1,resnet50_image,1g,16,sample,27,46.05392074584961,,,MIG-183fa215-464e-5359-9394-6bca2fef6406,"18,74",
ampere,1,resnet50_image,1g,16,sample,28,46.10627365112305,,,MIG-183fa215-464e-5359-9394-6bca2fef6406,"18,74",
ampere,1,resnet50_image,1g,16,sample,29,46.07795333862305,,,MIG-183fa215-464e-5359-9394-6bca2fef6406,"18,74",
ampere,1,resnet50_image,1g,16,sample,30,46.095489501953125,,,MIG-183fa215-464e-5359-9394-6bca2fef6406,"18,74",
ampere,1,resnet50_image,1g,16,sample,31,46.0428466796875,,,MIG-183fa215-464e-5359-9394-6bca2fef6406,"18,74",
ampere,1,resnet50_image,1g,16,sample,32,46.00668716430664,,,MIG-183fa215-464e-5359-9394-6bca2fef6406,"18,74",
ampere,1,resnet50_image,1g,16,sample,33,46.1550407409668,,,MIG-183fa215-464e-5359-9394-6bca2fef6406,"18,74",
ampere,1,resnet50_image,1g,16,sample,34,46.03142547607422,,,MIG-183fa215-464e-5359-9394-6bca2fef6406,"18,74",
ampere,1,resnet50_image,1g,16,sample,35,46.13759994506836,,,MIG-183fa215-464e-5359-9394-6bca2fef6406,"18,74",
ampere,1,resnet50_image,1g,16,sample,36,46.10345458984375,,,MIG-183fa215-464e-5359-9394-6bca2fef6406,"18,74",
ampere,1,resnet50_image,1g,16,sample,37,46.097694396972656,,,MIG-183fa215-464e-5359-9394-6bca2fef6406,"18,74",
ampere,1,resnet50_image,1g,16,sample,38,46.115806579589844,,,MIG-183fa215-464e-5359-9394-6bca2fef6406,"18,74",
ampere,1,resnet50_image,1g,16,sample,39,46.08572769165039,,,MIG-183fa215-464e-5359-9394-6bca2fef6406,"18,74",
ampere,1,resnet50_image,1g,16,sample,40,46.08736038208008,,,MIG-183fa215-464e-5359-9394-6bca2fef6406,"18,74",
ampere,1,resnet50_image,1g,16,sample,41,46.02985763549805,,,MIG-183fa215-464e-5359-9394-6bca2fef6406,"18,74",
ampere,1,resnet50_image,1g,16,sample,42,46.01017761230469,,,MIG-183fa215-464e-5359-9394-6bca2fef6406,"18,74",
ampere,1,resnet50_image,1g,16,sample,43,46.0015983581543,,,MIG-183fa215-464e-5359-9394-6bca2fef6406,"18,74",
ampere,1,resnet50_image,1g,16,sample,44,46.028289794921875,,,MIG-183fa215-464e-5359-9394-6bca2fef6406,"18,74",
ampere,1,resnet50_image,1g,16,sample,45,46.10841751098633,,,MIG-183fa215-464e-5359-9394-6bca2fef6406,"18,74",
ampere,1,resnet50_image,1g,16,sample,46,46.11452865600586,,,MIG-183fa215-464e-5359-9394-6bca2fef6406,"18,74",
ampere,1,resnet50_image,1g,16,sample,47,46.11231994628906,,,MIG-183fa215-464e-5359-9394-6bca2fef6406,"18,74",
ampere,1,resnet50_image,1g,16,sample,48,46.057918548583984,,,MIG-183fa215-464e-5359-9394-6bca2fef6406,"18,74",
ampere,1,resnet50_image,1g,16,sample,49,46.043678283691406,,,MIG-183fa215-464e-5359-9394-6bca2fef6406,"18,74",
ampere,1,resnet50_image,1g,32,warmup,0,86.98889923095703,,,MIG-183fa215-464e-5359-9394-6bca2fef6406,"18,74",
ampere,1,resnet50_image,1g,32,warmup,1,86.11404418945312,,,MIG-183fa215-464e-5359-9394-6bca2fef6406,"18,74",
ampere,1,resnet50_image,1g,32,warmup,2,85.97590637207031,,,MIG-183fa215-464e-5359-9394-6bca2fef6406,"18,74",
ampere,1,resnet50_image,1g,32,warmup,3,86.02591705322266,,,MIG-183fa215-464e-5359-9394-6bca2fef6406,"18,74",
ampere,1,resnet50_image,1g,32,warmup,4,86.13426971435547,,,MIG-183fa215-464e-5359-9394-6bca2fef6406,"18,74",
ampere,1,resnet50_image,1g,32,warmup,5,86.1061782836914,,,MIG-183fa215-464e-5359-9394-6bca2fef6406,"18,74",
ampere,1,resnet50_image,1g,32,warmup,6,86.1250228881836,,,MIG-183fa215-464e-5359-9394-6bca2fef6406,"18,74",
ampere,1,resnet50_image,1g,32,warmup,7,86.10323333740234,,,MIG-183fa215-464e-5359-9394-6bca2fef6406,"18,74",
ampere,1,resnet50_image,1g,32,warmup,8,86.15484619140625,,,MIG-183fa215-464e-5359-9394-6bca2fef6406,"18,74",
ampere,1,resnet50_image,1g,32,warmup,9,86.36768341064453,,,MIG-183fa215-464e-5359-9394-6bca2fef6406,"18,74",
ampere,1,resnet50_image,1g,32,sample,0,86.08780670166016,,,MIG-183fa215-464e-5359-9394-6bca2fef6406,"18,74",
ampere,1,resnet50_image,1g,32,sample,1,86.0546875,,,MIG-183fa215-464e-5359-9394-6bca2fef6406,"18,74",
ampere,1,resnet50_image,1g,32,sample,2,86.14720153808594,,,MIG-183fa215-464e-5359-9394-6bca2fef6406,"18,74",
ampere,1,resnet50_image,1g,32,sample,3,86.1635513305664,,,MIG-183fa215-464e-5359-9394-6bca2fef6406,"18,74",
ampere,1,resnet50_image,1g,32,sample,4,86.07462310791016,,,MIG-183fa215-464e-5359-9394-6bca2fef6406,"18,74",
ampere,1,resnet50_image,1g,32,sample,5,86.0975341796875,,,MIG-183fa215-464e-5359-9394-6bca2fef6406,"18,74",
ampere,1,resnet50_image,1g,32,sample,6,85.95945739746094,,,MIG-183fa215-464e-5359-9394-6bca2fef6406,"18,74",
ampere,1,resnet50_image,1g,32,sample,7,86.03488159179688,,,MIG-183fa215-464e-5359-9394-6bca2fef6406,"18,74",
ampere,1,resnet50_image,1g,32,sample,8,86.08060455322266,,,MIG-183fa215-464e-5359-9394-6bca2fef6406,"18,74",
ampere,1,resnet50_image,1g,32,sample,9,85.98812866210938,,,MIG-183fa215-464e-5359-9394-6bca2fef6406,"18,74",
ampere,1,resnet50_image,1g,32,sample,10,85.94818878173828,,,MIG-183fa215-464e-5359-9394-6bca2fef6406,"18,74",
ampere,1,resnet50_image,1g,32,sample,11,86.02153778076172,,,MIG-183fa215-464e-5359-9394-6bca2fef6406,"18,74",
ampere,1,resnet50_image,1g,32,sample,12,86.09468841552734,,,MIG-183fa215-464e-5359-9394-6bca2fef6406,"18,74",
ampere,1,resnet50_image,1g,32,sample,13,86.03206634521484,,,MIG-183fa215-464e-5359-9394-6bca2fef6406,"18,74",
ampere,1,resnet50_image,1g,32,sample,14,86.13811492919922,,,MIG-183fa215-464e-5359-9394-6bca2fef6406,"18,74",
ampere,1,resnet50_image,1g,32,sample,15,86.08697509765625,,,MIG-183fa215-464e-5359-9394-6bca2fef6406,"18,74",
ampere,1,resnet50_image,1g,32,sample,16,86.1266860961914,,,MIG-183fa215-464e-5359-9394-6bca2fef6406,"18,74",
ampere,1,resnet50_image,1g,32,sample,17,85.97245025634766,,,MIG-183fa215-464e-5359-9394-6bca2fef6406,"18,74",
ampere,1,resnet50_image,1g,32,sample,18,86.09001922607422,,,MIG-183fa215-464e-5359-9394-6bca2fef6406,"18,74",
ampere,1,resnet50_image,1g,32,sample,19,86.12493133544922,,,MIG-183fa215-464e-5359-9394-6bca2fef6406,"18,74",
ampere,1,resnet50_image,1g,32,sample,20,86.11612701416016,,,MIG-183fa215-464e-5359-9394-6bca2fef6406,"18,74",
ampere,1,resnet50_image,1g,32,sample,21,85.90505981445312,,,MIG-183fa215-464e-5359-9394-6bca2fef6406,"18,74",
ampere,1,resnet50_image,1g,32,sample,22,85.98204803466797,,,MIG-183fa215-464e-5359-9394-6bca2fef6406,"18,74",
ampere,1,resnet50_image,1g,32,sample,23,86.02601623535156,,,MIG-183fa215-464e-5359-9394-6bca2fef6406,"18,74",
ampere,1,resnet50_image,1g,32,sample,24,85.99081420898438,,,MIG-183fa215-464e-5359-9394-6bca2fef6406,"18,74",
ampere,1,resnet50_image,1g,32,sample,25,85.97132873535156,,,MIG-183fa215-464e-5359-9394-6bca2fef6406,"18,74",
ampere,1,resnet50_image,1g,32,sample,26,86.17593383789062,,,MIG-183fa215-464e-5359-9394-6bca2fef6406,"18,74",
ampere,1,resnet50_image,1g,32,sample,27,86.06454467773438,,,MIG-183fa215-464e-5359-9394-6bca2fef6406,"18,74",
ampere,1,resnet50_image,1g,32,sample,28,85.95919799804688,,,MIG-183fa215-464e-5359-9394-6bca2fef6406,"18,74",
ampere,1,resnet50_image,1g,32,sample,29,86.07283020019531,,,MIG-183fa215-464e-5359-9394-6bca2fef6406,"18,74",
ampere,1,resnet50_image,1g,32,sample,30,86.05244445800781,,,MIG-183fa215-464e-5359-9394-6bca2fef6406,"18,74",
ampere,1,resnet50_image,1g,32,sample,31,86.09590148925781,,,MIG-183fa215-464e-5359-9394-6bca2fef6406,"18,74",
ampere,1,resnet50_image,1g,32,sample,32,85.9551010131836,,,MIG-183fa215-464e-5359-9394-6bca2fef6406,"18,74",
ampere,1,resnet50_image,1g,32,sample,33,85.9152603149414,,,MIG-183fa215-464e-5359-9394-6bca2fef6406,"18,74",
ampere,1,resnet50_image,1g,32,sample,34,86.10275268554688,,,MIG-183fa215-464e-5359-9394-6bca2fef6406,"18,74",
ampere,1,resnet50_image,1g,32,sample,35,86.15673828125,,,MIG-183fa215-464e-5359-9394-6bca2fef6406,"18,74",
ampere,1,resnet50_image,1g,32,sample,36,86.07913970947266,,,MIG-183fa215-464e-5359-9394-6bca2fef6406,"18,74",
ampere,1,resnet50_image,1g,32,sample,37,86.02681732177734,,,MIG-183fa215-464e-5359-9394-6bca2fef6406,"18,74",
ampere,1,resnet50_image,1g,32,sample,38,85.91168212890625,,,MIG-183fa215-464e-5359-9394-6bca2fef6406,"18,74",
ampere,1,resnet50_image,1g,32,sample,39,86.07599639892578,,,MIG-183fa215-464e-5359-9394-6bca2fef6406,"18,74",
ampere,1,resnet50_image,1g,32,sample,40,86.09990692138672,,,MIG-183fa215-464e-5359-9394-6bca2fef6406,"18,74",
ampere,1,resnet50_image,1g,32,sample,41,86.00704193115234,,,MIG-183fa215-464e-5359-9394-6bca2fef6406,"18,74",
ampere,1,resnet50_image,1g,32,sample,42,86.08828735351562,,,MIG-183fa215-464e-5359-9394-6bca2fef6406,"18,74",
ampere,1,resnet50_image,1g,32,sample,43,86.08432006835938,,,MIG-183fa215-464e-5359-9394-6bca2fef6406,"18,74",
ampere,1,resnet50_image,1g,32,sample,44,86.09171295166016,,,MIG-183fa215-464e-5359-9394-6bca2fef6406,"18,74",
ampere,1,resnet50_image,1g,32,sample,45,86.13744354248047,,,MIG-183fa215-464e-5359-9394-6bca2fef6406,"18,74",
ampere,1,resnet50_image,1g,32,sample,46,86.16175842285156,,,MIG-183fa215-464e-5359-9394-6bca2fef6406,"18,74",
ampere,1,resnet50_image,1g,32,sample,47,86.05897521972656,,,MIG-183fa215-464e-5359-9394-6bca2fef6406,"18,74",
ampere,1,resnet50_image,1g,32,sample,48,86.0838394165039,,,MIG-183fa215-464e-5359-9394-6bca2fef6406,"18,74",
ampere,1,resnet50_image,1g,32,sample,49,86.09225463867188,,,MIG-183fa215-464e-5359-9394-6bca2fef6406,"18,74",
ampere,1,vgg16_image,1g,1,warmup,0,20.28112030029297,,,MIG-183fa215-464e-5359-9394-6bca2fef6406,"18,74",
ampere,1,vgg16_image,1g,1,warmup,1,11.421504020690918,,,MIG-183fa215-464e-5359-9394-6bca2fef6406,"18,74",
ampere,1,vgg16_image,1g,1,warmup,2,11.041728019714355,,,MIG-183fa215-464e-5359-9394-6bca2fef6406,"18,74",
ampere,1,vgg16_image,1g,1,warmup,3,11.6048002243042,,,MIG-183fa215-464e-5359-9394-6bca2fef6406,"18,74",
ampere,1,vgg16_image,1g,1,warmup,4,11.02467155456543,,,MIG-183fa215-464e-5359-9394-6bca2fef6406,"18,74",
ampere,1,vgg16_image,1g,1,warmup,5,12.681023597717285,,,MIG-183fa215-464e-5359-9394-6bca2fef6406,"18,74",
ampere,1,vgg16_image,1g,1,warmup,6,12.175328254699707,,,MIG-183fa215-464e-5359-9394-6bca2fef6406,"18,74",
ampere,1,vgg16_image,1g,1,warmup,7,10.986847877502441,,,MIG-183fa215-464e-5359-9394-6bca2fef6406,"18,74",
ampere,1,vgg16_image,1g,1,warmup,8,11.419967651367188,,,MIG-183fa215-464e-5359-9394-6bca2fef6406,"18,74",
ampere,1,vgg16_image,1g,1,warmup,9,10.987168312072754,,,MIG-183fa215-464e-5359-9394-6bca2fef6406,"18,74",
ampere,1,vgg16_image,1g,1,sample,0,11.009663581848145,,,MIG-183fa215-464e-5359-9394-6bca2fef6406,"18,74",
ampere,1,vgg16_image,1g,1,sample,1,11.032896041870117,,,MIG-183fa215-464e-5359-9394-6bca2fef6406,"18,74",
ampere,1,vgg16_image,1g,1,sample,2,11.02233600616455,,,MIG-183fa215-464e-5359-9394-6bca2fef6406,"18,74",
ampere,1,vgg16_image,1g,1,sample,3,11.81715202331543,,,MIG-183fa215-464e-5359-9394-6bca2fef6406,"18,74",
ampere,1,vgg16_image,1g,1,sample,4,10.994400024414062,,,MIG-183fa215-464e-5359-9394-6bca2fef6406,"18,74",
ampere,1,vgg16_image,1g,1,sample,5,12.667296409606934,,,MIG-183fa215-464e-5359-9394-6bca2fef6406,"18,74",
ampere,1,vgg16_image,1g,1,sample,6,17.845983505249023,,,MIG-183fa215-464e-5359-9394-6bca2fef6406,"18,74",
ampere,1,vgg16_image,1g,1,sample,7,16.04947280883789,,,MIG-183fa215-464e-5359-9394-6bca2fef6406,"18,74",
ampere,1,vgg16_image,1g,1,sample,8,12.06265640258789,,,MIG-183fa215-464e-5359-9394-6bca2fef6406,"18,74",
ampere,1,vgg16_image,1g,1,sample,9,11.012864112854004,,,MIG-183fa215-464e-5359-9394-6bca2fef6406,"18,74",
ampere,1,vgg16_image,1g,1,sample,10,12.889151573181152,,,MIG-183fa215-464e-5359-9394-6bca2fef6406,"18,74",
ampere,1,vgg16_image,1g,1,sample,11,11.013376235961914,,,MIG-183fa215-464e-5359-9394-6bca2fef6406,"18,74",
ampere,1,vgg16_image,1g,1,sample,12,11.559295654296875,,,MIG-183fa215-464e-5359-9394-6bca2fef6406,"18,74",
ampere,1,vgg16_image,1g,1,sample,13,10.991040229797363,,,MIG-183fa215-464e-5359-9394-6bca2fef6406,"18,74",
ampere,1,vgg16_image,1g,1,sample,14,10.980159759521484,,,MIG-183fa215-464e-5359-9394-6bca2fef6406,"18,74",
ampere,1,vgg16_image,1g,1,sample,15,11.832415580749512,,,MIG-183fa215-464e-5359-9394-6bca2fef6406,"18,74",
ampere,1,vgg16_image,1g,1,sample,16,10.992032051086426,,,MIG-183fa215-464e-5359-9394-6bca2fef6406,"18,74",
ampere,1,vgg16_image,1g,1,sample,17,12.234175682067871,,,MIG-183fa215-464e-5359-9394-6bca2fef6406,"18,74",
ampere,1,vgg16_image,1g,1,sample,18,11.149087905883789,,,MIG-183fa215-464e-5359-9394-6bca2fef6406,"18,74",
ampere,1,vgg16_image,1g,1,sample,19,11.350496292114258,,,MIG-183fa215-464e-5359-9394-6bca2fef6406,"18,74",
ampere,1,vgg16_image,1g,1,sample,20,10.983743667602539,,,MIG-183fa215-464e-5359-9394-6bca2fef6406,"18,74",
ampere,1,vgg16_image,1g,1,sample,21,12.890496253967285,,,MIG-183fa215-464e-5359-9394-6bca2fef6406,"18,74",
ampere,1,vgg16_image,1g,1,sample,22,12.713727951049805,,,MIG-183fa215-464e-5359-9394-6bca2fef6406,"18,74",
ampere,1,vgg16_image,1g,1,sample,23,11.007935523986816,,,MIG-183fa215-464e-5359-9394-6bca2fef6406,"18,74",
ampere,1,vgg16_image,1g,1,sample,24,12.867903709411621,,,MIG-183fa215-464e-5359-9394-6bca2fef6406,"18,74",
ampere,1,vgg16_image,1g,1,sample,25,11.350079536437988,,,MIG-183fa215-464e-5359-9394-6bca2fef6406,"18,74",
ampere,1,vgg16_image,1g,1,sample,26,12.512063980102539,,,MIG-183fa215-464e-5359-9394-6bca2fef6406,"18,74",
ampere,1,vgg16_image,1g,1,sample,27,11.006943702697754,,,MIG-183fa215-464e-5359-9394-6bca2fef6406,"18,74",
ampere,1,vgg16_image,1g,1,sample,28,11.143391609191895,,,MIG-183fa215-464e-5359-9394-6bca2fef6406,"18,74",
ampere,1,vgg16_image,1g,1,sample,29,11.026752471923828,,,MIG-183fa215-464e-5359-9394-6bca2fef6406,"18,74",
ampere,1,vgg16_image,1g,1,sample,30,11.713279724121094,,,MIG-183fa215-464e-5359-9394-6bca2fef6406,"18,74",
ampere,1,vgg16_image,1g,1,sample,31,10.997376441955566,,,MIG-183fa215-464e-5359-9394-6bca2fef6406,"18,74",
ampere,1,vgg16_image,1g,1,sample,32,10.994751930236816,,,MIG-183fa215-464e-5359-9394-6bca2fef6406,"18,74",
ampere,1,vgg16_image,1g,1,sample,33,11.771136283874512,,,MIG-183fa215-464e-5359-9394-6bca2fef6406,"18,74",
ampere,1,vgg16_image,1g,1,sample,34,11.237119674682617,,,MIG-183fa215-464e-5359-9394-6bca2fef6406,"18,74",
ampere,1,vgg16_image,1g,1,sample,35,11.611231803894043,,,MIG-183fa215-464e-5359-9394-6bca2fef6406,"18,74",
ampere,1,vgg16_image,1g,1,sample,36,12.299712181091309,,,MIG-183fa215-464e-5359-9394-6bca2fef6406,"18,74",
ampere,1,vgg16_image,1g,1,sample,37,11.005632400512695,,,MIG-183fa215-464e-5359-9394-6bca2fef6406,"18,74",
ampere,1,vgg16_image,1g,1,sample,38,11.005279541015625,,,MIG-183fa215-464e-5359-9394-6bca2fef6406,"18,74",
ampere,1,vgg16_image,1g,1,sample,39,12.54860782623291,,,MIG-183fa215-464e-5359-9394-6bca2fef6406,"18,74",
ampere,1,vgg16_image,1g,1,sample,40,11.010016441345215,,,MIG-183fa215-464e-5359-9394-6bca2fef6406,"18,74",
ampere,1,vgg16_image,1g,1,sample,41,11.941120147705078,,,MIG-183fa215-464e-5359-9394-6bca2fef6406,"18,74",
ampere,1,vgg16_image,1g,1,sample,42,10.998496055603027,,,MIG-183fa215-464e-5359-9394-6bca2fef6406,"18,74",
ampere,1,vgg16_image,1g,1,sample,43,12.958463668823242,,,MIG-183fa215-464e-5359-9394-6bca2fef6406,"18,74",
ampere,1,vgg16_image,1g,1,sample,44,10.991680145263672,,,MIG-183fa215-464e-5359-9394-6bca2fef6406,"18,74",
ampere,1,vgg16_image,1g,1,sample,45,11.548543930053711,,,MIG-183fa215-464e-5359-9394-6bca2fef6406,"18,74",
ampere,1,vgg16_image,1g,1,sample,46,11.085087776184082,,,MIG-183fa215-464e-5359-9394-6bca2fef6406,"18,74",
ampere,1,vgg16_image,1g,1,sample,47,11.180607795715332,,,MIG-183fa215-464e-5359-9394-6bca2fef6406,"18,74",
ampere,1,vgg16_image,1g,1,sample,48,10.999263763427734,,,MIG-183fa215-464e-5359-9394-6bca2fef6406,"18,74",
ampere,1,vgg16_image,1g,1,sample,49,12.711711883544922,,,MIG-183fa215-464e-5359-9394-6bca2fef6406,"18,74",
ampere,1,vgg16_image,1g,4,warmup,0,29.09404754638672,,,MIG-183fa215-464e-5359-9394-6bca2fef6406,"18,74",
ampere,1,vgg16_image,1g,4,warmup,1,22.35807991027832,,,MIG-183fa215-464e-5359-9394-6bca2fef6406,"18,74",
ampere,1,vgg16_image,1g,4,warmup,2,22.349952697753906,,,MIG-183fa215-464e-5359-9394-6bca2fef6406,"18,74",
ampere,1,vgg16_image,1g,4,warmup,3,22.39676856994629,,,MIG-183fa215-464e-5359-9394-6bca2fef6406,"18,74",
ampere,1,vgg16_image,1g,4,warmup,4,22.42892837524414,,,MIG-183fa215-464e-5359-9394-6bca2fef6406,"18,74",
ampere,1,vgg16_image,1g,4,warmup,5,22.40652847290039,,,MIG-183fa215-464e-5359-9394-6bca2fef6406,"18,74",
ampere,1,vgg16_image,1g,4,warmup,6,22.40652847290039,,,MIG-183fa215-464e-5359-9394-6bca2fef6406,"18,74",
ampere,1,vgg16_image,1g,4,warmup,7,22.408607482910156,,,MIG-183fa215-464e-5359-9394-6bca2fef6406,"18,74",
ampere,1,vgg16_image,1g,4,warmup,8,22.424224853515625,,,MIG-183fa215-464e-5359-9394-6bca2fef6406,"18,74",
ampere,1,vgg16_image,1g,4,warmup,9,22.479936599731445,,,MIG-183fa215-464e-5359-9394-6bca2fef6406,"18,74",
ampere,1,vgg16_image,1g,4,sample,0,22.390399932861328,,,MIG-183fa215-464e-5359-9394-6bca2fef6406,"18,74",
ampere,1,vgg16_image,1g,4,sample,1,22.364608764648438,,,MIG-183fa215-464e-5359-9394-6bca2fef6406,"18,74",
ampere,1,vgg16_image,1g,4,sample,2,22.365888595581055,,,MIG-183fa215-464e-5359-9394-6bca2fef6406,"18,74",
ampere,1,vgg16_image,1g,4,sample,3,22.358816146850586,,,MIG-183fa215-464e-5359-9394-6bca2fef6406,"18,74",
ampere,1,vgg16_image,1g,4,sample,4,22.364255905151367,,,MIG-183fa215-464e-5359-9394-6bca2fef6406,"18,74",
ampere,1,vgg16_image,1g,4,sample,5,22.357952117919922,,,MIG-183fa215-464e-5359-9394-6bca2fef6406,"18,74",
ampere,1,vgg16_image,1g,4,sample,6,22.35100746154785,,,MIG-183fa215-464e-5359-9394-6bca2fef6406,"18,74",
ampere,1,vgg16_image,1g,4,sample,7,22.464895248413086,,,MIG-183fa215-464e-5359-9394-6bca2fef6406,"18,74",
ampere,1,vgg16_image,1g,4,sample,8,22.448320388793945,,,MIG-183fa215-464e-5359-9394-6bca2fef6406,"18,74",
ampere,1,vgg16_image,1g,4,sample,9,22.573183059692383,,,MIG-183fa215-464e-5359-9394-6bca2fef6406,"18,74",
ampere,1,vgg16_image,1g,4,sample,10,22.342815399169922,,,MIG-183fa215-464e-5359-9394-6bca2fef6406,"18,74",
ampere,1,vgg16_image,1g,4,sample,11,22.36684799194336,,,MIG-183fa215-464e-5359-9394-6bca2fef6406,"18,74",
ampere,1,vgg16_image,1g,4,sample,12,22.368288040161133,,,MIG-183fa215-464e-5359-9394-6bca2fef6406,"18,74",
ampere,1,vgg16_image,1g,4,sample,13,22.351295471191406,,,MIG-183fa215-464e-5359-9394-6bca2fef6406,"18,74",
ampere,1,vgg16_image,1g,4,sample,14,22.359455108642578,,,MIG-183fa215-464e-5359-9394-6bca2fef6406,"18,74",
ampere,1,vgg16_image,1g,4,sample,15,22.35603141784668,,,MIG-183fa215-464e-5359-9394-6bca2fef6406,"18,74",
ampere,1,vgg16_image,1g,4,sample,16,22.358335494995117,,,MIG-183fa215-464e-5359-9394-6bca2fef6406,"18,74",
ampere,1,vgg16_image,1g,4,sample,17,22.360767364501953,,,MIG-183fa215-464e-5359-9394-6bca2fef6406,"18,74",
ampere,1,vgg16_image,1g,4,sample,18,22.391103744506836,,,MIG-183fa215-464e-5359-9394-6bca2fef6406,"18,74",
ampere,1,vgg16_image,1g,4,sample,19,22.585248947143555,,,MIG-183fa215-464e-5359-9394-6bca2fef6406,"18,74",
ampere,1,vgg16_image,1g,4,sample,20,22.403263092041016,,,MIG-183fa215-464e-5359-9394-6bca2fef6406,"18,74",
ampere,1,vgg16_image,1g,4,sample,21,22.56697654724121,,,MIG-183fa215-464e-5359-9394-6bca2fef6406,"18,74",
ampere,1,vgg16_image,1g,4,sample,22,22.386207580566406,,,MIG-183fa215-464e-5359-9394-6bca2fef6406,"18,74",
ampere,1,vgg16_image,1g,4,sample,23,22.46892738342285,,,MIG-183fa215-464e-5359-9394-6bca2fef6406,"18,74",
ampere,1,vgg16_image,1g,4,sample,24,22.53104019165039,,,MIG-183fa215-464e-5359-9394-6bca2fef6406,"18,74",
ampere,1,vgg16_image,1g,4,sample,25,22.449792861938477,,,MIG-183fa215-464e-5359-9394-6bca2fef6406,"18,74",
ampere,1,vgg16_image,1g,4,sample,26,22.417024612426758,,,MIG-183fa215-464e-5359-9394-6bca2fef6406,"18,74",
ampere,1,vgg16_image,1g,4,sample,27,22.42144012451172,,,MIG-183fa215-464e-5359-9394-6bca2fef6406,"18,74",
ampere,1,vgg16_image,1g,4,sample,28,22.400928497314453,,,MIG-183fa215-464e-5359-9394-6bca2fef6406,"18,74",
ampere,1,vgg16_image,1g,4,sample,29,22.431360244750977,,,MIG-183fa215-464e-5359-9394-6bca2fef6406,"18,74",
ampere,1,vgg16_image,1g,4,sample,30,22.42995262145996,,,MIG-183fa215-464e-5359-9394-6bca2fef6406,"18,74",
ampere,1,vgg16_image,1g,4,sample,31,22.356704711914062,,,MIG-183fa215-464e-5359-9394-6bca2fef6406,"18,74",
ampere,1,vgg16_image,1g,4,sample,32,22.346336364746094,,,MIG-183fa215-464e-5359-9394-6bca2fef6406,"18,74",
ampere,1,vgg16_image,1g,4,sample,33,22.356576919555664,,,MIG-183fa215-464e-5359-9394-6bca2fef6406,"18,74",
ampere,1,vgg16_image,1g,4,sample,34,22.360448837280273,,,MIG-183fa215-464e-5359-9394-6bca2fef6406,"18,74",
ampere,1,vgg16_image,1g,4,sample,35,22.34444808959961,,,MIG-183fa215-464e-5359-9394-6bca2fef6406,"18,74",
ampere,1,vgg16_image,1g,4,sample,36,22.557632446289062,,,MIG-183fa215-464e-5359-9394-6bca2fef6406,"18,74",
ampere,1,vgg16_image,1g,4,sample,37,22.43974494934082,,,MIG-183fa215-464e-5359-9394-6bca2fef6406,"18,74",
ampere,1,vgg16_image,1g,4,sample,38,22.548320770263672,,,MIG-183fa215-464e-5359-9394-6bca2fef6406,"18,74",
ampere,1,vgg16_image,1g,4,sample,39,22.388032913208008,,,MIG-183fa215-464e-5359-9394-6bca2fef6406,"18,74",
ampere,1,vgg16_image,1g,4,sample,40,22.406496047973633,,,MIG-183fa215-464e-5359-9394-6bca2fef6406,"18,74",
ampere,1,vgg16_image,1g,4,sample,41,22.418495178222656,,,MIG-183fa215-464e-5359-9394-6bca2fef6406,"18,74",
ampere,1,vgg16_image,1g,4,sample,42,22.404991149902344,,,MIG-183fa215-464e-5359-9394-6bca2fef6406,"18,74",
ampere,1,vgg16_image,1g,4,sample,43,22.416608810424805,,,MIG-183fa215-464e-5359-9394-6bca2fef6406,"18,74",
ampere,1,vgg16_image,1g,4,sample,44,22.423168182373047,,,MIG-183fa215-464e-5359-9394-6bca2fef6406,"18,74",
ampere,1,vgg16_image,1g,4,sample,45,22.576128005981445,,,MIG-183fa215-464e-5359-9394-6bca2fef6406,"18,74",
ampere,1,vgg16_image,1g,4,sample,46,22.415008544921875,,,MIG-183fa215-464e-5359-9394-6bca2fef6406,"18,74",
ampere,1,vgg16_image,1g,4,sample,47,22.358144760131836,,,MIG-183fa215-464e-5359-9394-6bca2fef6406,"18,74",
ampere,1,vgg16_image,1g,4,sample,48,22.427520751953125,,,MIG-183fa215-464e-5359-9394-6bca2fef6406,"18,74",
ampere,1,vgg16_image,1g,4,sample,49,22.455936431884766,,,MIG-183fa215-464e-5359-9394-6bca2fef6406,"18,74",
ampere,1,vgg16_image,1g,16,warmup,0,69.86041259765625,,,MIG-183fa215-464e-5359-9394-6bca2fef6406,"18,74",
ampere,1,vgg16_image,1g,16,warmup,1,68.01193237304688,,,MIG-183fa215-464e-5359-9394-6bca2fef6406,"18,74",
ampere,1,vgg16_image,1g,16,warmup,2,68.03340911865234,,,MIG-183fa215-464e-5359-9394-6bca2fef6406,"18,74",
ampere,1,vgg16_image,1g,16,warmup,3,67.82256317138672,,,MIG-183fa215-464e-5359-9394-6bca2fef6406,"18,74",
ampere,1,vgg16_image,1g,16,warmup,4,67.71778869628906,,,MIG-183fa215-464e-5359-9394-6bca2fef6406,"18,74",
ampere,1,vgg16_image,1g,16,warmup,5,67.72041320800781,,,MIG-183fa215-464e-5359-9394-6bca2fef6406,"18,74",
ampere,1,vgg16_image,1g,16,warmup,6,67.99219512939453,,,MIG-183fa215-464e-5359-9394-6bca2fef6406,"18,74",
ampere,1,vgg16_image,1g,16,warmup,7,67.99811553955078,,,MIG-183fa215-464e-5359-9394-6bca2fef6406,"18,74",
ampere,1,vgg16_image,1g,16,warmup,8,67.92467498779297,,,MIG-183fa215-464e-5359-9394-6bca2fef6406,"18,74",
ampere,1,vgg16_image,1g,16,warmup,9,67.757568359375,,,MIG-183fa215-464e-5359-9394-6bca2fef6406,"18,74",
ampere,1,vgg16_image,1g,16,sample,0,67.77446746826172,,,MIG-183fa215-464e-5359-9394-6bca2fef6406,"18,74",
ampere,1,vgg16_image,1g,16,sample,1,67.75347137451172,,,MIG-183fa215-464e-5359-9394-6bca2fef6406,"18,74",
ampere,1,vgg16_image,1g,16,sample,2,67.74771118164062,,,MIG-183fa215-464e-5359-9394-6bca2fef6406,"18,74",
ampere,1,vgg16_image,1g,16,sample,3,67.96656036376953,,,MIG-183fa215-464e-5359-9394-6bca2fef6406,"18,74",
ampere,1,vgg16_image,1g,16,sample,4,67.81603240966797,,,MIG-183fa215-464e-5359-9394-6bca2fef6406,"18,74",
ampere,1,vgg16_image,1g,16,sample,5,68.02070617675781,,,MIG-183fa215-464e-5359-9394-6bca2fef6406,"18,74",
ampere,1,vgg16_image,1g,16,sample,6,67.73628997802734,,,MIG-183fa215-464e-5359-9394-6bca2fef6406,"18,74",
ampere,1,vgg16_image,1g,16,sample,7,67.76592254638672,,,MIG-183fa215-464e-5359-9394-6bca2fef6406,"18,74",
ampere,1,vgg16_image,1g,16,sample,8,67.75721740722656,,,MIG-183fa215-464e-5359-9394-6bca2fef6406,"18,74",
ampere,1,vgg16_image,1g,16,sample,9,67.95132446289062,,,MIG-183fa215-464e-5359-9394-6bca2fef6406,"18,74",
ampere,1,vgg16_image,1g,16,sample,10,67.73462677001953,,,MIG-183fa215-464e-5359-9394-6bca2fef6406,"18,74",
ampere,1,vgg16_image,1g,16,sample,11,67.76700592041016,,,MIG-183fa215-464e-5359-9394-6bca2fef6406,"18,74",
ampere,1,vgg16_image,1g,16,sample,12,67.71871948242188,,,MIG-183fa215-464e-5359-9394-6bca2fef6406,"18,74",
ampere,1,vgg16_image,1g,16,sample,13,67.76383972167969,,,MIG-183fa215-464e-5359-9394-6bca2fef6406,"18,74",
ampere,1,vgg16_image,1g,16,sample,14,67.73241424560547,,,MIG-183fa215-464e-5359-9394-6bca2fef6406,"18,74",
ampere,1,vgg16_image,1g,16,sample,15,67.7594223022461,,,MIG-183fa215-464e-5359-9394-6bca2fef6406,"18,74",
ampere,1,vgg16_image,1g,16,sample,16,67.71830749511719,,,MIG-183fa215-464e-5359-9394-6bca2fef6406,"18,74",
ampere,1,vgg16_image,1g,16,sample,17,67.90444946289062,,,MIG-183fa215-464e-5359-9394-6bca2fef6406,"18,74",
ampere,1,vgg16_image,1g,16,sample,18,67.79766082763672,,,MIG-183fa215-464e-5359-9394-6bca2fef6406,"18,74",
ampere,1,vgg16_image,1g,16,sample,19,67.75984191894531,,,MIG-183fa215-464e-5359-9394-6bca2fef6406,"18,74",
ampere,1,vgg16_image,1g,16,sample,20,67.77059173583984,,,MIG-183fa215-464e-5359-9394-6bca2fef6406,"18,74",
ampere,1,vgg16_image,1g,16,sample,21,67.70508575439453,,,MIG-183fa215-464e-5359-9394-6bca2fef6406,"18,74",
ampere,1,vgg16_image,1g,16,sample,22,67.73709106445312,,,MIG-183fa215-464e-5359-9394-6bca2fef6406,"18,74",
ampere,1,vgg16_image,1g,16,sample,23,67.71609497070312,,,MIG-183fa215-464e-5359-9394-6bca2fef6406,"18,74",
ampere,1,vgg16_image,1g,16,sample,24,67.8403549194336,,,MIG-183fa215-464e-5359-9394-6bca2fef6406,"18,74",
ampere,1,vgg16_image,1g,16,sample,25,67.73241424560547,,,MIG-183fa215-464e-5359-9394-6bca2fef6406,"18,74",
ampere,1,vgg16_image,1g,16,sample,26,67.72921752929688,,,MIG-183fa215-464e-5359-9394-6bca2fef6406,"18,74",
ampere,1,vgg16_image,1g,16,sample,27,67.73474884033203,,,MIG-183fa215-464e-5359-9394-6bca2fef6406,"18,74",
ampere,1,vgg16_image,1g,16,sample,28,67.7298583984375,,,MIG-183fa215-464e-5359-9394-6bca2fef6406,"18,74",
ampere,1,vgg16_image,1g,16,sample,29,67.73033905029297,,,MIG-183fa215-464e-5359-9394-6bca2fef6406,"18,74",
ampere,1,vgg16_image,1g,16,sample,30,67.77737426757812,,,MIG-183fa215-464e-5359-9394-6bca2fef6406,"18,74",
ampere,1,vgg16_image,1g,16,sample,31,67.87945556640625,,,MIG-183fa215-464e-5359-9394-6bca2fef6406,"18,74",
ampere,1,vgg16_image,1g,16,sample,32,67.75059509277344,,,MIG-183fa215-464e-5359-9394-6bca2fef6406,"18,74",
ampere,1,vgg16_image,1g,16,sample,33,67.88130950927734,,,MIG-183fa215-464e-5359-9394-6bca2fef6406,"18,74",
ampere,1,vgg16_image,1g,16,sample,34,67.77113342285156,,,MIG-183fa215-464e-5359-9394-6bca2fef6406,"18,74",
ampere,1,vgg16_image,1g,16,sample,35,67.75164794921875,,,MIG-183fa215-464e-5359-9394-6bca2fef6406,"18,74",
ampere,1,vgg16_image,1g,16,sample,36,67.73395538330078,,,MIG-183fa215-464e-5359-9394-6bca2fef6406,"18,74",
ampere,1,vgg16_image,1g,16,sample,37,67.76847839355469,,,MIG-183fa215-464e-5359-9394-6bca2fef6406,"18,74",
ampere,1,vgg16_image,1g,16,sample,38,67.70829010009766,,,MIG-183fa215-464e-5359-9394-6bca2fef6406,"18,74",
ampere,1,vgg16_image,1g,16,sample,39,67.74172973632812,,,MIG-183fa215-464e-5359-9394-6bca2fef6406,"18,74",
ampere,1,vgg16_image,1g,16,sample,40,67.88601684570312,,,MIG-183fa215-464e-5359-9394-6bca2fef6406,"18,74",
ampere,1,vgg16_image,1g,16,sample,41,67.74797058105469,,,MIG-183fa215-464e-5359-9394-6bca2fef6406,"18,74",
ampere,1,vgg16_image,1g,16,sample,42,67.75910186767578,,,MIG-183fa215-464e-5359-9394-6bca2fef6406,"18,74",
ampere,1,vgg16_image,1g,16,sample,43,67.7213134765625,,,MIG-183fa215-464e-5359-9394-6bca2fef6406,"18,74",
ampere,1,vgg16_image,1g,16,sample,44,67.77123260498047,,,MIG-183fa215-464e-5359-9394-6bca2fef6406,"18,74",
ampere,1,vgg16_image,1g,16,sample,45,67.81017303466797,,,MIG-183fa215-464e-5359-9394-6bca2fef6406,"18,74",
ampere,1,vgg16_image,1g,16,sample,46,67.97062683105469,,,MIG-183fa215-464e-5359-9394-6bca2fef6406,"18,74",
ampere,1,vgg16_image,1g,16,sample,47,67.9978256225586,,,MIG-183fa215-464e-5359-9394-6bca2fef6406,"18,74",
ampere,1,vgg16_image,1g,16,sample,48,67.85084533691406,,,MIG-183fa215-464e-5359-9394-6bca2fef6406,"18,74",
ampere,1,vgg16_image,1g,16,sample,49,67.74066925048828,,,MIG-183fa215-464e-5359-9394-6bca2fef6406,"18,74",
ampere,1,vit_base_image,1g,1,warmup,0,25.710399627685547,,,MIG-183fa215-464e-5359-9394-6bca2fef6406,"18,74",
ampere,1,vit_base_image,1g,1,warmup,1,20.396032333374023,,,MIG-183fa215-464e-5359-9394-6bca2fef6406,"18,74",
ampere,1,vit_base_image,1g,1,warmup,2,20.261184692382812,,,MIG-183fa215-464e-5359-9394-6bca2fef6406,"18,74",
ampere,1,vit_base_image,1g,1,warmup,3,20.18351936340332,,,MIG-183fa215-464e-5359-9394-6bca2fef6406,"18,74",
ampere,1,vit_base_image,1g,1,warmup,4,20.15555191040039,,,MIG-183fa215-464e-5359-9394-6bca2fef6406,"18,74",
ampere,1,vit_base_image,1g,1,warmup,5,20.283615112304688,,,MIG-183fa215-464e-5359-9394-6bca2fef6406,"18,74",
ampere,1,vit_base_image,1g,1,warmup,6,20.144672393798828,,,MIG-183fa215-464e-5359-9394-6bca2fef6406,"18,74",
ampere,1,vit_base_image,1g,1,warmup,7,20.16499137878418,,,MIG-183fa215-464e-5359-9394-6bca2fef6406,"18,74",
ampere,1,vit_base_image,1g,1,warmup,8,20.346847534179688,,,MIG-183fa215-464e-5359-9394-6bca2fef6406,"18,74",
ampere,1,vit_base_image,1g,1,warmup,9,20.161312103271484,,,MIG-183fa215-464e-5359-9394-6bca2fef6406,"18,74",
ampere,1,vit_base_image,1g,1,sample,0,20.15996742248535,,,MIG-183fa215-464e-5359-9394-6bca2fef6406,"18,74",
ampere,1,vit_base_image,1g,1,sample,1,20.16281509399414,,,MIG-183fa215-464e-5359-9394-6bca2fef6406,"18,74",
ampere,1,vit_base_image,1g,1,sample,2,20.24166488647461,,,MIG-183fa215-464e-5359-9394-6bca2fef6406,"18,74",
ampere,1,vit_base_image,1g,1,sample,3,20.16441535949707,,,MIG-183fa215-464e-5359-9394-6bca2fef6406,"18,74",
ampere,1,vit_base_image,1g,1,sample,4,20.160959243774414,,,MIG-183fa215-464e-5359-9394-6bca2fef6406,"18,74",
ampere,1,vit_base_image,1g,1,sample,5,20.161056518554688,,,MIG-183fa215-464e-5359-9394-6bca2fef6406,"18,74",
ampere,1,vit_base_image,1g,1,sample,6,20.156736373901367,,,MIG-183fa215-464e-5359-9394-6bca2fef6406,"18,74",
ampere,1,vit_base_image,1g,1,sample,7,20.150367736816406,,,MIG-183fa215-464e-5359-9394-6bca2fef6406,"18,74",
ampere,1,vit_base_image,1g,1,sample,8,20.196672439575195,,,MIG-183fa215-464e-5359-9394-6bca2fef6406,"18,74",
ampere,1,vit_base_image,1g,1,sample,9,20.168832778930664,,,MIG-183fa215-464e-5359-9394-6bca2fef6406,"18,74",
ampere,1,vit_base_image,1g,1,sample,10,20.1713924407959,,,MIG-183fa215-464e-5359-9394-6bca2fef6406,"18,74",
ampere,1,vit_base_image,1g,1,sample,11,20.154720306396484,,,MIG-183fa215-464e-5359-9394-6bca2fef6406,"18,74",
ampere,1,vit_base_image,1g,1,sample,12,20.191295623779297,,,MIG-183fa215-464e-5359-9394-6bca2fef6406,"18,74",
ampere,1,vit_base_image,1g,1,sample,13,20.192031860351562,,,MIG-183fa215-464e-5359-9394-6bca2fef6406,"18,74",
ampere,1,vit_base_image,1g,1,sample,14,20.32352066040039,,,MIG-183fa215-464e-5359-9394-6bca2fef6406,"18,74",
ampere,1,vit_base_image,1g,1,sample,15,20.28892707824707,,,MIG-183fa215-464e-5359-9394-6bca2fef6406,"18,74",
ampere,1,vit_base_image,1g,1,sample,16,20.279104232788086,,,MIG-183fa215-464e-5359-9394-6bca2fef6406,"18,74",
ampere,1,vit_base_image,1g,1,sample,17,20.190975189208984,,,MIG-183fa215-464e-5359-9394-6bca2fef6406,"18,74",
ampere,1,vit_base_image,1g,1,sample,18,20.163583755493164,,,MIG-183fa215-464e-5359-9394-6bca2fef6406,"18,74",
ampere,1,vit_base_image,1g,1,sample,19,20.154464721679688,,,MIG-183fa215-464e-5359-9394-6bca2fef6406,"18,74",
ampere,1,vit_base_image,1g,1,sample,20,20.18115234375,,,MIG-183fa215-464e-5359-9394-6bca2fef6406,"18,74",
ampere,1,vit_base_image,1g,1,sample,21,20.163232803344727,,,MIG-183fa215-464e-5359-9394-6bca2fef6406,"18,74",
ampere,1,vit_base_image,1g,1,sample,22,20.15235137939453,,,MIG-183fa215-464e-5359-9394-6bca2fef6406,"18,74",
ampere,1,vit_base_image,1g,1,sample,23,20.326879501342773,,,MIG-183fa215-464e-5359-9394-6bca2fef6406,"18,74",
ampere,1,vit_base_image,1g,1,sample,24,20.258527755737305,,,MIG-183fa215-464e-5359-9394-6bca2fef6406,"18,74",
ampere,1,vit_base_image,1g,1,sample,25,20.19500732421875,,,MIG-183fa215-464e-5359-9394-6bca2fef6406,"18,74",
ampere,1,vit_base_image,1g,1,sample,26,20.183391571044922,,,MIG-183fa215-464e-5359-9394-6bca2fef6406,"18,74",
ampere,1,vit_base_image,1g,1,sample,27,20.16044807434082,,,MIG-183fa215-464e-5359-9394-6bca2fef6406,"18,74",
ampere,1,vit_base_image,1g,1,sample,28,20.16111946105957,,,MIG-183fa215-464e-5359-9394-6bca2fef6406,"18,74",
ampere,1,vit_base_image,1g,1,sample,29,20.15452766418457,,,MIG-183fa215-464e-5359-9394-6bca2fef6406,"18,74",
ampere,1,vit_base_image,1g,1,sample,30,20.162303924560547,,,MIG-183fa215-464e-5359-9394-6bca2fef6406,"18,74",
ampere,1,vit_base_image,1g,1,sample,31,20.177536010742188,,,MIG-183fa215-464e-5359-9394-6bca2fef6406,"18,74",
ampere,1,vit_base_image,1g,1,sample,32,20.154399871826172,,,MIG-183fa215-464e-5359-9394-6bca2fef6406,"18,74",
ampere,1,vit_base_image,1g,1,sample,33,20.169824600219727,,,MIG-183fa215-464e-5359-9394-6bca2fef6406,"18,74",
ampere,1,vit_base_image,1g,1,sample,34,20.229631423950195,,,MIG-183fa215-464e-5359-9394-6bca2fef6406,"18,74",
ampere,1,vit_base_image,1g,1,sample,35,20.16044807434082,,,MIG-183fa215-464e-5359-9394-6bca2fef6406,"18,74",
ampere,1,vit_base_image,1g,1,sample,36,20.160064697265625,,,MIG-183fa215-464e-5359-9394-6bca2fef6406,"18,74",
ampere,1,vit_base_image,1g,1,sample,37,20.145824432373047,,,MIG-183fa215-464e-5359-9394-6bca2fef6406,"18,74",
ampere,1,vit_base_image,1g,1,sample,38,20.1582088470459,,,MIG-183fa215-464e-5359-9394-6bca2fef6406,"18,74",
ampere,1,vit_base_image,1g,1,sample,39,20.150175094604492,,,MIG-183fa215-464e-5359-9394-6bca2fef6406,"18,74",
ampere,1,vit_base_image,1g,1,sample,40,20.159168243408203,,,MIG-183fa215-464e-5359-9394-6bca2fef6406,"18,74",
ampere,1,vit_base_image,1g,1,sample,41,20.160383224487305,,,MIG-183fa215-464e-5359-9394-6bca2fef6406,"18,74",
ampere,1,vit_base_image,1g,1,sample,42,20.149824142456055,,,MIG-183fa215-464e-5359-9394-6bca2fef6406,"18,74",
ampere,1,vit_base_image,1g,1,sample,43,20.203264236450195,,,MIG-183fa215-464e-5359-9394-6bca2fef6406,"18,74",
ampere,1,vit_base_image,1g,1,sample,44,20.181760787963867,,,MIG-183fa215-464e-5359-9394-6bca2fef6406,"18,74",
ampere,1,vit_base_image,1g,1,sample,45,20.156831741333008,,,MIG-183fa215-464e-5359-9394-6bca2fef6406,"18,74",
ampere,1,vit_base_image,1g,1,sample,46,20.158592224121094,,,MIG-183fa215-464e-5359-9394-6bca2fef6406,"18,74",
ampere,1,vit_base_image,1g,1,sample,47,20.201919555664062,,,MIG-183fa215-464e-5359-9394-6bca2fef6406,"18,74",
ampere,1,vit_base_image,1g,1,sample,48,20.302303314208984,,,MIG-183fa215-464e-5359-9394-6bca2fef6406,"18,74",
ampere,1,vit_base_image,1g,1,sample,49,20.2989444732666,,,MIG-183fa215-464e-5359-9394-6bca2fef6406,"18,74",
ampere,1,vit_base_image,1g,4,warmup,0,82.98406219482422,,,MIG-183fa215-464e-5359-9394-6bca2fef6406,"18,74",
ampere,1,vit_base_image,1g,4,warmup,1,72.26054382324219,,,MIG-183fa215-464e-5359-9394-6bca2fef6406,"18,74",
ampere,1,vit_base_image,1g,4,warmup,2,71.73487854003906,,,MIG-183fa215-464e-5359-9394-6bca2fef6406,"18,74",
ampere,1,vit_base_image,1g,4,warmup,3,71.77964782714844,,,MIG-183fa215-464e-5359-9394-6bca2fef6406,"18,74",
ampere,1,vit_base_image,1g,4,warmup,4,71.86646270751953,,,MIG-183fa215-464e-5359-9394-6bca2fef6406,"18,74",
ampere,1,vit_base_image,1g,4,warmup,5,71.79318237304688,,,MIG-183fa215-464e-5359-9394-6bca2fef6406,"18,74",
ampere,1,vit_base_image,1g,4,warmup,6,71.80770874023438,,,MIG-183fa215-464e-5359-9394-6bca2fef6406,"18,74",
ampere,1,vit_base_image,1g,4,warmup,7,71.75174713134766,,,MIG-183fa215-464e-5359-9394-6bca2fef6406,"18,74",
ampere,1,vit_base_image,1g,4,warmup,8,71.74486541748047,,,MIG-183fa215-464e-5359-9394-6bca2fef6406,"18,74",
ampere,1,vit_base_image,1g,4,warmup,9,71.74105834960938,,,MIG-183fa215-464e-5359-9394-6bca2fef6406,"18,74",
ampere,1,vit_base_image,1g,4,sample,0,71.80608367919922,,,MIG-183fa215-464e-5359-9394-6bca2fef6406,"18,74",
ampere,1,vit_base_image,1g,4,sample,1,71.80406188964844,,,MIG-183fa215-464e-5359-9394-6bca2fef6406,"18,74",
ampere,1,vit_base_image,1g,4,sample,2,71.73747253417969,,,MIG-183fa215-464e-5359-9394-6bca2fef6406,"18,74",
ampere,1,vit_base_image,1g,4,sample,3,71.75513458251953,,,MIG-183fa215-464e-5359-9394-6bca2fef6406,"18,74",
ampere,1,vit_base_image,1g,4,sample,4,71.74678039550781,,,MIG-183fa215-464e-5359-9394-6bca2fef6406,"18,74",
ampere,1,vit_base_image,1g,4,sample,5,71.80191802978516,,,MIG-183fa215-464e-5359-9394-6bca2fef6406,"18,74",
ampere,1,vit_base_image,1g,4,sample,6,71.78463745117188,,,MIG-183fa215-464e-5359-9394-6bca2fef6406,"18,74",
ampere,1,vit_base_image,1g,4,sample,7,71.83897399902344,,,MIG-183fa215-464e-5359-9394-6bca2fef6406,"18,74",
ampere,1,vit_base_image,1g,4,sample,8,71.77616119384766,,,MIG-183fa215-464e-5359-9394-6bca2fef6406,"18,74",
ampere,1,vit_base_image,1g,4,sample,9,71.76866912841797,,,MIG-183fa215-464e-5359-9394-6bca2fef6406,"18,74",
ampere,1,vit_base_image,1g,4,sample,10,71.76249694824219,,,MIG-183fa215-464e-5359-9394-6bca2fef6406,"18,74",
ampere,1,vit_base_image,1g,4,sample,11,71.7248306274414,,,MIG-183fa215-464e-5359-9394-6bca2fef6406,"18,74",
ampere,1,vit_base_image,1g,4,sample,12,71.89683532714844,,,MIG-183fa215-464e-5359-9394-6bca2fef6406,"18,74",
ampere,1,vit_base_image,1g,4,sample,13,71.75030517578125,,,MIG-183fa215-464e-5359-9394-6bca2fef6406,"18,74",
ampere,1,vit_base_image,1g,4,sample,14,71.72268676757812,,,MIG-183fa215-464e-5359-9394-6bca2fef6406,"18,74",
ampere,1,vit_base_image,1g,4,sample,15,71.77315521240234,,,MIG-183fa215-464e-5359-9394-6bca2fef6406,"18,74",
ampere,1,vit_base_image,1g,4,sample,16,71.7656021118164,,,MIG-183fa215-464e-5359-9394-6bca2fef6406,"18,74",
ampere,1,vit_base_image,1g,4,sample,17,71.74137878417969,,,MIG-183fa215-464e-5359-9394-6bca2fef6406,"18,74",
ampere,1,vit_base_image,1g,4,sample,18,71.7465591430664,,,MIG-183fa215-464e-5359-9394-6bca2fef6406,"18,74",
ampere,1,vit_base_image,1g,4,sample,19,71.75823974609375,,,MIG-183fa215-464e-5359-9394-6bca2fef6406,"18,74",
ampere,1,vit_base_image,1g,4,sample,20,71.79190063476562,,,MIG-183fa215-464e-5359-9394-6bca2fef6406,"18,74",
ampere,1,vit_base_image,1g,4,sample,21,71.79116821289062,,,MIG-183fa215-464e-5359-9394-6bca2fef6406,"18,74",
ampere,1,vit_base_image,1g,4,sample,22,71.76547241210938,,,MIG-183fa215-464e-5359-9394-6bca2fef6406,"18,74",
ampere,1,vit_base_image,1g,4,sample,23,71.7557144165039,,,MIG-183fa215-464e-5359-9394-6bca2fef6406,"18,74",
ampere,1,vit_base_image,1g,4,sample,24,71.77257537841797,,,MIG-183fa215-464e-5359-9394-6bca2fef6406,"18,74",
ampere,1,vit_base_image,1g,4,sample,25,71.76876831054688,,,MIG-183fa215-464e-5359-9394-6bca2fef6406,"18,74",
ampere,1,vit_base_image,1g,4,sample,26,71.72598266601562,,,MIG-183fa215-464e-5359-9394-6bca2fef6406,"18,74",
ampere,1,vit_base_image,1g,4,sample,27,71.75446319580078,,,MIG-183fa215-464e-5359-9394-6bca2fef6406,"18,74",
ampere,1,vit_base_image,1g,4,sample,28,71.71971130371094,,,MIG-183fa215-464e-5359-9394-6bca2fef6406,"18,74",
ampere,1,vit_base_image,1g,4,sample,29,71.73011016845703,,,MIG-183fa215-464e-5359-9394-6bca2fef6406,"18,74",
ampere,1,vit_base_image,1g,4,sample,30,71.80754852294922,,,MIG-183fa215-464e-5359-9394-6bca2fef6406,"18,74",
ampere,1,vit_base_image,1g,4,sample,31,71.79036712646484,,,MIG-183fa215-464e-5359-9394-6bca2fef6406,"18,74",
ampere,1,vit_base_image,1g,4,sample,32,71.77581024169922,,,MIG-183fa215-464e-5359-9394-6bca2fef6406,"18,74",
ampere,1,vit_base_image,1g,4,sample,33,71.84127807617188,,,MIG-183fa215-464e-5359-9394-6bca2fef6406,"18,74",
ampere,1,vit_base_image,1g,4,sample,34,71.79756927490234,,,MIG-183fa215-464e-5359-9394-6bca2fef6406,"18,74",
ampere,1,vit_base_image,1g,4,sample,35,71.88499450683594,,,MIG-183fa215-464e-5359-9394-6bca2fef6406,"18,74",
ampere,1,vit_base_image,1g,4,sample,36,71.75363159179688,,,MIG-183fa215-464e-5359-9394-6bca2fef6406,"18,74",
ampere,1,vit_base_image,1g,4,sample,37,71.94601440429688,,,MIG-183fa215-464e-5359-9394-6bca2fef6406,"18,74",
ampere,1,vit_base_image,1g,4,sample,38,71.77926635742188,,,MIG-183fa215-464e-5359-9394-6bca2fef6406,"18,74",
ampere,1,vit_base_image,1g,4,sample,39,71.75628662109375,,,MIG-183fa215-464e-5359-9394-6bca2fef6406,"18,74",
ampere,1,vit_base_image,1g,4,sample,40,71.74825286865234,,,MIG-183fa215-464e-5359-9394-6bca2fef6406,"18,74",
ampere,1,vit_base_image,1g,4,sample,41,71.72882843017578,,,MIG-183fa215-464e-5359-9394-6bca2fef6406,"18,74",
ampere,1,vit_base_image,1g,4,sample,42,71.73152160644531,,,MIG-183fa215-464e-5359-9394-6bca2fef6406,"18,74",
ampere,1,vit_base_image,1g,4,sample,43,71.74642944335938,,,MIG-183fa215-464e-5359-9394-6bca2fef6406,"18,74",
ampere,1,vit_base_image,1g,4,sample,44,71.7589111328125,,,MIG-183fa215-464e-5359-9394-6bca2fef6406,"18,74",
ampere,1,vit_base_image,1g,4,sample,45,71.7825927734375,,,MIG-183fa215-464e-5359-9394-6bca2fef6406,"18,74",
ampere,1,vit_base_image,1g,4,sample,46,71.79251098632812,,,MIG-183fa215-464e-5359-9394-6bca2fef6406,"18,74",
ampere,1,vit_base_image,1g,4,sample,47,71.77760314941406,,,MIG-183fa215-464e-5359-9394-6bca2fef6406,"18,74",
ampere,1,vit_base_image,1g,4,sample,48,71.74278259277344,,,MIG-183fa215-464e-5359-9394-6bca2fef6406,"18,74",
ampere,1,vit_base_image,1g,4,sample,49,71.73417663574219,,,MIG-183fa215-464e-5359-9394-6bca2fef6406,"18,74",
ampere,1,vit_base_image,1g,16,warmup,0,254.33456420898438,,,MIG-183fa215-464e-5359-9394-6bca2fef6406,"18,74",
ampere,1,vit_base_image,1g,16,warmup,1,253.88511657714844,,,MIG-183fa215-464e-5359-9394-6bca2fef6406,"18,74",
ampere,1,vit_base_image,1g,16,warmup,2,253.85414123535156,,,MIG-183fa215-464e-5359-9394-6bca2fef6406,"18,74",
ampere,1,vit_base_image,1g,16,warmup,3,253.9486083984375,,,MIG-183fa215-464e-5359-9394-6bca2fef6406,"18,74",
ampere,1,vit_base_image,1g,16,warmup,4,253.9677734375,,,MIG-183fa215-464e-5359-9394-6bca2fef6406,"18,74",
ampere,1,vit_base_image,1g,16,warmup,5,253.97520446777344,,,MIG-183fa215-464e-5359-9394-6bca2fef6406,"18,74",
ampere,1,vit_base_image,1g,16,warmup,6,253.94473266601562,,,MIG-183fa215-464e-5359-9394-6bca2fef6406,"18,74",
ampere,1,vit_base_image,1g,16,warmup,7,253.933349609375,,,MIG-183fa215-464e-5359-9394-6bca2fef6406,"18,74",
ampere,1,vit_base_image,1g,16,warmup,8,253.88674926757812,,,MIG-183fa215-464e-5359-9394-6bca2fef6406,"18,74",
ampere,1,vit_base_image,1g,16,warmup,9,253.81446838378906,,,MIG-183fa215-464e-5359-9394-6bca2fef6406,"18,74",
ampere,1,vit_base_image,1g,16,sample,0,253.96441650390625,,,MIG-183fa215-464e-5359-9394-6bca2fef6406,"18,74",
ampere,1,vit_base_image,1g,16,sample,1,253.90704345703125,,,MIG-183fa215-464e-5359-9394-6bca2fef6406,"18,74",
ampere,1,vit_base_image,1g,16,sample,2,253.84722900390625,,,MIG-183fa215-464e-5359-9394-6bca2fef6406,"18,74",
ampere,1,vit_base_image,1g,16,sample,3,253.808837890625,,,MIG-183fa215-464e-5359-9394-6bca2fef6406,"18,74",
ampere,1,vit_base_image,1g,16,sample,4,253.89939880371094,,,MIG-183fa215-464e-5359-9394-6bca2fef6406,"18,74",
ampere,1,vit_base_image,1g,16,sample,5,253.9400634765625,,,MIG-183fa215-464e-5359-9394-6bca2fef6406,"18,74",
ampere,1,vit_base_image,1g,16,sample,6,253.83734130859375,,,MIG-183fa215-464e-5359-9394-6bca2fef6406,"18,74",
ampere,1,vit_base_image,1g,16,sample,7,254.1062469482422,,,MIG-183fa215-464e-5359-9394-6bca2fef6406,"18,74",
ampere,1,vit_base_image,1g,16,sample,8,253.89471435546875,,,MIG-183fa215-464e-5359-9394-6bca2fef6406,"18,74",
ampere,1,vit_base_image,1g,16,sample,9,253.94253540039062,,,MIG-183fa215-464e-5359-9394-6bca2fef6406,"18,74",
ampere,1,vit_base_image,1g,16,sample,10,253.87759399414062,,,MIG-183fa215-464e-5359-9394-6bca2fef6406,"18,74",
ampere,1,vit_base_image,1g,16,sample,11,253.81683349609375,,,MIG-183fa215-464e-5359-9394-6bca2fef6406,"18,74",
ampere,1,vit_base_image,1g,16,sample,12,253.88975524902344,,,MIG-183fa215-464e-5359-9394-6bca2fef6406,"18,74",
ampere,1,vit_base_image,1g,16,sample,13,253.85472106933594,,,MIG-183fa215-464e-5359-9394-6bca2fef6406,"18,74",
ampere,1,vit_base_image,1g,16,sample,14,253.7744903564453,,,MIG-183fa215-464e-5359-9394-6bca2fef6406,"18,74",
ampere,1,vit_base_image,1g,16,sample,15,253.78009033203125,,,MIG-183fa215-464e-5359-9394-6bca2fef6406,"18,74",
ampere,1,vit_base_image,1g,16,sample,16,253.86277770996094,,,MIG-183fa215-464e-5359-9394-6bca2fef6406,"18,74",
ampere,1,vit_base_image,1g,16,sample,17,253.80557250976562,,,MIG-183fa215-464e-5359-9394-6bca2fef6406,"18,74",
ampere,1,vit_base_image,1g,16,sample,18,253.76553344726562,,,MIG-183fa215-464e-5359-9394-6bca2fef6406,"18,74",
ampere,1,vit_base_image,1g,16,sample,19,253.84471130371094,,,MIG-183fa215-464e-5359-9394-6bca2fef6406,"18,74",
ampere,1,vit_base_image,1g,16,sample,20,253.8725128173828,,,MIG-183fa215-464e-5359-9394-6bca2fef6406,"18,74",
ampere,1,vit_base_image,1g,16,sample,21,253.80380249023438,,,MIG-183fa215-464e-5359-9394-6bca2fef6406,"18,74",
ampere,1,vit_base_image,1g,16,sample,22,253.78582763671875,,,MIG-183fa215-464e-5359-9394-6bca2fef6406,"18,74",
ampere,1,vit_base_image,1g,16,sample,23,253.82205200195312,,,MIG-183fa215-464e-5359-9394-6bca2fef6406,"18,74",
ampere,1,vit_base_image,1g,16,sample,24,253.83407592773438,,,MIG-183fa215-464e-5359-9394-6bca2fef6406,"18,74",
ampere,1,vit_base_image,1g,16,sample,25,253.87142944335938,,,MIG-183fa215-464e-5359-9394-6bca2fef6406,"18,74",
ampere,1,vit_base_image,1g,16,sample,26,253.95347595214844,,,MIG-183fa215-464e-5359-9394-6bca2fef6406,"18,74",
ampere,1,vit_base_image,1g,16,sample,27,254.0068817138672,,,MIG-183fa215-464e-5359-9394-6bca2fef6406,"18,74",
ampere,1,vit_base_image,1g,16,sample,28,253.94163513183594,,,MIG-183fa215-464e-5359-9394-6bca2fef6406,"18,74",
ampere,1,vit_base_image,1g,16,sample,29,253.8506622314453,,,MIG-183fa215-464e-5359-9394-6bca2fef6406,"18,74",
ampere,1,vit_base_image,1g,16,sample,30,254.02572631835938,,,MIG-183fa215-464e-5359-9394-6bca2fef6406,"18,74",
ampere,1,vit_base_image,1g,16,sample,31,253.9687042236328,,,MIG-183fa215-464e-5359-9394-6bca2fef6406,"18,74",
ampere,1,vit_base_image,1g,16,sample,32,253.8317108154297,,,MIG-183fa215-464e-5359-9394-6bca2fef6406,"18,74",
ampere,1,vit_base_image,1g,16,sample,33,254.0167694091797,,,MIG-183fa215-464e-5359-9394-6bca2fef6406,"18,74",
ampere,1,vit_base_image,1g,16,sample,34,253.90060424804688,,,MIG-183fa215-464e-5359-9394-6bca2fef6406,"18,74",
ampere,1,vit_base_image,1g,16,sample,35,253.93849182128906,,,MIG-183fa215-464e-5359-9394-6bca2fef6406,"18,74",
ampere,1,vit_base_image,1g,16,sample,36,253.8469696044922,,,MIG-183fa215-464e-5359-9394-6bca2fef6406,"18,74",
ampere,1,vit_base_image,1g,16,sample,37,253.79263305664062,,,MIG-183fa215-464e-5359-9394-6bca2fef6406,"18,74",
ampere,1,vit_base_image,1g,16,sample,38,253.8675537109375,,,MIG-183fa215-464e-5359-9394-6bca2fef6406,"18,74",
ampere,1,vit_base_image,1g,16,sample,39,253.88633728027344,,,MIG-183fa215-464e-5359-9394-6bca2fef6406,"18,74",
ampere,1,vit_base_image,1g,16,sample,40,253.8324737548828,,,MIG-183fa215-464e-5359-9394-6bca2fef6406,"18,74",
ampere,1,vit_base_image,1g,16,sample,41,253.78761291503906,,,MIG-183fa215-464e-5359-9394-6bca2fef6406,"18,74",
ampere,1,vit_base_image,1g,16,sample,42,253.8553924560547,,,MIG-183fa215-464e-5359-9394-6bca2fef6406,"18,74",
ampere,1,vit_base_image,1g,16,sample,43,253.8712921142578,,,MIG-183fa215-464e-5359-9394-6bca2fef6406,"18,74",
ampere,1,vit_base_image,1g,16,sample,44,253.8371124267578,,,MIG-183fa215-464e-5359-9394-6bca2fef6406,"18,74",
ampere,1,vit_base_image,1g,16,sample,45,253.80621337890625,,,MIG-183fa215-464e-5359-9394-6bca2fef6406,"18,74",
ampere,1,vit_base_image,1g,16,sample,46,254.13165283203125,,,MIG-183fa215-464e-5359-9394-6bca2fef6406,"18,74",
ampere,1,vit_base_image,1g,16,sample,47,253.8723907470703,,,MIG-183fa215-464e-5359-9394-6bca2fef6406,"18,74",
ampere,1,vit_base_image,1g,16,sample,48,253.84815979003906,,,MIG-183fa215-464e-5359-9394-6bca2fef6406,"18,74",
ampere,1,vit_base_image,1g,16,sample,49,253.9517822265625,,,MIG-183fa215-464e-5359-9394-6bca2fef6406,"18,74",
ampere,1,gpt2_p512_o512,2g,1,warmup,0,4918.591796875,21.7192325592041,9.564204227179289,MIG-cd5ccd12-9bd8-5d9f-9c97-3f4e20a97fa0,"18,74",
ampere,1,gpt2_p512_o512,2g,1,sample,0,4922.392578125,14.791647911071777,9.585158066824079,MIG-cd5ccd12-9bd8-5d9f-9c97-3f4e20a97fa0,"18,74",
ampere,1,gpt2_p512_o512,2g,1,sample,1,4903.16259765625,14.697888374328613,9.547782635316253,MIG-cd5ccd12-9bd8-5d9f-9c97-3f4e20a97fa0,"18,74",
ampere,1,gpt2_p512_o512,2g,1,sample,2,4912.40966796875,14.39459228515625,9.566435694694519,MIG-cd5ccd12-9bd8-5d9f-9c97-3f4e20a97fa0,"18,74",
ampere,1,gpt2_p512_o512,2g,1,sample,3,4917.1630859375,14.414815902709961,9.5756802149117,MIG-cd5ccd12-9bd8-5d9f-9c97-3f4e20a97fa0,"18,74",
ampere,1,gpt2_p512_o512,2g,1,sample,4,4932.21435546875,15.847488403320312,9.602279037237167,MIG-cd5ccd12-9bd8-5d9f-9c97-3f4e20a97fa0,"18,74",
ampere,1,gpt2_p512_o512,2g,1,sample,5,4904.7158203125,14.40608024597168,9.551386211067438,MIG-cd5ccd12-9bd8-5d9f-9c97-3f4e20a97fa0,"18,74",
ampere,1,gpt2_p512_o512,2g,1,sample,6,4960.041015625,14.400287628173828,9.659454546868801,MIG-cd5ccd12-9bd8-5d9f-9c97-3f4e20a97fa0,"18,74",
ampere,1,gpt2_p512_o512,2g,1,sample,7,4919.62890625,14.461088180541992,9.58040589466691,MIG-cd5ccd12-9bd8-5d9f-9c97-3f4e20a97fa0,"18,74",
ampere,1,gpt2_p512_o512,2g,1,sample,8,4903.19677734375,14.749504089355469,9.54774858057499,MIG-cd5ccd12-9bd8-5d9f-9c97-3f4e20a97fa0,"18,74",
ampere,1,gpt2_p512_o512,2g,1,sample,9,4911.33740234375,14.567680358886719,9.564003363251686,MIG-cd5ccd12-9bd8-5d9f-9c97-3f4e20a97fa0,"18,74",
ampere,1,gpt2_p64_o64,2g,1,warmup,0,620.0669555664062,19.554304122924805,9.383010178804398,MIG-cd5ccd12-9bd8-5d9f-9c97-3f4e20a97fa0,"18,74",
ampere,1,gpt2_p64_o64,2g,1,sample,0,611.883544921875,15.970335960388184,9.311143890023232,MIG-cd5ccd12-9bd8-5d9f-9c97-3f4e20a97fa0,"18,74",
ampere,1,gpt2_p64_o64,2g,1,sample,1,615.8704833984375,9.375359535217285,9.476486310362816,MIG-cd5ccd12-9bd8-5d9f-9c97-3f4e20a97fa0,"18,74",
ampere,1,gpt2_p64_o64,2g,1,sample,2,611.00390625,11.272031784057617,9.37081053853035,MIG-cd5ccd12-9bd8-5d9f-9c97-3f4e20a97fa0,"18,74",
ampere,1,gpt2_p64_o64,2g,1,sample,3,616.2565307617188,11.25443172454834,9.453157797455788,MIG-cd5ccd12-9bd8-5d9f-9c97-3f4e20a97fa0,"18,74",
ampere,1,gpt2_p64_o64,2g,1,sample,4,614.7927856445312,10.982303619384766,9.434538781642914,MIG-cd5ccd12-9bd8-5d9f-9c97-3f4e20a97fa0,"18,74",
ampere,1,gpt2_p64_o64,2g,1,sample,5,612.9667358398438,11.058527946472168,9.404815748333931,MIG-cd5ccd12-9bd8-5d9f-9c97-3f4e20a97fa0,"18,74",
ampere,1,gpt2_p64_o64,2g,1,sample,6,616.4066772460938,10.167360305786133,9.472489327192307,MIG-cd5ccd12-9bd8-5d9f-9c97-3f4e20a97fa0,"18,74",
ampere,1,gpt2_p64_o64,2g,1,sample,7,614.1836547851562,9.361408233642578,9.450347602367401,MIG-cd5ccd12-9bd8-5d9f-9c97-3f4e20a97fa0,"18,74",
ampere,1,gpt2_p64_o64,2g,1,sample,8,611.0067138671875,9.935935974121094,9.391730904579163,MIG-cd5ccd12-9bd8-5d9f-9c97-3f4e20a97fa0,"18,74",
ampere,1,gpt2_p64_o64,2g,1,sample,9,611.4169311523438,11.083871841430664,9.380204051733017,MIG-cd5ccd12-9bd8-5d9f-9c97-3f4e20a97fa0,"18,74",
ampere,1,llama_p1024_o128,2g,1,warmup,0,3802.72998046875,158.27005004882812,28.47234320640564,MIG-cd5ccd12-9bd8-5d9f-9c97-3f4e20a97fa0,"18,74",
ampere,1,llama_p1024_o128,2g,1,sample,0,3801.3779296875,149.57875061035156,28.529681086540222,MIG-cd5ccd12-9bd8-5d9f-9c97-3f4e20a97fa0,"18,74",
ampere,1,llama_p1024_o128,2g,1,sample,1,3796.5537109375,149.5416259765625,28.492281913757324,MIG-cd5ccd12-9bd8-5d9f-9c97-3f4e20a97fa0,"18,74",
ampere,1,llama_p1024_o128,2g,1,sample,2,3798.6650390625,149.4302978515625,28.50964641571045,MIG-cd5ccd12-9bd8-5d9f-9c97-3f4e20a97fa0,"18,74",
ampere,1,llama_p1024_o128,2g,1,sample,3,3797.0498046875,149.58114624023438,28.495848894119263,MIG-cd5ccd12-9bd8-5d9f-9c97-3f4e20a97fa0,"18,74",
ampere,1,llama_p1024_o128,2g,1,sample,4,3803.166015625,149.4470672607422,28.544679284095764,MIG-cd5ccd12-9bd8-5d9f-9c97-3f4e20a97fa0,"18,74",
ampere,1,llama_p1024_o128,2g,1,sample,5,3799.56201171875,149.46998596191406,28.51634395122528,MIG-cd5ccd12-9bd8-5d9f-9c97-3f4e20a97fa0,"18,74",
ampere,1,llama_p1024_o128,2g,1,sample,6,3798.249267578125,149.69984436035156,28.504292368888855,MIG-cd5ccd12-9bd8-5d9f-9c97-3f4e20a97fa0,"18,74",
ampere,1,llama_p1024_o128,2g,1,sample,7,3796.5751953125,149.5418243408203,28.492448210716248,MIG-cd5ccd12-9bd8-5d9f-9c97-3f4e20a97fa0,"18,74",
ampere,1,llama_p1024_o128,2g,1,sample,8,3797.676513671875,149.60678100585938,28.500544786453247,MIG-cd5ccd12-9bd8-5d9f-9c97-3f4e20a97fa0,"18,74",
ampere,1,llama_p1024_o128,2g,1,sample,9,3801.20361328125,149.43641662597656,28.529431223869324,MIG-cd5ccd12-9bd8-5d9f-9c97-3f4e20a97fa0,"18,74",
ampere,1,resnet50_image,2g,1,warmup,0,32.34239959716797,,,MIG-cd5ccd12-9bd8-5d9f-9c97-3f4e20a97fa0,"18,74",
ampere,1,resnet50_image,2g,1,warmup,1,21.59177589416504,,,MIG-cd5ccd12-9bd8-5d9f-9c97-3f4e20a97fa0,"18,74",
ampere,1,resnet50_image,2g,1,warmup,2,21.51897621154785,,,MIG-cd5ccd12-9bd8-5d9f-9c97-3f4e20a97fa0,"18,74",
ampere,1,resnet50_image,2g,1,warmup,3,21.519487380981445,,,MIG-cd5ccd12-9bd8-5d9f-9c97-3f4e20a97fa0,"18,74",
ampere,1,resnet50_image,2g,1,warmup,4,22.75324821472168,,,MIG-cd5ccd12-9bd8-5d9f-9c97-3f4e20a97fa0,"18,74",
ampere,1,resnet50_image,2g,1,warmup,5,21.5831356048584,,,MIG-cd5ccd12-9bd8-5d9f-9c97-3f4e20a97fa0,"18,74",
ampere,1,resnet50_image,2g,1,warmup,6,21.909120559692383,,,MIG-cd5ccd12-9bd8-5d9f-9c97-3f4e20a97fa0,"18,74",
ampere,1,resnet50_image,2g,1,warmup,7,22.98963165283203,,,MIG-cd5ccd12-9bd8-5d9f-9c97-3f4e20a97fa0,"18,74",
ampere,1,resnet50_image,2g,1,warmup,8,22.331520080566406,,,MIG-cd5ccd12-9bd8-5d9f-9c97-3f4e20a97fa0,"18,74",
ampere,1,resnet50_image,2g,1,warmup,9,21.62518310546875,,,MIG-cd5ccd12-9bd8-5d9f-9c97-3f4e20a97fa0,"18,74",
ampere,1,resnet50_image,2g,1,sample,0,21.47750473022461,,,MIG-cd5ccd12-9bd8-5d9f-9c97-3f4e20a97fa0,"18,74",
ampere,1,resnet50_image,2g,1,sample,1,21.518720626831055,,,MIG-cd5ccd12-9bd8-5d9f-9c97-3f4e20a97fa0,"18,74",
ampere,1,resnet50_image,2g,1,sample,2,22.697343826293945,,,MIG-cd5ccd12-9bd8-5d9f-9c97-3f4e20a97fa0,"18,74",
ampere,1,resnet50_image,2g,1,sample,3,21.73244857788086,,,MIG-cd5ccd12-9bd8-5d9f-9c97-3f4e20a97fa0,"18,74",
ampere,1,resnet50_image,2g,1,sample,4,21.83679962158203,,,MIG-cd5ccd12-9bd8-5d9f-9c97-3f4e20a97fa0,"18,74",
ampere,1,resnet50_image,2g,1,sample,5,22.58243179321289,,,MIG-cd5ccd12-9bd8-5d9f-9c97-3f4e20a97fa0,"18,74",
ampere,1,resnet50_image,2g,1,sample,6,21.73788833618164,,,MIG-cd5ccd12-9bd8-5d9f-9c97-3f4e20a97fa0,"18,74",
ampere,1,resnet50_image,2g,1,sample,7,21.551359176635742,,,MIG-cd5ccd12-9bd8-5d9f-9c97-3f4e20a97fa0,"18,74",
ampere,1,resnet50_image,2g,1,sample,8,21.680864334106445,,,MIG-cd5ccd12-9bd8-5d9f-9c97-3f4e20a97fa0,"18,74",
ampere,1,resnet50_image,2g,1,sample,9,21.43235206604004,,,MIG-cd5ccd12-9bd8-5d9f-9c97-3f4e20a97fa0,"18,74",
ampere,1,resnet50_image,2g,1,sample,10,21.562976837158203,,,MIG-cd5ccd12-9bd8-5d9f-9c97-3f4e20a97fa0,"18,74",
ampere,1,resnet50_image,2g,1,sample,11,22.024415969848633,,,MIG-cd5ccd12-9bd8-5d9f-9c97-3f4e20a97fa0,"18,74",
ampere,1,resnet50_image,2g,1,sample,12,22.307615280151367,,,MIG-cd5ccd12-9bd8-5d9f-9c97-3f4e20a97fa0,"18,74",
ampere,1,resnet50_image,2g,1,sample,13,22.51273536682129,,,MIG-cd5ccd12-9bd8-5d9f-9c97-3f4e20a97fa0,"18,74",
ampere,1,resnet50_image,2g,1,sample,14,21.79020881652832,,,MIG-cd5ccd12-9bd8-5d9f-9c97-3f4e20a97fa0,"18,74",
ampere,1,resnet50_image,2g,1,sample,15,23.335744857788086,,,MIG-cd5ccd12-9bd8-5d9f-9c97-3f4e20a97fa0,"18,74",
ampere,1,resnet50_image,2g,1,sample,16,21.698816299438477,,,MIG-cd5ccd12-9bd8-5d9f-9c97-3f4e20a97fa0,"18,74",
ampere,1,resnet50_image,2g,1,sample,17,21.52025604248047,,,MIG-cd5ccd12-9bd8-5d9f-9c97-3f4e20a97fa0,"18,74",
ampere,1,resnet50_image,2g,1,sample,18,21.587263107299805,,,MIG-cd5ccd12-9bd8-5d9f-9c97-3f4e20a97fa0,"18,74",
ampere,1,resnet50_image,2g,1,sample,19,22.93814468383789,,,MIG-cd5ccd12-9bd8-5d9f-9c97-3f4e20a97fa0,"18,74",
ampere,1,resnet50_image,2g,1,sample,20,22.39664077758789,,,MIG-cd5ccd12-9bd8-5d9f-9c97-3f4e20a97fa0,"18,74",
ampere,1,resnet50_image,2g,1,sample,21,22.747167587280273,,,MIG-cd5ccd12-9bd8-5d9f-9c97-3f4e20a97fa0,"18,74",
ampere,1,resnet50_image,2g,1,sample,22,22.905216217041016,,,MIG-cd5ccd12-9bd8-5d9f-9c97-3f4e20a97fa0,"18,74",
ampere,1,resnet50_image,2g,1,sample,23,21.975648880004883,,,MIG-cd5ccd12-9bd8-5d9f-9c97-3f4e20a97fa0,"18,74",
ampere,1,resnet50_image,2g,1,sample,24,21.480031967163086,,,MIG-cd5ccd12-9bd8-5d9f-9c97-3f4e20a97fa0,"18,74",
ampere,1,resnet50_image,2g,1,sample,25,22.911455154418945,,,MIG-cd5ccd12-9bd8-5d9f-9c97-3f4e20a97fa0,"18,74",
ampere,1,resnet50_image,2g,1,sample,26,23.0795841217041,,,MIG-cd5ccd12-9bd8-5d9f-9c97-3f4e20a97fa0,"18,74",
ampere,1,resnet50_image,2g,1,sample,27,22.764352798461914,,,MIG-cd5ccd12-9bd8-5d9f-9c97-3f4e20a97fa0,"18,74",
ampere,1,resnet50_image,2g,1,sample,28,22.70572853088379,,,MIG-cd5ccd12-9bd8-5d9f-9c97-3f4e20a97fa0,"18,74",
ampere,1,resnet50_image,2g,1,sample,29,22.458784103393555,,,MIG-cd5ccd12-9bd8-5d9f-9c97-3f4e20a97fa0,"18,74",
ampere,1,resnet50_image,2g,1,sample,30,21.708351135253906,,,MIG-cd5ccd12-9bd8-5d9f-9c97-3f4e20a97fa0,"18,74",
ampere,1,resnet50_image,2g,1,sample,31,21.418272018432617,,,MIG-cd5ccd12-9bd8-5d9f-9c97-3f4e20a97fa0,"18,74",
ampere,1,resnet50_image,2g,1,sample,32,21.7193603515625,,,MIG-cd5ccd12-9bd8-5d9f-9c97-3f4e20a97fa0,"18,74",
ampere,1,resnet50_image,2g,1,sample,33,21.479551315307617,,,MIG-cd5ccd12-9bd8-5d9f-9c97-3f4e20a97fa0,"18,74",
ampere,1,resnet50_image,2g,1,sample,34,21.70230484008789,,,MIG-cd5ccd12-9bd8-5d9f-9c97-3f4e20a97fa0,"18,74",
ampere,1,resnet50_image,2g,1,sample,35,21.40665626525879,,,MIG-cd5ccd12-9bd8-5d9f-9c97-3f4e20a97fa0,"18,74",
ampere,1,resnet50_image,2g,1,sample,36,21.718175888061523,,,MIG-cd5ccd12-9bd8-5d9f-9c97-3f4e20a97fa0,"18,74",
ampere,1,resnet50_image,2g,1,sample,37,21.188352584838867,,,MIG-cd5ccd12-9bd8-5d9f-9c97-3f4e20a97fa0,"18,74",
ampere,1,resnet50_image,2g,1,sample,38,22.471647262573242,,,MIG-cd5ccd12-9bd8-5d9f-9c97-3f4e20a97fa0,"18,74",
ampere,1,resnet50_image,2g,1,sample,39,21.335039138793945,,,MIG-cd5ccd12-9bd8-5d9f-9c97-3f4e20a97fa0,"18,74",
ampere,1,resnet50_image,2g,1,sample,40,20.89936065673828,,,MIG-cd5ccd12-9bd8-5d9f-9c97-3f4e20a97fa0,"18,74",
ampere,1,resnet50_image,2g,1,sample,41,22.568767547607422,,,MIG-cd5ccd12-9bd8-5d9f-9c97-3f4e20a97fa0,"18,74",
ampere,1,resnet50_image,2g,1,sample,42,22.89449691772461,,,MIG-cd5ccd12-9bd8-5d9f-9c97-3f4e20a97fa0,"18,74",
ampere,1,resnet50_image,2g,1,sample,43,22.337919235229492,,,MIG-cd5ccd12-9bd8-5d9f-9c97-3f4e20a97fa0,"18,74",
ampere,1,resnet50_image,2g,1,sample,44,22.053247451782227,,,MIG-cd5ccd12-9bd8-5d9f-9c97-3f4e20a97fa0,"18,74",
ampere,1,resnet50_image,2g,1,sample,45,21.783967971801758,,,MIG-cd5ccd12-9bd8-5d9f-9c97-3f4e20a97fa0,"18,74",
ampere,1,resnet50_image,2g,1,sample,46,22.992223739624023,,,MIG-cd5ccd12-9bd8-5d9f-9c97-3f4e20a97fa0,"18,74",
ampere,1,resnet50_image,2g,1,sample,47,23.117631912231445,,,MIG-cd5ccd12-9bd8-5d9f-9c97-3f4e20a97fa0,"18,74",
ampere,1,resnet50_image,2g,1,sample,48,48.957313537597656,,,MIG-cd5ccd12-9bd8-5d9f-9c97-3f4e20a97fa0,"18,74",
ampere,1,resnet50_image,2g,1,sample,49,21.69055938720703,,,MIG-cd5ccd12-9bd8-5d9f-9c97-3f4e20a97fa0,"18,74",
ampere,1,resnet50_image,2g,4,warmup,0,33.88608169555664,,,MIG-cd5ccd12-9bd8-5d9f-9c97-3f4e20a97fa0,"18,74",
ampere,1,resnet50_image,2g,4,warmup,1,20.956064224243164,,,MIG-cd5ccd12-9bd8-5d9f-9c97-3f4e20a97fa0,"18,74",
ampere,1,resnet50_image,2g,4,warmup,2,20.93948745727539,,,MIG-cd5ccd12-9bd8-5d9f-9c97-3f4e20a97fa0,"18,74",
ampere,1,resnet50_image,2g,4,warmup,3,21.128639221191406,,,MIG-cd5ccd12-9bd8-5d9f-9c97-3f4e20a97fa0,"18,74",
ampere,1,resnet50_image,2g,4,warmup,4,22.709760665893555,,,MIG-cd5ccd12-9bd8-5d9f-9c97-3f4e20a97fa0,"18,74",
ampere,1,resnet50_image,2g,4,warmup,5,20.91801643371582,,,MIG-cd5ccd12-9bd8-5d9f-9c97-3f4e20a97fa0,"18,74",
ampere,1,resnet50_image,2g,4,warmup,6,22.61846351623535,,,MIG-cd5ccd12-9bd8-5d9f-9c97-3f4e20a97fa0,"18,74",
ampere,1,resnet50_image,2g,4,warmup,7,21.882591247558594,,,MIG-cd5ccd12-9bd8-5d9f-9c97-3f4e20a97fa0,"18,74",
ampere,1,resnet50_image,2g,4,warmup,8,21.435935974121094,,,MIG-cd5ccd12-9bd8-5d9f-9c97-3f4e20a97fa0,"18,74",
ampere,1,resnet50_image,2g,4,warmup,9,21.648927688598633,,,MIG-cd5ccd12-9bd8-5d9f-9c97-3f4e20a97fa0,"18,74",
ampere,1,resnet50_image,2g,4,sample,0,20.878015518188477,,,MIG-cd5ccd12-9bd8-5d9f-9c97-3f4e20a97fa0,"18,74",
ampere,1,resnet50_image,2g,4,sample,1,20.876224517822266,,,MIG-cd5ccd12-9bd8-5d9f-9c97-3f4e20a97fa0,"18,74",
ampere,1,resnet50_image,2g,4,sample,2,20.844736099243164,,,MIG-cd5ccd12-9bd8-5d9f-9c97-3f4e20a97fa0,"18,74",
ampere,1,resnet50_image,2g,4,sample,3,20.855871200561523,,,MIG-cd5ccd12-9bd8-5d9f-9c97-3f4e20a97fa0,"18,74",
ampere,1,resnet50_image,2g,4,sample,4,21.11078453063965,,,MIG-cd5ccd12-9bd8-5d9f-9c97-3f4e20a97fa0,"18,74",
ampere,1,resnet50_image,2g,4,sample,5,22.299007415771484,,,MIG-cd5ccd12-9bd8-5d9f-9c97-3f4e20a97fa0,"18,74",
ampere,1,resnet50_image,2g,4,sample,6,22.339008331298828,,,MIG-cd5ccd12-9bd8-5d9f-9c97-3f4e20a97fa0,"18,74",
ampere,1,resnet50_image,2g,4,sample,7,22.532960891723633,,,MIG-cd5ccd12-9bd8-5d9f-9c97-3f4e20a97fa0,"18,74",
ampere,1,resnet50_image,2g,4,sample,8,21.90880012512207,,,MIG-cd5ccd12-9bd8-5d9f-9c97-3f4e20a97fa0,"18,74",
ampere,1,resnet50_image,2g,4,sample,9,22.185951232910156,,,MIG-cd5ccd12-9bd8-5d9f-9c97-3f4e20a97fa0,"18,74",
ampere,1,resnet50_image,2g,4,sample,10,22.403039932250977,,,MIG-cd5ccd12-9bd8-5d9f-9c97-3f4e20a97fa0,"18,74",
ampere,1,resnet50_image,2g,4,sample,11,21.1408634185791,,,MIG-cd5ccd12-9bd8-5d9f-9c97-3f4e20a97fa0,"18,74",
ampere,1,resnet50_image,2g,4,sample,12,21.08527946472168,,,MIG-cd5ccd12-9bd8-5d9f-9c97-3f4e20a97fa0,"18,74",
ampere,1,resnet50_image,2g,4,sample,13,21.065887451171875,,,MIG-cd5ccd12-9bd8-5d9f-9c97-3f4e20a97fa0,"18,74",
ampere,1,resnet50_image,2g,4,sample,14,21.269119262695312,,,MIG-cd5ccd12-9bd8-5d9f-9c97-3f4e20a97fa0,"18,74",
ampere,1,resnet50_image,2g,4,sample,15,22.48863983154297,,,MIG-cd5ccd12-9bd8-5d9f-9c97-3f4e20a97fa0,"18,74",
ampere,1,resnet50_image,2g,4,sample,16,22.66489601135254,,,MIG-cd5ccd12-9bd8-5d9f-9c97-3f4e20a97fa0,"18,74",
ampere,1,resnet50_image,2g,4,sample,17,21.528799057006836,,,MIG-cd5ccd12-9bd8-5d9f-9c97-3f4e20a97fa0,"18,74",
ampere,1,resnet50_image,2g,4,sample,18,22.1876163482666,,,MIG-cd5ccd12-9bd8-5d9f-9c97-3f4e20a97fa0,"18,74",
ampere,1,resnet50_image,2g,4,sample,19,20.874080657958984,,,MIG-cd5ccd12-9bd8-5d9f-9c97-3f4e20a97fa0,"18,74",
ampere,1,resnet50_image,2g,4,sample,20,20.871103286743164,,,MIG-cd5ccd12-9bd8-5d9f-9c97-3f4e20a97fa0,"18,74",
ampere,1,resnet50_image,2g,4,sample,21,22.28816032409668,,,MIG-cd5ccd12-9bd8-5d9f-9c97-3f4e20a97fa0,"18,74",
ampere,1,resnet50_image,2g,4,sample,22,21.334400177001953,,,MIG-cd5ccd12-9bd8-5d9f-9c97-3f4e20a97fa0,"18,74",
ampere,1,resnet50_image,2g,4,sample,23,21.27008056640625,,,MIG-cd5ccd12-9bd8-5d9f-9c97-3f4e20a97fa0,"18,74",
ampere,1,resnet50_image,2g,4,sample,24,20.84364891052246,,,MIG-cd5ccd12-9bd8-5d9f-9c97-3f4e20a97fa0,"18,74",
ampere,1,resnet50_image,2g,4,sample,25,20.904064178466797,,,MIG-cd5ccd12-9bd8-5d9f-9c97-3f4e20a97fa0,"18,74",
ampere,1,resnet50_image,2g,4,sample,26,20.871488571166992,,,MIG-cd5ccd12-9bd8-5d9f-9c97-3f4e20a97fa0,"18,74",
ampere,1,resnet50_image,2g,4,sample,27,22.459423065185547,,,MIG-cd5ccd12-9bd8-5d9f-9c97-3f4e20a97fa0,"18,74",
ampere,1,resnet50_image,2g,4,sample,28,22.518144607543945,,,MIG-cd5ccd12-9bd8-5d9f-9c97-3f4e20a97fa0,"18,74",
ampere,1,resnet50_image,2g,4,sample,29,21.75814437866211,,,MIG-cd5ccd12-9bd8-5d9f-9c97-3f4e20a97fa0,"18,74",
ampere,1,resnet50_image,2g,4,sample,30,22.46713638305664,,,MIG-cd5ccd12-9bd8-5d9f-9c97-3f4e20a97fa0,"18,74",
ampere,1,resnet50_image,2g,4,sample,31,22.404415130615234,,,MIG-cd5ccd12-9bd8-5d9f-9c97-3f4e20a97fa0,"18,74",
ampere,1,resnet50_image,2g,4,sample,32,22.473663330078125,,,MIG-cd5ccd12-9bd8-5d9f-9c97-3f4e20a97fa0,"18,74",
ampere,1,resnet50_image,2g,4,sample,33,22.168352127075195,,,MIG-cd5ccd12-9bd8-5d9f-9c97-3f4e20a97fa0,"18,74",
ampere,1,resnet50_image,2g,4,sample,34,21.329504013061523,,,MIG-cd5ccd12-9bd8-5d9f-9c97-3f4e20a97fa0,"18,74",
ampere,1,resnet50_image,2g,4,sample,35,22.114879608154297,,,MIG-cd5ccd12-9bd8-5d9f-9c97-3f4e20a97fa0,"18,74",
ampere,1,resnet50_image,2g,4,sample,36,22.57801628112793,,,MIG-cd5ccd12-9bd8-5d9f-9c97-3f4e20a97fa0,"18,74",
ampere,1,resnet50_image,2g,4,sample,37,22.52777671813965,,,MIG-cd5ccd12-9bd8-5d9f-9c97-3f4e20a97fa0,"18,74",
ampere,1,resnet50_image,2g,4,sample,38,22.120128631591797,,,MIG-cd5ccd12-9bd8-5d9f-9c97-3f4e20a97fa0,"18,74",
ampere,1,resnet50_image,2g,4,sample,39,21.73401641845703,,,MIG-cd5ccd12-9bd8-5d9f-9c97-3f4e20a97fa0,"18,74",
ampere,1,resnet50_image,2g,4,sample,40,21.19910430908203,,,MIG-cd5ccd12-9bd8-5d9f-9c97-3f4e20a97fa0,"18,74",
ampere,1,resnet50_image,2g,4,sample,41,22.599424362182617,,,MIG-cd5ccd12-9bd8-5d9f-9c97-3f4e20a97fa0,"18,74",
ampere,1,resnet50_image,2g,4,sample,42,21.944320678710938,,,MIG-cd5ccd12-9bd8-5d9f-9c97-3f4e20a97fa0,"18,74",
ampere,1,resnet50_image,2g,4,sample,43,22.317216873168945,,,MIG-cd5ccd12-9bd8-5d9f-9c97-3f4e20a97fa0,"18,74",
ampere,1,resnet50_image,2g,4,sample,44,22.323135375976562,,,MIG-cd5ccd12-9bd8-5d9f-9c97-3f4e20a97fa0,"18,74",
ampere,1,resnet50_image,2g,4,sample,45,22.483007431030273,,,MIG-cd5ccd12-9bd8-5d9f-9c97-3f4e20a97fa0,"18,74",
ampere,1,resnet50_image,2g,4,sample,46,22.237567901611328,,,MIG-cd5ccd12-9bd8-5d9f-9c97-3f4e20a97fa0,"18,74",
ampere,1,resnet50_image,2g,4,sample,47,22.08710479736328,,,MIG-cd5ccd12-9bd8-5d9f-9c97-3f4e20a97fa0,"18,74",
ampere,1,resnet50_image,2g,4,sample,48,20.883359909057617,,,MIG-cd5ccd12-9bd8-5d9f-9c97-3f4e20a97fa0,"18,74",
ampere,1,resnet50_image,2g,4,sample,49,20.843551635742188,,,MIG-cd5ccd12-9bd8-5d9f-9c97-3f4e20a97fa0,"18,74",
ampere,1,resnet50_image,2g,16,warmup,0,24.44041633605957,,,MIG-cd5ccd12-9bd8-5d9f-9c97-3f4e20a97fa0,"18,74",
ampere,1,resnet50_image,2g,16,warmup,1,23.183456420898438,,,MIG-cd5ccd12-9bd8-5d9f-9c97-3f4e20a97fa0,"18,74",
ampere,1,resnet50_image,2g,16,warmup,2,23.188831329345703,,,MIG-cd5ccd12-9bd8-5d9f-9c97-3f4e20a97fa0,"18,74",
ampere,1,resnet50_image,2g,16,warmup,3,27.817983627319336,,,MIG-cd5ccd12-9bd8-5d9f-9c97-3f4e20a97fa0,"18,74",
ampere,1,resnet50_image,2g,16,warmup,4,23.18822479248047,,,MIG-cd5ccd12-9bd8-5d9f-9c97-3f4e20a97fa0,"18,74",
ampere,1,resnet50_image,2g,16,warmup,5,23.2010555267334,,,MIG-cd5ccd12-9bd8-5d9f-9c97-3f4e20a97fa0,"18,74",
ampere,1,resnet50_image,2g,16,warmup,6,23.89254379272461,,,MIG-cd5ccd12-9bd8-5d9f-9c97-3f4e20a97fa0,"18,74",
ampere,1,resnet50_image,2g,16,warmup,7,23.384992599487305,,,MIG-cd5ccd12-9bd8-5d9f-9c97-3f4e20a97fa0,"18,74",
ampere,1,resnet50_image,2g,16,warmup,8,23.208255767822266,,,MIG-cd5ccd12-9bd8-5d9f-9c97-3f4e20a97fa0,"18,74",
ampere,1,resnet50_image,2g,16,warmup,9,23.188831329345703,,,MIG-cd5ccd12-9bd8-5d9f-9c97-3f4e20a97fa0,"18,74",
ampere,1,resnet50_image,2g,16,sample,0,23.197599411010742,,,MIG-cd5ccd12-9bd8-5d9f-9c97-3f4e20a97fa0,"18,74",
ampere,1,resnet50_image,2g,16,sample,1,23.17750358581543,,,MIG-cd5ccd12-9bd8-5d9f-9c97-3f4e20a97fa0,"18,74",
ampere,1,resnet50_image,2g,16,sample,2,23.191648483276367,,,MIG-cd5ccd12-9bd8-5d9f-9c97-3f4e20a97fa0,"18,74",
ampere,1,resnet50_image,2g,16,sample,3,23.60256004333496,,,MIG-cd5ccd12-9bd8-5d9f-9c97-3f4e20a97fa0,"18,74",
ampere,1,resnet50_image,2g,16,sample,4,23.20137596130371,,,MIG-cd5ccd12-9bd8-5d9f-9c97-3f4e20a97fa0,"18,74",
ampere,1,resnet50_image,2g,16,sample,5,23.20012855529785,,,MIG-cd5ccd12-9bd8-5d9f-9c97-3f4e20a97fa0,"18,74",
ampere,1,resnet50_image,2g,16,sample,6,23.19913673400879,,,MIG-cd5ccd12-9bd8-5d9f-9c97-3f4e20a97fa0,"18,74",
ampere,1,resnet50_image,2g,16,sample,7,23.195520401000977,,,MIG-cd5ccd12-9bd8-5d9f-9c97-3f4e20a97fa0,"18,74",
ampere,1,resnet50_image,2g,16,sample,8,23.675487518310547,,,MIG-cd5ccd12-9bd8-5d9f-9c97-3f4e20a97fa0,"18,74",
ampere,1,resnet50_image,2g,16,sample,9,23.323104858398438,,,MIG-cd5ccd12-9bd8-5d9f-9c97-3f4e20a97fa0,"18,74",
ampere,1,resnet50_image,2g,16,sample,10,23.19148826599121,,,MIG-cd5ccd12-9bd8-5d9f-9c97-3f4e20a97fa0,"18,74",
ampere,1,resnet50_image,2g,16,sample,11,23.194847106933594,,,MIG-cd5ccd12-9bd8-5d9f-9c97-3f4e20a97fa0,"18,74",
ampere,1,resnet50_image,2g,16,sample,12,23.196640014648438,,,MIG-cd5ccd12-9bd8-5d9f-9c97-3f4e20a97fa0,"18,74",
ampere,1,resnet50_image,2g,16,sample,13,23.19024085998535,,,MIG-cd5ccd12-9bd8-5d9f-9c97-3f4e20a97fa0,"18,74",
ampere,1,resnet50_image,2g,16,sample,14,24.046527862548828,,,MIG-cd5ccd12-9bd8-5d9f-9c97-3f4e20a97fa0,"18,74",
ampere,1,resnet50_image,2g,16,sample,15,23.193920135498047,,,MIG-cd5ccd12-9bd8-5d9f-9c97-3f4e20a97fa0,"18,74",
ampere,1,resnet50_image,2g,16,sample,16,23.188800811767578,,,MIG-cd5ccd12-9bd8-5d9f-9c97-3f4e20a97fa0,"18,74",
ampere,1,resnet50_image,2g,16,sample,17,23.20863914489746,,,MIG-cd5ccd12-9bd8-5d9f-9c97-3f4e20a97fa0,"18,74",
ampere,1,resnet50_image,2g,16,sample,18,23.184768676757812,,,MIG-cd5ccd12-9bd8-5d9f-9c97-3f4e20a97fa0,"18,74",
ampere,1,resnet50_image,2g,16,sample,19,23.21331214904785,,,MIG-cd5ccd12-9bd8-5d9f-9c97-3f4e20a97fa0,"18,74",
ampere,1,resnet50_image,2g,16,sample,20,23.227584838867188,,,MIG-cd5ccd12-9bd8-5d9f-9c97-3f4e20a97fa0,"18,74",
ampere,1,resnet50_image,2g,16,sample,21,23.18409538269043,,,MIG-cd5ccd12-9bd8-5d9f-9c97-3f4e20a97fa0,"18,74",
ampere,1,resnet50_image,2g,16,sample,22,23.883487701416016,,,MIG-cd5ccd12-9bd8-5d9f-9c97-3f4e20a97fa0,"18,74",
ampere,1,resnet50_image,2g,16,sample,23,23.251712799072266,,,MIG-cd5ccd12-9bd8-5d9f-9c97-3f4e20a97fa0,"18,74",
ampere,1,resnet50_image,2g,16,sample,24,23.19171142578125,,,MIG-cd5ccd12-9bd8-5d9f-9c97-3f4e20a97fa0,"18,74",
ampere,1,resnet50_image,2g,16,sample,25,23.194271087646484,,,MIG-cd5ccd12-9bd8-5d9f-9c97-3f4e20a97fa0,"18,74",
ampere,1,resnet50_image,2g,16,sample,26,23.18764877319336,,,MIG-cd5ccd12-9bd8-5d9f-9c97-3f4e20a97fa0,"18,74",
ampere,1,resnet50_image,2g,16,sample,27,23.192384719848633,,,MIG-cd5ccd12-9bd8-5d9f-9c97-3f4e20a97fa0,"18,74",
ampere,1,resnet50_image,2g,16,sample,28,23.279903411865234,,,MIG-cd5ccd12-9bd8-5d9f-9c97-3f4e20a97fa0,"18,74",
ampere,1,resnet50_image,2g,16,sample,29,23.333696365356445,,,MIG-cd5ccd12-9bd8-5d9f-9c97-3f4e20a97fa0,"18,74",
ampere,1,resnet50_image,2g,16,sample,30,23.74496078491211,,,MIG-cd5ccd12-9bd8-5d9f-9c97-3f4e20a97fa0,"18,74",
ampere,1,resnet50_image,2g,16,sample,31,23.527679443359375,,,MIG-cd5ccd12-9bd8-5d9f-9c97-3f4e20a97fa0,"18,74",
ampere,1,resnet50_image,2g,16,sample,32,23.18297576904297,,,MIG-cd5ccd12-9bd8-5d9f-9c97-3f4e20a97fa0,"18,74",
ampere,1,resnet50_image,2g,16,sample,33,23.204383850097656,,,MIG-cd5ccd12-9bd8-5d9f-9c97-3f4e20a97fa0,"18,74",
ampere,1,resnet50_image,2g,16,sample,34,23.222496032714844,,,MIG-cd5ccd12-9bd8-5d9f-9c97-3f4e20a97fa0,"18,74",
ampere,1,resnet50_image,2g,16,sample,35,23.178720474243164,,,MIG-cd5ccd12-9bd8-5d9f-9c97-3f4e20a97fa0,"18,74",
ampere,1,resnet50_image,2g,16,sample,36,23.18556785583496,,,MIG-cd5ccd12-9bd8-5d9f-9c97-3f4e20a97fa0,"18,74",
ampere,1,resnet50_image,2g,16,sample,37,23.199583053588867,,,MIG-cd5ccd12-9bd8-5d9f-9c97-3f4e20a97fa0,"18,74",
ampere,1,resnet50_image,2g,16,sample,38,24.008832931518555,,,MIG-cd5ccd12-9bd8-5d9f-9c97-3f4e20a97fa0,"18,74",
ampere,1,resnet50_image,2g,16,sample,39,23.226816177368164,,,MIG-cd5ccd12-9bd8-5d9f-9c97-3f4e20a97fa0,"18,74",
ampere,1,resnet50_image,2g,16,sample,40,23.177343368530273,,,MIG-cd5ccd12-9bd8-5d9f-9c97-3f4e20a97fa0,"18,74",
ampere,1,resnet50_image,2g,16,sample,41,23.192800521850586,,,MIG-cd5ccd12-9bd8-5d9f-9c97-3f4e20a97fa0,"18,74",
ampere,1,resnet50_image,2g,16,sample,42,23.20672035217285,,,MIG-cd5ccd12-9bd8-5d9f-9c97-3f4e20a97fa0,"18,74",
ampere,1,resnet50_image,2g,16,sample,43,23.404512405395508,,,MIG-cd5ccd12-9bd8-5d9f-9c97-3f4e20a97fa0,"18,74",
ampere,1,resnet50_image,2g,16,sample,44,23.499711990356445,,,MIG-cd5ccd12-9bd8-5d9f-9c97-3f4e20a97fa0,"18,74",
ampere,1,resnet50_image,2g,16,sample,45,23.19584083557129,,,MIG-cd5ccd12-9bd8-5d9f-9c97-3f4e20a97fa0,"18,74",
ampere,1,resnet50_image,2g,16,sample,46,23.197568893432617,,,MIG-cd5ccd12-9bd8-5d9f-9c97-3f4e20a97fa0,"18,74",
ampere,1,resnet50_image,2g,16,sample,47,23.20243263244629,,,MIG-cd5ccd12-9bd8-5d9f-9c97-3f4e20a97fa0,"18,74",
ampere,1,resnet50_image,2g,16,sample,48,23.188447952270508,,,MIG-cd5ccd12-9bd8-5d9f-9c97-3f4e20a97fa0,"18,74",
ampere,1,resnet50_image,2g,16,sample,49,23.373632431030273,,,MIG-cd5ccd12-9bd8-5d9f-9c97-3f4e20a97fa0,"18,74",
ampere,1,resnet50_image,2g,32,warmup,0,44.74739074707031,,,MIG-cd5ccd12-9bd8-5d9f-9c97-3f4e20a97fa0,"18,74",
ampere,1,resnet50_image,2g,32,warmup,1,43.29020690917969,,,MIG-cd5ccd12-9bd8-5d9f-9c97-3f4e20a97fa0,"18,74",
ampere,1,resnet50_image,2g,32,warmup,2,43.281982421875,,,MIG-cd5ccd12-9bd8-5d9f-9c97-3f4e20a97fa0,"18,74",
ampere,1,resnet50_image,2g,32,warmup,3,43.27657699584961,,,MIG-cd5ccd12-9bd8-5d9f-9c97-3f4e20a97fa0,"18,74",
ampere,1,resnet50_image,2g,32,warmup,4,43.2589111328125,,,MIG-cd5ccd12-9bd8-5d9f-9c97-3f4e20a97fa0,"18,74",
ampere,1,resnet50_image,2g,32,warmup,5,43.28851318359375,,,MIG-cd5ccd12-9bd8-5d9f-9c97-3f4e20a97fa0,"18,74",
ampere,1,resnet50_image,2g,32,warmup,6,43.27324676513672,,,MIG-cd5ccd12-9bd8-5d9f-9c97-3f4e20a97fa0,"18,74",
ampere,1,resnet50_image,2g,32,warmup,7,43.26976013183594,,,MIG-cd5ccd12-9bd8-5d9f-9c97-3f4e20a97fa0,"18,74",
ampere,1,resnet50_image,2g,32,warmup,8,43.293121337890625,,,MIG-cd5ccd12-9bd8-5d9f-9c97-3f4e20a97fa0,"18,74",
ampere,1,resnet50_image,2g,32,warmup,9,43.263328552246094,,,MIG-cd5ccd12-9bd8-5d9f-9c97-3f4e20a97fa0,"18,74",
ampere,1,resnet50_image,2g,32,sample,0,43.28883361816406,,,MIG-cd5ccd12-9bd8-5d9f-9c97-3f4e20a97fa0,"18,74",
ampere,1,resnet50_image,2g,32,sample,1,43.281856536865234,,,MIG-cd5ccd12-9bd8-5d9f-9c97-3f4e20a97fa0,"18,74",
ampere,1,resnet50_image,2g,32,sample,2,43.30931091308594,,,MIG-cd5ccd12-9bd8-5d9f-9c97-3f4e20a97fa0,"18,74",
ampere,1,resnet50_image,2g,32,sample,3,43.2973747253418,,,MIG-cd5ccd12-9bd8-5d9f-9c97-3f4e20a97fa0,"18,74",
ampere,1,resnet50_image,2g,32,sample,4,43.275455474853516,,,MIG-cd5ccd12-9bd8-5d9f-9c97-3f4e20a97fa0,"18,74",
ampere,1,resnet50_image,2g,32,sample,5,43.26860809326172,,,MIG-cd5ccd12-9bd8-5d9f-9c97-3f4e20a97fa0,"18,74",
ampere,1,resnet50_image,2g,32,sample,6,43.29209518432617,,,MIG-cd5ccd12-9bd8-5d9f-9c97-3f4e20a97fa0,"18,74",
ampere,1,resnet50_image,2g,32,sample,7,43.26838302612305,,,MIG-cd5ccd12-9bd8-5d9f-9c97-3f4e20a97fa0,"18,74",
ampere,1,resnet50_image,2g,32,sample,8,43.27920150756836,,,MIG-cd5ccd12-9bd8-5d9f-9c97-3f4e20a97fa0,"18,74",
ampere,1,resnet50_image,2g,32,sample,9,43.25971221923828,,,MIG-cd5ccd12-9bd8-5d9f-9c97-3f4e20a97fa0,"18,74",
ampere,1,resnet50_image,2g,32,sample,10,43.26515197753906,,,MIG-cd5ccd12-9bd8-5d9f-9c97-3f4e20a97fa0,"18,74",
ampere,1,resnet50_image,2g,32,sample,11,43.27360153198242,,,MIG-cd5ccd12-9bd8-5d9f-9c97-3f4e20a97fa0,"18,74",
ampere,1,resnet50_image,2g,32,sample,12,43.27094268798828,,,MIG-cd5ccd12-9bd8-5d9f-9c97-3f4e20a97fa0,"18,74",
ampere,1,resnet50_image,2g,32,sample,13,43.3139533996582,,,MIG-cd5ccd12-9bd8-5d9f-9c97-3f4e20a97fa0,"18,74",
ampere,1,resnet50_image,2g,32,sample,14,43.29478454589844,,,MIG-cd5ccd12-9bd8-5d9f-9c97-3f4e20a97fa0,"18,74",
ampere,1,resnet50_image,2g,32,sample,15,43.26972961425781,,,MIG-cd5ccd12-9bd8-5d9f-9c97-3f4e20a97fa0,"18,74",
ampere,1,resnet50_image,2g,32,sample,16,43.32489776611328,,,MIG-cd5ccd12-9bd8-5d9f-9c97-3f4e20a97fa0,"18,74",
ampere,1,resnet50_image,2g,32,sample,17,43.319488525390625,,,MIG-cd5ccd12-9bd8-5d9f-9c97-3f4e20a97fa0,"18,74",
ampere,1,resnet50_image,2g,32,sample,18,43.289249420166016,,,MIG-cd5ccd12-9bd8-5d9f-9c97-3f4e20a97fa0,"18,74",
ampere,1,resnet50_image,2g,32,sample,19,43.333984375,,,MIG-cd5ccd12-9bd8-5d9f-9c97-3f4e20a97fa0,"18,74",
ampere,1,resnet50_image,2g,32,sample,20,43.28656005859375,,,MIG-cd5ccd12-9bd8-5d9f-9c97-3f4e20a97fa0,"18,74",
ampere,1,resnet50_image,2g,32,sample,21,43.36841583251953,,,MIG-cd5ccd12-9bd8-5d9f-9c97-3f4e20a97fa0,"18,74",
ampere,1,resnet50_image,2g,32,sample,22,43.312416076660156,,,MIG-cd5ccd12-9bd8-5d9f-9c97-3f4e20a97fa0,"18,74",
ampere,1,resnet50_image,2g,32,sample,23,43.40982437133789,,,MIG-cd5ccd12-9bd8-5d9f-9c97-3f4e20a97fa0,"18,74",
ampere,1,resnet50_image,2g,32,sample,24,43.29363250732422,,,MIG-cd5ccd12-9bd8-5d9f-9c97-3f4e20a97fa0,"18,74",
ampere,1,resnet50_image,2g,32,sample,25,43.26883316040039,,,MIG-cd5ccd12-9bd8-5d9f-9c97-3f4e20a97fa0,"18,74",
ampere,1,resnet50_image,2g,32,sample,26,43.28780746459961,,,MIG-cd5ccd12-9bd8-5d9f-9c97-3f4e20a97fa0,"18,74",
ampere,1,resnet50_image,2g,32,sample,27,43.25734329223633,,,MIG-cd5ccd12-9bd8-5d9f-9c97-3f4e20a97fa0,"18,74",
ampere,1,resnet50_image,2g,32,sample,28,43.27648162841797,,,MIG-cd5ccd12-9bd8-5d9f-9c97-3f4e20a97fa0,"18,74",
ampere,1,resnet50_image,2g,32,sample,29,43.275489807128906,,,MIG-cd5ccd12-9bd8-5d9f-9c97-3f4e20a97fa0,"18,74",
ampere,1,resnet50_image,2g,32,sample,30,43.28044891357422,,,MIG-cd5ccd12-9bd8-5d9f-9c97-3f4e20a97fa0,"18,74",
ampere,1,resnet50_image,2g,32,sample,31,43.59519958496094,,,MIG-cd5ccd12-9bd8-5d9f-9c97-3f4e20a97fa0,"18,74",
ampere,1,resnet50_image,2g,32,sample,32,43.24873733520508,,,MIG-cd5ccd12-9bd8-5d9f-9c97-3f4e20a97fa0,"18,74",
ampere,1,resnet50_image,2g,32,sample,33,43.29158401489258,,,MIG-cd5ccd12-9bd8-5d9f-9c97-3f4e20a97fa0,"18,74",
ampere,1,resnet50_image,2g,32,sample,34,43.28464126586914,,,MIG-cd5ccd12-9bd8-5d9f-9c97-3f4e20a97fa0,"18,74",
ampere,1,resnet50_image,2g,32,sample,35,43.4031982421875,,,MIG-cd5ccd12-9bd8-5d9f-9c97-3f4e20a97fa0,"18,74",
ampere,1,resnet50_image,2g,32,sample,36,43.258880615234375,,,MIG-cd5ccd12-9bd8-5d9f-9c97-3f4e20a97fa0,"18,74",
ampere,1,resnet50_image,2g,32,sample,37,43.27948760986328,,,MIG-cd5ccd12-9bd8-5d9f-9c97-3f4e20a97fa0,"18,74",
ampere,1,resnet50_image,2g,32,sample,38,43.2655029296875,,,MIG-cd5ccd12-9bd8-5d9f-9c97-3f4e20a97fa0,"18,74",
ampere,1,resnet50_image,2g,32,sample,39,43.286720275878906,,,MIG-cd5ccd12-9bd8-5d9f-9c97-3f4e20a97fa0,"18,74",
ampere,1,resnet50_image,2g,32,sample,40,43.27635192871094,,,MIG-cd5ccd12-9bd8-5d9f-9c97-3f4e20a97fa0,"18,74",
ampere,1,resnet50_image,2g,32,sample,41,43.30326461791992,,,MIG-cd5ccd12-9bd8-5d9f-9c97-3f4e20a97fa0,"18,74",
ampere,1,resnet50_image,2g,32,sample,42,43.27449417114258,,,MIG-cd5ccd12-9bd8-5d9f-9c97-3f4e20a97fa0,"18,74",
ampere,1,resnet50_image,2g,32,sample,43,43.336158752441406,,,MIG-cd5ccd12-9bd8-5d9f-9c97-3f4e20a97fa0,"18,74",
ampere,1,resnet50_image,2g,32,sample,44,43.292606353759766,,,MIG-cd5ccd12-9bd8-5d9f-9c97-3f4e20a97fa0,"18,74",
ampere,1,resnet50_image,2g,32,sample,45,43.30732727050781,,,MIG-cd5ccd12-9bd8-5d9f-9c97-3f4e20a97fa0,"18,74",
ampere,1,resnet50_image,2g,32,sample,46,43.28569412231445,,,MIG-cd5ccd12-9bd8-5d9f-9c97-3f4e20a97fa0,"18,74",
ampere,1,resnet50_image,2g,32,sample,47,43.36115264892578,,,MIG-cd5ccd12-9bd8-5d9f-9c97-3f4e20a97fa0,"18,74",
ampere,1,resnet50_image,2g,32,sample,48,43.38854217529297,,,MIG-cd5ccd12-9bd8-5d9f-9c97-3f4e20a97fa0,"18,74",
ampere,1,resnet50_image,2g,32,sample,49,43.28870391845703,,,MIG-cd5ccd12-9bd8-5d9f-9c97-3f4e20a97fa0,"18,74",
ampere,1,resnet50_image,2g,64,warmup,0,83.89894104003906,,,MIG-cd5ccd12-9bd8-5d9f-9c97-3f4e20a97fa0,"18,74",
ampere,1,resnet50_image,2g,64,warmup,1,83.07673645019531,,,MIG-cd5ccd12-9bd8-5d9f-9c97-3f4e20a97fa0,"18,74",
ampere,1,resnet50_image,2g,64,warmup,2,83.07647705078125,,,MIG-cd5ccd12-9bd8-5d9f-9c97-3f4e20a97fa0,"18,74",
ampere,1,resnet50_image,2g,64,warmup,3,83.11145782470703,,,MIG-cd5ccd12-9bd8-5d9f-9c97-3f4e20a97fa0,"18,74",
ampere,1,resnet50_image,2g,64,warmup,4,83.1361312866211,,,MIG-cd5ccd12-9bd8-5d9f-9c97-3f4e20a97fa0,"18,74",
ampere,1,resnet50_image,2g,64,warmup,5,83.01283264160156,,,MIG-cd5ccd12-9bd8-5d9f-9c97-3f4e20a97fa0,"18,74",
ampere,1,resnet50_image,2g,64,warmup,6,83.05359649658203,,,MIG-cd5ccd12-9bd8-5d9f-9c97-3f4e20a97fa0,"18,74",
ampere,1,resnet50_image,2g,64,warmup,7,83.08604431152344,,,MIG-cd5ccd12-9bd8-5d9f-9c97-3f4e20a97fa0,"18,74",
ampere,1,resnet50_image,2g,64,warmup,8,83.06111907958984,,,MIG-cd5ccd12-9bd8-5d9f-9c97-3f4e20a97fa0,"18,74",
ampere,1,resnet50_image,2g,64,warmup,9,83.02617645263672,,,MIG-cd5ccd12-9bd8-5d9f-9c97-3f4e20a97fa0,"18,74",
ampere,1,resnet50_image,2g,64,sample,0,83.0211181640625,,,MIG-cd5ccd12-9bd8-5d9f-9c97-3f4e20a97fa0,"18,74",
ampere,1,resnet50_image,2g,64,sample,1,82.99369812011719,,,MIG-cd5ccd12-9bd8-5d9f-9c97-3f4e20a97fa0,"18,74",
ampere,1,resnet50_image,2g,64,sample,2,83.02301025390625,,,MIG-cd5ccd12-9bd8-5d9f-9c97-3f4e20a97fa0,"18,74",
ampere,1,resnet50_image,2g,64,sample,3,83.1063003540039,,,MIG-cd5ccd12-9bd8-5d9f-9c97-3f4e20a97fa0,"18,74",
ampere,1,resnet50_image,2g,64,sample,4,83.00688171386719,,,MIG-cd5ccd12-9bd8-5d9f-9c97-3f4e20a97fa0,"18,74",
ampere,1,resnet50_image,2g,64,sample,5,83.00182342529297,,,MIG-cd5ccd12-9bd8-5d9f-9c97-3f4e20a97fa0,"18,74",
ampere,1,resnet50_image,2g,64,sample,6,82.99552154541016,,,MIG-cd5ccd12-9bd8-5d9f-9c97-3f4e20a97fa0,"18,74",
ampere,1,resnet50_image,2g,64,sample,7,83.03449249267578,,,MIG-cd5ccd12-9bd8-5d9f-9c97-3f4e20a97fa0,"18,74",
ampere,1,resnet50_image,2g,64,sample,8,83.08153533935547,,,MIG-cd5ccd12-9bd8-5d9f-9c97-3f4e20a97fa0,"18,74",
ampere,1,resnet50_image,2g,64,sample,9,83.15715026855469,,,MIG-cd5ccd12-9bd8-5d9f-9c97-3f4e20a97fa0,"18,74",
ampere,1,resnet50_image,2g,64,sample,10,83.0038070678711,,,MIG-cd5ccd12-9bd8-5d9f-9c97-3f4e20a97fa0,"18,74",
ampere,1,resnet50_image,2g,64,sample,11,83.0736312866211,,,MIG-cd5ccd12-9bd8-5d9f-9c97-3f4e20a97fa0,"18,74",
ampere,1,resnet50_image,2g,64,sample,12,83.04627227783203,,,MIG-cd5ccd12-9bd8-5d9f-9c97-3f4e20a97fa0,"18,74",
ampere,1,resnet50_image,2g,64,sample,13,83.08643341064453,,,MIG-cd5ccd12-9bd8-5d9f-9c97-3f4e20a97fa0,"18,74",
ampere,1,resnet50_image,2g,64,sample,14,82.98607635498047,,,MIG-cd5ccd12-9bd8-5d9f-9c97-3f4e20a97fa0,"18,74",
ampere,1,resnet50_image,2g,64,sample,15,83.00975799560547,,,MIG-cd5ccd12-9bd8-5d9f-9c97-3f4e20a97fa0,"18,74",
ampere,1,resnet50_image,2g,64,sample,16,83.03456115722656,,,MIG-cd5ccd12-9bd8-5d9f-9c97-3f4e20a97fa0,"18,74",
ampere,1,resnet50_image,2g,64,sample,17,83.04486083984375,,,MIG-cd5ccd12-9bd8-5d9f-9c97-3f4e20a97fa0,"18,74",
ampere,1,resnet50_image,2g,64,sample,18,83.2682876586914,,,MIG-cd5ccd12-9bd8-5d9f-9c97-3f4e20a97fa0,"18,74",
ampere,1,resnet50_image,2g,64,sample,19,83.0955810546875,,,MIG-cd5ccd12-9bd8-5d9f-9c97-3f4e20a97fa0,"18,74",
ampere,1,resnet50_image,2g,64,sample,20,83.05763244628906,,,MIG-cd5ccd12-9bd8-5d9f-9c97-3f4e20a97fa0,"18,74",
ampere,1,resnet50_image,2g,64,sample,21,83.03040313720703,,,MIG-cd5ccd12-9bd8-5d9f-9c97-3f4e20a97fa0,"18,74",
ampere,1,resnet50_image,2g,64,sample,22,82.9691162109375,,,MIG-cd5ccd12-9bd8-5d9f-9c97-3f4e20a97fa0,"18,74",
ampere,1,resnet50_image,2g,64,sample,23,83.04783630371094,,,MIG-cd5ccd12-9bd8-5d9f-9c97-3f4e20a97fa0,"18,74",
ampere,1,resnet50_image,2g,64,sample,24,83.01904296875,,,MIG-cd5ccd12-9bd8-5d9f-9c97-3f4e20a97fa0,"18,74",
ampere,1,resnet50_image,2g,64,sample,25,83.0079345703125,,,MIG-cd5ccd12-9bd8-5d9f-9c97-3f4e20a97fa0,"18,74",
ampere,1,resnet50_image,2g,64,sample,26,83.00393676757812,,,MIG-cd5ccd12-9bd8-5d9f-9c97-3f4e20a97fa0,"18,74",
ampere,1,resnet50_image,2g,64,sample,27,83.02732849121094,,,MIG-cd5ccd12-9bd8-5d9f-9c97-3f4e20a97fa0,"18,74",
ampere,1,resnet50_image,2g,64,sample,28,83.0302734375,,,MIG-cd5ccd12-9bd8-5d9f-9c97-3f4e20a97fa0,"18,74",
ampere,1,resnet50_image,2g,64,sample,29,83.09939575195312,,,MIG-cd5ccd12-9bd8-5d9f-9c97-3f4e20a97fa0,"18,74",
ampere,1,resnet50_image,2g,64,sample,30,83.07708740234375,,,MIG-cd5ccd12-9bd8-5d9f-9c97-3f4e20a97fa0,"18,74",
ampere,1,resnet50_image,2g,64,sample,31,83.03673553466797,,,MIG-cd5ccd12-9bd8-5d9f-9c97-3f4e20a97fa0,"18,74",
ampere,1,resnet50_image,2g,64,sample,32,83.00281524658203,,,MIG-cd5ccd12-9bd8-5d9f-9c97-3f4e20a97fa0,"18,74",
ampere,1,resnet50_image,2g,64,sample,33,83.03065490722656,,,MIG-cd5ccd12-9bd8-5d9f-9c97-3f4e20a97fa0,"18,74",
ampere,1,resnet50_image,2g,64,sample,34,82.9909439086914,,,MIG-cd5ccd12-9bd8-5d9f-9c97-3f4e20a97fa0,"18,74",
ampere,1,resnet50_image,2g,64,sample,35,82.99417877197266,,,MIG-cd5ccd12-9bd8-5d9f-9c97-3f4e20a97fa0,"18,74",
ampere,1,resnet50_image,2g,64,sample,36,83.00457763671875,,,MIG-cd5ccd12-9bd8-5d9f-9c97-3f4e20a97fa0,"18,74",
ampere,1,resnet50_image,2g,64,sample,37,83.02105712890625,,,MIG-cd5ccd12-9bd8-5d9f-9c97-3f4e20a97fa0,"18,74",
ampere,1,resnet50_image,2g,64,sample,38,83.03766632080078,,,MIG-cd5ccd12-9bd8-5d9f-9c97-3f4e20a97fa0,"18,74",
ampere,1,resnet50_image,2g,64,sample,39,83.00956726074219,,,MIG-cd5ccd12-9bd8-5d9f-9c97-3f4e20a97fa0,"18,74",
ampere,1,resnet50_image,2g,64,sample,40,83.03404998779297,,,MIG-cd5ccd12-9bd8-5d9f-9c97-3f4e20a97fa0,"18,74",
ampere,1,resnet50_image,2g,64,sample,41,83.09149169921875,,,MIG-cd5ccd12-9bd8-5d9f-9c97-3f4e20a97fa0,"18,74",
ampere,1,resnet50_image,2g,64,sample,42,83.06499481201172,,,MIG-cd5ccd12-9bd8-5d9f-9c97-3f4e20a97fa0,"18,74",
ampere,1,resnet50_image,2g,64,sample,43,83.07917022705078,,,MIG-cd5ccd12-9bd8-5d9f-9c97-3f4e20a97fa0,"18,74",
ampere,1,resnet50_image,2g,64,sample,44,83.03945922851562,,,MIG-cd5ccd12-9bd8-5d9f-9c97-3f4e20a97fa0,"18,74",
ampere,1,resnet50_image,2g,64,sample,45,83.02521514892578,,,MIG-cd5ccd12-9bd8-5d9f-9c97-3f4e20a97fa0,"18,74",
ampere,1,resnet50_image,2g,64,sample,46,83.0057601928711,,,MIG-cd5ccd12-9bd8-5d9f-9c97-3f4e20a97fa0,"18,74",
ampere,1,resnet50_image,2g,64,sample,47,83.00627136230469,,,MIG-cd5ccd12-9bd8-5d9f-9c97-3f4e20a97fa0,"18,74",
ampere,1,resnet50_image,2g,64,sample,48,83.05036926269531,,,MIG-cd5ccd12-9bd8-5d9f-9c97-3f4e20a97fa0,"18,74",
ampere,1,resnet50_image,2g,64,sample,49,83.0673599243164,,,MIG-cd5ccd12-9bd8-5d9f-9c97-3f4e20a97fa0,"18,74",
ampere,1,vgg16_image,2g,1,warmup,0,17.711135864257812,,,MIG-cd5ccd12-9bd8-5d9f-9c97-3f4e20a97fa0,"18,74",
ampere,1,vgg16_image,2g,1,warmup,1,9.60927963256836,,,MIG-cd5ccd12-9bd8-5d9f-9c97-3f4e20a97fa0,"18,74",
ampere,1,vgg16_image,2g,1,warmup,2,9.178751945495605,,,MIG-cd5ccd12-9bd8-5d9f-9c97-3f4e20a97fa0,"18,74",
ampere,1,vgg16_image,2g,1,warmup,3,9.180671691894531,,,MIG-cd5ccd12-9bd8-5d9f-9c97-3f4e20a97fa0,"18,74",
ampere,1,vgg16_image,2g,1,warmup,4,9.913472175598145,,,MIG-cd5ccd12-9bd8-5d9f-9c97-3f4e20a97fa0,"18,74",
ampere,1,vgg16_image,2g,1,warmup,5,9.362784385681152,,,MIG-cd5ccd12-9bd8-5d9f-9c97-3f4e20a97fa0,"18,74",
ampere,1,vgg16_image,2g,1,warmup,6,9.172127723693848,,,MIG-cd5ccd12-9bd8-5d9f-9c97-3f4e20a97fa0,"18,74",
ampere,1,vgg16_image,2g,1,warmup,7,9.170432090759277,,,MIG-cd5ccd12-9bd8-5d9f-9c97-3f4e20a97fa0,"18,74",
ampere,1,vgg16_image,2g,1,warmup,8,9.163616180419922,,,MIG-cd5ccd12-9bd8-5d9f-9c97-3f4e20a97fa0,"18,74",
ampere,1,vgg16_image,2g,1,warmup,9,9.201312065124512,,,MIG-cd5ccd12-9bd8-5d9f-9c97-3f4e20a97fa0,"18,74",
ampere,1,vgg16_image,2g,1,sample,0,9.195296287536621,,,MIG-cd5ccd12-9bd8-5d9f-9c97-3f4e20a97fa0,"18,74",
ampere,1,vgg16_image,2g,1,sample,1,9.195072174072266,,,MIG-cd5ccd12-9bd8-5d9f-9c97-3f4e20a97fa0,"18,74",
ampere,1,vgg16_image,2g,1,sample,2,9.176575660705566,,,MIG-cd5ccd12-9bd8-5d9f-9c97-3f4e20a97fa0,"18,74",
ampere,1,vgg16_image,2g,1,sample,3,9.199392318725586,,,MIG-cd5ccd12-9bd8-5d9f-9c97-3f4e20a97fa0,"18,74",
ampere,1,vgg16_image,2g,1,sample,4,9.60153579711914,,,MIG-cd5ccd12-9bd8-5d9f-9c97-3f4e20a97fa0,"18,74",
ampere,1,vgg16_image,2g,1,sample,5,10.406208038330078,,,MIG-cd5ccd12-9bd8-5d9f-9c97-3f4e20a97fa0,"18,74",
ampere,1,vgg16_image,2g,1,sample,6,9.181535720825195,,,MIG-cd5ccd12-9bd8-5d9f-9c97-3f4e20a97fa0,"18,74",
ampere,1,vgg16_image,2g,1,sample,7,9.196831703186035,,,MIG-cd5ccd12-9bd8-5d9f-9c97-3f4e20a97fa0,"18,74",
ampere,1,vgg16_image,2g,1,sample,8,9.171008110046387,,,MIG-cd5ccd12-9bd8-5d9f-9c97-3f4e20a97fa0,"18,74",
ampere,1,vgg16_image,2g,1,sample,9,9.158656120300293,,,MIG-cd5ccd12-9bd8-5d9f-9c97-3f4e20a97fa0,"18,74",
ampere,1,vgg16_image,2g,1,sample,10,9.735712051391602,,,MIG-cd5ccd12-9bd8-5d9f-9c97-3f4e20a97fa0,"18,74",
ampere,1,vgg16_image,2g,1,sample,11,10.300671577453613,,,MIG-cd5ccd12-9bd8-5d9f-9c97-3f4e20a97fa0,"18,74",
ampere,1,vgg16_image,2g,1,sample,12,9.170271873474121,,,MIG-cd5ccd12-9bd8-5d9f-9c97-3f4e20a97fa0,"18,74",
ampere,1,vgg16_image,2g,1,sample,13,9.172479629516602,,,MIG-cd5ccd12-9bd8-5d9f-9c97-3f4e20a97fa0,"18,74",
ampere,1,vgg16_image,2g,1,sample,14,9.163935661315918,,,MIG-cd5ccd12-9bd8-5d9f-9c97-3f4e20a97fa0,"18,74",
ampere,1,vgg16_image,2g,1,sample,15,9.177151679992676,,,MIG-cd5ccd12-9bd8-5d9f-9c97-3f4e20a97fa0,"18,74",
ampere,1,vgg16_image,2g,1,sample,16,10.610655784606934,,,MIG-cd5ccd12-9bd8-5d9f-9c97-3f4e20a97fa0,"18,74",
ampere,1,vgg16_image,2g,1,sample,17,9.159775733947754,,,MIG-cd5ccd12-9bd8-5d9f-9c97-3f4e20a97fa0,"18,74",
ampere,1,vgg16_image,2g,1,sample,18,9.162367820739746,,,MIG-cd5ccd12-9bd8-5d9f-9c97-3f4e20a97fa0,"18,74",
ampere,1,vgg16_image,2g,1,sample,19,9.17199993133545,,,MIG-cd5ccd12-9bd8-5d9f-9c97-3f4e20a97fa0,"18,74",
ampere,1,vgg16_image,2g,1,sample,20,9.202591896057129,,,MIG-cd5ccd12-9bd8-5d9f-9c97-3f4e20a97fa0,"18,74",
ampere,1,vgg16_image,2g,1,sample,21,9.437408447265625,,,MIG-cd5ccd12-9bd8-5d9f-9c97-3f4e20a97fa0,"18,74",
ampere,1,vgg16_image,2g,1,sample,22,10.72985553741455,,,MIG-cd5ccd12-9bd8-5d9f-9c97-3f4e20a97fa0,"18,74",
ampere,1,vgg16_image,2g,1,sample,23,9.219615936279297,,,MIG-cd5ccd12-9bd8-5d9f-9c97-3f4e20a97fa0,"18,74",
ampere,1,vgg16_image,2g,1,sample,24,9.139616012573242,,,MIG-cd5ccd12-9bd8-5d9f-9c97-3f4e20a97fa0,"18,74",
ampere,1,vgg16_image,2g,1,sample,25,10.138463973999023,,,MIG-cd5ccd12-9bd8-5d9f-9c97-3f4e20a97fa0,"18,74",
ampere,1,vgg16_image,2g,1,sample,26,10.065376281738281,,,MIG-cd5ccd12-9bd8-5d9f-9c97-3f4e20a97fa0,"18,74",
ampere,1,vgg16_image,2g,1,sample,27,9.168352127075195,,,MIG-cd5ccd12-9bd8-5d9f-9c97-3f4e20a97fa0,"18,74",
ampere,1,vgg16_image,2g,1,sample,28,9.148063659667969,,,MIG-cd5ccd12-9bd8-5d9f-9c97-3f4e20a97fa0,"18,74",
ampere,1,vgg16_image,2g,1,sample,29,9.145503997802734,,,MIG-cd5ccd12-9bd8-5d9f-9c97-3f4e20a97fa0,"18,74",
ampere,1,vgg16_image,2g,1,sample,30,9.15664005279541,,,MIG-cd5ccd12-9bd8-5d9f-9c97-3f4e20a97fa0,"18,74",
ampere,1,vgg16_image,2g,1,sample,31,9.170144081115723,,,MIG-cd5ccd12-9bd8-5d9f-9c97-3f4e20a97fa0,"18,74",
ampere,1,vgg16_image,2g,1,sample,32,10.790975570678711,,,MIG-cd5ccd12-9bd8-5d9f-9c97-3f4e20a97fa0,"18,74",
ampere,1,vgg16_image,2g,1,sample,33,9.156864166259766,,,MIG-cd5ccd12-9bd8-5d9f-9c97-3f4e20a97fa0,"18,74",
ampere,1,vgg16_image,2g,1,sample,34,9.147839546203613,,,MIG-cd5ccd12-9bd8-5d9f-9c97-3f4e20a97fa0,"18,74",
ampere,1,vgg16_image,2g,1,sample,35,9.168448448181152,,,MIG-cd5ccd12-9bd8-5d9f-9c97-3f4e20a97fa0,"18,74",
ampere,1,vgg16_image,2g,1,sample,36,9.187616348266602,,,MIG-cd5ccd12-9bd8-5d9f-9c97-3f4e20a97fa0,"18,74",
ampere,1,vgg16_image,2g,1,sample,37,10.55081558227539,,,MIG-cd5ccd12-9bd8-5d9f-9c97-3f4e20a97fa0,"18,74",
ampere,1,vgg16_image,2g,1,sample,38,9.219200134277344,,,MIG-cd5ccd12-9bd8-5d9f-9c97-3f4e20a97fa0,"18,74",
ampere,1,vgg16_image,2g,1,sample,39,9.20406436920166,,,MIG-cd5ccd12-9bd8-5d9f-9c97-3f4e20a97fa0,"18,74",
ampere,1,vgg16_image,2g,1,sample,40,9.161888122558594,,,MIG-cd5ccd12-9bd8-5d9f-9c97-3f4e20a97fa0,"18,74",
ampere,1,vgg16_image,2g,1,sample,41,9.295616149902344,,,MIG-cd5ccd12-9bd8-5d9f-9c97-3f4e20a97fa0,"18,74",
ampere,1,vgg16_image,2g,1,sample,42,10.636575698852539,,,MIG-cd5ccd12-9bd8-5d9f-9c97-3f4e20a97fa0,"18,74",
ampere,1,vgg16_image,2g,1,sample,43,9.170016288757324,,,MIG-cd5ccd12-9bd8-5d9f-9c97-3f4e20a97fa0,"18,74",
ampere,1,vgg16_image,2g,1,sample,44,9.166975975036621,,,MIG-cd5ccd12-9bd8-5d9f-9c97-3f4e20a97fa0,"18,74",
ampere,1,vgg16_image,2g,1,sample,45,9.197952270507812,,,MIG-cd5ccd12-9bd8-5d9f-9c97-3f4e20a97fa0,"18,74",
ampere,1,vgg16_image,2g,1,sample,46,9.178208351135254,,,MIG-cd5ccd12-9bd8-5d9f-9c97-3f4e20a97fa0,"18,74",
ampere,1,vgg16_image,2g,1,sample,47,9.151424407958984,,,MIG-cd5ccd12-9bd8-5d9f-9c97-3f4e20a97fa0,"18,74",
ampere,1,vgg16_image,2g,1,sample,48,9.21065616607666,,,MIG-cd5ccd12-9bd8-5d9f-9c97-3f4e20a97fa0,"18,74",
ampere,1,vgg16_image,2g,1,sample,49,10.916799545288086,,,MIG-cd5ccd12-9bd8-5d9f-9c97-3f4e20a97fa0,"18,74",
ampere,1,vgg16_image,2g,4,warmup,0,22.215904235839844,,,MIG-cd5ccd12-9bd8-5d9f-9c97-3f4e20a97fa0,"18,74",
ampere,1,vgg16_image,2g,4,warmup,1,11.56601619720459,,,MIG-cd5ccd12-9bd8-5d9f-9c97-3f4e20a97fa0,"18,74",
ampere,1,vgg16_image,2g,4,warmup,2,11.492671966552734,,,MIG-cd5ccd12-9bd8-5d9f-9c97-3f4e20a97fa0,"18,74",
ampere,1,vgg16_image,2g,4,warmup,3,11.528448104858398,,,MIG-cd5ccd12-9bd8-5d9f-9c97-3f4e20a97fa0,"18,74",
ampere,1,vgg16_image,2g,4,warmup,4,11.496416091918945,,,MIG-cd5ccd12-9bd8-5d9f-9c97-3f4e20a97fa0,"18,74",
ampere,1,vgg16_image,2g,4,warmup,5,11.553791999816895,,,MIG-cd5ccd12-9bd8-5d9f-9c97-3f4e20a97fa0,"18,74",
ampere,1,vgg16_image,2g,4,warmup,6,11.519455909729004,,,MIG-cd5ccd12-9bd8-5d9f-9c97-3f4e20a97fa0,"18,74",
ampere,1,vgg16_image,2g,4,warmup,7,11.519328117370605,,,MIG-cd5ccd12-9bd8-5d9f-9c97-3f4e20a97fa0,"18,74",
ampere,1,vgg16_image,2g,4,warmup,8,11.537792205810547,,,MIG-cd5ccd12-9bd8-5d9f-9c97-3f4e20a97fa0,"18,74",
ampere,1,vgg16_image,2g,4,warmup,9,11.497023582458496,,,MIG-cd5ccd12-9bd8-5d9f-9c97-3f4e20a97fa0,"18,74",
ampere,1,vgg16_image,2g,4,sample,0,11.491680145263672,,,MIG-cd5ccd12-9bd8-5d9f-9c97-3f4e20a97fa0,"18,74",
ampere,1,vgg16_image,2g,4,sample,1,11.579071998596191,,,MIG-cd5ccd12-9bd8-5d9f-9c97-3f4e20a97fa0,"18,74",
ampere,1,vgg16_image,2g,4,sample,2,11.496543884277344,,,MIG-cd5ccd12-9bd8-5d9f-9c97-3f4e20a97fa0,"18,74",
ampere,1,vgg16_image,2g,4,sample,3,11.564352035522461,,,MIG-cd5ccd12-9bd8-5d9f-9c97-3f4e20a97fa0,"18,74",
ampere,1,vgg16_image,2g,4,sample,4,11.51193618774414,,,MIG-cd5ccd12-9bd8-5d9f-9c97-3f4e20a97fa0,"18,74",
ampere,1,vgg16_image,2g,4,sample,5,12.605055809020996,,,MIG-cd5ccd12-9bd8-5d9f-9c97-3f4e20a97fa0,"18,74",
ampere,1,vgg16_image,2g,4,sample,6,11.508864402770996,,,MIG-cd5ccd12-9bd8-5d9f-9c97-3f4e20a97fa0,"18,74",
ampere,1,vgg16_image,2g,4,sample,7,11.485407829284668,,,MIG-cd5ccd12-9bd8-5d9f-9c97-3f4e20a97fa0,"18,74",
ampere,1,vgg16_image,2g,4,sample,8,11.50438404083252,,,MIG-cd5ccd12-9bd8-5d9f-9c97-3f4e20a97fa0,"18,74",
ampere,1,vgg16_image,2g,4,sample,9,11.622879981994629,,,MIG-cd5ccd12-9bd8-5d9f-9c97-3f4e20a97fa0,"18,74",
ampere,1,vgg16_image,2g,4,sample,10,11.503520011901855,,,MIG-cd5ccd12-9bd8-5d9f-9c97-3f4e20a97fa0,"18,74",
ampere,1,vgg16_image,2g,4,sample,11,12.227071762084961,,,MIG-cd5ccd12-9bd8-5d9f-9c97-3f4e20a97fa0,"18,74",
ampere,1,vgg16_image,2g,4,sample,12,11.801440238952637,,,MIG-cd5ccd12-9bd8-5d9f-9c97-3f4e20a97fa0,"18,74",
ampere,1,vgg16_image,2g,4,sample,13,11.518752098083496,,,MIG-cd5ccd12-9bd8-5d9f-9c97-3f4e20a97fa0,"18,74",
ampere,1,vgg16_image,2g,4,sample,14,11.766847610473633,,,MIG-cd5ccd12-9bd8-5d9f-9c97-3f4e20a97fa0,"18,74",
ampere,1,vgg16_image,2g,4,sample,15,11.486847877502441,,,MIG-cd5ccd12-9bd8-5d9f-9c97-3f4e20a97fa0,"18,74",
ampere,1,vgg16_image,2g,4,sample,16,12.543007850646973,,,MIG-cd5ccd12-9bd8-5d9f-9c97-3f4e20a97fa0,"18,74",
ampere,1,vgg16_image,2g,4,sample,17,11.491104125976562,,,MIG-cd5ccd12-9bd8-5d9f-9c97-3f4e20a97fa0,"18,74",
ampere,1,vgg16_image,2g,4,sample,18,12.373279571533203,,,MIG-cd5ccd12-9bd8-5d9f-9c97-3f4e20a97fa0,"18,74",
ampere,1,vgg16_image,2g,4,sample,19,11.502911567687988,,,MIG-cd5ccd12-9bd8-5d9f-9c97-3f4e20a97fa0,"18,74",
ampere,1,vgg16_image,2g,4,sample,20,11.492992401123047,,,MIG-cd5ccd12-9bd8-5d9f-9c97-3f4e20a97fa0,"18,74",
ampere,1,vgg16_image,2g,4,sample,21,11.614656448364258,,,MIG-cd5ccd12-9bd8-5d9f-9c97-3f4e20a97fa0,"18,74",
ampere,1,vgg16_image,2g,4,sample,22,11.503711700439453,,,MIG-cd5ccd12-9bd8-5d9f-9c97-3f4e20a97fa0,"18,74",
ampere,1,vgg16_image,2g,4,sample,23,12.510016441345215,,,MIG-cd5ccd12-9bd8-5d9f-9c97-3f4e20a97fa0,"18,74",
ampere,1,vgg16_image,2g,4,sample,24,11.507519721984863,,,MIG-cd5ccd12-9bd8-5d9f-9c97-3f4e20a97fa0,"18,74",
ampere,1,vgg16_image,2g,4,sample,25,12.420703887939453,,,MIG-cd5ccd12-9bd8-5d9f-9c97-3f4e20a97fa0,"18,74",
ampere,1,vgg16_image,2g,4,sample,26,11.512895584106445,,,MIG-cd5ccd12-9bd8-5d9f-9c97-3f4e20a97fa0,"18,74",
ampere,1,vgg16_image,2g,4,sample,27,11.879232406616211,,,MIG-cd5ccd12-9bd8-5d9f-9c97-3f4e20a97fa0,"18,74",
ampere,1,vgg16_image,2g,4,sample,28,17.38096046447754,,,MIG-cd5ccd12-9bd8-5d9f-9c97-3f4e20a97fa0,"18,74",
ampere,1,vgg16_image,2g,4,sample,29,11.494144439697266,,,MIG-cd5ccd12-9bd8-5d9f-9c97-3f4e20a97fa0,"18,74",
ampere,1,vgg16_image,2g,4,sample,30,11.499967575073242,,,MIG-cd5ccd12-9bd8-5d9f-9c97-3f4e20a97fa0,"18,74",
ampere,1,vgg16_image,2g,4,sample,31,11.499872207641602,,,MIG-cd5ccd12-9bd8-5d9f-9c97-3f4e20a97fa0,"18,74",
ampere,1,vgg16_image,2g,4,sample,32,11.53548812866211,,,MIG-cd5ccd12-9bd8-5d9f-9c97-3f4e20a97fa0,"18,74",
ampere,1,vgg16_image,2g,4,sample,33,12.512191772460938,,,MIG-cd5ccd12-9bd8-5d9f-9c97-3f4e20a97fa0,"18,74",
ampere,1,vgg16_image,2g,4,sample,34,11.51260757446289,,,MIG-cd5ccd12-9bd8-5d9f-9c97-3f4e20a97fa0,"18,74",
ampere,1,vgg16_image,2g,4,sample,35,11.712639808654785,,,MIG-cd5ccd12-9bd8-5d9f-9c97-3f4e20a97fa0,"18,74",
ampere,1,vgg16_image,2g,4,sample,36,11.529248237609863,,,MIG-cd5ccd12-9bd8-5d9f-9c97-3f4e20a97fa0,"18,74",
ampere,1,vgg16_image,2g,4,sample,37,12.359359741210938,,,MIG-cd5ccd12-9bd8-5d9f-9c97-3f4e20a97fa0,"18,74",
ampere,1,vgg16_image,2g,4,sample,38,11.499744415283203,,,MIG-cd5ccd12-9bd8-5d9f-9c97-3f4e20a97fa0,"18,74",
ampere,1,vgg16_image,2g,4,sample,39,11.787360191345215,,,MIG-cd5ccd12-9bd8-5d9f-9c97-3f4e20a97fa0,"18,74",
ampere,1,vgg16_image,2g,4,sample,40,11.493439674377441,,,MIG-cd5ccd12-9bd8-5d9f-9c97-3f4e20a97fa0,"18,74",
ampere,1,vgg16_image,2g,4,sample,41,11.497376441955566,,,MIG-cd5ccd12-9bd8-5d9f-9c97-3f4e20a97fa0,"18,74",
ampere,1,vgg16_image,2g,4,sample,42,11.491935729980469,,,MIG-cd5ccd12-9bd8-5d9f-9c97-3f4e20a97fa0,"18,74",
ampere,1,vgg16_image,2g,4,sample,43,11.484479904174805,,,MIG-cd5ccd12-9bd8-5d9f-9c97-3f4e20a97fa0,"18,74",
ampere,1,vgg16_image,2g,4,sample,44,11.9486722946167,,,MIG-cd5ccd12-9bd8-5d9f-9c97-3f4e20a97fa0,"18,74",
ampere,1,vgg16_image,2g,4,sample,45,11.504511833190918,,,MIG-cd5ccd12-9bd8-5d9f-9c97-3f4e20a97fa0,"18,74",
ampere,1,vgg16_image,2g,4,sample,46,12.173824310302734,,,MIG-cd5ccd12-9bd8-5d9f-9c97-3f4e20a97fa0,"18,74",
ampere,1,vgg16_image,2g,4,sample,47,11.51910400390625,,,MIG-cd5ccd12-9bd8-5d9f-9c97-3f4e20a97fa0,"18,74",
ampere,1,vgg16_image,2g,4,sample,48,11.511712074279785,,,MIG-cd5ccd12-9bd8-5d9f-9c97-3f4e20a97fa0,"18,74",
ampere,1,vgg16_image,2g,4,sample,49,11.657695770263672,,,MIG-cd5ccd12-9bd8-5d9f-9c97-3f4e20a97fa0,"18,74",
ampere,1,vgg16_image,2g,16,warmup,0,34.627166748046875,,,MIG-cd5ccd12-9bd8-5d9f-9c97-3f4e20a97fa0,"18,74",
ampere,1,vgg16_image,2g,16,warmup,1,34.15296173095703,,,MIG-cd5ccd12-9bd8-5d9f-9c97-3f4e20a97fa0,"18,74",
ampere,1,vgg16_image,2g,16,warmup,2,34.169185638427734,,,MIG-cd5ccd12-9bd8-5d9f-9c97-3f4e20a97fa0,"18,74",
ampere,1,vgg16_image,2g,16,warmup,3,34.176513671875,,,MIG-cd5ccd12-9bd8-5d9f-9c97-3f4e20a97fa0,"18,74",
ampere,1,vgg16_image,2g,16,warmup,4,34.16070556640625,,,MIG-cd5ccd12-9bd8-5d9f-9c97-3f4e20a97fa0,"18,74",
ampere,1,vgg16_image,2g,16,warmup,5,34.22159957885742,,,MIG-cd5ccd12-9bd8-5d9f-9c97-3f4e20a97fa0,"18,74",
ampere,1,vgg16_image,2g,16,warmup,6,34.21788787841797,,,MIG-cd5ccd12-9bd8-5d9f-9c97-3f4e20a97fa0,"18,74",
ampere,1,vgg16_image,2g,16,warmup,7,34.1635856628418,,,MIG-cd5ccd12-9bd8-5d9f-9c97-3f4e20a97fa0,"18,74",
ampere,1,vgg16_image,2g,16,warmup,8,34.21984100341797,,,MIG-cd5ccd12-9bd8-5d9f-9c97-3f4e20a97fa0,"18,74",
ampere,1,vgg16_image,2g,16,warmup,9,34.161502838134766,,,MIG-cd5ccd12-9bd8-5d9f-9c97-3f4e20a97fa0,"18,74",
ampere,1,vgg16_image,2g,16,sample,0,34.15555191040039,,,MIG-cd5ccd12-9bd8-5d9f-9c97-3f4e20a97fa0,"18,74",
ampere,1,vgg16_image,2g,16,sample,1,34.17420959472656,,,MIG-cd5ccd12-9bd8-5d9f-9c97-3f4e20a97fa0,"18,74",
ampere,1,vgg16_image,2g,16,sample,2,34.16457748413086,,,MIG-cd5ccd12-9bd8-5d9f-9c97-3f4e20a97fa0,"18,74",
ampere,1,vgg16_image,2g,16,sample,3,34.14985656738281,,,MIG-cd5ccd12-9bd8-5d9f-9c97-3f4e20a97fa0,"18,74",
ampere,1,vgg16_image,2g,16,sample,4,34.37311935424805,,,MIG-cd5ccd12-9bd8-5d9f-9c97-3f4e20a97fa0,"18,74",
ampere,1,vgg16_image,2g,16,sample,5,34.144832611083984,,,MIG-cd5ccd12-9bd8-5d9f-9c97-3f4e20a97fa0,"18,74",
ampere,1,vgg16_image,2g,16,sample,6,34.21510314941406,,,MIG-cd5ccd12-9bd8-5d9f-9c97-3f4e20a97fa0,"18,74",
ampere,1,vgg16_image,2g,16,sample,7,34.156734466552734,,,MIG-cd5ccd12-9bd8-5d9f-9c97-3f4e20a97fa0,"18,74",
ampere,1,vgg16_image,2g,16,sample,8,34.196319580078125,,,MIG-cd5ccd12-9bd8-5d9f-9c97-3f4e20a97fa0,"18,74",
ampere,1,vgg16_image,2g,16,sample,9,34.17388916015625,,,MIG-cd5ccd12-9bd8-5d9f-9c97-3f4e20a97fa0,"18,74",
ampere,1,vgg16_image,2g,16,sample,10,34.178016662597656,,,MIG-cd5ccd12-9bd8-5d9f-9c97-3f4e20a97fa0,"18,74",
ampere,1,vgg16_image,2g,16,sample,11,34.15603256225586,,,MIG-cd5ccd12-9bd8-5d9f-9c97-3f4e20a97fa0,"18,74",
ampere,1,vgg16_image,2g,16,sample,12,34.152767181396484,,,MIG-cd5ccd12-9bd8-5d9f-9c97-3f4e20a97fa0,"18,74",
ampere,1,vgg16_image,2g,16,sample,13,34.2509765625,,,MIG-cd5ccd12-9bd8-5d9f-9c97-3f4e20a97fa0,"18,74",
ampere,1,vgg16_image,2g,16,sample,14,34.14886474609375,,,MIG-cd5ccd12-9bd8-5d9f-9c97-3f4e20a97fa0,"18,74",
ampere,1,vgg16_image,2g,16,sample,15,34.16425704956055,,,MIG-cd5ccd12-9bd8-5d9f-9c97-3f4e20a97fa0,"18,74",
ampere,1,vgg16_image,2g,16,sample,16,34.16620635986328,,,MIG-cd5ccd12-9bd8-5d9f-9c97-3f4e20a97fa0,"18,74",
ampere,1,vgg16_image,2g,16,sample,17,34.162593841552734,,,MIG-cd5ccd12-9bd8-5d9f-9c97-3f4e20a97fa0,"18,74",
ampere,1,vgg16_image,2g,16,sample,18,34.15689468383789,,,MIG-cd5ccd12-9bd8-5d9f-9c97-3f4e20a97fa0,"18,74",
ampere,1,vgg16_image,2g,16,sample,19,34.3353271484375,,,MIG-cd5ccd12-9bd8-5d9f-9c97-3f4e20a97fa0,"18,74",
ampere,1,vgg16_image,2g,16,sample,20,34.163936614990234,,,MIG-cd5ccd12-9bd8-5d9f-9c97-3f4e20a97fa0,"18,74",
ampere,1,vgg16_image,2g,16,sample,21,34.16476821899414,,,MIG-cd5ccd12-9bd8-5d9f-9c97-3f4e20a97fa0,"18,74",
ampere,1,vgg16_image,2g,16,sample,22,34.250431060791016,,,MIG-cd5ccd12-9bd8-5d9f-9c97-3f4e20a97fa0,"18,74",
ampere,1,vgg16_image,2g,16,sample,23,34.1519660949707,,,MIG-cd5ccd12-9bd8-5d9f-9c97-3f4e20a97fa0,"18,74",
ampere,1,vgg16_image,2g,16,sample,24,34.173439025878906,,,MIG-cd5ccd12-9bd8-5d9f-9c97-3f4e20a97fa0,"18,74",
ampere,1,vgg16_image,2g,16,sample,25,34.165374755859375,,,MIG-cd5ccd12-9bd8-5d9f-9c97-3f4e20a97fa0,"18,74",
ampere,1,vgg16_image,2g,16,sample,26,34.163841247558594,,,MIG-cd5ccd12-9bd8-5d9f-9c97-3f4e20a97fa0,"18,74",
ampere,1,vgg16_image,2g,16,sample,27,34.17027282714844,,,MIG-cd5ccd12-9bd8-5d9f-9c97-3f4e20a97fa0,"18,74",
ampere,1,vgg16_image,2g,16,sample,28,34.17782211303711,,,MIG-cd5ccd12-9bd8-5d9f-9c97-3f4e20a97fa0,"18,74",
ampere,1,vgg16_image,2g,16,sample,29,34.17020797729492,,,MIG-cd5ccd12-9bd8-5d9f-9c97-3f4e20a97fa0,"18,74",
ampere,1,vgg16_image,2g,16,sample,30,34.19667053222656,,,MIG-cd5ccd12-9bd8-5d9f-9c97-3f4e20a97fa0,"18,74",
ampere,1,vgg16_image,2g,16,sample,31,34.15737533569336,,,MIG-cd5ccd12-9bd8-5d9f-9c97-3f4e20a97fa0,"18,74",
ampere,1,vgg16_image,2g,16,sample,32,34.18403244018555,,,MIG-cd5ccd12-9bd8-5d9f-9c97-3f4e20a97fa0,"18,74",
ampere,1,vgg16_image,2g,16,sample,33,34.19126510620117,,,MIG-cd5ccd12-9bd8-5d9f-9c97-3f4e20a97fa0,"18,74",
ampere,1,vgg16_image,2g,16,sample,34,34.183807373046875,,,MIG-cd5ccd12-9bd8-5d9f-9c97-3f4e20a97fa0,"18,74",
ampere,1,vgg16_image,2g,16,sample,35,34.17571258544922,,,MIG-cd5ccd12-9bd8-5d9f-9c97-3f4e20a97fa0,"18,74",
ampere,1,vgg16_image,2g,16,sample,36,34.166080474853516,,,MIG-cd5ccd12-9bd8-5d9f-9c97-3f4e20a97fa0,"18,74",
ampere,1,vgg16_image,2g,16,sample,37,34.16694259643555,,,MIG-cd5ccd12-9bd8-5d9f-9c97-3f4e20a97fa0,"18,74",
ampere,1,vgg16_image,2g,16,sample,38,34.13932800292969,,,MIG-cd5ccd12-9bd8-5d9f-9c97-3f4e20a97fa0,"18,74",
ampere,1,vgg16_image,2g,16,sample,39,34.204769134521484,,,MIG-cd5ccd12-9bd8-5d9f-9c97-3f4e20a97fa0,"18,74",
ampere,1,vgg16_image,2g,16,sample,40,34.15804672241211,,,MIG-cd5ccd12-9bd8-5d9f-9c97-3f4e20a97fa0,"18,74",
ampere,1,vgg16_image,2g,16,sample,41,34.15631866455078,,,MIG-cd5ccd12-9bd8-5d9f-9c97-3f4e20a97fa0,"18,74",
ampere,1,vgg16_image,2g,16,sample,42,34.172096252441406,,,MIG-cd5ccd12-9bd8-5d9f-9c97-3f4e20a97fa0,"18,74",
ampere,1,vgg16_image,2g,16,sample,43,34.231040954589844,,,MIG-cd5ccd12-9bd8-5d9f-9c97-3f4e20a97fa0,"18,74",
ampere,1,vgg16_image,2g,16,sample,44,34.171775817871094,,,MIG-cd5ccd12-9bd8-5d9f-9c97-3f4e20a97fa0,"18,74",
ampere,1,vgg16_image,2g,16,sample,45,34.18950271606445,,,MIG-cd5ccd12-9bd8-5d9f-9c97-3f4e20a97fa0,"18,74",
ampere,1,vgg16_image,2g,16,sample,46,34.161983489990234,,,MIG-cd5ccd12-9bd8-5d9f-9c97-3f4e20a97fa0,"18,74",
ampere,1,vgg16_image,2g,16,sample,47,34.162689208984375,,,MIG-cd5ccd12-9bd8-5d9f-9c97-3f4e20a97fa0,"18,74",
ampere,1,vgg16_image,2g,16,sample,48,34.17340850830078,,,MIG-cd5ccd12-9bd8-5d9f-9c97-3f4e20a97fa0,"18,74",
ampere,1,vgg16_image,2g,16,sample,49,34.31203079223633,,,MIG-cd5ccd12-9bd8-5d9f-9c97-3f4e20a97fa0,"18,74",
ampere,1,vgg16_image,2g,32,warmup,0,66.2544937133789,,,MIG-cd5ccd12-9bd8-5d9f-9c97-3f4e20a97fa0,"18,74",
ampere,1,vgg16_image,2g,32,warmup,1,65.45414733886719,,,MIG-cd5ccd12-9bd8-5d9f-9c97-3f4e20a97fa0,"18,74",
ampere,1,vgg16_image,2g,32,warmup,2,65.39202880859375,,,MIG-cd5ccd12-9bd8-5d9f-9c97-3f4e20a97fa0,"18,74",
ampere,1,vgg16_image,2g,32,warmup,3,65.42658996582031,,,MIG-cd5ccd12-9bd8-5d9f-9c97-3f4e20a97fa0,"18,74",
ampere,1,vgg16_image,2g,32,warmup,4,65.37670135498047,,,MIG-cd5ccd12-9bd8-5d9f-9c97-3f4e20a97fa0,"18,74",
ampere,1,vgg16_image,2g,32,warmup,5,65.57353973388672,,,MIG-cd5ccd12-9bd8-5d9f-9c97-3f4e20a97fa0,"18,74",
ampere,1,vgg16_image,2g,32,warmup,6,65.4381103515625,,,MIG-cd5ccd12-9bd8-5d9f-9c97-3f4e20a97fa0,"18,74",
ampere,1,vgg16_image,2g,32,warmup,7,65.44348907470703,,,MIG-cd5ccd12-9bd8-5d9f-9c97-3f4e20a97fa0,"18,74",
ampere,1,vgg16_image,2g,32,warmup,8,65.38617706298828,,,MIG-cd5ccd12-9bd8-5d9f-9c97-3f4e20a97fa0,"18,74",
ampere,1,vgg16_image,2g,32,warmup,9,65.38400268554688,,,MIG-cd5ccd12-9bd8-5d9f-9c97-3f4e20a97fa0,"18,74",
ampere,1,vgg16_image,2g,32,sample,0,65.61676788330078,,,MIG-cd5ccd12-9bd8-5d9f-9c97-3f4e20a97fa0,"18,74",
ampere,1,vgg16_image,2g,32,sample,1,65.92556762695312,,,MIG-cd5ccd12-9bd8-5d9f-9c97-3f4e20a97fa0,"18,74",
ampere,1,vgg16_image,2g,32,sample,2,65.37452697753906,,,MIG-cd5ccd12-9bd8-5d9f-9c97-3f4e20a97fa0,"18,74",
ampere,1,vgg16_image,2g,32,sample,3,65.34492492675781,,,MIG-cd5ccd12-9bd8-5d9f-9c97-3f4e20a97fa0,"18,74",
ampere,1,vgg16_image,2g,32,sample,4,65.4393310546875,,,MIG-cd5ccd12-9bd8-5d9f-9c97-3f4e20a97fa0,"18,74",
ampere,1,vgg16_image,2g,32,sample,5,65.39593505859375,,,MIG-cd5ccd12-9bd8-5d9f-9c97-3f4e20a97fa0,"18,74",
ampere,1,vgg16_image,2g,32,sample,6,65.34502410888672,,,MIG-cd5ccd12-9bd8-5d9f-9c97-3f4e20a97fa0,"18,74",
ampere,1,vgg16_image,2g,32,sample,7,65.41801452636719,,,MIG-cd5ccd12-9bd8-5d9f-9c97-3f4e20a97fa0,"18,74",
ampere,1,vgg16_image,2g,32,sample,8,65.41629028320312,,,MIG-cd5ccd12-9bd8-5d9f-9c97-3f4e20a97fa0,"18,74",
ampere,1,vgg16_image,2g,32,sample,9,65.42377471923828,,,MIG-cd5ccd12-9bd8-5d9f-9c97-3f4e20a97fa0,"18,74",
ampere,1,vgg16_image,2g,32,sample,10,65.3978271484375,,,MIG-cd5ccd12-9bd8-5d9f-9c97-3f4e20a97fa0,"18,74",
ampere,1,vgg16_image,2g,32,sample,11,65.3917465209961,,,MIG-cd5ccd12-9bd8-5d9f-9c97-3f4e20a97fa0,"18,74",
ampere,1,vgg16_image,2g,32,sample,12,65.39360046386719,,,MIG-cd5ccd12-9bd8-5d9f-9c97-3f4e20a97fa0,"18,74",
ampere,1,vgg16_image,2g,32,sample,13,65.39292907714844,,,MIG-cd5ccd12-9bd8-5d9f-9c97-3f4e20a97fa0,"18,74",
ampere,1,vgg16_image,2g,32,sample,14,65.36566162109375,,,MIG-cd5ccd12-9bd8-5d9f-9c97-3f4e20a97fa0,"18,74",
ampere,1,vgg16_image,2g,32,sample,15,65.39868927001953,,,MIG-cd5ccd12-9bd8-5d9f-9c97-3f4e20a97fa0,"18,74",
ampere,1,vgg16_image,2g,32,sample,16,65.38371276855469,,,MIG-cd5ccd12-9bd8-5d9f-9c97-3f4e20a97fa0,"18,74",
ampere,1,vgg16_image,2g,32,sample,17,65.37532806396484,,,MIG-cd5ccd12-9bd8-5d9f-9c97-3f4e20a97fa0,"18,74",
ampere,1,vgg16_image,2g,32,sample,18,65.36854553222656,,,MIG-cd5ccd12-9bd8-5d9f-9c97-3f4e20a97fa0,"18,74",
ampere,1,vgg16_image,2g,32,sample,19,65.4869155883789,,,MIG-cd5ccd12-9bd8-5d9f-9c97-3f4e20a97fa0,"18,74",
ampere,1,vgg16_image,2g,32,sample,20,65.5002212524414,,,MIG-cd5ccd12-9bd8-5d9f-9c97-3f4e20a97fa0,"18,74",
ampere,1,vgg16_image,2g,32,sample,21,65.63510131835938,,,MIG-cd5ccd12-9bd8-5d9f-9c97-3f4e20a97fa0,"18,74",
ampere,1,vgg16_image,2g,32,sample,22,65.46192169189453,,,MIG-cd5ccd12-9bd8-5d9f-9c97-3f4e20a97fa0,"18,74",
ampere,1,vgg16_image,2g,32,sample,23,65.38575744628906,,,MIG-cd5ccd12-9bd8-5d9f-9c97-3f4e20a97fa0,"18,74",
ampere,1,vgg16_image,2g,32,sample,24,65.53024291992188,,,MIG-cd5ccd12-9bd8-5d9f-9c97-3f4e20a97fa0,"18,74",
ampere,1,vgg16_image,2g,32,sample,25,65.62572479248047,,,MIG-cd5ccd12-9bd8-5d9f-9c97-3f4e20a97fa0,"18,74",
ampere,1,vgg16_image,2g,32,sample,26,65.42658996582031,,,MIG-cd5ccd12-9bd8-5d9f-9c97-3f4e20a97fa0,"18,74",
ampere,1,vgg16_image,2g,32,sample,27,65.4334716796875,,,MIG-cd5ccd12-9bd8-5d9f-9c97-3f4e20a97fa0,"18,74",
ampere,1,vgg16_image,2g,32,sample,28,65.38800048828125,,,MIG-cd5ccd12-9bd8-5d9f-9c97-3f4e20a97fa0,"18,74",
ampere,1,vgg16_image,2g,32,sample,29,65.35327911376953,,,MIG-cd5ccd12-9bd8-5d9f-9c97-3f4e20a97fa0,"18,74",
ampere,1,vgg16_image,2g,32,sample,30,65.3934097290039,,,MIG-cd5ccd12-9bd8-5d9f-9c97-3f4e20a97fa0,"18,74",
ampere,1,vgg16_image,2g,32,sample,31,65.34684753417969,,,MIG-cd5ccd12-9bd8-5d9f-9c97-3f4e20a97fa0,"18,74",
ampere,1,vgg16_image,2g,32,sample,32,65.3818588256836,,,MIG-cd5ccd12-9bd8-5d9f-9c97-3f4e20a97fa0,"18,74",
ampere,1,vgg16_image,2g,32,sample,33,65.36351776123047,,,MIG-cd5ccd12-9bd8-5d9f-9c97-3f4e20a97fa0,"18,74",
ampere,1,vgg16_image,2g,32,sample,34,65.38195037841797,,,MIG-cd5ccd12-9bd8-5d9f-9c97-3f4e20a97fa0,"18,74",
ampere,1,vgg16_image,2g,32,sample,35,65.47417449951172,,,MIG-cd5ccd12-9bd8-5d9f-9c97-3f4e20a97fa0,"18,74",
ampere,1,vgg16_image,2g,32,sample,36,65.53036499023438,,,MIG-cd5ccd12-9bd8-5d9f-9c97-3f4e20a97fa0,"18,74",
ampere,1,vgg16_image,2g,32,sample,37,65.38502502441406,,,MIG-cd5ccd12-9bd8-5d9f-9c97-3f4e20a97fa0,"18,74",
ampere,1,vgg16_image,2g,32,sample,38,65.3683853149414,,,MIG-cd5ccd12-9bd8-5d9f-9c97-3f4e20a97fa0,"18,74",
ampere,1,vgg16_image,2g,32,sample,39,65.37932586669922,,,MIG-cd5ccd12-9bd8-5d9f-9c97-3f4e20a97fa0,"18,74",
ampere,1,vgg16_image,2g,32,sample,40,65.39129638671875,,,MIG-cd5ccd12-9bd8-5d9f-9c97-3f4e20a97fa0,"18,74",
ampere,1,vgg16_image,2g,32,sample,41,65.37395477294922,,,MIG-cd5ccd12-9bd8-5d9f-9c97-3f4e20a97fa0,"18,74",
ampere,1,vgg16_image,2g,32,sample,42,65.35897827148438,,,MIG-cd5ccd12-9bd8-5d9f-9c97-3f4e20a97fa0,"18,74",
ampere,1,vgg16_image,2g,32,sample,43,65.57158660888672,,,MIG-cd5ccd12-9bd8-5d9f-9c97-3f4e20a97fa0,"18,74",
ampere,1,vgg16_image,2g,32,sample,44,66.64518737792969,,,MIG-cd5ccd12-9bd8-5d9f-9c97-3f4e20a97fa0,"18,74",
ampere,1,vgg16_image,2g,32,sample,45,65.6048355102539,,,MIG-cd5ccd12-9bd8-5d9f-9c97-3f4e20a97fa0,"18,74",
ampere,1,vgg16_image,2g,32,sample,46,65.41849517822266,,,MIG-cd5ccd12-9bd8-5d9f-9c97-3f4e20a97fa0,"18,74",
ampere,1,vgg16_image,2g,32,sample,47,65.37110137939453,,,MIG-cd5ccd12-9bd8-5d9f-9c97-3f4e20a97fa0,"18,74",
ampere,1,vgg16_image,2g,32,sample,48,65.43856048583984,,,MIG-cd5ccd12-9bd8-5d9f-9c97-3f4e20a97fa0,"18,74",
ampere,1,vgg16_image,2g,32,sample,49,65.4854736328125,,,MIG-cd5ccd12-9bd8-5d9f-9c97-3f4e20a97fa0,"18,74",
ampere,1,vit_base_image,2g,1,warmup,0,20.244096755981445,,,MIG-cd5ccd12-9bd8-5d9f-9c97-3f4e20a97fa0,"18,74",
ampere,1,vit_base_image,2g,1,warmup,1,11.430208206176758,,,MIG-cd5ccd12-9bd8-5d9f-9c97-3f4e20a97fa0,"18,74",
ampere,1,vit_base_image,2g,1,warmup,2,11.28006362915039,,,MIG-cd5ccd12-9bd8-5d9f-9c97-3f4e20a97fa0,"18,74",
ampere,1,vit_base_image,2g,1,warmup,3,11.285311698913574,,,MIG-cd5ccd12-9bd8-5d9f-9c97-3f4e20a97fa0,"18,74",
ampere,1,vit_base_image,2g,1,warmup,4,11.180191993713379,,,MIG-cd5ccd12-9bd8-5d9f-9c97-3f4e20a97fa0,"18,74",
ampere,1,vit_base_image,2g,1,warmup,5,11.186271667480469,,,MIG-cd5ccd12-9bd8-5d9f-9c97-3f4e20a97fa0,"18,74",
ampere,1,vit_base_image,2g,1,warmup,6,11.266912460327148,,,MIG-cd5ccd12-9bd8-5d9f-9c97-3f4e20a97fa0,"18,74",
ampere,1,vit_base_image,2g,1,warmup,7,11.192000389099121,,,MIG-cd5ccd12-9bd8-5d9f-9c97-3f4e20a97fa0,"18,74",
ampere,1,vit_base_image,2g,1,warmup,8,11.176192283630371,,,MIG-cd5ccd12-9bd8-5d9f-9c97-3f4e20a97fa0,"18,74",
ampere,1,vit_base_image,2g,1,warmup,9,11.218751907348633,,,MIG-cd5ccd12-9bd8-5d9f-9c97-3f4e20a97fa0,"18,74",
ampere,1,vit_base_image,2g,1,sample,0,11.17846393585205,,,MIG-cd5ccd12-9bd8-5d9f-9c97-3f4e20a97fa0,"18,74",
ampere,1,vit_base_image,2g,1,sample,1,11.193023681640625,,,MIG-cd5ccd12-9bd8-5d9f-9c97-3f4e20a97fa0,"18,74",
ampere,1,vit_base_image,2g,1,sample,2,11.194944381713867,,,MIG-cd5ccd12-9bd8-5d9f-9c97-3f4e20a97fa0,"18,74",
ampere,1,vit_base_image,2g,1,sample,3,11.241120338439941,,,MIG-cd5ccd12-9bd8-5d9f-9c97-3f4e20a97fa0,"18,74",
ampere,1,vit_base_image,2g,1,sample,4,11.179648399353027,,,MIG-cd5ccd12-9bd8-5d9f-9c97-3f4e20a97fa0,"18,74",
ampere,1,vit_base_image,2g,1,sample,5,11.191072463989258,,,MIG-cd5ccd12-9bd8-5d9f-9c97-3f4e20a97fa0,"18,74",
ampere,1,vit_base_image,2g,1,sample,6,11.177887916564941,,,MIG-cd5ccd12-9bd8-5d9f-9c97-3f4e20a97fa0,"18,74",
ampere,1,vit_base_image,2g,1,sample,7,11.18284797668457,,,MIG-cd5ccd12-9bd8-5d9f-9c97-3f4e20a97fa0,"18,74",
ampere,1,vit_base_image,2g,1,sample,8,11.177056312561035,,,MIG-cd5ccd12-9bd8-5d9f-9c97-3f4e20a97fa0,"18,74",
ampere,1,vit_base_image,2g,1,sample,9,11.173888206481934,,,MIG-cd5ccd12-9bd8-5d9f-9c97-3f4e20a97fa0,"18,74",
ampere,1,vit_base_image,2g,1,sample,10,11.231072425842285,,,MIG-cd5ccd12-9bd8-5d9f-9c97-3f4e20a97fa0,"18,74",
ampere,1,vit_base_image,2g,1,sample,11,11.175040245056152,,,MIG-cd5ccd12-9bd8-5d9f-9c97-3f4e20a97fa0,"18,74",
ampere,1,vit_base_image,2g,1,sample,12,11.187328338623047,,,MIG-cd5ccd12-9bd8-5d9f-9c97-3f4e20a97fa0,"18,74",
ampere,1,vit_base_image,2g,1,sample,13,11.17523193359375,,,MIG-cd5ccd12-9bd8-5d9f-9c97-3f4e20a97fa0,"18,74",
ampere,1,vit_base_image,2g,1,sample,14,11.179391860961914,,,MIG-cd5ccd12-9bd8-5d9f-9c97-3f4e20a97fa0,"18,74",
ampere,1,vit_base_image,2g,1,sample,15,11.176480293273926,,,MIG-cd5ccd12-9bd8-5d9f-9c97-3f4e20a97fa0,"18,74",
ampere,1,vit_base_image,2g,1,sample,16,11.185152053833008,,,MIG-cd5ccd12-9bd8-5d9f-9c97-3f4e20a97fa0,"18,74",
ampere,1,vit_base_image,2g,1,sample,17,11.341407775878906,,,MIG-cd5ccd12-9bd8-5d9f-9c97-3f4e20a97fa0,"18,74",
ampere,1,vit_base_image,2g,1,sample,18,11.184672355651855,,,MIG-cd5ccd12-9bd8-5d9f-9c97-3f4e20a97fa0,"18,74",
ampere,1,vit_base_image,2g,1,sample,19,11.171135902404785,,,MIG-cd5ccd12-9bd8-5d9f-9c97-3f4e20a97fa0,"18,74",
ampere,1,vit_base_image,2g,1,sample,20,11.171232223510742,,,MIG-cd5ccd12-9bd8-5d9f-9c97-3f4e20a97fa0,"18,74",
ampere,1,vit_base_image,2g,1,sample,21,11.172736167907715,,,MIG-cd5ccd12-9bd8-5d9f-9c97-3f4e20a97fa0,"18,74",
ampere,1,vit_base_image,2g,1,sample,22,11.227423667907715,,,MIG-cd5ccd12-9bd8-5d9f-9c97-3f4e20a97fa0,"18,74",
ampere,1,vit_base_image,2g,1,sample,23,11.225343704223633,,,MIG-cd5ccd12-9bd8-5d9f-9c97-3f4e20a97fa0,"18,74",
ampere,1,vit_base_image,2g,1,sample,24,11.235808372497559,,,MIG-cd5ccd12-9bd8-5d9f-9c97-3f4e20a97fa0,"18,74",
ampere,1,vit_base_image,2g,1,sample,25,11.187040328979492,,,MIG-cd5ccd12-9bd8-5d9f-9c97-3f4e20a97fa0,"18,74",
ampere,1,vit_base_image,2g,1,sample,26,11.169983863830566,,,MIG-cd5ccd12-9bd8-5d9f-9c97-3f4e20a97fa0,"18,74",
ampere,1,vit_base_image,2g,1,sample,27,11.177184104919434,,,MIG-cd5ccd12-9bd8-5d9f-9c97-3f4e20a97fa0,"18,74",
ampere,1,vit_base_image,2g,1,sample,28,11.172127723693848,,,MIG-cd5ccd12-9bd8-5d9f-9c97-3f4e20a97fa0,"18,74",
ampere,1,vit_base_image,2g,1,sample,29,11.175968170166016,,,MIG-cd5ccd12-9bd8-5d9f-9c97-3f4e20a97fa0,"18,74",
ampere,1,vit_base_image,2g,1,sample,30,11.179648399353027,,,MIG-cd5ccd12-9bd8-5d9f-9c97-3f4e20a97fa0,"18,74",
ampere,1,vit_base_image,2g,1,sample,31,11.174880027770996,,,MIG-cd5ccd12-9bd8-5d9f-9c97-3f4e20a97fa0,"18,74",
ampere,1,vit_base_image,2g,1,sample,32,11.188511848449707,,,MIG-cd5ccd12-9bd8-5d9f-9c97-3f4e20a97fa0,"18,74",
ampere,1,vit_base_image,2g,1,sample,33,11.39846420288086,,,MIG-cd5ccd12-9bd8-5d9f-9c97-3f4e20a97fa0,"18,74",
ampere,1,vit_base_image,2g,1,sample,34,11.184896469116211,,,MIG-cd5ccd12-9bd8-5d9f-9c97-3f4e20a97fa0,"18,74",
ampere,1,vit_base_image,2g,1,sample,35,11.514880180358887,,,MIG-cd5ccd12-9bd8-5d9f-9c97-3f4e20a97fa0,"18,74",
ampere,1,vit_base_image,2g,1,sample,36,11.205408096313477,,,MIG-cd5ccd12-9bd8-5d9f-9c97-3f4e20a97fa0,"18,74",
ampere,1,vit_base_image,2g,1,sample,37,11.185343742370605,,,MIG-cd5ccd12-9bd8-5d9f-9c97-3f4e20a97fa0,"18,74",
ampere,1,vit_base_image,2g,1,sample,38,11.20252799987793,,,MIG-cd5ccd12-9bd8-5d9f-9c97-3f4e20a97fa0,"18,74",
ampere,1,vit_base_image,2g,1,sample,39,11.190496444702148,,,MIG-cd5ccd12-9bd8-5d9f-9c97-3f4e20a97fa0,"18,74",
ampere,1,vit_base_image,2g,1,sample,40,11.185919761657715,,,MIG-cd5ccd12-9bd8-5d9f-9c97-3f4e20a97fa0,"18,74",
ampere,1,vit_base_image,2g,1,sample,41,11.182784080505371,,,MIG-cd5ccd12-9bd8-5d9f-9c97-3f4e20a97fa0,"18,74",
ampere,1,vit_base_image,2g,1,sample,42,11.206303596496582,,,MIG-cd5ccd12-9bd8-5d9f-9c97-3f4e20a97fa0,"18,74",
ampere,1,vit_base_image,2g,1,sample,43,11.253439903259277,,,MIG-cd5ccd12-9bd8-5d9f-9c97-3f4e20a97fa0,"18,74",
ampere,1,vit_base_image,2g,1,sample,44,11.190560340881348,,,MIG-cd5ccd12-9bd8-5d9f-9c97-3f4e20a97fa0,"18,74",
ampere,1,vit_base_image,2g,1,sample,45,11.254495620727539,,,MIG-cd5ccd12-9bd8-5d9f-9c97-3f4e20a97fa0,"18,74",
ampere,1,vit_base_image,2g,1,sample,46,11.180512428283691,,,MIG-cd5ccd12-9bd8-5d9f-9c97-3f4e20a97fa0,"18,74",
ampere,1,vit_base_image,2g,1,sample,47,11.184831619262695,,,MIG-cd5ccd12-9bd8-5d9f-9c97-3f4e20a97fa0,"18,74",
ampere,1,vit_base_image,2g,1,sample,48,11.219167709350586,,,MIG-cd5ccd12-9bd8-5d9f-9c97-3f4e20a97fa0,"18,74",
ampere,1,vit_base_image,2g,1,sample,49,11.183168411254883,,,MIG-cd5ccd12-9bd8-5d9f-9c97-3f4e20a97fa0,"18,74",
ampere,1,vit_base_image,2g,4,warmup,0,49.58867263793945,,,MIG-cd5ccd12-9bd8-5d9f-9c97-3f4e20a97fa0,"18,74",
ampere,1,vit_base_image,2g,4,warmup,1,37.3383674621582,,,MIG-cd5ccd12-9bd8-5d9f-9c97-3f4e20a97fa0,"18,74",
ampere,1,vit_base_image,2g,4,warmup,2,37.262977600097656,,,MIG-cd5ccd12-9bd8-5d9f-9c97-3f4e20a97fa0,"18,74",
ampere,1,vit_base_image,2g,4,warmup,3,37.24095916748047,,,MIG-cd5ccd12-9bd8-5d9f-9c97-3f4e20a97fa0,"18,74",
ampere,1,vit_base_image,2g,4,warmup,4,37.257503509521484,,,MIG-cd5ccd12-9bd8-5d9f-9c97-3f4e20a97fa0,"18,74",
ampere,1,vit_base_image,2g,4,warmup,5,37.29404830932617,,,MIG-cd5ccd12-9bd8-5d9f-9c97-3f4e20a97fa0,"18,74",
ampere,1,vit_base_image,2g,4,warmup,6,37.266624450683594,,,MIG-cd5ccd12-9bd8-5d9f-9c97-3f4e20a97fa0,"18,74",
ampere,1,vit_base_image,2g,4,warmup,7,37.263423919677734,,,MIG-cd5ccd12-9bd8-5d9f-9c97-3f4e20a97fa0,"18,74",
ampere,1,vit_base_image,2g,4,warmup,8,37.24335861206055,,,MIG-cd5ccd12-9bd8-5d9f-9c97-3f4e20a97fa0,"18,74",
ampere,1,vit_base_image,2g,4,warmup,9,37.251583099365234,,,MIG-cd5ccd12-9bd8-5d9f-9c97-3f4e20a97fa0,"18,74",
ampere,1,vit_base_image,2g,4,sample,0,37.27033615112305,,,MIG-cd5ccd12-9bd8-5d9f-9c97-3f4e20a97fa0,"18,74",
ampere,1,vit_base_image,2g,4,sample,1,37.26428985595703,,,MIG-cd5ccd12-9bd8-5d9f-9c97-3f4e20a97fa0,"18,74",
ampere,1,vit_base_image,2g,4,sample,2,37.2691535949707,,,MIG-cd5ccd12-9bd8-5d9f-9c97-3f4e20a97fa0,"18,74",
ampere,1,vit_base_image,2g,4,sample,3,37.258880615234375,,,MIG-cd5ccd12-9bd8-5d9f-9c97-3f4e20a97fa0,"18,74",
ampere,1,vit_base_image,2g,4,sample,4,37.25094223022461,,,MIG-cd5ccd12-9bd8-5d9f-9c97-3f4e20a97fa0,"18,74",
ampere,1,vit_base_image,2g,4,sample,5,37.299617767333984,,,MIG-cd5ccd12-9bd8-5d9f-9c97-3f4e20a97fa0,"18,74",
ampere,1,vit_base_image,2g,4,sample,6,37.453025817871094,,,MIG-cd5ccd12-9bd8-5d9f-9c97-3f4e20a97fa0,"18,74",
ampere,1,vit_base_image,2g,4,sample,7,37.28112030029297,,,MIG-cd5ccd12-9bd8-5d9f-9c97-3f4e20a97fa0,"18,74",
ampere,1,vit_base_image,2g,4,sample,8,37.34201431274414,,,MIG-cd5ccd12-9bd8-5d9f-9c97-3f4e20a97fa0,"18,74",
ampere,1,vit_base_image,2g,4,sample,9,37.30924987792969,,,MIG-cd5ccd12-9bd8-5d9f-9c97-3f4e20a97fa0,"18,74",
ampere,1,vit_base_image,2g,4,sample,10,37.26451110839844,,,MIG-cd5ccd12-9bd8-5d9f-9c97-3f4e20a97fa0,"18,74",
ampere,1,vit_base_image,2g,4,sample,11,37.32547378540039,,,MIG-cd5ccd12-9bd8-5d9f-9c97-3f4e20a97fa0,"18,74",
ampere,1,vit_base_image,2g,4,sample,12,37.25849533081055,,,MIG-cd5ccd12-9bd8-5d9f-9c97-3f4e20a97fa0,"18,74",
ampere,1,vit_base_image,2g,4,sample,13,37.25798416137695,,,MIG-cd5ccd12-9bd8-5d9f-9c97-3f4e20a97fa0,"18,74",
ampere,1,vit_base_image,2g,4,sample,14,37.26563262939453,,,MIG-cd5ccd12-9bd8-5d9f-9c97-3f4e20a97fa0,"18,74",
ampere,1,vit_base_image,2g,4,sample,15,37.40342330932617,,,MIG-cd5ccd12-9bd8-5d9f-9c97-3f4e20a97fa0,"18,74",
ampere,1,vit_base_image,2g,4,sample,16,37.4128303527832,,,MIG-cd5ccd12-9bd8-5d9f-9c97-3f4e20a97fa0,"18,74",
ampere,1,vit_base_image,2g,4,sample,17,37.281471252441406,,,MIG-cd5ccd12-9bd8-5d9f-9c97-3f4e20a97fa0,"18,74",
ampere,1,vit_base_image,2g,4,sample,18,37.23561477661133,,,MIG-cd5ccd12-9bd8-5d9f-9c97-3f4e20a97fa0,"18,74",
ampere,1,vit_base_image,2g,4,sample,19,37.58425521850586,,,MIG-cd5ccd12-9bd8-5d9f-9c97-3f4e20a97fa0,"18,74",
ampere,1,vit_base_image,2g,4,sample,20,37.3355827331543,,,MIG-cd5ccd12-9bd8-5d9f-9c97-3f4e20a97fa0,"18,74",
ampere,1,vit_base_image,2g,4,sample,21,37.24687957763672,,,MIG-cd5ccd12-9bd8-5d9f-9c97-3f4e20a97fa0,"18,74",
ampere,1,vit_base_image,2g,4,sample,22,37.259456634521484,,,MIG-cd5ccd12-9bd8-5d9f-9c97-3f4e20a97fa0,"18,74",
ampere,1,vit_base_image,2g,4,sample,23,37.38256072998047,,,MIG-cd5ccd12-9bd8-5d9f-9c97-3f4e20a97fa0,"18,74",
ampere,1,vit_base_image,2g,4,sample,24,37.267967224121094,,,MIG-cd5ccd12-9bd8-5d9f-9c97-3f4e20a97fa0,"18,74",
ampere,1,vit_base_image,2g,4,sample,25,37.2459831237793,,,MIG-cd5ccd12-9bd8-5d9f-9c97-3f4e20a97fa0,"18,74",
ampere,1,vit_base_image,2g,4,sample,26,37.2655029296875,,,MIG-cd5ccd12-9bd8-5d9f-9c97-3f4e20a97fa0,"18,74",
ampere,1,vit_base_image,2g,4,sample,27,37.24911880493164,,,MIG-cd5ccd12-9bd8-5d9f-9c97-3f4e20a97fa0,"18,74",
ampere,1,vit_base_image,2g,4,sample,28,37.268192291259766,,,MIG-cd5ccd12-9bd8-5d9f-9c97-3f4e20a97fa0,"18,74",
ampere,1,vit_base_image,2g,4,sample,29,37.247039794921875,,,MIG-cd5ccd12-9bd8-5d9f-9c97-3f4e20a97fa0,"18,74",
ampere,1,vit_base_image,2g,4,sample,30,37.340511322021484,,,MIG-cd5ccd12-9bd8-5d9f-9c97-3f4e20a97fa0,"18,74",
ampere,1,vit_base_image,2g,4,sample,31,37.3164176940918,,,MIG-cd5ccd12-9bd8-5d9f-9c97-3f4e20a97fa0,"18,74",
ampere,1,vit_base_image,2g,4,sample,32,37.30400085449219,,,MIG-cd5ccd12-9bd8-5d9f-9c97-3f4e20a97fa0,"18,74",
ampere,1,vit_base_image,2g,4,sample,33,37.278079986572266,,,MIG-cd5ccd12-9bd8-5d9f-9c97-3f4e20a97fa0,"18,74",
ampere,1,vit_base_image,2g,4,sample,34,37.26371383666992,,,MIG-cd5ccd12-9bd8-5d9f-9c97-3f4e20a97fa0,"18,74",
ampere,1,vit_base_image,2g,4,sample,35,37.261024475097656,,,MIG-cd5ccd12-9bd8-5d9f-9c97-3f4e20a97fa0,"18,74",
ampere,1,vit_base_image,2g,4,sample,36,37.31596755981445,,,MIG-cd5ccd12-9bd8-5d9f-9c97-3f4e20a97fa0,"18,74",
ampere,1,vit_base_image,2g,4,sample,37,37.269569396972656,,,MIG-cd5ccd12-9bd8-5d9f-9c97-3f4e20a97fa0,"18,74",
ampere,1,vit_base_image,2g,4,sample,38,37.31568145751953,,,MIG-cd5ccd12-9bd8-5d9f-9c97-3f4e20a97fa0,"18,74",
ampere,1,vit_base_image,2g,4,sample,39,37.24563217163086,,,MIG-cd5ccd12-9bd8-5d9f-9c97-3f4e20a97fa0,"18,74",
ampere,1,vit_base_image,2g,4,sample,40,37.359519958496094,,,MIG-cd5ccd12-9bd8-5d9f-9c97-3f4e20a97fa0,"18,74",
ampere,1,vit_base_image,2g,4,sample,41,37.28230285644531,,,MIG-cd5ccd12-9bd8-5d9f-9c97-3f4e20a97fa0,"18,74",
ampere,1,vit_base_image,2g,4,sample,42,37.27830505371094,,,MIG-cd5ccd12-9bd8-5d9f-9c97-3f4e20a97fa0,"18,74",
ampere,1,vit_base_image,2g,4,sample,43,37.2644157409668,,,MIG-cd5ccd12-9bd8-5d9f-9c97-3f4e20a97fa0,"18,74",
ampere,1,vit_base_image,2g,4,sample,44,37.254878997802734,,,MIG-cd5ccd12-9bd8-5d9f-9c97-3f4e20a97fa0,"18,74",
ampere,1,vit_base_image,2g,4,sample,45,37.25056076049805,,,MIG-cd5ccd12-9bd8-5d9f-9c97-3f4e20a97fa0,"18,74",
ampere,1,vit_base_image,2g,4,sample,46,37.23798370361328,,,MIG-cd5ccd12-9bd8-5d9f-9c97-3f4e20a97fa0,"18,74",
ampere,1,vit_base_image,2g,4,sample,47,37.26688003540039,,,MIG-cd5ccd12-9bd8-5d9f-9c97-3f4e20a97fa0,"18,74",
ampere,1,vit_base_image,2g,4,sample,48,37.24195098876953,,,MIG-cd5ccd12-9bd8-5d9f-9c97-3f4e20a97fa0,"18,74",
ampere,1,vit_base_image,2g,4,sample,49,37.26406478881836,,,MIG-cd5ccd12-9bd8-5d9f-9c97-3f4e20a97fa0,"18,74",
ampere,1,vit_base_image,2g,16,warmup,0,133.1221160888672,,,MIG-cd5ccd12-9bd8-5d9f-9c97-3f4e20a97fa0,"18,74",
ampere,1,vit_base_image,2g,16,warmup,1,132.51065063476562,,,MIG-cd5ccd12-9bd8-5d9f-9c97-3f4e20a97fa0,"18,74",
ampere,1,vit_base_image,2g,16,warmup,2,132.57533264160156,,,MIG-cd5ccd12-9bd8-5d9f-9c97-3f4e20a97fa0,"18,74",
ampere,1,vit_base_image,2g,16,warmup,3,132.46681213378906,,,MIG-cd5ccd12-9bd8-5d9f-9c97-3f4e20a97fa0,"18,74",
ampere,1,vit_base_image,2g,16,warmup,4,132.40249633789062,,,MIG-cd5ccd12-9bd8-5d9f-9c97-3f4e20a97fa0,"18,74",
ampere,1,vit_base_image,2g,16,warmup,5,132.3296356201172,,,MIG-cd5ccd12-9bd8-5d9f-9c97-3f4e20a97fa0,"18,74",
ampere,1,vit_base_image,2g,16,warmup,6,132.31500244140625,,,MIG-cd5ccd12-9bd8-5d9f-9c97-3f4e20a97fa0,"18,74",
ampere,1,vit_base_image,2g,16,warmup,7,132.3415069580078,,,MIG-cd5ccd12-9bd8-5d9f-9c97-3f4e20a97fa0,"18,74",
ampere,1,vit_base_image,2g,16,warmup,8,132.50877380371094,,,MIG-cd5ccd12-9bd8-5d9f-9c97-3f4e20a97fa0,"18,74",
ampere,1,vit_base_image,2g,16,warmup,9,132.54141235351562,,,MIG-cd5ccd12-9bd8-5d9f-9c97-3f4e20a97fa0,"18,74",
ampere,1,vit_base_image,2g,16,sample,0,132.39993286132812,,,MIG-cd5ccd12-9bd8-5d9f-9c97-3f4e20a97fa0,"18,74",
ampere,1,vit_base_image,2g,16,sample,1,132.3553924560547,,,MIG-cd5ccd12-9bd8-5d9f-9c97-3f4e20a97fa0,"18,74",
ampere,1,vit_base_image,2g,16,sample,2,132.36965942382812,,,MIG-cd5ccd12-9bd8-5d9f-9c97-3f4e20a97fa0,"18,74",
ampere,1,vit_base_image,2g,16,sample,3,132.3493194580078,,,MIG-cd5ccd12-9bd8-5d9f-9c97-3f4e20a97fa0,"18,74",
ampere,1,vit_base_image,2g,16,sample,4,132.38470458984375,,,MIG-cd5ccd12-9bd8-5d9f-9c97-3f4e20a97fa0,"18,74",
ampere,1,vit_base_image,2g,16,sample,5,132.43798828125,,,MIG-cd5ccd12-9bd8-5d9f-9c97-3f4e20a97fa0,"18,74",
ampere,1,vit_base_image,2g,16,sample,6,132.4403839111328,,,MIG-cd5ccd12-9bd8-5d9f-9c97-3f4e20a97fa0,"18,74",
ampere,1,vit_base_image,2g,16,sample,7,132.43772888183594,,,MIG-cd5ccd12-9bd8-5d9f-9c97-3f4e20a97fa0,"18,74",
ampere,1,vit_base_image,2g,16,sample,8,132.40255737304688,,,MIG-cd5ccd12-9bd8-5d9f-9c97-3f4e20a97fa0,"18,74",
ampere,1,vit_base_image,2g,16,sample,9,132.40138244628906,,,MIG-cd5ccd12-9bd8-5d9f-9c97-3f4e20a97fa0,"18,74",
ampere,1,vit_base_image,2g,16,sample,10,132.3461151123047,,,MIG-cd5ccd12-9bd8-5d9f-9c97-3f4e20a97fa0,"18,74",
ampere,1,vit_base_image,2g,16,sample,11,132.37484741210938,,,MIG-cd5ccd12-9bd8-5d9f-9c97-3f4e20a97fa0,"18,74",
ampere,1,vit_base_image,2g,16,sample,12,132.45465087890625,,,MIG-cd5ccd12-9bd8-5d9f-9c97-3f4e20a97fa0,"18,74",
ampere,1,vit_base_image,2g,16,sample,13,132.48509216308594,,,MIG-cd5ccd12-9bd8-5d9f-9c97-3f4e20a97fa0,"18,74",
ampere,1,vit_base_image,2g,16,sample,14,132.43321228027344,,,MIG-cd5ccd12-9bd8-5d9f-9c97-3f4e20a97fa0,"18,74",
ampere,1,vit_base_image,2g,16,sample,15,132.3770294189453,,,MIG-cd5ccd12-9bd8-5d9f-9c97-3f4e20a97fa0,"18,74",
ampere,1,vit_base_image,2g,16,sample,16,132.40821838378906,,,MIG-cd5ccd12-9bd8-5d9f-9c97-3f4e20a97fa0,"18,74",
ampere,1,vit_base_image,2g,16,sample,17,132.29779052734375,,,MIG-cd5ccd12-9bd8-5d9f-9c97-3f4e20a97fa0,"18,74",
ampere,1,vit_base_image,2g,16,sample,18,132.34381103515625,,,MIG-cd5ccd12-9bd8-5d9f-9c97-3f4e20a97fa0,"18,74",
ampere,1,vit_base_image,2g,16,sample,19,132.38525390625,,,MIG-cd5ccd12-9bd8-5d9f-9c97-3f4e20a97fa0,"18,74",
ampere,1,vit_base_image,2g,16,sample,20,132.4982452392578,,,MIG-cd5ccd12-9bd8-5d9f-9c97-3f4e20a97fa0,"18,74",
ampere,1,vit_base_image,2g,16,sample,21,132.39280700683594,,,MIG-cd5ccd12-9bd8-5d9f-9c97-3f4e20a97fa0,"18,74",
ampere,1,vit_base_image,2g,16,sample,22,132.34010314941406,,,MIG-cd5ccd12-9bd8-5d9f-9c97-3f4e20a97fa0,"18,74",
ampere,1,vit_base_image,2g,16,sample,23,132.551513671875,,,MIG-cd5ccd12-9bd8-5d9f-9c97-3f4e20a97fa0,"18,74",
ampere,1,vit_base_image,2g,16,sample,24,132.35084533691406,,,MIG-cd5ccd12-9bd8-5d9f-9c97-3f4e20a97fa0,"18,74",
ampere,1,vit_base_image,2g,16,sample,25,132.36239624023438,,,MIG-cd5ccd12-9bd8-5d9f-9c97-3f4e20a97fa0,"18,74",
ampere,1,vit_base_image,2g,16,sample,26,132.3524169921875,,,MIG-cd5ccd12-9bd8-5d9f-9c97-3f4e20a97fa0,"18,74",
ampere,1,vit_base_image,2g,16,sample,27,132.5424041748047,,,MIG-cd5ccd12-9bd8-5d9f-9c97-3f4e20a97fa0,"18,74",
ampere,1,vit_base_image,2g,16,sample,28,132.46786499023438,,,MIG-cd5ccd12-9bd8-5d9f-9c97-3f4e20a97fa0,"18,74",
ampere,1,vit_base_image,2g,16,sample,29,132.41407775878906,,,MIG-cd5ccd12-9bd8-5d9f-9c97-3f4e20a97fa0,"18,74",
ampere,1,vit_base_image,2g,16,sample,30,132.389404296875,,,MIG-cd5ccd12-9bd8-5d9f-9c97-3f4e20a97fa0,"18,74",
ampere,1,vit_base_image,2g,16,sample,31,132.3350067138672,,,MIG-cd5ccd12-9bd8-5d9f-9c97-3f4e20a97fa0,"18,74",
ampere,1,vit_base_image,2g,16,sample,32,132.31549072265625,,,MIG-cd5ccd12-9bd8-5d9f-9c97-3f4e20a97fa0,"18,74",
ampere,1,vit_base_image,2g,16,sample,33,132.34300231933594,,,MIG-cd5ccd12-9bd8-5d9f-9c97-3f4e20a97fa0,"18,74",
ampere,1,vit_base_image,2g,16,sample,34,132.4811248779297,,,MIG-cd5ccd12-9bd8-5d9f-9c97-3f4e20a97fa0,"18,74",
ampere,1,vit_base_image,2g,16,sample,35,132.42303466796875,,,MIG-cd5ccd12-9bd8-5d9f-9c97-3f4e20a97fa0,"18,74",
ampere,1,vit_base_image,2g,16,sample,36,132.41282653808594,,,MIG-cd5ccd12-9bd8-5d9f-9c97-3f4e20a97fa0,"18,74",
ampere,1,vit_base_image,2g,16,sample,37,132.4620819091797,,,MIG-cd5ccd12-9bd8-5d9f-9c97-3f4e20a97fa0,"18,74",
ampere,1,vit_base_image,2g,16,sample,38,132.48629760742188,,,MIG-cd5ccd12-9bd8-5d9f-9c97-3f4e20a97fa0,"18,74",
ampere,1,vit_base_image,2g,16,sample,39,132.54928588867188,,,MIG-cd5ccd12-9bd8-5d9f-9c97-3f4e20a97fa0,"18,74",
ampere,1,vit_base_image,2g,16,sample,40,132.476318359375,,,MIG-cd5ccd12-9bd8-5d9f-9c97-3f4e20a97fa0,"18,74",
ampere,1,vit_base_image,2g,16,sample,41,132.447998046875,,,MIG-cd5ccd12-9bd8-5d9f-9c97-3f4e20a97fa0,"18,74",
ampere,1,vit_base_image,2g,16,sample,42,132.49343872070312,,,MIG-cd5ccd12-9bd8-5d9f-9c97-3f4e20a97fa0,"18,74",
ampere,1,vit_base_image,2g,16,sample,43,132.44700622558594,,,MIG-cd5ccd12-9bd8-5d9f-9c97-3f4e20a97fa0,"18,74",
ampere,1,vit_base_image,2g,16,sample,44,132.39488220214844,,,MIG-cd5ccd12-9bd8-5d9f-9c97-3f4e20a97fa0,"18,74",
ampere,1,vit_base_image,2g,16,sample,45,132.4944610595703,,,MIG-cd5ccd12-9bd8-5d9f-9c97-3f4e20a97fa0,"18,74",
ampere,1,vit_base_image,2g,16,sample,46,132.416259765625,,,MIG-cd5ccd12-9bd8-5d9f-9c97-3f4e20a97fa0,"18,74",
ampere,1,vit_base_image,2g,16,sample,47,132.40377807617188,,,MIG-cd5ccd12-9bd8-5d9f-9c97-3f4e20a97fa0,"18,74",
ampere,1,vit_base_image,2g,16,sample,48,132.56253051757812,,,MIG-cd5ccd12-9bd8-5d9f-9c97-3f4e20a97fa0,"18,74",
ampere,1,vit_base_image,2g,16,sample,49,132.43487548828125,,,MIG-cd5ccd12-9bd8-5d9f-9c97-3f4e20a97fa0,"18,74",
ampere,1,vit_base_image,2g,32,warmup,0,254.23516845703125,,,MIG-cd5ccd12-9bd8-5d9f-9c97-3f4e20a97fa0,"18,74",
ampere,1,vit_base_image,2g,32,warmup,1,254.01974487304688,,,MIG-cd5ccd12-9bd8-5d9f-9c97-3f4e20a97fa0,"18,74",
ampere,1,vit_base_image,2g,32,warmup,2,253.9752960205078,,,MIG-cd5ccd12-9bd8-5d9f-9c97-3f4e20a97fa0,"18,74",
ampere,1,vit_base_image,2g,32,warmup,3,253.9878692626953,,,MIG-cd5ccd12-9bd8-5d9f-9c97-3f4e20a97fa0,"18,74",
ampere,1,vit_base_image,2g,32,warmup,4,254.00025939941406,,,MIG-cd5ccd12-9bd8-5d9f-9c97-3f4e20a97fa0,"18,74",
ampere,1,vit_base_image,2g,32,warmup,5,254.1156463623047,,,MIG-cd5ccd12-9bd8-5d9f-9c97-3f4e20a97fa0,"18,74",
ampere,1,vit_base_image,2g,32,warmup,6,253.99571228027344,,,MIG-cd5ccd12-9bd8-5d9f-9c97-3f4e20a97fa0,"18,74",
ampere,1,vit_base_image,2g,32,warmup,7,254.1510009765625,,,MIG-cd5ccd12-9bd8-5d9f-9c97-3f4e20a97fa0,"18,74",
ampere,1,vit_base_image,2g,32,warmup,8,254.0384979248047,,,MIG-cd5ccd12-9bd8-5d9f-9c97-3f4e20a97fa0,"18,74",
ampere,1,vit_base_image,2g,32,warmup,9,254.1131134033203,,,MIG-cd5ccd12-9bd8-5d9f-9c97-3f4e20a97fa0,"18,74",
ampere,1,vit_base_image,2g,32,sample,0,253.9007110595703,,,MIG-cd5ccd12-9bd8-5d9f-9c97-3f4e20a97fa0,"18,74",
ampere,1,vit_base_image,2g,32,sample,1,254.09280395507812,,,MIG-cd5ccd12-9bd8-5d9f-9c97-3f4e20a97fa0,"18,74",
ampere,1,vit_base_image,2g,32,sample,2,254.0279998779297,,,MIG-cd5ccd12-9bd8-5d9f-9c97-3f4e20a97fa0,"18,74",
ampere,1,vit_base_image,2g,32,sample,3,253.94154357910156,,,MIG-cd5ccd12-9bd8-5d9f-9c97-3f4e20a97fa0,"18,74",
ampere,1,vit_base_image,2g,32,sample,4,254.06405639648438,,,MIG-cd5ccd12-9bd8-5d9f-9c97-3f4e20a97fa0,"18,74",
ampere,1,vit_base_image,2g,32,sample,5,254.06451416015625,,,MIG-cd5ccd12-9bd8-5d9f-9c97-3f4e20a97fa0,"18,74",
ampere,1,vit_base_image,2g,32,sample,6,254.0680389404297,,,MIG-cd5ccd12-9bd8-5d9f-9c97-3f4e20a97fa0,"18,74",
ampere,1,vit_base_image,2g,32,sample,7,253.9877166748047,,,MIG-cd5ccd12-9bd8-5d9f-9c97-3f4e20a97fa0,"18,74",
ampere,1,vit_base_image,2g,32,sample,8,254.4904022216797,,,MIG-cd5ccd12-9bd8-5d9f-9c97-3f4e20a97fa0,"18,74",
ampere,1,vit_base_image,2g,32,sample,9,254.09808349609375,,,MIG-cd5ccd12-9bd8-5d9f-9c97-3f4e20a97fa0,"18,74",
ampere,1,vit_base_image,2g,32,sample,10,254.01104736328125,,,MIG-cd5ccd12-9bd8-5d9f-9c97-3f4e20a97fa0,"18,74",
ampere,1,vit_base_image,2g,32,sample,11,253.9334716796875,,,MIG-cd5ccd12-9bd8-5d9f-9c97-3f4e20a97fa0,"18,74",
ampere,1,vit_base_image,2g,32,sample,12,253.9851837158203,,,MIG-cd5ccd12-9bd8-5d9f-9c97-3f4e20a97fa0,"18,74",
ampere,1,vit_base_image,2g,32,sample,13,254.1087646484375,,,MIG-cd5ccd12-9bd8-5d9f-9c97-3f4e20a97fa0,"18,74",
ampere,1,vit_base_image,2g,32,sample,14,253.9134979248047,,,MIG-cd5ccd12-9bd8-5d9f-9c97-3f4e20a97fa0,"18,74",
ampere,1,vit_base_image,2g,32,sample,15,253.9464569091797,,,MIG-cd5ccd12-9bd8-5d9f-9c97-3f4e20a97fa0,"18,74",
ampere,1,vit_base_image,2g,32,sample,16,253.97573852539062,,,MIG-cd5ccd12-9bd8-5d9f-9c97-3f4e20a97fa0,"18,74",
ampere,1,vit_base_image,2g,32,sample,17,254.0332489013672,,,MIG-cd5ccd12-9bd8-5d9f-9c97-3f4e20a97fa0,"18,74",
ampere,1,vit_base_image,2g,32,sample,18,253.9429168701172,,,MIG-cd5ccd12-9bd8-5d9f-9c97-3f4e20a97fa0,"18,74",
ampere,1,vit_base_image,2g,32,sample,19,254.04783630371094,,,MIG-cd5ccd12-9bd8-5d9f-9c97-3f4e20a97fa0,"18,74",
ampere,1,vit_base_image,2g,32,sample,20,254.06985473632812,,,MIG-cd5ccd12-9bd8-5d9f-9c97-3f4e20a97fa0,"18,74",
ampere,1,vit_base_image,2g,32,sample,21,254.01210021972656,,,MIG-cd5ccd12-9bd8-5d9f-9c97-3f4e20a97fa0,"18,74",
ampere,1,vit_base_image,2g,32,sample,22,253.92041015625,,,MIG-cd5ccd12-9bd8-5d9f-9c97-3f4e20a97fa0,"18,74",
ampere,1,vit_base_image,2g,32,sample,23,254.03245544433594,,,MIG-cd5ccd12-9bd8-5d9f-9c97-3f4e20a97fa0,"18,74",
ampere,1,vit_base_image,2g,32,sample,24,254.12637329101562,,,MIG-cd5ccd12-9bd8-5d9f-9c97-3f4e20a97fa0,"18,74",
ampere,1,vit_base_image,2g,32,sample,25,254.06527709960938,,,MIG-cd5ccd12-9bd8-5d9f-9c97-3f4e20a97fa0,"18,74",
ampere,1,vit_base_image,2g,32,sample,26,254.14796447753906,,,MIG-cd5ccd12-9bd8-5d9f-9c97-3f4e20a97fa0,"18,74",
ampere,1,vit_base_image,2g,32,sample,27,254.108154296875,,,MIG-cd5ccd12-9bd8-5d9f-9c97-3f4e20a97fa0,"18,74",
ampere,1,vit_base_image,2g,32,sample,28,254.1700439453125,,,MIG-cd5ccd12-9bd8-5d9f-9c97-3f4e20a97fa0,"18,74",
ampere,1,vit_base_image,2g,32,sample,29,254.08822631835938,,,MIG-cd5ccd12-9bd8-5d9f-9c97-3f4e20a97fa0,"18,74",
ampere,1,vit_base_image,2g,32,sample,30,254.1829833984375,,,MIG-cd5ccd12-9bd8-5d9f-9c97-3f4e20a97fa0,"18,74",
ampere,1,vit_base_image,2g,32,sample,31,254.23989868164062,,,MIG-cd5ccd12-9bd8-5d9f-9c97-3f4e20a97fa0,"18,74",
ampere,1,vit_base_image,2g,32,sample,32,254.057373046875,,,MIG-cd5ccd12-9bd8-5d9f-9c97-3f4e20a97fa0,"18,74",
ampere,1,vit_base_image,2g,32,sample,33,254.0623016357422,,,MIG-cd5ccd12-9bd8-5d9f-9c97-3f4e20a97fa0,"18,74",
ampere,1,vit_base_image,2g,32,sample,34,253.98133850097656,,,MIG-cd5ccd12-9bd8-5d9f-9c97-3f4e20a97fa0,"18,74",
ampere,1,vit_base_image,2g,32,sample,35,254.01644897460938,,,MIG-cd5ccd12-9bd8-5d9f-9c97-3f4e20a97fa0,"18,74",
ampere,1,vit_base_image,2g,32,sample,36,253.97418212890625,,,MIG-cd5ccd12-9bd8-5d9f-9c97-3f4e20a97fa0,"18,74",
ampere,1,vit_base_image,2g,32,sample,37,254.0055389404297,,,MIG-cd5ccd12-9bd8-5d9f-9c97-3f4e20a97fa0,"18,74",
ampere,1,vit_base_image,2g,32,sample,38,254.00262451171875,,,MIG-cd5ccd12-9bd8-5d9f-9c97-3f4e20a97fa0,"18,74",
ampere,1,vit_base_image,2g,32,sample,39,254.12045288085938,,,MIG-cd5ccd12-9bd8-5d9f-9c97-3f4e20a97fa0,"18,74",
ampere,1,vit_base_image,2g,32,sample,40,253.9923858642578,,,MIG-cd5ccd12-9bd8-5d9f-9c97-3f4e20a97fa0,"18,74",
ampere,1,vit_base_image,2g,32,sample,41,253.8882598876953,,,MIG-cd5ccd12-9bd8-5d9f-9c97-3f4e20a97fa0,"18,74",
ampere,1,vit_base_image,2g,32,sample,42,253.96307373046875,,,MIG-cd5ccd12-9bd8-5d9f-9c97-3f4e20a97fa0,"18,74",
ampere,1,vit_base_image,2g,32,sample,43,254.03826904296875,,,MIG-cd5ccd12-9bd8-5d9f-9c97-3f4e20a97fa0,"18,74",
ampere,1,vit_base_image,2g,32,sample,44,254.0049285888672,,,MIG-cd5ccd12-9bd8-5d9f-9c97-3f4e20a97fa0,"18,74",
ampere,1,vit_base_image,2g,32,sample,45,253.98629760742188,,,MIG-cd5ccd12-9bd8-5d9f-9c97-3f4e20a97fa0,"18,74",
ampere,1,vit_base_image,2g,32,sample,46,254.05357360839844,,,MIG-cd5ccd12-9bd8-5d9f-9c97-3f4e20a97fa0,"18,74",
ampere,1,vit_base_image,2g,32,sample,47,254.17575073242188,,,MIG-cd5ccd12-9bd8-5d9f-9c97-3f4e20a97fa0,"18,74",
ampere,1,vit_base_image,2g,32,sample,48,254.1447296142578,,,MIG-cd5ccd12-9bd8-5d9f-9c97-3f4e20a97fa0,"18,74",
ampere,1,vit_base_image,2g,32,sample,49,254.05416870117188,,,MIG-cd5ccd12-9bd8-5d9f-9c97-3f4e20a97fa0,"18,74",
ampere,1,gpt2_p512_o512,3g,1,warmup,0,4954.83544921875,20.144607543945312,9.638068050146103,MIG-b43d42d1-022f-5770-a25d-c0bea366ae4e,"18,74",
ampere,1,gpt2_p512_o512,3g,1,sample,0,5012.984375,12.695167541503906,9.766189858317375,MIG-b43d42d1-022f-5770-a25d-c0bea366ae4e,"18,74",
ampere,1,gpt2_p512_o512,3g,1,sample,1,4985.244140625,12.502528190612793,9.712385961785913,MIG-b43d42d1-022f-5770-a25d-c0bea366ae4e,"18,74",
ampere,1,gpt2_p512_o512,3g,1,sample,2,4982.45703125,11.114239692687988,9.709653889760375,MIG-b43d42d1-022f-5770-a25d-c0bea366ae4e,"18,74",
ampere,1,gpt2_p512_o512,3g,1,sample,3,5012.66552734375,11.1494722366333,9.768586045131087,MIG-b43d42d1-022f-5770-a25d-c0bea366ae4e,"18,74",
ampere,1,gpt2_p512_o512,3g,1,sample,4,4960.68603515625,12.159744262695312,9.665090411901474,MIG-b43d42d1-022f-5770-a25d-c0bea366ae4e,"18,74",
ampere,1,gpt2_p512_o512,3g,1,sample,5,4990.3994140625,11.12604808807373,9.725143292918801,MIG-b43d42d1-022f-5770-a25d-c0bea366ae4e,"18,74",
ampere,1,gpt2_p512_o512,3g,1,sample,6,4984.25,11.080032348632812,9.713222593069077,MIG-b43d42d1-022f-5770-a25d-c0bea366ae4e,"18,74",
ampere,1,gpt2_p512_o512,3g,1,sample,7,4991.296875,11.052703857421875,9.727039396762848,MIG-b43d42d1-022f-5770-a25d-c0bea366ae4e,"18,74",
ampere,1,gpt2_p512_o512,3g,1,sample,8,4954.74267578125,11.090271949768066,9.655571101233363,MIG-b43d42d1-022f-5770-a25d-c0bea366ae4e,"18,74",
ampere,1,gpt2_p512_o512,3g,1,sample,9,4977.640625,12.014880180358887,9.698487782850862,MIG-b43d42d1-022f-5770-a25d-c0bea366ae4e,"18,74",
ampere,1,gpt2_p64_o64,3g,1,warmup,0,619.4172973632812,19.723167419433594,9.37022078037262,MIG-b43d42d1-022f-5770-a25d-c0bea366ae4e,"18,74",
ampere,1,gpt2_p64_o64,3g,1,sample,0,608.4330444335938,10.393759727478027,9.344363823533058,MIG-b43d42d1-022f-5770-a25d-c0bea366ae4e,"18,74",
ampere,1,gpt2_p64_o64,3g,1,sample,1,608.3688354492188,9.9749755859375,9.34990406036377,MIG-b43d42d1-022f-5770-a25d-c0bea366ae4e,"18,74",
ampere,1,gpt2_p64_o64,3g,1,sample,2,612.964599609375,9.098560333251953,9.435406863689423,MIG-b43d42d1-022f-5770-a25d-c0bea366ae4e,"18,74",
ampere,1,gpt2_p64_o64,3g,1,sample,3,609.2919311523438,9.068448066711426,9.378491923213005,MIG-b43d42d1-022f-5770-a25d-c0bea366ae4e,"18,74",
ampere,1,gpt2_p64_o64,3g,1,sample,4,614.3065795898438,9.106368064880371,9.456253305077553,MIG-b43d42d1-022f-5770-a25d-c0bea366ae4e,"18,74",
ampere,1,gpt2_p64_o64,3g,1,sample,5,613.1721801757812,10.40617561340332,9.418218821287155,MIG-b43d42d1-022f-5770-a25d-c0bea366ae4e,"18,74",
ampere,1,gpt2_p64_o64,3g,1,sample,6,607.4559936523438,9.060416221618652,9.34993089735508,MIG-b43d42d1-022f-5770-a25d-c0bea366ae4e,"18,74",
ampere,1,gpt2_p64_o64,3g,1,sample,7,614.36865234375,9.103487968444824,9.457268193364143,MIG-b43d42d1-022f-5770-a25d-c0bea366ae4e,"18,74",
ampere,1,gpt2_p64_o64,3g,1,sample,8,607.92724609375,9.07801628112793,9.35701921582222,MIG-b43d42d1-022f-5770-a25d-c0bea366ae4e,"18,74",
ampere,1,gpt2_p64_o64,3g,1,sample,9,612.51611328125,10.465375900268555,9.407042771577835,MIG-b43d42d1-022f-5770-a25d-c0bea366ae4e,"18,74",
ampere,1,llama_p1024_o128,3g,1,warmup,0,2609.19921875,105.0308837890625,19.563815116882324,MIG-b43d42d1-022f-5770-a25d-c0bea366ae4e,"18,74",
ampere,1,llama_p1024_o128,3g,1,sample,0,2600.712158203125,95.20035552978516,19.574310958385468,MIG-b43d42d1-022f-5770-a25d-c0bea366ae4e,"18,74",
ampere,1,llama_p1024_o128,3g,1,sample,1,2601.000244140625,96.97254180908203,19.56271642446518,MIG-b43d42d1-022f-5770-a25d-c0bea366ae4e,"18,74",
ampere,1,llama_p1024_o128,3g,1,sample,2,2596.71826171875,95.37321472167969,19.541758179664612,MIG-b43d42d1-022f-5770-a25d-c0bea366ae4e,"18,74",
ampere,1,llama_p1024_o128,3g,1,sample,3,2598.790283203125,95.21660614013672,19.559169352054596,MIG-b43d42d1-022f-5770-a25d-c0bea366ae4e,"18,74",
ampere,1,llama_p1024_o128,3g,1,sample,4,2603.93310546875,95.28150177001953,19.598840653896332,MIG-b43d42d1-022f-5770-a25d-c0bea366ae4e,"18,74",
ampere,1,llama_p1024_o128,3g,1,sample,5,2599.482177734375,95.12086486816406,19.565322756767273,MIG-b43d42d1-022f-5770-a25d-c0bea366ae4e,"18,74",
ampere,1,llama_p1024_o128,3g,1,sample,6,2602.7578125,95.4692153930664,19.58819216489792,MIG-b43d42d1-022f-5770-a25d-c0bea366ae4e,"18,74",
ampere,1,llama_p1024_o128,3g,1,sample,7,2601.7392578125,95.08502197265625,19.58323621749878,MIG-b43d42d1-022f-5770-a25d-c0bea366ae4e,"18,74",
ampere,1,llama_p1024_o128,3g,1,sample,8,2600.944091796875,95.41868591308594,19.574417233467102,MIG-b43d42d1-022f-5770-a25d-c0bea366ae4e,"18,74",
ampere,1,llama_p1024_o128,3g,1,sample,9,2593.198974609375,95.3908462524414,19.514126002788544,MIG-b43d42d1-022f-5770-a25d-c0bea366ae4e,"18,74",
ampere,1,llama_p2048_o64,3g,1,warmup,0,1489.3427734375,197.5955810546875,20.183549880981445,MIG-b43d42d1-022f-5770-a25d-c0bea366ae4e,"18,74",
ampere,1,llama_p2048_o64,3g,1,sample,0,1484.7913818359375,189.8923797607422,20.232796907424927,MIG-b43d42d1-022f-5770-a25d-c0bea366ae4e,"18,74",
ampere,1,llama_p2048_o64,3g,1,sample,1,1492.5816650390625,190.77999877929688,20.340651035308838,MIG-b43d42d1-022f-5770-a25d-c0bea366ae4e,"18,74",
ampere,1,llama_p2048_o64,3g,1,sample,2,1490.3543701171875,190.90074157714844,20.30396294593811,MIG-b43d42d1-022f-5770-a25d-c0bea366ae4e,"18,74",
ampere,1,llama_p2048_o64,3g,1,sample,3,1490.52099609375,190.62057495117188,20.310944080352783,MIG-b43d42d1-022f-5770-a25d-c0bea366ae4e,"18,74",
ampere,1,llama_p2048_o64,3g,1,sample,4,1483.47119140625,190.4548797607422,20.20337986946106,MIG-b43d42d1-022f-5770-a25d-c0bea366ae4e,"18,74",
ampere,1,llama_p2048_o64,3g,1,sample,5,1485.3143310546875,190.7085723876953,20.228214979171753,MIG-b43d42d1-022f-5770-a25d-c0bea366ae4e,"18,74",
ampere,1,llama_p2048_o64,3g,1,sample,6,1496.001220703125,190.81539916992188,20.3935284614563,MIG-b43d42d1-022f-5770-a25d-c0bea366ae4e,"18,74",
ampere,1,llama_p2048_o64,3g,1,sample,7,1493.6053466796875,191.51866149902344,20.345104455947876,MIG-b43d42d1-022f-5770-a25d-c0bea366ae4e,"18,74",
ampere,1,llama_p2048_o64,3g,1,sample,8,1483.0340576171875,192.44374084472656,20.165473699569702,MIG-b43d42d1-022f-5770-a25d-c0bea366ae4e,"18,74",
ampere,1,llama_p2048_o64,3g,1,sample,9,1488.5372314453125,190.86367797851562,20.2761492729187,MIG-b43d42d1-022f-5770-a25d-c0bea366ae4e,"18,74",
ampere,1,resnet50_image,3g,1,warmup,0,30.318464279174805,,,MIG-b43d42d1-022f-5770-a25d-c0bea366ae4e,"18,74",
ampere,1,resnet50_image,3g,1,warmup,1,23.39072036743164,,,MIG-b43d42d1-022f-5770-a25d-c0bea366ae4e,"18,74",
ampere,1,resnet50_image,3g,1,warmup,2,22.38822364807129,,,MIG-b43d42d1-022f-5770-a25d-c0bea366ae4e,"18,74",
ampere,1,resnet50_image,3g,1,warmup,3,22.21004867553711,,,MIG-b43d42d1-022f-5770-a25d-c0bea366ae4e,"18,74",
ampere,1,resnet50_image,3g,1,warmup,4,22.03936004638672,,,MIG-b43d42d1-022f-5770-a25d-c0bea366ae4e,"18,74",
ampere,1,resnet50_image,3g,1,warmup,5,22.768320083618164,,,MIG-b43d42d1-022f-5770-a25d-c0bea366ae4e,"18,74",
ampere,1,resnet50_image,3g,1,warmup,6,23.009504318237305,,,MIG-b43d42d1-022f-5770-a25d-c0bea366ae4e,"18,74",
ampere,1,resnet50_image,3g,1,warmup,7,22.852928161621094,,,MIG-b43d42d1-022f-5770-a25d-c0bea366ae4e,"18,74",
ampere,1,resnet50_image,3g,1,warmup,8,22.940383911132812,,,MIG-b43d42d1-022f-5770-a25d-c0bea366ae4e,"18,74",
ampere,1,resnet50_image,3g,1,warmup,9,22.418048858642578,,,MIG-b43d42d1-022f-5770-a25d-c0bea366ae4e,"18,74",
ampere,1,resnet50_image,3g,1,sample,0,21.545183181762695,,,MIG-b43d42d1-022f-5770-a25d-c0bea366ae4e,"18,74",
ampere,1,resnet50_image,3g,1,sample,1,21.98111915588379,,,MIG-b43d42d1-022f-5770-a25d-c0bea366ae4e,"18,74",
ampere,1,resnet50_image,3g,1,sample,2,21.71062469482422,,,MIG-b43d42d1-022f-5770-a25d-c0bea366ae4e,"18,74",
ampere,1,resnet50_image,3g,1,sample,3,22.83750343322754,,,MIG-b43d42d1-022f-5770-a25d-c0bea366ae4e,"18,74",
ampere,1,resnet50_image,3g,1,sample,4,22.451200485229492,,,MIG-b43d42d1-022f-5770-a25d-c0bea366ae4e,"18,74",
ampere,1,resnet50_image,3g,1,sample,5,22.263872146606445,,,MIG-b43d42d1-022f-5770-a25d-c0bea366ae4e,"18,74",
ampere,1,resnet50_image,3g,1,sample,6,22.498432159423828,,,MIG-b43d42d1-022f-5770-a25d-c0bea366ae4e,"18,74",
ampere,1,resnet50_image,3g,1,sample,7,22.711231231689453,,,MIG-b43d42d1-022f-5770-a25d-c0bea366ae4e,"18,74",
ampere,1,resnet50_image,3g,1,sample,8,22.536479949951172,,,MIG-b43d42d1-022f-5770-a25d-c0bea366ae4e,"18,74",
ampere,1,resnet50_image,3g,1,sample,9,21.598976135253906,,,MIG-b43d42d1-022f-5770-a25d-c0bea366ae4e,"18,74",
ampere,1,resnet50_image,3g,1,sample,10,21.36012840270996,,,MIG-b43d42d1-022f-5770-a25d-c0bea366ae4e,"18,74",
ampere,1,resnet50_image,3g,1,sample,11,21.866016387939453,,,MIG-b43d42d1-022f-5770-a25d-c0bea366ae4e,"18,74",
ampere,1,resnet50_image,3g,1,sample,12,21.446367263793945,,,MIG-b43d42d1-022f-5770-a25d-c0bea366ae4e,"18,74",
ampere,1,resnet50_image,3g,1,sample,13,21.91436767578125,,,MIG-b43d42d1-022f-5770-a25d-c0bea366ae4e,"18,74",
ampere,1,resnet50_image,3g,1,sample,14,23.135168075561523,,,MIG-b43d42d1-022f-5770-a25d-c0bea366ae4e,"18,74",
ampere,1,resnet50_image,3g,1,sample,15,26.30918312072754,,,MIG-b43d42d1-022f-5770-a25d-c0bea366ae4e,"18,74",
ampere,1,resnet50_image,3g,1,sample,16,21.479999542236328,,,MIG-b43d42d1-022f-5770-a25d-c0bea366ae4e,"18,74",
ampere,1,resnet50_image,3g,1,sample,17,21.64441680908203,,,MIG-b43d42d1-022f-5770-a25d-c0bea366ae4e,"18,74",
ampere,1,resnet50_image,3g,1,sample,18,21.580928802490234,,,MIG-b43d42d1-022f-5770-a25d-c0bea366ae4e,"18,74",
ampere,1,resnet50_image,3g,1,sample,19,21.735328674316406,,,MIG-b43d42d1-022f-5770-a25d-c0bea366ae4e,"18,74",
ampere,1,resnet50_image,3g,1,sample,20,21.534944534301758,,,MIG-b43d42d1-022f-5770-a25d-c0bea366ae4e,"18,74",
ampere,1,resnet50_image,3g,1,sample,21,21.385215759277344,,,MIG-b43d42d1-022f-5770-a25d-c0bea366ae4e,"18,74",
ampere,1,resnet50_image,3g,1,sample,22,21.496511459350586,,,MIG-b43d42d1-022f-5770-a25d-c0bea366ae4e,"18,74",
ampere,1,resnet50_image,3g,1,sample,23,21.719776153564453,,,MIG-b43d42d1-022f-5770-a25d-c0bea366ae4e,"18,74",
ampere,1,resnet50_image,3g,1,sample,24,21.98454475402832,,,MIG-b43d42d1-022f-5770-a25d-c0bea366ae4e,"18,74",
ampere,1,resnet50_image,3g,1,sample,25,22.061248779296875,,,MIG-b43d42d1-022f-5770-a25d-c0bea366ae4e,"18,74",
ampere,1,resnet50_image,3g,1,sample,26,21.365856170654297,,,MIG-b43d42d1-022f-5770-a25d-c0bea366ae4e,"18,74",
ampere,1,resnet50_image,3g,1,sample,27,21.693279266357422,,,MIG-b43d42d1-022f-5770-a25d-c0bea366ae4e,"18,74",
ampere,1,resnet50_image,3g,1,sample,28,21.564224243164062,,,MIG-b43d42d1-022f-5770-a25d-c0bea366ae4e,"18,74",
ampere,1,resnet50_image,3g,1,sample,29,21.60655975341797,,,MIG-b43d42d1-022f-5770-a25d-c0bea366ae4e,"18,74",
ampere,1,resnet50_image,3g,1,sample,30,22.090816497802734,,,MIG-b43d42d1-022f-5770-a25d-c0bea366ae4e,"18,74",
ampere,1,resnet50_image,3g,1,sample,31,22.871776580810547,,,MIG-b43d42d1-022f-5770-a25d-c0bea366ae4e,"18,74",
ampere,1,resnet50_image,3g,1,sample,32,21.820287704467773,,,MIG-b43d42d1-022f-5770-a25d-c0bea366ae4e,"18,74",
ampere,1,resnet50_image,3g,1,sample,33,21.61942481994629,,,MIG-b43d42d1-022f-5770-a25d-c0bea366ae4e,"18,74",
ampere,1,resnet50_image,3g,1,sample,34,21.644704818725586,,,MIG-b43d42d1-022f-5770-a25d-c0bea366ae4e,"18,74",
ampere,1,resnet50_image,3g,1,sample,35,21.577695846557617,,,MIG-b43d42d1-022f-5770-a25d-c0bea366ae4e,"18,74",
ampere,1,resnet50_image,3g,1,sample,36,22.898944854736328,,,MIG-b43d42d1-022f-5770-a25d-c0bea366ae4e,"18,74",
ampere,1,resnet50_image,3g,1,sample,37,21.607423782348633,,,MIG-b43d42d1-022f-5770-a25d-c0bea366ae4e,"18,74",
ampere,1,resnet50_image,3g,1,sample,38,21.351743698120117,,,MIG-b43d42d1-022f-5770-a25d-c0bea366ae4e,"18,74",
ampere,1,resnet50_image,3g,1,sample,39,23.119104385375977,,,MIG-b43d42d1-022f-5770-a25d-c0bea366ae4e,"18,74",
ampere,1,resnet50_image,3g,1,sample,40,21.750431060791016,,,MIG-b43d42d1-022f-5770-a25d-c0bea366ae4e,"18,74",
ampere,1,resnet50_image,3g,1,sample,41,22.75324821472168,,,MIG-b43d42d1-022f-5770-a25d-c0bea366ae4e,"18,74",
ampere,1,resnet50_image,3g,1,sample,42,22.714815139770508,,,MIG-b43d42d1-022f-5770-a25d-c0bea366ae4e,"18,74",
ampere,1,resnet50_image,3g,1,sample,43,21.843839645385742,,,MIG-b43d42d1-022f-5770-a25d-c0bea366ae4e,"18,74",
ampere,1,resnet50_image,3g,1,sample,44,22.95337677001953,,,MIG-b43d42d1-022f-5770-a25d-c0bea366ae4e,"18,74",
ampere,1,resnet50_image,3g,1,sample,45,22.211423873901367,,,MIG-b43d42d1-022f-5770-a25d-c0bea366ae4e,"18,74",
ampere,1,resnet50_image,3g,1,sample,46,21.882240295410156,,,MIG-b43d42d1-022f-5770-a25d-c0bea366ae4e,"18,74",
ampere,1,resnet50_image,3g,1,sample,47,22.414976119995117,,,MIG-b43d42d1-022f-5770-a25d-c0bea366ae4e,"18,74",
ampere,1,resnet50_image,3g,1,sample,48,21.40006446838379,,,MIG-b43d42d1-022f-5770-a25d-c0bea366ae4e,"18,74",
ampere,1,resnet50_image,3g,1,sample,49,22.825952529907227,,,MIG-b43d42d1-022f-5770-a25d-c0bea366ae4e,"18,74",
ampere,1,resnet50_image,3g,4,warmup,0,33.178462982177734,,,MIG-b43d42d1-022f-5770-a25d-c0bea366ae4e,"18,74",
ampere,1,resnet50_image,3g,4,warmup,1,20.841983795166016,,,MIG-b43d42d1-022f-5770-a25d-c0bea366ae4e,"18,74",
ampere,1,resnet50_image,3g,4,warmup,2,21.02364730834961,,,MIG-b43d42d1-022f-5770-a25d-c0bea366ae4e,"18,74",
ampere,1,resnet50_image,3g,4,warmup,3,22.45667266845703,,,MIG-b43d42d1-022f-5770-a25d-c0bea366ae4e,"18,74",
ampere,1,resnet50_image,3g,4,warmup,4,21.871519088745117,,,MIG-b43d42d1-022f-5770-a25d-c0bea366ae4e,"18,74",
ampere,1,resnet50_image,3g,4,warmup,5,22.504352569580078,,,MIG-b43d42d1-022f-5770-a25d-c0bea366ae4e,"18,74",
ampere,1,resnet50_image,3g,4,warmup,6,21.952831268310547,,,MIG-b43d42d1-022f-5770-a25d-c0bea366ae4e,"18,74",
ampere,1,resnet50_image,3g,4,warmup,7,22.492416381835938,,,MIG-b43d42d1-022f-5770-a25d-c0bea366ae4e,"18,74",
ampere,1,resnet50_image,3g,4,warmup,8,22.24470329284668,,,MIG-b43d42d1-022f-5770-a25d-c0bea366ae4e,"18,74",
ampere,1,resnet50_image,3g,4,warmup,9,22.50601577758789,,,MIG-b43d42d1-022f-5770-a25d-c0bea366ae4e,"18,74",
ampere,1,resnet50_image,3g,4,sample,0,20.802879333496094,,,MIG-b43d42d1-022f-5770-a25d-c0bea366ae4e,"18,74",
ampere,1,resnet50_image,3g,4,sample,1,22.04572868347168,,,MIG-b43d42d1-022f-5770-a25d-c0bea366ae4e,"18,74",
ampere,1,resnet50_image,3g,4,sample,2,22.50921630859375,,,MIG-b43d42d1-022f-5770-a25d-c0bea366ae4e,"18,74",
ampere,1,resnet50_image,3g,4,sample,3,21.010656356811523,,,MIG-b43d42d1-022f-5770-a25d-c0bea366ae4e,"18,74",
ampere,1,resnet50_image,3g,4,sample,4,20.816543579101562,,,MIG-b43d42d1-022f-5770-a25d-c0bea366ae4e,"18,74",
ampere,1,resnet50_image,3g,4,sample,5,21.362560272216797,,,MIG-b43d42d1-022f-5770-a25d-c0bea366ae4e,"18,74",
ampere,1,resnet50_image,3g,4,sample,6,22.44825553894043,,,MIG-b43d42d1-022f-5770-a25d-c0bea366ae4e,"18,74",
ampere,1,resnet50_image,3g,4,sample,7,21.76767921447754,,,MIG-b43d42d1-022f-5770-a25d-c0bea366ae4e,"18,74",
ampere,1,resnet50_image,3g,4,sample,8,22.28691291809082,,,MIG-b43d42d1-022f-5770-a25d-c0bea366ae4e,"18,74",
ampere,1,resnet50_image,3g,4,sample,9,22.38982391357422,,,MIG-b43d42d1-022f-5770-a25d-c0bea366ae4e,"18,74",
ampere,1,resnet50_image,3g,4,sample,10,21.967008590698242,,,MIG-b43d42d1-022f-5770-a25d-c0bea366ae4e,"18,74",
ampere,1,resnet50_image,3g,4,sample,11,21.931007385253906,,,MIG-b43d42d1-022f-5770-a25d-c0bea366ae4e,"18,74",
ampere,1,resnet50_image,3g,4,sample,12,21.81769561767578,,,MIG-b43d42d1-022f-5770-a25d-c0bea366ae4e,"18,74",
ampere,1,resnet50_image,3g,4,sample,13,21.17420768737793,,,MIG-b43d42d1-022f-5770-a25d-c0bea366ae4e,"18,74",
ampere,1,resnet50_image,3g,4,sample,14,20.820383071899414,,,MIG-b43d42d1-022f-5770-a25d-c0bea366ae4e,"18,74",
ampere,1,resnet50_image,3g,4,sample,15,20.85468864440918,,,MIG-b43d42d1-022f-5770-a25d-c0bea366ae4e,"18,74",
ampere,1,resnet50_image,3g,4,sample,16,20.783199310302734,,,MIG-b43d42d1-022f-5770-a25d-c0bea366ae4e,"18,74",
ampere,1,resnet50_image,3g,4,sample,17,22.335840225219727,,,MIG-b43d42d1-022f-5770-a25d-c0bea366ae4e,"18,74",
ampere,1,resnet50_image,3g,4,sample,18,22.52614402770996,,,MIG-b43d42d1-022f-5770-a25d-c0bea366ae4e,"18,74",
ampere,1,resnet50_image,3g,4,sample,19,20.98899269104004,,,MIG-b43d42d1-022f-5770-a25d-c0bea366ae4e,"18,74",
ampere,1,resnet50_image,3g,4,sample,20,20.855072021484375,,,MIG-b43d42d1-022f-5770-a25d-c0bea366ae4e,"18,74",
ampere,1,resnet50_image,3g,4,sample,21,20.857952117919922,,,MIG-b43d42d1-022f-5770-a25d-c0bea366ae4e,"18,74",
ampere,1,resnet50_image,3g,4,sample,22,20.84079933166504,,,MIG-b43d42d1-022f-5770-a25d-c0bea366ae4e,"18,74",
ampere,1,resnet50_image,3g,4,sample,23,20.844703674316406,,,MIG-b43d42d1-022f-5770-a25d-c0bea366ae4e,"18,74",
ampere,1,resnet50_image,3g,4,sample,24,20.864416122436523,,,MIG-b43d42d1-022f-5770-a25d-c0bea366ae4e,"18,74",
ampere,1,resnet50_image,3g,4,sample,25,28.156160354614258,,,MIG-b43d42d1-022f-5770-a25d-c0bea366ae4e,"18,74",
ampere,1,resnet50_image,3g,4,sample,26,20.772960662841797,,,MIG-b43d42d1-022f-5770-a25d-c0bea366ae4e,"18,74",
ampere,1,resnet50_image,3g,4,sample,27,21.43404769897461,,,MIG-b43d42d1-022f-5770-a25d-c0bea366ae4e,"18,74",
ampere,1,resnet50_image,3g,4,sample,28,22.63929557800293,,,MIG-b43d42d1-022f-5770-a25d-c0bea366ae4e,"18,74",
ampere,1,resnet50_image,3g,4,sample,29,22.200639724731445,,,MIG-b43d42d1-022f-5770-a25d-c0bea366ae4e,"18,74",
ampere,1,resnet50_image,3g,4,sample,30,21.176544189453125,,,MIG-b43d42d1-022f-5770-a25d-c0bea366ae4e,"18,74",
ampere,1,resnet50_image,3g,4,sample,31,20.767040252685547,,,MIG-b43d42d1-022f-5770-a25d-c0bea366ae4e,"18,74",
ampere,1,resnet50_image,3g,4,sample,32,20.829504013061523,,,MIG-b43d42d1-022f-5770-a25d-c0bea366ae4e,"18,74",
ampere,1,resnet50_image,3g,4,sample,33,20.975711822509766,,,MIG-b43d42d1-022f-5770-a25d-c0bea366ae4e,"18,74",
ampere,1,resnet50_image,3g,4,sample,34,21.875072479248047,,,MIG-b43d42d1-022f-5770-a25d-c0bea366ae4e,"18,74",
ampere,1,resnet50_image,3g,4,sample,35,22.54537582397461,,,MIG-b43d42d1-022f-5770-a25d-c0bea366ae4e,"18,74",
ampere,1,resnet50_image,3g,4,sample,36,22.504383087158203,,,MIG-b43d42d1-022f-5770-a25d-c0bea366ae4e,"18,74",
ampere,1,resnet50_image,3g,4,sample,37,22.49728012084961,,,MIG-b43d42d1-022f-5770-a25d-c0bea366ae4e,"18,74",
ampere,1,resnet50_image,3g,4,sample,38,21.994464874267578,,,MIG-b43d42d1-022f-5770-a25d-c0bea366ae4e,"18,74",
ampere,1,resnet50_image,3g,4,sample,39,22.521215438842773,,,MIG-b43d42d1-022f-5770-a25d-c0bea366ae4e,"18,74",
ampere,1,resnet50_image,3g,4,sample,40,22.20070457458496,,,MIG-b43d42d1-022f-5770-a25d-c0bea366ae4e,"18,74",
ampere,1,resnet50_image,3g,4,sample,41,21.43657684326172,,,MIG-b43d42d1-022f-5770-a25d-c0bea366ae4e,"18,74",
ampere,1,resnet50_image,3g,4,sample,42,22.397247314453125,,,MIG-b43d42d1-022f-5770-a25d-c0bea366ae4e,"18,74",
ampere,1,resnet50_image,3g,4,sample,43,22.120895385742188,,,MIG-b43d42d1-022f-5770-a25d-c0bea366ae4e,"18,74",
ampere,1,resnet50_image,3g,4,sample,44,20.776287078857422,,,MIG-b43d42d1-022f-5770-a25d-c0bea366ae4e,"18,74",
ampere,1,resnet50_image,3g,4,sample,45,21.192319869995117,,,MIG-b43d42d1-022f-5770-a25d-c0bea366ae4e,"18,74",
ampere,1,resnet50_image,3g,4,sample,46,22.50809669494629,,,MIG-b43d42d1-022f-5770-a25d-c0bea366ae4e,"18,74",
ampere,1,resnet50_image,3g,4,sample,47,22.203744888305664,,,MIG-b43d42d1-022f-5770-a25d-c0bea366ae4e,"18,74",
ampere,1,resnet50_image,3g,4,sample,48,20.81145668029785,,,MIG-b43d42d1-022f-5770-a25d-c0bea366ae4e,"18,74",
ampere,1,resnet50_image,3g,4,sample,49,20.81407928466797,,,MIG-b43d42d1-022f-5770-a25d-c0bea366ae4e,"18,74",
ampere,1,resnet50_image,3g,16,warmup,0,23.416479110717773,,,MIG-b43d42d1-022f-5770-a25d-c0bea366ae4e,"18,74",
ampere,1,resnet50_image,3g,16,warmup,1,21.328224182128906,,,MIG-b43d42d1-022f-5770-a25d-c0bea366ae4e,"18,74",
ampere,1,resnet50_image,3g,16,warmup,2,22.34774398803711,,,MIG-b43d42d1-022f-5770-a25d-c0bea366ae4e,"18,74",
ampere,1,resnet50_image,3g,16,warmup,3,29.895200729370117,,,MIG-b43d42d1-022f-5770-a25d-c0bea366ae4e,"18,74",
ampere,1,resnet50_image,3g,16,warmup,4,26.672672271728516,,,MIG-b43d42d1-022f-5770-a25d-c0bea366ae4e,"18,74",
ampere,1,resnet50_image,3g,16,warmup,5,21.30841636657715,,,MIG-b43d42d1-022f-5770-a25d-c0bea366ae4e,"18,74",
ampere,1,resnet50_image,3g,16,warmup,6,28.194751739501953,,,MIG-b43d42d1-022f-5770-a25d-c0bea366ae4e,"18,74",
ampere,1,resnet50_image,3g,16,warmup,7,24.82863998413086,,,MIG-b43d42d1-022f-5770-a25d-c0bea366ae4e,"18,74",
ampere,1,resnet50_image,3g,16,warmup,8,21.328767776489258,,,MIG-b43d42d1-022f-5770-a25d-c0bea366ae4e,"18,74",
ampere,1,resnet50_image,3g,16,warmup,9,27.856224060058594,,,MIG-b43d42d1-022f-5770-a25d-c0bea366ae4e,"18,74",
ampere,1,resnet50_image,3g,16,sample,0,23.91164779663086,,,MIG-b43d42d1-022f-5770-a25d-c0bea366ae4e,"18,74",
ampere,1,resnet50_image,3g,16,sample,1,21.33286476135254,,,MIG-b43d42d1-022f-5770-a25d-c0bea366ae4e,"18,74",
ampere,1,resnet50_image,3g,16,sample,2,21.3057918548584,,,MIG-b43d42d1-022f-5770-a25d-c0bea366ae4e,"18,74",
ampere,1,resnet50_image,3g,16,sample,3,21.524032592773438,,,MIG-b43d42d1-022f-5770-a25d-c0bea366ae4e,"18,74",
ampere,1,resnet50_image,3g,16,sample,4,23.033344268798828,,,MIG-b43d42d1-022f-5770-a25d-c0bea366ae4e,"18,74",
ampere,1,resnet50_image,3g,16,sample,5,22.424959182739258,,,MIG-b43d42d1-022f-5770-a25d-c0bea366ae4e,"18,74",
ampere,1,resnet50_image,3g,16,sample,6,29.573440551757812,,,MIG-b43d42d1-022f-5770-a25d-c0bea366ae4e,"18,74",
ampere,1,resnet50_image,3g,16,sample,7,25.055936813354492,,,MIG-b43d42d1-022f-5770-a25d-c0bea366ae4e,"18,74",
ampere,1,resnet50_image,3g,16,sample,8,21.312000274658203,,,MIG-b43d42d1-022f-5770-a25d-c0bea366ae4e,"18,74",
ampere,1,resnet50_image,3g,16,sample,9,27.996671676635742,,,MIG-b43d42d1-022f-5770-a25d-c0bea366ae4e,"18,74",
ampere,1,resnet50_image,3g,16,sample,10,24.165536880493164,,,MIG-b43d42d1-022f-5770-a25d-c0bea366ae4e,"18,74",
ampere,1,resnet50_image,3g,16,sample,11,22.01696014404297,,,MIG-b43d42d1-022f-5770-a25d-c0bea366ae4e,"18,74",
ampere,1,resnet50_image,3g,16,sample,12,24.133792877197266,,,MIG-b43d42d1-022f-5770-a25d-c0bea366ae4e,"18,74",
ampere,1,resnet50_image,3g,16,sample,13,22.70902442932129,,,MIG-b43d42d1-022f-5770-a25d-c0bea366ae4e,"18,74",
ampere,1,resnet50_image,3g,16,sample,14,21.30735969543457,,,MIG-b43d42d1-022f-5770-a25d-c0bea366ae4e,"18,74",
ampere,1,resnet50_image,3g,16,sample,15,21.48534393310547,,,MIG-b43d42d1-022f-5770-a25d-c0bea366ae4e,"18,74",
ampere,1,resnet50_image,3g,16,sample,16,30.411935806274414,,,MIG-b43d42d1-022f-5770-a25d-c0bea366ae4e,"18,74",
ampere,1,resnet50_image,3g,16,sample,17,28.038848876953125,,,MIG-b43d42d1-022f-5770-a25d-c0bea366ae4e,"18,74",
ampere,1,resnet50_image,3g,16,sample,18,21.290016174316406,,,MIG-b43d42d1-022f-5770-a25d-c0bea366ae4e,"18,74",
ampere,1,resnet50_image,3g,16,sample,19,28.554719924926758,,,MIG-b43d42d1-022f-5770-a25d-c0bea366ae4e,"18,74",
ampere,1,resnet50_image,3g,16,sample,20,29.14726448059082,,,MIG-b43d42d1-022f-5770-a25d-c0bea366ae4e,"18,74",
ampere,1,resnet50_image,3g,16,sample,21,22.3437442779541,,,MIG-b43d42d1-022f-5770-a25d-c0bea366ae4e,"18,74",
ampere,1,resnet50_image,3g,16,sample,22,27.850271224975586,,,MIG-b43d42d1-022f-5770-a25d-c0bea366ae4e,"18,74",
ampere,1,resnet50_image,3g,16,sample,23,29.402912139892578,,,MIG-b43d42d1-022f-5770-a25d-c0bea366ae4e,"18,74",
ampere,1,resnet50_image,3g,16,sample,24,21.932735443115234,,,MIG-b43d42d1-022f-5770-a25d-c0bea366ae4e,"18,74",
ampere,1,resnet50_image,3g,16,sample,25,27.51545524597168,,,MIG-b43d42d1-022f-5770-a25d-c0bea366ae4e,"18,74",
ampere,1,resnet50_image,3g,16,sample,26,27.086048126220703,,,MIG-b43d42d1-022f-5770-a25d-c0bea366ae4e,"18,74",
ampere,1,resnet50_image,3g,16,sample,27,22.215103149414062,,,MIG-b43d42d1-022f-5770-a25d-c0bea366ae4e,"18,74",
ampere,1,resnet50_image,3g,16,sample,28,29.15996742248535,,,MIG-b43d42d1-022f-5770-a25d-c0bea366ae4e,"18,74",
ampere,1,resnet50_image,3g,16,sample,29,27.6167049407959,,,MIG-b43d42d1-022f-5770-a25d-c0bea366ae4e,"18,74",
ampere,1,resnet50_image,3g,16,sample,30,22.609535217285156,,,MIG-b43d42d1-022f-5770-a25d-c0bea366ae4e,"18,74",
ampere,1,resnet50_image,3g,16,sample,31,29.635711669921875,,,MIG-b43d42d1-022f-5770-a25d-c0bea366ae4e,"18,74",
ampere,1,resnet50_image,3g,16,sample,32,27.778560638427734,,,MIG-b43d42d1-022f-5770-a25d-c0bea366ae4e,"18,74",
ampere,1,resnet50_image,3g,16,sample,33,22.37811279296875,,,MIG-b43d42d1-022f-5770-a25d-c0bea366ae4e,"18,74",
ampere,1,resnet50_image,3g,16,sample,34,30.522783279418945,,,MIG-b43d42d1-022f-5770-a25d-c0bea366ae4e,"18,74",
ampere,1,resnet50_image,3g,16,sample,35,24.7096004486084,,,MIG-b43d42d1-022f-5770-a25d-c0bea366ae4e,"18,74",
ampere,1,resnet50_image,3g,16,sample,36,21.289215087890625,,,MIG-b43d42d1-022f-5770-a25d-c0bea366ae4e,"18,74",
ampere,1,resnet50_image,3g,16,sample,37,28.950464248657227,,,MIG-b43d42d1-022f-5770-a25d-c0bea366ae4e,"18,74",
ampere,1,resnet50_image,3g,16,sample,38,23.478208541870117,,,MIG-b43d42d1-022f-5770-a25d-c0bea366ae4e,"18,74",
ampere,1,resnet50_image,3g,16,sample,39,21.29427146911621,,,MIG-b43d42d1-022f-5770-a25d-c0bea366ae4e,"18,74",
ampere,1,resnet50_image,3g,16,sample,40,21.6112003326416,,,MIG-b43d42d1-022f-5770-a25d-c0bea366ae4e,"18,74",
ampere,1,resnet50_image,3g,16,sample,41,22.718463897705078,,,MIG-b43d42d1-022f-5770-a25d-c0bea366ae4e,"18,74",
ampere,1,resnet50_image,3g,16,sample,42,21.29587173461914,,,MIG-b43d42d1-022f-5770-a25d-c0bea366ae4e,"18,74",
ampere,1,resnet50_image,3g,16,sample,43,21.317184448242188,,,MIG-b43d42d1-022f-5770-a25d-c0bea366ae4e,"18,74",
ampere,1,resnet50_image,3g,16,sample,44,27.589279174804688,,,MIG-b43d42d1-022f-5770-a25d-c0bea366ae4e,"18,74",
ampere,1,resnet50_image,3g,16,sample,45,25.708160400390625,,,MIG-b43d42d1-022f-5770-a25d-c0bea366ae4e,"18,74",
ampere,1,resnet50_image,3g,16,sample,46,21.313472747802734,,,MIG-b43d42d1-022f-5770-a25d-c0bea366ae4e,"18,74",
ampere,1,resnet50_image,3g,16,sample,47,22.571392059326172,,,MIG-b43d42d1-022f-5770-a25d-c0bea366ae4e,"18,74",
ampere,1,resnet50_image,3g,16,sample,48,21.532608032226562,,,MIG-b43d42d1-022f-5770-a25d-c0bea366ae4e,"18,74",
ampere,1,resnet50_image,3g,16,sample,49,21.30169677734375,,,MIG-b43d42d1-022f-5770-a25d-c0bea366ae4e,"18,74",
ampere,1,resnet50_image,3g,32,warmup,0,27.309728622436523,,,MIG-b43d42d1-022f-5770-a25d-c0bea366ae4e,"18,74",
ampere,1,resnet50_image,3g,32,warmup,1,24.76915168762207,,,MIG-b43d42d1-022f-5770-a25d-c0bea366ae4e,"18,74",
ampere,1,resnet50_image,3g,32,warmup,2,24.783519744873047,,,MIG-b43d42d1-022f-5770-a25d-c0bea366ae4e,"18,74",
ampere,1,resnet50_image,3g,32,warmup,3,24.777311325073242,,,MIG-b43d42d1-022f-5770-a25d-c0bea366ae4e,"18,74",
ampere,1,resnet50_image,3g,32,warmup,4,24.776575088500977,,,MIG-b43d42d1-022f-5770-a25d-c0bea366ae4e,"18,74",
ampere,1,resnet50_image,3g,32,warmup,5,24.766624450683594,,,MIG-b43d42d1-022f-5770-a25d-c0bea366ae4e,"18,74",
ampere,1,resnet50_image,3g,32,warmup,6,24.778656005859375,,,MIG-b43d42d1-022f-5770-a25d-c0bea366ae4e,"18,74",
ampere,1,resnet50_image,3g,32,warmup,7,24.772192001342773,,,MIG-b43d42d1-022f-5770-a25d-c0bea366ae4e,"18,74",
ampere,1,resnet50_image,3g,32,warmup,8,24.774656295776367,,,MIG-b43d42d1-022f-5770-a25d-c0bea366ae4e,"18,74",
ampere,1,resnet50_image,3g,32,warmup,9,25.119295120239258,,,MIG-b43d42d1-022f-5770-a25d-c0bea366ae4e,"18,74",
ampere,1,resnet50_image,3g,32,sample,0,24.781471252441406,,,MIG-b43d42d1-022f-5770-a25d-c0bea366ae4e,"18,74",
ampere,1,resnet50_image,3g,32,sample,1,24.796096801757812,,,MIG-b43d42d1-022f-5770-a25d-c0bea366ae4e,"18,74",
ampere,1,resnet50_image,3g,32,sample,2,24.987136840820312,,,MIG-b43d42d1-022f-5770-a25d-c0bea366ae4e,"18,74",
ampere,1,resnet50_image,3g,32,sample,3,24.773696899414062,,,MIG-b43d42d1-022f-5770-a25d-c0bea366ae4e,"18,74",
ampere,1,resnet50_image,3g,32,sample,4,24.778400421142578,,,MIG-b43d42d1-022f-5770-a25d-c0bea366ae4e,"18,74",
ampere,1,resnet50_image,3g,32,sample,5,24.78268814086914,,,MIG-b43d42d1-022f-5770-a25d-c0bea366ae4e,"18,74",
ampere,1,resnet50_image,3g,32,sample,6,24.784704208374023,,,MIG-b43d42d1-022f-5770-a25d-c0bea366ae4e,"18,74",
ampere,1,resnet50_image,3g,32,sample,7,24.779680252075195,,,MIG-b43d42d1-022f-5770-a25d-c0bea366ae4e,"18,74",
ampere,1,resnet50_image,3g,32,sample,8,24.7957763671875,,,MIG-b43d42d1-022f-5770-a25d-c0bea366ae4e,"18,74",
ampere,1,resnet50_image,3g,32,sample,9,24.78544044494629,,,MIG-b43d42d1-022f-5770-a25d-c0bea366ae4e,"18,74",
ampere,1,resnet50_image,3g,32,sample,10,24.772480010986328,,,MIG-b43d42d1-022f-5770-a25d-c0bea366ae4e,"18,74",
ampere,1,resnet50_image,3g,32,sample,11,24.78201675415039,,,MIG-b43d42d1-022f-5770-a25d-c0bea366ae4e,"18,74",
ampere,1,resnet50_image,3g,32,sample,12,24.78118324279785,,,MIG-b43d42d1-022f-5770-a25d-c0bea366ae4e,"18,74",
ampere,1,resnet50_image,3g,32,sample,13,28.5468807220459,,,MIG-b43d42d1-022f-5770-a25d-c0bea366ae4e,"18,74",
ampere,1,resnet50_image,3g,32,sample,14,27.578784942626953,,,MIG-b43d42d1-022f-5770-a25d-c0bea366ae4e,"18,74",
ampere,1,resnet50_image,3g,32,sample,15,24.77449607849121,,,MIG-b43d42d1-022f-5770-a25d-c0bea366ae4e,"18,74",
ampere,1,resnet50_image,3g,32,sample,16,29.573503494262695,,,MIG-b43d42d1-022f-5770-a25d-c0bea366ae4e,"18,74",
ampere,1,resnet50_image,3g,32,sample,17,27.36684799194336,,,MIG-b43d42d1-022f-5770-a25d-c0bea366ae4e,"18,74",
ampere,1,resnet50_image,3g,32,sample,18,24.762847900390625,,,MIG-b43d42d1-022f-5770-a25d-c0bea366ae4e,"18,74",
ampere,1,resnet50_image,3g,32,sample,19,29.364351272583008,,,MIG-b43d42d1-022f-5770-a25d-c0bea366ae4e,"18,74",
ampere,1,resnet50_image,3g,32,sample,20,26.799999237060547,,,MIG-b43d42d1-022f-5770-a25d-c0bea366ae4e,"18,74",
ampere,1,resnet50_image,3g,32,sample,21,24.78428840637207,,,MIG-b43d42d1-022f-5770-a25d-c0bea366ae4e,"18,74",
ampere,1,resnet50_image,3g,32,sample,22,29.045055389404297,,,MIG-b43d42d1-022f-5770-a25d-c0bea366ae4e,"18,74",
ampere,1,resnet50_image,3g,32,sample,23,30.402048110961914,,,MIG-b43d42d1-022f-5770-a25d-c0bea366ae4e,"18,74",
ampere,1,resnet50_image,3g,32,sample,24,25.200319290161133,,,MIG-b43d42d1-022f-5770-a25d-c0bea366ae4e,"18,74",
ampere,1,resnet50_image,3g,32,sample,25,24.779136657714844,,,MIG-b43d42d1-022f-5770-a25d-c0bea366ae4e,"18,74",
ampere,1,resnet50_image,3g,32,sample,26,24.934368133544922,,,MIG-b43d42d1-022f-5770-a25d-c0bea366ae4e,"18,74",
ampere,1,resnet50_image,3g,32,sample,27,24.77359962463379,,,MIG-b43d42d1-022f-5770-a25d-c0bea366ae4e,"18,74",
ampere,1,resnet50_image,3g,32,sample,28,24.78019142150879,,,MIG-b43d42d1-022f-5770-a25d-c0bea366ae4e,"18,74",
ampere,1,resnet50_image,3g,32,sample,29,25.059711456298828,,,MIG-b43d42d1-022f-5770-a25d-c0bea366ae4e,"18,74",
ampere,1,resnet50_image,3g,32,sample,30,24.791807174682617,,,MIG-b43d42d1-022f-5770-a25d-c0bea366ae4e,"18,74",
ampere,1,resnet50_image,3g,32,sample,31,24.777183532714844,,,MIG-b43d42d1-022f-5770-a25d-c0bea366ae4e,"18,74",
ampere,1,resnet50_image,3g,32,sample,32,25.071680068969727,,,MIG-b43d42d1-022f-5770-a25d-c0bea366ae4e,"18,74",
ampere,1,resnet50_image,3g,32,sample,33,24.798175811767578,,,MIG-b43d42d1-022f-5770-a25d-c0bea366ae4e,"18,74",
ampere,1,resnet50_image,3g,32,sample,34,24.95871925354004,,,MIG-b43d42d1-022f-5770-a25d-c0bea366ae4e,"18,74",
ampere,1,resnet50_image,3g,32,sample,35,24.776704788208008,,,MIG-b43d42d1-022f-5770-a25d-c0bea366ae4e,"18,74",
ampere,1,resnet50_image,3g,32,sample,36,24.94380760192871,,,MIG-b43d42d1-022f-5770-a25d-c0bea366ae4e,"18,74",
ampere,1,resnet50_image,3g,32,sample,37,24.765823364257812,,,MIG-b43d42d1-022f-5770-a25d-c0bea366ae4e,"18,74",
ampere,1,resnet50_image,3g,32,sample,38,24.763328552246094,,,MIG-b43d42d1-022f-5770-a25d-c0bea366ae4e,"18,74",
ampere,1,resnet50_image,3g,32,sample,39,24.782655715942383,,,MIG-b43d42d1-022f-5770-a25d-c0bea366ae4e,"18,74",
ampere,1,resnet50_image,3g,32,sample,40,25.012479782104492,,,MIG-b43d42d1-022f-5770-a25d-c0bea366ae4e,"18,74",
ampere,1,resnet50_image,3g,32,sample,41,24.908384323120117,,,MIG-b43d42d1-022f-5770-a25d-c0bea366ae4e,"18,74",
ampere,1,resnet50_image,3g,32,sample,42,24.7827205657959,,,MIG-b43d42d1-022f-5770-a25d-c0bea366ae4e,"18,74",
ampere,1,resnet50_image,3g,32,sample,43,24.808767318725586,,,MIG-b43d42d1-022f-5770-a25d-c0bea366ae4e,"18,74",
ampere,1,resnet50_image,3g,32,sample,44,24.791200637817383,,,MIG-b43d42d1-022f-5770-a25d-c0bea366ae4e,"18,74",
ampere,1,resnet50_image,3g,32,sample,45,24.790912628173828,,,MIG-b43d42d1-022f-5770-a25d-c0bea366ae4e,"18,74",
ampere,1,resnet50_image,3g,32,sample,46,24.78041648864746,,,MIG-b43d42d1-022f-5770-a25d-c0bea366ae4e,"18,74",
ampere,1,resnet50_image,3g,32,sample,47,29.930335998535156,,,MIG-b43d42d1-022f-5770-a25d-c0bea366ae4e,"18,74",
ampere,1,resnet50_image,3g,32,sample,48,29.08448028564453,,,MIG-b43d42d1-022f-5770-a25d-c0bea366ae4e,"18,74",
ampere,1,resnet50_image,3g,32,sample,49,24.77452850341797,,,MIG-b43d42d1-022f-5770-a25d-c0bea366ae4e,"18,74",
ampere,1,resnet50_image,3g,64,warmup,0,47.36454391479492,,,MIG-b43d42d1-022f-5770-a25d-c0bea366ae4e,"18,74",
ampere,1,resnet50_image,3g,64,warmup,1,46.7861442565918,,,MIG-b43d42d1-022f-5770-a25d-c0bea366ae4e,"18,74",
ampere,1,resnet50_image,3g,64,warmup,2,46.914974212646484,,,MIG-b43d42d1-022f-5770-a25d-c0bea366ae4e,"18,74",
ampere,1,resnet50_image,3g,64,warmup,3,46.8006706237793,,,MIG-b43d42d1-022f-5770-a25d-c0bea366ae4e,"18,74",
ampere,1,resnet50_image,3g,64,warmup,4,46.8037109375,,,MIG-b43d42d1-022f-5770-a25d-c0bea366ae4e,"18,74",
ampere,1,resnet50_image,3g,64,warmup,5,46.79280090332031,,,MIG-b43d42d1-022f-5770-a25d-c0bea366ae4e,"18,74",
ampere,1,resnet50_image,3g,64,warmup,6,46.9095344543457,,,MIG-b43d42d1-022f-5770-a25d-c0bea366ae4e,"18,74",
ampere,1,resnet50_image,3g,64,warmup,7,46.81184005737305,,,MIG-b43d42d1-022f-5770-a25d-c0bea366ae4e,"18,74",
ampere,1,resnet50_image,3g,64,warmup,8,47.69587326049805,,,MIG-b43d42d1-022f-5770-a25d-c0bea366ae4e,"18,74",
ampere,1,resnet50_image,3g,64,warmup,9,46.81439971923828,,,MIG-b43d42d1-022f-5770-a25d-c0bea366ae4e,"18,74",
ampere,1,resnet50_image,3g,64,sample,0,47.986366271972656,,,MIG-b43d42d1-022f-5770-a25d-c0bea366ae4e,"18,74",
ampere,1,resnet50_image,3g,64,sample,1,46.91862487792969,,,MIG-b43d42d1-022f-5770-a25d-c0bea366ae4e,"18,74",
ampere,1,resnet50_image,3g,64,sample,2,47.47068786621094,,,MIG-b43d42d1-022f-5770-a25d-c0bea366ae4e,"18,74",
ampere,1,resnet50_image,3g,64,sample,3,46.80732727050781,,,MIG-b43d42d1-022f-5770-a25d-c0bea366ae4e,"18,74",
ampere,1,resnet50_image,3g,64,sample,4,46.772544860839844,,,MIG-b43d42d1-022f-5770-a25d-c0bea366ae4e,"18,74",
ampere,1,resnet50_image,3g,64,sample,5,46.7979850769043,,,MIG-b43d42d1-022f-5770-a25d-c0bea366ae4e,"18,74",
ampere,1,resnet50_image,3g,64,sample,6,46.79497528076172,,,MIG-b43d42d1-022f-5770-a25d-c0bea366ae4e,"18,74",
ampere,1,resnet50_image,3g,64,sample,7,46.835487365722656,,,MIG-b43d42d1-022f-5770-a25d-c0bea366ae4e,"18,74",
ampere,1,resnet50_image,3g,64,sample,8,46.787776947021484,,,MIG-b43d42d1-022f-5770-a25d-c0bea366ae4e,"18,74",
ampere,1,resnet50_image,3g,64,sample,9,46.79814529418945,,,MIG-b43d42d1-022f-5770-a25d-c0bea366ae4e,"18,74",
ampere,1,resnet50_image,3g,64,sample,10,46.78956985473633,,,MIG-b43d42d1-022f-5770-a25d-c0bea366ae4e,"18,74",
ampere,1,resnet50_image,3g,64,sample,11,46.804222106933594,,,MIG-b43d42d1-022f-5770-a25d-c0bea366ae4e,"18,74",
ampere,1,resnet50_image,3g,64,sample,12,46.79017639160156,,,MIG-b43d42d1-022f-5770-a25d-c0bea366ae4e,"18,74",
ampere,1,resnet50_image,3g,64,sample,13,47.42127990722656,,,MIG-b43d42d1-022f-5770-a25d-c0bea366ae4e,"18,74",
ampere,1,resnet50_image,3g,64,sample,14,46.78886413574219,,,MIG-b43d42d1-022f-5770-a25d-c0bea366ae4e,"18,74",
ampere,1,resnet50_image,3g,64,sample,15,46.809696197509766,,,MIG-b43d42d1-022f-5770-a25d-c0bea366ae4e,"18,74",
ampere,1,resnet50_image,3g,64,sample,16,46.84812927246094,,,MIG-b43d42d1-022f-5770-a25d-c0bea366ae4e,"18,74",
ampere,1,resnet50_image,3g,64,sample,17,46.8197135925293,,,MIG-b43d42d1-022f-5770-a25d-c0bea366ae4e,"18,74",
ampere,1,resnet50_image,3g,64,sample,18,46.79600143432617,,,MIG-b43d42d1-022f-5770-a25d-c0bea366ae4e,"18,74",
ampere,1,resnet50_image,3g,64,sample,19,46.818302154541016,,,MIG-b43d42d1-022f-5770-a25d-c0bea366ae4e,"18,74",
ampere,1,resnet50_image,3g,64,sample,20,46.91785430908203,,,MIG-b43d42d1-022f-5770-a25d-c0bea366ae4e,"18,74",
ampere,1,resnet50_image,3g,64,sample,21,46.87664031982422,,,MIG-b43d42d1-022f-5770-a25d-c0bea366ae4e,"18,74",
ampere,1,resnet50_image,3g,64,sample,22,46.79190444946289,,,MIG-b43d42d1-022f-5770-a25d-c0bea366ae4e,"18,74",
ampere,1,resnet50_image,3g,64,sample,23,46.78633499145508,,,MIG-b43d42d1-022f-5770-a25d-c0bea366ae4e,"18,74",
ampere,1,resnet50_image,3g,64,sample,24,46.78886413574219,,,MIG-b43d42d1-022f-5770-a25d-c0bea366ae4e,"18,74",
ampere,1,resnet50_image,3g,64,sample,25,47.0115852355957,,,MIG-b43d42d1-022f-5770-a25d-c0bea366ae4e,"18,74",
ampere,1,resnet50_image,3g,64,sample,26,46.96489715576172,,,MIG-b43d42d1-022f-5770-a25d-c0bea366ae4e,"18,74",
ampere,1,resnet50_image,3g,64,sample,27,47.02387237548828,,,MIG-b43d42d1-022f-5770-a25d-c0bea366ae4e,"18,74",
ampere,1,resnet50_image,3g,64,sample,28,46.78416061401367,,,MIG-b43d42d1-022f-5770-a25d-c0bea366ae4e,"18,74",
ampere,1,resnet50_image,3g,64,sample,29,46.782142639160156,,,MIG-b43d42d1-022f-5770-a25d-c0bea366ae4e,"18,74",
ampere,1,resnet50_image,3g,64,sample,30,46.797889709472656,,,MIG-b43d42d1-022f-5770-a25d-c0bea366ae4e,"18,74",
ampere,1,resnet50_image,3g,64,sample,31,46.78950500488281,,,MIG-b43d42d1-022f-5770-a25d-c0bea366ae4e,"18,74",
ampere,1,resnet50_image,3g,64,sample,32,46.80031967163086,,,MIG-b43d42d1-022f-5770-a25d-c0bea366ae4e,"18,74",
ampere,1,resnet50_image,3g,64,sample,33,46.921791076660156,,,MIG-b43d42d1-022f-5770-a25d-c0bea366ae4e,"18,74",
ampere,1,resnet50_image,3g,64,sample,34,46.801631927490234,,,MIG-b43d42d1-022f-5770-a25d-c0bea366ae4e,"18,74",
ampere,1,resnet50_image,3g,64,sample,35,46.9529914855957,,,MIG-b43d42d1-022f-5770-a25d-c0bea366ae4e,"18,74",
ampere,1,resnet50_image,3g,64,sample,36,46.796607971191406,,,MIG-b43d42d1-022f-5770-a25d-c0bea366ae4e,"18,74",
ampere,1,resnet50_image,3g,64,sample,37,46.81961441040039,,,MIG-b43d42d1-022f-5770-a25d-c0bea366ae4e,"18,74",
ampere,1,resnet50_image,3g,64,sample,38,46.77334213256836,,,MIG-b43d42d1-022f-5770-a25d-c0bea366ae4e,"18,74",
ampere,1,resnet50_image,3g,64,sample,39,47.174625396728516,,,MIG-b43d42d1-022f-5770-a25d-c0bea366ae4e,"18,74",
ampere,1,resnet50_image,3g,64,sample,40,46.79753494262695,,,MIG-b43d42d1-022f-5770-a25d-c0bea366ae4e,"18,74",
ampere,1,resnet50_image,3g,64,sample,41,48.84067153930664,,,MIG-b43d42d1-022f-5770-a25d-c0bea366ae4e,"18,74",
ampere,1,resnet50_image,3g,64,sample,42,46.8021125793457,,,MIG-b43d42d1-022f-5770-a25d-c0bea366ae4e,"18,74",
ampere,1,resnet50_image,3g,64,sample,43,47.75724792480469,,,MIG-b43d42d1-022f-5770-a25d-c0bea366ae4e,"18,74",
ampere,1,resnet50_image,3g,64,sample,44,46.78217697143555,,,MIG-b43d42d1-022f-5770-a25d-c0bea366ae4e,"18,74",
ampere,1,resnet50_image,3g,64,sample,45,46.939937591552734,,,MIG-b43d42d1-022f-5770-a25d-c0bea366ae4e,"18,74",
ampere,1,resnet50_image,3g,64,sample,46,46.796417236328125,,,MIG-b43d42d1-022f-5770-a25d-c0bea366ae4e,"18,74",
ampere,1,resnet50_image,3g,64,sample,47,46.795902252197266,,,MIG-b43d42d1-022f-5770-a25d-c0bea366ae4e,"18,74",
ampere,1,resnet50_image,3g,64,sample,48,46.77337646484375,,,MIG-b43d42d1-022f-5770-a25d-c0bea366ae4e,"18,74",
ampere,1,resnet50_image,3g,64,sample,49,46.79481506347656,,,MIG-b43d42d1-022f-5770-a25d-c0bea366ae4e,"18,74",
ampere,1,vgg16_image,3g,1,warmup,0,17.778303146362305,,,MIG-b43d42d1-022f-5770-a25d-c0bea366ae4e,"18,74",
ampere,1,vgg16_image,3g,1,warmup,1,9.75494384765625,,,MIG-b43d42d1-022f-5770-a25d-c0bea366ae4e,"18,74",
ampere,1,vgg16_image,3g,1,warmup,2,8.631263732910156,,,MIG-b43d42d1-022f-5770-a25d-c0bea366ae4e,"18,74",
ampere,1,vgg16_image,3g,1,warmup,3,8.340543746948242,,,MIG-b43d42d1-022f-5770-a25d-c0bea366ae4e,"18,74",
ampere,1,vgg16_image,3g,1,warmup,4,8.33187198638916,,,MIG-b43d42d1-022f-5770-a25d-c0bea366ae4e,"18,74",
ampere,1,vgg16_image,3g,1,warmup,5,8.300576210021973,,,MIG-b43d42d1-022f-5770-a25d-c0bea366ae4e,"18,74",
ampere,1,vgg16_image,3g,1,warmup,6,8.316927909851074,,,MIG-b43d42d1-022f-5770-a25d-c0bea366ae4e,"18,74",
ampere,1,vgg16_image,3g,1,warmup,7,8.358495712280273,,,MIG-b43d42d1-022f-5770-a25d-c0bea366ae4e,"18,74",
ampere,1,vgg16_image,3g,1,warmup,8,8.315808296203613,,,MIG-b43d42d1-022f-5770-a25d-c0bea366ae4e,"18,74",
ampere,1,vgg16_image,3g,1,warmup,9,9.10371208190918,,,MIG-b43d42d1-022f-5770-a25d-c0bea366ae4e,"18,74",
ampere,1,vgg16_image,3g,1,sample,0,8.331999778747559,,,MIG-b43d42d1-022f-5770-a25d-c0bea366ae4e,"18,74",
ampere,1,vgg16_image,3g,1,sample,1,8.525568008422852,,,MIG-b43d42d1-022f-5770-a25d-c0bea366ae4e,"18,74",
ampere,1,vgg16_image,3g,1,sample,2,10.214431762695312,,,MIG-b43d42d1-022f-5770-a25d-c0bea366ae4e,"18,74",
ampere,1,vgg16_image,3g,1,sample,3,8.308799743652344,,,MIG-b43d42d1-022f-5770-a25d-c0bea366ae4e,"18,74",
ampere,1,vgg16_image,3g,1,sample,4,8.311871528625488,,,MIG-b43d42d1-022f-5770-a25d-c0bea366ae4e,"18,74",
ampere,1,vgg16_image,3g,1,sample,5,8.567551612854004,,,MIG-b43d42d1-022f-5770-a25d-c0bea366ae4e,"18,74",
ampere,1,vgg16_image,3g,1,sample,6,8.302016258239746,,,MIG-b43d42d1-022f-5770-a25d-c0bea366ae4e,"18,74",
ampere,1,vgg16_image,3g,1,sample,7,8.322912216186523,,,MIG-b43d42d1-022f-5770-a25d-c0bea366ae4e,"18,74",
ampere,1,vgg16_image,3g,1,sample,8,8.302559852600098,,,MIG-b43d42d1-022f-5770-a25d-c0bea366ae4e,"18,74",
ampere,1,vgg16_image,3g,1,sample,9,8.311424255371094,,,MIG-b43d42d1-022f-5770-a25d-c0bea366ae4e,"18,74",
ampere,1,vgg16_image,3g,1,sample,10,8.293984413146973,,,MIG-b43d42d1-022f-5770-a25d-c0bea366ae4e,"18,74",
ampere,1,vgg16_image,3g,1,sample,11,8.323328018188477,,,MIG-b43d42d1-022f-5770-a25d-c0bea366ae4e,"18,74",
ampere,1,vgg16_image,3g,1,sample,12,8.387455940246582,,,MIG-b43d42d1-022f-5770-a25d-c0bea366ae4e,"18,74",
ampere,1,vgg16_image,3g,1,sample,13,8.317312240600586,,,MIG-b43d42d1-022f-5770-a25d-c0bea366ae4e,"18,74",
ampere,1,vgg16_image,3g,1,sample,14,8.345727920532227,,,MIG-b43d42d1-022f-5770-a25d-c0bea366ae4e,"18,74",
ampere,1,vgg16_image,3g,1,sample,15,8.332159996032715,,,MIG-b43d42d1-022f-5770-a25d-c0bea366ae4e,"18,74",
ampere,1,vgg16_image,3g,1,sample,16,8.324224472045898,,,MIG-b43d42d1-022f-5770-a25d-c0bea366ae4e,"18,74",
ampere,1,vgg16_image,3g,1,sample,17,8.2957763671875,,,MIG-b43d42d1-022f-5770-a25d-c0bea366ae4e,"18,74",
ampere,1,vgg16_image,3g,1,sample,18,8.298975944519043,,,MIG-b43d42d1-022f-5770-a25d-c0bea366ae4e,"18,74",
ampere,1,vgg16_image,3g,1,sample,19,8.317567825317383,,,MIG-b43d42d1-022f-5770-a25d-c0bea366ae4e,"18,74",
ampere,1,vgg16_image,3g,1,sample,20,8.290975570678711,,,MIG-b43d42d1-022f-5770-a25d-c0bea366ae4e,"18,74",
ampere,1,vgg16_image,3g,1,sample,21,8.343839645385742,,,MIG-b43d42d1-022f-5770-a25d-c0bea366ae4e,"18,74",
ampere,1,vgg16_image,3g,1,sample,22,8.308799743652344,,,MIG-b43d42d1-022f-5770-a25d-c0bea366ae4e,"18,74",
ampere,1,vgg16_image,3g,1,sample,23,8.336031913757324,,,MIG-b43d42d1-022f-5770-a25d-c0bea366ae4e,"18,74",
ampere,1,vgg16_image,3g,1,sample,24,8.317119598388672,,,MIG-b43d42d1-022f-5770-a25d-c0bea366ae4e,"18,74",
ampere,1,vgg16_image,3g,1,sample,25,8.301088333129883,,,MIG-b43d42d1-022f-5770-a25d-c0bea366ae4e,"18,74",
ampere,1,vgg16_image,3g,1,sample,26,8.273056030273438,,,MIG-b43d42d1-022f-5770-a25d-c0bea366ae4e,"18,74",
ampere,1,vgg16_image,3g,1,sample,27,8.326144218444824,,,MIG-b43d42d1-022f-5770-a25d-c0bea366ae4e,"18,74",
ampere,1,vgg16_image,3g,1,sample,28,8.872032165527344,,,MIG-b43d42d1-022f-5770-a25d-c0bea366ae4e,"18,74",
ampere,1,vgg16_image,3g,1,sample,29,8.316512107849121,,,MIG-b43d42d1-022f-5770-a25d-c0bea366ae4e,"18,74",
ampere,1,vgg16_image,3g,1,sample,30,8.336095809936523,,,MIG-b43d42d1-022f-5770-a25d-c0bea366ae4e,"18,74",
ampere,1,vgg16_image,3g,1,sample,31,8.32528018951416,,,MIG-b43d42d1-022f-5770-a25d-c0bea366ae4e,"18,74",
ampere,1,vgg16_image,3g,1,sample,32,8.299263954162598,,,MIG-b43d42d1-022f-5770-a25d-c0bea366ae4e,"18,74",
ampere,1,vgg16_image,3g,1,sample,33,9.732704162597656,,,MIG-b43d42d1-022f-5770-a25d-c0bea366ae4e,"18,74",
ampere,1,vgg16_image,3g,1,sample,34,8.2990083694458,,,MIG-b43d42d1-022f-5770-a25d-c0bea366ae4e,"18,74",
ampere,1,vgg16_image,3g,1,sample,35,8.923839569091797,,,MIG-b43d42d1-022f-5770-a25d-c0bea366ae4e,"18,74",
ampere,1,vgg16_image,3g,1,sample,36,8.309408187866211,,,MIG-b43d42d1-022f-5770-a25d-c0bea366ae4e,"18,74",
ampere,1,vgg16_image,3g,1,sample,37,8.696831703186035,,,MIG-b43d42d1-022f-5770-a25d-c0bea366ae4e,"18,74",
ampere,1,vgg16_image,3g,1,sample,38,8.328927993774414,,,MIG-b43d42d1-022f-5770-a25d-c0bea366ae4e,"18,74",
ampere,1,vgg16_image,3g,1,sample,39,8.607135772705078,,,MIG-b43d42d1-022f-5770-a25d-c0bea366ae4e,"18,74",
ampere,1,vgg16_image,3g,1,sample,40,9.554207801818848,,,MIG-b43d42d1-022f-5770-a25d-c0bea366ae4e,"18,74",
ampere,1,vgg16_image,3g,1,sample,41,8.703424453735352,,,MIG-b43d42d1-022f-5770-a25d-c0bea366ae4e,"18,74",
ampere,1,vgg16_image,3g,1,sample,42,8.308480262756348,,,MIG-b43d42d1-022f-5770-a25d-c0bea366ae4e,"18,74",
ampere,1,vgg16_image,3g,1,sample,43,8.5546236038208,,,MIG-b43d42d1-022f-5770-a25d-c0bea366ae4e,"18,74",
ampere,1,vgg16_image,3g,1,sample,44,8.310208320617676,,,MIG-b43d42d1-022f-5770-a25d-c0bea366ae4e,"18,74",
ampere,1,vgg16_image,3g,1,sample,45,10.20582389831543,,,MIG-b43d42d1-022f-5770-a25d-c0bea366ae4e,"18,74",
ampere,1,vgg16_image,3g,1,sample,46,14.162464141845703,,,MIG-b43d42d1-022f-5770-a25d-c0bea366ae4e,"18,74",
ampere,1,vgg16_image,3g,1,sample,47,12.451935768127441,,,MIG-b43d42d1-022f-5770-a25d-c0bea366ae4e,"18,74",
ampere,1,vgg16_image,3g,1,sample,48,9.797151565551758,,,MIG-b43d42d1-022f-5770-a25d-c0bea366ae4e,"18,74",
ampere,1,vgg16_image,3g,1,sample,49,8.371871948242188,,,MIG-b43d42d1-022f-5770-a25d-c0bea366ae4e,"18,74",
ampere,1,vgg16_image,3g,4,warmup,0,22.983999252319336,,,MIG-b43d42d1-022f-5770-a25d-c0bea366ae4e,"18,74",
ampere,1,vgg16_image,3g,4,warmup,1,10.287424087524414,,,MIG-b43d42d1-022f-5770-a25d-c0bea366ae4e,"18,74",
ampere,1,vgg16_image,3g,4,warmup,2,9.14185619354248,,,MIG-b43d42d1-022f-5770-a25d-c0bea366ae4e,"18,74",
ampere,1,vgg16_image,3g,4,warmup,3,9.135904312133789,,,MIG-b43d42d1-022f-5770-a25d-c0bea366ae4e,"18,74",
ampere,1,vgg16_image,3g,4,warmup,4,9.122783660888672,,,MIG-b43d42d1-022f-5770-a25d-c0bea366ae4e,"18,74",
ampere,1,vgg16_image,3g,4,warmup,5,10.703519821166992,,,MIG-b43d42d1-022f-5770-a25d-c0bea366ae4e,"18,74",
ampere,1,vgg16_image,3g,4,warmup,6,10.164863586425781,,,MIG-b43d42d1-022f-5770-a25d-c0bea366ae4e,"18,74",
ampere,1,vgg16_image,3g,4,warmup,7,9.114144325256348,,,MIG-b43d42d1-022f-5770-a25d-c0bea366ae4e,"18,74",
ampere,1,vgg16_image,3g,4,warmup,8,9.125856399536133,,,MIG-b43d42d1-022f-5770-a25d-c0bea366ae4e,"18,74",
ampere,1,vgg16_image,3g,4,warmup,9,9.149727821350098,,,MIG-b43d42d1-022f-5770-a25d-c0bea366ae4e,"18,74",
ampere,1,vgg16_image,3g,4,sample,0,9.263903617858887,,,MIG-b43d42d1-022f-5770-a25d-c0bea366ae4e,"18,74",
ampere,1,vgg16_image,3g,4,sample,1,10.838815689086914,,,MIG-b43d42d1-022f-5770-a25d-c0bea366ae4e,"18,74",
ampere,1,vgg16_image,3g,4,sample,2,9.118656158447266,,,MIG-b43d42d1-022f-5770-a25d-c0bea366ae4e,"18,74",
ampere,1,vgg16_image,3g,4,sample,3,9.531264305114746,,,MIG-b43d42d1-022f-5770-a25d-c0bea366ae4e,"18,74",
ampere,1,vgg16_image,3g,4,sample,4,9.488256454467773,,,MIG-b43d42d1-022f-5770-a25d-c0bea366ae4e,"18,74",
ampere,1,vgg16_image,3g,4,sample,5,9.153216361999512,,,MIG-b43d42d1-022f-5770-a25d-c0bea366ae4e,"18,74",
ampere,1,vgg16_image,3g,4,sample,6,9.111583709716797,,,MIG-b43d42d1-022f-5770-a25d-c0bea366ae4e,"18,74",
ampere,1,vgg16_image,3g,4,sample,7,10.873632431030273,,,MIG-b43d42d1-022f-5770-a25d-c0bea366ae4e,"18,74",
ampere,1,vgg16_image,3g,4,sample,8,9.083968162536621,,,MIG-b43d42d1-022f-5770-a25d-c0bea366ae4e,"18,74",
ampere,1,vgg16_image,3g,4,sample,9,9.128064155578613,,,MIG-b43d42d1-022f-5770-a25d-c0bea366ae4e,"18,74",
ampere,1,vgg16_image,3g,4,sample,10,9.107295989990234,,,MIG-b43d42d1-022f-5770-a25d-c0bea366ae4e,"18,74",
ampere,1,vgg16_image,3g,4,sample,11,9.520352363586426,,,MIG-b43d42d1-022f-5770-a25d-c0bea366ae4e,"18,74",
ampere,1,vgg16_image,3g,4,sample,12,9.265279769897461,,,MIG-b43d42d1-022f-5770-a25d-c0bea366ae4e,"18,74",
ampere,1,vgg16_image,3g,4,sample,13,10.762368202209473,,,MIG-b43d42d1-022f-5770-a25d-c0bea366ae4e,"18,74",
ampere,1,vgg16_image,3g,4,sample,14,9.270879745483398,,,MIG-b43d42d1-022f-5770-a25d-c0bea366ae4e,"18,74",
ampere,1,vgg16_image,3g,4,sample,15,9.099136352539062,,,MIG-b43d42d1-022f-5770-a25d-c0bea366ae4e,"18,74",
ampere,1,vgg16_image,3g,4,sample,16,9.101759910583496,,,MIG-b43d42d1-022f-5770-a25d-c0bea366ae4e,"18,74",
ampere,1,vgg16_image,3g,4,sample,17,9.122559547424316,,,MIG-b43d42d1-022f-5770-a25d-c0bea366ae4e,"18,74",
ampere,1,vgg16_image,3g,4,sample,18,10.178272247314453,,,MIG-b43d42d1-022f-5770-a25d-c0bea366ae4e,"18,74",
ampere,1,vgg16_image,3g,4,sample,19,10.273759841918945,,,MIG-b43d42d1-022f-5770-a25d-c0bea366ae4e,"18,74",
ampere,1,vgg16_image,3g,4,sample,20,9.112095832824707,,,MIG-b43d42d1-022f-5770-a25d-c0bea366ae4e,"18,74",
ampere,1,vgg16_image,3g,4,sample,21,9.12230396270752,,,MIG-b43d42d1-022f-5770-a25d-c0bea366ae4e,"18,74",
ampere,1,vgg16_image,3g,4,sample,22,9.11622428894043,,,MIG-b43d42d1-022f-5770-a25d-c0bea366ae4e,"18,74",
ampere,1,vgg16_image,3g,4,sample,23,9.160415649414062,,,MIG-b43d42d1-022f-5770-a25d-c0bea366ae4e,"18,74",
ampere,1,vgg16_image,3g,4,sample,24,16.229183197021484,,,MIG-b43d42d1-022f-5770-a25d-c0bea366ae4e,"18,74",
ampere,1,vgg16_image,3g,4,sample,25,9.163488388061523,,,MIG-b43d42d1-022f-5770-a25d-c0bea366ae4e,"18,74",
ampere,1,vgg16_image,3g,4,sample,26,9.15552043914795,,,MIG-b43d42d1-022f-5770-a25d-c0bea366ae4e,"18,74",
ampere,1,vgg16_image,3g,4,sample,27,9.139936447143555,,,MIG-b43d42d1-022f-5770-a25d-c0bea366ae4e,"18,74",
ampere,1,vgg16_image,3g,4,sample,28,9.141663551330566,,,MIG-b43d42d1-022f-5770-a25d-c0bea366ae4e,"18,74",
ampere,1,vgg16_image,3g,4,sample,29,9.15452766418457,,,MIG-b43d42d1-022f-5770-a25d-c0bea366ae4e,"18,74",
ampere,1,vgg16_image,3g,4,sample,30,10.823967933654785,,,MIG-b43d42d1-022f-5770-a25d-c0bea366ae4e,"18,74",
ampere,1,vgg16_image,3g,4,sample,31,9.125568389892578,,,MIG-b43d42d1-022f-5770-a25d-c0bea366ae4e,"18,74",
ampere,1,vgg16_image,3g,4,sample,32,9.09603214263916,,,MIG-b43d42d1-022f-5770-a25d-c0bea366ae4e,"18,74",
ampere,1,vgg16_image,3g,4,sample,33,9.121024131774902,,,MIG-b43d42d1-022f-5770-a25d-c0bea366ae4e,"18,74",
ampere,1,vgg16_image,3g,4,sample,34,9.117823600769043,,,MIG-b43d42d1-022f-5770-a25d-c0bea366ae4e,"18,74",
ampere,1,vgg16_image,3g,4,sample,35,10.761088371276855,,,MIG-b43d42d1-022f-5770-a25d-c0bea366ae4e,"18,74",
ampere,1,vgg16_image,3g,4,sample,36,9.1212158203125,,,MIG-b43d42d1-022f-5770-a25d-c0bea366ae4e,"18,74",
ampere,1,vgg16_image,3g,4,sample,37,9.136544227600098,,,MIG-b43d42d1-022f-5770-a25d-c0bea366ae4e,"18,74",
ampere,1,vgg16_image,3g,4,sample,38,9.129152297973633,,,MIG-b43d42d1-022f-5770-a25d-c0bea366ae4e,"18,74",
ampere,1,vgg16_image,3g,4,sample,39,9.115519523620605,,,MIG-b43d42d1-022f-5770-a25d-c0bea366ae4e,"18,74",
ampere,1,vgg16_image,3g,4,sample,40,13.72275161743164,,,MIG-b43d42d1-022f-5770-a25d-c0bea366ae4e,"18,74",
ampere,1,vgg16_image,3g,4,sample,41,11.869919776916504,,,MIG-b43d42d1-022f-5770-a25d-c0bea366ae4e,"18,74",
ampere,1,vgg16_image,3g,4,sample,42,9.240256309509277,,,MIG-b43d42d1-022f-5770-a25d-c0bea366ae4e,"18,74",
ampere,1,vgg16_image,3g,4,sample,43,9.112863540649414,,,MIG-b43d42d1-022f-5770-a25d-c0bea366ae4e,"18,74",
ampere,1,vgg16_image,3g,4,sample,44,10.140128135681152,,,MIG-b43d42d1-022f-5770-a25d-c0bea366ae4e,"18,74",
ampere,1,vgg16_image,3g,4,sample,45,9.567647933959961,,,MIG-b43d42d1-022f-5770-a25d-c0bea366ae4e,"18,74",
ampere,1,vgg16_image,3g,4,sample,46,9.115039825439453,,,MIG-b43d42d1-022f-5770-a25d-c0bea366ae4e,"18,74",
ampere,1,vgg16_image,3g,4,sample,47,9.13100814819336,,,MIG-b43d42d1-022f-5770-a25d-c0bea366ae4e,"18,74",
ampere,1,vgg16_image,3g,4,sample,48,9.130720138549805,,,MIG-b43d42d1-022f-5770-a25d-c0bea366ae4e,"18,74",
ampere,1,vgg16_image,3g,4,sample,49,9.168448448181152,,,MIG-b43d42d1-022f-5770-a25d-c0bea366ae4e,"18,74",
ampere,1,vgg16_image,3g,16,warmup,0,21.676799774169922,,,MIG-b43d42d1-022f-5770-a25d-c0bea366ae4e,"18,74",
ampere,1,vgg16_image,3g,16,warmup,1,21.25372886657715,,,MIG-b43d42d1-022f-5770-a25d-c0bea366ae4e,"18,74",
ampere,1,vgg16_image,3g,16,warmup,2,21.256000518798828,,,MIG-b43d42d1-022f-5770-a25d-c0bea366ae4e,"18,74",
ampere,1,vgg16_image,3g,16,warmup,3,21.263647079467773,,,MIG-b43d42d1-022f-5770-a25d-c0bea366ae4e,"18,74",
ampere,1,vgg16_image,3g,16,warmup,4,21.25712013244629,,,MIG-b43d42d1-022f-5770-a25d-c0bea366ae4e,"18,74",
ampere,1,vgg16_image,3g,16,warmup,5,21.262048721313477,,,MIG-b43d42d1-022f-5770-a25d-c0bea366ae4e,"18,74",
ampere,1,vgg16_image,3g,16,warmup,6,21.248191833496094,,,MIG-b43d42d1-022f-5770-a25d-c0bea366ae4e,"18,74",
ampere,1,vgg16_image,3g,16,warmup,7,21.24822425842285,,,MIG-b43d42d1-022f-5770-a25d-c0bea366ae4e,"18,74",
ampere,1,vgg16_image,3g,16,warmup,8,21.251808166503906,,,MIG-b43d42d1-022f-5770-a25d-c0bea366ae4e,"18,74",
ampere,1,vgg16_image,3g,16,warmup,9,21.247007369995117,,,MIG-b43d42d1-022f-5770-a25d-c0bea366ae4e,"18,74",
ampere,1,vgg16_image,3g,16,sample,0,21.250751495361328,,,MIG-b43d42d1-022f-5770-a25d-c0bea366ae4e,"18,74",
ampere,1,vgg16_image,3g,16,sample,1,21.24720001220703,,,MIG-b43d42d1-022f-5770-a25d-c0bea366ae4e,"18,74",
ampere,1,vgg16_image,3g,16,sample,2,21.247488021850586,,,MIG-b43d42d1-022f-5770-a25d-c0bea366ae4e,"18,74",
ampere,1,vgg16_image,3g,16,sample,3,21.321535110473633,,,MIG-b43d42d1-022f-5770-a25d-c0bea366ae4e,"18,74",
ampere,1,vgg16_image,3g,16,sample,4,21.24959945678711,,,MIG-b43d42d1-022f-5770-a25d-c0bea366ae4e,"18,74",
ampere,1,vgg16_image,3g,16,sample,5,21.247007369995117,,,MIG-b43d42d1-022f-5770-a25d-c0bea366ae4e,"18,74",
ampere,1,vgg16_image,3g,16,sample,6,21.33500862121582,,,MIG-b43d42d1-022f-5770-a25d-c0bea366ae4e,"18,74",
ampere,1,vgg16_image,3g,16,sample,7,21.288576126098633,,,MIG-b43d42d1-022f-5770-a25d-c0bea366ae4e,"18,74",
ampere,1,vgg16_image,3g,16,sample,8,21.246400833129883,,,MIG-b43d42d1-022f-5770-a25d-c0bea366ae4e,"18,74",
ampere,1,vgg16_image,3g,16,sample,9,21.252159118652344,,,MIG-b43d42d1-022f-5770-a25d-c0bea366ae4e,"18,74",
ampere,1,vgg16_image,3g,16,sample,10,21.256864547729492,,,MIG-b43d42d1-022f-5770-a25d-c0bea366ae4e,"18,74",
ampere,1,vgg16_image,3g,16,sample,11,21.260032653808594,,,MIG-b43d42d1-022f-5770-a25d-c0bea366ae4e,"18,74",
ampere,1,vgg16_image,3g,16,sample,12,21.26870346069336,,,MIG-b43d42d1-022f-5770-a25d-c0bea366ae4e,"18,74",
ampere,1,vgg16_image,3g,16,sample,13,21.255327224731445,,,MIG-b43d42d1-022f-5770-a25d-c0bea366ae4e,"18,74",
ampere,1,vgg16_image,3g,16,sample,14,21.255327224731445,,,MIG-b43d42d1-022f-5770-a25d-c0bea366ae4e,"18,74",
ampere,1,vgg16_image,3g,16,sample,15,21.263296127319336,,,MIG-b43d42d1-022f-5770-a25d-c0bea366ae4e,"18,74",
ampere,1,vgg16_image,3g,16,sample,16,21.367712020874023,,,MIG-b43d42d1-022f-5770-a25d-c0bea366ae4e,"18,74",
ampere,1,vgg16_image,3g,16,sample,17,21.26848030090332,,,MIG-b43d42d1-022f-5770-a25d-c0bea366ae4e,"18,74",
ampere,1,vgg16_image,3g,16,sample,18,21.26972770690918,,,MIG-b43d42d1-022f-5770-a25d-c0bea366ae4e,"18,74",
ampere,1,vgg16_image,3g,16,sample,19,21.24345588684082,,,MIG-b43d42d1-022f-5770-a25d-c0bea366ae4e,"18,74",
ampere,1,vgg16_image,3g,16,sample,20,21.43231964111328,,,MIG-b43d42d1-022f-5770-a25d-c0bea366ae4e,"18,74",
ampere,1,vgg16_image,3g,16,sample,21,22.154144287109375,,,MIG-b43d42d1-022f-5770-a25d-c0bea366ae4e,"18,74",
ampere,1,vgg16_image,3g,16,sample,22,21.261215209960938,,,MIG-b43d42d1-022f-5770-a25d-c0bea366ae4e,"18,74",
ampere,1,vgg16_image,3g,16,sample,23,21.24959945678711,,,MIG-b43d42d1-022f-5770-a25d-c0bea366ae4e,"18,74",
ampere,1,vgg16_image,3g,16,sample,24,22.09779167175293,,,MIG-b43d42d1-022f-5770-a25d-c0bea366ae4e,"18,74",
ampere,1,vgg16_image,3g,16,sample,25,21.322751998901367,,,MIG-b43d42d1-022f-5770-a25d-c0bea366ae4e,"18,74",
ampere,1,vgg16_image,3g,16,sample,26,21.25609588623047,,,MIG-b43d42d1-022f-5770-a25d-c0bea366ae4e,"18,74",
ampere,1,vgg16_image,3g,16,sample,27,21.35638427734375,,,MIG-b43d42d1-022f-5770-a25d-c0bea366ae4e,"18,74",
ampere,1,vgg16_image,3g,16,sample,28,21.269887924194336,,,MIG-b43d42d1-022f-5770-a25d-c0bea366ae4e,"18,74",
ampere,1,vgg16_image,3g,16,sample,29,21.243167877197266,,,MIG-b43d42d1-022f-5770-a25d-c0bea366ae4e,"18,74",
ampere,1,vgg16_image,3g,16,sample,30,21.49849510192871,,,MIG-b43d42d1-022f-5770-a25d-c0bea366ae4e,"18,74",
ampere,1,vgg16_image,3g,16,sample,31,21.251615524291992,,,MIG-b43d42d1-022f-5770-a25d-c0bea366ae4e,"18,74",
ampere,1,vgg16_image,3g,16,sample,32,21.240192413330078,,,MIG-b43d42d1-022f-5770-a25d-c0bea366ae4e,"18,74",
ampere,1,vgg16_image,3g,16,sample,33,21.358495712280273,,,MIG-b43d42d1-022f-5770-a25d-c0bea366ae4e,"18,74",
ampere,1,vgg16_image,3g,16,sample,34,21.357887268066406,,,MIG-b43d42d1-022f-5770-a25d-c0bea366ae4e,"18,74",
ampere,1,vgg16_image,3g,16,sample,35,21.251232147216797,,,MIG-b43d42d1-022f-5770-a25d-c0bea366ae4e,"18,74",
ampere,1,vgg16_image,3g,16,sample,36,21.260831832885742,,,MIG-b43d42d1-022f-5770-a25d-c0bea366ae4e,"18,74",
ampere,1,vgg16_image,3g,16,sample,37,21.25708770751953,,,MIG-b43d42d1-022f-5770-a25d-c0bea366ae4e,"18,74",
ampere,1,vgg16_image,3g,16,sample,38,21.252927780151367,,,MIG-b43d42d1-022f-5770-a25d-c0bea366ae4e,"18,74",
ampere,1,vgg16_image,3g,16,sample,39,21.2476806640625,,,MIG-b43d42d1-022f-5770-a25d-c0bea366ae4e,"18,74",
ampere,1,vgg16_image,3g,16,sample,40,21.253055572509766,,,MIG-b43d42d1-022f-5770-a25d-c0bea366ae4e,"18,74",
ampere,1,vgg16_image,3g,16,sample,41,21.300703048706055,,,MIG-b43d42d1-022f-5770-a25d-c0bea366ae4e,"18,74",
ampere,1,vgg16_image,3g,16,sample,42,21.24518394470215,,,MIG-b43d42d1-022f-5770-a25d-c0bea366ae4e,"18,74",
ampere,1,vgg16_image,3g,16,sample,43,22.11052894592285,,,MIG-b43d42d1-022f-5770-a25d-c0bea366ae4e,"18,74",
ampere,1,vgg16_image,3g,16,sample,44,21.259904861450195,,,MIG-b43d42d1-022f-5770-a25d-c0bea366ae4e,"18,74",
ampere,1,vgg16_image,3g,16,sample,45,21.254207611083984,,,MIG-b43d42d1-022f-5770-a25d-c0bea366ae4e,"18,74",
ampere,1,vgg16_image,3g,16,sample,46,21.244384765625,,,MIG-b43d42d1-022f-5770-a25d-c0bea366ae4e,"18,74",
ampere,1,vgg16_image,3g,16,sample,47,21.329248428344727,,,MIG-b43d42d1-022f-5770-a25d-c0bea366ae4e,"18,74",
ampere,1,vgg16_image,3g,16,sample,48,21.284704208374023,,,MIG-b43d42d1-022f-5770-a25d-c0bea366ae4e,"18,74",
ampere,1,vgg16_image,3g,16,sample,49,21.316831588745117,,,MIG-b43d42d1-022f-5770-a25d-c0bea366ae4e,"18,74",
ampere,1,vgg16_image,3g,32,warmup,0,39.65363311767578,,,MIG-b43d42d1-022f-5770-a25d-c0bea366ae4e,"18,74",
ampere,1,vgg16_image,3g,32,warmup,1,39.16572952270508,,,MIG-b43d42d1-022f-5770-a25d-c0bea366ae4e,"18,74",
ampere,1,vgg16_image,3g,32,warmup,2,39.16502380371094,,,MIG-b43d42d1-022f-5770-a25d-c0bea366ae4e,"18,74",
ampere,1,vgg16_image,3g,32,warmup,3,39.17327880859375,,,MIG-b43d42d1-022f-5770-a25d-c0bea366ae4e,"18,74",
ampere,1,vgg16_image,3g,32,warmup,4,39.167327880859375,,,MIG-b43d42d1-022f-5770-a25d-c0bea366ae4e,"18,74",
ampere,1,vgg16_image,3g,32,warmup,5,39.160064697265625,,,MIG-b43d42d1-022f-5770-a25d-c0bea366ae4e,"18,74",
ampere,1,vgg16_image,3g,32,warmup,6,39.17238235473633,,,MIG-b43d42d1-022f-5770-a25d-c0bea366ae4e,"18,74",
ampere,1,vgg16_image,3g,32,warmup,7,39.15631866455078,,,MIG-b43d42d1-022f-5770-a25d-c0bea366ae4e,"18,74",
ampere,1,vgg16_image,3g,32,warmup,8,39.38111877441406,,,MIG-b43d42d1-022f-5770-a25d-c0bea366ae4e,"18,74",
ampere,1,vgg16_image,3g,32,warmup,9,39.23164749145508,,,MIG-b43d42d1-022f-5770-a25d-c0bea366ae4e,"18,74",
ampere,1,vgg16_image,3g,32,sample,0,39.18214416503906,,,MIG-b43d42d1-022f-5770-a25d-c0bea366ae4e,"18,74",
ampere,1,vgg16_image,3g,32,sample,1,39.1635856628418,,,MIG-b43d42d1-022f-5770-a25d-c0bea366ae4e,"18,74",
ampere,1,vgg16_image,3g,32,sample,2,39.3639030456543,,,MIG-b43d42d1-022f-5770-a25d-c0bea366ae4e,"18,74",
ampere,1,vgg16_image,3g,32,sample,3,39.16886520385742,,,MIG-b43d42d1-022f-5770-a25d-c0bea366ae4e,"18,74",
ampere,1,vgg16_image,3g,32,sample,4,39.163360595703125,,,MIG-b43d42d1-022f-5770-a25d-c0bea366ae4e,"18,74",
ampere,1,vgg16_image,3g,32,sample,5,39.287105560302734,,,MIG-b43d42d1-022f-5770-a25d-c0bea366ae4e,"18,74",
ampere,1,vgg16_image,3g,32,sample,6,39.17817687988281,,,MIG-b43d42d1-022f-5770-a25d-c0bea366ae4e,"18,74",
ampere,1,vgg16_image,3g,32,sample,7,39.24396896362305,,,MIG-b43d42d1-022f-5770-a25d-c0bea366ae4e,"18,74",
ampere,1,vgg16_image,3g,32,sample,8,39.17865753173828,,,MIG-b43d42d1-022f-5770-a25d-c0bea366ae4e,"18,74",
ampere,1,vgg16_image,3g,32,sample,9,39.17232131958008,,,MIG-b43d42d1-022f-5770-a25d-c0bea366ae4e,"18,74",
ampere,1,vgg16_image,3g,32,sample,10,39.17715072631836,,,MIG-b43d42d1-022f-5770-a25d-c0bea366ae4e,"18,74",
ampere,1,vgg16_image,3g,32,sample,11,39.17292785644531,,,MIG-b43d42d1-022f-5770-a25d-c0bea366ae4e,"18,74",
ampere,1,vgg16_image,3g,32,sample,12,39.1960334777832,,,MIG-b43d42d1-022f-5770-a25d-c0bea366ae4e,"18,74",
ampere,1,vgg16_image,3g,32,sample,13,39.266334533691406,,,MIG-b43d42d1-022f-5770-a25d-c0bea366ae4e,"18,74",
ampere,1,vgg16_image,3g,32,sample,14,39.175071716308594,,,MIG-b43d42d1-022f-5770-a25d-c0bea366ae4e,"18,74",
ampere,1,vgg16_image,3g,32,sample,15,39.16819381713867,,,MIG-b43d42d1-022f-5770-a25d-c0bea366ae4e,"18,74",
ampere,1,vgg16_image,3g,32,sample,16,39.17270278930664,,,MIG-b43d42d1-022f-5770-a25d-c0bea366ae4e,"18,74",
ampere,1,vgg16_image,3g,32,sample,17,39.16620635986328,,,MIG-b43d42d1-022f-5770-a25d-c0bea366ae4e,"18,74",
ampere,1,vgg16_image,3g,32,sample,18,39.20822525024414,,,MIG-b43d42d1-022f-5770-a25d-c0bea366ae4e,"18,74",
ampere,1,vgg16_image,3g,32,sample,19,39.16960144042969,,,MIG-b43d42d1-022f-5770-a25d-c0bea366ae4e,"18,74",
ampere,1,vgg16_image,3g,32,sample,20,39.18035125732422,,,MIG-b43d42d1-022f-5770-a25d-c0bea366ae4e,"18,74",
ampere,1,vgg16_image,3g,32,sample,21,39.60300827026367,,,MIG-b43d42d1-022f-5770-a25d-c0bea366ae4e,"18,74",
ampere,1,vgg16_image,3g,32,sample,22,39.17264175415039,,,MIG-b43d42d1-022f-5770-a25d-c0bea366ae4e,"18,74",
ampere,1,vgg16_image,3g,32,sample,23,40.17871856689453,,,MIG-b43d42d1-022f-5770-a25d-c0bea366ae4e,"18,74",
ampere,1,vgg16_image,3g,32,sample,24,40.27366256713867,,,MIG-b43d42d1-022f-5770-a25d-c0bea366ae4e,"18,74",
ampere,1,vgg16_image,3g,32,sample,25,39.17478561401367,,,MIG-b43d42d1-022f-5770-a25d-c0bea366ae4e,"18,74",
ampere,1,vgg16_image,3g,32,sample,26,39.16579055786133,,,MIG-b43d42d1-022f-5770-a25d-c0bea366ae4e,"18,74",
ampere,1,vgg16_image,3g,32,sample,27,39.17180633544922,,,MIG-b43d42d1-022f-5770-a25d-c0bea366ae4e,"18,74",
ampere,1,vgg16_image,3g,32,sample,28,39.166080474853516,,,MIG-b43d42d1-022f-5770-a25d-c0bea366ae4e,"18,74",
ampere,1,vgg16_image,3g,32,sample,29,39.181278228759766,,,MIG-b43d42d1-022f-5770-a25d-c0bea366ae4e,"18,74",
ampere,1,vgg16_image,3g,32,sample,30,39.15897750854492,,,MIG-b43d42d1-022f-5770-a25d-c0bea366ae4e,"18,74",
ampere,1,vgg16_image,3g,32,sample,31,39.31379318237305,,,MIG-b43d42d1-022f-5770-a25d-c0bea366ae4e,"18,74",
ampere,1,vgg16_image,3g,32,sample,32,39.17839813232422,,,MIG-b43d42d1-022f-5770-a25d-c0bea366ae4e,"18,74",
ampere,1,vgg16_image,3g,32,sample,33,39.17327880859375,,,MIG-b43d42d1-022f-5770-a25d-c0bea366ae4e,"18,74",
ampere,1,vgg16_image,3g,32,sample,34,39.319393157958984,,,MIG-b43d42d1-022f-5770-a25d-c0bea366ae4e,"18,74",
ampere,1,vgg16_image,3g,32,sample,35,39.179840087890625,,,MIG-b43d42d1-022f-5770-a25d-c0bea366ae4e,"18,74",
ampere,1,vgg16_image,3g,32,sample,36,39.18582534790039,,,MIG-b43d42d1-022f-5770-a25d-c0bea366ae4e,"18,74",
ampere,1,vgg16_image,3g,32,sample,37,39.253662109375,,,MIG-b43d42d1-022f-5770-a25d-c0bea366ae4e,"18,74",
ampere,1,vgg16_image,3g,32,sample,38,39.17292785644531,,,MIG-b43d42d1-022f-5770-a25d-c0bea366ae4e,"18,74",
ampere,1,vgg16_image,3g,32,sample,39,39.17728042602539,,,MIG-b43d42d1-022f-5770-a25d-c0bea366ae4e,"18,74",
ampere,1,vgg16_image,3g,32,sample,40,39.22515106201172,,,MIG-b43d42d1-022f-5770-a25d-c0bea366ae4e,"18,74",
ampere,1,vgg16_image,3g,32,sample,41,39.17865753173828,,,MIG-b43d42d1-022f-5770-a25d-c0bea366ae4e,"18,74",
ampere,1,vgg16_image,3g,32,sample,42,39.17084884643555,,,MIG-b43d42d1-022f-5770-a25d-c0bea366ae4e,"18,74",
ampere,1,vgg16_image,3g,32,sample,43,39.16739273071289,,,MIG-b43d42d1-022f-5770-a25d-c0bea366ae4e,"18,74",
ampere,1,vgg16_image,3g,32,sample,44,39.16707229614258,,,MIG-b43d42d1-022f-5770-a25d-c0bea366ae4e,"18,74",
ampere,1,vgg16_image,3g,32,sample,45,39.17571258544922,,,MIG-b43d42d1-022f-5770-a25d-c0bea366ae4e,"18,74",
ampere,1,vgg16_image,3g,32,sample,46,39.174110412597656,,,MIG-b43d42d1-022f-5770-a25d-c0bea366ae4e,"18,74",
ampere,1,vgg16_image,3g,32,sample,47,39.34624099731445,,,MIG-b43d42d1-022f-5770-a25d-c0bea366ae4e,"18,74",
ampere,1,vgg16_image,3g,32,sample,48,39.158206939697266,,,MIG-b43d42d1-022f-5770-a25d-c0bea366ae4e,"18,74",
ampere,1,vgg16_image,3g,32,sample,49,39.21712112426758,,,MIG-b43d42d1-022f-5770-a25d-c0bea366ae4e,"18,74",
ampere,1,vgg16_image,3g,64,warmup,0,77.92009735107422,,,MIG-b43d42d1-022f-5770-a25d-c0bea366ae4e,"18,74",
ampere,1,vgg16_image,3g,64,warmup,1,77.35887908935547,,,MIG-b43d42d1-022f-5770-a25d-c0bea366ae4e,"18,74",
ampere,1,vgg16_image,3g,64,warmup,2,77.3694076538086,,,MIG-b43d42d1-022f-5770-a25d-c0bea366ae4e,"18,74",
ampere,1,vgg16_image,3g,64,warmup,3,77.4163818359375,,,MIG-b43d42d1-022f-5770-a25d-c0bea366ae4e,"18,74",
ampere,1,vgg16_image,3g,64,warmup,4,77.37289428710938,,,MIG-b43d42d1-022f-5770-a25d-c0bea366ae4e,"18,74",
ampere,1,vgg16_image,3g,64,warmup,5,77.36323547363281,,,MIG-b43d42d1-022f-5770-a25d-c0bea366ae4e,"18,74",
ampere,1,vgg16_image,3g,64,warmup,6,77.94697570800781,,,MIG-b43d42d1-022f-5770-a25d-c0bea366ae4e,"18,74",
ampere,1,vgg16_image,3g,64,warmup,7,77.34716796875,,,MIG-b43d42d1-022f-5770-a25d-c0bea366ae4e,"18,74",
ampere,1,vgg16_image,3g,64,warmup,8,77.43238067626953,,,MIG-b43d42d1-022f-5770-a25d-c0bea366ae4e,"18,74",
ampere,1,vgg16_image,3g,64,warmup,9,77.34194946289062,,,MIG-b43d42d1-022f-5770-a25d-c0bea366ae4e,"18,74",
ampere,1,vgg16_image,3g,64,sample,0,77.33427429199219,,,MIG-b43d42d1-022f-5770-a25d-c0bea366ae4e,"18,74",
ampere,1,vgg16_image,3g,64,sample,1,77.32038116455078,,,MIG-b43d42d1-022f-5770-a25d-c0bea366ae4e,"18,74",
ampere,1,vgg16_image,3g,64,sample,2,77.38480377197266,,,MIG-b43d42d1-022f-5770-a25d-c0bea366ae4e,"18,74",
ampere,1,vgg16_image,3g,64,sample,3,77.34748840332031,,,MIG-b43d42d1-022f-5770-a25d-c0bea366ae4e,"18,74",
ampere,1,vgg16_image,3g,64,sample,4,78.74777221679688,,,MIG-b43d42d1-022f-5770-a25d-c0bea366ae4e,"18,74",
ampere,1,vgg16_image,3g,64,sample,5,77.46326446533203,,,MIG-b43d42d1-022f-5770-a25d-c0bea366ae4e,"18,74",
ampere,1,vgg16_image,3g,64,sample,6,77.37423706054688,,,MIG-b43d42d1-022f-5770-a25d-c0bea366ae4e,"18,74",
ampere,1,vgg16_image,3g,64,sample,7,77.46047973632812,,,MIG-b43d42d1-022f-5770-a25d-c0bea366ae4e,"18,74",
ampere,1,vgg16_image,3g,64,sample,8,77.38191986083984,,,MIG-b43d42d1-022f-5770-a25d-c0bea366ae4e,"18,74",
ampere,1,vgg16_image,3g,64,sample,9,77.35321807861328,,,MIG-b43d42d1-022f-5770-a25d-c0bea366ae4e,"18,74",
ampere,1,vgg16_image,3g,64,sample,10,77.34480285644531,,,MIG-b43d42d1-022f-5770-a25d-c0bea366ae4e,"18,74",
ampere,1,vgg16_image,3g,64,sample,11,77.35772705078125,,,MIG-b43d42d1-022f-5770-a25d-c0bea366ae4e,"18,74",
ampere,1,vgg16_image,3g,64,sample,12,77.47449493408203,,,MIG-b43d42d1-022f-5770-a25d-c0bea366ae4e,"18,74",
ampere,1,vgg16_image,3g,64,sample,13,77.36255645751953,,,MIG-b43d42d1-022f-5770-a25d-c0bea366ae4e,"18,74",
ampere,1,vgg16_image,3g,64,sample,14,77.34451293945312,,,MIG-b43d42d1-022f-5770-a25d-c0bea366ae4e,"18,74",
ampere,1,vgg16_image,3g,64,sample,15,77.32572937011719,,,MIG-b43d42d1-022f-5770-a25d-c0bea366ae4e,"18,74",
ampere,1,vgg16_image,3g,64,sample,16,77.54326629638672,,,MIG-b43d42d1-022f-5770-a25d-c0bea366ae4e,"18,74",
ampere,1,vgg16_image,3g,64,sample,17,77.36771392822266,,,MIG-b43d42d1-022f-5770-a25d-c0bea366ae4e,"18,74",
ampere,1,vgg16_image,3g,64,sample,18,77.342529296875,,,MIG-b43d42d1-022f-5770-a25d-c0bea366ae4e,"18,74",
ampere,1,vgg16_image,3g,64,sample,19,77.33331298828125,,,MIG-b43d42d1-022f-5770-a25d-c0bea366ae4e,"18,74",
ampere,1,vgg16_image,3g,64,sample,20,77.40835571289062,,,MIG-b43d42d1-022f-5770-a25d-c0bea366ae4e,"18,74",
ampere,1,vgg16_image,3g,64,sample,21,77.47196960449219,,,MIG-b43d42d1-022f-5770-a25d-c0bea366ae4e,"18,74",
ampere,1,vgg16_image,3g,64,sample,22,77.35116577148438,,,MIG-b43d42d1-022f-5770-a25d-c0bea366ae4e,"18,74",
ampere,1,vgg16_image,3g,64,sample,23,77.34684753417969,,,MIG-b43d42d1-022f-5770-a25d-c0bea366ae4e,"18,74",
ampere,1,vgg16_image,3g,64,sample,24,77.36032104492188,,,MIG-b43d42d1-022f-5770-a25d-c0bea366ae4e,"18,74",
ampere,1,vgg16_image,3g,64,sample,25,77.33712005615234,,,MIG-b43d42d1-022f-5770-a25d-c0bea366ae4e,"18,74",
ampere,1,vgg16_image,3g,64,sample,26,77.32211303710938,,,MIG-b43d42d1-022f-5770-a25d-c0bea366ae4e,"18,74",
ampere,1,vgg16_image,3g,64,sample,27,77.38899230957031,,,MIG-b43d42d1-022f-5770-a25d-c0bea366ae4e,"18,74",
ampere,1,vgg16_image,3g,64,sample,28,77.4612808227539,,,MIG-b43d42d1-022f-5770-a25d-c0bea366ae4e,"18,74",
ampere,1,vgg16_image,3g,64,sample,29,77.44493103027344,,,MIG-b43d42d1-022f-5770-a25d-c0bea366ae4e,"18,74",
ampere,1,vgg16_image,3g,64,sample,30,77.35926055908203,,,MIG-b43d42d1-022f-5770-a25d-c0bea366ae4e,"18,74",
ampere,1,vgg16_image,3g,64,sample,31,77.34601593017578,,,MIG-b43d42d1-022f-5770-a25d-c0bea366ae4e,"18,74",
ampere,1,vgg16_image,3g,64,sample,32,77.3470687866211,,,MIG-b43d42d1-022f-5770-a25d-c0bea366ae4e,"18,74",
ampere,1,vgg16_image,3g,64,sample,33,77.32659149169922,,,MIG-b43d42d1-022f-5770-a25d-c0bea366ae4e,"18,74",
ampere,1,vgg16_image,3g,64,sample,34,77.3292465209961,,,MIG-b43d42d1-022f-5770-a25d-c0bea366ae4e,"18,74",
ampere,1,vgg16_image,3g,64,sample,35,77.36598205566406,,,MIG-b43d42d1-022f-5770-a25d-c0bea366ae4e,"18,74",
ampere,1,vgg16_image,3g,64,sample,36,77.31491088867188,,,MIG-b43d42d1-022f-5770-a25d-c0bea366ae4e,"18,74",
ampere,1,vgg16_image,3g,64,sample,37,77.32624053955078,,,MIG-b43d42d1-022f-5770-a25d-c0bea366ae4e,"18,74",
ampere,1,vgg16_image,3g,64,sample,38,77.31024169921875,,,MIG-b43d42d1-022f-5770-a25d-c0bea366ae4e,"18,74",
ampere,1,vgg16_image,3g,64,sample,39,77.3746566772461,,,MIG-b43d42d1-022f-5770-a25d-c0bea366ae4e,"18,74",
ampere,1,vgg16_image,3g,64,sample,40,77.39167785644531,,,MIG-b43d42d1-022f-5770-a25d-c0bea366ae4e,"18,74",
ampere,1,vgg16_image,3g,64,sample,41,77.3519058227539,,,MIG-b43d42d1-022f-5770-a25d-c0bea366ae4e,"18,74",
ampere,1,vgg16_image,3g,64,sample,42,77.39481353759766,,,MIG-b43d42d1-022f-5770-a25d-c0bea366ae4e,"18,74",
ampere,1,vgg16_image,3g,64,sample,43,77.45609283447266,,,MIG-b43d42d1-022f-5770-a25d-c0bea366ae4e,"18,74",
ampere,1,vgg16_image,3g,64,sample,44,77.39523315429688,,,MIG-b43d42d1-022f-5770-a25d-c0bea366ae4e,"18,74",
ampere,1,vgg16_image,3g,64,sample,45,77.34751892089844,,,MIG-b43d42d1-022f-5770-a25d-c0bea366ae4e,"18,74",
ampere,1,vgg16_image,3g,64,sample,46,77.35286712646484,,,MIG-b43d42d1-022f-5770-a25d-c0bea366ae4e,"18,74",
ampere,1,vgg16_image,3g,64,sample,47,77.31187438964844,,,MIG-b43d42d1-022f-5770-a25d-c0bea366ae4e,"18,74",
ampere,1,vgg16_image,3g,64,sample,48,77.33074951171875,,,MIG-b43d42d1-022f-5770-a25d-c0bea366ae4e,"18,74",
ampere,1,vgg16_image,3g,64,sample,49,77.33132934570312,,,MIG-b43d42d1-022f-5770-a25d-c0bea366ae4e,"18,74",
ampere,1,vit_base_image,3g,1,warmup,0,14.710623741149902,,,MIG-b43d42d1-022f-5770-a25d-c0bea366ae4e,"18,74",
ampere,1,vit_base_image,3g,1,warmup,1,8.138848304748535,,,MIG-b43d42d1-022f-5770-a25d-c0bea366ae4e,"18,74",
ampere,1,vit_base_image,3g,1,warmup,2,7.97270393371582,,,MIG-b43d42d1-022f-5770-a25d-c0bea366ae4e,"18,74",
ampere,1,vit_base_image,3g,1,warmup,3,7.986752033233643,,,MIG-b43d42d1-022f-5770-a25d-c0bea366ae4e,"18,74",
ampere,1,vit_base_image,3g,1,warmup,4,7.971231937408447,,,MIG-b43d42d1-022f-5770-a25d-c0bea366ae4e,"18,74",
ampere,1,vit_base_image,3g,1,warmup,5,7.973663806915283,,,MIG-b43d42d1-022f-5770-a25d-c0bea366ae4e,"18,74",
ampere,1,vit_base_image,3g,1,warmup,6,8.052864074707031,,,MIG-b43d42d1-022f-5770-a25d-c0bea366ae4e,"18,74",
ampere,1,vit_base_image,3g,1,warmup,7,8.05884838104248,,,MIG-b43d42d1-022f-5770-a25d-c0bea366ae4e,"18,74",
ampere,1,vit_base_image,3g,1,warmup,8,8.067647933959961,,,MIG-b43d42d1-022f-5770-a25d-c0bea366ae4e,"18,74",
ampere,1,vit_base_image,3g,1,warmup,9,8.057439804077148,,,MIG-b43d42d1-022f-5770-a25d-c0bea366ae4e,"18,74",
ampere,1,vit_base_image,3g,1,sample,0,8.049471855163574,,,MIG-b43d42d1-022f-5770-a25d-c0bea366ae4e,"18,74",
ampere,1,vit_base_image,3g,1,sample,1,7.980832099914551,,,MIG-b43d42d1-022f-5770-a25d-c0bea366ae4e,"18,74",
ampere,1,vit_base_image,3g,1,sample,2,8.003999710083008,,,MIG-b43d42d1-022f-5770-a25d-c0bea366ae4e,"18,74",
ampere,1,vit_base_image,3g,1,sample,3,7.981599807739258,,,MIG-b43d42d1-022f-5770-a25d-c0bea366ae4e,"18,74",
ampere,1,vit_base_image,3g,1,sample,4,8.047072410583496,,,MIG-b43d42d1-022f-5770-a25d-c0bea366ae4e,"18,74",
ampere,1,vit_base_image,3g,1,sample,5,8.168224334716797,,,MIG-b43d42d1-022f-5770-a25d-c0bea366ae4e,"18,74",
ampere,1,vit_base_image,3g,1,sample,6,7.9818878173828125,,,MIG-b43d42d1-022f-5770-a25d-c0bea366ae4e,"18,74",
ampere,1,vit_base_image,3g,1,sample,7,7.993599891662598,,,MIG-b43d42d1-022f-5770-a25d-c0bea366ae4e,"18,74",
ampere,1,vit_base_image,3g,1,sample,8,7.958847999572754,,,MIG-b43d42d1-022f-5770-a25d-c0bea366ae4e,"18,74",
ampere,1,vit_base_image,3g,1,sample,9,7.986656188964844,,,MIG-b43d42d1-022f-5770-a25d-c0bea366ae4e,"18,74",
ampere,1,vit_base_image,3g,1,sample,10,8.116127967834473,,,MIG-b43d42d1-022f-5770-a25d-c0bea366ae4e,"18,74",
ampere,1,vit_base_image,3g,1,sample,11,8.949119567871094,,,MIG-b43d42d1-022f-5770-a25d-c0bea366ae4e,"18,74",
ampere,1,vit_base_image,3g,1,sample,12,8.628031730651855,,,MIG-b43d42d1-022f-5770-a25d-c0bea366ae4e,"18,74",
ampere,1,vit_base_image,3g,1,sample,13,8.026752471923828,,,MIG-b43d42d1-022f-5770-a25d-c0bea366ae4e,"18,74",
ampere,1,vit_base_image,3g,1,sample,14,8.039936065673828,,,MIG-b43d42d1-022f-5770-a25d-c0bea366ae4e,"18,74",
ampere,1,vit_base_image,3g,1,sample,15,7.9608001708984375,,,MIG-b43d42d1-022f-5770-a25d-c0bea366ae4e,"18,74",
ampere,1,vit_base_image,3g,1,sample,16,8.070367813110352,,,MIG-b43d42d1-022f-5770-a25d-c0bea366ae4e,"18,74",
ampere,1,vit_base_image,3g,1,sample,17,8.017760276794434,,,MIG-b43d42d1-022f-5770-a25d-c0bea366ae4e,"18,74",
ampere,1,vit_base_image,3g,1,sample,18,8.058591842651367,,,MIG-b43d42d1-022f-5770-a25d-c0bea366ae4e,"18,74",
ampere,1,vit_base_image,3g,1,sample,19,8.088768005371094,,,MIG-b43d42d1-022f-5770-a25d-c0bea366ae4e,"18,74",
ampere,1,vit_base_image,3g,1,sample,20,8.158944129943848,,,MIG-b43d42d1-022f-5770-a25d-c0bea366ae4e,"18,74",
ampere,1,vit_base_image,3g,1,sample,21,8.157024383544922,,,MIG-b43d42d1-022f-5770-a25d-c0bea366ae4e,"18,74",
ampere,1,vit_base_image,3g,1,sample,22,7.979392051696777,,,MIG-b43d42d1-022f-5770-a25d-c0bea366ae4e,"18,74",
ampere,1,vit_base_image,3g,1,sample,23,8.045536041259766,,,MIG-b43d42d1-022f-5770-a25d-c0bea366ae4e,"18,74",
ampere,1,vit_base_image,3g,1,sample,24,8.048768043518066,,,MIG-b43d42d1-022f-5770-a25d-c0bea366ae4e,"18,74",
ampere,1,vit_base_image,3g,1,sample,25,8.018048286437988,,,MIG-b43d42d1-022f-5770-a25d-c0bea366ae4e,"18,74",
ampere,1,vit_base_image,3g,1,sample,26,7.977791786193848,,,MIG-b43d42d1-022f-5770-a25d-c0bea366ae4e,"18,74",
ampere,1,vit_base_image,3g,1,sample,27,7.9812798500061035,,,MIG-b43d42d1-022f-5770-a25d-c0bea366ae4e,"18,74",
ampere,1,vit_base_image,3g,1,sample,28,8.030847549438477,,,MIG-b43d42d1-022f-5770-a25d-c0bea366ae4e,"18,74",
ampere,1,vit_base_image,3g,1,sample,29,7.986720085144043,,,MIG-b43d42d1-022f-5770-a25d-c0bea366ae4e,"18,74",
ampere,1,vit_base_image,3g,1,sample,30,8.055232048034668,,,MIG-b43d42d1-022f-5770-a25d-c0bea366ae4e,"18,74",
ampere,1,vit_base_image,3g,1,sample,31,8.052191734313965,,,MIG-b43d42d1-022f-5770-a25d-c0bea366ae4e,"18,74",
ampere,1,vit_base_image,3g,1,sample,32,8.162015914916992,,,MIG-b43d42d1-022f-5770-a25d-c0bea366ae4e,"18,74",
ampere,1,vit_base_image,3g,1,sample,33,7.964032173156738,,,MIG-b43d42d1-022f-5770-a25d-c0bea366ae4e,"18,74",
ampere,1,vit_base_image,3g,1,sample,34,7.963039875030518,,,MIG-b43d42d1-022f-5770-a25d-c0bea366ae4e,"18,74",
ampere,1,vit_base_image,3g,1,sample,35,7.956639766693115,,,MIG-b43d42d1-022f-5770-a25d-c0bea366ae4e,"18,74",
ampere,1,vit_base_image,3g,1,sample,36,7.9618239402771,,,MIG-b43d42d1-022f-5770-a25d-c0bea366ae4e,"18,74",
ampere,1,vit_base_image,3g,1,sample,37,7.98473596572876,,,MIG-b43d42d1-022f-5770-a25d-c0bea366ae4e,"18,74",
ampere,1,vit_base_image,3g,1,sample,38,7.962143898010254,,,MIG-b43d42d1-022f-5770-a25d-c0bea366ae4e,"18,74",
ampere,1,vit_base_image,3g,1,sample,39,7.959072113037109,,,MIG-b43d42d1-022f-5770-a25d-c0bea366ae4e,"18,74",
ampere,1,vit_base_image,3g,1,sample,40,7.95904016494751,,,MIG-b43d42d1-022f-5770-a25d-c0bea366ae4e,"18,74",
ampere,1,vit_base_image,3g,1,sample,41,7.982367992401123,,,MIG-b43d42d1-022f-5770-a25d-c0bea366ae4e,"18,74",
ampere,1,vit_base_image,3g,1,sample,42,8.050911903381348,,,MIG-b43d42d1-022f-5770-a25d-c0bea366ae4e,"18,74",
ampere,1,vit_base_image,3g,1,sample,43,7.979551792144775,,,MIG-b43d42d1-022f-5770-a25d-c0bea366ae4e,"18,74",
ampere,1,vit_base_image,3g,1,sample,44,7.967840194702148,,,MIG-b43d42d1-022f-5770-a25d-c0bea366ae4e,"18,74",
ampere,1,vit_base_image,3g,1,sample,45,7.968416213989258,,,MIG-b43d42d1-022f-5770-a25d-c0bea366ae4e,"18,74",
ampere,1,vit_base_image,3g,1,sample,46,8.05299186706543,,,MIG-b43d42d1-022f-5770-a25d-c0bea366ae4e,"18,74",
ampere,1,vit_base_image,3g,1,sample,47,8.130111694335938,,,MIG-b43d42d1-022f-5770-a25d-c0bea366ae4e,"18,74",
ampere,1,vit_base_image,3g,1,sample,48,8.021599769592285,,,MIG-b43d42d1-022f-5770-a25d-c0bea366ae4e,"18,74",
ampere,1,vit_base_image,3g,1,sample,49,8.131872177124023,,,MIG-b43d42d1-022f-5770-a25d-c0bea366ae4e,"18,74",
ampere,1,vit_base_image,3g,4,warmup,0,38.309024810791016,,,MIG-b43d42d1-022f-5770-a25d-c0bea366ae4e,"18,74",
ampere,1,vit_base_image,3g,4,warmup,1,26.15273666381836,,,MIG-b43d42d1-022f-5770-a25d-c0bea366ae4e,"18,74",
ampere,1,vit_base_image,3g,4,warmup,2,25.94291114807129,,,MIG-b43d42d1-022f-5770-a25d-c0bea366ae4e,"18,74",
ampere,1,vit_base_image,3g,4,warmup,3,25.93120002746582,,,MIG-b43d42d1-022f-5770-a25d-c0bea366ae4e,"18,74",
ampere,1,vit_base_image,3g,4,warmup,4,26.051647186279297,,,MIG-b43d42d1-022f-5770-a25d-c0bea366ae4e,"18,74",
ampere,1,vit_base_image,3g,4,warmup,5,25.890047073364258,,,MIG-b43d42d1-022f-5770-a25d-c0bea366ae4e,"18,74",
ampere,1,vit_base_image,3g,4,warmup,6,25.883392333984375,,,MIG-b43d42d1-022f-5770-a25d-c0bea366ae4e,"18,74",
ampere,1,vit_base_image,3g,4,warmup,7,26.114303588867188,,,MIG-b43d42d1-022f-5770-a25d-c0bea366ae4e,"18,74",
ampere,1,vit_base_image,3g,4,warmup,8,25.906015396118164,,,MIG-b43d42d1-022f-5770-a25d-c0bea366ae4e,"18,74",
ampere,1,vit_base_image,3g,4,warmup,9,25.865215301513672,,,MIG-b43d42d1-022f-5770-a25d-c0bea366ae4e,"18,74",
ampere,1,vit_base_image,3g,4,sample,0,25.856063842773438,,,MIG-b43d42d1-022f-5770-a25d-c0bea366ae4e,"18,74",
ampere,1,vit_base_image,3g,4,sample,1,25.873632431030273,,,MIG-b43d42d1-022f-5770-a25d-c0bea366ae4e,"18,74",
ampere,1,vit_base_image,3g,4,sample,2,25.860544204711914,,,MIG-b43d42d1-022f-5770-a25d-c0bea366ae4e,"18,74",
ampere,1,vit_base_image,3g,4,sample,3,26.00271987915039,,,MIG-b43d42d1-022f-5770-a25d-c0bea366ae4e,"18,74",
ampere,1,vit_base_image,3g,4,sample,4,25.866239547729492,,,MIG-b43d42d1-022f-5770-a25d-c0bea366ae4e,"18,74",
ampere,1,vit_base_image,3g,4,sample,5,25.96009635925293,,,MIG-b43d42d1-022f-5770-a25d-c0bea366ae4e,"18,74",
ampere,1,vit_base_image,3g,4,sample,6,25.86899185180664,,,MIG-b43d42d1-022f-5770-a25d-c0bea366ae4e,"18,74",
ampere,1,vit_base_image,3g,4,sample,7,25.90460777282715,,,MIG-b43d42d1-022f-5770-a25d-c0bea366ae4e,"18,74",
ampere,1,vit_base_image,3g,4,sample,8,25.887968063354492,,,MIG-b43d42d1-022f-5770-a25d-c0bea366ae4e,"18,74",
ampere,1,vit_base_image,3g,4,sample,9,25.86992073059082,,,MIG-b43d42d1-022f-5770-a25d-c0bea366ae4e,"18,74",
ampere,1,vit_base_image,3g,4,sample,10,25.863840103149414,,,MIG-b43d42d1-022f-5770-a25d-c0bea366ae4e,"18,74",
ampere,1,vit_base_image,3g,4,sample,11,25.86524772644043,,,MIG-b43d42d1-022f-5770-a25d-c0bea366ae4e,"18,74",
ampere,1,vit_base_image,3g,4,sample,12,25.971967697143555,,,MIG-b43d42d1-022f-5770-a25d-c0bea366ae4e,"18,74",
ampere,1,vit_base_image,3g,4,sample,13,25.869279861450195,,,MIG-b43d42d1-022f-5770-a25d-c0bea366ae4e,"18,74",
ampere,1,vit_base_image,3g,4,sample,14,25.949216842651367,,,MIG-b43d42d1-022f-5770-a25d-c0bea366ae4e,"18,74",
ampere,1,vit_base_image,3g,4,sample,15,25.88332748413086,,,MIG-b43d42d1-022f-5770-a25d-c0bea366ae4e,"18,74",
ampere,1,vit_base_image,3g,4,sample,16,25.8985595703125,,,MIG-b43d42d1-022f-5770-a25d-c0bea366ae4e,"18,74",
ampere,1,vit_base_image,3g,4,sample,17,25.864704132080078,,,MIG-b43d42d1-022f-5770-a25d-c0bea366ae4e,"18,74",
ampere,1,vit_base_image,3g,4,sample,18,25.961503982543945,,,MIG-b43d42d1-022f-5770-a25d-c0bea366ae4e,"18,74",
ampere,1,vit_base_image,3g,4,sample,19,25.87183952331543,,,MIG-b43d42d1-022f-5770-a25d-c0bea366ae4e,"18,74",
ampere,1,vit_base_image,3g,4,sample,20,25.867935180664062,,,MIG-b43d42d1-022f-5770-a25d-c0bea366ae4e,"18,74",
ampere,1,vit_base_image,3g,4,sample,21,25.901952743530273,,,MIG-b43d42d1-022f-5770-a25d-c0bea366ae4e,"18,74",
ampere,1,vit_base_image,3g,4,sample,22,25.980863571166992,,,MIG-b43d42d1-022f-5770-a25d-c0bea366ae4e,"18,74",
ampere,1,vit_base_image,3g,4,sample,23,25.926559448242188,,,MIG-b43d42d1-022f-5770-a25d-c0bea366ae4e,"18,74",
ampere,1,vit_base_image,3g,4,sample,24,25.90060806274414,,,MIG-b43d42d1-022f-5770-a25d-c0bea366ae4e,"18,74",
ampere,1,vit_base_image,3g,4,sample,25,25.963136672973633,,,MIG-b43d42d1-022f-5770-a25d-c0bea366ae4e,"18,74",
ampere,1,vit_base_image,3g,4,sample,26,25.892160415649414,,,MIG-b43d42d1-022f-5770-a25d-c0bea366ae4e,"18,74",
ampere,1,vit_base_image,3g,4,sample,27,25.878400802612305,,,MIG-b43d42d1-022f-5770-a25d-c0bea366ae4e,"18,74",
ampere,1,vit_base_image,3g,4,sample,28,25.883520126342773,,,MIG-b43d42d1-022f-5770-a25d-c0bea366ae4e,"18,74",
ampere,1,vit_base_image,3g,4,sample,29,25.871295928955078,,,MIG-b43d42d1-022f-5770-a25d-c0bea366ae4e,"18,74",
ampere,1,vit_base_image,3g,4,sample,30,25.957183837890625,,,MIG-b43d42d1-022f-5770-a25d-c0bea366ae4e,"18,74",
ampere,1,vit_base_image,3g,4,sample,31,25.86137580871582,,,MIG-b43d42d1-022f-5770-a25d-c0bea366ae4e,"18,74",
ampere,1,vit_base_image,3g,4,sample,32,25.895999908447266,,,MIG-b43d42d1-022f-5770-a25d-c0bea366ae4e,"18,74",
ampere,1,vit_base_image,3g,4,sample,33,25.871936798095703,,,MIG-b43d42d1-022f-5770-a25d-c0bea366ae4e,"18,74",
ampere,1,vit_base_image,3g,4,sample,34,25.865535736083984,,,MIG-b43d42d1-022f-5770-a25d-c0bea366ae4e,"18,74",
ampere,1,vit_base_image,3g,4,sample,35,25.86419105529785,,,MIG-b43d42d1-022f-5770-a25d-c0bea366ae4e,"18,74",
ampere,1,vit_base_image,3g,4,sample,36,25.92972755432129,,,MIG-b43d42d1-022f-5770-a25d-c0bea366ae4e,"18,74",
ampere,1,vit_base_image,3g,4,sample,37,25.8603515625,,,MIG-b43d42d1-022f-5770-a25d-c0bea366ae4e,"18,74",
ampere,1,vit_base_image,3g,4,sample,38,25.940000534057617,,,MIG-b43d42d1-022f-5770-a25d-c0bea366ae4e,"18,74",
ampere,1,vit_base_image,3g,4,sample,39,25.87276840209961,,,MIG-b43d42d1-022f-5770-a25d-c0bea366ae4e,"18,74",
ampere,1,vit_base_image,3g,4,sample,40,25.86777687072754,,,MIG-b43d42d1-022f-5770-a25d-c0bea366ae4e,"18,74",
ampere,1,vit_base_image,3g,4,sample,41,25.868864059448242,,,MIG-b43d42d1-022f-5770-a25d-c0bea366ae4e,"18,74",
ampere,1,vit_base_image,3g,4,sample,42,25.888959884643555,,,MIG-b43d42d1-022f-5770-a25d-c0bea366ae4e,"18,74",
ampere,1,vit_base_image,3g,4,sample,43,26.041696548461914,,,MIG-b43d42d1-022f-5770-a25d-c0bea366ae4e,"18,74",
ampere,1,vit_base_image,3g,4,sample,44,25.881919860839844,,,MIG-b43d42d1-022f-5770-a25d-c0bea366ae4e,"18,74",
ampere,1,vit_base_image,3g,4,sample,45,25.92255973815918,,,MIG-b43d42d1-022f-5770-a25d-c0bea366ae4e,"18,74",
ampere,1,vit_base_image,3g,4,sample,46,25.896255493164062,,,MIG-b43d42d1-022f-5770-a25d-c0bea366ae4e,"18,74",
ampere,1,vit_base_image,3g,4,sample,47,25.874143600463867,,,MIG-b43d42d1-022f-5770-a25d-c0bea366ae4e,"18,74",
ampere,1,vit_base_image,3g,4,sample,48,25.910783767700195,,,MIG-b43d42d1-022f-5770-a25d-c0bea366ae4e,"18,74",
ampere,1,vit_base_image,3g,4,sample,49,25.95244789123535,,,MIG-b43d42d1-022f-5770-a25d-c0bea366ae4e,"18,74",
ampere,1,vit_base_image,3g,16,warmup,0,87.47913360595703,,,MIG-b43d42d1-022f-5770-a25d-c0bea366ae4e,"18,74",
ampere,1,vit_base_image,3g,16,warmup,1,86.8819808959961,,,MIG-b43d42d1-022f-5770-a25d-c0bea366ae4e,"18,74",
ampere,1,vit_base_image,3g,16,warmup,2,86.7939224243164,,,MIG-b43d42d1-022f-5770-a25d-c0bea366ae4e,"18,74",
ampere,1,vit_base_image,3g,16,warmup,3,86.76335906982422,,,MIG-b43d42d1-022f-5770-a25d-c0bea366ae4e,"18,74",
ampere,1,vit_base_image,3g,16,warmup,4,86.71408081054688,,,MIG-b43d42d1-022f-5770-a25d-c0bea366ae4e,"18,74",
ampere,1,vit_base_image,3g,16,warmup,5,86.7261734008789,,,MIG-b43d42d1-022f-5770-a25d-c0bea366ae4e,"18,74",
ampere,1,vit_base_image,3g,16,warmup,6,86.89234924316406,,,MIG-b43d42d1-022f-5770-a25d-c0bea366ae4e,"18,74",
ampere,1,vit_base_image,3g,16,warmup,7,86.73564910888672,,,MIG-b43d42d1-022f-5770-a25d-c0bea366ae4e,"18,74",
ampere,1,vit_base_image,3g,16,warmup,8,86.71279907226562,,,MIG-b43d42d1-022f-5770-a25d-c0bea366ae4e,"18,74",
ampere,1,vit_base_image,3g,16,warmup,9,86.71708679199219,,,MIG-b43d42d1-022f-5770-a25d-c0bea366ae4e,"18,74",
ampere,1,vit_base_image,3g,16,sample,0,86.81180572509766,,,MIG-b43d42d1-022f-5770-a25d-c0bea366ae4e,"18,74",
ampere,1,vit_base_image,3g,16,sample,1,86.89766693115234,,,MIG-b43d42d1-022f-5770-a25d-c0bea366ae4e,"18,74",
ampere,1,vit_base_image,3g,16,sample,2,86.90281677246094,,,MIG-b43d42d1-022f-5770-a25d-c0bea366ae4e,"18,74",
ampere,1,vit_base_image,3g,16,sample,3,86.8380126953125,,,MIG-b43d42d1-022f-5770-a25d-c0bea366ae4e,"18,74",
ampere,1,vit_base_image,3g,16,sample,4,86.79647827148438,,,MIG-b43d42d1-022f-5770-a25d-c0bea366ae4e,"18,74",
ampere,1,vit_base_image,3g,16,sample,5,86.74777221679688,,,MIG-b43d42d1-022f-5770-a25d-c0bea366ae4e,"18,74",
ampere,1,vit_base_image,3g,16,sample,6,86.74028778076172,,,MIG-b43d42d1-022f-5770-a25d-c0bea366ae4e,"18,74",
ampere,1,vit_base_image,3g,16,sample,7,86.91404724121094,,,MIG-b43d42d1-022f-5770-a25d-c0bea366ae4e,"18,74",
ampere,1,vit_base_image,3g,16,sample,8,86.70579528808594,,,MIG-b43d42d1-022f-5770-a25d-c0bea366ae4e,"18,74",
ampere,1,vit_base_image,3g,16,sample,9,86.71234893798828,,,MIG-b43d42d1-022f-5770-a25d-c0bea366ae4e,"18,74",
ampere,1,vit_base_image,3g,16,sample,10,86.72137451171875,,,MIG-b43d42d1-022f-5770-a25d-c0bea366ae4e,"18,74",
ampere,1,vit_base_image,3g,16,sample,11,86.72576141357422,,,MIG-b43d42d1-022f-5770-a25d-c0bea366ae4e,"18,74",
ampere,1,vit_base_image,3g,16,sample,12,86.81708526611328,,,MIG-b43d42d1-022f-5770-a25d-c0bea366ae4e,"18,74",
ampere,1,vit_base_image,3g,16,sample,13,86.80252838134766,,,MIG-b43d42d1-022f-5770-a25d-c0bea366ae4e,"18,74",
ampere,1,vit_base_image,3g,16,sample,14,86.7511978149414,,,MIG-b43d42d1-022f-5770-a25d-c0bea366ae4e,"18,74",
ampere,1,vit_base_image,3g,16,sample,15,86.7303695678711,,,MIG-b43d42d1-022f-5770-a25d-c0bea366ae4e,"18,74",
ampere,1,vit_base_image,3g,16,sample,16,86.71097564697266,,,MIG-b43d42d1-022f-5770-a25d-c0bea366ae4e,"18,74",
ampere,1,vit_base_image,3g,16,sample,17,86.72211456298828,,,MIG-b43d42d1-022f-5770-a25d-c0bea366ae4e,"18,74",
ampere,1,vit_base_image,3g,16,sample,18,86.75305938720703,,,MIG-b43d42d1-022f-5770-a25d-c0bea366ae4e,"18,74",
ampere,1,vit_base_image,3g,16,sample,19,86.7047348022461,,,MIG-b43d42d1-022f-5770-a25d-c0bea366ae4e,"18,74",
ampere,1,vit_base_image,3g,16,sample,20,86.70368194580078,,,MIG-b43d42d1-022f-5770-a25d-c0bea366ae4e,"18,74",
ampere,1,vit_base_image,3g,16,sample,21,86.69747161865234,,,MIG-b43d42d1-022f-5770-a25d-c0bea366ae4e,"18,74",
ampere,1,vit_base_image,3g,16,sample,22,86.73286437988281,,,MIG-b43d42d1-022f-5770-a25d-c0bea366ae4e,"18,74",
ampere,1,vit_base_image,3g,16,sample,23,86.7995834350586,,,MIG-b43d42d1-022f-5770-a25d-c0bea366ae4e,"18,74",
ampere,1,vit_base_image,3g,16,sample,24,86.78307342529297,,,MIG-b43d42d1-022f-5770-a25d-c0bea366ae4e,"18,74",
ampere,1,vit_base_image,3g,16,sample,25,86.74006652832031,,,MIG-b43d42d1-022f-5770-a25d-c0bea366ae4e,"18,74",
ampere,1,vit_base_image,3g,16,sample,26,86.74028778076172,,,MIG-b43d42d1-022f-5770-a25d-c0bea366ae4e,"18,74",
ampere,1,vit_base_image,3g,16,sample,27,86.72386932373047,,,MIG-b43d42d1-022f-5770-a25d-c0bea366ae4e,"18,74",
ampere,1,vit_base_image,3g,16,sample,28,86.71183776855469,,,MIG-b43d42d1-022f-5770-a25d-c0bea366ae4e,"18,74",
ampere,1,vit_base_image,3g,16,sample,29,86.71587371826172,,,MIG-b43d42d1-022f-5770-a25d-c0bea366ae4e,"18,74",
ampere,1,vit_base_image,3g,16,sample,30,86.73001861572266,,,MIG-b43d42d1-022f-5770-a25d-c0bea366ae4e,"18,74",
ampere,1,vit_base_image,3g,16,sample,31,86.74774169921875,,,MIG-b43d42d1-022f-5770-a25d-c0bea366ae4e,"18,74",
ampere,1,vit_base_image,3g,16,sample,32,86.72860717773438,,,MIG-b43d42d1-022f-5770-a25d-c0bea366ae4e,"18,74",
ampere,1,vit_base_image,3g,16,sample,33,86.7656021118164,,,MIG-b43d42d1-022f-5770-a25d-c0bea366ae4e,"18,74",
ampere,1,vit_base_image,3g,16,sample,34,86.81475067138672,,,MIG-b43d42d1-022f-5770-a25d-c0bea366ae4e,"18,74",
ampere,1,vit_base_image,3g,16,sample,35,86.7982406616211,,,MIG-b43d42d1-022f-5770-a25d-c0bea366ae4e,"18,74",
ampere,1,vit_base_image,3g,16,sample,36,86.77129364013672,,,MIG-b43d42d1-022f-5770-a25d-c0bea366ae4e,"18,74",
ampere,1,vit_base_image,3g,16,sample,37,86.73872375488281,,,MIG-b43d42d1-022f-5770-a25d-c0bea366ae4e,"18,74",
ampere,1,vit_base_image,3g,16,sample,38,86.7586898803711,,,MIG-b43d42d1-022f-5770-a25d-c0bea366ae4e,"18,74",
ampere,1,vit_base_image,3g,16,sample,39,86.72217559814453,,,MIG-b43d42d1-022f-5770-a25d-c0bea366ae4e,"18,74",
ampere,1,vit_base_image,3g,16,sample,40,86.71638488769531,,,MIG-b43d42d1-022f-5770-a25d-c0bea366ae4e,"18,74",
ampere,1,vit_base_image,3g,16,sample,41,86.72306823730469,,,MIG-b43d42d1-022f-5770-a25d-c0bea366ae4e,"18,74",
ampere,1,vit_base_image,3g,16,sample,42,86.72354888916016,,,MIG-b43d42d1-022f-5770-a25d-c0bea366ae4e,"18,74",
ampere,1,vit_base_image,3g,16,sample,43,86.72911834716797,,,MIG-b43d42d1-022f-5770-a25d-c0bea366ae4e,"18,74",
ampere,1,vit_base_image,3g,16,sample,44,86.80223846435547,,,MIG-b43d42d1-022f-5770-a25d-c0bea366ae4e,"18,74",
ampere,1,vit_base_image,3g,16,sample,45,86.82787322998047,,,MIG-b43d42d1-022f-5770-a25d-c0bea366ae4e,"18,74",
ampere,1,vit_base_image,3g,16,sample,46,86.75682830810547,,,MIG-b43d42d1-022f-5770-a25d-c0bea366ae4e,"18,74",
ampere,1,vit_base_image,3g,16,sample,47,86.72809600830078,,,MIG-b43d42d1-022f-5770-a25d-c0bea366ae4e,"18,74",
ampere,1,vit_base_image,3g,16,sample,48,86.72710418701172,,,MIG-b43d42d1-022f-5770-a25d-c0bea366ae4e,"18,74",
ampere,1,vit_base_image,3g,16,sample,49,86.71222686767578,,,MIG-b43d42d1-022f-5770-a25d-c0bea366ae4e,"18,74",
ampere,1,vit_base_image,3g,32,warmup,0,168.90194702148438,,,MIG-b43d42d1-022f-5770-a25d-c0bea366ae4e,"18,74",
ampere,1,vit_base_image,3g,32,warmup,1,168.53404235839844,,,MIG-b43d42d1-022f-5770-a25d-c0bea366ae4e,"18,74",
ampere,1,vit_base_image,3g,32,warmup,2,168.71189880371094,,,MIG-b43d42d1-022f-5770-a25d-c0bea366ae4e,"18,74",
ampere,1,vit_base_image,3g,32,warmup,3,168.6057891845703,,,MIG-b43d42d1-022f-5770-a25d-c0bea366ae4e,"18,74",
ampere,1,vit_base_image,3g,32,warmup,4,168.60960388183594,,,MIG-b43d42d1-022f-5770-a25d-c0bea366ae4e,"18,74",
ampere,1,vit_base_image,3g,32,warmup,5,168.59075927734375,,,MIG-b43d42d1-022f-5770-a25d-c0bea366ae4e,"18,74",
ampere,1,vit_base_image,3g,32,warmup,6,168.7209930419922,,,MIG-b43d42d1-022f-5770-a25d-c0bea366ae4e,"18,74",
ampere,1,vit_base_image,3g,32,warmup,7,168.58114624023438,,,MIG-b43d42d1-022f-5770-a25d-c0bea366ae4e,"18,74",
ampere,1,vit_base_image,3g,32,warmup,8,168.5869140625,,,MIG-b43d42d1-022f-5770-a25d-c0bea366ae4e,"18,74",
ampere,1,vit_base_image,3g,32,warmup,9,168.62051391601562,,,MIG-b43d42d1-022f-5770-a25d-c0bea366ae4e,"18,74",
ampere,1,vit_base_image,3g,32,sample,0,168.564697265625,,,MIG-b43d42d1-022f-5770-a25d-c0bea366ae4e,"18,74",
ampere,1,vit_base_image,3g,32,sample,1,168.54141235351562,,,MIG-b43d42d1-022f-5770-a25d-c0bea366ae4e,"18,74",
ampere,1,vit_base_image,3g,32,sample,2,168.50714111328125,,,MIG-b43d42d1-022f-5770-a25d-c0bea366ae4e,"18,74",
ampere,1,vit_base_image,3g,32,sample,3,168.47238159179688,,,MIG-b43d42d1-022f-5770-a25d-c0bea366ae4e,"18,74",
ampere,1,vit_base_image,3g,32,sample,4,168.59405517578125,,,MIG-b43d42d1-022f-5770-a25d-c0bea366ae4e,"18,74",
ampere,1,vit_base_image,3g,32,sample,5,168.63279724121094,,,MIG-b43d42d1-022f-5770-a25d-c0bea366ae4e,"18,74",
ampere,1,vit_base_image,3g,32,sample,6,168.5533447265625,,,MIG-b43d42d1-022f-5770-a25d-c0bea366ae4e,"18,74",
ampere,1,vit_base_image,3g,32,sample,7,168.55039978027344,,,MIG-b43d42d1-022f-5770-a25d-c0bea366ae4e,"18,74",
ampere,1,vit_base_image,3g,32,sample,8,168.5205078125,,,MIG-b43d42d1-022f-5770-a25d-c0bea366ae4e,"18,74",
ampere,1,vit_base_image,3g,32,sample,9,168.52093505859375,,,MIG-b43d42d1-022f-5770-a25d-c0bea366ae4e,"18,74",
ampere,1,vit_base_image,3g,32,sample,10,168.61497497558594,,,MIG-b43d42d1-022f-5770-a25d-c0bea366ae4e,"18,74",
ampere,1,vit_base_image,3g,32,sample,11,168.69027709960938,,,MIG-b43d42d1-022f-5770-a25d-c0bea366ae4e,"18,74",
ampere,1,vit_base_image,3g,32,sample,12,168.75645446777344,,,MIG-b43d42d1-022f-5770-a25d-c0bea366ae4e,"18,74",
ampere,1,vit_base_image,3g,32,sample,13,168.55296325683594,,,MIG-b43d42d1-022f-5770-a25d-c0bea366ae4e,"18,74",
ampere,1,vit_base_image,3g,32,sample,14,168.54786682128906,,,MIG-b43d42d1-022f-5770-a25d-c0bea366ae4e,"18,74",
ampere,1,vit_base_image,3g,32,sample,15,168.6201934814453,,,MIG-b43d42d1-022f-5770-a25d-c0bea366ae4e,"18,74",
ampere,1,vit_base_image,3g,32,sample,16,168.6519317626953,,,MIG-b43d42d1-022f-5770-a25d-c0bea366ae4e,"18,74",
ampere,1,vit_base_image,3g,32,sample,17,168.56959533691406,,,MIG-b43d42d1-022f-5770-a25d-c0bea366ae4e,"18,74",
ampere,1,vit_base_image,3g,32,sample,18,168.54185485839844,,,MIG-b43d42d1-022f-5770-a25d-c0bea366ae4e,"18,74",
ampere,1,vit_base_image,3g,32,sample,19,168.52198791503906,,,MIG-b43d42d1-022f-5770-a25d-c0bea366ae4e,"18,74",
ampere,1,vit_base_image,3g,32,sample,20,168.49026489257812,,,MIG-b43d42d1-022f-5770-a25d-c0bea366ae4e,"18,74",
ampere,1,vit_base_image,3g,32,sample,21,168.5843505859375,,,MIG-b43d42d1-022f-5770-a25d-c0bea366ae4e,"18,74",
ampere,1,vit_base_image,3g,32,sample,22,168.57530212402344,,,MIG-b43d42d1-022f-5770-a25d-c0bea366ae4e,"18,74",
ampere,1,vit_base_image,3g,32,sample,23,168.5216064453125,,,MIG-b43d42d1-022f-5770-a25d-c0bea366ae4e,"18,74",
ampere,1,vit_base_image,3g,32,sample,24,168.51724243164062,,,MIG-b43d42d1-022f-5770-a25d-c0bea366ae4e,"18,74",
ampere,1,vit_base_image,3g,32,sample,25,168.62208557128906,,,MIG-b43d42d1-022f-5770-a25d-c0bea366ae4e,"18,74",
ampere,1,vit_base_image,3g,32,sample,26,168.54966735839844,,,MIG-b43d42d1-022f-5770-a25d-c0bea366ae4e,"18,74",
ampere,1,vit_base_image,3g,32,sample,27,168.61013793945312,,,MIG-b43d42d1-022f-5770-a25d-c0bea366ae4e,"18,74",
ampere,1,vit_base_image,3g,32,sample,28,168.5865020751953,,,MIG-b43d42d1-022f-5770-a25d-c0bea366ae4e,"18,74",
ampere,1,vit_base_image,3g,32,sample,29,168.5127716064453,,,MIG-b43d42d1-022f-5770-a25d-c0bea366ae4e,"18,74",
ampere,1,vit_base_image,3g,32,sample,30,168.5193634033203,,,MIG-b43d42d1-022f-5770-a25d-c0bea366ae4e,"18,74",
ampere,1,vit_base_image,3g,32,sample,31,168.49948120117188,,,MIG-b43d42d1-022f-5770-a25d-c0bea366ae4e,"18,74",
ampere,1,vit_base_image,3g,32,sample,32,168.5260772705078,,,MIG-b43d42d1-022f-5770-a25d-c0bea366ae4e,"18,74",
ampere,1,vit_base_image,3g,32,sample,33,168.69894409179688,,,MIG-b43d42d1-022f-5770-a25d-c0bea366ae4e,"18,74",
ampere,1,vit_base_image,3g,32,sample,34,168.586181640625,,,MIG-b43d42d1-022f-5770-a25d-c0bea366ae4e,"18,74",
ampere,1,vit_base_image,3g,32,sample,35,168.5518035888672,,,MIG-b43d42d1-022f-5770-a25d-c0bea366ae4e,"18,74",
ampere,1,vit_base_image,3g,32,sample,36,168.5078125,,,MIG-b43d42d1-022f-5770-a25d-c0bea366ae4e,"18,74",
ampere,1,vit_base_image,3g,32,sample,37,168.49868774414062,,,MIG-b43d42d1-022f-5770-a25d-c0bea366ae4e,"18,74",
ampere,1,vit_base_image,3g,32,sample,38,168.5037078857422,,,MIG-b43d42d1-022f-5770-a25d-c0bea366ae4e,"18,74",
ampere,1,vit_base_image,3g,32,sample,39,168.6004180908203,,,MIG-b43d42d1-022f-5770-a25d-c0bea366ae4e,"18,74",
ampere,1,vit_base_image,3g,32,sample,40,168.58265686035156,,,MIG-b43d42d1-022f-5770-a25d-c0bea366ae4e,"18,74",
ampere,1,vit_base_image,3g,32,sample,41,168.5464324951172,,,MIG-b43d42d1-022f-5770-a25d-c0bea366ae4e,"18,74",
ampere,1,vit_base_image,3g,32,sample,42,168.69017028808594,,,MIG-b43d42d1-022f-5770-a25d-c0bea366ae4e,"18,74",
ampere,1,vit_base_image,3g,32,sample,43,168.50025939941406,,,MIG-b43d42d1-022f-5770-a25d-c0bea366ae4e,"18,74",
ampere,1,vit_base_image,3g,32,sample,44,168.62255859375,,,MIG-b43d42d1-022f-5770-a25d-c0bea366ae4e,"18,74",
ampere,1,vit_base_image,3g,32,sample,45,168.6293487548828,,,MIG-b43d42d1-022f-5770-a25d-c0bea366ae4e,"18,74",
ampere,1,vit_base_image,3g,32,sample,46,168.5021514892578,,,MIG-b43d42d1-022f-5770-a25d-c0bea366ae4e,"18,74",
ampere,1,vit_base_image,3g,32,sample,47,168.49903869628906,,,MIG-b43d42d1-022f-5770-a25d-c0bea366ae4e,"18,74",
ampere,1,vit_base_image,3g,32,sample,48,168.58787536621094,,,MIG-b43d42d1-022f-5770-a25d-c0bea366ae4e,"18,74",
ampere,1,vit_base_image,3g,32,sample,49,168.58189392089844,,,MIG-b43d42d1-022f-5770-a25d-c0bea366ae4e,"18,74",
ampere,1,gpt2_p512_o512,4g,1,warmup,0,5101.51513671875,20.73276710510254,9.923403065651655,MIG-b43d42d1-022f-5770-a25d-c0bea366ae4e,"18,74",
ampere,1,gpt2_p512_o512,4g,1,sample,0,5101.6416015625,10.605088233947754,9.943430690094829,MIG-b43d42d1-022f-5770-a25d-c0bea366ae4e,"18,74",
ampere,1,gpt2_p512_o512,4g,1,sample,1,5102.11083984375,10.690048217773438,9.944181233644485,MIG-b43d42d1-022f-5770-a25d-c0bea366ae4e,"18,74",
ampere,1,gpt2_p512_o512,4g,1,sample,2,5105.48876953125,10.71996784210205,9.950720315799117,MIG-b43d42d1-022f-5770-a25d-c0bea366ae4e,"18,74",
ampere,1,gpt2_p512_o512,4g,1,sample,3,5096.6318359375,10.67961597442627,9.933500429615378,MIG-b43d42d1-022f-5770-a25d-c0bea366ae4e,"18,74",
ampere,1,gpt2_p512_o512,4g,1,sample,4,5093.46337890625,16.379039764404297,9.916180349886417,MIG-b43d42d1-022f-5770-a25d-c0bea366ae4e,"18,74",
ampere,1,gpt2_p512_o512,4g,1,sample,5,5106.5771484375,16.029375076293945,9.942476119846106,MIG-b43d42d1-022f-5770-a25d-c0bea366ae4e,"18,74",
ampere,1,gpt2_p512_o512,4g,1,sample,6,5098.60400390625,12.202655792236328,9.934377633035183,MIG-b43d42d1-022f-5770-a25d-c0bea366ae4e,"18,74",
ampere,1,gpt2_p512_o512,4g,1,sample,7,5094.09228515625,17.722688674926758,9.914784368127584,MIG-b43d42d1-022f-5770-a25d-c0bea366ae4e,"18,74",
ampere,1,gpt2_p512_o512,4g,1,sample,8,5097.3994140625,11.174592018127441,9.934032855555415,MIG-b43d42d1-022f-5770-a25d-c0bea366ae4e,"18,74",
ampere,1,gpt2_p512_o512,4g,1,sample,9,5103.1044921875,10.738783836364746,9.946026774123311,MIG-b43d42d1-022f-5770-a25d-c0bea366ae4e,"18,74",
ampere,1,gpt2_p64_o64,4g,1,warmup,0,618.0413818359375,19.627552032470703,9.350216090679169,MIG-b43d42d1-022f-5770-a25d-c0bea366ae4e,"18,74",
ampere,1,gpt2_p64_o64,4g,1,sample,0,615.76806640625,15.722496032714844,9.375712037086487,MIG-b43d42d1-022f-5770-a25d-c0bea366ae4e,"18,74",
ampere,1,gpt2_p64_o64,4g,1,sample,1,612.4298095703125,9.225728034973145,9.425063773989677,MIG-b43d42d1-022f-5770-a25d-c0bea366ae4e,"18,74",
ampere,1,gpt2_p64_o64,4g,1,sample,2,619.570556640625,9.1878080368042,9.5372304469347,MIG-b43d42d1-022f-5770-a25d-c0bea366ae4e,"18,74",
ampere,1,gpt2_p64_o64,4g,1,sample,3,614.7042846679688,9.203680038452148,9.460946947336197,MIG-b43d42d1-022f-5770-a25d-c0bea366ae4e,"18,74",
ampere,1,gpt2_p64_o64,4g,1,sample,4,619.312255859375,10.519904136657715,9.512380495667458,MIG-b43d42d1-022f-5770-a25d-c0bea366ae4e,"18,74",
ampere,1,gpt2_p64_o64,4g,1,sample,5,614.8129272460938,15.520928382873535,9.363937482237816,MIG-b43d42d1-022f-5770-a25d-c0bea366ae4e,"18,74",
ampere,1,gpt2_p64_o64,4g,1,sample,6,612.4068603515625,9.980192184448242,9.41291669011116,MIG-b43d42d1-022f-5770-a25d-c0bea366ae4e,"18,74",
ampere,1,gpt2_p64_o64,4g,1,sample,7,623.5361938476562,9.211071968078613,9.5988300293684,MIG-b43d42d1-022f-5770-a25d-c0bea366ae4e,"18,74",
ampere,1,gpt2_p64_o64,4g,1,sample,8,614.4849243164062,17.89811134338379,9.321668952703476,MIG-b43d42d1-022f-5770-a25d-c0bea366ae4e,"18,74",
ampere,1,gpt2_p64_o64,4g,1,sample,9,613.392822265625,9.204447746276855,9.440443351864815,MIG-b43d42d1-022f-5770-a25d-c0bea366ae4e,"18,74",
ampere,1,llama_p1024_o128,4g,1,warmup,0,2592.98388671875,83.93421173095703,19.601950585842133,MIG-b43d42d1-022f-5770-a25d-c0bea366ae4e,"18,74",
ampere,1,llama_p1024_o128,4g,1,sample,0,2602.25830078125,74.83430480957031,19.745499968528748,MIG-b43d42d1-022f-5770-a25d-c0bea366ae4e,"18,74",
ampere,1,llama_p1024_o128,4g,1,sample,1,2595.47021484375,74.78047943115234,19.69288855791092,MIG-b43d42d1-022f-5770-a25d-c0bea366ae4e,"18,74",
ampere,1,llama_p1024_o128,4g,1,sample,2,2604.637451171875,74.68220520019531,19.765275359153748,MIG-b43d42d1-022f-5770-a25d-c0bea366ae4e,"18,74",
ampere,1,llama_p1024_o128,4g,1,sample,3,2586.557861328125,74.93622589111328,19.622044026851654,MIG-b43d42d1-022f-5770-a25d-c0bea366ae4e,"18,74",
ampere,1,llama_p1024_o128,4g,1,sample,4,2588.748779296875,74.6803207397461,19.64115983247757,MIG-b43d42d1-022f-5770-a25d-c0bea366ae4e,"18,74",
ampere,1,llama_p1024_o128,4g,1,sample,5,2588.9404296875,75.13129425048828,19.639133870601654,MIG-b43d42d1-022f-5770-a25d-c0bea366ae4e,"18,74",
ampere,1,llama_p1024_o128,4g,1,sample,6,2585.487060546875,74.41980743408203,19.617712914943695,MIG-b43d42d1-022f-5770-a25d-c0bea366ae4e,"18,74",
ampere,1,llama_p1024_o128,4g,1,sample,7,2598.01953125,74.94044494628906,19.71155536174774,MIG-b43d42d1-022f-5770-a25d-c0bea366ae4e,"18,74",
ampere,1,llama_p1024_o128,4g,1,sample,8,2593.770751953125,74.8551025390625,19.679028511047363,MIG-b43d42d1-022f-5770-a25d-c0bea366ae4e,"18,74",
ampere,1,llama_p1024_o128,4g,1,sample,9,2592.895751953125,74.77948760986328,19.672783315181732,MIG-b43d42d1-022f-5770-a25d-c0bea366ae4e,"18,74",
ampere,1,llama_p2048_o64,4g,1,warmup,0,1412.8026123046875,160.5482635498047,19.566474199295044,MIG-b43d42d1-022f-5770-a25d-c0bea366ae4e,"18,74",
ampere,1,llama_p2048_o64,4g,1,sample,0,1403.91650390625,153.53736877441406,19.537173986434937,MIG-b43d42d1-022f-5770-a25d-c0bea366ae4e,"18,74",
ampere,1,llama_p2048_o64,4g,1,sample,1,1406.9830322265625,152.7473602294922,19.597432374954224,MIG-b43d42d1-022f-5770-a25d-c0bea366ae4e,"18,74",
ampere,1,llama_p2048_o64,4g,1,sample,2,1409.8782958984375,154.30274963378906,19.618367910385132,MIG-b43d42d1-022f-5770-a25d-c0bea366ae4e,"18,74",
ampere,1,llama_p2048_o64,4g,1,sample,3,1412.52685546875,153.43699645996094,19.67327904701233,MIG-b43d42d1-022f-5770-a25d-c0bea366ae4e,"18,74",
ampere,1,llama_p2048_o64,4g,1,sample,4,1403.885498046875,152.7828826904297,19.548478364944458,MIG-b43d42d1-022f-5770-a25d-c0bea366ae4e,"18,74",
ampere,1,llama_p2048_o64,4g,1,sample,5,1404.1104736328125,153.48707580566406,19.540990591049194,MIG-b43d42d1-022f-5770-a25d-c0bea366ae4e,"18,74",
ampere,1,llama_p2048_o64,4g,1,sample,6,1415.4267578125,153.48226928710938,19.71788263320923,MIG-b43d42d1-022f-5770-a25d-c0bea366ae4e,"18,74",
ampere,1,llama_p2048_o64,4g,1,sample,7,1406.48974609375,153.67779541015625,19.575186729431152,MIG-b43d42d1-022f-5770-a25d-c0bea366ae4e,"18,74",
ampere,1,llama_p2048_o64,4g,1,sample,8,1409.8525390625,153.68739318847656,19.627580404281616,MIG-b43d42d1-022f-5770-a25d-c0bea366ae4e,"18,74",
ampere,1,llama_p2048_o64,4g,1,sample,9,1408.3148193359375,154.69955444335938,19.587738513946533,MIG-b43d42d1-022f-5770-a25d-c0bea366ae4e,"18,74",
ampere,1,resnet50_image,4g,1,warmup,0,31.027488708496094,,,MIG-b43d42d1-022f-5770-a25d-c0bea366ae4e,"18,74",
ampere,1,resnet50_image,4g,1,warmup,1,21.949567794799805,,,MIG-b43d42d1-022f-5770-a25d-c0bea366ae4e,"18,74",
ampere,1,resnet50_image,4g,1,warmup,2,22.042207717895508,,,MIG-b43d42d1-022f-5770-a25d-c0bea366ae4e,"18,74",
ampere,1,resnet50_image,4g,1,warmup,3,21.63680076599121,,,MIG-b43d42d1-022f-5770-a25d-c0bea366ae4e,"18,74",
ampere,1,resnet50_image,4g,1,warmup,4,21.41267204284668,,,MIG-b43d42d1-022f-5770-a25d-c0bea366ae4e,"18,74",
ampere,1,resnet50_image,4g,1,warmup,5,21.47148895263672,,,MIG-b43d42d1-022f-5770-a25d-c0bea366ae4e,"18,74",
ampere,1,resnet50_image,4g,1,warmup,6,21.401952743530273,,,MIG-b43d42d1-022f-5770-a25d-c0bea366ae4e,"18,74",
ampere,1,resnet50_image,4g,1,warmup,7,28.282047271728516,,,MIG-b43d42d1-022f-5770-a25d-c0bea366ae4e,"18,74",
ampere,1,resnet50_image,4g,1,warmup,8,29.90265655517578,,,MIG-b43d42d1-022f-5770-a25d-c0bea366ae4e,"18,74",
ampere,1,resnet50_image,4g,1,warmup,9,23.10220718383789,,,MIG-b43d42d1-022f-5770-a25d-c0bea366ae4e,"18,74",
ampere,1,resnet50_image,4g,1,sample,0,21.75334358215332,,,MIG-b43d42d1-022f-5770-a25d-c0bea366ae4e,"18,74",
ampere,1,resnet50_image,4g,1,sample,1,21.26595115661621,,,MIG-b43d42d1-022f-5770-a25d-c0bea366ae4e,"18,74",
ampere,1,resnet50_image,4g,1,sample,2,21.668352127075195,,,MIG-b43d42d1-022f-5770-a25d-c0bea366ae4e,"18,74",
ampere,1,resnet50_image,4g,1,sample,3,21.07423973083496,,,MIG-b43d42d1-022f-5770-a25d-c0bea366ae4e,"18,74",
ampere,1,resnet50_image,4g,1,sample,4,21.62396812438965,,,MIG-b43d42d1-022f-5770-a25d-c0bea366ae4e,"18,74",
ampere,1,resnet50_image,4g,1,sample,5,21.4901123046875,,,MIG-b43d42d1-022f-5770-a25d-c0bea366ae4e,"18,74",
ampere,1,resnet50_image,4g,1,sample,6,21.28704071044922,,,MIG-b43d42d1-022f-5770-a25d-c0bea366ae4e,"18,74",
ampere,1,resnet50_image,4g,1,sample,7,21.816415786743164,,,MIG-b43d42d1-022f-5770-a25d-c0bea366ae4e,"18,74",
ampere,1,resnet50_image,4g,1,sample,8,22.54422378540039,,,MIG-b43d42d1-022f-5770-a25d-c0bea366ae4e,"18,74",
ampere,1,resnet50_image,4g,1,sample,9,21.306655883789062,,,MIG-b43d42d1-022f-5770-a25d-c0bea366ae4e,"18,74",
ampere,1,resnet50_image,4g,1,sample,10,22.077632904052734,,,MIG-b43d42d1-022f-5770-a25d-c0bea366ae4e,"18,74",
ampere,1,resnet50_image,4g,1,sample,11,22.89574432373047,,,MIG-b43d42d1-022f-5770-a25d-c0bea366ae4e,"18,74",
ampere,1,resnet50_image,4g,1,sample,12,21.82694435119629,,,MIG-b43d42d1-022f-5770-a25d-c0bea366ae4e,"18,74",
ampere,1,resnet50_image,4g,1,sample,13,22.26595115661621,,,MIG-b43d42d1-022f-5770-a25d-c0bea366ae4e,"18,74",
ampere,1,resnet50_image,4g,1,sample,14,21.9965763092041,,,MIG-b43d42d1-022f-5770-a25d-c0bea366ae4e,"18,74",
ampere,1,resnet50_image,4g,1,sample,15,22.949344635009766,,,MIG-b43d42d1-022f-5770-a25d-c0bea366ae4e,"18,74",
ampere,1,resnet50_image,4g,1,sample,16,22.149919509887695,,,MIG-b43d42d1-022f-5770-a25d-c0bea366ae4e,"18,74",
ampere,1,resnet50_image,4g,1,sample,17,22.646432876586914,,,MIG-b43d42d1-022f-5770-a25d-c0bea366ae4e,"18,74",
ampere,1,resnet50_image,4g,1,sample,18,23.16364860534668,,,MIG-b43d42d1-022f-5770-a25d-c0bea366ae4e,"18,74",
ampere,1,resnet50_image,4g,1,sample,19,21.88684844970703,,,MIG-b43d42d1-022f-5770-a25d-c0bea366ae4e,"18,74",
ampere,1,resnet50_image,4g,1,sample,20,22.00841522216797,,,MIG-b43d42d1-022f-5770-a25d-c0bea366ae4e,"18,74",
ampere,1,resnet50_image,4g,1,sample,21,22.158496856689453,,,MIG-b43d42d1-022f-5770-a25d-c0bea366ae4e,"18,74",
ampere,1,resnet50_image,4g,1,sample,22,22.854368209838867,,,MIG-b43d42d1-022f-5770-a25d-c0bea366ae4e,"18,74",
ampere,1,resnet50_image,4g,1,sample,23,21.635936737060547,,,MIG-b43d42d1-022f-5770-a25d-c0bea366ae4e,"18,74",
ampere,1,resnet50_image,4g,1,sample,24,21.92483139038086,,,MIG-b43d42d1-022f-5770-a25d-c0bea366ae4e,"18,74",
ampere,1,resnet50_image,4g,1,sample,25,22.744831085205078,,,MIG-b43d42d1-022f-5770-a25d-c0bea366ae4e,"18,74",
ampere,1,resnet50_image,4g,1,sample,26,21.376575469970703,,,MIG-b43d42d1-022f-5770-a25d-c0bea366ae4e,"18,74",
ampere,1,resnet50_image,4g,1,sample,27,21.59174346923828,,,MIG-b43d42d1-022f-5770-a25d-c0bea366ae4e,"18,74",
ampere,1,resnet50_image,4g,1,sample,28,22.493663787841797,,,MIG-b43d42d1-022f-5770-a25d-c0bea366ae4e,"18,74",
ampere,1,resnet50_image,4g,1,sample,29,22.45292854309082,,,MIG-b43d42d1-022f-5770-a25d-c0bea366ae4e,"18,74",
ampere,1,resnet50_image,4g,1,sample,30,22.69481658935547,,,MIG-b43d42d1-022f-5770-a25d-c0bea366ae4e,"18,74",
ampere,1,resnet50_image,4g,1,sample,31,22.8538875579834,,,MIG-b43d42d1-022f-5770-a25d-c0bea366ae4e,"18,74",
ampere,1,resnet50_image,4g,1,sample,32,22.44278335571289,,,MIG-b43d42d1-022f-5770-a25d-c0bea366ae4e,"18,74",
ampere,1,resnet50_image,4g,1,sample,33,21.681312561035156,,,MIG-b43d42d1-022f-5770-a25d-c0bea366ae4e,"18,74",
ampere,1,resnet50_image,4g,1,sample,34,23.279232025146484,,,MIG-b43d42d1-022f-5770-a25d-c0bea366ae4e,"18,74",
ampere,1,resnet50_image,4g,1,sample,35,21.522560119628906,,,MIG-b43d42d1-022f-5770-a25d-c0bea366ae4e,"18,74",
ampere,1,resnet50_image,4g,1,sample,36,22.76380729675293,,,MIG-b43d42d1-022f-5770-a25d-c0bea366ae4e,"18,74",
ampere,1,resnet50_image,4g,1,sample,37,22.190784454345703,,,MIG-b43d42d1-022f-5770-a25d-c0bea366ae4e,"18,74",
ampere,1,resnet50_image,4g,1,sample,38,22.946399688720703,,,MIG-b43d42d1-022f-5770-a25d-c0bea366ae4e,"18,74",
ampere,1,resnet50_image,4g,1,sample,39,21.721824645996094,,,MIG-b43d42d1-022f-5770-a25d-c0bea366ae4e,"18,74",
ampere,1,resnet50_image,4g,1,sample,40,21.955263137817383,,,MIG-b43d42d1-022f-5770-a25d-c0bea366ae4e,"18,74",
ampere,1,resnet50_image,4g,1,sample,41,21.757631301879883,,,MIG-b43d42d1-022f-5770-a25d-c0bea366ae4e,"18,74",
ampere,1,resnet50_image,4g,1,sample,42,21.085119247436523,,,MIG-b43d42d1-022f-5770-a25d-c0bea366ae4e,"18,74",
ampere,1,resnet50_image,4g,1,sample,43,21.184415817260742,,,MIG-b43d42d1-022f-5770-a25d-c0bea366ae4e,"18,74",
ampere,1,resnet50_image,4g,1,sample,44,22.6943359375,,,MIG-b43d42d1-022f-5770-a25d-c0bea366ae4e,"18,74",
ampere,1,resnet50_image,4g,1,sample,45,23.07846450805664,,,MIG-b43d42d1-022f-5770-a25d-c0bea366ae4e,"18,74",
ampere,1,resnet50_image,4g,1,sample,46,21.399871826171875,,,MIG-b43d42d1-022f-5770-a25d-c0bea366ae4e,"18,74",
ampere,1,resnet50_image,4g,1,sample,47,22.307647705078125,,,MIG-b43d42d1-022f-5770-a25d-c0bea366ae4e,"18,74",
ampere,1,resnet50_image,4g,1,sample,48,21.616384506225586,,,MIG-b43d42d1-022f-5770-a25d-c0bea366ae4e,"18,74",
ampere,1,resnet50_image,4g,1,sample,49,21.753536224365234,,,MIG-b43d42d1-022f-5770-a25d-c0bea366ae4e,"18,74",
ampere,1,resnet50_image,4g,4,warmup,0,34.371742248535156,,,MIG-b43d42d1-022f-5770-a25d-c0bea366ae4e,"18,74",
ampere,1,resnet50_image,4g,4,warmup,1,20.68070411682129,,,MIG-b43d42d1-022f-5770-a25d-c0bea366ae4e,"18,74",
ampere,1,resnet50_image,4g,4,warmup,2,21.054880142211914,,,MIG-b43d42d1-022f-5770-a25d-c0bea366ae4e,"18,74",
ampere,1,resnet50_image,4g,4,warmup,3,22.114240646362305,,,MIG-b43d42d1-022f-5770-a25d-c0bea366ae4e,"18,74",
ampere,1,resnet50_image,4g,4,warmup,4,22.5150089263916,,,MIG-b43d42d1-022f-5770-a25d-c0bea366ae4e,"18,74",
ampere,1,resnet50_image,4g,4,warmup,5,21.81235122680664,,,MIG-b43d42d1-022f-5770-a25d-c0bea366ae4e,"18,74",
ampere,1,resnet50_image,4g,4,warmup,6,22.166656494140625,,,MIG-b43d42d1-022f-5770-a25d-c0bea366ae4e,"18,74",
ampere,1,resnet50_image,4g,4,warmup,7,22.444671630859375,,,MIG-b43d42d1-022f-5770-a25d-c0bea366ae4e,"18,74",
ampere,1,resnet50_image,4g,4,warmup,8,20.815839767456055,,,MIG-b43d42d1-022f-5770-a25d-c0bea366ae4e,"18,74",
ampere,1,resnet50_image,4g,4,warmup,9,21.973247528076172,,,MIG-b43d42d1-022f-5770-a25d-c0bea366ae4e,"18,74",
ampere,1,resnet50_image,4g,4,sample,0,20.622047424316406,,,MIG-b43d42d1-022f-5770-a25d-c0bea366ae4e,"18,74",
ampere,1,resnet50_image,4g,4,sample,1,21.669696807861328,,,MIG-b43d42d1-022f-5770-a25d-c0bea366ae4e,"18,74",
ampere,1,resnet50_image,4g,4,sample,2,22.08246421813965,,,MIG-b43d42d1-022f-5770-a25d-c0bea366ae4e,"18,74",
ampere,1,resnet50_image,4g,4,sample,3,22.187776565551758,,,MIG-b43d42d1-022f-5770-a25d-c0bea366ae4e,"18,74",
ampere,1,resnet50_image,4g,4,sample,4,22.453983306884766,,,MIG-b43d42d1-022f-5770-a25d-c0bea366ae4e,"18,74",
ampere,1,resnet50_image,4g,4,sample,5,22.565536499023438,,,MIG-b43d42d1-022f-5770-a25d-c0bea366ae4e,"18,74",
ampere,1,resnet50_image,4g,4,sample,6,21.898591995239258,,,MIG-b43d42d1-022f-5770-a25d-c0bea366ae4e,"18,74",
ampere,1,resnet50_image,4g,4,sample,7,22.217792510986328,,,MIG-b43d42d1-022f-5770-a25d-c0bea366ae4e,"18,74",
ampere,1,resnet50_image,4g,4,sample,8,20.62838363647461,,,MIG-b43d42d1-022f-5770-a25d-c0bea366ae4e,"18,74",
ampere,1,resnet50_image,4g,4,sample,9,21.653823852539062,,,MIG-b43d42d1-022f-5770-a25d-c0bea366ae4e,"18,74",
ampere,1,resnet50_image,4g,4,sample,10,21.56604766845703,,,MIG-b43d42d1-022f-5770-a25d-c0bea366ae4e,"18,74",
ampere,1,resnet50_image,4g,4,sample,11,22.29199981689453,,,MIG-b43d42d1-022f-5770-a25d-c0bea366ae4e,"18,74",
ampere,1,resnet50_image,4g,4,sample,12,20.878847122192383,,,MIG-b43d42d1-022f-5770-a25d-c0bea366ae4e,"18,74",
ampere,1,resnet50_image,4g,4,sample,13,20.636192321777344,,,MIG-b43d42d1-022f-5770-a25d-c0bea366ae4e,"18,74",
ampere,1,resnet50_image,4g,4,sample,14,21.242080688476562,,,MIG-b43d42d1-022f-5770-a25d-c0bea366ae4e,"18,74",
ampere,1,resnet50_image,4g,4,sample,15,22.258207321166992,,,MIG-b43d42d1-022f-5770-a25d-c0bea366ae4e,"18,74",
ampere,1,resnet50_image,4g,4,sample,16,22.348127365112305,,,MIG-b43d42d1-022f-5770-a25d-c0bea366ae4e,"18,74",
ampere,1,resnet50_image,4g,4,sample,17,27.728992462158203,,,MIG-b43d42d1-022f-5770-a25d-c0bea366ae4e,"18,74",
ampere,1,resnet50_image,4g,4,sample,18,20.662752151489258,,,MIG-b43d42d1-022f-5770-a25d-c0bea366ae4e,"18,74",
ampere,1,resnet50_image,4g,4,sample,19,20.71107292175293,,,MIG-b43d42d1-022f-5770-a25d-c0bea366ae4e,"18,74",
ampere,1,resnet50_image,4g,4,sample,20,22.243871688842773,,,MIG-b43d42d1-022f-5770-a25d-c0bea366ae4e,"18,74",
ampere,1,resnet50_image,4g,4,sample,21,22.240320205688477,,,MIG-b43d42d1-022f-5770-a25d-c0bea366ae4e,"18,74",
ampere,1,resnet50_image,4g,4,sample,22,21.48236846923828,,,MIG-b43d42d1-022f-5770-a25d-c0bea366ae4e,"18,74",
ampere,1,resnet50_image,4g,4,sample,23,21.435455322265625,,,MIG-b43d42d1-022f-5770-a25d-c0bea366ae4e,"18,74",
ampere,1,resnet50_image,4g,4,sample,24,21.240703582763672,,,MIG-b43d42d1-022f-5770-a25d-c0bea366ae4e,"18,74",
ampere,1,resnet50_image,4g,4,sample,25,22.305696487426758,,,MIG-b43d42d1-022f-5770-a25d-c0bea366ae4e,"18,74",
ampere,1,resnet50_image,4g,4,sample,26,22.25209617614746,,,MIG-b43d42d1-022f-5770-a25d-c0bea366ae4e,"18,74",
ampere,1,resnet50_image,4g,4,sample,27,22.379167556762695,,,MIG-b43d42d1-022f-5770-a25d-c0bea366ae4e,"18,74",
ampere,1,resnet50_image,4g,4,sample,28,21.944576263427734,,,MIG-b43d42d1-022f-5770-a25d-c0bea366ae4e,"18,74",
ampere,1,resnet50_image,4g,4,sample,29,22.298175811767578,,,MIG-b43d42d1-022f-5770-a25d-c0bea366ae4e,"18,74",
ampere,1,resnet50_image,4g,4,sample,30,20.95452880859375,,,MIG-b43d42d1-022f-5770-a25d-c0bea366ae4e,"18,74",
ampere,1,resnet50_image,4g,4,sample,31,22.40153694152832,,,MIG-b43d42d1-022f-5770-a25d-c0bea366ae4e,"18,74",
ampere,1,resnet50_image,4g,4,sample,32,22.148256301879883,,,MIG-b43d42d1-022f-5770-a25d-c0bea366ae4e,"18,74",
ampere,1,resnet50_image,4g,4,sample,33,20.79840087890625,,,MIG-b43d42d1-022f-5770-a25d-c0bea366ae4e,"18,74",
ampere,1,resnet50_image,4g,4,sample,34,22.129695892333984,,,MIG-b43d42d1-022f-5770-a25d-c0bea366ae4e,"18,74",
ampere,1,resnet50_image,4g,4,sample,35,22.169696807861328,,,MIG-b43d42d1-022f-5770-a25d-c0bea366ae4e,"18,74",
ampere,1,resnet50_image,4g,4,sample,36,22.18889617919922,,,MIG-b43d42d1-022f-5770-a25d-c0bea366ae4e,"18,74",
ampere,1,resnet50_image,4g,4,sample,37,21.242752075195312,,,MIG-b43d42d1-022f-5770-a25d-c0bea366ae4e,"18,74",
ampere,1,resnet50_image,4g,4,sample,38,21.843616485595703,,,MIG-b43d42d1-022f-5770-a25d-c0bea366ae4e,"18,74",
ampere,1,resnet50_image,4g,4,sample,39,22.312192916870117,,,MIG-b43d42d1-022f-5770-a25d-c0bea366ae4e,"18,74",
ampere,1,resnet50_image,4g,4,sample,40,21.80246353149414,,,MIG-b43d42d1-022f-5770-a25d-c0bea366ae4e,"18,74",
ampere,1,resnet50_image,4g,4,sample,41,21.041887283325195,,,MIG-b43d42d1-022f-5770-a25d-c0bea366ae4e,"18,74",
ampere,1,resnet50_image,4g,4,sample,42,21.09574317932129,,,MIG-b43d42d1-022f-5770-a25d-c0bea366ae4e,"18,74",
ampere,1,resnet50_image,4g,4,sample,43,20.644832611083984,,,MIG-b43d42d1-022f-5770-a25d-c0bea366ae4e,"18,74",
ampere,1,resnet50_image,4g,4,sample,44,20.632640838623047,,,MIG-b43d42d1-022f-5770-a25d-c0bea366ae4e,"18,74",
ampere,1,resnet50_image,4g,4,sample,45,21.16092872619629,,,MIG-b43d42d1-022f-5770-a25d-c0bea366ae4e,"18,74",
ampere,1,resnet50_image,4g,4,sample,46,21.225664138793945,,,MIG-b43d42d1-022f-5770-a25d-c0bea366ae4e,"18,74",
ampere,1,resnet50_image,4g,4,sample,47,22.164287567138672,,,MIG-b43d42d1-022f-5770-a25d-c0bea366ae4e,"18,74",
ampere,1,resnet50_image,4g,4,sample,48,20.81612777709961,,,MIG-b43d42d1-022f-5770-a25d-c0bea366ae4e,"18,74",
ampere,1,resnet50_image,4g,4,sample,49,20.61724853515625,,,MIG-b43d42d1-022f-5770-a25d-c0bea366ae4e,"18,74",
ampere,1,resnet50_image,4g,16,warmup,0,22.969247817993164,,,MIG-b43d42d1-022f-5770-a25d-c0bea366ae4e,"18,74",
ampere,1,resnet50_image,4g,16,warmup,1,20.864704132080078,,,MIG-b43d42d1-022f-5770-a25d-c0bea366ae4e,"18,74",
ampere,1,resnet50_image,4g,16,warmup,2,21.55023956298828,,,MIG-b43d42d1-022f-5770-a25d-c0bea366ae4e,"18,74",
ampere,1,resnet50_image,4g,16,warmup,3,21.233856201171875,,,MIG-b43d42d1-022f-5770-a25d-c0bea366ae4e,"18,74",
ampere,1,resnet50_image,4g,16,warmup,4,21.47737693786621,,,MIG-b43d42d1-022f-5770-a25d-c0bea366ae4e,"18,74",
ampere,1,resnet50_image,4g,16,warmup,5,21.93231964111328,,,MIG-b43d42d1-022f-5770-a25d-c0bea366ae4e,"18,74",
ampere,1,resnet50_image,4g,16,warmup,6,22.61903953552246,,,MIG-b43d42d1-022f-5770-a25d-c0bea366ae4e,"18,74",
ampere,1,resnet50_image,4g,16,warmup,7,21.999935150146484,,,MIG-b43d42d1-022f-5770-a25d-c0bea366ae4e,"18,74",
ampere,1,resnet50_image,4g,16,warmup,8,21.841407775878906,,,MIG-b43d42d1-022f-5770-a25d-c0bea366ae4e,"18,74",
ampere,1,resnet50_image,4g,16,warmup,9,22.645727157592773,,,MIG-b43d42d1-022f-5770-a25d-c0bea366ae4e,"18,74",
ampere,1,resnet50_image,4g,16,sample,0,21.92540740966797,,,MIG-b43d42d1-022f-5770-a25d-c0bea366ae4e,"18,74",
ampere,1,resnet50_image,4g,16,sample,1,21.984575271606445,,,MIG-b43d42d1-022f-5770-a25d-c0bea366ae4e,"18,74",
ampere,1,resnet50_image,4g,16,sample,2,20.843488693237305,,,MIG-b43d42d1-022f-5770-a25d-c0bea366ae4e,"18,74",
ampere,1,resnet50_image,4g,16,sample,3,20.8571834564209,,,MIG-b43d42d1-022f-5770-a25d-c0bea366ae4e,"18,74",
ampere,1,resnet50_image,4g,16,sample,4,20.865407943725586,,,MIG-b43d42d1-022f-5770-a25d-c0bea366ae4e,"18,74",
ampere,1,resnet50_image,4g,16,sample,5,20.855487823486328,,,MIG-b43d42d1-022f-5770-a25d-c0bea366ae4e,"18,74",
ampere,1,resnet50_image,4g,16,sample,6,20.859615325927734,,,MIG-b43d42d1-022f-5770-a25d-c0bea366ae4e,"18,74",
ampere,1,resnet50_image,4g,16,sample,7,21.09391975402832,,,MIG-b43d42d1-022f-5770-a25d-c0bea366ae4e,"18,74",
ampere,1,resnet50_image,4g,16,sample,8,22.591840744018555,,,MIG-b43d42d1-022f-5770-a25d-c0bea366ae4e,"18,74",
ampere,1,resnet50_image,4g,16,sample,9,20.811904907226562,,,MIG-b43d42d1-022f-5770-a25d-c0bea366ae4e,"18,74",
ampere,1,resnet50_image,4g,16,sample,10,22.004608154296875,,,MIG-b43d42d1-022f-5770-a25d-c0bea366ae4e,"18,74",
ampere,1,resnet50_image,4g,16,sample,11,20.873504638671875,,,MIG-b43d42d1-022f-5770-a25d-c0bea366ae4e,"18,74",
ampere,1,resnet50_image,4g,16,sample,12,22.08902359008789,,,MIG-b43d42d1-022f-5770-a25d-c0bea366ae4e,"18,74",
ampere,1,resnet50_image,4g,16,sample,13,22.506559371948242,,,MIG-b43d42d1-022f-5770-a25d-c0bea366ae4e,"18,74",
ampere,1,resnet50_image,4g,16,sample,14,20.882816314697266,,,MIG-b43d42d1-022f-5770-a25d-c0bea366ae4e,"18,74",
ampere,1,resnet50_image,4g,16,sample,15,20.957216262817383,,,MIG-b43d42d1-022f-5770-a25d-c0bea366ae4e,"18,74",
ampere,1,resnet50_image,4g,16,sample,16,22.079391479492188,,,MIG-b43d42d1-022f-5770-a25d-c0bea366ae4e,"18,74",
ampere,1,resnet50_image,4g,16,sample,17,22.03116798400879,,,MIG-b43d42d1-022f-5770-a25d-c0bea366ae4e,"18,74",
ampere,1,resnet50_image,4g,16,sample,18,20.92255973815918,,,MIG-b43d42d1-022f-5770-a25d-c0bea366ae4e,"18,74",
ampere,1,resnet50_image,4g,16,sample,19,20.857376098632812,,,MIG-b43d42d1-022f-5770-a25d-c0bea366ae4e,"18,74",
ampere,1,resnet50_image,4g,16,sample,20,20.8789119720459,,,MIG-b43d42d1-022f-5770-a25d-c0bea366ae4e,"18,74",
ampere,1,resnet50_image,4g,16,sample,21,20.868896484375,,,MIG-b43d42d1-022f-5770-a25d-c0bea366ae4e,"18,74",
ampere,1,resnet50_image,4g,16,sample,22,20.89084815979004,,,MIG-b43d42d1-022f-5770-a25d-c0bea366ae4e,"18,74",
ampere,1,resnet50_image,4g,16,sample,23,20.857919692993164,,,MIG-b43d42d1-022f-5770-a25d-c0bea366ae4e,"18,74",
ampere,1,resnet50_image,4g,16,sample,24,20.855295181274414,,,MIG-b43d42d1-022f-5770-a25d-c0bea366ae4e,"18,74",
ampere,1,resnet50_image,4g,16,sample,25,21.062591552734375,,,MIG-b43d42d1-022f-5770-a25d-c0bea366ae4e,"18,74",
ampere,1,resnet50_image,4g,16,sample,26,21.912927627563477,,,MIG-b43d42d1-022f-5770-a25d-c0bea366ae4e,"18,74",
ampere,1,resnet50_image,4g,16,sample,27,22.708351135253906,,,MIG-b43d42d1-022f-5770-a25d-c0bea366ae4e,"18,74",
ampere,1,resnet50_image,4g,16,sample,28,22.6727352142334,,,MIG-b43d42d1-022f-5770-a25d-c0bea366ae4e,"18,74",
ampere,1,resnet50_image,4g,16,sample,29,22.67353630065918,,,MIG-b43d42d1-022f-5770-a25d-c0bea366ae4e,"18,74",
ampere,1,resnet50_image,4g,16,sample,30,20.8536319732666,,,MIG-b43d42d1-022f-5770-a25d-c0bea366ae4e,"18,74",
ampere,1,resnet50_image,4g,16,sample,31,21.888351440429688,,,MIG-b43d42d1-022f-5770-a25d-c0bea366ae4e,"18,74",
ampere,1,resnet50_image,4g,16,sample,32,22.313215255737305,,,MIG-b43d42d1-022f-5770-a25d-c0bea366ae4e,"18,74",
ampere,1,resnet50_image,4g,16,sample,33,21.501983642578125,,,MIG-b43d42d1-022f-5770-a25d-c0bea366ae4e,"18,74",
ampere,1,resnet50_image,4g,16,sample,34,22.532352447509766,,,MIG-b43d42d1-022f-5770-a25d-c0bea366ae4e,"18,74",
ampere,1,resnet50_image,4g,16,sample,35,22.304384231567383,,,MIG-b43d42d1-022f-5770-a25d-c0bea366ae4e,"18,74",
ampere,1,resnet50_image,4g,16,sample,36,21.680160522460938,,,MIG-b43d42d1-022f-5770-a25d-c0bea366ae4e,"18,74",
ampere,1,resnet50_image,4g,16,sample,37,22.590431213378906,,,MIG-b43d42d1-022f-5770-a25d-c0bea366ae4e,"18,74",
ampere,1,resnet50_image,4g,16,sample,38,22.547199249267578,,,MIG-b43d42d1-022f-5770-a25d-c0bea366ae4e,"18,74",
ampere,1,resnet50_image,4g,16,sample,39,21.053247451782227,,,MIG-b43d42d1-022f-5770-a25d-c0bea366ae4e,"18,74",
ampere,1,resnet50_image,4g,16,sample,40,20.878271102905273,,,MIG-b43d42d1-022f-5770-a25d-c0bea366ae4e,"18,74",
ampere,1,resnet50_image,4g,16,sample,41,21.419296264648438,,,MIG-b43d42d1-022f-5770-a25d-c0bea366ae4e,"18,74",
ampere,1,resnet50_image,4g,16,sample,42,21.241600036621094,,,MIG-b43d42d1-022f-5770-a25d-c0bea366ae4e,"18,74",
ampere,1,resnet50_image,4g,16,sample,43,22.51366424560547,,,MIG-b43d42d1-022f-5770-a25d-c0bea366ae4e,"18,74",
ampere,1,resnet50_image,4g,16,sample,44,22.012928009033203,,,MIG-b43d42d1-022f-5770-a25d-c0bea366ae4e,"18,74",
ampere,1,resnet50_image,4g,16,sample,45,22.32828712463379,,,MIG-b43d42d1-022f-5770-a25d-c0bea366ae4e,"18,74",
ampere,1,resnet50_image,4g,16,sample,46,21.770559310913086,,,MIG-b43d42d1-022f-5770-a25d-c0bea366ae4e,"18,74",
ampere,1,resnet50_image,4g,16,sample,47,22.224063873291016,,,MIG-b43d42d1-022f-5770-a25d-c0bea366ae4e,"18,74",
ampere,1,resnet50_image,4g,16,sample,48,20.91414451599121,,,MIG-b43d42d1-022f-5770-a25d-c0bea366ae4e,"18,74",
ampere,1,resnet50_image,4g,16,sample,49,22.55683135986328,,,MIG-b43d42d1-022f-5770-a25d-c0bea366ae4e,"18,74",
ampere,1,resnet50_image,4g,32,warmup,0,26.026912689208984,,,MIG-b43d42d1-022f-5770-a25d-c0bea366ae4e,"18,74",
ampere,1,resnet50_image,4g,32,warmup,1,21.99225616455078,,,MIG-b43d42d1-022f-5770-a25d-c0bea366ae4e,"18,74",
ampere,1,resnet50_image,4g,32,warmup,2,22.00067138671875,,,MIG-b43d42d1-022f-5770-a25d-c0bea366ae4e,"18,74",
ampere,1,resnet50_image,4g,32,warmup,3,21.982784271240234,,,MIG-b43d42d1-022f-5770-a25d-c0bea366ae4e,"18,74",
ampere,1,resnet50_image,4g,32,warmup,4,21.979135513305664,,,MIG-b43d42d1-022f-5770-a25d-c0bea366ae4e,"18,74",
ampere,1,resnet50_image,4g,32,warmup,5,21.974016189575195,,,MIG-b43d42d1-022f-5770-a25d-c0bea366ae4e,"18,74",
ampere,1,resnet50_image,4g,32,warmup,6,22.22902488708496,,,MIG-b43d42d1-022f-5770-a25d-c0bea366ae4e,"18,74",
ampere,1,resnet50_image,4g,32,warmup,7,21.964672088623047,,,MIG-b43d42d1-022f-5770-a25d-c0bea366ae4e,"18,74",
ampere,1,resnet50_image,4g,32,warmup,8,21.976768493652344,,,MIG-b43d42d1-022f-5770-a25d-c0bea366ae4e,"18,74",
ampere,1,resnet50_image,4g,32,warmup,9,21.975616455078125,,,MIG-b43d42d1-022f-5770-a25d-c0bea366ae4e,"18,74",
ampere,1,resnet50_image,4g,32,sample,0,21.99795150756836,,,MIG-b43d42d1-022f-5770-a25d-c0bea366ae4e,"18,74",
ampere,1,resnet50_image,4g,32,sample,1,22.7076473236084,,,MIG-b43d42d1-022f-5770-a25d-c0bea366ae4e,"18,74",
ampere,1,resnet50_image,4g,32,sample,2,23.028928756713867,,,MIG-b43d42d1-022f-5770-a25d-c0bea366ae4e,"18,74",
ampere,1,resnet50_image,4g,32,sample,3,21.952512741088867,,,MIG-b43d42d1-022f-5770-a25d-c0bea366ae4e,"18,74",
ampere,1,resnet50_image,4g,32,sample,4,21.971071243286133,,,MIG-b43d42d1-022f-5770-a25d-c0bea366ae4e,"18,74",
ampere,1,resnet50_image,4g,32,sample,5,21.95792007446289,,,MIG-b43d42d1-022f-5770-a25d-c0bea366ae4e,"18,74",
ampere,1,resnet50_image,4g,32,sample,6,21.974655151367188,,,MIG-b43d42d1-022f-5770-a25d-c0bea366ae4e,"18,74",
ampere,1,resnet50_image,4g,32,sample,7,21.989023208618164,,,MIG-b43d42d1-022f-5770-a25d-c0bea366ae4e,"18,74",
ampere,1,resnet50_image,4g,32,sample,8,21.976543426513672,,,MIG-b43d42d1-022f-5770-a25d-c0bea366ae4e,"18,74",
ampere,1,resnet50_image,4g,32,sample,9,22.049728393554688,,,MIG-b43d42d1-022f-5770-a25d-c0bea366ae4e,"18,74",
ampere,1,resnet50_image,4g,32,sample,10,22.731647491455078,,,MIG-b43d42d1-022f-5770-a25d-c0bea366ae4e,"18,74",
ampere,1,resnet50_image,4g,32,sample,11,22.545663833618164,,,MIG-b43d42d1-022f-5770-a25d-c0bea366ae4e,"18,74",
ampere,1,resnet50_image,4g,32,sample,12,22.296159744262695,,,MIG-b43d42d1-022f-5770-a25d-c0bea366ae4e,"18,74",
ampere,1,resnet50_image,4g,32,sample,13,22.078304290771484,,,MIG-b43d42d1-022f-5770-a25d-c0bea366ae4e,"18,74",
ampere,1,resnet50_image,4g,32,sample,14,22.79692840576172,,,MIG-b43d42d1-022f-5770-a25d-c0bea366ae4e,"18,74",
ampere,1,resnet50_image,4g,32,sample,15,22.714111328125,,,MIG-b43d42d1-022f-5770-a25d-c0bea366ae4e,"18,74",
ampere,1,resnet50_image,4g,32,sample,16,22.305280685424805,,,MIG-b43d42d1-022f-5770-a25d-c0bea366ae4e,"18,74",
ampere,1,resnet50_image,4g,32,sample,17,22.315584182739258,,,MIG-b43d42d1-022f-5770-a25d-c0bea366ae4e,"18,74",
ampere,1,resnet50_image,4g,32,sample,18,22.35158348083496,,,MIG-b43d42d1-022f-5770-a25d-c0bea366ae4e,"18,74",
ampere,1,resnet50_image,4g,32,sample,19,22.266592025756836,,,MIG-b43d42d1-022f-5770-a25d-c0bea366ae4e,"18,74",
ampere,1,resnet50_image,4g,32,sample,20,22.171072006225586,,,MIG-b43d42d1-022f-5770-a25d-c0bea366ae4e,"18,74",
ampere,1,resnet50_image,4g,32,sample,21,27.870624542236328,,,MIG-b43d42d1-022f-5770-a25d-c0bea366ae4e,"18,74",
ampere,1,resnet50_image,4g,32,sample,22,24.470367431640625,,,MIG-b43d42d1-022f-5770-a25d-c0bea366ae4e,"18,74",
ampere,1,resnet50_image,4g,32,sample,23,22.64227294921875,,,MIG-b43d42d1-022f-5770-a25d-c0bea366ae4e,"18,74",
ampere,1,resnet50_image,4g,32,sample,24,22.31724739074707,,,MIG-b43d42d1-022f-5770-a25d-c0bea366ae4e,"18,74",
ampere,1,resnet50_image,4g,32,sample,25,22.261791229248047,,,MIG-b43d42d1-022f-5770-a25d-c0bea366ae4e,"18,74",
ampere,1,resnet50_image,4g,32,sample,26,22.62931251525879,,,MIG-b43d42d1-022f-5770-a25d-c0bea366ae4e,"18,74",
ampere,1,resnet50_image,4g,32,sample,27,22.49193572998047,,,MIG-b43d42d1-022f-5770-a25d-c0bea366ae4e,"18,74",
ampere,1,resnet50_image,4g,32,sample,28,22.037824630737305,,,MIG-b43d42d1-022f-5770-a25d-c0bea366ae4e,"18,74",
ampere,1,resnet50_image,4g,32,sample,29,21.99260711669922,,,MIG-b43d42d1-022f-5770-a25d-c0bea366ae4e,"18,74",
ampere,1,resnet50_image,4g,32,sample,30,22.548799514770508,,,MIG-b43d42d1-022f-5770-a25d-c0bea366ae4e,"18,74",
ampere,1,resnet50_image,4g,32,sample,31,22.50998306274414,,,MIG-b43d42d1-022f-5770-a25d-c0bea366ae4e,"18,74",
ampere,1,resnet50_image,4g,32,sample,32,21.988000869750977,,,MIG-b43d42d1-022f-5770-a25d-c0bea366ae4e,"18,74",
ampere,1,resnet50_image,4g,32,sample,33,21.985984802246094,,,MIG-b43d42d1-022f-5770-a25d-c0bea366ae4e,"18,74",
ampere,1,resnet50_image,4g,32,sample,34,21.9550724029541,,,MIG-b43d42d1-022f-5770-a25d-c0bea366ae4e,"18,74",
ampere,1,resnet50_image,4g,32,sample,35,21.957151412963867,,,MIG-b43d42d1-022f-5770-a25d-c0bea366ae4e,"18,74",
ampere,1,resnet50_image,4g,32,sample,36,30.13814353942871,,,MIG-b43d42d1-022f-5770-a25d-c0bea366ae4e,"18,74",
ampere,1,resnet50_image,4g,32,sample,37,21.957439422607422,,,MIG-b43d42d1-022f-5770-a25d-c0bea366ae4e,"18,74",
ampere,1,resnet50_image,4g,32,sample,38,21.95417594909668,,,MIG-b43d42d1-022f-5770-a25d-c0bea366ae4e,"18,74",
ampere,1,resnet50_image,4g,32,sample,39,21.964191436767578,,,MIG-b43d42d1-022f-5770-a25d-c0bea366ae4e,"18,74",
ampere,1,resnet50_image,4g,32,sample,40,22.162303924560547,,,MIG-b43d42d1-022f-5770-a25d-c0bea366ae4e,"18,74",
ampere,1,resnet50_image,4g,32,sample,41,21.969120025634766,,,MIG-b43d42d1-022f-5770-a25d-c0bea366ae4e,"18,74",
ampere,1,resnet50_image,4g,32,sample,42,22.069120407104492,,,MIG-b43d42d1-022f-5770-a25d-c0bea366ae4e,"18,74",
ampere,1,resnet50_image,4g,32,sample,43,21.973983764648438,,,MIG-b43d42d1-022f-5770-a25d-c0bea366ae4e,"18,74",
ampere,1,resnet50_image,4g,32,sample,44,21.991071701049805,,,MIG-b43d42d1-022f-5770-a25d-c0bea366ae4e,"18,74",
ampere,1,resnet50_image,4g,32,sample,45,22.812448501586914,,,MIG-b43d42d1-022f-5770-a25d-c0bea366ae4e,"18,74",
ampere,1,resnet50_image,4g,32,sample,46,22.488384246826172,,,MIG-b43d42d1-022f-5770-a25d-c0bea366ae4e,"18,74",
ampere,1,resnet50_image,4g,32,sample,47,27.696287155151367,,,MIG-b43d42d1-022f-5770-a25d-c0bea366ae4e,"18,74",
ampere,1,resnet50_image,4g,32,sample,48,21.947328567504883,,,MIG-b43d42d1-022f-5770-a25d-c0bea366ae4e,"18,74",
ampere,1,resnet50_image,4g,32,sample,49,21.961824417114258,,,MIG-b43d42d1-022f-5770-a25d-c0bea366ae4e,"18,74",
ampere,1,resnet50_image,4g,64,warmup,0,42.47625732421875,,,MIG-b43d42d1-022f-5770-a25d-c0bea366ae4e,"18,74",
ampere,1,resnet50_image,4g,64,warmup,1,42.023136138916016,,,MIG-b43d42d1-022f-5770-a25d-c0bea366ae4e,"18,74",
ampere,1,resnet50_image,4g,64,warmup,2,42.07388687133789,,,MIG-b43d42d1-022f-5770-a25d-c0bea366ae4e,"18,74",
ampere,1,resnet50_image,4g,64,warmup,3,42.08844757080078,,,MIG-b43d42d1-022f-5770-a25d-c0bea366ae4e,"18,74",
ampere,1,resnet50_image,4g,64,warmup,4,42.07868957519531,,,MIG-b43d42d1-022f-5770-a25d-c0bea366ae4e,"18,74",
ampere,1,resnet50_image,4g,64,warmup,5,42.10976028442383,,,MIG-b43d42d1-022f-5770-a25d-c0bea366ae4e,"18,74",
ampere,1,resnet50_image,4g,64,warmup,6,42.08879852294922,,,MIG-b43d42d1-022f-5770-a25d-c0bea366ae4e,"18,74",
ampere,1,resnet50_image,4g,64,warmup,7,42.104736328125,,,MIG-b43d42d1-022f-5770-a25d-c0bea366ae4e,"18,74",
ampere,1,resnet50_image,4g,64,warmup,8,42.08265686035156,,,MIG-b43d42d1-022f-5770-a25d-c0bea366ae4e,"18,74",
ampere,1,resnet50_image,4g,64,warmup,9,42.071102142333984,,,MIG-b43d42d1-022f-5770-a25d-c0bea366ae4e,"18,74",
ampere,1,resnet50_image,4g,64,sample,0,42.031070709228516,,,MIG-b43d42d1-022f-5770-a25d-c0bea366ae4e,"18,74",
ampere,1,resnet50_image,4g,64,sample,1,42.03337478637695,,,MIG-b43d42d1-022f-5770-a25d-c0bea366ae4e,"18,74",
ampere,1,resnet50_image,4g,64,sample,2,42.05855941772461,,,MIG-b43d42d1-022f-5770-a25d-c0bea366ae4e,"18,74",
ampere,1,resnet50_image,4g,64,sample,3,42.08473587036133,,,MIG-b43d42d1-022f-5770-a25d-c0bea366ae4e,"18,74",
ampere,1,resnet50_image,4g,64,sample,4,42.094398498535156,,,MIG-b43d42d1-022f-5770-a25d-c0bea366ae4e,"18,74",
ampere,1,resnet50_image,4g,64,sample,5,42.088191986083984,,,MIG-b43d42d1-022f-5770-a25d-c0bea366ae4e,"18,74",
ampere,1,resnet50_image,4g,64,sample,6,42.06748962402344,,,MIG-b43d42d1-022f-5770-a25d-c0bea366ae4e,"18,74",
ampere,1,resnet50_image,4g,64,sample,7,42.02665710449219,,,MIG-b43d42d1-022f-5770-a25d-c0bea366ae4e,"18,74",
ampere,1,resnet50_image,4g,64,sample,8,42.05897521972656,,,MIG-b43d42d1-022f-5770-a25d-c0bea366ae4e,"18,74",
ampere,1,resnet50_image,4g,64,sample,9,42.0794563293457,,,MIG-b43d42d1-022f-5770-a25d-c0bea366ae4e,"18,74",
ampere,1,resnet50_image,4g,64,sample,10,42.060577392578125,,,MIG-b43d42d1-022f-5770-a25d-c0bea366ae4e,"18,74",
ampere,1,resnet50_image,4g,64,sample,11,42.0662727355957,,,MIG-b43d42d1-022f-5770-a25d-c0bea366ae4e,"18,74",
ampere,1,resnet50_image,4g,64,sample,12,42.1431999206543,,,MIG-b43d42d1-022f-5770-a25d-c0bea366ae4e,"18,74",
ampere,1,resnet50_image,4g,64,sample,13,42.089088439941406,,,MIG-b43d42d1-022f-5770-a25d-c0bea366ae4e,"18,74",
ampere,1,resnet50_image,4g,64,sample,14,42.08607864379883,,,MIG-b43d42d1-022f-5770-a25d-c0bea366ae4e,"18,74",
ampere,1,resnet50_image,4g,64,sample,15,42.09481430053711,,,MIG-b43d42d1-022f-5770-a25d-c0bea366ae4e,"18,74",
ampere,1,resnet50_image,4g,64,sample,16,42.092159271240234,,,MIG-b43d42d1-022f-5770-a25d-c0bea366ae4e,"18,74",
ampere,1,resnet50_image,4g,64,sample,17,42.103614807128906,,,MIG-b43d42d1-022f-5770-a25d-c0bea366ae4e,"18,74",
ampere,1,resnet50_image,4g,64,sample,18,42.102142333984375,,,MIG-b43d42d1-022f-5770-a25d-c0bea366ae4e,"18,74",
ampere,1,resnet50_image,4g,64,sample,19,42.100032806396484,,,MIG-b43d42d1-022f-5770-a25d-c0bea366ae4e,"18,74",
ampere,1,resnet50_image,4g,64,sample,20,42.07049560546875,,,MIG-b43d42d1-022f-5770-a25d-c0bea366ae4e,"18,74",
ampere,1,resnet50_image,4g,64,sample,21,42.019775390625,,,MIG-b43d42d1-022f-5770-a25d-c0bea366ae4e,"18,74",
ampere,1,resnet50_image,4g,64,sample,22,42.01171112060547,,,MIG-b43d42d1-022f-5770-a25d-c0bea366ae4e,"18,74",
ampere,1,resnet50_image,4g,64,sample,23,41.996158599853516,,,MIG-b43d42d1-022f-5770-a25d-c0bea366ae4e,"18,74",
ampere,1,resnet50_image,4g,64,sample,24,42.0563850402832,,,MIG-b43d42d1-022f-5770-a25d-c0bea366ae4e,"18,74",
ampere,1,resnet50_image,4g,64,sample,25,42.16620635986328,,,MIG-b43d42d1-022f-5770-a25d-c0bea366ae4e,"18,74",
ampere,1,resnet50_image,4g,64,sample,26,42.08095932006836,,,MIG-b43d42d1-022f-5770-a25d-c0bea366ae4e,"18,74",
ampere,1,resnet50_image,4g,64,sample,27,42.077056884765625,,,MIG-b43d42d1-022f-5770-a25d-c0bea366ae4e,"18,74",
ampere,1,resnet50_image,4g,64,sample,28,42.07737731933594,,,MIG-b43d42d1-022f-5770-a25d-c0bea366ae4e,"18,74",
ampere,1,resnet50_image,4g,64,sample,29,42.04703903198242,,,MIG-b43d42d1-022f-5770-a25d-c0bea366ae4e,"18,74",
ampere,1,resnet50_image,4g,64,sample,30,42.03433609008789,,,MIG-b43d42d1-022f-5770-a25d-c0bea366ae4e,"18,74",
ampere,1,resnet50_image,4g,64,sample,31,42.0346565246582,,,MIG-b43d42d1-022f-5770-a25d-c0bea366ae4e,"18,74",
ampere,1,resnet50_image,4g,64,sample,32,42.061214447021484,,,MIG-b43d42d1-022f-5770-a25d-c0bea366ae4e,"18,74",
ampere,1,resnet50_image,4g,64,sample,33,42.11695861816406,,,MIG-b43d42d1-022f-5770-a25d-c0bea366ae4e,"18,74",
ampere,1,resnet50_image,4g,64,sample,34,42.091007232666016,,,MIG-b43d42d1-022f-5770-a25d-c0bea366ae4e,"18,74",
ampere,1,resnet50_image,4g,64,sample,35,42.10380935668945,,,MIG-b43d42d1-022f-5770-a25d-c0bea366ae4e,"18,74",
ampere,1,resnet50_image,4g,64,sample,36,42.09088134765625,,,MIG-b43d42d1-022f-5770-a25d-c0bea366ae4e,"18,74",
ampere,1,resnet50_image,4g,64,sample,37,42.06435012817383,,,MIG-b43d42d1-022f-5770-a25d-c0bea366ae4e,"18,74",
ampere,1,resnet50_image,4g,64,sample,38,42.05651092529297,,,MIG-b43d42d1-022f-5770-a25d-c0bea366ae4e,"18,74",
ampere,1,resnet50_image,4g,64,sample,39,42.11385726928711,,,MIG-b43d42d1-022f-5770-a25d-c0bea366ae4e,"18,74",
ampere,1,resnet50_image,4g,64,sample,40,42.033470153808594,,,MIG-b43d42d1-022f-5770-a25d-c0bea366ae4e,"18,74",
ampere,1,resnet50_image,4g,64,sample,41,42.06972885131836,,,MIG-b43d42d1-022f-5770-a25d-c0bea366ae4e,"18,74",
ampere,1,resnet50_image,4g,64,sample,42,42.07980728149414,,,MIG-b43d42d1-022f-5770-a25d-c0bea366ae4e,"18,74",
ampere,1,resnet50_image,4g,64,sample,43,42.06403350830078,,,MIG-b43d42d1-022f-5770-a25d-c0bea366ae4e,"18,74",
ampere,1,resnet50_image,4g,64,sample,44,42.031105041503906,,,MIG-b43d42d1-022f-5770-a25d-c0bea366ae4e,"18,74",
ampere,1,resnet50_image,4g,64,sample,45,42.06099319458008,,,MIG-b43d42d1-022f-5770-a25d-c0bea366ae4e,"18,74",
ampere,1,resnet50_image,4g,64,sample,46,42.09321594238281,,,MIG-b43d42d1-022f-5770-a25d-c0bea366ae4e,"18,74",
ampere,1,resnet50_image,4g,64,sample,47,42.21244812011719,,,MIG-b43d42d1-022f-5770-a25d-c0bea366ae4e,"18,74",
ampere,1,resnet50_image,4g,64,sample,48,42.07148742675781,,,MIG-b43d42d1-022f-5770-a25d-c0bea366ae4e,"18,74",
ampere,1,resnet50_image,4g,64,sample,49,42.07913589477539,,,MIG-b43d42d1-022f-5770-a25d-c0bea366ae4e,"18,74",
ampere,1,vgg16_image,4g,1,warmup,0,17.673152923583984,,,MIG-b43d42d1-022f-5770-a25d-c0bea366ae4e,"18,74",
ampere,1,vgg16_image,4g,1,warmup,1,9.668543815612793,,,MIG-b43d42d1-022f-5770-a25d-c0bea366ae4e,"18,74",
ampere,1,vgg16_image,4g,1,warmup,2,9.303232192993164,,,MIG-b43d42d1-022f-5770-a25d-c0bea366ae4e,"18,74",
ampere,1,vgg16_image,4g,1,warmup,3,8.372063636779785,,,MIG-b43d42d1-022f-5770-a25d-c0bea366ae4e,"18,74",
ampere,1,vgg16_image,4g,1,warmup,4,8.361023902893066,,,MIG-b43d42d1-022f-5770-a25d-c0bea366ae4e,"18,74",
ampere,1,vgg16_image,4g,1,warmup,5,8.386176109313965,,,MIG-b43d42d1-022f-5770-a25d-c0bea366ae4e,"18,74",
ampere,1,vgg16_image,4g,1,warmup,6,8.384256362915039,,,MIG-b43d42d1-022f-5770-a25d-c0bea366ae4e,"18,74",
ampere,1,vgg16_image,4g,1,warmup,7,8.353471755981445,,,MIG-b43d42d1-022f-5770-a25d-c0bea366ae4e,"18,74",
ampere,1,vgg16_image,4g,1,warmup,8,8.849344253540039,,,MIG-b43d42d1-022f-5770-a25d-c0bea366ae4e,"18,74",
ampere,1,vgg16_image,4g,1,warmup,9,8.349568367004395,,,MIG-b43d42d1-022f-5770-a25d-c0bea366ae4e,"18,74",
ampere,1,vgg16_image,4g,1,sample,0,8.346847534179688,,,MIG-b43d42d1-022f-5770-a25d-c0bea366ae4e,"18,74",
ampere,1,vgg16_image,4g,1,sample,1,8.379008293151855,,,MIG-b43d42d1-022f-5770-a25d-c0bea366ae4e,"18,74",
ampere,1,vgg16_image,4g,1,sample,2,8.35427188873291,,,MIG-b43d42d1-022f-5770-a25d-c0bea366ae4e,"18,74",
ampere,1,vgg16_image,4g,1,sample,3,8.362879753112793,,,MIG-b43d42d1-022f-5770-a25d-c0bea366ae4e,"18,74",
ampere,1,vgg16_image,4g,1,sample,4,8.352895736694336,,,MIG-b43d42d1-022f-5770-a25d-c0bea366ae4e,"18,74",
ampere,1,vgg16_image,4g,1,sample,5,8.354463577270508,,,MIG-b43d42d1-022f-5770-a25d-c0bea366ae4e,"18,74",
ampere,1,vgg16_image,4g,1,sample,6,8.360735893249512,,,MIG-b43d42d1-022f-5770-a25d-c0bea366ae4e,"18,74",
ampere,1,vgg16_image,4g,1,sample,7,8.869407653808594,,,MIG-b43d42d1-022f-5770-a25d-c0bea366ae4e,"18,74",
ampere,1,vgg16_image,4g,1,sample,8,9.884703636169434,,,MIG-b43d42d1-022f-5770-a25d-c0bea366ae4e,"18,74",
ampere,1,vgg16_image,4g,1,sample,9,8.331680297851562,,,MIG-b43d42d1-022f-5770-a25d-c0bea366ae4e,"18,74",
ampere,1,vgg16_image,4g,1,sample,10,8.361727714538574,,,MIG-b43d42d1-022f-5770-a25d-c0bea366ae4e,"18,74",
ampere,1,vgg16_image,4g,1,sample,11,8.315327644348145,,,MIG-b43d42d1-022f-5770-a25d-c0bea366ae4e,"18,74",
ampere,1,vgg16_image,4g,1,sample,12,8.751199722290039,,,MIG-b43d42d1-022f-5770-a25d-c0bea366ae4e,"18,74",
ampere,1,vgg16_image,4g,1,sample,13,8.338335990905762,,,MIG-b43d42d1-022f-5770-a25d-c0bea366ae4e,"18,74",
ampere,1,vgg16_image,4g,1,sample,14,8.611712455749512,,,MIG-b43d42d1-022f-5770-a25d-c0bea366ae4e,"18,74",
ampere,1,vgg16_image,4g,1,sample,15,8.348128318786621,,,MIG-b43d42d1-022f-5770-a25d-c0bea366ae4e,"18,74",
ampere,1,vgg16_image,4g,1,sample,16,8.345376014709473,,,MIG-b43d42d1-022f-5770-a25d-c0bea366ae4e,"18,74",
ampere,1,vgg16_image,4g,1,sample,17,8.338720321655273,,,MIG-b43d42d1-022f-5770-a25d-c0bea366ae4e,"18,74",
ampere,1,vgg16_image,4g,1,sample,18,8.93388843536377,,,MIG-b43d42d1-022f-5770-a25d-c0bea366ae4e,"18,74",
ampere,1,vgg16_image,4g,1,sample,19,9.949376106262207,,,MIG-b43d42d1-022f-5770-a25d-c0bea366ae4e,"18,74",
ampere,1,vgg16_image,4g,1,sample,20,8.367648124694824,,,MIG-b43d42d1-022f-5770-a25d-c0bea366ae4e,"18,74",
ampere,1,vgg16_image,4g,1,sample,21,8.94604778289795,,,MIG-b43d42d1-022f-5770-a25d-c0bea366ae4e,"18,74",
ampere,1,vgg16_image,4g,1,sample,22,9.169535636901855,,,MIG-b43d42d1-022f-5770-a25d-c0bea366ae4e,"18,74",
ampere,1,vgg16_image,4g,1,sample,23,8.332799911499023,,,MIG-b43d42d1-022f-5770-a25d-c0bea366ae4e,"18,74",
ampere,1,vgg16_image,4g,1,sample,24,8.374815940856934,,,MIG-b43d42d1-022f-5770-a25d-c0bea366ae4e,"18,74",
ampere,1,vgg16_image,4g,1,sample,25,9.252287864685059,,,MIG-b43d42d1-022f-5770-a25d-c0bea366ae4e,"18,74",
ampere,1,vgg16_image,4g,1,sample,26,8.360799789428711,,,MIG-b43d42d1-022f-5770-a25d-c0bea366ae4e,"18,74",
ampere,1,vgg16_image,4g,1,sample,27,8.583840370178223,,,MIG-b43d42d1-022f-5770-a25d-c0bea366ae4e,"18,74",
ampere,1,vgg16_image,4g,1,sample,28,9.005023956298828,,,MIG-b43d42d1-022f-5770-a25d-c0bea366ae4e,"18,74",
ampere,1,vgg16_image,4g,1,sample,29,9.81708812713623,,,MIG-b43d42d1-022f-5770-a25d-c0bea366ae4e,"18,74",
ampere,1,vgg16_image,4g,1,sample,30,8.422752380371094,,,MIG-b43d42d1-022f-5770-a25d-c0bea366ae4e,"18,74",
ampere,1,vgg16_image,4g,1,sample,31,8.389727592468262,,,MIG-b43d42d1-022f-5770-a25d-c0bea366ae4e,"18,74",
ampere,1,vgg16_image,4g,1,sample,32,8.366016387939453,,,MIG-b43d42d1-022f-5770-a25d-c0bea366ae4e,"18,74",
ampere,1,vgg16_image,4g,1,sample,33,8.460639953613281,,,MIG-b43d42d1-022f-5770-a25d-c0bea366ae4e,"18,74",
ampere,1,vgg16_image,4g,1,sample,34,8.352319717407227,,,MIG-b43d42d1-022f-5770-a25d-c0bea366ae4e,"18,74",
ampere,1,vgg16_image,4g,1,sample,35,8.334752082824707,,,MIG-b43d42d1-022f-5770-a25d-c0bea366ae4e,"18,74",
ampere,1,vgg16_image,4g,1,sample,36,8.3220796585083,,,MIG-b43d42d1-022f-5770-a25d-c0bea366ae4e,"18,74",
ampere,1,vgg16_image,4g,1,sample,37,8.33785629272461,,,MIG-b43d42d1-022f-5770-a25d-c0bea366ae4e,"18,74",
ampere,1,vgg16_image,4g,1,sample,38,8.35206413269043,,,MIG-b43d42d1-022f-5770-a25d-c0bea366ae4e,"18,74",
ampere,1,vgg16_image,4g,1,sample,39,8.350912094116211,,,MIG-b43d42d1-022f-5770-a25d-c0bea366ae4e,"18,74",
ampere,1,vgg16_image,4g,1,sample,40,8.393152236938477,,,MIG-b43d42d1-022f-5770-a25d-c0bea366ae4e,"18,74",
ampere,1,vgg16_image,4g,1,sample,41,8.360063552856445,,,MIG-b43d42d1-022f-5770-a25d-c0bea366ae4e,"18,74",
ampere,1,vgg16_image,4g,1,sample,42,8.748255729675293,,,MIG-b43d42d1-022f-5770-a25d-c0bea366ae4e,"18,74",
ampere,1,vgg16_image,4g,1,sample,43,8.360832214355469,,,MIG-b43d42d1-022f-5770-a25d-c0bea366ae4e,"18,74",
ampere,1,vgg16_image,4g,1,sample,44,8.343584060668945,,,MIG-b43d42d1-022f-5770-a25d-c0bea366ae4e,"18,74",
ampere,1,vgg16_image,4g,1,sample,45,8.358048439025879,,,MIG-b43d42d1-022f-5770-a25d-c0bea366ae4e,"18,74",
ampere,1,vgg16_image,4g,1,sample,46,9.99830436706543,,,MIG-b43d42d1-022f-5770-a25d-c0bea366ae4e,"18,74",
ampere,1,vgg16_image,4g,1,sample,47,8.349727630615234,,,MIG-b43d42d1-022f-5770-a25d-c0bea366ae4e,"18,74",
ampere,1,vgg16_image,4g,1,sample,48,8.377471923828125,,,MIG-b43d42d1-022f-5770-a25d-c0bea366ae4e,"18,74",
ampere,1,vgg16_image,4g,1,sample,49,8.367232322692871,,,MIG-b43d42d1-022f-5770-a25d-c0bea366ae4e,"18,74",
ampere,1,vgg16_image,4g,4,warmup,0,19.90345573425293,,,MIG-b43d42d1-022f-5770-a25d-c0bea366ae4e,"18,74",
ampere,1,vgg16_image,4g,4,warmup,1,10.197504043579102,,,MIG-b43d42d1-022f-5770-a25d-c0bea366ae4e,"18,74",
ampere,1,vgg16_image,4g,4,warmup,2,8.878144264221191,,,MIG-b43d42d1-022f-5770-a25d-c0bea366ae4e,"18,74",
ampere,1,vgg16_image,4g,4,warmup,3,8.664959907531738,,,MIG-b43d42d1-022f-5770-a25d-c0bea366ae4e,"18,74",
ampere,1,vgg16_image,4g,4,warmup,4,8.988032341003418,,,MIG-b43d42d1-022f-5770-a25d-c0bea366ae4e,"18,74",
ampere,1,vgg16_image,4g,4,warmup,5,10.336959838867188,,,MIG-b43d42d1-022f-5770-a25d-c0bea366ae4e,"18,74",
ampere,1,vgg16_image,4g,4,warmup,6,8.624799728393555,,,MIG-b43d42d1-022f-5770-a25d-c0bea366ae4e,"18,74",
ampere,1,vgg16_image,4g,4,warmup,7,9.063743591308594,,,MIG-b43d42d1-022f-5770-a25d-c0bea366ae4e,"18,74",
ampere,1,vgg16_image,4g,4,warmup,8,8.652159690856934,,,MIG-b43d42d1-022f-5770-a25d-c0bea366ae4e,"18,74",
ampere,1,vgg16_image,4g,4,warmup,9,8.639200210571289,,,MIG-b43d42d1-022f-5770-a25d-c0bea366ae4e,"18,74",
ampere,1,vgg16_image,4g,4,sample,0,9.210944175720215,,,MIG-b43d42d1-022f-5770-a25d-c0bea366ae4e,"18,74",
ampere,1,vgg16_image,4g,4,sample,1,10.153663635253906,,,MIG-b43d42d1-022f-5770-a25d-c0bea366ae4e,"18,74",
ampere,1,vgg16_image,4g,4,sample,2,8.634719848632812,,,MIG-b43d42d1-022f-5770-a25d-c0bea366ae4e,"18,74",
ampere,1,vgg16_image,4g,4,sample,3,8.655296325683594,,,MIG-b43d42d1-022f-5770-a25d-c0bea366ae4e,"18,74",
ampere,1,vgg16_image,4g,4,sample,4,8.690879821777344,,,MIG-b43d42d1-022f-5770-a25d-c0bea366ae4e,"18,74",
ampere,1,vgg16_image,4g,4,sample,5,8.64412784576416,,,MIG-b43d42d1-022f-5770-a25d-c0bea366ae4e,"18,74",
ampere,1,vgg16_image,4g,4,sample,6,9.126432418823242,,,MIG-b43d42d1-022f-5770-a25d-c0bea366ae4e,"18,74",
ampere,1,vgg16_image,4g,4,sample,7,8.646368026733398,,,MIG-b43d42d1-022f-5770-a25d-c0bea366ae4e,"18,74",
ampere,1,vgg16_image,4g,4,sample,8,8.6277437210083,,,MIG-b43d42d1-022f-5770-a25d-c0bea366ae4e,"18,74",
ampere,1,vgg16_image,4g,4,sample,9,8.662464141845703,,,MIG-b43d42d1-022f-5770-a25d-c0bea366ae4e,"18,74",
ampere,1,vgg16_image,4g,4,sample,10,8.631839752197266,,,MIG-b43d42d1-022f-5770-a25d-c0bea366ae4e,"18,74",
ampere,1,vgg16_image,4g,4,sample,11,8.656224250793457,,,MIG-b43d42d1-022f-5770-a25d-c0bea366ae4e,"18,74",
ampere,1,vgg16_image,4g,4,sample,12,8.625439643859863,,,MIG-b43d42d1-022f-5770-a25d-c0bea366ae4e,"18,74",
ampere,1,vgg16_image,4g,4,sample,13,8.624768257141113,,,MIG-b43d42d1-022f-5770-a25d-c0bea366ae4e,"18,74",
ampere,1,vgg16_image,4g,4,sample,14,9.869279861450195,,,MIG-b43d42d1-022f-5770-a25d-c0bea366ae4e,"18,74",
ampere,1,vgg16_image,4g,4,sample,15,9.13315200805664,,,MIG-b43d42d1-022f-5770-a25d-c0bea366ae4e,"18,74",
ampere,1,vgg16_image,4g,4,sample,16,8.619808197021484,,,MIG-b43d42d1-022f-5770-a25d-c0bea366ae4e,"18,74",
ampere,1,vgg16_image,4g,4,sample,17,8.618783950805664,,,MIG-b43d42d1-022f-5770-a25d-c0bea366ae4e,"18,74",
ampere,1,vgg16_image,4g,4,sample,18,8.630047798156738,,,MIG-b43d42d1-022f-5770-a25d-c0bea366ae4e,"18,74",
ampere,1,vgg16_image,4g,4,sample,19,9.641983985900879,,,MIG-b43d42d1-022f-5770-a25d-c0bea366ae4e,"18,74",
ampere,1,vgg16_image,4g,4,sample,20,9.920576095581055,,,MIG-b43d42d1-022f-5770-a25d-c0bea366ae4e,"18,74",
ampere,1,vgg16_image,4g,4,sample,21,8.622048377990723,,,MIG-b43d42d1-022f-5770-a25d-c0bea366ae4e,"18,74",
ampere,1,vgg16_image,4g,4,sample,22,8.641280174255371,,,MIG-b43d42d1-022f-5770-a25d-c0bea366ae4e,"18,74",
ampere,1,vgg16_image,4g,4,sample,23,8.635616302490234,,,MIG-b43d42d1-022f-5770-a25d-c0bea366ae4e,"18,74",
ampere,1,vgg16_image,4g,4,sample,24,8.823488235473633,,,MIG-b43d42d1-022f-5770-a25d-c0bea366ae4e,"18,74",
ampere,1,vgg16_image,4g,4,sample,25,8.608287811279297,,,MIG-b43d42d1-022f-5770-a25d-c0bea366ae4e,"18,74",
ampere,1,vgg16_image,4g,4,sample,26,8.654975891113281,,,MIG-b43d42d1-022f-5770-a25d-c0bea366ae4e,"18,74",
ampere,1,vgg16_image,4g,4,sample,27,8.636863708496094,,,MIG-b43d42d1-022f-5770-a25d-c0bea366ae4e,"18,74",
ampere,1,vgg16_image,4g,4,sample,28,8.630656242370605,,,MIG-b43d42d1-022f-5770-a25d-c0bea366ae4e,"18,74",
ampere,1,vgg16_image,4g,4,sample,29,8.62838363647461,,,MIG-b43d42d1-022f-5770-a25d-c0bea366ae4e,"18,74",
ampere,1,vgg16_image,4g,4,sample,30,8.636480331420898,,,MIG-b43d42d1-022f-5770-a25d-c0bea366ae4e,"18,74",
ampere,1,vgg16_image,4g,4,sample,31,8.661439895629883,,,MIG-b43d42d1-022f-5770-a25d-c0bea366ae4e,"18,74",
ampere,1,vgg16_image,4g,4,sample,32,8.636575698852539,,,MIG-b43d42d1-022f-5770-a25d-c0bea366ae4e,"18,74",
ampere,1,vgg16_image,4g,4,sample,33,8.623871803283691,,,MIG-b43d42d1-022f-5770-a25d-c0bea366ae4e,"18,74",
ampere,1,vgg16_image,4g,4,sample,34,8.622495651245117,,,MIG-b43d42d1-022f-5770-a25d-c0bea366ae4e,"18,74",
ampere,1,vgg16_image,4g,4,sample,35,8.623744010925293,,,MIG-b43d42d1-022f-5770-a25d-c0bea366ae4e,"18,74",
ampere,1,vgg16_image,4g,4,sample,36,8.605888366699219,,,MIG-b43d42d1-022f-5770-a25d-c0bea366ae4e,"18,74",
ampere,1,vgg16_image,4g,4,sample,37,8.6212158203125,,,MIG-b43d42d1-022f-5770-a25d-c0bea366ae4e,"18,74",
ampere,1,vgg16_image,4g,4,sample,38,8.615519523620605,,,MIG-b43d42d1-022f-5770-a25d-c0bea366ae4e,"18,74",
ampere,1,vgg16_image,4g,4,sample,39,8.646976470947266,,,MIG-b43d42d1-022f-5770-a25d-c0bea366ae4e,"18,74",
ampere,1,vgg16_image,4g,4,sample,40,10.251615524291992,,,MIG-b43d42d1-022f-5770-a25d-c0bea366ae4e,"18,74",
ampere,1,vgg16_image,4g,4,sample,41,14.815903663635254,,,MIG-b43d42d1-022f-5770-a25d-c0bea366ae4e,"18,74",
ampere,1,vgg16_image,4g,4,sample,42,8.625408172607422,,,MIG-b43d42d1-022f-5770-a25d-c0bea366ae4e,"18,74",
ampere,1,vgg16_image,4g,4,sample,43,8.611647605895996,,,MIG-b43d42d1-022f-5770-a25d-c0bea366ae4e,"18,74",
ampere,1,vgg16_image,4g,4,sample,44,8.602527618408203,,,MIG-b43d42d1-022f-5770-a25d-c0bea366ae4e,"18,74",
ampere,1,vgg16_image,4g,4,sample,45,8.684703826904297,,,MIG-b43d42d1-022f-5770-a25d-c0bea366ae4e,"18,74",
ampere,1,vgg16_image,4g,4,sample,46,8.650495529174805,,,MIG-b43d42d1-022f-5770-a25d-c0bea366ae4e,"18,74",
ampere,1,vgg16_image,4g,4,sample,47,8.614368438720703,,,MIG-b43d42d1-022f-5770-a25d-c0bea366ae4e,"18,74",
ampere,1,vgg16_image,4g,4,sample,48,8.656767845153809,,,MIG-b43d42d1-022f-5770-a25d-c0bea366ae4e,"18,74",
ampere,1,vgg16_image,4g,4,sample,49,8.626976013183594,,,MIG-b43d42d1-022f-5770-a25d-c0bea366ae4e,"18,74",
ampere,1,vgg16_image,4g,16,warmup,0,18.09552001953125,,,MIG-b43d42d1-022f-5770-a25d-c0bea366ae4e,"18,74",
ampere,1,vgg16_image,4g,16,warmup,1,17.649824142456055,,,MIG-b43d42d1-022f-5770-a25d-c0bea366ae4e,"18,74",
ampere,1,vgg16_image,4g,16,warmup,2,17.64227294921875,,,MIG-b43d42d1-022f-5770-a25d-c0bea366ae4e,"18,74",
ampere,1,vgg16_image,4g,16,warmup,3,17.740768432617188,,,MIG-b43d42d1-022f-5770-a25d-c0bea366ae4e,"18,74",
ampere,1,vgg16_image,4g,16,warmup,4,17.657855987548828,,,MIG-b43d42d1-022f-5770-a25d-c0bea366ae4e,"18,74",
ampere,1,vgg16_image,4g,16,warmup,5,17.643936157226562,,,MIG-b43d42d1-022f-5770-a25d-c0bea366ae4e,"18,74",
ampere,1,vgg16_image,4g,16,warmup,6,17.647743225097656,,,MIG-b43d42d1-022f-5770-a25d-c0bea366ae4e,"18,74",
ampere,1,vgg16_image,4g,16,warmup,7,17.687776565551758,,,MIG-b43d42d1-022f-5770-a25d-c0bea366ae4e,"18,74",
ampere,1,vgg16_image,4g,16,warmup,8,17.651872634887695,,,MIG-b43d42d1-022f-5770-a25d-c0bea366ae4e,"18,74",
ampere,1,vgg16_image,4g,16,warmup,9,17.67568016052246,,,MIG-b43d42d1-022f-5770-a25d-c0bea366ae4e,"18,74",
ampere,1,vgg16_image,4g,16,sample,0,17.749792098999023,,,MIG-b43d42d1-022f-5770-a25d-c0bea366ae4e,"18,74",
ampere,1,vgg16_image,4g,16,sample,1,17.70147132873535,,,MIG-b43d42d1-022f-5770-a25d-c0bea366ae4e,"18,74",
ampere,1,vgg16_image,4g,16,sample,2,17.720064163208008,,,MIG-b43d42d1-022f-5770-a25d-c0bea366ae4e,"18,74",
ampere,1,vgg16_image,4g,16,sample,3,17.70947265625,,,MIG-b43d42d1-022f-5770-a25d-c0bea366ae4e,"18,74",
ampere,1,vgg16_image,4g,16,sample,4,17.649791717529297,,,MIG-b43d42d1-022f-5770-a25d-c0bea366ae4e,"18,74",
ampere,1,vgg16_image,4g,16,sample,5,17.643680572509766,,,MIG-b43d42d1-022f-5770-a25d-c0bea366ae4e,"18,74",
ampere,1,vgg16_image,4g,16,sample,6,17.669248580932617,,,MIG-b43d42d1-022f-5770-a25d-c0bea366ae4e,"18,74",
ampere,1,vgg16_image,4g,16,sample,7,17.6694393157959,,,MIG-b43d42d1-022f-5770-a25d-c0bea366ae4e,"18,74",
ampere,1,vgg16_image,4g,16,sample,8,17.655071258544922,,,MIG-b43d42d1-022f-5770-a25d-c0bea366ae4e,"18,74",
ampere,1,vgg16_image,4g,16,sample,9,17.655168533325195,,,MIG-b43d42d1-022f-5770-a25d-c0bea366ae4e,"18,74",
ampere,1,vgg16_image,4g,16,sample,10,17.72774314880371,,,MIG-b43d42d1-022f-5770-a25d-c0bea366ae4e,"18,74",
ampere,1,vgg16_image,4g,16,sample,11,17.670495986938477,,,MIG-b43d42d1-022f-5770-a25d-c0bea366ae4e,"18,74",
ampere,1,vgg16_image,4g,16,sample,12,17.65679931640625,,,MIG-b43d42d1-022f-5770-a25d-c0bea366ae4e,"18,74",
ampere,1,vgg16_image,4g,16,sample,13,17.656768798828125,,,MIG-b43d42d1-022f-5770-a25d-c0bea366ae4e,"18,74",
ampere,1,vgg16_image,4g,16,sample,14,17.638015747070312,,,MIG-b43d42d1-022f-5770-a25d-c0bea366ae4e,"18,74",
ampere,1,vgg16_image,4g,16,sample,15,17.662336349487305,,,MIG-b43d42d1-022f-5770-a25d-c0bea366ae4e,"18,74",
ampere,1,vgg16_image,4g,16,sample,16,17.64828872680664,,,MIG-b43d42d1-022f-5770-a25d-c0bea366ae4e,"18,74",
ampere,1,vgg16_image,4g,16,sample,17,17.6562557220459,,,MIG-b43d42d1-022f-5770-a25d-c0bea366ae4e,"18,74",
ampere,1,vgg16_image,4g,16,sample,18,17.683008193969727,,,MIG-b43d42d1-022f-5770-a25d-c0bea366ae4e,"18,74",
ampere,1,vgg16_image,4g,16,sample,19,17.800928115844727,,,MIG-b43d42d1-022f-5770-a25d-c0bea366ae4e,"18,74",
ampere,1,vgg16_image,4g,16,sample,20,17.65350341796875,,,MIG-b43d42d1-022f-5770-a25d-c0bea366ae4e,"18,74",
ampere,1,vgg16_image,4g,16,sample,21,17.739519119262695,,,MIG-b43d42d1-022f-5770-a25d-c0bea366ae4e,"18,74",
ampere,1,vgg16_image,4g,16,sample,22,17.649568557739258,,,MIG-b43d42d1-022f-5770-a25d-c0bea366ae4e,"18,74",
ampere,1,vgg16_image,4g,16,sample,23,17.657407760620117,,,MIG-b43d42d1-022f-5770-a25d-c0bea366ae4e,"18,74",
ampere,1,vgg16_image,4g,16,sample,24,17.658912658691406,,,MIG-b43d42d1-022f-5770-a25d-c0bea366ae4e,"18,74",
ampere,1,vgg16_image,4g,16,sample,25,17.651744842529297,,,MIG-b43d42d1-022f-5770-a25d-c0bea366ae4e,"18,74",
ampere,1,vgg16_image,4g,16,sample,26,17.65590476989746,,,MIG-b43d42d1-022f-5770-a25d-c0bea366ae4e,"18,74",
ampere,1,vgg16_image,4g,16,sample,27,17.661951065063477,,,MIG-b43d42d1-022f-5770-a25d-c0bea366ae4e,"18,74",
ampere,1,vgg16_image,4g,16,sample,28,17.672128677368164,,,MIG-b43d42d1-022f-5770-a25d-c0bea366ae4e,"18,74",
ampere,1,vgg16_image,4g,16,sample,29,17.659040451049805,,,MIG-b43d42d1-022f-5770-a25d-c0bea366ae4e,"18,74",
ampere,1,vgg16_image,4g,16,sample,30,17.661888122558594,,,MIG-b43d42d1-022f-5770-a25d-c0bea366ae4e,"18,74",
ampere,1,vgg16_image,4g,16,sample,31,17.679712295532227,,,MIG-b43d42d1-022f-5770-a25d-c0bea366ae4e,"18,74",
ampere,1,vgg16_image,4g,16,sample,32,17.650848388671875,,,MIG-b43d42d1-022f-5770-a25d-c0bea366ae4e,"18,74",
ampere,1,vgg16_image,4g,16,sample,33,17.750112533569336,,,MIG-b43d42d1-022f-5770-a25d-c0bea366ae4e,"18,74",
ampere,1,vgg16_image,4g,16,sample,34,17.646207809448242,,,MIG-b43d42d1-022f-5770-a25d-c0bea366ae4e,"18,74",
ampere,1,vgg16_image,4g,16,sample,35,17.65635108947754,,,MIG-b43d42d1-022f-5770-a25d-c0bea366ae4e,"18,74",
ampere,1,vgg16_image,4g,16,sample,36,17.646080017089844,,,MIG-b43d42d1-022f-5770-a25d-c0bea366ae4e,"18,74",
ampere,1,vgg16_image,4g,16,sample,37,17.66223907470703,,,MIG-b43d42d1-022f-5770-a25d-c0bea366ae4e,"18,74",
ampere,1,vgg16_image,4g,16,sample,38,17.648191452026367,,,MIG-b43d42d1-022f-5770-a25d-c0bea366ae4e,"18,74",
ampere,1,vgg16_image,4g,16,sample,39,17.66192054748535,,,MIG-b43d42d1-022f-5770-a25d-c0bea366ae4e,"18,74",
ampere,1,vgg16_image,4g,16,sample,40,17.667648315429688,,,MIG-b43d42d1-022f-5770-a25d-c0bea366ae4e,"18,74",
ampere,1,vgg16_image,4g,16,sample,41,17.666431427001953,,,MIG-b43d42d1-022f-5770-a25d-c0bea366ae4e,"18,74",
ampere,1,vgg16_image,4g,16,sample,42,17.66383934020996,,,MIG-b43d42d1-022f-5770-a25d-c0bea366ae4e,"18,74",
ampere,1,vgg16_image,4g,16,sample,43,17.68294334411621,,,MIG-b43d42d1-022f-5770-a25d-c0bea366ae4e,"18,74",
ampere,1,vgg16_image,4g,16,sample,44,17.66646385192871,,,MIG-b43d42d1-022f-5770-a25d-c0bea366ae4e,"18,74",
ampere,1,vgg16_image,4g,16,sample,45,17.652767181396484,,,MIG-b43d42d1-022f-5770-a25d-c0bea366ae4e,"18,74",
ampere,1,vgg16_image,4g,16,sample,46,17.659360885620117,,,MIG-b43d42d1-022f-5770-a25d-c0bea366ae4e,"18,74",
ampere,1,vgg16_image,4g,16,sample,47,17.67510414123535,,,MIG-b43d42d1-022f-5770-a25d-c0bea366ae4e,"18,74",
ampere,1,vgg16_image,4g,16,sample,48,17.687583923339844,,,MIG-b43d42d1-022f-5770-a25d-c0bea366ae4e,"18,74",
ampere,1,vgg16_image,4g,16,sample,49,17.92803192138672,,,MIG-b43d42d1-022f-5770-a25d-c0bea366ae4e,"18,74",
ampere,1,vgg16_image,4g,32,warmup,0,33.8636474609375,,,MIG-b43d42d1-022f-5770-a25d-c0bea366ae4e,"18,74",
ampere,1,vgg16_image,4g,32,warmup,1,33.388160705566406,,,MIG-b43d42d1-022f-5770-a25d-c0bea366ae4e,"18,74",
ampere,1,vgg16_image,4g,32,warmup,2,33.31260681152344,,,MIG-b43d42d1-022f-5770-a25d-c0bea366ae4e,"18,74",
ampere,1,vgg16_image,4g,32,warmup,3,33.46905517578125,,,MIG-b43d42d1-022f-5770-a25d-c0bea366ae4e,"18,74",
ampere,1,vgg16_image,4g,32,warmup,4,33.59660720825195,,,MIG-b43d42d1-022f-5770-a25d-c0bea366ae4e,"18,74",
ampere,1,vgg16_image,4g,32,warmup,5,33.45808029174805,,,MIG-b43d42d1-022f-5770-a25d-c0bea366ae4e,"18,74",
ampere,1,vgg16_image,4g,32,warmup,6,33.45830535888672,,,MIG-b43d42d1-022f-5770-a25d-c0bea366ae4e,"18,74",
ampere,1,vgg16_image,4g,32,warmup,7,33.47590255737305,,,MIG-b43d42d1-022f-5770-a25d-c0bea366ae4e,"18,74",
ampere,1,vgg16_image,4g,32,warmup,8,33.4463996887207,,,MIG-b43d42d1-022f-5770-a25d-c0bea366ae4e,"18,74",
ampere,1,vgg16_image,4g,32,warmup,9,33.471649169921875,,,MIG-b43d42d1-022f-5770-a25d-c0bea366ae4e,"18,74",
ampere,1,vgg16_image,4g,32,sample,0,33.50288009643555,,,MIG-b43d42d1-022f-5770-a25d-c0bea366ae4e,"18,74",
ampere,1,vgg16_image,4g,32,sample,1,33.7086067199707,,,MIG-b43d42d1-022f-5770-a25d-c0bea366ae4e,"18,74",
ampere,1,vgg16_image,4g,32,sample,2,33.474143981933594,,,MIG-b43d42d1-022f-5770-a25d-c0bea366ae4e,"18,74",
ampere,1,vgg16_image,4g,32,sample,3,33.509727478027344,,,MIG-b43d42d1-022f-5770-a25d-c0bea366ae4e,"18,74",
ampere,1,vgg16_image,4g,32,sample,4,33.4697265625,,,MIG-b43d42d1-022f-5770-a25d-c0bea366ae4e,"18,74",
ampere,1,vgg16_image,4g,32,sample,5,33.46828842163086,,,MIG-b43d42d1-022f-5770-a25d-c0bea366ae4e,"18,74",
ampere,1,vgg16_image,4g,32,sample,6,33.569950103759766,,,MIG-b43d42d1-022f-5770-a25d-c0bea366ae4e,"18,74",
ampere,1,vgg16_image,4g,32,sample,7,33.58863830566406,,,MIG-b43d42d1-022f-5770-a25d-c0bea366ae4e,"18,74",
ampere,1,vgg16_image,4g,32,sample,8,33.57408142089844,,,MIG-b43d42d1-022f-5770-a25d-c0bea366ae4e,"18,74",
ampere,1,vgg16_image,4g,32,sample,9,33.62406539916992,,,MIG-b43d42d1-022f-5770-a25d-c0bea366ae4e,"18,74",
ampere,1,vgg16_image,4g,32,sample,10,33.514366149902344,,,MIG-b43d42d1-022f-5770-a25d-c0bea366ae4e,"18,74",
ampere,1,vgg16_image,4g,32,sample,11,33.53433609008789,,,MIG-b43d42d1-022f-5770-a25d-c0bea366ae4e,"18,74",
ampere,1,vgg16_image,4g,32,sample,12,33.625022888183594,,,MIG-b43d42d1-022f-5770-a25d-c0bea366ae4e,"18,74",
ampere,1,vgg16_image,4g,32,sample,13,33.585121154785156,,,MIG-b43d42d1-022f-5770-a25d-c0bea366ae4e,"18,74",
ampere,1,vgg16_image,4g,32,sample,14,33.538719177246094,,,MIG-b43d42d1-022f-5770-a25d-c0bea366ae4e,"18,74",
ampere,1,vgg16_image,4g,32,sample,15,33.471553802490234,,,MIG-b43d42d1-022f-5770-a25d-c0bea366ae4e,"18,74",
ampere,1,vgg16_image,4g,32,sample,16,33.29276657104492,,,MIG-b43d42d1-022f-5770-a25d-c0bea366ae4e,"18,74",
ampere,1,vgg16_image,4g,32,sample,17,33.34988784790039,,,MIG-b43d42d1-022f-5770-a25d-c0bea366ae4e,"18,74",
ampere,1,vgg16_image,4g,32,sample,18,33.347198486328125,,,MIG-b43d42d1-022f-5770-a25d-c0bea366ae4e,"18,74",
ampere,1,vgg16_image,4g,32,sample,19,33.349342346191406,,,MIG-b43d42d1-022f-5770-a25d-c0bea366ae4e,"18,74",
ampere,1,vgg16_image,4g,32,sample,20,33.284095764160156,,,MIG-b43d42d1-022f-5770-a25d-c0bea366ae4e,"18,74",
ampere,1,vgg16_image,4g,32,sample,21,33.35408020019531,,,MIG-b43d42d1-022f-5770-a25d-c0bea366ae4e,"18,74",
ampere,1,vgg16_image,4g,32,sample,22,33.29337692260742,,,MIG-b43d42d1-022f-5770-a25d-c0bea366ae4e,"18,74",
ampere,1,vgg16_image,4g,32,sample,23,33.46080017089844,,,MIG-b43d42d1-022f-5770-a25d-c0bea366ae4e,"18,74",
ampere,1,vgg16_image,4g,32,sample,24,33.31011199951172,,,MIG-b43d42d1-022f-5770-a25d-c0bea366ae4e,"18,74",
ampere,1,vgg16_image,4g,32,sample,25,33.315616607666016,,,MIG-b43d42d1-022f-5770-a25d-c0bea366ae4e,"18,74",
ampere,1,vgg16_image,4g,32,sample,26,33.28803253173828,,,MIG-b43d42d1-022f-5770-a25d-c0bea366ae4e,"18,74",
ampere,1,vgg16_image,4g,32,sample,27,33.27097702026367,,,MIG-b43d42d1-022f-5770-a25d-c0bea366ae4e,"18,74",
ampere,1,vgg16_image,4g,32,sample,28,33.52928161621094,,,MIG-b43d42d1-022f-5770-a25d-c0bea366ae4e,"18,74",
ampere,1,vgg16_image,4g,32,sample,29,33.28623962402344,,,MIG-b43d42d1-022f-5770-a25d-c0bea366ae4e,"18,74",
ampere,1,vgg16_image,4g,32,sample,30,33.3034553527832,,,MIG-b43d42d1-022f-5770-a25d-c0bea366ae4e,"18,74",
ampere,1,vgg16_image,4g,32,sample,31,33.283905029296875,,,MIG-b43d42d1-022f-5770-a25d-c0bea366ae4e,"18,74",
ampere,1,vgg16_image,4g,32,sample,32,33.40707015991211,,,MIG-b43d42d1-022f-5770-a25d-c0bea366ae4e,"18,74",
ampere,1,vgg16_image,4g,32,sample,33,33.304927825927734,,,MIG-b43d42d1-022f-5770-a25d-c0bea366ae4e,"18,74",
ampere,1,vgg16_image,4g,32,sample,34,33.29123306274414,,,MIG-b43d42d1-022f-5770-a25d-c0bea366ae4e,"18,74",
ampere,1,vgg16_image,4g,32,sample,35,33.301055908203125,,,MIG-b43d42d1-022f-5770-a25d-c0bea366ae4e,"18,74",
ampere,1,vgg16_image,4g,32,sample,36,33.31452941894531,,,MIG-b43d42d1-022f-5770-a25d-c0bea366ae4e,"18,74",
ampere,1,vgg16_image,4g,32,sample,37,33.44220733642578,,,MIG-b43d42d1-022f-5770-a25d-c0bea366ae4e,"18,74",
ampere,1,vgg16_image,4g,32,sample,38,33.30467224121094,,,MIG-b43d42d1-022f-5770-a25d-c0bea366ae4e,"18,74",
ampere,1,vgg16_image,4g,32,sample,39,33.28643035888672,,,MIG-b43d42d1-022f-5770-a25d-c0bea366ae4e,"18,74",
ampere,1,vgg16_image,4g,32,sample,40,33.28278350830078,,,MIG-b43d42d1-022f-5770-a25d-c0bea366ae4e,"18,74",
ampere,1,vgg16_image,4g,32,sample,41,33.298561096191406,,,MIG-b43d42d1-022f-5770-a25d-c0bea366ae4e,"18,74",
ampere,1,vgg16_image,4g,32,sample,42,33.29052734375,,,MIG-b43d42d1-022f-5770-a25d-c0bea366ae4e,"18,74",
ampere,1,vgg16_image,4g,32,sample,43,33.42515182495117,,,MIG-b43d42d1-022f-5770-a25d-c0bea366ae4e,"18,74",
ampere,1,vgg16_image,4g,32,sample,44,33.28188705444336,,,MIG-b43d42d1-022f-5770-a25d-c0bea366ae4e,"18,74",
ampere,1,vgg16_image,4g,32,sample,45,33.34755325317383,,,MIG-b43d42d1-022f-5770-a25d-c0bea366ae4e,"18,74",
ampere,1,vgg16_image,4g,32,sample,46,33.27609634399414,,,MIG-b43d42d1-022f-5770-a25d-c0bea366ae4e,"18,74",
ampere,1,vgg16_image,4g,32,sample,47,33.36771011352539,,,MIG-b43d42d1-022f-5770-a25d-c0bea366ae4e,"18,74",
ampere,1,vgg16_image,4g,32,sample,48,33.532894134521484,,,MIG-b43d42d1-022f-5770-a25d-c0bea366ae4e,"18,74",
ampere,1,vgg16_image,4g,32,sample,49,33.52016067504883,,,MIG-b43d42d1-022f-5770-a25d-c0bea366ae4e,"18,74",
ampere,1,vgg16_image,4g,64,warmup,0,65.94188690185547,,,MIG-b43d42d1-022f-5770-a25d-c0bea366ae4e,"18,74",
ampere,1,vgg16_image,4g,64,warmup,1,65.82332611083984,,,MIG-b43d42d1-022f-5770-a25d-c0bea366ae4e,"18,74",
ampere,1,vgg16_image,4g,64,warmup,2,65.5712661743164,,,MIG-b43d42d1-022f-5770-a25d-c0bea366ae4e,"18,74",
ampere,1,vgg16_image,4g,64,warmup,3,65.63225555419922,,,MIG-b43d42d1-022f-5770-a25d-c0bea366ae4e,"18,74",
ampere,1,vgg16_image,4g,64,warmup,4,65.9625244140625,,,MIG-b43d42d1-022f-5770-a25d-c0bea366ae4e,"18,74",
ampere,1,vgg16_image,4g,64,warmup,5,65.823486328125,,,MIG-b43d42d1-022f-5770-a25d-c0bea366ae4e,"18,74",
ampere,1,vgg16_image,4g,64,warmup,6,65.99577331542969,,,MIG-b43d42d1-022f-5770-a25d-c0bea366ae4e,"18,74",
ampere,1,vgg16_image,4g,64,warmup,7,65.52674865722656,,,MIG-b43d42d1-022f-5770-a25d-c0bea366ae4e,"18,74",
ampere,1,vgg16_image,4g,64,warmup,8,65.72697448730469,,,MIG-b43d42d1-022f-5770-a25d-c0bea366ae4e,"18,74",
ampere,1,vgg16_image,4g,64,warmup,9,65.75788879394531,,,MIG-b43d42d1-022f-5770-a25d-c0bea366ae4e,"18,74",
ampere,1,vgg16_image,4g,64,sample,0,65.74463653564453,,,MIG-b43d42d1-022f-5770-a25d-c0bea366ae4e,"18,74",
ampere,1,vgg16_image,4g,64,sample,1,65.8438720703125,,,MIG-b43d42d1-022f-5770-a25d-c0bea366ae4e,"18,74",
ampere,1,vgg16_image,4g,64,sample,2,65.60681915283203,,,MIG-b43d42d1-022f-5770-a25d-c0bea366ae4e,"18,74",
ampere,1,vgg16_image,4g,64,sample,3,65.89987182617188,,,MIG-b43d42d1-022f-5770-a25d-c0bea366ae4e,"18,74",
ampere,1,vgg16_image,4g,64,sample,4,65.51026916503906,,,MIG-b43d42d1-022f-5770-a25d-c0bea366ae4e,"18,74",
ampere,1,vgg16_image,4g,64,sample,5,65.61167907714844,,,MIG-b43d42d1-022f-5770-a25d-c0bea366ae4e,"18,74",
ampere,1,vgg16_image,4g,64,sample,6,66.1435546875,,,MIG-b43d42d1-022f-5770-a25d-c0bea366ae4e,"18,74",
ampere,1,vgg16_image,4g,64,sample,7,65.6792984008789,,,MIG-b43d42d1-022f-5770-a25d-c0bea366ae4e,"18,74",
ampere,1,vgg16_image,4g,64,sample,8,65.63756561279297,,,MIG-b43d42d1-022f-5770-a25d-c0bea366ae4e,"18,74",
ampere,1,vgg16_image,4g,64,sample,9,65.63699340820312,,,MIG-b43d42d1-022f-5770-a25d-c0bea366ae4e,"18,74",
ampere,1,vgg16_image,4g,64,sample,10,65.89017486572266,,,MIG-b43d42d1-022f-5770-a25d-c0bea366ae4e,"18,74",
ampere,1,vgg16_image,4g,64,sample,11,65.84230041503906,,,MIG-b43d42d1-022f-5770-a25d-c0bea366ae4e,"18,74",
ampere,1,vgg16_image,4g,64,sample,12,65.86323547363281,,,MIG-b43d42d1-022f-5770-a25d-c0bea366ae4e,"18,74",
ampere,1,vgg16_image,4g,64,sample,13,65.67833709716797,,,MIG-b43d42d1-022f-5770-a25d-c0bea366ae4e,"18,74",
ampere,1,vgg16_image,4g,64,sample,14,65.49110412597656,,,MIG-b43d42d1-022f-5770-a25d-c0bea366ae4e,"18,74",
ampere,1,vgg16_image,4g,64,sample,15,65.8388442993164,,,MIG-b43d42d1-022f-5770-a25d-c0bea366ae4e,"18,74",
ampere,1,vgg16_image,4g,64,sample,16,65.54313659667969,,,MIG-b43d42d1-022f-5770-a25d-c0bea366ae4e,"18,74",
ampere,1,vgg16_image,4g,64,sample,17,65.50057220458984,,,MIG-b43d42d1-022f-5770-a25d-c0bea366ae4e,"18,74",
ampere,1,vgg16_image,4g,64,sample,18,65.94767761230469,,,MIG-b43d42d1-022f-5770-a25d-c0bea366ae4e,"18,74",
ampere,1,vgg16_image,4g,64,sample,19,65.73388671875,,,MIG-b43d42d1-022f-5770-a25d-c0bea366ae4e,"18,74",
ampere,1,vgg16_image,4g,64,sample,20,65.83020782470703,,,MIG-b43d42d1-022f-5770-a25d-c0bea366ae4e,"18,74",
ampere,1,vgg16_image,4g,64,sample,21,65.51580810546875,,,MIG-b43d42d1-022f-5770-a25d-c0bea366ae4e,"18,74",
ampere,1,vgg16_image,4g,64,sample,22,65.52095794677734,,,MIG-b43d42d1-022f-5770-a25d-c0bea366ae4e,"18,74",
ampere,1,vgg16_image,4g,64,sample,23,65.99120330810547,,,MIG-b43d42d1-022f-5770-a25d-c0bea366ae4e,"18,74",
ampere,1,vgg16_image,4g,64,sample,24,65.57901000976562,,,MIG-b43d42d1-022f-5770-a25d-c0bea366ae4e,"18,74",
ampere,1,vgg16_image,4g,64,sample,25,65.68390655517578,,,MIG-b43d42d1-022f-5770-a25d-c0bea366ae4e,"18,74",
ampere,1,vgg16_image,4g,64,sample,26,65.46281433105469,,,MIG-b43d42d1-022f-5770-a25d-c0bea366ae4e,"18,74",
ampere,1,vgg16_image,4g,64,sample,27,65.93309020996094,,,MIG-b43d42d1-022f-5770-a25d-c0bea366ae4e,"18,74",
ampere,1,vgg16_image,4g,64,sample,28,65.79142761230469,,,MIG-b43d42d1-022f-5770-a25d-c0bea366ae4e,"18,74",
ampere,1,vgg16_image,4g,64,sample,29,65.67279815673828,,,MIG-b43d42d1-022f-5770-a25d-c0bea366ae4e,"18,74",
ampere,1,vgg16_image,4g,64,sample,30,65.61203002929688,,,MIG-b43d42d1-022f-5770-a25d-c0bea366ae4e,"18,74",
ampere,1,vgg16_image,4g,64,sample,31,65.58592224121094,,,MIG-b43d42d1-022f-5770-a25d-c0bea366ae4e,"18,74",
ampere,1,vgg16_image,4g,64,sample,32,65.80998229980469,,,MIG-b43d42d1-022f-5770-a25d-c0bea366ae4e,"18,74",
ampere,1,vgg16_image,4g,64,sample,33,65.55276489257812,,,MIG-b43d42d1-022f-5770-a25d-c0bea366ae4e,"18,74",
ampere,1,vgg16_image,4g,64,sample,34,65.60758209228516,,,MIG-b43d42d1-022f-5770-a25d-c0bea366ae4e,"18,74",
ampere,1,vgg16_image,4g,64,sample,35,65.84233856201172,,,MIG-b43d42d1-022f-5770-a25d-c0bea366ae4e,"18,74",
ampere,1,vgg16_image,4g,64,sample,36,65.6275863647461,,,MIG-b43d42d1-022f-5770-a25d-c0bea366ae4e,"18,74",
ampere,1,vgg16_image,4g,64,sample,37,65.86016082763672,,,MIG-b43d42d1-022f-5770-a25d-c0bea366ae4e,"18,74",
ampere,1,vgg16_image,4g,64,sample,38,65.81561279296875,,,MIG-b43d42d1-022f-5770-a25d-c0bea366ae4e,"18,74",
ampere,1,vgg16_image,4g,64,sample,39,65.9332504272461,,,MIG-b43d42d1-022f-5770-a25d-c0bea366ae4e,"18,74",
ampere,1,vgg16_image,4g,64,sample,40,65.56073760986328,,,MIG-b43d42d1-022f-5770-a25d-c0bea366ae4e,"18,74",
ampere,1,vgg16_image,4g,64,sample,41,65.78192138671875,,,MIG-b43d42d1-022f-5770-a25d-c0bea366ae4e,"18,74",
ampere,1,vgg16_image,4g,64,sample,42,65.67990112304688,,,MIG-b43d42d1-022f-5770-a25d-c0bea366ae4e,"18,74",
ampere,1,vgg16_image,4g,64,sample,43,65.627197265625,,,MIG-b43d42d1-022f-5770-a25d-c0bea366ae4e,"18,74",
ampere,1,vgg16_image,4g,64,sample,44,65.96934509277344,,,MIG-b43d42d1-022f-5770-a25d-c0bea366ae4e,"18,74",
ampere,1,vgg16_image,4g,64,sample,45,65.60963439941406,,,MIG-b43d42d1-022f-5770-a25d-c0bea366ae4e,"18,74",
ampere,1,vgg16_image,4g,64,sample,46,65.91129302978516,,,MIG-b43d42d1-022f-5770-a25d-c0bea366ae4e,"18,74",
ampere,1,vgg16_image,4g,64,sample,47,65.85104370117188,,,MIG-b43d42d1-022f-5770-a25d-c0bea366ae4e,"18,74",
ampere,1,vgg16_image,4g,64,sample,48,65.7383041381836,,,MIG-b43d42d1-022f-5770-a25d-c0bea366ae4e,"18,74",
ampere,1,vgg16_image,4g,64,sample,49,66.0495376586914,,,MIG-b43d42d1-022f-5770-a25d-c0bea366ae4e,"18,74",
ampere,1,vit_base_image,4g,1,warmup,0,13.642208099365234,,,MIG-b43d42d1-022f-5770-a25d-c0bea366ae4e,"18,74",
ampere,1,vit_base_image,4g,1,warmup,1,6.795872211456299,,,MIG-b43d42d1-022f-5770-a25d-c0bea366ae4e,"18,74",
ampere,1,vit_base_image,4g,1,warmup,2,6.73967981338501,,,MIG-b43d42d1-022f-5770-a25d-c0bea366ae4e,"18,74",
ampere,1,vit_base_image,4g,1,warmup,3,6.616511821746826,,,MIG-b43d42d1-022f-5770-a25d-c0bea366ae4e,"18,74",
ampere,1,vit_base_image,4g,1,warmup,4,6.610367774963379,,,MIG-b43d42d1-022f-5770-a25d-c0bea366ae4e,"18,74",
ampere,1,vit_base_image,4g,1,warmup,5,6.616703987121582,,,MIG-b43d42d1-022f-5770-a25d-c0bea366ae4e,"18,74",
ampere,1,vit_base_image,4g,1,warmup,6,6.633024215698242,,,MIG-b43d42d1-022f-5770-a25d-c0bea366ae4e,"18,74",
ampere,1,vit_base_image,4g,1,warmup,7,6.604640007019043,,,MIG-b43d42d1-022f-5770-a25d-c0bea366ae4e,"18,74",
ampere,1,vit_base_image,4g,1,warmup,8,6.600192070007324,,,MIG-b43d42d1-022f-5770-a25d-c0bea366ae4e,"18,74",
ampere,1,vit_base_image,4g,1,warmup,9,6.603456020355225,,,MIG-b43d42d1-022f-5770-a25d-c0bea366ae4e,"18,74",
ampere,1,vit_base_image,4g,1,sample,0,6.607583999633789,,,MIG-b43d42d1-022f-5770-a25d-c0bea366ae4e,"18,74",
ampere,1,vit_base_image,4g,1,sample,1,6.602784156799316,,,MIG-b43d42d1-022f-5770-a25d-c0bea366ae4e,"18,74",
ampere,1,vit_base_image,4g,1,sample,2,6.604703903198242,,,MIG-b43d42d1-022f-5770-a25d-c0bea366ae4e,"18,74",
ampere,1,vit_base_image,4g,1,sample,3,6.605343818664551,,,MIG-b43d42d1-022f-5770-a25d-c0bea366ae4e,"18,74",
ampere,1,vit_base_image,4g,1,sample,4,6.6023359298706055,,,MIG-b43d42d1-022f-5770-a25d-c0bea366ae4e,"18,74",
ampere,1,vit_base_image,4g,1,sample,5,6.6179518699646,,,MIG-b43d42d1-022f-5770-a25d-c0bea366ae4e,"18,74",
ampere,1,vit_base_image,4g,1,sample,6,6.60972785949707,,,MIG-b43d42d1-022f-5770-a25d-c0bea366ae4e,"18,74",
ampere,1,vit_base_image,4g,1,sample,7,7.238175868988037,,,MIG-b43d42d1-022f-5770-a25d-c0bea366ae4e,"18,74",
ampere,1,vit_base_image,4g,1,sample,8,6.624415874481201,,,MIG-b43d42d1-022f-5770-a25d-c0bea366ae4e,"18,74",
ampere,1,vit_base_image,4g,1,sample,9,6.620639801025391,,,MIG-b43d42d1-022f-5770-a25d-c0bea366ae4e,"18,74",
ampere,1,vit_base_image,4g,1,sample,10,6.627007961273193,,,MIG-b43d42d1-022f-5770-a25d-c0bea366ae4e,"18,74",
ampere,1,vit_base_image,4g,1,sample,11,6.606912136077881,,,MIG-b43d42d1-022f-5770-a25d-c0bea366ae4e,"18,74",
ampere,1,vit_base_image,4g,1,sample,12,6.617983818054199,,,MIG-b43d42d1-022f-5770-a25d-c0bea366ae4e,"18,74",
ampere,1,vit_base_image,4g,1,sample,13,6.688255786895752,,,MIG-b43d42d1-022f-5770-a25d-c0bea366ae4e,"18,74",
ampere,1,vit_base_image,4g,1,sample,14,6.7314558029174805,,,MIG-b43d42d1-022f-5770-a25d-c0bea366ae4e,"18,74",
ampere,1,vit_base_image,4g,1,sample,15,6.599711894989014,,,MIG-b43d42d1-022f-5770-a25d-c0bea366ae4e,"18,74",
ampere,1,vit_base_image,4g,1,sample,16,6.8130879402160645,,,MIG-b43d42d1-022f-5770-a25d-c0bea366ae4e,"18,74",
ampere,1,vit_base_image,4g,1,sample,17,6.655551910400391,,,MIG-b43d42d1-022f-5770-a25d-c0bea366ae4e,"18,74",
ampere,1,vit_base_image,4g,1,sample,18,6.602240085601807,,,MIG-b43d42d1-022f-5770-a25d-c0bea366ae4e,"18,74",
ampere,1,vit_base_image,4g,1,sample,19,6.599008083343506,,,MIG-b43d42d1-022f-5770-a25d-c0bea366ae4e,"18,74",
ampere,1,vit_base_image,4g,1,sample,20,6.6038079261779785,,,MIG-b43d42d1-022f-5770-a25d-c0bea366ae4e,"18,74",
ampere,1,vit_base_image,4g,1,sample,21,6.622111797332764,,,MIG-b43d42d1-022f-5770-a25d-c0bea366ae4e,"18,74",
ampere,1,vit_base_image,4g,1,sample,22,6.686528205871582,,,MIG-b43d42d1-022f-5770-a25d-c0bea366ae4e,"18,74",
ampere,1,vit_base_image,4g,1,sample,23,6.599487781524658,,,MIG-b43d42d1-022f-5770-a25d-c0bea366ae4e,"18,74",
ampere,1,vit_base_image,4g,1,sample,24,6.6184000968933105,,,MIG-b43d42d1-022f-5770-a25d-c0bea366ae4e,"18,74",
ampere,1,vit_base_image,4g,1,sample,25,6.766047954559326,,,MIG-b43d42d1-022f-5770-a25d-c0bea366ae4e,"18,74",
ampere,1,vit_base_image,4g,1,sample,26,6.600800037384033,,,MIG-b43d42d1-022f-5770-a25d-c0bea366ae4e,"18,74",
ampere,1,vit_base_image,4g,1,sample,27,6.613215923309326,,,MIG-b43d42d1-022f-5770-a25d-c0bea366ae4e,"18,74",
ampere,1,vit_base_image,4g,1,sample,28,6.605472087860107,,,MIG-b43d42d1-022f-5770-a25d-c0bea366ae4e,"18,74",
ampere,1,vit_base_image,4g,1,sample,29,6.665952205657959,,,MIG-b43d42d1-022f-5770-a25d-c0bea366ae4e,"18,74",
ampere,1,vit_base_image,4g,1,sample,30,6.596288204193115,,,MIG-b43d42d1-022f-5770-a25d-c0bea366ae4e,"18,74",
ampere,1,vit_base_image,4g,1,sample,31,6.632351875305176,,,MIG-b43d42d1-022f-5770-a25d-c0bea366ae4e,"18,74",
ampere,1,vit_base_image,4g,1,sample,32,6.900191783905029,,,MIG-b43d42d1-022f-5770-a25d-c0bea366ae4e,"18,74",
ampere,1,vit_base_image,4g,1,sample,33,6.604767799377441,,,MIG-b43d42d1-022f-5770-a25d-c0bea366ae4e,"18,74",
ampere,1,vit_base_image,4g,1,sample,34,6.655200004577637,,,MIG-b43d42d1-022f-5770-a25d-c0bea366ae4e,"18,74",
ampere,1,vit_base_image,4g,1,sample,35,6.729824066162109,,,MIG-b43d42d1-022f-5770-a25d-c0bea366ae4e,"18,74",
ampere,1,vit_base_image,4g,1,sample,36,6.611199855804443,,,MIG-b43d42d1-022f-5770-a25d-c0bea366ae4e,"18,74",
ampere,1,vit_base_image,4g,1,sample,37,6.608160018920898,,,MIG-b43d42d1-022f-5770-a25d-c0bea366ae4e,"18,74",
ampere,1,vit_base_image,4g,1,sample,38,6.610623836517334,,,MIG-b43d42d1-022f-5770-a25d-c0bea366ae4e,"18,74",
ampere,1,vit_base_image,4g,1,sample,39,6.7236480712890625,,,MIG-b43d42d1-022f-5770-a25d-c0bea366ae4e,"18,74",
ampere,1,vit_base_image,4g,1,sample,40,6.683296203613281,,,MIG-b43d42d1-022f-5770-a25d-c0bea366ae4e,"18,74",
ampere,1,vit_base_image,4g,1,sample,41,6.600736141204834,,,MIG-b43d42d1-022f-5770-a25d-c0bea366ae4e,"18,74",
ampere,1,vit_base_image,4g,1,sample,42,6.607232093811035,,,MIG-b43d42d1-022f-5770-a25d-c0bea366ae4e,"18,74",
ampere,1,vit_base_image,4g,1,sample,43,6.605088233947754,,,MIG-b43d42d1-022f-5770-a25d-c0bea366ae4e,"18,74",
ampere,1,vit_base_image,4g,1,sample,44,6.601920127868652,,,MIG-b43d42d1-022f-5770-a25d-c0bea366ae4e,"18,74",
ampere,1,vit_base_image,4g,1,sample,45,6.641664028167725,,,MIG-b43d42d1-022f-5770-a25d-c0bea366ae4e,"18,74",
ampere,1,vit_base_image,4g,1,sample,46,6.685408115386963,,,MIG-b43d42d1-022f-5770-a25d-c0bea366ae4e,"18,74",
ampere,1,vit_base_image,4g,1,sample,47,6.601856231689453,,,MIG-b43d42d1-022f-5770-a25d-c0bea366ae4e,"18,74",
ampere,1,vit_base_image,4g,1,sample,48,6.610591888427734,,,MIG-b43d42d1-022f-5770-a25d-c0bea366ae4e,"18,74",
ampere,1,vit_base_image,4g,1,sample,49,6.762080192565918,,,MIG-b43d42d1-022f-5770-a25d-c0bea366ae4e,"18,74",
ampere,1,vit_base_image,4g,4,warmup,0,30.658464431762695,,,MIG-b43d42d1-022f-5770-a25d-c0bea366ae4e,"18,74",
ampere,1,vit_base_image,4g,4,warmup,1,19.58028793334961,,,MIG-b43d42d1-022f-5770-a25d-c0bea366ae4e,"18,74",
ampere,1,vit_base_image,4g,4,warmup,2,19.488704681396484,,,MIG-b43d42d1-022f-5770-a25d-c0bea366ae4e,"18,74",
ampere,1,vit_base_image,4g,4,warmup,3,19.553312301635742,,,MIG-b43d42d1-022f-5770-a25d-c0bea366ae4e,"18,74",
ampere,1,vit_base_image,4g,4,warmup,4,19.475936889648438,,,MIG-b43d42d1-022f-5770-a25d-c0bea366ae4e,"18,74",
ampere,1,vit_base_image,4g,4,warmup,5,19.467647552490234,,,MIG-b43d42d1-022f-5770-a25d-c0bea366ae4e,"18,74",
ampere,1,vit_base_image,4g,4,warmup,6,19.46329689025879,,,MIG-b43d42d1-022f-5770-a25d-c0bea366ae4e,"18,74",
ampere,1,vit_base_image,4g,4,warmup,7,19.666240692138672,,,MIG-b43d42d1-022f-5770-a25d-c0bea366ae4e,"18,74",
ampere,1,vit_base_image,4g,4,warmup,8,19.47007942199707,,,MIG-b43d42d1-022f-5770-a25d-c0bea366ae4e,"18,74",
ampere,1,vit_base_image,4g,4,warmup,9,19.54364776611328,,,MIG-b43d42d1-022f-5770-a25d-c0bea366ae4e,"18,74",
ampere,1,vit_base_image,4g,4,sample,0,19.474496841430664,,,MIG-b43d42d1-022f-5770-a25d-c0bea366ae4e,"18,74",
ampere,1,vit_base_image,4g,4,sample,1,19.574399948120117,,,MIG-b43d42d1-022f-5770-a25d-c0bea366ae4e,"18,74",
ampere,1,vit_base_image,4g,4,sample,2,19.683712005615234,,,MIG-b43d42d1-022f-5770-a25d-c0bea366ae4e,"18,74",
ampere,1,vit_base_image,4g,4,sample,3,19.487199783325195,,,MIG-b43d42d1-022f-5770-a25d-c0bea366ae4e,"18,74",
ampere,1,vit_base_image,4g,4,sample,4,19.879871368408203,,,MIG-b43d42d1-022f-5770-a25d-c0bea366ae4e,"18,74",
ampere,1,vit_base_image,4g,4,sample,5,19.490400314331055,,,MIG-b43d42d1-022f-5770-a25d-c0bea366ae4e,"18,74",
ampere,1,vit_base_image,4g,4,sample,6,19.501344680786133,,,MIG-b43d42d1-022f-5770-a25d-c0bea366ae4e,"18,74",
ampere,1,vit_base_image,4g,4,sample,7,19.46998405456543,,,MIG-b43d42d1-022f-5770-a25d-c0bea366ae4e,"18,74",
ampere,1,vit_base_image,4g,4,sample,8,19.519424438476562,,,MIG-b43d42d1-022f-5770-a25d-c0bea366ae4e,"18,74",
ampere,1,vit_base_image,4g,4,sample,9,19.477279663085938,,,MIG-b43d42d1-022f-5770-a25d-c0bea366ae4e,"18,74",
ampere,1,vit_base_image,4g,4,sample,10,19.47920036315918,,,MIG-b43d42d1-022f-5770-a25d-c0bea366ae4e,"18,74",
ampere,1,vit_base_image,4g,4,sample,11,19.600736618041992,,,MIG-b43d42d1-022f-5770-a25d-c0bea366ae4e,"18,74",
ampere,1,vit_base_image,4g,4,sample,12,19.468191146850586,,,MIG-b43d42d1-022f-5770-a25d-c0bea366ae4e,"18,74",
ampere,1,vit_base_image,4g,4,sample,13,19.468608856201172,,,MIG-b43d42d1-022f-5770-a25d-c0bea366ae4e,"18,74",
ampere,1,vit_base_image,4g,4,sample,14,19.58665657043457,,,MIG-b43d42d1-022f-5770-a25d-c0bea366ae4e,"18,74",
ampere,1,vit_base_image,4g,4,sample,15,19.593631744384766,,,MIG-b43d42d1-022f-5770-a25d-c0bea366ae4e,"18,74",
ampere,1,vit_base_image,4g,4,sample,16,19.476543426513672,,,MIG-b43d42d1-022f-5770-a25d-c0bea366ae4e,"18,74",
ampere,1,vit_base_image,4g,4,sample,17,19.487199783325195,,,MIG-b43d42d1-022f-5770-a25d-c0bea366ae4e,"18,74",
ampere,1,vit_base_image,4g,4,sample,18,19.474943161010742,,,MIG-b43d42d1-022f-5770-a25d-c0bea366ae4e,"18,74",
ampere,1,vit_base_image,4g,4,sample,19,19.638336181640625,,,MIG-b43d42d1-022f-5770-a25d-c0bea366ae4e,"18,74",
ampere,1,vit_base_image,4g,4,sample,20,19.459360122680664,,,MIG-b43d42d1-022f-5770-a25d-c0bea366ae4e,"18,74",
ampere,1,vit_base_image,4g,4,sample,21,19.465152740478516,,,MIG-b43d42d1-022f-5770-a25d-c0bea366ae4e,"18,74",
ampere,1,vit_base_image,4g,4,sample,22,19.59459114074707,,,MIG-b43d42d1-022f-5770-a25d-c0bea366ae4e,"18,74",
ampere,1,vit_base_image,4g,4,sample,23,19.4682559967041,,,MIG-b43d42d1-022f-5770-a25d-c0bea366ae4e,"18,74",
ampere,1,vit_base_image,4g,4,sample,24,19.474079132080078,,,MIG-b43d42d1-022f-5770-a25d-c0bea366ae4e,"18,74",
ampere,1,vit_base_image,4g,4,sample,25,19.46828842163086,,,MIG-b43d42d1-022f-5770-a25d-c0bea366ae4e,"18,74",
ampere,1,vit_base_image,4g,4,sample,26,19.605152130126953,,,MIG-b43d42d1-022f-5770-a25d-c0bea366ae4e,"18,74",
ampere,1,vit_base_image,4g,4,sample,27,19.454208374023438,,,MIG-b43d42d1-022f-5770-a25d-c0bea366ae4e,"18,74",
ampere,1,vit_base_image,4g,4,sample,28,19.511871337890625,,,MIG-b43d42d1-022f-5770-a25d-c0bea366ae4e,"18,74",
ampere,1,vit_base_image,4g,4,sample,29,19.625696182250977,,,MIG-b43d42d1-022f-5770-a25d-c0bea366ae4e,"18,74",
ampere,1,vit_base_image,4g,4,sample,30,19.651552200317383,,,MIG-b43d42d1-022f-5770-a25d-c0bea366ae4e,"18,74",
ampere,1,vit_base_image,4g,4,sample,31,19.475296020507812,,,MIG-b43d42d1-022f-5770-a25d-c0bea366ae4e,"18,74",
ampere,1,vit_base_image,4g,4,sample,32,19.48406410217285,,,MIG-b43d42d1-022f-5770-a25d-c0bea366ae4e,"18,74",
ampere,1,vit_base_image,4g,4,sample,33,19.67571258544922,,,MIG-b43d42d1-022f-5770-a25d-c0bea366ae4e,"18,74",
ampere,1,vit_base_image,4g,4,sample,34,19.778560638427734,,,MIG-b43d42d1-022f-5770-a25d-c0bea366ae4e,"18,74",
ampere,1,vit_base_image,4g,4,sample,35,19.460575103759766,,,MIG-b43d42d1-022f-5770-a25d-c0bea366ae4e,"18,74",
ampere,1,vit_base_image,4g,4,sample,36,19.470176696777344,,,MIG-b43d42d1-022f-5770-a25d-c0bea366ae4e,"18,74",
ampere,1,vit_base_image,4g,4,sample,37,19.46236801147461,,,MIG-b43d42d1-022f-5770-a25d-c0bea366ae4e,"18,74",
ampere,1,vit_base_image,4g,4,sample,38,19.472576141357422,,,MIG-b43d42d1-022f-5770-a25d-c0bea366ae4e,"18,74",
ampere,1,vit_base_image,4g,4,sample,39,19.464256286621094,,,MIG-b43d42d1-022f-5770-a25d-c0bea366ae4e,"18,74",
ampere,1,vit_base_image,4g,4,sample,40,19.476255416870117,,,MIG-b43d42d1-022f-5770-a25d-c0bea366ae4e,"18,74",
ampere,1,vit_base_image,4g,4,sample,41,19.575071334838867,,,MIG-b43d42d1-022f-5770-a25d-c0bea366ae4e,"18,74",
ampere,1,vit_base_image,4g,4,sample,42,19.461503982543945,,,MIG-b43d42d1-022f-5770-a25d-c0bea366ae4e,"18,74",
ampere,1,vit_base_image,4g,4,sample,43,19.478015899658203,,,MIG-b43d42d1-022f-5770-a25d-c0bea366ae4e,"18,74",
ampere,1,vit_base_image,4g,4,sample,44,19.470624923706055,,,MIG-b43d42d1-022f-5770-a25d-c0bea366ae4e,"18,74",
ampere,1,vit_base_image,4g,4,sample,45,19.47417640686035,,,MIG-b43d42d1-022f-5770-a25d-c0bea366ae4e,"18,74",
ampere,1,vit_base_image,4g,4,sample,46,19.47609519958496,,,MIG-b43d42d1-022f-5770-a25d-c0bea366ae4e,"18,74",
ampere,1,vit_base_image,4g,4,sample,47,19.4715518951416,,,MIG-b43d42d1-022f-5770-a25d-c0bea366ae4e,"18,74",
ampere,1,vit_base_image,4g,4,sample,48,19.482656478881836,,,MIG-b43d42d1-022f-5770-a25d-c0bea366ae4e,"18,74",
ampere,1,vit_base_image,4g,4,sample,49,19.54319953918457,,,MIG-b43d42d1-022f-5770-a25d-c0bea366ae4e,"18,74",
ampere,1,vit_base_image,4g,16,warmup,0,67.05506896972656,,,MIG-b43d42d1-022f-5770-a25d-c0bea366ae4e,"18,74",
ampere,1,vit_base_image,4g,16,warmup,1,67.15062713623047,,,MIG-b43d42d1-022f-5770-a25d-c0bea366ae4e,"18,74",
ampere,1,vit_base_image,4g,16,warmup,2,66.16022491455078,,,MIG-b43d42d1-022f-5770-a25d-c0bea366ae4e,"18,74",
ampere,1,vit_base_image,4g,16,warmup,3,66.76367950439453,,,MIG-b43d42d1-022f-5770-a25d-c0bea366ae4e,"18,74",
ampere,1,vit_base_image,4g,16,warmup,4,66.77645111083984,,,MIG-b43d42d1-022f-5770-a25d-c0bea366ae4e,"18,74",
ampere,1,vit_base_image,4g,16,warmup,5,66.88432312011719,,,MIG-b43d42d1-022f-5770-a25d-c0bea366ae4e,"18,74",
ampere,1,vit_base_image,4g,16,warmup,6,66.77606201171875,,,MIG-b43d42d1-022f-5770-a25d-c0bea366ae4e,"18,74",
ampere,1,vit_base_image,4g,16,warmup,7,66.78787231445312,,,MIG-b43d42d1-022f-5770-a25d-c0bea366ae4e,"18,74",
ampere,1,vit_base_image,4g,16,warmup,8,66.77423858642578,,,MIG-b43d42d1-022f-5770-a25d-c0bea366ae4e,"18,74",
ampere,1,vit_base_image,4g,16,warmup,9,68.1725082397461,,,MIG-b43d42d1-022f-5770-a25d-c0bea366ae4e,"18,74",
ampere,1,vit_base_image,4g,16,sample,0,66.78870391845703,,,MIG-b43d42d1-022f-5770-a25d-c0bea366ae4e,"18,74",
ampere,1,vit_base_image,4g,16,sample,1,66.78880310058594,,,MIG-b43d42d1-022f-5770-a25d-c0bea366ae4e,"18,74",
ampere,1,vit_base_image,4g,16,sample,2,66.93990325927734,,,MIG-b43d42d1-022f-5770-a25d-c0bea366ae4e,"18,74",
ampere,1,vit_base_image,4g,16,sample,3,67.01315307617188,,,MIG-b43d42d1-022f-5770-a25d-c0bea366ae4e,"18,74",
ampere,1,vit_base_image,4g,16,sample,4,67.23382568359375,,,MIG-b43d42d1-022f-5770-a25d-c0bea366ae4e,"18,74",
ampere,1,vit_base_image,4g,16,sample,5,66.9238052368164,,,MIG-b43d42d1-022f-5770-a25d-c0bea366ae4e,"18,74",
ampere,1,vit_base_image,4g,16,sample,6,66.78790283203125,,,MIG-b43d42d1-022f-5770-a25d-c0bea366ae4e,"18,74",
ampere,1,vit_base_image,4g,16,sample,7,66.78771209716797,,,MIG-b43d42d1-022f-5770-a25d-c0bea366ae4e,"18,74",
ampere,1,vit_base_image,4g,16,sample,8,66.75968170166016,,,MIG-b43d42d1-022f-5770-a25d-c0bea366ae4e,"18,74",
ampere,1,vit_base_image,4g,16,sample,9,66.77091217041016,,,MIG-b43d42d1-022f-5770-a25d-c0bea366ae4e,"18,74",
ampere,1,vit_base_image,4g,16,sample,10,66.78819274902344,,,MIG-b43d42d1-022f-5770-a25d-c0bea366ae4e,"18,74",
ampere,1,vit_base_image,4g,16,sample,11,66.75958251953125,,,MIG-b43d42d1-022f-5770-a25d-c0bea366ae4e,"18,74",
ampere,1,vit_base_image,4g,16,sample,12,66.78185272216797,,,MIG-b43d42d1-022f-5770-a25d-c0bea366ae4e,"18,74",
ampere,1,vit_base_image,4g,16,sample,13,66.76553344726562,,,MIG-b43d42d1-022f-5770-a25d-c0bea366ae4e,"18,74",
ampere,1,vit_base_image,4g,16,sample,14,66.79388427734375,,,MIG-b43d42d1-022f-5770-a25d-c0bea366ae4e,"18,74",
ampere,1,vit_base_image,4g,16,sample,15,66.91097259521484,,,MIG-b43d42d1-022f-5770-a25d-c0bea366ae4e,"18,74",
ampere,1,vit_base_image,4g,16,sample,16,66.84745788574219,,,MIG-b43d42d1-022f-5770-a25d-c0bea366ae4e,"18,74",
ampere,1,vit_base_image,4g,16,sample,17,66.79593658447266,,,MIG-b43d42d1-022f-5770-a25d-c0bea366ae4e,"18,74",
ampere,1,vit_base_image,4g,16,sample,18,66.78284454345703,,,MIG-b43d42d1-022f-5770-a25d-c0bea366ae4e,"18,74",
ampere,1,vit_base_image,4g,16,sample,19,66.81104278564453,,,MIG-b43d42d1-022f-5770-a25d-c0bea366ae4e,"18,74",
ampere,1,vit_base_image,4g,16,sample,20,66.76223754882812,,,MIG-b43d42d1-022f-5770-a25d-c0bea366ae4e,"18,74",
ampere,1,vit_base_image,4g,16,sample,21,66.77632141113281,,,MIG-b43d42d1-022f-5770-a25d-c0bea366ae4e,"18,74",
ampere,1,vit_base_image,4g,16,sample,22,66.77174377441406,,,MIG-b43d42d1-022f-5770-a25d-c0bea366ae4e,"18,74",
ampere,1,vit_base_image,4g,16,sample,23,66.7956771850586,,,MIG-b43d42d1-022f-5770-a25d-c0bea366ae4e,"18,74",
ampere,1,vit_base_image,4g,16,sample,24,66.79532623291016,,,MIG-b43d42d1-022f-5770-a25d-c0bea366ae4e,"18,74",
ampere,1,vit_base_image,4g,16,sample,25,66.77104187011719,,,MIG-b43d42d1-022f-5770-a25d-c0bea366ae4e,"18,74",
ampere,1,vit_base_image,4g,16,sample,26,66.82169342041016,,,MIG-b43d42d1-022f-5770-a25d-c0bea366ae4e,"18,74",
ampere,1,vit_base_image,4g,16,sample,27,66.780029296875,,,MIG-b43d42d1-022f-5770-a25d-c0bea366ae4e,"18,74",
ampere,1,vit_base_image,4g,16,sample,28,66.785888671875,,,MIG-b43d42d1-022f-5770-a25d-c0bea366ae4e,"18,74",
ampere,1,vit_base_image,4g,16,sample,29,66.7837142944336,,,MIG-b43d42d1-022f-5770-a25d-c0bea366ae4e,"18,74",
ampere,1,vit_base_image,4g,16,sample,30,66.8042221069336,,,MIG-b43d42d1-022f-5770-a25d-c0bea366ae4e,"18,74",
ampere,1,vit_base_image,4g,16,sample,31,66.80390167236328,,,MIG-b43d42d1-022f-5770-a25d-c0bea366ae4e,"18,74",
ampere,1,vit_base_image,4g,16,sample,32,66.76729583740234,,,MIG-b43d42d1-022f-5770-a25d-c0bea366ae4e,"18,74",
ampere,1,vit_base_image,4g,16,sample,33,66.77362823486328,,,MIG-b43d42d1-022f-5770-a25d-c0bea366ae4e,"18,74",
ampere,1,vit_base_image,4g,16,sample,34,66.79686737060547,,,MIG-b43d42d1-022f-5770-a25d-c0bea366ae4e,"18,74",
ampere,1,vit_base_image,4g,16,sample,35,66.76435089111328,,,MIG-b43d42d1-022f-5770-a25d-c0bea366ae4e,"18,74",
ampere,1,vit_base_image,4g,16,sample,36,66.76748657226562,,,MIG-b43d42d1-022f-5770-a25d-c0bea366ae4e,"18,74",
ampere,1,vit_base_image,4g,16,sample,37,66.76185607910156,,,MIG-b43d42d1-022f-5770-a25d-c0bea366ae4e,"18,74",
ampere,1,vit_base_image,4g,16,sample,38,66.75753784179688,,,MIG-b43d42d1-022f-5770-a25d-c0bea366ae4e,"18,74",
ampere,1,vit_base_image,4g,16,sample,39,66.76976013183594,,,MIG-b43d42d1-022f-5770-a25d-c0bea366ae4e,"18,74",
ampere,1,vit_base_image,4g,16,sample,40,66.75791931152344,,,MIG-b43d42d1-022f-5770-a25d-c0bea366ae4e,"18,74",
ampere,1,vit_base_image,4g,16,sample,41,66.78854370117188,,,MIG-b43d42d1-022f-5770-a25d-c0bea366ae4e,"18,74",
ampere,1,vit_base_image,4g,16,sample,42,66.85600280761719,,,MIG-b43d42d1-022f-5770-a25d-c0bea366ae4e,"18,74",
ampere,1,vit_base_image,4g,16,sample,43,66.8306884765625,,,MIG-b43d42d1-022f-5770-a25d-c0bea366ae4e,"18,74",
ampere,1,vit_base_image,4g,16,sample,44,66.79618835449219,,,MIG-b43d42d1-022f-5770-a25d-c0bea366ae4e,"18,74",
ampere,1,vit_base_image,4g,16,sample,45,66.78591918945312,,,MIG-b43d42d1-022f-5770-a25d-c0bea366ae4e,"18,74",
ampere,1,vit_base_image,4g,16,sample,46,66.76921844482422,,,MIG-b43d42d1-022f-5770-a25d-c0bea366ae4e,"18,74",
ampere,1,vit_base_image,4g,16,sample,47,66.75987243652344,,,MIG-b43d42d1-022f-5770-a25d-c0bea366ae4e,"18,74",
ampere,1,vit_base_image,4g,16,sample,48,66.7721939086914,,,MIG-b43d42d1-022f-5770-a25d-c0bea366ae4e,"18,74",
ampere,1,vit_base_image,4g,16,sample,49,66.75647735595703,,,MIG-b43d42d1-022f-5770-a25d-c0bea366ae4e,"18,74",
ampere,1,vit_base_image,4g,32,warmup,0,129.9555206298828,,,MIG-b43d42d1-022f-5770-a25d-c0bea366ae4e,"18,74",
ampere,1,vit_base_image,4g,32,warmup,1,129.62364196777344,,,MIG-b43d42d1-022f-5770-a25d-c0bea366ae4e,"18,74",
ampere,1,vit_base_image,4g,32,warmup,2,129.65692138671875,,,MIG-b43d42d1-022f-5770-a25d-c0bea366ae4e,"18,74",
ampere,1,vit_base_image,4g,32,warmup,3,129.6812744140625,,,MIG-b43d42d1-022f-5770-a25d-c0bea366ae4e,"18,74",
ampere,1,vit_base_image,4g,32,warmup,4,129.81414794921875,,,MIG-b43d42d1-022f-5770-a25d-c0bea366ae4e,"18,74",
ampere,1,vit_base_image,4g,32,warmup,5,129.61862182617188,,,MIG-b43d42d1-022f-5770-a25d-c0bea366ae4e,"18,74",
ampere,1,vit_base_image,4g,32,warmup,6,129.60694885253906,,,MIG-b43d42d1-022f-5770-a25d-c0bea366ae4e,"18,74",
ampere,1,vit_base_image,4g,32,warmup,7,129.57846069335938,,,MIG-b43d42d1-022f-5770-a25d-c0bea366ae4e,"18,74",
ampere,1,vit_base_image,4g,32,warmup,8,129.58111572265625,,,MIG-b43d42d1-022f-5770-a25d-c0bea366ae4e,"18,74",
ampere,1,vit_base_image,4g,32,warmup,9,129.86598205566406,,,MIG-b43d42d1-022f-5770-a25d-c0bea366ae4e,"18,74",
ampere,1,vit_base_image,4g,32,sample,0,130.0731201171875,,,MIG-b43d42d1-022f-5770-a25d-c0bea366ae4e,"18,74",
ampere,1,vit_base_image,4g,32,sample,1,130.9740447998047,,,MIG-b43d42d1-022f-5770-a25d-c0bea366ae4e,"18,74",
ampere,1,vit_base_image,4g,32,sample,2,130.46563720703125,,,MIG-b43d42d1-022f-5770-a25d-c0bea366ae4e,"18,74",
ampere,1,vit_base_image,4g,32,sample,3,129.8338165283203,,,MIG-b43d42d1-022f-5770-a25d-c0bea366ae4e,"18,74",
ampere,1,vit_base_image,4g,32,sample,4,130.21932983398438,,,MIG-b43d42d1-022f-5770-a25d-c0bea366ae4e,"18,74",
ampere,1,vit_base_image,4g,32,sample,5,129.79638671875,,,MIG-b43d42d1-022f-5770-a25d-c0bea366ae4e,"18,74",
ampere,1,vit_base_image,4g,32,sample,6,130.06668090820312,,,MIG-b43d42d1-022f-5770-a25d-c0bea366ae4e,"18,74",
ampere,1,vit_base_image,4g,32,sample,7,130.22560119628906,,,MIG-b43d42d1-022f-5770-a25d-c0bea366ae4e,"18,74",
ampere,1,vit_base_image,4g,32,sample,8,130.4731903076172,,,MIG-b43d42d1-022f-5770-a25d-c0bea366ae4e,"18,74",
ampere,1,vit_base_image,4g,32,sample,9,129.7244873046875,,,MIG-b43d42d1-022f-5770-a25d-c0bea366ae4e,"18,74",
ampere,1,vit_base_image,4g,32,sample,10,130.21133422851562,,,MIG-b43d42d1-022f-5770-a25d-c0bea366ae4e,"18,74",
ampere,1,vit_base_image,4g,32,sample,11,130.2953643798828,,,MIG-b43d42d1-022f-5770-a25d-c0bea366ae4e,"18,74",
ampere,1,vit_base_image,4g,32,sample,12,129.79983520507812,,,MIG-b43d42d1-022f-5770-a25d-c0bea366ae4e,"18,74",
ampere,1,vit_base_image,4g,32,sample,13,129.58738708496094,,,MIG-b43d42d1-022f-5770-a25d-c0bea366ae4e,"18,74",
ampere,1,vit_base_image,4g,32,sample,14,130.20069885253906,,,MIG-b43d42d1-022f-5770-a25d-c0bea366ae4e,"18,74",
ampere,1,vit_base_image,4g,32,sample,15,130.75660705566406,,,MIG-b43d42d1-022f-5770-a25d-c0bea366ae4e,"18,74",
ampere,1,vit_base_image,4g,32,sample,16,130.33680725097656,,,MIG-b43d42d1-022f-5770-a25d-c0bea366ae4e,"18,74",
ampere,1,vit_base_image,4g,32,sample,17,130.33680725097656,,,MIG-b43d42d1-022f-5770-a25d-c0bea366ae4e,"18,74",
ampere,1,vit_base_image,4g,32,sample,18,130.0760955810547,,,MIG-b43d42d1-022f-5770-a25d-c0bea366ae4e,"18,74",
ampere,1,vit_base_image,4g,32,sample,19,130.3167724609375,,,MIG-b43d42d1-022f-5770-a25d-c0bea366ae4e,"18,74",
ampere,1,vit_base_image,4g,32,sample,20,130.08697509765625,,,MIG-b43d42d1-022f-5770-a25d-c0bea366ae4e,"18,74",
ampere,1,vit_base_image,4g,32,sample,21,130.4713592529297,,,MIG-b43d42d1-022f-5770-a25d-c0bea366ae4e,"18,74",
ampere,1,vit_base_image,4g,32,sample,22,130.63465881347656,,,MIG-b43d42d1-022f-5770-a25d-c0bea366ae4e,"18,74",
ampere,1,vit_base_image,4g,32,sample,23,130.2750701904297,,,MIG-b43d42d1-022f-5770-a25d-c0bea366ae4e,"18,74",
ampere,1,vit_base_image,4g,32,sample,24,130.94851684570312,,,MIG-b43d42d1-022f-5770-a25d-c0bea366ae4e,"18,74",
ampere,1,vit_base_image,4g,32,sample,25,130.30892944335938,,,MIG-b43d42d1-022f-5770-a25d-c0bea366ae4e,"18,74",
ampere,1,vit_base_image,4g,32,sample,26,130.41622924804688,,,MIG-b43d42d1-022f-5770-a25d-c0bea366ae4e,"18,74",
ampere,1,vit_base_image,4g,32,sample,27,130.7244110107422,,,MIG-b43d42d1-022f-5770-a25d-c0bea366ae4e,"18,74",
ampere,1,vit_base_image,4g,32,sample,28,129.65817260742188,,,MIG-b43d42d1-022f-5770-a25d-c0bea366ae4e,"18,74",
ampere,1,vit_base_image,4g,32,sample,29,130.85072326660156,,,MIG-b43d42d1-022f-5770-a25d-c0bea366ae4e,"18,74",
ampere,1,vit_base_image,4g,32,sample,30,130.39356994628906,,,MIG-b43d42d1-022f-5770-a25d-c0bea366ae4e,"18,74",
ampere,1,vit_base_image,4g,32,sample,31,130.88192749023438,,,MIG-b43d42d1-022f-5770-a25d-c0bea366ae4e,"18,74",
ampere,1,vit_base_image,4g,32,sample,32,130.3358154296875,,,MIG-b43d42d1-022f-5770-a25d-c0bea366ae4e,"18,74",
ampere,1,vit_base_image,4g,32,sample,33,130.7045135498047,,,MIG-b43d42d1-022f-5770-a25d-c0bea366ae4e,"18,74",
ampere,1,vit_base_image,4g,32,sample,34,130.3528594970703,,,MIG-b43d42d1-022f-5770-a25d-c0bea366ae4e,"18,74",
ampere,1,vit_base_image,4g,32,sample,35,130.94444274902344,,,MIG-b43d42d1-022f-5770-a25d-c0bea366ae4e,"18,74",
ampere,1,vit_base_image,4g,32,sample,36,130.3489532470703,,,MIG-b43d42d1-022f-5770-a25d-c0bea366ae4e,"18,74",
ampere,1,vit_base_image,4g,32,sample,37,130.36239624023438,,,MIG-b43d42d1-022f-5770-a25d-c0bea366ae4e,"18,74",
ampere,1,vit_base_image,4g,32,sample,38,130.1551055908203,,,MIG-b43d42d1-022f-5770-a25d-c0bea366ae4e,"18,74",
ampere,1,vit_base_image,4g,32,sample,39,130.8487091064453,,,MIG-b43d42d1-022f-5770-a25d-c0bea366ae4e,"18,74",
ampere,1,vit_base_image,4g,32,sample,40,130.6149139404297,,,MIG-b43d42d1-022f-5770-a25d-c0bea366ae4e,"18,74",
ampere,1,vit_base_image,4g,32,sample,41,131.25120544433594,,,MIG-b43d42d1-022f-5770-a25d-c0bea366ae4e,"18,74",
ampere,1,vit_base_image,4g,32,sample,42,130.27871704101562,,,MIG-b43d42d1-022f-5770-a25d-c0bea366ae4e,"18,74",
ampere,1,vit_base_image,4g,32,sample,43,130.67453002929688,,,MIG-b43d42d1-022f-5770-a25d-c0bea366ae4e,"18,74",
ampere,1,vit_base_image,4g,32,sample,44,130.43338012695312,,,MIG-b43d42d1-022f-5770-a25d-c0bea366ae4e,"18,74",
ampere,1,vit_base_image,4g,32,sample,45,130.2772216796875,,,MIG-b43d42d1-022f-5770-a25d-c0bea366ae4e,"18,74",
ampere,1,vit_base_image,4g,32,sample,46,130.94613647460938,,,MIG-b43d42d1-022f-5770-a25d-c0bea366ae4e,"18,74",
ampere,1,vit_base_image,4g,32,sample,47,130.38572692871094,,,MIG-b43d42d1-022f-5770-a25d-c0bea366ae4e,"18,74",
ampere,1,vit_base_image,4g,32,sample,48,130.07305908203125,,,MIG-b43d42d1-022f-5770-a25d-c0bea366ae4e,"18,74",
ampere,1,vit_base_image,4g,32,sample,49,130.4839630126953,,,MIG-b43d42d1-022f-5770-a25d-c0bea366ae4e,"18,74",
ampere,1,vit_base_image,4g,64,warmup,0,254.9147491455078,,,MIG-b43d42d1-022f-5770-a25d-c0bea366ae4e,"18,74",
ampere,1,vit_base_image,4g,64,warmup,1,254.41104125976562,,,MIG-b43d42d1-022f-5770-a25d-c0bea366ae4e,"18,74",
ampere,1,vit_base_image,4g,64,warmup,2,254.35845947265625,,,MIG-b43d42d1-022f-5770-a25d-c0bea366ae4e,"18,74",
ampere,1,vit_base_image,4g,64,warmup,3,254.3374786376953,,,MIG-b43d42d1-022f-5770-a25d-c0bea366ae4e,"18,74",
ampere,1,vit_base_image,4g,64,warmup,4,254.2972869873047,,,MIG-b43d42d1-022f-5770-a25d-c0bea366ae4e,"18,74",
ampere,1,vit_base_image,4g,64,warmup,5,254.39523315429688,,,MIG-b43d42d1-022f-5770-a25d-c0bea366ae4e,"18,74",
ampere,1,vit_base_image,4g,64,warmup,6,254.39474487304688,,,MIG-b43d42d1-022f-5770-a25d-c0bea366ae4e,"18,74",
ampere,1,vit_base_image,4g,64,warmup,7,254.4582061767578,,,MIG-b43d42d1-022f-5770-a25d-c0bea366ae4e,"18,74",
ampere,1,vit_base_image,4g,64,warmup,8,254.423583984375,,,MIG-b43d42d1-022f-5770-a25d-c0bea366ae4e,"18,74",
ampere,1,vit_base_image,4g,64,warmup,9,254.70941162109375,,,MIG-b43d42d1-022f-5770-a25d-c0bea366ae4e,"18,74",
ampere,1,vit_base_image,4g,64,sample,0,254.37551879882812,,,MIG-b43d42d1-022f-5770-a25d-c0bea366ae4e,"18,74",
ampere,1,vit_base_image,4g,64,sample,1,254.366943359375,,,MIG-b43d42d1-022f-5770-a25d-c0bea366ae4e,"18,74",
ampere,1,vit_base_image,4g,64,sample,2,254.38525390625,,,MIG-b43d42d1-022f-5770-a25d-c0bea366ae4e,"18,74",
ampere,1,vit_base_image,4g,64,sample,3,254.41372680664062,,,MIG-b43d42d1-022f-5770-a25d-c0bea366ae4e,"18,74",
ampere,1,vit_base_image,4g,64,sample,4,254.4633026123047,,,MIG-b43d42d1-022f-5770-a25d-c0bea366ae4e,"18,74",
ampere,1,vit_base_image,4g,64,sample,5,254.4478759765625,,,MIG-b43d42d1-022f-5770-a25d-c0bea366ae4e,"18,74",
ampere,1,vit_base_image,4g,64,sample,6,254.4786834716797,,,MIG-b43d42d1-022f-5770-a25d-c0bea366ae4e,"18,74",
ampere,1,vit_base_image,4g,64,sample,7,254.42784118652344,,,MIG-b43d42d1-022f-5770-a25d-c0bea366ae4e,"18,74",
ampere,1,vit_base_image,4g,64,sample,8,254.48602294921875,,,MIG-b43d42d1-022f-5770-a25d-c0bea366ae4e,"18,74",
ampere,1,vit_base_image,4g,64,sample,9,254.3419189453125,,,MIG-b43d42d1-022f-5770-a25d-c0bea366ae4e,"18,74",
ampere,1,vit_base_image,4g,64,sample,10,254.41696166992188,,,MIG-b43d42d1-022f-5770-a25d-c0bea366ae4e,"18,74",
ampere,1,vit_base_image,4g,64,sample,11,254.34214782714844,,,MIG-b43d42d1-022f-5770-a25d-c0bea366ae4e,"18,74",
ampere,1,vit_base_image,4g,64,sample,12,254.31459045410156,,,MIG-b43d42d1-022f-5770-a25d-c0bea366ae4e,"18,74",
ampere,1,vit_base_image,4g,64,sample,13,254.28688049316406,,,MIG-b43d42d1-022f-5770-a25d-c0bea366ae4e,"18,74",
ampere,1,vit_base_image,4g,64,sample,14,254.550048828125,,,MIG-b43d42d1-022f-5770-a25d-c0bea366ae4e,"18,74",
ampere,1,vit_base_image,4g,64,sample,15,254.34317016601562,,,MIG-b43d42d1-022f-5770-a25d-c0bea366ae4e,"18,74",
ampere,1,vit_base_image,4g,64,sample,16,254.41270446777344,,,MIG-b43d42d1-022f-5770-a25d-c0bea366ae4e,"18,74",
ampere,1,vit_base_image,4g,64,sample,17,255.59861755371094,,,MIG-b43d42d1-022f-5770-a25d-c0bea366ae4e,"18,74",
ampere,1,vit_base_image,4g,64,sample,18,254.90914916992188,,,MIG-b43d42d1-022f-5770-a25d-c0bea366ae4e,"18,74",
ampere,1,vit_base_image,4g,64,sample,19,254.39663696289062,,,MIG-b43d42d1-022f-5770-a25d-c0bea366ae4e,"18,74",
ampere,1,vit_base_image,4g,64,sample,20,254.3416290283203,,,MIG-b43d42d1-022f-5770-a25d-c0bea366ae4e,"18,74",
ampere,1,vit_base_image,4g,64,sample,21,256.0252380371094,,,MIG-b43d42d1-022f-5770-a25d-c0bea366ae4e,"18,74",
ampere,1,vit_base_image,4g,64,sample,22,255.29090881347656,,,MIG-b43d42d1-022f-5770-a25d-c0bea366ae4e,"18,74",
ampere,1,vit_base_image,4g,64,sample,23,255.397216796875,,,MIG-b43d42d1-022f-5770-a25d-c0bea366ae4e,"18,74",
ampere,1,vit_base_image,4g,64,sample,24,254.50933837890625,,,MIG-b43d42d1-022f-5770-a25d-c0bea366ae4e,"18,74",
ampere,1,vit_base_image,4g,64,sample,25,256.34686279296875,,,MIG-b43d42d1-022f-5770-a25d-c0bea366ae4e,"18,74",
ampere,1,vit_base_image,4g,64,sample,26,254.7177276611328,,,MIG-b43d42d1-022f-5770-a25d-c0bea366ae4e,"18,74",
ampere,1,vit_base_image,4g,64,sample,27,256.2109680175781,,,MIG-b43d42d1-022f-5770-a25d-c0bea366ae4e,"18,74",
ampere,1,vit_base_image,4g,64,sample,28,254.844482421875,,,MIG-b43d42d1-022f-5770-a25d-c0bea366ae4e,"18,74",
ampere,1,vit_base_image,4g,64,sample,29,256.0166931152344,,,MIG-b43d42d1-022f-5770-a25d-c0bea366ae4e,"18,74",
ampere,1,vit_base_image,4g,64,sample,30,254.52691650390625,,,MIG-b43d42d1-022f-5770-a25d-c0bea366ae4e,"18,74",
ampere,1,vit_base_image,4g,64,sample,31,256.56353759765625,,,MIG-b43d42d1-022f-5770-a25d-c0bea366ae4e,"18,74",
ampere,1,vit_base_image,4g,64,sample,32,254.4409942626953,,,MIG-b43d42d1-022f-5770-a25d-c0bea366ae4e,"18,74",
ampere,1,vit_base_image,4g,64,sample,33,257.0094909667969,,,MIG-b43d42d1-022f-5770-a25d-c0bea366ae4e,"18,74",
ampere,1,vit_base_image,4g,64,sample,34,254.76617431640625,,,MIG-b43d42d1-022f-5770-a25d-c0bea366ae4e,"18,74",
ampere,1,vit_base_image,4g,64,sample,35,255.98355102539062,,,MIG-b43d42d1-022f-5770-a25d-c0bea366ae4e,"18,74",
ampere,1,vit_base_image,4g,64,sample,36,254.4252166748047,,,MIG-b43d42d1-022f-5770-a25d-c0bea366ae4e,"18,74",
ampere,1,vit_base_image,4g,64,sample,37,256.3613586425781,,,MIG-b43d42d1-022f-5770-a25d-c0bea366ae4e,"18,74",
ampere,1,vit_base_image,4g,64,sample,38,254.33509826660156,,,MIG-b43d42d1-022f-5770-a25d-c0bea366ae4e,"18,74",
ampere,1,vit_base_image,4g,64,sample,39,255.91683959960938,,,MIG-b43d42d1-022f-5770-a25d-c0bea366ae4e,"18,74",
ampere,1,vit_base_image,4g,64,sample,40,255.69949340820312,,,MIG-b43d42d1-022f-5770-a25d-c0bea366ae4e,"18,74",
ampere,1,vit_base_image,4g,64,sample,41,255.78713989257812,,,MIG-b43d42d1-022f-5770-a25d-c0bea366ae4e,"18,74",
ampere,1,vit_base_image,4g,64,sample,42,255.8865203857422,,,MIG-b43d42d1-022f-5770-a25d-c0bea366ae4e,"18,74",
ampere,1,vit_base_image,4g,64,sample,43,256.2205505371094,,,MIG-b43d42d1-022f-5770-a25d-c0bea366ae4e,"18,74",
ampere,1,vit_base_image,4g,64,sample,44,255.76144409179688,,,MIG-b43d42d1-022f-5770-a25d-c0bea366ae4e,"18,74",
ampere,1,vit_base_image,4g,64,sample,45,255.78749084472656,,,MIG-b43d42d1-022f-5770-a25d-c0bea366ae4e,"18,74",
ampere,1,vit_base_image,4g,64,sample,46,255.64877319335938,,,MIG-b43d42d1-022f-5770-a25d-c0bea366ae4e,"18,74",
ampere,1,vit_base_image,4g,64,sample,47,254.46421813964844,,,MIG-b43d42d1-022f-5770-a25d-c0bea366ae4e,"18,74",
ampere,1,vit_base_image,4g,64,sample,48,255.6282196044922,,,MIG-b43d42d1-022f-5770-a25d-c0bea366ae4e,"18,74",
ampere,1,vit_base_image,4g,64,sample,49,255.04531860351562,,,MIG-b43d42d1-022f-5770-a25d-c0bea366ae4e,"18,74",
ampere,1,gpt2_p512_o512,7g,1,warmup,0,4976.720703125,18.911808013916016,9.683220498263836,MIG-e6a72acc-723d-5ebf-bf4f-196a4352174f,"18,74",
ampere,1,gpt2_p512_o512,7g,1,sample,0,4972.46923828125,9.58291244506836,9.693137355148792,MIG-e6a72acc-723d-5ebf-bf4f-196a4352174f,"18,74",
ampere,1,gpt2_p512_o512,7g,1,sample,1,4976.82080078125,10.178815841674805,9.700472626835108,MIG-e6a72acc-723d-5ebf-bf4f-196a4352174f,"18,74",
ampere,1,gpt2_p512_o512,7g,1,sample,2,4978.32421875,9.571167945861816,9.704595802351832,MIG-e6a72acc-723d-5ebf-bf4f-196a4352174f,"18,74",
ampere,1,gpt2_p512_o512,7g,1,sample,3,5013.4306640625,10.535200119018555,9.771280203014612,MIG-e6a72acc-723d-5ebf-bf4f-196a4352174f,"18,74",
ampere,1,gpt2_p512_o512,7g,1,sample,4,4957.29833984375,10.472448348999023,9.661769319325686,MIG-e6a72acc-723d-5ebf-bf4f-196a4352174f,"18,74",
ampere,1,gpt2_p512_o512,7g,1,sample,5,4993.8984375,9.589568138122559,9.734978260472417,MIG-e6a72acc-723d-5ebf-bf4f-196a4352174f,"18,74",
ampere,1,gpt2_p512_o512,7g,1,sample,6,4974.46875,9.54851245880127,9.697109838947654,MIG-e6a72acc-723d-5ebf-bf4f-196a4352174f,"18,74",
ampere,1,gpt2_p512_o512,7g,1,sample,7,4994.62744140625,9.5796480178833,9.736421471461654,MIG-e6a72acc-723d-5ebf-bf4f-196a4352174f,"18,74",
ampere,1,gpt2_p512_o512,7g,1,sample,8,4972.2470703125,9.575263977050781,9.692718371748924,MIG-e6a72acc-723d-5ebf-bf4f-196a4352174f,"18,74",
ampere,1,gpt2_p512_o512,7g,1,sample,9,4987.07080078125,10.973088264465332,9.718940844759345,MIG-e6a72acc-723d-5ebf-bf4f-196a4352174f,"18,74",
ampere,1,gpt2_p64_o64,7g,1,warmup,0,614.3972778320312,19.210304260253906,9.299796462059021,MIG-e6a72acc-723d-5ebf-bf4f-196a4352174f,"18,74",
ampere,1,gpt2_p64_o64,7g,1,sample,0,610.350341796875,16.379711151123047,9.280791103839874,MIG-e6a72acc-723d-5ebf-bf4f-196a4352174f,"18,74",
ampere,1,gpt2_p64_o64,7g,1,sample,1,613.3671264648438,9.075551986694336,9.442055851221085,MIG-e6a72acc-723d-5ebf-bf4f-196a4352174f,"18,74",
ampere,1,gpt2_p64_o64,7g,1,sample,2,609.0726928710938,10.72985553741455,9.349106833338737,MIG-e6a72acc-723d-5ebf-bf4f-196a4352174f,"18,74",
ampere,1,gpt2_p64_o64,7g,1,sample,3,618.18994140625,10.842944145202637,9.489796832203865,MIG-e6a72acc-723d-5ebf-bf4f-196a4352174f,"18,74",
ampere,1,gpt2_p64_o64,7g,1,sample,4,621.2245483398438,9.148032188415527,9.563695564866066,MIG-e6a72acc-723d-5ebf-bf4f-196a4352174f,"18,74",
ampere,1,gpt2_p64_o64,7g,1,sample,5,613.6240844726562,9.1429443359375,9.44501781463623,MIG-e6a72acc-723d-5ebf-bf4f-196a4352174f,"18,74",
ampere,1,gpt2_p64_o64,7g,1,sample,6,615.950439453125,9.108960151672363,9.481898114085197,MIG-e6a72acc-723d-5ebf-bf4f-196a4352174f,"18,74",
ampere,1,gpt2_p64_o64,7g,1,sample,7,621.526123046875,10.85961627960205,9.54166416823864,MIG-e6a72acc-723d-5ebf-bf4f-196a4352174f,"18,74",
ampere,1,gpt2_p64_o64,7g,1,sample,8,611.8036499023438,9.761055946350098,9.4069155305624,MIG-e6a72acc-723d-5ebf-bf4f-196a4352174f,"18,74",
ampere,1,gpt2_p64_o64,7g,1,sample,9,619.0906982421875,9.13263988494873,9.530594661831856,MIG-e6a72acc-723d-5ebf-bf4f-196a4352174f,"18,74",
ampere,1,llama_p1024_o128,7g,1,warmup,0,2480.9189453125,58.01465606689453,18.928939759731293,MIG-e6a72acc-723d-5ebf-bf4f-196a4352174f,"18,74",
ampere,1,llama_p1024_o128,7g,1,sample,0,2473.13671875,49.10950469970703,18.937712609767914,MIG-e6a72acc-723d-5ebf-bf4f-196a4352174f,"18,74",
ampere,1,llama_p1024_o128,7g,1,sample,1,2478.286865234375,49.3322868347168,18.97620764374733,MIG-e6a72acc-723d-5ebf-bf4f-196a4352174f,"18,74",
ampere,1,llama_p1024_o128,7g,1,sample,2,2473.49560546875,49.528961181640625,18.937239408493042,MIG-e6a72acc-723d-5ebf-bf4f-196a4352174f,"18,74",
ampere,1,llama_p1024_o128,7g,1,sample,3,2473.072998046875,48.92998504638672,18.938617289066315,MIG-e6a72acc-723d-5ebf-bf4f-196a4352174f,"18,74",
ampere,1,llama_p1024_o128,7g,1,sample,4,2469.176025390625,49.09622573852539,18.906873434782028,MIG-e6a72acc-723d-5ebf-bf4f-196a4352174f,"18,74",
ampere,1,llama_p1024_o128,7g,1,sample,5,2485.008056640625,49.24800109863281,19.029375433921814,MIG-e6a72acc-723d-5ebf-bf4f-196a4352174f,"18,74",
ampere,1,llama_p1024_o128,7g,1,sample,6,2483.072509765625,49.649505615234375,19.011117219924927,MIG-e6a72acc-723d-5ebf-bf4f-196a4352174f,"18,74",
ampere,1,llama_p1024_o128,7g,1,sample,7,2482.94287109375,49.18921661376953,19.013700425624847,MIG-e6a72acc-723d-5ebf-bf4f-196a4352174f,"18,74",
ampere,1,llama_p1024_o128,7g,1,sample,8,2472.021240234375,49.09529495239258,18.929108947515488,MIG-e6a72acc-723d-5ebf-bf4f-196a4352174f,"18,74",
ampere,1,llama_p1024_o128,7g,1,sample,9,2475.34716796875,49.07596969604492,18.95524373650551,MIG-e6a72acc-723d-5ebf-bf4f-196a4352174f,"18,74",
ampere,1,llama_p2048_o64,7g,1,warmup,0,1324.813232421875,108.64915466308594,19.00256371498108,MIG-e6a72acc-723d-5ebf-bf4f-196a4352174f,"18,74",
ampere,1,llama_p2048_o64,7g,1,sample,0,1319.5712890625,101.32685089111328,19.035069346427917,MIG-e6a72acc-723d-5ebf-bf4f-196a4352174f,"18,74",
ampere,1,llama_p2048_o64,7g,1,sample,1,1317.7227783203125,101.38201904296875,19.005324363708496,MIG-e6a72acc-723d-5ebf-bf4f-196a4352174f,"18,74",
ampere,1,llama_p2048_o64,7g,1,sample,2,1328.060302734375,101.20905303955078,19.16955077648163,MIG-e6a72acc-723d-5ebf-bf4f-196a4352174f,"18,74",
ampere,1,llama_p2048_o64,7g,1,sample,3,1321.4732666015625,102.12579345703125,19.0523042678833,MIG-e6a72acc-723d-5ebf-bf4f-196a4352174f,"18,74",
ampere,1,llama_p2048_o64,7g,1,sample,4,1328.6689453125,102.197021484375,19.163623809814453,MIG-e6a72acc-723d-5ebf-bf4f-196a4352174f,"18,74",
ampere,1,llama_p2048_o64,7g,1,sample,5,1321.756591796875,101.43478393554688,19.067528247833252,MIG-e6a72acc-723d-5ebf-bf4f-196a4352174f,"18,74",
ampere,1,llama_p2048_o64,7g,1,sample,6,1330.11279296875,102.05977630615234,19.18832838535309,MIG-e6a72acc-723d-5ebf-bf4f-196a4352174f,"18,74",
ampere,1,llama_p2048_o64,7g,1,sample,7,1323.1170654296875,101.5002212524414,19.08776319026947,MIG-e6a72acc-723d-5ebf-bf4f-196a4352174f,"18,74",
ampere,1,llama_p2048_o64,7g,1,sample,8,1325.299560546875,102.19132995605469,19.111066102981567,MIG-e6a72acc-723d-5ebf-bf4f-196a4352174f,"18,74",
ampere,1,llama_p2048_o64,7g,1,sample,9,1328.5389404296875,101.62163543701172,19.17058289051056,MIG-e6a72acc-723d-5ebf-bf4f-196a4352174f,"18,74",
ampere,1,resnet50_image,7g,1,warmup,0,30.877695083618164,,,MIG-e6a72acc-723d-5ebf-bf4f-196a4352174f,"18,74",
ampere,1,resnet50_image,7g,1,warmup,1,22.154048919677734,,,MIG-e6a72acc-723d-5ebf-bf4f-196a4352174f,"18,74",
ampere,1,resnet50_image,7g,1,warmup,2,21.38172721862793,,,MIG-e6a72acc-723d-5ebf-bf4f-196a4352174f,"18,74",
ampere,1,resnet50_image,7g,1,warmup,3,21.360671997070312,,,MIG-e6a72acc-723d-5ebf-bf4f-196a4352174f,"18,74",
ampere,1,resnet50_image,7g,1,warmup,4,20.964256286621094,,,MIG-e6a72acc-723d-5ebf-bf4f-196a4352174f,"18,74",
ampere,1,resnet50_image,7g,1,warmup,5,21.471424102783203,,,MIG-e6a72acc-723d-5ebf-bf4f-196a4352174f,"18,74",
ampere,1,resnet50_image,7g,1,warmup,6,21.655967712402344,,,MIG-e6a72acc-723d-5ebf-bf4f-196a4352174f,"18,74",
ampere,1,resnet50_image,7g,1,warmup,7,23.357791900634766,,,MIG-e6a72acc-723d-5ebf-bf4f-196a4352174f,"18,74",
ampere,1,resnet50_image,7g,1,warmup,8,22.55414390563965,,,MIG-e6a72acc-723d-5ebf-bf4f-196a4352174f,"18,74",
ampere,1,resnet50_image,7g,1,warmup,9,21.213760375976562,,,MIG-e6a72acc-723d-5ebf-bf4f-196a4352174f,"18,74",
ampere,1,resnet50_image,7g,1,sample,0,21.896032333374023,,,MIG-e6a72acc-723d-5ebf-bf4f-196a4352174f,"18,74",
ampere,1,resnet50_image,7g,1,sample,1,22.886207580566406,,,MIG-e6a72acc-723d-5ebf-bf4f-196a4352174f,"18,74",
ampere,1,resnet50_image,7g,1,sample,2,22.347808837890625,,,MIG-e6a72acc-723d-5ebf-bf4f-196a4352174f,"18,74",
ampere,1,resnet50_image,7g,1,sample,3,21.432416915893555,,,MIG-e6a72acc-723d-5ebf-bf4f-196a4352174f,"18,74",
ampere,1,resnet50_image,7g,1,sample,4,22.162784576416016,,,MIG-e6a72acc-723d-5ebf-bf4f-196a4352174f,"18,74",
ampere,1,resnet50_image,7g,1,sample,5,22.436479568481445,,,MIG-e6a72acc-723d-5ebf-bf4f-196a4352174f,"18,74",
ampere,1,resnet50_image,7g,1,sample,6,22.69910430908203,,,MIG-e6a72acc-723d-5ebf-bf4f-196a4352174f,"18,74",
ampere,1,resnet50_image,7g,1,sample,7,22.02617645263672,,,MIG-e6a72acc-723d-5ebf-bf4f-196a4352174f,"18,74",
ampere,1,resnet50_image,7g,1,sample,8,22.83113670349121,,,MIG-e6a72acc-723d-5ebf-bf4f-196a4352174f,"18,74",
ampere,1,resnet50_image,7g,1,sample,9,22.5262393951416,,,MIG-e6a72acc-723d-5ebf-bf4f-196a4352174f,"18,74",
ampere,1,resnet50_image,7g,1,sample,10,22.38755226135254,,,MIG-e6a72acc-723d-5ebf-bf4f-196a4352174f,"18,74",
ampere,1,resnet50_image,7g,1,sample,11,21.018144607543945,,,MIG-e6a72acc-723d-5ebf-bf4f-196a4352174f,"18,74",
ampere,1,resnet50_image,7g,1,sample,12,22.77801513671875,,,MIG-e6a72acc-723d-5ebf-bf4f-196a4352174f,"18,74",
ampere,1,resnet50_image,7g,1,sample,13,22.393184661865234,,,MIG-e6a72acc-723d-5ebf-bf4f-196a4352174f,"18,74",
ampere,1,resnet50_image,7g,1,sample,14,21.6463680267334,,,MIG-e6a72acc-723d-5ebf-bf4f-196a4352174f,"18,74",
ampere,1,resnet50_image,7g,1,sample,15,21.390623092651367,,,MIG-e6a72acc-723d-5ebf-bf4f-196a4352174f,"18,74",
ampere,1,resnet50_image,7g,1,sample,16,21.08515167236328,,,MIG-e6a72acc-723d-5ebf-bf4f-196a4352174f,"18,74",
ampere,1,resnet50_image,7g,1,sample,17,21.63599967956543,,,MIG-e6a72acc-723d-5ebf-bf4f-196a4352174f,"18,74",
ampere,1,resnet50_image,7g,1,sample,18,21.347679138183594,,,MIG-e6a72acc-723d-5ebf-bf4f-196a4352174f,"18,74",
ampere,1,resnet50_image,7g,1,sample,19,22.287872314453125,,,MIG-e6a72acc-723d-5ebf-bf4f-196a4352174f,"18,74",
ampere,1,resnet50_image,7g,1,sample,20,21.576671600341797,,,MIG-e6a72acc-723d-5ebf-bf4f-196a4352174f,"18,74",
ampere,1,resnet50_image,7g,1,sample,21,22.756351470947266,,,MIG-e6a72acc-723d-5ebf-bf4f-196a4352174f,"18,74",
ampere,1,resnet50_image,7g,1,sample,22,22.731712341308594,,,MIG-e6a72acc-723d-5ebf-bf4f-196a4352174f,"18,74",
ampere,1,resnet50_image,7g,1,sample,23,22.02022361755371,,,MIG-e6a72acc-723d-5ebf-bf4f-196a4352174f,"18,74",
ampere,1,resnet50_image,7g,1,sample,24,21.400127410888672,,,MIG-e6a72acc-723d-5ebf-bf4f-196a4352174f,"18,74",
ampere,1,resnet50_image,7g,1,sample,25,21.4703369140625,,,MIG-e6a72acc-723d-5ebf-bf4f-196a4352174f,"18,74",
ampere,1,resnet50_image,7g,1,sample,26,21.76495933532715,,,MIG-e6a72acc-723d-5ebf-bf4f-196a4352174f,"18,74",
ampere,1,resnet50_image,7g,1,sample,27,22.53772735595703,,,MIG-e6a72acc-723d-5ebf-bf4f-196a4352174f,"18,74",
ampere,1,resnet50_image,7g,1,sample,28,22.781919479370117,,,MIG-e6a72acc-723d-5ebf-bf4f-196a4352174f,"18,74",
ampere,1,resnet50_image,7g,1,sample,29,22.099552154541016,,,MIG-e6a72acc-723d-5ebf-bf4f-196a4352174f,"18,74",
ampere,1,resnet50_image,7g,1,sample,30,21.051712036132812,,,MIG-e6a72acc-723d-5ebf-bf4f-196a4352174f,"18,74",
ampere,1,resnet50_image,7g,1,sample,31,29.386016845703125,,,MIG-e6a72acc-723d-5ebf-bf4f-196a4352174f,"18,74",
ampere,1,resnet50_image,7g,1,sample,32,23.71788787841797,,,MIG-e6a72acc-723d-5ebf-bf4f-196a4352174f,"18,74",
ampere,1,resnet50_image,7g,1,sample,33,21.166656494140625,,,MIG-e6a72acc-723d-5ebf-bf4f-196a4352174f,"18,74",
ampere,1,resnet50_image,7g,1,sample,34,22.569887161254883,,,MIG-e6a72acc-723d-5ebf-bf4f-196a4352174f,"18,74",
ampere,1,resnet50_image,7g,1,sample,35,22.480512619018555,,,MIG-e6a72acc-723d-5ebf-bf4f-196a4352174f,"18,74",
ampere,1,resnet50_image,7g,1,sample,36,22.740447998046875,,,MIG-e6a72acc-723d-5ebf-bf4f-196a4352174f,"18,74",
ampere,1,resnet50_image,7g,1,sample,37,21.224031448364258,,,MIG-e6a72acc-723d-5ebf-bf4f-196a4352174f,"18,74",
ampere,1,resnet50_image,7g,1,sample,38,21.24166488647461,,,MIG-e6a72acc-723d-5ebf-bf4f-196a4352174f,"18,74",
ampere,1,resnet50_image,7g,1,sample,39,21.149887084960938,,,MIG-e6a72acc-723d-5ebf-bf4f-196a4352174f,"18,74",
ampere,1,resnet50_image,7g,1,sample,40,21.368064880371094,,,MIG-e6a72acc-723d-5ebf-bf4f-196a4352174f,"18,74",
ampere,1,resnet50_image,7g,1,sample,41,21.125568389892578,,,MIG-e6a72acc-723d-5ebf-bf4f-196a4352174f,"18,74",
ampere,1,resnet50_image,7g,1,sample,42,21.511167526245117,,,MIG-e6a72acc-723d-5ebf-bf4f-196a4352174f,"18,74",
ampere,1,resnet50_image,7g,1,sample,43,22.905376434326172,,,MIG-e6a72acc-723d-5ebf-bf4f-196a4352174f,"18,74",
ampere,1,resnet50_image,7g,1,sample,44,21.912639617919922,,,MIG-e6a72acc-723d-5ebf-bf4f-196a4352174f,"18,74",
ampere,1,resnet50_image,7g,1,sample,45,23.227039337158203,,,MIG-e6a72acc-723d-5ebf-bf4f-196a4352174f,"18,74",
ampere,1,resnet50_image,7g,1,sample,46,22.2576961517334,,,MIG-e6a72acc-723d-5ebf-bf4f-196a4352174f,"18,74",
ampere,1,resnet50_image,7g,1,sample,47,22.357023239135742,,,MIG-e6a72acc-723d-5ebf-bf4f-196a4352174f,"18,74",
ampere,1,resnet50_image,7g,1,sample,48,22.315616607666016,,,MIG-e6a72acc-723d-5ebf-bf4f-196a4352174f,"18,74",
ampere,1,resnet50_image,7g,1,sample,49,22.171520233154297,,,MIG-e6a72acc-723d-5ebf-bf4f-196a4352174f,"18,74",
ampere,1,resnet50_image,7g,4,warmup,0,39.816158294677734,,,MIG-e6a72acc-723d-5ebf-bf4f-196a4352174f,"18,74",
ampere,1,resnet50_image,7g,4,warmup,1,20.70515251159668,,,MIG-e6a72acc-723d-5ebf-bf4f-196a4352174f,"18,74",
ampere,1,resnet50_image,7g,4,warmup,2,22.197280883789062,,,MIG-e6a72acc-723d-5ebf-bf4f-196a4352174f,"18,74",
ampere,1,resnet50_image,7g,4,warmup,3,22.318784713745117,,,MIG-e6a72acc-723d-5ebf-bf4f-196a4352174f,"18,74",
ampere,1,resnet50_image,7g,4,warmup,4,22.39232063293457,,,MIG-e6a72acc-723d-5ebf-bf4f-196a4352174f,"18,74",
ampere,1,resnet50_image,7g,4,warmup,5,22.429439544677734,,,MIG-e6a72acc-723d-5ebf-bf4f-196a4352174f,"18,74",
ampere,1,resnet50_image,7g,4,warmup,6,21.374048233032227,,,MIG-e6a72acc-723d-5ebf-bf4f-196a4352174f,"18,74",
ampere,1,resnet50_image,7g,4,warmup,7,21.972320556640625,,,MIG-e6a72acc-723d-5ebf-bf4f-196a4352174f,"18,74",
ampere,1,resnet50_image,7g,4,warmup,8,20.663711547851562,,,MIG-e6a72acc-723d-5ebf-bf4f-196a4352174f,"18,74",
ampere,1,resnet50_image,7g,4,warmup,9,20.965152740478516,,,MIG-e6a72acc-723d-5ebf-bf4f-196a4352174f,"18,74",
ampere,1,resnet50_image,7g,4,sample,0,21.979328155517578,,,MIG-e6a72acc-723d-5ebf-bf4f-196a4352174f,"18,74",
ampere,1,resnet50_image,7g,4,sample,1,22.37727928161621,,,MIG-e6a72acc-723d-5ebf-bf4f-196a4352174f,"18,74",
ampere,1,resnet50_image,7g,4,sample,2,21.662015914916992,,,MIG-e6a72acc-723d-5ebf-bf4f-196a4352174f,"18,74",
ampere,1,resnet50_image,7g,4,sample,3,21.995616912841797,,,MIG-e6a72acc-723d-5ebf-bf4f-196a4352174f,"18,74",
ampere,1,resnet50_image,7g,4,sample,4,20.86128044128418,,,MIG-e6a72acc-723d-5ebf-bf4f-196a4352174f,"18,74",
ampere,1,resnet50_image,7g,4,sample,5,22.915552139282227,,,MIG-e6a72acc-723d-5ebf-bf4f-196a4352174f,"18,74",
ampere,1,resnet50_image,7g,4,sample,6,28.11859130859375,,,MIG-e6a72acc-723d-5ebf-bf4f-196a4352174f,"18,74",
ampere,1,resnet50_image,7g,4,sample,7,21.21004867553711,,,MIG-e6a72acc-723d-5ebf-bf4f-196a4352174f,"18,74",
ampere,1,resnet50_image,7g,4,sample,8,20.661151885986328,,,MIG-e6a72acc-723d-5ebf-bf4f-196a4352174f,"18,74",
ampere,1,resnet50_image,7g,4,sample,9,20.66092872619629,,,MIG-e6a72acc-723d-5ebf-bf4f-196a4352174f,"18,74",
ampere,1,resnet50_image,7g,4,sample,10,20.703231811523438,,,MIG-e6a72acc-723d-5ebf-bf4f-196a4352174f,"18,74",
ampere,1,resnet50_image,7g,4,sample,11,22.109888076782227,,,MIG-e6a72acc-723d-5ebf-bf4f-196a4352174f,"18,74",
ampere,1,resnet50_image,7g,4,sample,12,22.310144424438477,,,MIG-e6a72acc-723d-5ebf-bf4f-196a4352174f,"18,74",
ampere,1,resnet50_image,7g,4,sample,13,22.09609603881836,,,MIG-e6a72acc-723d-5ebf-bf4f-196a4352174f,"18,74",
ampere,1,resnet50_image,7g,4,sample,14,22.53875160217285,,,MIG-e6a72acc-723d-5ebf-bf4f-196a4352174f,"18,74",
ampere,1,resnet50_image,7g,4,sample,15,20.884191513061523,,,MIG-e6a72acc-723d-5ebf-bf4f-196a4352174f,"18,74",
ampere,1,resnet50_image,7g,4,sample,16,20.667455673217773,,,MIG-e6a72acc-723d-5ebf-bf4f-196a4352174f,"18,74",
ampere,1,resnet50_image,7g,4,sample,17,20.758975982666016,,,MIG-e6a72acc-723d-5ebf-bf4f-196a4352174f,"18,74",
ampere,1,resnet50_image,7g,4,sample,18,21.682016372680664,,,MIG-e6a72acc-723d-5ebf-bf4f-196a4352174f,"18,74",
ampere,1,resnet50_image,7g,4,sample,19,22.260671615600586,,,MIG-e6a72acc-723d-5ebf-bf4f-196a4352174f,"18,74",
ampere,1,resnet50_image,7g,4,sample,20,21.827903747558594,,,MIG-e6a72acc-723d-5ebf-bf4f-196a4352174f,"18,74",
ampere,1,resnet50_image,7g,4,sample,21,22.068479537963867,,,MIG-e6a72acc-723d-5ebf-bf4f-196a4352174f,"18,74",
ampere,1,resnet50_image,7g,4,sample,22,21.86479949951172,,,MIG-e6a72acc-723d-5ebf-bf4f-196a4352174f,"18,74",
ampere,1,resnet50_image,7g,4,sample,23,22.34636878967285,,,MIG-e6a72acc-723d-5ebf-bf4f-196a4352174f,"18,74",
ampere,1,resnet50_image,7g,4,sample,24,21.67750358581543,,,MIG-e6a72acc-723d-5ebf-bf4f-196a4352174f,"18,74",
ampere,1,resnet50_image,7g,4,sample,25,22.015071868896484,,,MIG-e6a72acc-723d-5ebf-bf4f-196a4352174f,"18,74",
ampere,1,resnet50_image,7g,4,sample,26,21.909120559692383,,,MIG-e6a72acc-723d-5ebf-bf4f-196a4352174f,"18,74",
ampere,1,resnet50_image,7g,4,sample,27,21.237152099609375,,,MIG-e6a72acc-723d-5ebf-bf4f-196a4352174f,"18,74",
ampere,1,resnet50_image,7g,4,sample,28,20.68467140197754,,,MIG-e6a72acc-723d-5ebf-bf4f-196a4352174f,"18,74",
ampere,1,resnet50_image,7g,4,sample,29,20.715391159057617,,,MIG-e6a72acc-723d-5ebf-bf4f-196a4352174f,"18,74",
ampere,1,resnet50_image,7g,4,sample,30,22.073471069335938,,,MIG-e6a72acc-723d-5ebf-bf4f-196a4352174f,"18,74",
ampere,1,resnet50_image,7g,4,sample,31,21.86025619506836,,,MIG-e6a72acc-723d-5ebf-bf4f-196a4352174f,"18,74",
ampere,1,resnet50_image,7g,4,sample,32,22.338720321655273,,,MIG-e6a72acc-723d-5ebf-bf4f-196a4352174f,"18,74",
ampere,1,resnet50_image,7g,4,sample,33,21.8637752532959,,,MIG-e6a72acc-723d-5ebf-bf4f-196a4352174f,"18,74",
ampere,1,resnet50_image,7g,4,sample,34,22.230783462524414,,,MIG-e6a72acc-723d-5ebf-bf4f-196a4352174f,"18,74",
ampere,1,resnet50_image,7g,4,sample,35,22.25494384765625,,,MIG-e6a72acc-723d-5ebf-bf4f-196a4352174f,"18,74",
ampere,1,resnet50_image,7g,4,sample,36,20.898784637451172,,,MIG-e6a72acc-723d-5ebf-bf4f-196a4352174f,"18,74",
ampere,1,resnet50_image,7g,4,sample,37,20.650047302246094,,,MIG-e6a72acc-723d-5ebf-bf4f-196a4352174f,"18,74",
ampere,1,resnet50_image,7g,4,sample,38,20.653247833251953,,,MIG-e6a72acc-723d-5ebf-bf4f-196a4352174f,"18,74",
ampere,1,resnet50_image,7g,4,sample,39,20.87615966796875,,,MIG-e6a72acc-723d-5ebf-bf4f-196a4352174f,"18,74",
ampere,1,resnet50_image,7g,4,sample,40,22.285472869873047,,,MIG-e6a72acc-723d-5ebf-bf4f-196a4352174f,"18,74",
ampere,1,resnet50_image,7g,4,sample,41,21.989023208618164,,,MIG-e6a72acc-723d-5ebf-bf4f-196a4352174f,"18,74",
ampere,1,resnet50_image,7g,4,sample,42,22.45907211303711,,,MIG-e6a72acc-723d-5ebf-bf4f-196a4352174f,"18,74",
ampere,1,resnet50_image,7g,4,sample,43,21.1727352142334,,,MIG-e6a72acc-723d-5ebf-bf4f-196a4352174f,"18,74",
ampere,1,resnet50_image,7g,4,sample,44,21.457504272460938,,,MIG-e6a72acc-723d-5ebf-bf4f-196a4352174f,"18,74",
ampere,1,resnet50_image,7g,4,sample,45,22.359487533569336,,,MIG-e6a72acc-723d-5ebf-bf4f-196a4352174f,"18,74",
ampere,1,resnet50_image,7g,4,sample,46,22.011167526245117,,,MIG-e6a72acc-723d-5ebf-bf4f-196a4352174f,"18,74",
ampere,1,resnet50_image,7g,4,sample,47,22.12985610961914,,,MIG-e6a72acc-723d-5ebf-bf4f-196a4352174f,"18,74",
ampere,1,resnet50_image,7g,4,sample,48,21.884384155273438,,,MIG-e6a72acc-723d-5ebf-bf4f-196a4352174f,"18,74",
ampere,1,resnet50_image,7g,4,sample,49,21.072288513183594,,,MIG-e6a72acc-723d-5ebf-bf4f-196a4352174f,"18,74",
ampere,1,resnet50_image,7g,16,warmup,0,22.48703956604004,,,MIG-e6a72acc-723d-5ebf-bf4f-196a4352174f,"18,74",
ampere,1,resnet50_image,7g,16,warmup,1,20.689855575561523,,,MIG-e6a72acc-723d-5ebf-bf4f-196a4352174f,"18,74",
ampere,1,resnet50_image,7g,16,warmup,2,21.309120178222656,,,MIG-e6a72acc-723d-5ebf-bf4f-196a4352174f,"18,74",
ampere,1,resnet50_image,7g,16,warmup,3,21.452255249023438,,,MIG-e6a72acc-723d-5ebf-bf4f-196a4352174f,"18,74",
ampere,1,resnet50_image,7g,16,warmup,4,21.30780792236328,,,MIG-e6a72acc-723d-5ebf-bf4f-196a4352174f,"18,74",
ampere,1,resnet50_image,7g,16,warmup,5,20.718048095703125,,,MIG-e6a72acc-723d-5ebf-bf4f-196a4352174f,"18,74",
ampere,1,resnet50_image,7g,16,warmup,6,20.714303970336914,,,MIG-e6a72acc-723d-5ebf-bf4f-196a4352174f,"18,74",
ampere,1,resnet50_image,7g,16,warmup,7,21.88934326171875,,,MIG-e6a72acc-723d-5ebf-bf4f-196a4352174f,"18,74",
ampere,1,resnet50_image,7g,16,warmup,8,22.42019271850586,,,MIG-e6a72acc-723d-5ebf-bf4f-196a4352174f,"18,74",
ampere,1,resnet50_image,7g,16,warmup,9,22.01705551147461,,,MIG-e6a72acc-723d-5ebf-bf4f-196a4352174f,"18,74",
ampere,1,resnet50_image,7g,16,sample,0,22.367551803588867,,,MIG-e6a72acc-723d-5ebf-bf4f-196a4352174f,"18,74",
ampere,1,resnet50_image,7g,16,sample,1,21.719295501708984,,,MIG-e6a72acc-723d-5ebf-bf4f-196a4352174f,"18,74",
ampere,1,resnet50_image,7g,16,sample,2,22.172128677368164,,,MIG-e6a72acc-723d-5ebf-bf4f-196a4352174f,"18,74",
ampere,1,resnet50_image,7g,16,sample,3,22.469728469848633,,,MIG-e6a72acc-723d-5ebf-bf4f-196a4352174f,"18,74",
ampere,1,resnet50_image,7g,16,sample,4,21.629152297973633,,,MIG-e6a72acc-723d-5ebf-bf4f-196a4352174f,"18,74",
ampere,1,resnet50_image,7g,16,sample,5,20.672256469726562,,,MIG-e6a72acc-723d-5ebf-bf4f-196a4352174f,"18,74",
ampere,1,resnet50_image,7g,16,sample,6,20.694591522216797,,,MIG-e6a72acc-723d-5ebf-bf4f-196a4352174f,"18,74",
ampere,1,resnet50_image,7g,16,sample,7,21.294015884399414,,,MIG-e6a72acc-723d-5ebf-bf4f-196a4352174f,"18,74",
ampere,1,resnet50_image,7g,16,sample,8,20.715295791625977,,,MIG-e6a72acc-723d-5ebf-bf4f-196a4352174f,"18,74",
ampere,1,resnet50_image,7g,16,sample,9,20.691072463989258,,,MIG-e6a72acc-723d-5ebf-bf4f-196a4352174f,"18,74",
ampere,1,resnet50_image,7g,16,sample,10,20.655424118041992,,,MIG-e6a72acc-723d-5ebf-bf4f-196a4352174f,"18,74",
ampere,1,resnet50_image,7g,16,sample,11,21.384639739990234,,,MIG-e6a72acc-723d-5ebf-bf4f-196a4352174f,"18,74",
ampere,1,resnet50_image,7g,16,sample,12,21.72265625,,,MIG-e6a72acc-723d-5ebf-bf4f-196a4352174f,"18,74",
ampere,1,resnet50_image,7g,16,sample,13,20.85852813720703,,,MIG-e6a72acc-723d-5ebf-bf4f-196a4352174f,"18,74",
ampere,1,resnet50_image,7g,16,sample,14,22.369407653808594,,,MIG-e6a72acc-723d-5ebf-bf4f-196a4352174f,"18,74",
ampere,1,resnet50_image,7g,16,sample,15,21.792800903320312,,,MIG-e6a72acc-723d-5ebf-bf4f-196a4352174f,"18,74",
ampere,1,resnet50_image,7g,16,sample,16,22.754560470581055,,,MIG-e6a72acc-723d-5ebf-bf4f-196a4352174f,"18,74",
ampere,1,resnet50_image,7g,16,sample,17,21.353696823120117,,,MIG-e6a72acc-723d-5ebf-bf4f-196a4352174f,"18,74",
ampere,1,resnet50_image,7g,16,sample,18,22.469951629638672,,,MIG-e6a72acc-723d-5ebf-bf4f-196a4352174f,"18,74",
ampere,1,resnet50_image,7g,16,sample,19,21.709535598754883,,,MIG-e6a72acc-723d-5ebf-bf4f-196a4352174f,"18,74",
ampere,1,resnet50_image,7g,16,sample,20,20.68854331970215,,,MIG-e6a72acc-723d-5ebf-bf4f-196a4352174f,"18,74",
ampere,1,resnet50_image,7g,16,sample,21,20.7093448638916,,,MIG-e6a72acc-723d-5ebf-bf4f-196a4352174f,"18,74",
ampere,1,resnet50_image,7g,16,sample,22,20.705280303955078,,,MIG-e6a72acc-723d-5ebf-bf4f-196a4352174f,"18,74",
ampere,1,resnet50_image,7g,16,sample,23,21.692928314208984,,,MIG-e6a72acc-723d-5ebf-bf4f-196a4352174f,"18,74",
ampere,1,resnet50_image,7g,16,sample,24,21.938560485839844,,,MIG-e6a72acc-723d-5ebf-bf4f-196a4352174f,"18,74",
ampere,1,resnet50_image,7g,16,sample,25,22.344959259033203,,,MIG-e6a72acc-723d-5ebf-bf4f-196a4352174f,"18,74",
ampere,1,resnet50_image,7g,16,sample,26,20.890335083007812,,,MIG-e6a72acc-723d-5ebf-bf4f-196a4352174f,"18,74",
ampere,1,resnet50_image,7g,16,sample,27,22.15839958190918,,,MIG-e6a72acc-723d-5ebf-bf4f-196a4352174f,"18,74",
ampere,1,resnet50_image,7g,16,sample,28,22.338207244873047,,,MIG-e6a72acc-723d-5ebf-bf4f-196a4352174f,"18,74",
ampere,1,resnet50_image,7g,16,sample,29,22.348064422607422,,,MIG-e6a72acc-723d-5ebf-bf4f-196a4352174f,"18,74",
ampere,1,resnet50_image,7g,16,sample,30,20.69900894165039,,,MIG-e6a72acc-723d-5ebf-bf4f-196a4352174f,"18,74",
ampere,1,resnet50_image,7g,16,sample,31,21.536096572875977,,,MIG-e6a72acc-723d-5ebf-bf4f-196a4352174f,"18,74",
ampere,1,resnet50_image,7g,16,sample,32,21.940448760986328,,,MIG-e6a72acc-723d-5ebf-bf4f-196a4352174f,"18,74",
ampere,1,resnet50_image,7g,16,sample,33,22.177536010742188,,,MIG-e6a72acc-723d-5ebf-bf4f-196a4352174f,"18,74",
ampere,1,resnet50_image,7g,16,sample,34,21.245439529418945,,,MIG-e6a72acc-723d-5ebf-bf4f-196a4352174f,"18,74",
ampere,1,resnet50_image,7g,16,sample,35,21.312576293945312,,,MIG-e6a72acc-723d-5ebf-bf4f-196a4352174f,"18,74",
ampere,1,resnet50_image,7g,16,sample,36,20.672895431518555,,,MIG-e6a72acc-723d-5ebf-bf4f-196a4352174f,"18,74",
ampere,1,resnet50_image,7g,16,sample,37,20.900192260742188,,,MIG-e6a72acc-723d-5ebf-bf4f-196a4352174f,"18,74",
ampere,1,resnet50_image,7g,16,sample,38,21.326656341552734,,,MIG-e6a72acc-723d-5ebf-bf4f-196a4352174f,"18,74",
ampere,1,resnet50_image,7g,16,sample,39,20.6777286529541,,,MIG-e6a72acc-723d-5ebf-bf4f-196a4352174f,"18,74",
ampere,1,resnet50_image,7g,16,sample,40,20.758464813232422,,,MIG-e6a72acc-723d-5ebf-bf4f-196a4352174f,"18,74",
ampere,1,resnet50_image,7g,16,sample,41,20.67241668701172,,,MIG-e6a72acc-723d-5ebf-bf4f-196a4352174f,"18,74",
ampere,1,resnet50_image,7g,16,sample,42,21.784927368164062,,,MIG-e6a72acc-723d-5ebf-bf4f-196a4352174f,"18,74",
ampere,1,resnet50_image,7g,16,sample,43,22.381919860839844,,,MIG-e6a72acc-723d-5ebf-bf4f-196a4352174f,"18,74",
ampere,1,resnet50_image,7g,16,sample,44,22.294368743896484,,,MIG-e6a72acc-723d-5ebf-bf4f-196a4352174f,"18,74",
ampere,1,resnet50_image,7g,16,sample,45,22.316864013671875,,,MIG-e6a72acc-723d-5ebf-bf4f-196a4352174f,"18,74",
ampere,1,resnet50_image,7g,16,sample,46,22.04591941833496,,,MIG-e6a72acc-723d-5ebf-bf4f-196a4352174f,"18,74",
ampere,1,resnet50_image,7g,16,sample,47,21.927776336669922,,,MIG-e6a72acc-723d-5ebf-bf4f-196a4352174f,"18,74",
ampere,1,resnet50_image,7g,16,sample,48,21.20582389831543,,,MIG-e6a72acc-723d-5ebf-bf4f-196a4352174f,"18,74",
ampere,1,resnet50_image,7g,16,sample,49,20.654464721679688,,,MIG-e6a72acc-723d-5ebf-bf4f-196a4352174f,"18,74",
ampere,1,resnet50_image,7g,32,warmup,0,24.291744232177734,,,MIG-e6a72acc-723d-5ebf-bf4f-196a4352174f,"18,74",
ampere,1,resnet50_image,7g,32,warmup,1,20.899263381958008,,,MIG-e6a72acc-723d-5ebf-bf4f-196a4352174f,"18,74",
ampere,1,resnet50_image,7g,32,warmup,2,21.571807861328125,,,MIG-e6a72acc-723d-5ebf-bf4f-196a4352174f,"18,74",
ampere,1,resnet50_image,7g,32,warmup,3,26.58310317993164,,,MIG-e6a72acc-723d-5ebf-bf4f-196a4352174f,"18,74",
ampere,1,resnet50_image,7g,32,warmup,4,21.617504119873047,,,MIG-e6a72acc-723d-5ebf-bf4f-196a4352174f,"18,74",
ampere,1,resnet50_image,7g,32,warmup,5,22.28611183166504,,,MIG-e6a72acc-723d-5ebf-bf4f-196a4352174f,"18,74",
ampere,1,resnet50_image,7g,32,warmup,6,20.860671997070312,,,MIG-e6a72acc-723d-5ebf-bf4f-196a4352174f,"18,74",
ampere,1,resnet50_image,7g,32,warmup,7,21.919584274291992,,,MIG-e6a72acc-723d-5ebf-bf4f-196a4352174f,"18,74",
ampere,1,resnet50_image,7g,32,warmup,8,22.340736389160156,,,MIG-e6a72acc-723d-5ebf-bf4f-196a4352174f,"18,74",
ampere,1,resnet50_image,7g,32,warmup,9,21.738367080688477,,,MIG-e6a72acc-723d-5ebf-bf4f-196a4352174f,"18,74",
ampere,1,resnet50_image,7g,32,sample,0,20.65350341796875,,,MIG-e6a72acc-723d-5ebf-bf4f-196a4352174f,"18,74",
ampere,1,resnet50_image,7g,32,sample,1,20.65340805053711,,,MIG-e6a72acc-723d-5ebf-bf4f-196a4352174f,"18,74",
ampere,1,resnet50_image,7g,32,sample,2,21.089567184448242,,,MIG-e6a72acc-723d-5ebf-bf4f-196a4352174f,"18,74",
ampere,1,resnet50_image,7g,32,sample,3,21.078880310058594,,,MIG-e6a72acc-723d-5ebf-bf4f-196a4352174f,"18,74",
ampere,1,resnet50_image,7g,32,sample,4,20.656288146972656,,,MIG-e6a72acc-723d-5ebf-bf4f-196a4352174f,"18,74",
ampere,1,resnet50_image,7g,32,sample,5,20.645631790161133,,,MIG-e6a72acc-723d-5ebf-bf4f-196a4352174f,"18,74",
ampere,1,resnet50_image,7g,32,sample,6,20.6760311126709,,,MIG-e6a72acc-723d-5ebf-bf4f-196a4352174f,"18,74",
ampere,1,resnet50_image,7g,32,sample,7,20.67967987060547,,,MIG-e6a72acc-723d-5ebf-bf4f-196a4352174f,"18,74",
ampere,1,resnet50_image,7g,32,sample,8,21.05241584777832,,,MIG-e6a72acc-723d-5ebf-bf4f-196a4352174f,"18,74",
ampere,1,resnet50_image,7g,32,sample,9,21.048095703125,,,MIG-e6a72acc-723d-5ebf-bf4f-196a4352174f,"18,74",
ampere,1,resnet50_image,7g,32,sample,10,20.72012710571289,,,MIG-e6a72acc-723d-5ebf-bf4f-196a4352174f,"18,74",
ampere,1,resnet50_image,7g,32,sample,11,20.677471160888672,,,MIG-e6a72acc-723d-5ebf-bf4f-196a4352174f,"18,74",
ampere,1,resnet50_image,7g,32,sample,12,20.819904327392578,,,MIG-e6a72acc-723d-5ebf-bf4f-196a4352174f,"18,74",
ampere,1,resnet50_image,7g,32,sample,13,21.831392288208008,,,MIG-e6a72acc-723d-5ebf-bf4f-196a4352174f,"18,74",
ampere,1,resnet50_image,7g,32,sample,14,21.48182487487793,,,MIG-e6a72acc-723d-5ebf-bf4f-196a4352174f,"18,74",
ampere,1,resnet50_image,7g,32,sample,15,20.85798454284668,,,MIG-e6a72acc-723d-5ebf-bf4f-196a4352174f,"18,74",
ampere,1,resnet50_image,7g,32,sample,16,20.63420867919922,,,MIG-e6a72acc-723d-5ebf-bf4f-196a4352174f,"18,74",
ampere,1,resnet50_image,7g,32,sample,17,20.61574363708496,,,MIG-e6a72acc-723d-5ebf-bf4f-196a4352174f,"18,74",
ampere,1,resnet50_image,7g,32,sample,18,27.952896118164062,,,MIG-e6a72acc-723d-5ebf-bf4f-196a4352174f,"18,74",
ampere,1,resnet50_image,7g,32,sample,19,21.89971160888672,,,MIG-e6a72acc-723d-5ebf-bf4f-196a4352174f,"18,74",
ampere,1,resnet50_image,7g,32,sample,20,21.980159759521484,,,MIG-e6a72acc-723d-5ebf-bf4f-196a4352174f,"18,74",
ampere,1,resnet50_image,7g,32,sample,21,21.821664810180664,,,MIG-e6a72acc-723d-5ebf-bf4f-196a4352174f,"18,74",
ampere,1,resnet50_image,7g,32,sample,22,22.54742431640625,,,MIG-e6a72acc-723d-5ebf-bf4f-196a4352174f,"18,74",
ampere,1,resnet50_image,7g,32,sample,23,20.720319747924805,,,MIG-e6a72acc-723d-5ebf-bf4f-196a4352174f,"18,74",
ampere,1,resnet50_image,7g,32,sample,24,21.70560073852539,,,MIG-e6a72acc-723d-5ebf-bf4f-196a4352174f,"18,74",
ampere,1,resnet50_image,7g,32,sample,25,20.929439544677734,,,MIG-e6a72acc-723d-5ebf-bf4f-196a4352174f,"18,74",
ampere,1,resnet50_image,7g,32,sample,26,20.66217613220215,,,MIG-e6a72acc-723d-5ebf-bf4f-196a4352174f,"18,74",
ampere,1,resnet50_image,7g,32,sample,27,21.843616485595703,,,MIG-e6a72acc-723d-5ebf-bf4f-196a4352174f,"18,74",
ampere,1,resnet50_image,7g,32,sample,28,21.2291202545166,,,MIG-e6a72acc-723d-5ebf-bf4f-196a4352174f,"18,74",
ampere,1,resnet50_image,7g,32,sample,29,22.35513687133789,,,MIG-e6a72acc-723d-5ebf-bf4f-196a4352174f,"18,74",
ampere,1,resnet50_image,7g,32,sample,30,21.63599967956543,,,MIG-e6a72acc-723d-5ebf-bf4f-196a4352174f,"18,74",
ampere,1,resnet50_image,7g,32,sample,31,20.606624603271484,,,MIG-e6a72acc-723d-5ebf-bf4f-196a4352174f,"18,74",
ampere,1,resnet50_image,7g,32,sample,32,20.625600814819336,,,MIG-e6a72acc-723d-5ebf-bf4f-196a4352174f,"18,74",
ampere,1,resnet50_image,7g,32,sample,33,28.116287231445312,,,MIG-e6a72acc-723d-5ebf-bf4f-196a4352174f,"18,74",
ampere,1,resnet50_image,7g,32,sample,34,22.209056854248047,,,MIG-e6a72acc-723d-5ebf-bf4f-196a4352174f,"18,74",
ampere,1,resnet50_image,7g,32,sample,35,22.099424362182617,,,MIG-e6a72acc-723d-5ebf-bf4f-196a4352174f,"18,74",
ampere,1,resnet50_image,7g,32,sample,36,21.711200714111328,,,MIG-e6a72acc-723d-5ebf-bf4f-196a4352174f,"18,74",
ampere,1,resnet50_image,7g,32,sample,37,20.642911911010742,,,MIG-e6a72acc-723d-5ebf-bf4f-196a4352174f,"18,74",
ampere,1,resnet50_image,7g,32,sample,38,22.035680770874023,,,MIG-e6a72acc-723d-5ebf-bf4f-196a4352174f,"18,74",
ampere,1,resnet50_image,7g,32,sample,39,20.623231887817383,,,MIG-e6a72acc-723d-5ebf-bf4f-196a4352174f,"18,74",
ampere,1,resnet50_image,7g,32,sample,40,20.632383346557617,,,MIG-e6a72acc-723d-5ebf-bf4f-196a4352174f,"18,74",
ampere,1,resnet50_image,7g,32,sample,41,20.80384063720703,,,MIG-e6a72acc-723d-5ebf-bf4f-196a4352174f,"18,74",
ampere,1,resnet50_image,7g,32,sample,42,20.650880813598633,,,MIG-e6a72acc-723d-5ebf-bf4f-196a4352174f,"18,74",
ampere,1,resnet50_image,7g,32,sample,43,22.343616485595703,,,MIG-e6a72acc-723d-5ebf-bf4f-196a4352174f,"18,74",
ampere,1,resnet50_image,7g,32,sample,44,21.456287384033203,,,MIG-e6a72acc-723d-5ebf-bf4f-196a4352174f,"18,74",
ampere,1,resnet50_image,7g,32,sample,45,21.442495346069336,,,MIG-e6a72acc-723d-5ebf-bf4f-196a4352174f,"18,74",
ampere,1,resnet50_image,7g,32,sample,46,21.557920455932617,,,MIG-e6a72acc-723d-5ebf-bf4f-196a4352174f,"18,74",
ampere,1,resnet50_image,7g,32,sample,47,20.62985610961914,,,MIG-e6a72acc-723d-5ebf-bf4f-196a4352174f,"18,74",
ampere,1,resnet50_image,7g,32,sample,48,20.616384506225586,,,MIG-e6a72acc-723d-5ebf-bf4f-196a4352174f,"18,74",
ampere,1,resnet50_image,7g,32,sample,49,20.62758445739746,,,MIG-e6a72acc-723d-5ebf-bf4f-196a4352174f,"18,74",
ampere,1,resnet50_image,7g,64,warmup,0,24.976383209228516,,,MIG-e6a72acc-723d-5ebf-bf4f-196a4352174f,"18,74",
ampere,1,resnet50_image,7g,64,warmup,1,23.79267120361328,,,MIG-e6a72acc-723d-5ebf-bf4f-196a4352174f,"18,74",
ampere,1,resnet50_image,7g,64,warmup,2,23.972320556640625,,,MIG-e6a72acc-723d-5ebf-bf4f-196a4352174f,"18,74",
ampere,1,resnet50_image,7g,64,warmup,3,24.079679489135742,,,MIG-e6a72acc-723d-5ebf-bf4f-196a4352174f,"18,74",
ampere,1,resnet50_image,7g,64,warmup,4,24.382591247558594,,,MIG-e6a72acc-723d-5ebf-bf4f-196a4352174f,"18,74",
ampere,1,resnet50_image,7g,64,warmup,5,24.03455924987793,,,MIG-e6a72acc-723d-5ebf-bf4f-196a4352174f,"18,74",
ampere,1,resnet50_image,7g,64,warmup,6,24.002304077148438,,,MIG-e6a72acc-723d-5ebf-bf4f-196a4352174f,"18,74",
ampere,1,resnet50_image,7g,64,warmup,7,23.99180793762207,,,MIG-e6a72acc-723d-5ebf-bf4f-196a4352174f,"18,74",
ampere,1,resnet50_image,7g,64,warmup,8,24.108095169067383,,,MIG-e6a72acc-723d-5ebf-bf4f-196a4352174f,"18,74",
ampere,1,resnet50_image,7g,64,warmup,9,24.044063568115234,,,MIG-e6a72acc-723d-5ebf-bf4f-196a4352174f,"18,74",
ampere,1,resnet50_image,7g,64,sample,0,25.908384323120117,,,MIG-e6a72acc-723d-5ebf-bf4f-196a4352174f,"18,74",
ampere,1,resnet50_image,7g,64,sample,1,23.982879638671875,,,MIG-e6a72acc-723d-5ebf-bf4f-196a4352174f,"18,74",
ampere,1,resnet50_image,7g,64,sample,2,24.242048263549805,,,MIG-e6a72acc-723d-5ebf-bf4f-196a4352174f,"18,74",
ampere,1,resnet50_image,7g,64,sample,3,24.04025650024414,,,MIG-e6a72acc-723d-5ebf-bf4f-196a4352174f,"18,74",
ampere,1,resnet50_image,7g,64,sample,4,24.205472946166992,,,MIG-e6a72acc-723d-5ebf-bf4f-196a4352174f,"18,74",
ampere,1,resnet50_image,7g,64,sample,5,24.040992736816406,,,MIG-e6a72acc-723d-5ebf-bf4f-196a4352174f,"18,74",
ampere,1,resnet50_image,7g,64,sample,6,24.31996726989746,,,MIG-e6a72acc-723d-5ebf-bf4f-196a4352174f,"18,74",
ampere,1,resnet50_image,7g,64,sample,7,23.91334342956543,,,MIG-e6a72acc-723d-5ebf-bf4f-196a4352174f,"18,74",
ampere,1,resnet50_image,7g,64,sample,8,24.41644859313965,,,MIG-e6a72acc-723d-5ebf-bf4f-196a4352174f,"18,74",
ampere,1,resnet50_image,7g,64,sample,9,24.089792251586914,,,MIG-e6a72acc-723d-5ebf-bf4f-196a4352174f,"18,74",
ampere,1,resnet50_image,7g,64,sample,10,24.416351318359375,,,MIG-e6a72acc-723d-5ebf-bf4f-196a4352174f,"18,74",
ampere,1,resnet50_image,7g,64,sample,11,24.101024627685547,,,MIG-e6a72acc-723d-5ebf-bf4f-196a4352174f,"18,74",
ampere,1,resnet50_image,7g,64,sample,12,24.299232482910156,,,MIG-e6a72acc-723d-5ebf-bf4f-196a4352174f,"18,74",
ampere,1,resnet50_image,7g,64,sample,13,24.007488250732422,,,MIG-e6a72acc-723d-5ebf-bf4f-196a4352174f,"18,74",
ampere,1,resnet50_image,7g,64,sample,14,24.307743072509766,,,MIG-e6a72acc-723d-5ebf-bf4f-196a4352174f,"18,74",
ampere,1,resnet50_image,7g,64,sample,15,24.01740837097168,,,MIG-e6a72acc-723d-5ebf-bf4f-196a4352174f,"18,74",
ampere,1,resnet50_image,7g,64,sample,16,24.227455139160156,,,MIG-e6a72acc-723d-5ebf-bf4f-196a4352174f,"18,74",
ampere,1,resnet50_image,7g,64,sample,17,24.018400192260742,,,MIG-e6a72acc-723d-5ebf-bf4f-196a4352174f,"18,74",
ampere,1,resnet50_image,7g,64,sample,18,24.348031997680664,,,MIG-e6a72acc-723d-5ebf-bf4f-196a4352174f,"18,74",
ampere,1,resnet50_image,7g,64,sample,19,24.139360427856445,,,MIG-e6a72acc-723d-5ebf-bf4f-196a4352174f,"18,74",
ampere,1,resnet50_image,7g,64,sample,20,24.220544815063477,,,MIG-e6a72acc-723d-5ebf-bf4f-196a4352174f,"18,74",
ampere,1,resnet50_image,7g,64,sample,21,24.061695098876953,,,MIG-e6a72acc-723d-5ebf-bf4f-196a4352174f,"18,74",
ampere,1,resnet50_image,7g,64,sample,22,24.511680603027344,,,MIG-e6a72acc-723d-5ebf-bf4f-196a4352174f,"18,74",
ampere,1,resnet50_image,7g,64,sample,23,23.922815322875977,,,MIG-e6a72acc-723d-5ebf-bf4f-196a4352174f,"18,74",
ampere,1,resnet50_image,7g,64,sample,24,24.343008041381836,,,MIG-e6a72acc-723d-5ebf-bf4f-196a4352174f,"18,74",
ampere,1,resnet50_image,7g,64,sample,25,24.092960357666016,,,MIG-e6a72acc-723d-5ebf-bf4f-196a4352174f,"18,74",
ampere,1,resnet50_image,7g,64,sample,26,24.30022430419922,,,MIG-e6a72acc-723d-5ebf-bf4f-196a4352174f,"18,74",
ampere,1,resnet50_image,7g,64,sample,27,23.990720748901367,,,MIG-e6a72acc-723d-5ebf-bf4f-196a4352174f,"18,74",
ampere,1,resnet50_image,7g,64,sample,28,24.300960540771484,,,MIG-e6a72acc-723d-5ebf-bf4f-196a4352174f,"18,74",
ampere,1,resnet50_image,7g,64,sample,29,24.004383087158203,,,MIG-e6a72acc-723d-5ebf-bf4f-196a4352174f,"18,74",
ampere,1,resnet50_image,7g,64,sample,30,24.108448028564453,,,MIG-e6a72acc-723d-5ebf-bf4f-196a4352174f,"18,74",
ampere,1,resnet50_image,7g,64,sample,31,23.885055541992188,,,MIG-e6a72acc-723d-5ebf-bf4f-196a4352174f,"18,74",
ampere,1,resnet50_image,7g,64,sample,32,24.561664581298828,,,MIG-e6a72acc-723d-5ebf-bf4f-196a4352174f,"18,74",
ampere,1,resnet50_image,7g,64,sample,33,23.977920532226562,,,MIG-e6a72acc-723d-5ebf-bf4f-196a4352174f,"18,74",
ampere,1,resnet50_image,7g,64,sample,34,24.260608673095703,,,MIG-e6a72acc-723d-5ebf-bf4f-196a4352174f,"18,74",
ampere,1,resnet50_image,7g,64,sample,35,24.338687896728516,,,MIG-e6a72acc-723d-5ebf-bf4f-196a4352174f,"18,74",
ampere,1,resnet50_image,7g,64,sample,36,24.605119705200195,,,MIG-e6a72acc-723d-5ebf-bf4f-196a4352174f,"18,74",
ampere,1,resnet50_image,7g,64,sample,37,24.176671981811523,,,MIG-e6a72acc-723d-5ebf-bf4f-196a4352174f,"18,74",
ampere,1,resnet50_image,7g,64,sample,38,24.31769561767578,,,MIG-e6a72acc-723d-5ebf-bf4f-196a4352174f,"18,74",
ampere,1,resnet50_image,7g,64,sample,39,23.875743865966797,,,MIG-e6a72acc-723d-5ebf-bf4f-196a4352174f,"18,74",
ampere,1,resnet50_image,7g,64,sample,40,24.26460838317871,,,MIG-e6a72acc-723d-5ebf-bf4f-196a4352174f,"18,74",
ampere,1,resnet50_image,7g,64,sample,41,24.000160217285156,,,MIG-e6a72acc-723d-5ebf-bf4f-196a4352174f,"18,74",
ampere,1,resnet50_image,7g,64,sample,42,24.247167587280273,,,MIG-e6a72acc-723d-5ebf-bf4f-196a4352174f,"18,74",
ampere,1,resnet50_image,7g,64,sample,43,23.96883201599121,,,MIG-e6a72acc-723d-5ebf-bf4f-196a4352174f,"18,74",
ampere,1,resnet50_image,7g,64,sample,44,24.246047973632812,,,MIG-e6a72acc-723d-5ebf-bf4f-196a4352174f,"18,74",
ampere,1,resnet50_image,7g,64,sample,45,24.255104064941406,,,MIG-e6a72acc-723d-5ebf-bf4f-196a4352174f,"18,74",
ampere,1,resnet50_image,7g,64,sample,46,24.23651123046875,,,MIG-e6a72acc-723d-5ebf-bf4f-196a4352174f,"18,74",
ampere,1,resnet50_image,7g,64,sample,47,24.43280029296875,,,MIG-e6a72acc-723d-5ebf-bf4f-196a4352174f,"18,74",
ampere,1,resnet50_image,7g,64,sample,48,23.94153594970703,,,MIG-e6a72acc-723d-5ebf-bf4f-196a4352174f,"18,74",
ampere,1,resnet50_image,7g,64,sample,49,24.05072021484375,,,MIG-e6a72acc-723d-5ebf-bf4f-196a4352174f,"18,74",
ampere,1,vgg16_image,7g,1,warmup,0,17.996383666992188,,,MIG-e6a72acc-723d-5ebf-bf4f-196a4352174f,"18,74",
ampere,1,vgg16_image,7g,1,warmup,1,8.639871597290039,,,MIG-e6a72acc-723d-5ebf-bf4f-196a4352174f,"18,74",
ampere,1,vgg16_image,7g,1,warmup,2,8.030816078186035,,,MIG-e6a72acc-723d-5ebf-bf4f-196a4352174f,"18,74",
ampere,1,vgg16_image,7g,1,warmup,3,8.416031837463379,,,MIG-e6a72acc-723d-5ebf-bf4f-196a4352174f,"18,74",
ampere,1,vgg16_image,7g,1,warmup,4,9.162015914916992,,,MIG-e6a72acc-723d-5ebf-bf4f-196a4352174f,"18,74",
ampere,1,vgg16_image,7g,1,warmup,5,7.958432197570801,,,MIG-e6a72acc-723d-5ebf-bf4f-196a4352174f,"18,74",
ampere,1,vgg16_image,7g,1,warmup,6,7.961664199829102,,,MIG-e6a72acc-723d-5ebf-bf4f-196a4352174f,"18,74",
ampere,1,vgg16_image,7g,1,warmup,7,7.946752071380615,,,MIG-e6a72acc-723d-5ebf-bf4f-196a4352174f,"18,74",
ampere,1,vgg16_image,7g,1,warmup,8,7.943967819213867,,,MIG-e6a72acc-723d-5ebf-bf4f-196a4352174f,"18,74",
ampere,1,vgg16_image,7g,1,warmup,9,8.111776351928711,,,MIG-e6a72acc-723d-5ebf-bf4f-196a4352174f,"18,74",
ampere,1,vgg16_image,7g,1,sample,0,7.9785919189453125,,,MIG-e6a72acc-723d-5ebf-bf4f-196a4352174f,"18,74",
ampere,1,vgg16_image,7g,1,sample,1,7.949471950531006,,,MIG-e6a72acc-723d-5ebf-bf4f-196a4352174f,"18,74",
ampere,1,vgg16_image,7g,1,sample,2,7.95692777633667,,,MIG-e6a72acc-723d-5ebf-bf4f-196a4352174f,"18,74",
ampere,1,vgg16_image,7g,1,sample,3,9.61292839050293,,,MIG-e6a72acc-723d-5ebf-bf4f-196a4352174f,"18,74",
ampere,1,vgg16_image,7g,1,sample,4,8.433792114257812,,,MIG-e6a72acc-723d-5ebf-bf4f-196a4352174f,"18,74",
ampere,1,vgg16_image,7g,1,sample,5,9.673376083374023,,,MIG-e6a72acc-723d-5ebf-bf4f-196a4352174f,"18,74",
ampere,1,vgg16_image,7g,1,sample,6,8.006112098693848,,,MIG-e6a72acc-723d-5ebf-bf4f-196a4352174f,"18,74",
ampere,1,vgg16_image,7g,1,sample,7,7.97219181060791,,,MIG-e6a72acc-723d-5ebf-bf4f-196a4352174f,"18,74",
ampere,1,vgg16_image,7g,1,sample,8,8.201024055480957,,,MIG-e6a72acc-723d-5ebf-bf4f-196a4352174f,"18,74",
ampere,1,vgg16_image,7g,1,sample,9,9.703071594238281,,,MIG-e6a72acc-723d-5ebf-bf4f-196a4352174f,"18,74",
ampere,1,vgg16_image,7g,1,sample,10,8.750240325927734,,,MIG-e6a72acc-723d-5ebf-bf4f-196a4352174f,"18,74",
ampere,1,vgg16_image,7g,1,sample,11,8.17903995513916,,,MIG-e6a72acc-723d-5ebf-bf4f-196a4352174f,"18,74",
ampere,1,vgg16_image,7g,1,sample,12,9.589216232299805,,,MIG-e6a72acc-723d-5ebf-bf4f-196a4352174f,"18,74",
ampere,1,vgg16_image,7g,1,sample,13,7.9462080001831055,,,MIG-e6a72acc-723d-5ebf-bf4f-196a4352174f,"18,74",
ampere,1,vgg16_image,7g,1,sample,14,7.979167938232422,,,MIG-e6a72acc-723d-5ebf-bf4f-196a4352174f,"18,74",
ampere,1,vgg16_image,7g,1,sample,15,7.940256118774414,,,MIG-e6a72acc-723d-5ebf-bf4f-196a4352174f,"18,74",
ampere,1,vgg16_image,7g,1,sample,16,7.943935871124268,,,MIG-e6a72acc-723d-5ebf-bf4f-196a4352174f,"18,74",
ampere,1,vgg16_image,7g,1,sample,17,9.688032150268555,,,MIG-e6a72acc-723d-5ebf-bf4f-196a4352174f,"18,74",
ampere,1,vgg16_image,7g,1,sample,18,7.970272064208984,,,MIG-e6a72acc-723d-5ebf-bf4f-196a4352174f,"18,74",
ampere,1,vgg16_image,7g,1,sample,19,8.346464157104492,,,MIG-e6a72acc-723d-5ebf-bf4f-196a4352174f,"18,74",
ampere,1,vgg16_image,7g,1,sample,20,8.230655670166016,,,MIG-e6a72acc-723d-5ebf-bf4f-196a4352174f,"18,74",
ampere,1,vgg16_image,7g,1,sample,21,7.95033597946167,,,MIG-e6a72acc-723d-5ebf-bf4f-196a4352174f,"18,74",
ampere,1,vgg16_image,7g,1,sample,22,7.97599983215332,,,MIG-e6a72acc-723d-5ebf-bf4f-196a4352174f,"18,74",
ampere,1,vgg16_image,7g,1,sample,23,8.557439804077148,,,MIG-e6a72acc-723d-5ebf-bf4f-196a4352174f,"18,74",
ampere,1,vgg16_image,7g,1,sample,24,8.819295883178711,,,MIG-e6a72acc-723d-5ebf-bf4f-196a4352174f,"18,74",
ampere,1,vgg16_image,7g,1,sample,25,9.510784149169922,,,MIG-e6a72acc-723d-5ebf-bf4f-196a4352174f,"18,74",
ampere,1,vgg16_image,7g,1,sample,26,9.501919746398926,,,MIG-e6a72acc-723d-5ebf-bf4f-196a4352174f,"18,74",
ampere,1,vgg16_image,7g,1,sample,27,7.975232124328613,,,MIG-e6a72acc-723d-5ebf-bf4f-196a4352174f,"18,74",
ampere,1,vgg16_image,7g,1,sample,28,7.997600078582764,,,MIG-e6a72acc-723d-5ebf-bf4f-196a4352174f,"18,74",
ampere,1,vgg16_image,7g,1,sample,29,7.956223964691162,,,MIG-e6a72acc-723d-5ebf-bf4f-196a4352174f,"18,74",
ampere,1,vgg16_image,7g,1,sample,30,8.382911682128906,,,MIG-e6a72acc-723d-5ebf-bf4f-196a4352174f,"18,74",
ampere,1,vgg16_image,7g,1,sample,31,9.365632057189941,,,MIG-e6a72acc-723d-5ebf-bf4f-196a4352174f,"18,74",
ampere,1,vgg16_image,7g,1,sample,32,7.932159900665283,,,MIG-e6a72acc-723d-5ebf-bf4f-196a4352174f,"18,74",
ampere,1,vgg16_image,7g,1,sample,33,7.945216178894043,,,MIG-e6a72acc-723d-5ebf-bf4f-196a4352174f,"18,74",
ampere,1,vgg16_image,7g,1,sample,34,8.165727615356445,,,MIG-e6a72acc-723d-5ebf-bf4f-196a4352174f,"18,74",
ampere,1,vgg16_image,7g,1,sample,35,7.967328071594238,,,MIG-e6a72acc-723d-5ebf-bf4f-196a4352174f,"18,74",
ampere,1,vgg16_image,7g,1,sample,36,7.937344074249268,,,MIG-e6a72acc-723d-5ebf-bf4f-196a4352174f,"18,74",
ampere,1,vgg16_image,7g,1,sample,37,7.987872123718262,,,MIG-e6a72acc-723d-5ebf-bf4f-196a4352174f,"18,74",
ampere,1,vgg16_image,7g,1,sample,38,8.597536087036133,,,MIG-e6a72acc-723d-5ebf-bf4f-196a4352174f,"18,74",
ampere,1,vgg16_image,7g,1,sample,39,9.321439743041992,,,MIG-e6a72acc-723d-5ebf-bf4f-196a4352174f,"18,74",
ampere,1,vgg16_image,7g,1,sample,40,8.633536338806152,,,MIG-e6a72acc-723d-5ebf-bf4f-196a4352174f,"18,74",
ampere,1,vgg16_image,7g,1,sample,41,7.994847774505615,,,MIG-e6a72acc-723d-5ebf-bf4f-196a4352174f,"18,74",
ampere,1,vgg16_image,7g,1,sample,42,8.552096366882324,,,MIG-e6a72acc-723d-5ebf-bf4f-196a4352174f,"18,74",
ampere,1,vgg16_image,7g,1,sample,43,9.542719841003418,,,MIG-e6a72acc-723d-5ebf-bf4f-196a4352174f,"18,74",
ampere,1,vgg16_image,7g,1,sample,44,7.999040126800537,,,MIG-e6a72acc-723d-5ebf-bf4f-196a4352174f,"18,74",
ampere,1,vgg16_image,7g,1,sample,45,7.978784084320068,,,MIG-e6a72acc-723d-5ebf-bf4f-196a4352174f,"18,74",
ampere,1,vgg16_image,7g,1,sample,46,9.709952354431152,,,MIG-e6a72acc-723d-5ebf-bf4f-196a4352174f,"18,74",
ampere,1,vgg16_image,7g,1,sample,47,8.574655532836914,,,MIG-e6a72acc-723d-5ebf-bf4f-196a4352174f,"18,74",
ampere,1,vgg16_image,7g,1,sample,48,7.980800151824951,,,MIG-e6a72acc-723d-5ebf-bf4f-196a4352174f,"18,74",
ampere,1,vgg16_image,7g,1,sample,49,8.737215995788574,,,MIG-e6a72acc-723d-5ebf-bf4f-196a4352174f,"18,74",
ampere,1,vgg16_image,7g,4,warmup,0,20.972511291503906,,,MIG-e6a72acc-723d-5ebf-bf4f-196a4352174f,"18,74",
ampere,1,vgg16_image,7g,4,warmup,1,8.464159965515137,,,MIG-e6a72acc-723d-5ebf-bf4f-196a4352174f,"18,74",
ampere,1,vgg16_image,7g,4,warmup,2,8.181056022644043,,,MIG-e6a72acc-723d-5ebf-bf4f-196a4352174f,"18,74",
ampere,1,vgg16_image,7g,4,warmup,3,8.207807540893555,,,MIG-e6a72acc-723d-5ebf-bf4f-196a4352174f,"18,74",
ampere,1,vgg16_image,7g,4,warmup,4,8.196703910827637,,,MIG-e6a72acc-723d-5ebf-bf4f-196a4352174f,"18,74",
ampere,1,vgg16_image,7g,4,warmup,5,8.788384437561035,,,MIG-e6a72acc-723d-5ebf-bf4f-196a4352174f,"18,74",
ampere,1,vgg16_image,7g,4,warmup,6,8.630880355834961,,,MIG-e6a72acc-723d-5ebf-bf4f-196a4352174f,"18,74",
ampere,1,vgg16_image,7g,4,warmup,7,8.234880447387695,,,MIG-e6a72acc-723d-5ebf-bf4f-196a4352174f,"18,74",
ampere,1,vgg16_image,7g,4,warmup,8,8.606207847595215,,,MIG-e6a72acc-723d-5ebf-bf4f-196a4352174f,"18,74",
ampere,1,vgg16_image,7g,4,warmup,9,9.594143867492676,,,MIG-e6a72acc-723d-5ebf-bf4f-196a4352174f,"18,74",
ampere,1,vgg16_image,7g,4,sample,0,8.20032024383545,,,MIG-e6a72acc-723d-5ebf-bf4f-196a4352174f,"18,74",
ampere,1,vgg16_image,7g,4,sample,1,8.186559677124023,,,MIG-e6a72acc-723d-5ebf-bf4f-196a4352174f,"18,74",
ampere,1,vgg16_image,7g,4,sample,2,8.187935829162598,,,MIG-e6a72acc-723d-5ebf-bf4f-196a4352174f,"18,74",
ampere,1,vgg16_image,7g,4,sample,3,8.434304237365723,,,MIG-e6a72acc-723d-5ebf-bf4f-196a4352174f,"18,74",
ampere,1,vgg16_image,7g,4,sample,4,8.259903907775879,,,MIG-e6a72acc-723d-5ebf-bf4f-196a4352174f,"18,74",
ampere,1,vgg16_image,7g,4,sample,5,9.887392044067383,,,MIG-e6a72acc-723d-5ebf-bf4f-196a4352174f,"18,74",
ampere,1,vgg16_image,7g,4,sample,6,8.187935829162598,,,MIG-e6a72acc-723d-5ebf-bf4f-196a4352174f,"18,74",
ampere,1,vgg16_image,7g,4,sample,7,9.00483226776123,,,MIG-e6a72acc-723d-5ebf-bf4f-196a4352174f,"18,74",
ampere,1,vgg16_image,7g,4,sample,8,8.370240211486816,,,MIG-e6a72acc-723d-5ebf-bf4f-196a4352174f,"18,74",
ampere,1,vgg16_image,7g,4,sample,9,8.566207885742188,,,MIG-e6a72acc-723d-5ebf-bf4f-196a4352174f,"18,74",
ampere,1,vgg16_image,7g,4,sample,10,8.186240196228027,,,MIG-e6a72acc-723d-5ebf-bf4f-196a4352174f,"18,74",
ampere,1,vgg16_image,7g,4,sample,11,8.209440231323242,,,MIG-e6a72acc-723d-5ebf-bf4f-196a4352174f,"18,74",
ampere,1,vgg16_image,7g,4,sample,12,9.22009563446045,,,MIG-e6a72acc-723d-5ebf-bf4f-196a4352174f,"18,74",
ampere,1,vgg16_image,7g,4,sample,13,8.398655891418457,,,MIG-e6a72acc-723d-5ebf-bf4f-196a4352174f,"18,74",
ampere,1,vgg16_image,7g,4,sample,14,9.347264289855957,,,MIG-e6a72acc-723d-5ebf-bf4f-196a4352174f,"18,74",
ampere,1,vgg16_image,7g,4,sample,15,8.573568344116211,,,MIG-e6a72acc-723d-5ebf-bf4f-196a4352174f,"18,74",
ampere,1,vgg16_image,7g,4,sample,16,8.571488380432129,,,MIG-e6a72acc-723d-5ebf-bf4f-196a4352174f,"18,74",
ampere,1,vgg16_image,7g,4,sample,17,10.062335968017578,,,MIG-e6a72acc-723d-5ebf-bf4f-196a4352174f,"18,74",
ampere,1,vgg16_image,7g,4,sample,18,8.203712463378906,,,MIG-e6a72acc-723d-5ebf-bf4f-196a4352174f,"18,74",
ampere,1,vgg16_image,7g,4,sample,19,8.193951606750488,,,MIG-e6a72acc-723d-5ebf-bf4f-196a4352174f,"18,74",
ampere,1,vgg16_image,7g,4,sample,20,8.175359725952148,,,MIG-e6a72acc-723d-5ebf-bf4f-196a4352174f,"18,74",
ampere,1,vgg16_image,7g,4,sample,21,8.20348834991455,,,MIG-e6a72acc-723d-5ebf-bf4f-196a4352174f,"18,74",
ampere,1,vgg16_image,7g,4,sample,22,8.205856323242188,,,MIG-e6a72acc-723d-5ebf-bf4f-196a4352174f,"18,74",
ampere,1,vgg16_image,7g,4,sample,23,10.073439598083496,,,MIG-e6a72acc-723d-5ebf-bf4f-196a4352174f,"18,74",
ampere,1,vgg16_image,7g,4,sample,24,8.220831871032715,,,MIG-e6a72acc-723d-5ebf-bf4f-196a4352174f,"18,74",
ampere,1,vgg16_image,7g,4,sample,25,8.201760292053223,,,MIG-e6a72acc-723d-5ebf-bf4f-196a4352174f,"18,74",
ampere,1,vgg16_image,7g,4,sample,26,8.200511932373047,,,MIG-e6a72acc-723d-5ebf-bf4f-196a4352174f,"18,74",
ampere,1,vgg16_image,7g,4,sample,27,8.208064079284668,,,MIG-e6a72acc-723d-5ebf-bf4f-196a4352174f,"18,74",
ampere,1,vgg16_image,7g,4,sample,28,8.574848175048828,,,MIG-e6a72acc-723d-5ebf-bf4f-196a4352174f,"18,74",
ampere,1,vgg16_image,7g,4,sample,29,8.539104461669922,,,MIG-e6a72acc-723d-5ebf-bf4f-196a4352174f,"18,74",
ampere,1,vgg16_image,7g,4,sample,30,8.230719566345215,,,MIG-e6a72acc-723d-5ebf-bf4f-196a4352174f,"18,74",
ampere,1,vgg16_image,7g,4,sample,31,8.533984184265137,,,MIG-e6a72acc-723d-5ebf-bf4f-196a4352174f,"18,74",
ampere,1,vgg16_image,7g,4,sample,32,9.06879997253418,,,MIG-e6a72acc-723d-5ebf-bf4f-196a4352174f,"18,74",
ampere,1,vgg16_image,7g,4,sample,33,8.93619155883789,,,MIG-e6a72acc-723d-5ebf-bf4f-196a4352174f,"18,74",
ampere,1,vgg16_image,7g,4,sample,34,8.218175888061523,,,MIG-e6a72acc-723d-5ebf-bf4f-196a4352174f,"18,74",
ampere,1,vgg16_image,7g,4,sample,35,8.191328048706055,,,MIG-e6a72acc-723d-5ebf-bf4f-196a4352174f,"18,74",
ampere,1,vgg16_image,7g,4,sample,36,8.201919555664062,,,MIG-e6a72acc-723d-5ebf-bf4f-196a4352174f,"18,74",
ampere,1,vgg16_image,7g,4,sample,37,8.516672134399414,,,MIG-e6a72acc-723d-5ebf-bf4f-196a4352174f,"18,74",
ampere,1,vgg16_image,7g,4,sample,38,8.202943801879883,,,MIG-e6a72acc-723d-5ebf-bf4f-196a4352174f,"18,74",
ampere,1,vgg16_image,7g,4,sample,39,8.206399917602539,,,MIG-e6a72acc-723d-5ebf-bf4f-196a4352174f,"18,74",
ampere,1,vgg16_image,7g,4,sample,40,8.175711631774902,,,MIG-e6a72acc-723d-5ebf-bf4f-196a4352174f,"18,74",
ampere,1,vgg16_image,7g,4,sample,41,8.960224151611328,,,MIG-e6a72acc-723d-5ebf-bf4f-196a4352174f,"18,74",
ampere,1,vgg16_image,7g,4,sample,42,8.209376335144043,,,MIG-e6a72acc-723d-5ebf-bf4f-196a4352174f,"18,74",
ampere,1,vgg16_image,7g,4,sample,43,8.549311637878418,,,MIG-e6a72acc-723d-5ebf-bf4f-196a4352174f,"18,74",
ampere,1,vgg16_image,7g,4,sample,44,8.217632293701172,,,MIG-e6a72acc-723d-5ebf-bf4f-196a4352174f,"18,74",
ampere,1,vgg16_image,7g,4,sample,45,9.144224166870117,,,MIG-e6a72acc-723d-5ebf-bf4f-196a4352174f,"18,74",
ampere,1,vgg16_image,7g,4,sample,46,9.160384178161621,,,MIG-e6a72acc-723d-5ebf-bf4f-196a4352174f,"18,74",
ampere,1,vgg16_image,7g,4,sample,47,8.749343872070312,,,MIG-e6a72acc-723d-5ebf-bf4f-196a4352174f,"18,74",
ampere,1,vgg16_image,7g,4,sample,48,8.267711639404297,,,MIG-e6a72acc-723d-5ebf-bf4f-196a4352174f,"18,74",
ampere,1,vgg16_image,7g,4,sample,49,9.026432037353516,,,MIG-e6a72acc-723d-5ebf-bf4f-196a4352174f,"18,74",
ampere,1,vgg16_image,7g,16,warmup,0,11.47110366821289,,,MIG-e6a72acc-723d-5ebf-bf4f-196a4352174f,"18,74",
ampere,1,vgg16_image,7g,16,warmup,1,10.555935859680176,,,MIG-e6a72acc-723d-5ebf-bf4f-196a4352174f,"18,74",
ampere,1,vgg16_image,7g,16,warmup,2,10.642720222473145,,,MIG-e6a72acc-723d-5ebf-bf4f-196a4352174f,"18,74",
ampere,1,vgg16_image,7g,16,warmup,3,10.680288314819336,,,MIG-e6a72acc-723d-5ebf-bf4f-196a4352174f,"18,74",
ampere,1,vgg16_image,7g,16,warmup,4,10.590080261230469,,,MIG-e6a72acc-723d-5ebf-bf4f-196a4352174f,"18,74",
ampere,1,vgg16_image,7g,16,warmup,5,10.58140754699707,,,MIG-e6a72acc-723d-5ebf-bf4f-196a4352174f,"18,74",
ampere,1,vgg16_image,7g,16,warmup,6,11.530688285827637,,,MIG-e6a72acc-723d-5ebf-bf4f-196a4352174f,"18,74",
ampere,1,vgg16_image,7g,16,warmup,7,10.837087631225586,,,MIG-e6a72acc-723d-5ebf-bf4f-196a4352174f,"18,74",
ampere,1,vgg16_image,7g,16,warmup,8,10.818623542785645,,,MIG-e6a72acc-723d-5ebf-bf4f-196a4352174f,"18,74",
ampere,1,vgg16_image,7g,16,warmup,9,10.753952026367188,,,MIG-e6a72acc-723d-5ebf-bf4f-196a4352174f,"18,74",
ampere,1,vgg16_image,7g,16,sample,0,10.735391616821289,,,MIG-e6a72acc-723d-5ebf-bf4f-196a4352174f,"18,74",
ampere,1,vgg16_image,7g,16,sample,1,10.639840126037598,,,MIG-e6a72acc-723d-5ebf-bf4f-196a4352174f,"18,74",
ampere,1,vgg16_image,7g,16,sample,2,10.698016166687012,,,MIG-e6a72acc-723d-5ebf-bf4f-196a4352174f,"18,74",
ampere,1,vgg16_image,7g,16,sample,3,10.947967529296875,,,MIG-e6a72acc-723d-5ebf-bf4f-196a4352174f,"18,74",
ampere,1,vgg16_image,7g,16,sample,4,10.827584266662598,,,MIG-e6a72acc-723d-5ebf-bf4f-196a4352174f,"18,74",
ampere,1,vgg16_image,7g,16,sample,5,10.73151969909668,,,MIG-e6a72acc-723d-5ebf-bf4f-196a4352174f,"18,74",
ampere,1,vgg16_image,7g,16,sample,6,10.724736213684082,,,MIG-e6a72acc-723d-5ebf-bf4f-196a4352174f,"18,74",
ampere,1,vgg16_image,7g,16,sample,7,10.629568099975586,,,MIG-e6a72acc-723d-5ebf-bf4f-196a4352174f,"18,74",
ampere,1,vgg16_image,7g,16,sample,8,10.701888084411621,,,MIG-e6a72acc-723d-5ebf-bf4f-196a4352174f,"18,74",
ampere,1,vgg16_image,7g,16,sample,9,10.691807746887207,,,MIG-e6a72acc-723d-5ebf-bf4f-196a4352174f,"18,74",
ampere,1,vgg16_image,7g,16,sample,10,10.836095809936523,,,MIG-e6a72acc-723d-5ebf-bf4f-196a4352174f,"18,74",
ampere,1,vgg16_image,7g,16,sample,11,10.783072471618652,,,MIG-e6a72acc-723d-5ebf-bf4f-196a4352174f,"18,74",
ampere,1,vgg16_image,7g,16,sample,12,10.707776069641113,,,MIG-e6a72acc-723d-5ebf-bf4f-196a4352174f,"18,74",
ampere,1,vgg16_image,7g,16,sample,13,10.639328002929688,,,MIG-e6a72acc-723d-5ebf-bf4f-196a4352174f,"18,74",
ampere,1,vgg16_image,7g,16,sample,14,10.729408264160156,,,MIG-e6a72acc-723d-5ebf-bf4f-196a4352174f,"18,74",
ampere,1,vgg16_image,7g,16,sample,15,10.625696182250977,,,MIG-e6a72acc-723d-5ebf-bf4f-196a4352174f,"18,74",
ampere,1,vgg16_image,7g,16,sample,16,11.00227165222168,,,MIG-e6a72acc-723d-5ebf-bf4f-196a4352174f,"18,74",
ampere,1,vgg16_image,7g,16,sample,17,10.90454387664795,,,MIG-e6a72acc-723d-5ebf-bf4f-196a4352174f,"18,74",
ampere,1,vgg16_image,7g,16,sample,18,10.790399551391602,,,MIG-e6a72acc-723d-5ebf-bf4f-196a4352174f,"18,74",
ampere,1,vgg16_image,7g,16,sample,19,10.6943359375,,,MIG-e6a72acc-723d-5ebf-bf4f-196a4352174f,"18,74",
ampere,1,vgg16_image,7g,16,sample,20,10.673888206481934,,,MIG-e6a72acc-723d-5ebf-bf4f-196a4352174f,"18,74",
ampere,1,vgg16_image,7g,16,sample,21,10.686464309692383,,,MIG-e6a72acc-723d-5ebf-bf4f-196a4352174f,"18,74",
ampere,1,vgg16_image,7g,16,sample,22,10.877152442932129,,,MIG-e6a72acc-723d-5ebf-bf4f-196a4352174f,"18,74",
ampere,1,vgg16_image,7g,16,sample,23,10.67676830291748,,,MIG-e6a72acc-723d-5ebf-bf4f-196a4352174f,"18,74",
ampere,1,vgg16_image,7g,16,sample,24,10.671520233154297,,,MIG-e6a72acc-723d-5ebf-bf4f-196a4352174f,"18,74",
ampere,1,vgg16_image,7g,16,sample,25,10.657055854797363,,,MIG-e6a72acc-723d-5ebf-bf4f-196a4352174f,"18,74",
ampere,1,vgg16_image,7g,16,sample,26,10.67683219909668,,,MIG-e6a72acc-723d-5ebf-bf4f-196a4352174f,"18,74",
ampere,1,vgg16_image,7g,16,sample,27,10.776000022888184,,,MIG-e6a72acc-723d-5ebf-bf4f-196a4352174f,"18,74",
ampere,1,vgg16_image,7g,16,sample,28,10.907327651977539,,,MIG-e6a72acc-723d-5ebf-bf4f-196a4352174f,"18,74",
ampere,1,vgg16_image,7g,16,sample,29,10.830559730529785,,,MIG-e6a72acc-723d-5ebf-bf4f-196a4352174f,"18,74",
ampere,1,vgg16_image,7g,16,sample,30,10.787712097167969,,,MIG-e6a72acc-723d-5ebf-bf4f-196a4352174f,"18,74",
ampere,1,vgg16_image,7g,16,sample,31,10.701824188232422,,,MIG-e6a72acc-723d-5ebf-bf4f-196a4352174f,"18,74",
ampere,1,vgg16_image,7g,16,sample,32,15.241888046264648,,,MIG-e6a72acc-723d-5ebf-bf4f-196a4352174f,"18,74",
ampere,1,vgg16_image,7g,16,sample,33,10.620415687561035,,,MIG-e6a72acc-723d-5ebf-bf4f-196a4352174f,"18,74",
ampere,1,vgg16_image,7g,16,sample,34,10.588640213012695,,,MIG-e6a72acc-723d-5ebf-bf4f-196a4352174f,"18,74",
ampere,1,vgg16_image,7g,16,sample,35,10.74182415008545,,,MIG-e6a72acc-723d-5ebf-bf4f-196a4352174f,"18,74",
ampere,1,vgg16_image,7g,16,sample,36,10.863967895507812,,,MIG-e6a72acc-723d-5ebf-bf4f-196a4352174f,"18,74",
ampere,1,vgg16_image,7g,16,sample,37,10.979231834411621,,,MIG-e6a72acc-723d-5ebf-bf4f-196a4352174f,"18,74",
ampere,1,vgg16_image,7g,16,sample,38,10.761856079101562,,,MIG-e6a72acc-723d-5ebf-bf4f-196a4352174f,"18,74",
ampere,1,vgg16_image,7g,16,sample,39,10.654239654541016,,,MIG-e6a72acc-723d-5ebf-bf4f-196a4352174f,"18,74",
ampere,1,vgg16_image,7g,16,sample,40,10.634783744812012,,,MIG-e6a72acc-723d-5ebf-bf4f-196a4352174f,"18,74",
ampere,1,vgg16_image,7g,16,sample,41,10.822624206542969,,,MIG-e6a72acc-723d-5ebf-bf4f-196a4352174f,"18,74",
ampere,1,vgg16_image,7g,16,sample,42,10.796287536621094,,,MIG-e6a72acc-723d-5ebf-bf4f-196a4352174f,"18,74",
ampere,1,vgg16_image,7g,16,sample,43,10.929823875427246,,,MIG-e6a72acc-723d-5ebf-bf4f-196a4352174f,"18,74",
ampere,1,vgg16_image,7g,16,sample,44,10.843232154846191,,,MIG-e6a72acc-723d-5ebf-bf4f-196a4352174f,"18,74",
ampere,1,vgg16_image,7g,16,sample,45,10.706591606140137,,,MIG-e6a72acc-723d-5ebf-bf4f-196a4352174f,"18,74",
ampere,1,vgg16_image,7g,16,sample,46,11.091487884521484,,,MIG-e6a72acc-723d-5ebf-bf4f-196a4352174f,"18,74",
ampere,1,vgg16_image,7g,16,sample,47,10.758879661560059,,,MIG-e6a72acc-723d-5ebf-bf4f-196a4352174f,"18,74",
ampere,1,vgg16_image,7g,16,sample,48,10.706368446350098,,,MIG-e6a72acc-723d-5ebf-bf4f-196a4352174f,"18,74",
ampere,1,vgg16_image,7g,16,sample,49,11.040736198425293,,,MIG-e6a72acc-723d-5ebf-bf4f-196a4352174f,"18,74",
ampere,1,vgg16_image,7g,32,warmup,0,19.795391082763672,,,MIG-e6a72acc-723d-5ebf-bf4f-196a4352174f,"18,74",
ampere,1,vgg16_image,7g,32,warmup,1,19.261375427246094,,,MIG-e6a72acc-723d-5ebf-bf4f-196a4352174f,"18,74",
ampere,1,vgg16_image,7g,32,warmup,2,19.30668830871582,,,MIG-e6a72acc-723d-5ebf-bf4f-196a4352174f,"18,74",
ampere,1,vgg16_image,7g,32,warmup,3,20.49033546447754,,,MIG-e6a72acc-723d-5ebf-bf4f-196a4352174f,"18,74",
ampere,1,vgg16_image,7g,32,warmup,4,20.086111068725586,,,MIG-e6a72acc-723d-5ebf-bf4f-196a4352174f,"18,74",
ampere,1,vgg16_image,7g,32,warmup,5,19.5831356048584,,,MIG-e6a72acc-723d-5ebf-bf4f-196a4352174f,"18,74",
ampere,1,vgg16_image,7g,32,warmup,6,20.39308738708496,,,MIG-e6a72acc-723d-5ebf-bf4f-196a4352174f,"18,74",
ampere,1,vgg16_image,7g,32,warmup,7,20.124736785888672,,,MIG-e6a72acc-723d-5ebf-bf4f-196a4352174f,"18,74",
ampere,1,vgg16_image,7g,32,warmup,8,19.655807495117188,,,MIG-e6a72acc-723d-5ebf-bf4f-196a4352174f,"18,74",
ampere,1,vgg16_image,7g,32,warmup,9,20.140703201293945,,,MIG-e6a72acc-723d-5ebf-bf4f-196a4352174f,"18,74",
ampere,1,vgg16_image,7g,32,sample,0,20.377920150756836,,,MIG-e6a72acc-723d-5ebf-bf4f-196a4352174f,"18,74",
ampere,1,vgg16_image,7g,32,sample,1,20.026432037353516,,,MIG-e6a72acc-723d-5ebf-bf4f-196a4352174f,"18,74",
ampere,1,vgg16_image,7g,32,sample,2,19.843584060668945,,,MIG-e6a72acc-723d-5ebf-bf4f-196a4352174f,"18,74",
ampere,1,vgg16_image,7g,32,sample,3,20.421855926513672,,,MIG-e6a72acc-723d-5ebf-bf4f-196a4352174f,"18,74",
ampere,1,vgg16_image,7g,32,sample,4,20.048927307128906,,,MIG-e6a72acc-723d-5ebf-bf4f-196a4352174f,"18,74",
ampere,1,vgg16_image,7g,32,sample,5,19.561599731445312,,,MIG-e6a72acc-723d-5ebf-bf4f-196a4352174f,"18,74",
ampere,1,vgg16_image,7g,32,sample,6,20.3768310546875,,,MIG-e6a72acc-723d-5ebf-bf4f-196a4352174f,"18,74",
ampere,1,vgg16_image,7g,32,sample,7,20.184959411621094,,,MIG-e6a72acc-723d-5ebf-bf4f-196a4352174f,"18,74",
ampere,1,vgg16_image,7g,32,sample,8,19.781824111938477,,,MIG-e6a72acc-723d-5ebf-bf4f-196a4352174f,"18,74",
ampere,1,vgg16_image,7g,32,sample,9,19.858240127563477,,,MIG-e6a72acc-723d-5ebf-bf4f-196a4352174f,"18,74",
ampere,1,vgg16_image,7g,32,sample,10,20.39504051208496,,,MIG-e6a72acc-723d-5ebf-bf4f-196a4352174f,"18,74",
ampere,1,vgg16_image,7g,32,sample,11,19.965728759765625,,,MIG-e6a72acc-723d-5ebf-bf4f-196a4352174f,"18,74",
ampere,1,vgg16_image,7g,32,sample,12,19.82147216796875,,,MIG-e6a72acc-723d-5ebf-bf4f-196a4352174f,"18,74",
ampere,1,vgg16_image,7g,32,sample,13,20.399263381958008,,,MIG-e6a72acc-723d-5ebf-bf4f-196a4352174f,"18,74",
ampere,1,vgg16_image,7g,32,sample,14,19.98406410217285,,,MIG-e6a72acc-723d-5ebf-bf4f-196a4352174f,"18,74",
ampere,1,vgg16_image,7g,32,sample,15,19.68604850769043,,,MIG-e6a72acc-723d-5ebf-bf4f-196a4352174f,"18,74",
ampere,1,vgg16_image,7g,32,sample,16,20.46156883239746,,,MIG-e6a72acc-723d-5ebf-bf4f-196a4352174f,"18,74",
ampere,1,vgg16_image,7g,32,sample,17,20.146015167236328,,,MIG-e6a72acc-723d-5ebf-bf4f-196a4352174f,"18,74",
ampere,1,vgg16_image,7g,32,sample,18,19.704832077026367,,,MIG-e6a72acc-723d-5ebf-bf4f-196a4352174f,"18,74",
ampere,1,vgg16_image,7g,32,sample,19,20.593759536743164,,,MIG-e6a72acc-723d-5ebf-bf4f-196a4352174f,"18,74",
ampere,1,vgg16_image,7g,32,sample,20,20.175647735595703,,,MIG-e6a72acc-723d-5ebf-bf4f-196a4352174f,"18,74",
ampere,1,vgg16_image,7g,32,sample,21,19.70207977294922,,,MIG-e6a72acc-723d-5ebf-bf4f-196a4352174f,"18,74",
ampere,1,vgg16_image,7g,32,sample,22,20.480928421020508,,,MIG-e6a72acc-723d-5ebf-bf4f-196a4352174f,"18,74",
ampere,1,vgg16_image,7g,32,sample,23,20.113792419433594,,,MIG-e6a72acc-723d-5ebf-bf4f-196a4352174f,"18,74",
ampere,1,vgg16_image,7g,32,sample,24,19.620607376098633,,,MIG-e6a72acc-723d-5ebf-bf4f-196a4352174f,"18,74",
ampere,1,vgg16_image,7g,32,sample,25,20.454496383666992,,,MIG-e6a72acc-723d-5ebf-bf4f-196a4352174f,"18,74",
ampere,1,vgg16_image,7g,32,sample,26,20.307327270507812,,,MIG-e6a72acc-723d-5ebf-bf4f-196a4352174f,"18,74",
ampere,1,vgg16_image,7g,32,sample,27,19.696672439575195,,,MIG-e6a72acc-723d-5ebf-bf4f-196a4352174f,"18,74",
ampere,1,vgg16_image,7g,32,sample,28,20.189056396484375,,,MIG-e6a72acc-723d-5ebf-bf4f-196a4352174f,"18,74",
ampere,1,vgg16_image,7g,32,sample,29,20.11235237121582,,,MIG-e6a72acc-723d-5ebf-bf4f-196a4352174f,"18,74",
ampere,1,vgg16_image,7g,32,sample,30,19.679616928100586,,,MIG-e6a72acc-723d-5ebf-bf4f-196a4352174f,"18,74",
ampere,1,vgg16_image,7g,32,sample,31,19.871936798095703,,,MIG-e6a72acc-723d-5ebf-bf4f-196a4352174f,"18,74",
ampere,1,vgg16_image,7g,32,sample,32,20.40892791748047,,,MIG-e6a72acc-723d-5ebf-bf4f-196a4352174f,"18,74",
ampere,1,vgg16_image,7g,32,sample,33,19.81782341003418,,,MIG-e6a72acc-723d-5ebf-bf4f-196a4352174f,"18,74",
ampere,1,vgg16_image,7g,32,sample,34,19.58188819885254,,,MIG-e6a72acc-723d-5ebf-bf4f-196a4352174f,"18,74",
ampere,1,vgg16_image,7g,32,sample,35,20.495712280273438,,,MIG-e6a72acc-723d-5ebf-bf4f-196a4352174f,"18,74",
ampere,1,vgg16_image,7g,32,sample,36,20.17318344116211,,,MIG-e6a72acc-723d-5ebf-bf4f-196a4352174f,"18,74",
ampere,1,vgg16_image,7g,32,sample,37,19.727327346801758,,,MIG-e6a72acc-723d-5ebf-bf4f-196a4352174f,"18,74",
ampere,1,vgg16_image,7g,32,sample,38,20.58470344543457,,,MIG-e6a72acc-723d-5ebf-bf4f-196a4352174f,"18,74",
ampere,1,vgg16_image,7g,32,sample,39,20.239456176757812,,,MIG-e6a72acc-723d-5ebf-bf4f-196a4352174f,"18,74",
ampere,1,vgg16_image,7g,32,sample,40,19.64963150024414,,,MIG-e6a72acc-723d-5ebf-bf4f-196a4352174f,"18,74",
ampere,1,vgg16_image,7g,32,sample,41,20.473087310791016,,,MIG-e6a72acc-723d-5ebf-bf4f-196a4352174f,"18,74",
ampere,1,vgg16_image,7g,32,sample,42,20.42460823059082,,,MIG-e6a72acc-723d-5ebf-bf4f-196a4352174f,"18,74",
ampere,1,vgg16_image,7g,32,sample,43,19.680767059326172,,,MIG-e6a72acc-723d-5ebf-bf4f-196a4352174f,"18,74",
ampere,1,vgg16_image,7g,32,sample,44,20.262624740600586,,,MIG-e6a72acc-723d-5ebf-bf4f-196a4352174f,"18,74",
ampere,1,vgg16_image,7g,32,sample,45,20.415456771850586,,,MIG-e6a72acc-723d-5ebf-bf4f-196a4352174f,"18,74",
ampere,1,vgg16_image,7g,32,sample,46,19.861696243286133,,,MIG-e6a72acc-723d-5ebf-bf4f-196a4352174f,"18,74",
ampere,1,vgg16_image,7g,32,sample,47,19.77814483642578,,,MIG-e6a72acc-723d-5ebf-bf4f-196a4352174f,"18,74",
ampere,1,vgg16_image,7g,32,sample,48,20.13488006591797,,,MIG-e6a72acc-723d-5ebf-bf4f-196a4352174f,"18,74",
ampere,1,vgg16_image,7g,32,sample,49,19.77734375,,,MIG-e6a72acc-723d-5ebf-bf4f-196a4352174f,"18,74",
ampere,1,vgg16_image,7g,64,warmup,0,38.8460807800293,,,MIG-e6a72acc-723d-5ebf-bf4f-196a4352174f,"18,74",
ampere,1,vgg16_image,7g,64,warmup,1,40.020896911621094,,,MIG-e6a72acc-723d-5ebf-bf4f-196a4352174f,"18,74",
ampere,1,vgg16_image,7g,64,warmup,2,39.7341423034668,,,MIG-e6a72acc-723d-5ebf-bf4f-196a4352174f,"18,74",
ampere,1,vgg16_image,7g,64,warmup,3,40.05964660644531,,,MIG-e6a72acc-723d-5ebf-bf4f-196a4352174f,"18,74",
ampere,1,vgg16_image,7g,64,warmup,4,40.886688232421875,,,MIG-e6a72acc-723d-5ebf-bf4f-196a4352174f,"18,74",
ampere,1,vgg16_image,7g,64,warmup,5,39.80809783935547,,,MIG-e6a72acc-723d-5ebf-bf4f-196a4352174f,"18,74",
ampere,1,vgg16_image,7g,64,warmup,6,39.65340805053711,,,MIG-e6a72acc-723d-5ebf-bf4f-196a4352174f,"18,74",
ampere,1,vgg16_image,7g,64,warmup,7,40.50387191772461,,,MIG-e6a72acc-723d-5ebf-bf4f-196a4352174f,"18,74",
ampere,1,vgg16_image,7g,64,warmup,8,39.97087860107422,,,MIG-e6a72acc-723d-5ebf-bf4f-196a4352174f,"18,74",
ampere,1,vgg16_image,7g,64,warmup,9,40.07145690917969,,,MIG-e6a72acc-723d-5ebf-bf4f-196a4352174f,"18,74",
ampere,1,vgg16_image,7g,64,sample,0,40.5711669921875,,,MIG-e6a72acc-723d-5ebf-bf4f-196a4352174f,"18,74",
ampere,1,vgg16_image,7g,64,sample,1,40.15523147583008,,,MIG-e6a72acc-723d-5ebf-bf4f-196a4352174f,"18,74",
ampere,1,vgg16_image,7g,64,sample,2,39.59939193725586,,,MIG-e6a72acc-723d-5ebf-bf4f-196a4352174f,"18,74",
ampere,1,vgg16_image,7g,64,sample,3,40.50028610229492,,,MIG-e6a72acc-723d-5ebf-bf4f-196a4352174f,"18,74",
ampere,1,vgg16_image,7g,64,sample,4,40.43471908569336,,,MIG-e6a72acc-723d-5ebf-bf4f-196a4352174f,"18,74",
ampere,1,vgg16_image,7g,64,sample,5,39.75680160522461,,,MIG-e6a72acc-723d-5ebf-bf4f-196a4352174f,"18,74",
ampere,1,vgg16_image,7g,64,sample,6,40.16214370727539,,,MIG-e6a72acc-723d-5ebf-bf4f-196a4352174f,"18,74",
ampere,1,vgg16_image,7g,64,sample,7,40.51945495605469,,,MIG-e6a72acc-723d-5ebf-bf4f-196a4352174f,"18,74",
ampere,1,vgg16_image,7g,64,sample,8,39.9617919921875,,,MIG-e6a72acc-723d-5ebf-bf4f-196a4352174f,"18,74",
ampere,1,vgg16_image,7g,64,sample,9,40.06547164916992,,,MIG-e6a72acc-723d-5ebf-bf4f-196a4352174f,"18,74",
ampere,1,vgg16_image,7g,64,sample,10,40.551551818847656,,,MIG-e6a72acc-723d-5ebf-bf4f-196a4352174f,"18,74",
ampere,1,vgg16_image,7g,64,sample,11,39.97539138793945,,,MIG-e6a72acc-723d-5ebf-bf4f-196a4352174f,"18,74",
ampere,1,vgg16_image,7g,64,sample,12,39.72953414916992,,,MIG-e6a72acc-723d-5ebf-bf4f-196a4352174f,"18,74",
ampere,1,vgg16_image,7g,64,sample,13,40.57331085205078,,,MIG-e6a72acc-723d-5ebf-bf4f-196a4352174f,"18,74",
ampere,1,vgg16_image,7g,64,sample,14,39.98771286010742,,,MIG-e6a72acc-723d-5ebf-bf4f-196a4352174f,"18,74",
ampere,1,vgg16_image,7g,64,sample,15,39.547489166259766,,,MIG-e6a72acc-723d-5ebf-bf4f-196a4352174f,"18,74",
ampere,1,vgg16_image,7g,64,sample,16,40.757022857666016,,,MIG-e6a72acc-723d-5ebf-bf4f-196a4352174f,"18,74",
ampere,1,vgg16_image,7g,64,sample,17,40.53750228881836,,,MIG-e6a72acc-723d-5ebf-bf4f-196a4352174f,"18,74",
ampere,1,vgg16_image,7g,64,sample,18,39.760990142822266,,,MIG-e6a72acc-723d-5ebf-bf4f-196a4352174f,"18,74",
ampere,1,vgg16_image,7g,64,sample,19,40.399070739746094,,,MIG-e6a72acc-723d-5ebf-bf4f-196a4352174f,"18,74",
ampere,1,vgg16_image,7g,64,sample,20,40.468990325927734,,,MIG-e6a72acc-723d-5ebf-bf4f-196a4352174f,"18,74",
ampere,1,vgg16_image,7g,64,sample,21,39.60905456542969,,,MIG-e6a72acc-723d-5ebf-bf4f-196a4352174f,"18,74",
ampere,1,vgg16_image,7g,64,sample,22,39.81916809082031,,,MIG-e6a72acc-723d-5ebf-bf4f-196a4352174f,"18,74",
ampere,1,vgg16_image,7g,64,sample,23,40.62348937988281,,,MIG-e6a72acc-723d-5ebf-bf4f-196a4352174f,"18,74",
ampere,1,vgg16_image,7g,64,sample,24,40.40095901489258,,,MIG-e6a72acc-723d-5ebf-bf4f-196a4352174f,"18,74",
ampere,1,vgg16_image,7g,64,sample,25,39.79289627075195,,,MIG-e6a72acc-723d-5ebf-bf4f-196a4352174f,"18,74",
ampere,1,vgg16_image,7g,64,sample,26,40.757633209228516,,,MIG-e6a72acc-723d-5ebf-bf4f-196a4352174f,"18,74",
ampere,1,vgg16_image,7g,64,sample,27,40.549598693847656,,,MIG-e6a72acc-723d-5ebf-bf4f-196a4352174f,"18,74",
ampere,1,vgg16_image,7g,64,sample,28,39.716800689697266,,,MIG-e6a72acc-723d-5ebf-bf4f-196a4352174f,"18,74",
ampere,1,vgg16_image,7g,64,sample,29,40.04899215698242,,,MIG-e6a72acc-723d-5ebf-bf4f-196a4352174f,"18,74",
ampere,1,vgg16_image,7g,64,sample,30,41.10844802856445,,,MIG-e6a72acc-723d-5ebf-bf4f-196a4352174f,"18,74",
ampere,1,vgg16_image,7g,64,sample,31,39.48716735839844,,,MIG-e6a72acc-723d-5ebf-bf4f-196a4352174f,"18,74",
ampere,1,vgg16_image,7g,64,sample,32,39.536415100097656,,,MIG-e6a72acc-723d-5ebf-bf4f-196a4352174f,"18,74",
ampere,1,vgg16_image,7g,64,sample,33,40.618526458740234,,,MIG-e6a72acc-723d-5ebf-bf4f-196a4352174f,"18,74",
ampere,1,vgg16_image,7g,64,sample,34,39.94172668457031,,,MIG-e6a72acc-723d-5ebf-bf4f-196a4352174f,"18,74",
ampere,1,vgg16_image,7g,64,sample,35,40.34697723388672,,,MIG-e6a72acc-723d-5ebf-bf4f-196a4352174f,"18,74",
ampere,1,vgg16_image,7g,64,sample,36,41.0299186706543,,,MIG-e6a72acc-723d-5ebf-bf4f-196a4352174f,"18,74",
ampere,1,vgg16_image,7g,64,sample,37,40.46188735961914,,,MIG-e6a72acc-723d-5ebf-bf4f-196a4352174f,"18,74",
ampere,1,vgg16_image,7g,64,sample,38,39.62480163574219,,,MIG-e6a72acc-723d-5ebf-bf4f-196a4352174f,"18,74",
ampere,1,vgg16_image,7g,64,sample,39,39.104129791259766,,,MIG-e6a72acc-723d-5ebf-bf4f-196a4352174f,"18,74",
ampere,1,vgg16_image,7g,64,sample,40,40.544254302978516,,,MIG-e6a72acc-723d-5ebf-bf4f-196a4352174f,"18,74",
ampere,1,vgg16_image,7g,64,sample,41,40.39507293701172,,,MIG-e6a72acc-723d-5ebf-bf4f-196a4352174f,"18,74",
ampere,1,vgg16_image,7g,64,sample,42,39.790401458740234,,,MIG-e6a72acc-723d-5ebf-bf4f-196a4352174f,"18,74",
ampere,1,vgg16_image,7g,64,sample,43,40.449886322021484,,,MIG-e6a72acc-723d-5ebf-bf4f-196a4352174f,"18,74",
ampere,1,vgg16_image,7g,64,sample,44,40.53811264038086,,,MIG-e6a72acc-723d-5ebf-bf4f-196a4352174f,"18,74",
ampere,1,vgg16_image,7g,64,sample,45,39.48054504394531,,,MIG-e6a72acc-723d-5ebf-bf4f-196a4352174f,"18,74",
ampere,1,vgg16_image,7g,64,sample,46,40.28432083129883,,,MIG-e6a72acc-723d-5ebf-bf4f-196a4352174f,"18,74",
ampere,1,vgg16_image,7g,64,sample,47,40.36038589477539,,,MIG-e6a72acc-723d-5ebf-bf4f-196a4352174f,"18,74",
ampere,1,vgg16_image,7g,64,sample,48,39.43772888183594,,,MIG-e6a72acc-723d-5ebf-bf4f-196a4352174f,"18,74",
ampere,1,vgg16_image,7g,64,sample,49,40.01615905761719,,,MIG-e6a72acc-723d-5ebf-bf4f-196a4352174f,"18,74",
ampere,1,vit_base_image,7g,1,warmup,0,13.11849594116211,,,MIG-e6a72acc-723d-5ebf-bf4f-196a4352174f,"18,74",
ampere,1,vit_base_image,7g,1,warmup,1,5.431456089019775,,,MIG-e6a72acc-723d-5ebf-bf4f-196a4352174f,"18,74",
ampere,1,vit_base_image,7g,1,warmup,2,5.371103763580322,,,MIG-e6a72acc-723d-5ebf-bf4f-196a4352174f,"18,74",
ampere,1,vit_base_image,7g,1,warmup,3,5.22819185256958,,,MIG-e6a72acc-723d-5ebf-bf4f-196a4352174f,"18,74",
ampere,1,vit_base_image,7g,1,warmup,4,5.2967681884765625,,,MIG-e6a72acc-723d-5ebf-bf4f-196a4352174f,"18,74",
ampere,1,vit_base_image,7g,1,warmup,5,5.215199947357178,,,MIG-e6a72acc-723d-5ebf-bf4f-196a4352174f,"18,74",
ampere,1,vit_base_image,7g,1,warmup,6,5.280576229095459,,,MIG-e6a72acc-723d-5ebf-bf4f-196a4352174f,"18,74",
ampere,1,vit_base_image,7g,1,warmup,7,5.21779203414917,,,MIG-e6a72acc-723d-5ebf-bf4f-196a4352174f,"18,74",
ampere,1,vit_base_image,7g,1,warmup,8,5.21670389175415,,,MIG-e6a72acc-723d-5ebf-bf4f-196a4352174f,"18,74",
ampere,1,vit_base_image,7g,1,warmup,9,5.41161584854126,,,MIG-e6a72acc-723d-5ebf-bf4f-196a4352174f,"18,74",
ampere,1,vit_base_image,7g,1,sample,0,5.216512203216553,,,MIG-e6a72acc-723d-5ebf-bf4f-196a4352174f,"18,74",
ampere,1,vit_base_image,7g,1,sample,1,5.216544151306152,,,MIG-e6a72acc-723d-5ebf-bf4f-196a4352174f,"18,74",
ampere,1,vit_base_image,7g,1,sample,2,5.21398401260376,,,MIG-e6a72acc-723d-5ebf-bf4f-196a4352174f,"18,74",
ampere,1,vit_base_image,7g,1,sample,3,5.208511829376221,,,MIG-e6a72acc-723d-5ebf-bf4f-196a4352174f,"18,74",
ampere,1,vit_base_image,7g,1,sample,4,5.208288192749023,,,MIG-e6a72acc-723d-5ebf-bf4f-196a4352174f,"18,74",
ampere,1,vit_base_image,7g,1,sample,5,5.216063976287842,,,MIG-e6a72acc-723d-5ebf-bf4f-196a4352174f,"18,74",
ampere,1,vit_base_image,7g,1,sample,6,5.244480133056641,,,MIG-e6a72acc-723d-5ebf-bf4f-196a4352174f,"18,74",
ampere,1,vit_base_image,7g,1,sample,7,5.225247859954834,,,MIG-e6a72acc-723d-5ebf-bf4f-196a4352174f,"18,74",
ampere,1,vit_base_image,7g,1,sample,8,5.446656227111816,,,MIG-e6a72acc-723d-5ebf-bf4f-196a4352174f,"18,74",
ampere,1,vit_base_image,7g,1,sample,9,5.347072124481201,,,MIG-e6a72acc-723d-5ebf-bf4f-196a4352174f,"18,74",
ampere,1,vit_base_image,7g,1,sample,10,5.214848041534424,,,MIG-e6a72acc-723d-5ebf-bf4f-196a4352174f,"18,74",
ampere,1,vit_base_image,7g,1,sample,11,5.222752094268799,,,MIG-e6a72acc-723d-5ebf-bf4f-196a4352174f,"18,74",
ampere,1,vit_base_image,7g,1,sample,12,5.319551944732666,,,MIG-e6a72acc-723d-5ebf-bf4f-196a4352174f,"18,74",
ampere,1,vit_base_image,7g,1,sample,13,8.239871978759766,,,MIG-e6a72acc-723d-5ebf-bf4f-196a4352174f,"18,74",
ampere,1,vit_base_image,7g,1,sample,14,5.611519813537598,,,MIG-e6a72acc-723d-5ebf-bf4f-196a4352174f,"18,74",
ampere,1,vit_base_image,7g,1,sample,15,5.348639965057373,,,MIG-e6a72acc-723d-5ebf-bf4f-196a4352174f,"18,74",
ampere,1,vit_base_image,7g,1,sample,16,5.295328140258789,,,MIG-e6a72acc-723d-5ebf-bf4f-196a4352174f,"18,74",
ampere,1,vit_base_image,7g,1,sample,17,5.234111785888672,,,MIG-e6a72acc-723d-5ebf-bf4f-196a4352174f,"18,74",
ampere,1,vit_base_image,7g,1,sample,18,5.228352069854736,,,MIG-e6a72acc-723d-5ebf-bf4f-196a4352174f,"18,74",
ampere,1,vit_base_image,7g,1,sample,19,5.246592044830322,,,MIG-e6a72acc-723d-5ebf-bf4f-196a4352174f,"18,74",
ampere,1,vit_base_image,7g,1,sample,20,5.307807922363281,,,MIG-e6a72acc-723d-5ebf-bf4f-196a4352174f,"18,74",
ampere,1,vit_base_image,7g,1,sample,21,5.227839946746826,,,MIG-e6a72acc-723d-5ebf-bf4f-196a4352174f,"18,74",
ampere,1,vit_base_image,7g,1,sample,22,5.224671840667725,,,MIG-e6a72acc-723d-5ebf-bf4f-196a4352174f,"18,74",
ampere,1,vit_base_image,7g,1,sample,23,5.2090559005737305,,,MIG-e6a72acc-723d-5ebf-bf4f-196a4352174f,"18,74",
ampere,1,vit_base_image,7g,1,sample,24,5.206975936889648,,,MIG-e6a72acc-723d-5ebf-bf4f-196a4352174f,"18,74",
ampere,1,vit_base_image,7g,1,sample,25,5.2060160636901855,,,MIG-e6a72acc-723d-5ebf-bf4f-196a4352174f,"18,74",
ampere,1,vit_base_image,7g,1,sample,26,7.456607818603516,,,MIG-e6a72acc-723d-5ebf-bf4f-196a4352174f,"18,74",
ampere,1,vit_base_image,7g,1,sample,27,5.972959995269775,,,MIG-e6a72acc-723d-5ebf-bf4f-196a4352174f,"18,74",
ampere,1,vit_base_image,7g,1,sample,28,5.355167865753174,,,MIG-e6a72acc-723d-5ebf-bf4f-196a4352174f,"18,74",
ampere,1,vit_base_image,7g,1,sample,29,5.340191841125488,,,MIG-e6a72acc-723d-5ebf-bf4f-196a4352174f,"18,74",
ampere,1,vit_base_image,7g,1,sample,30,5.204127788543701,,,MIG-e6a72acc-723d-5ebf-bf4f-196a4352174f,"18,74",
ampere,1,vit_base_image,7g,1,sample,31,5.344639778137207,,,MIG-e6a72acc-723d-5ebf-bf4f-196a4352174f,"18,74",
ampere,1,vit_base_image,7g,1,sample,32,5.234655857086182,,,MIG-e6a72acc-723d-5ebf-bf4f-196a4352174f,"18,74",
ampere,1,vit_base_image,7g,1,sample,33,5.237664222717285,,,MIG-e6a72acc-723d-5ebf-bf4f-196a4352174f,"18,74",
ampere,1,vit_base_image,7g,1,sample,34,5.2257280349731445,,,MIG-e6a72acc-723d-5ebf-bf4f-196a4352174f,"18,74",
ampere,1,vit_base_image,7g,1,sample,35,5.213119983673096,,,MIG-e6a72acc-723d-5ebf-bf4f-196a4352174f,"18,74",
ampere,1,vit_base_image,7g,1,sample,36,5.209536075592041,,,MIG-e6a72acc-723d-5ebf-bf4f-196a4352174f,"18,74",
ampere,1,vit_base_image,7g,1,sample,37,5.605055809020996,,,MIG-e6a72acc-723d-5ebf-bf4f-196a4352174f,"18,74",
ampere,1,vit_base_image,7g,1,sample,38,6.166848182678223,,,MIG-e6a72acc-723d-5ebf-bf4f-196a4352174f,"18,74",
ampere,1,vit_base_image,7g,1,sample,39,5.214623928070068,,,MIG-e6a72acc-723d-5ebf-bf4f-196a4352174f,"18,74",
ampere,1,vit_base_image,7g,1,sample,40,5.217440128326416,,,MIG-e6a72acc-723d-5ebf-bf4f-196a4352174f,"18,74",
ampere,1,vit_base_image,7g,1,sample,41,5.234079837799072,,,MIG-e6a72acc-723d-5ebf-bf4f-196a4352174f,"18,74",
ampere,1,vit_base_image,7g,1,sample,42,5.222815990447998,,,MIG-e6a72acc-723d-5ebf-bf4f-196a4352174f,"18,74",
ampere,1,vit_base_image,7g,1,sample,43,5.222815990447998,,,MIG-e6a72acc-723d-5ebf-bf4f-196a4352174f,"18,74",
ampere,1,vit_base_image,7g,1,sample,44,5.240543842315674,,,MIG-e6a72acc-723d-5ebf-bf4f-196a4352174f,"18,74",
ampere,1,vit_base_image,7g,1,sample,45,5.222208023071289,,,MIG-e6a72acc-723d-5ebf-bf4f-196a4352174f,"18,74",
ampere,1,vit_base_image,7g,1,sample,46,5.22870397567749,,,MIG-e6a72acc-723d-5ebf-bf4f-196a4352174f,"18,74",
ampere,1,vit_base_image,7g,1,sample,47,5.2218241691589355,,,MIG-e6a72acc-723d-5ebf-bf4f-196a4352174f,"18,74",
ampere,1,vit_base_image,7g,1,sample,48,5.304160118103027,,,MIG-e6a72acc-723d-5ebf-bf4f-196a4352174f,"18,74",
ampere,1,vit_base_image,7g,1,sample,49,5.229983806610107,,,MIG-e6a72acc-723d-5ebf-bf4f-196a4352174f,"18,74",
ampere,1,vit_base_image,7g,4,warmup,0,23.443647384643555,,,MIG-e6a72acc-723d-5ebf-bf4f-196a4352174f,"18,74",
ampere,1,vit_base_image,7g,4,warmup,1,12.614175796508789,,,MIG-e6a72acc-723d-5ebf-bf4f-196a4352174f,"18,74",
ampere,1,vit_base_image,7g,4,warmup,2,12.500448226928711,,,MIG-e6a72acc-723d-5ebf-bf4f-196a4352174f,"18,74",
ampere,1,vit_base_image,7g,4,warmup,3,12.479680061340332,,,MIG-e6a72acc-723d-5ebf-bf4f-196a4352174f,"18,74",
ampere,1,vit_base_image,7g,4,warmup,4,12.498527526855469,,,MIG-e6a72acc-723d-5ebf-bf4f-196a4352174f,"18,74",
ampere,1,vit_base_image,7g,4,warmup,5,12.625727653503418,,,MIG-e6a72acc-723d-5ebf-bf4f-196a4352174f,"18,74",
ampere,1,vit_base_image,7g,4,warmup,6,12.88419246673584,,,MIG-e6a72acc-723d-5ebf-bf4f-196a4352174f,"18,74",
ampere,1,vit_base_image,7g,4,warmup,7,12.947872161865234,,,MIG-e6a72acc-723d-5ebf-bf4f-196a4352174f,"18,74",
ampere,1,vit_base_image,7g,4,warmup,8,12.954208374023438,,,MIG-e6a72acc-723d-5ebf-bf4f-196a4352174f,"18,74",
ampere,1,vit_base_image,7g,4,warmup,9,13.847999572753906,,,MIG-e6a72acc-723d-5ebf-bf4f-196a4352174f,"18,74",
ampere,1,vit_base_image,7g,4,sample,0,13.62224006652832,,,MIG-e6a72acc-723d-5ebf-bf4f-196a4352174f,"18,74",
ampere,1,vit_base_image,7g,4,sample,1,13.518207550048828,,,MIG-e6a72acc-723d-5ebf-bf4f-196a4352174f,"18,74",
ampere,1,vit_base_image,7g,4,sample,2,13.146080017089844,,,MIG-e6a72acc-723d-5ebf-bf4f-196a4352174f,"18,74",
ampere,1,vit_base_image,7g,4,sample,3,12.989279747009277,,,MIG-e6a72acc-723d-5ebf-bf4f-196a4352174f,"18,74",
ampere,1,vit_base_image,7g,4,sample,4,13.058591842651367,,,MIG-e6a72acc-723d-5ebf-bf4f-196a4352174f,"18,74",
ampere,1,vit_base_image,7g,4,sample,5,13.20844841003418,,,MIG-e6a72acc-723d-5ebf-bf4f-196a4352174f,"18,74",
ampere,1,vit_base_image,7g,4,sample,6,13.07209587097168,,,MIG-e6a72acc-723d-5ebf-bf4f-196a4352174f,"18,74",
ampere,1,vit_base_image,7g,4,sample,7,13.392160415649414,,,MIG-e6a72acc-723d-5ebf-bf4f-196a4352174f,"18,74",
ampere,1,vit_base_image,7g,4,sample,8,13.060192108154297,,,MIG-e6a72acc-723d-5ebf-bf4f-196a4352174f,"18,74",
ampere,1,vit_base_image,7g,4,sample,9,13.055328369140625,,,MIG-e6a72acc-723d-5ebf-bf4f-196a4352174f,"18,74",
ampere,1,vit_base_image,7g,4,sample,10,12.984000205993652,,,MIG-e6a72acc-723d-5ebf-bf4f-196a4352174f,"18,74",
ampere,1,vit_base_image,7g,4,sample,11,12.842111587524414,,,MIG-e6a72acc-723d-5ebf-bf4f-196a4352174f,"18,74",
ampere,1,vit_base_image,7g,4,sample,12,12.726112365722656,,,MIG-e6a72acc-723d-5ebf-bf4f-196a4352174f,"18,74",
ampere,1,vit_base_image,7g,4,sample,13,12.618847846984863,,,MIG-e6a72acc-723d-5ebf-bf4f-196a4352174f,"18,74",
ampere,1,vit_base_image,7g,4,sample,14,12.580896377563477,,,MIG-e6a72acc-723d-5ebf-bf4f-196a4352174f,"18,74",
ampere,1,vit_base_image,7g,4,sample,15,12.687104225158691,,,MIG-e6a72acc-723d-5ebf-bf4f-196a4352174f,"18,74",
ampere,1,vit_base_image,7g,4,sample,16,12.700223922729492,,,MIG-e6a72acc-723d-5ebf-bf4f-196a4352174f,"18,74",
ampere,1,vit_base_image,7g,4,sample,17,12.859871864318848,,,MIG-e6a72acc-723d-5ebf-bf4f-196a4352174f,"18,74",
ampere,1,vit_base_image,7g,4,sample,18,12.937376022338867,,,MIG-e6a72acc-723d-5ebf-bf4f-196a4352174f,"18,74",
ampere,1,vit_base_image,7g,4,sample,19,12.930527687072754,,,MIG-e6a72acc-723d-5ebf-bf4f-196a4352174f,"18,74",
ampere,1,vit_base_image,7g,4,sample,20,13.088607788085938,,,MIG-e6a72acc-723d-5ebf-bf4f-196a4352174f,"18,74",
ampere,1,vit_base_image,7g,4,sample,21,13.068096160888672,,,MIG-e6a72acc-723d-5ebf-bf4f-196a4352174f,"18,74",
ampere,1,vit_base_image,7g,4,sample,22,13.05020809173584,,,MIG-e6a72acc-723d-5ebf-bf4f-196a4352174f,"18,74",
ampere,1,vit_base_image,7g,4,sample,23,13.07795238494873,,,MIG-e6a72acc-723d-5ebf-bf4f-196a4352174f,"18,74",
ampere,1,vit_base_image,7g,4,sample,24,13.069664001464844,,,MIG-e6a72acc-723d-5ebf-bf4f-196a4352174f,"18,74",
ampere,1,vit_base_image,7g,4,sample,25,13.065983772277832,,,MIG-e6a72acc-723d-5ebf-bf4f-196a4352174f,"18,74",
ampere,1,vit_base_image,7g,4,sample,26,13.222016334533691,,,MIG-e6a72acc-723d-5ebf-bf4f-196a4352174f,"18,74",
ampere,1,vit_base_image,7g,4,sample,27,13.19587230682373,,,MIG-e6a72acc-723d-5ebf-bf4f-196a4352174f,"18,74",
ampere,1,vit_base_image,7g,4,sample,28,13.197440147399902,,,MIG-e6a72acc-723d-5ebf-bf4f-196a4352174f,"18,74",
ampere,1,vit_base_image,7g,4,sample,29,13.189311981201172,,,MIG-e6a72acc-723d-5ebf-bf4f-196a4352174f,"18,74",
ampere,1,vit_base_image,7g,4,sample,30,13.109439849853516,,,MIG-e6a72acc-723d-5ebf-bf4f-196a4352174f,"18,74",
ampere,1,vit_base_image,7g,4,sample,31,12.984352111816406,,,MIG-e6a72acc-723d-5ebf-bf4f-196a4352174f,"18,74",
ampere,1,vit_base_image,7g,4,sample,32,12.85814380645752,,,MIG-e6a72acc-723d-5ebf-bf4f-196a4352174f,"18,74",
ampere,1,vit_base_image,7g,4,sample,33,12.751104354858398,,,MIG-e6a72acc-723d-5ebf-bf4f-196a4352174f,"18,74",
ampere,1,vit_base_image,7g,4,sample,34,12.819392204284668,,,MIG-e6a72acc-723d-5ebf-bf4f-196a4352174f,"18,74",
ampere,1,vit_base_image,7g,4,sample,35,12.643775939941406,,,MIG-e6a72acc-723d-5ebf-bf4f-196a4352174f,"18,74",
ampere,1,vit_base_image,7g,4,sample,36,12.611968040466309,,,MIG-e6a72acc-723d-5ebf-bf4f-196a4352174f,"18,74",
ampere,1,vit_base_image,7g,4,sample,37,12.785504341125488,,,MIG-e6a72acc-723d-5ebf-bf4f-196a4352174f,"18,74",
ampere,1,vit_base_image,7g,4,sample,38,12.614815711975098,,,MIG-e6a72acc-723d-5ebf-bf4f-196a4352174f,"18,74",
ampere,1,vit_base_image,7g,4,sample,39,12.538911819458008,,,MIG-e6a72acc-723d-5ebf-bf4f-196a4352174f,"18,74",
ampere,1,vit_base_image,7g,4,sample,40,12.57868766784668,,,MIG-e6a72acc-723d-5ebf-bf4f-196a4352174f,"18,74",
ampere,1,vit_base_image,7g,4,sample,41,12.494239807128906,,,MIG-e6a72acc-723d-5ebf-bf4f-196a4352174f,"18,74",
ampere,1,vit_base_image,7g,4,sample,42,12.612735748291016,,,MIG-e6a72acc-723d-5ebf-bf4f-196a4352174f,"18,74",
ampere,1,vit_base_image,7g,4,sample,43,12.80624008178711,,,MIG-e6a72acc-723d-5ebf-bf4f-196a4352174f,"18,74",
ampere,1,vit_base_image,7g,4,sample,44,12.924639701843262,,,MIG-e6a72acc-723d-5ebf-bf4f-196a4352174f,"18,74",
ampere,1,vit_base_image,7g,4,sample,45,12.94422435760498,,,MIG-e6a72acc-723d-5ebf-bf4f-196a4352174f,"18,74",
ampere,1,vit_base_image,7g,4,sample,46,12.972640037536621,,,MIG-e6a72acc-723d-5ebf-bf4f-196a4352174f,"18,74",
ampere,1,vit_base_image,7g,4,sample,47,13.080256462097168,,,MIG-e6a72acc-723d-5ebf-bf4f-196a4352174f,"18,74",
ampere,1,vit_base_image,7g,4,sample,48,13.433600425720215,,,MIG-e6a72acc-723d-5ebf-bf4f-196a4352174f,"18,74",
ampere,1,vit_base_image,7g,4,sample,49,13.062560081481934,,,MIG-e6a72acc-723d-5ebf-bf4f-196a4352174f,"18,74",
ampere,1,vit_base_image,7g,16,warmup,0,45.31683349609375,,,MIG-e6a72acc-723d-5ebf-bf4f-196a4352174f,"18,74",
ampere,1,vit_base_image,7g,16,warmup,1,45.61859130859375,,,MIG-e6a72acc-723d-5ebf-bf4f-196a4352174f,"18,74",
ampere,1,vit_base_image,7g,16,warmup,2,44.83820724487305,,,MIG-e6a72acc-723d-5ebf-bf4f-196a4352174f,"18,74",
ampere,1,vit_base_image,7g,16,warmup,3,45.62403106689453,,,MIG-e6a72acc-723d-5ebf-bf4f-196a4352174f,"18,74",
ampere,1,vit_base_image,7g,16,warmup,4,44.954654693603516,,,MIG-e6a72acc-723d-5ebf-bf4f-196a4352174f,"18,74",
ampere,1,vit_base_image,7g,16,warmup,5,46.212158203125,,,MIG-e6a72acc-723d-5ebf-bf4f-196a4352174f,"18,74",
ampere,1,vit_base_image,7g,16,warmup,6,44.98432159423828,,,MIG-e6a72acc-723d-5ebf-bf4f-196a4352174f,"18,74",
ampere,1,vit_base_image,7g,16,warmup,7,44.9318733215332,,,MIG-e6a72acc-723d-5ebf-bf4f-196a4352174f,"18,74",
ampere,1,vit_base_image,7g,16,warmup,8,44.94160079956055,,,MIG-e6a72acc-723d-5ebf-bf4f-196a4352174f,"18,74",
ampere,1,vit_base_image,7g,16,warmup,9,44.09737777709961,,,MIG-e6a72acc-723d-5ebf-bf4f-196a4352174f,"18,74",
ampere,1,vit_base_image,7g,16,sample,0,45.759456634521484,,,MIG-e6a72acc-723d-5ebf-bf4f-196a4352174f,"18,74",
ampere,1,vit_base_image,7g,16,sample,1,44.928897857666016,,,MIG-e6a72acc-723d-5ebf-bf4f-196a4352174f,"18,74",
ampere,1,vit_base_image,7g,16,sample,2,45.72748947143555,,,MIG-e6a72acc-723d-5ebf-bf4f-196a4352174f,"18,74",
ampere,1,vit_base_image,7g,16,sample,3,44.88819122314453,,,MIG-e6a72acc-723d-5ebf-bf4f-196a4352174f,"18,74",
ampere,1,vit_base_image,7g,16,sample,4,45.72159957885742,,,MIG-e6a72acc-723d-5ebf-bf4f-196a4352174f,"18,74",
ampere,1,vit_base_image,7g,16,sample,5,45.29129409790039,,,MIG-e6a72acc-723d-5ebf-bf4f-196a4352174f,"18,74",
ampere,1,vit_base_image,7g,16,sample,6,44.986656188964844,,,MIG-e6a72acc-723d-5ebf-bf4f-196a4352174f,"18,74",
ampere,1,vit_base_image,7g,16,sample,7,45.564414978027344,,,MIG-e6a72acc-723d-5ebf-bf4f-196a4352174f,"18,74",
ampere,1,vit_base_image,7g,16,sample,8,44.53081512451172,,,MIG-e6a72acc-723d-5ebf-bf4f-196a4352174f,"18,74",
ampere,1,vit_base_image,7g,16,sample,9,45.61036682128906,,,MIG-e6a72acc-723d-5ebf-bf4f-196a4352174f,"18,74",
ampere,1,vit_base_image,7g,16,sample,10,44.937313079833984,,,MIG-e6a72acc-723d-5ebf-bf4f-196a4352174f,"18,74",
ampere,1,vit_base_image,7g,16,sample,11,45.75539016723633,,,MIG-e6a72acc-723d-5ebf-bf4f-196a4352174f,"18,74",
ampere,1,vit_base_image,7g,16,sample,12,44.924190521240234,,,MIG-e6a72acc-723d-5ebf-bf4f-196a4352174f,"18,74",
ampere,1,vit_base_image,7g,16,sample,13,45.72608184814453,,,MIG-e6a72acc-723d-5ebf-bf4f-196a4352174f,"18,74",
ampere,1,vit_base_image,7g,16,sample,14,45.338401794433594,,,MIG-e6a72acc-723d-5ebf-bf4f-196a4352174f,"18,74",
ampere,1,vit_base_image,7g,16,sample,15,44.92448043823242,,,MIG-e6a72acc-723d-5ebf-bf4f-196a4352174f,"18,74",
ampere,1,vit_base_image,7g,16,sample,16,45.53129577636719,,,MIG-e6a72acc-723d-5ebf-bf4f-196a4352174f,"18,74",
ampere,1,vit_base_image,7g,16,sample,17,44.55043029785156,,,MIG-e6a72acc-723d-5ebf-bf4f-196a4352174f,"18,74",
ampere,1,vit_base_image,7g,16,sample,18,46.139808654785156,,,MIG-e6a72acc-723d-5ebf-bf4f-196a4352174f,"18,74",
ampere,1,vit_base_image,7g,16,sample,19,44.888126373291016,,,MIG-e6a72acc-723d-5ebf-bf4f-196a4352174f,"18,74",
ampere,1,vit_base_image,7g,16,sample,20,45.58921432495117,,,MIG-e6a72acc-723d-5ebf-bf4f-196a4352174f,"18,74",
ampere,1,vit_base_image,7g,16,sample,21,44.7852783203125,,,MIG-e6a72acc-723d-5ebf-bf4f-196a4352174f,"18,74",
ampere,1,vit_base_image,7g,16,sample,22,45.607295989990234,,,MIG-e6a72acc-723d-5ebf-bf4f-196a4352174f,"18,74",
ampere,1,vit_base_image,7g,16,sample,23,45.07215881347656,,,MIG-e6a72acc-723d-5ebf-bf4f-196a4352174f,"18,74",
ampere,1,vit_base_image,7g,16,sample,24,45.352542877197266,,,MIG-e6a72acc-723d-5ebf-bf4f-196a4352174f,"18,74",
ampere,1,vit_base_image,7g,16,sample,25,45.368446350097656,,,MIG-e6a72acc-723d-5ebf-bf4f-196a4352174f,"18,74",
ampere,1,vit_base_image,7g,16,sample,26,44.921695709228516,,,MIG-e6a72acc-723d-5ebf-bf4f-196a4352174f,"18,74",
ampere,1,vit_base_image,7g,16,sample,27,46.1129264831543,,,MIG-e6a72acc-723d-5ebf-bf4f-196a4352174f,"18,74",
ampere,1,vit_base_image,7g,16,sample,28,45.011295318603516,,,MIG-e6a72acc-723d-5ebf-bf4f-196a4352174f,"18,74",
ampere,1,vit_base_image,7g,16,sample,29,46.1258544921875,,,MIG-e6a72acc-723d-5ebf-bf4f-196a4352174f,"18,74",
ampere,1,vit_base_image,7g,16,sample,30,44.63727951049805,,,MIG-e6a72acc-723d-5ebf-bf4f-196a4352174f,"18,74",
ampere,1,vit_base_image,7g,16,sample,31,45.49049758911133,,,MIG-e6a72acc-723d-5ebf-bf4f-196a4352174f,"18,74",
ampere,1,vit_base_image,7g,16,sample,32,44.69420623779297,,,MIG-e6a72acc-723d-5ebf-bf4f-196a4352174f,"18,74",
ampere,1,vit_base_image,7g,16,sample,33,45.55059051513672,,,MIG-e6a72acc-723d-5ebf-bf4f-196a4352174f,"18,74",
ampere,1,vit_base_image,7g,16,sample,34,44.55964660644531,,,MIG-e6a72acc-723d-5ebf-bf4f-196a4352174f,"18,74",
ampere,1,vit_base_image,7g,16,sample,35,45.378814697265625,,,MIG-e6a72acc-723d-5ebf-bf4f-196a4352174f,"18,74",
ampere,1,vit_base_image,7g,16,sample,36,45.216800689697266,,,MIG-e6a72acc-723d-5ebf-bf4f-196a4352174f,"18,74",
ampere,1,vit_base_image,7g,16,sample,37,44.913185119628906,,,MIG-e6a72acc-723d-5ebf-bf4f-196a4352174f,"18,74",
ampere,1,vit_base_image,7g,16,sample,38,46.048126220703125,,,MIG-e6a72acc-723d-5ebf-bf4f-196a4352174f,"18,74",
ampere,1,vit_base_image,7g,16,sample,39,44.682369232177734,,,MIG-e6a72acc-723d-5ebf-bf4f-196a4352174f,"18,74",
ampere,1,vit_base_image,7g,16,sample,40,45.728641510009766,,,MIG-e6a72acc-723d-5ebf-bf4f-196a4352174f,"18,74",
ampere,1,vit_base_image,7g,16,sample,41,44.73440170288086,,,MIG-e6a72acc-723d-5ebf-bf4f-196a4352174f,"18,74",
ampere,1,vit_base_image,7g,16,sample,42,45.16921615600586,,,MIG-e6a72acc-723d-5ebf-bf4f-196a4352174f,"18,74",
ampere,1,vit_base_image,7g,16,sample,43,44.882144927978516,,,MIG-e6a72acc-723d-5ebf-bf4f-196a4352174f,"18,74",
ampere,1,vit_base_image,7g,16,sample,44,45.320865631103516,,,MIG-e6a72acc-723d-5ebf-bf4f-196a4352174f,"18,74",
ampere,1,vit_base_image,7g,16,sample,45,44.89712142944336,,,MIG-e6a72acc-723d-5ebf-bf4f-196a4352174f,"18,74",
ampere,1,vit_base_image,7g,16,sample,46,45.3526725769043,,,MIG-e6a72acc-723d-5ebf-bf4f-196a4352174f,"18,74",
ampere,1,vit_base_image,7g,16,sample,47,45.36463928222656,,,MIG-e6a72acc-723d-5ebf-bf4f-196a4352174f,"18,74",
ampere,1,vit_base_image,7g,16,sample,48,45.34105682373047,,,MIG-e6a72acc-723d-5ebf-bf4f-196a4352174f,"18,74",
ampere,1,vit_base_image,7g,16,sample,49,45.39875030517578,,,MIG-e6a72acc-723d-5ebf-bf4f-196a4352174f,"18,74",
ampere,1,vit_base_image,7g,32,warmup,0,84.53052520751953,,,MIG-e6a72acc-723d-5ebf-bf4f-196a4352174f,"18,74",
ampere,1,vit_base_image,7g,32,warmup,1,86.0439682006836,,,MIG-e6a72acc-723d-5ebf-bf4f-196a4352174f,"18,74",
ampere,1,vit_base_image,7g,32,warmup,2,85.50653076171875,,,MIG-e6a72acc-723d-5ebf-bf4f-196a4352174f,"18,74",
ampere,1,vit_base_image,7g,32,warmup,3,85.75823974609375,,,MIG-e6a72acc-723d-5ebf-bf4f-196a4352174f,"18,74",
ampere,1,vit_base_image,7g,32,warmup,4,85.67222595214844,,,MIG-e6a72acc-723d-5ebf-bf4f-196a4352174f,"18,74",
ampere,1,vit_base_image,7g,32,warmup,5,85.6579818725586,,,MIG-e6a72acc-723d-5ebf-bf4f-196a4352174f,"18,74",
ampere,1,vit_base_image,7g,32,warmup,6,85.9139175415039,,,MIG-e6a72acc-723d-5ebf-bf4f-196a4352174f,"18,74",
ampere,1,vit_base_image,7g,32,warmup,7,85.37897491455078,,,MIG-e6a72acc-723d-5ebf-bf4f-196a4352174f,"18,74",
ampere,1,vit_base_image,7g,32,warmup,8,86.17810821533203,,,MIG-e6a72acc-723d-5ebf-bf4f-196a4352174f,"18,74",
ampere,1,vit_base_image,7g,32,warmup,9,85.52124786376953,,,MIG-e6a72acc-723d-5ebf-bf4f-196a4352174f,"18,74",
ampere,1,vit_base_image,7g,32,sample,0,86.18326568603516,,,MIG-e6a72acc-723d-5ebf-bf4f-196a4352174f,"18,74",
ampere,1,vit_base_image,7g,32,sample,1,85.89193725585938,,,MIG-e6a72acc-723d-5ebf-bf4f-196a4352174f,"18,74",
ampere,1,vit_base_image,7g,32,sample,2,85.4466552734375,,,MIG-e6a72acc-723d-5ebf-bf4f-196a4352174f,"18,74",
ampere,1,vit_base_image,7g,32,sample,3,86.85139465332031,,,MIG-e6a72acc-723d-5ebf-bf4f-196a4352174f,"18,74",
ampere,1,vit_base_image,7g,32,sample,4,85.70035552978516,,,MIG-e6a72acc-723d-5ebf-bf4f-196a4352174f,"18,74",
ampere,1,vit_base_image,7g,32,sample,5,86.15203094482422,,,MIG-e6a72acc-723d-5ebf-bf4f-196a4352174f,"18,74",
ampere,1,vit_base_image,7g,32,sample,6,85.20623779296875,,,MIG-e6a72acc-723d-5ebf-bf4f-196a4352174f,"18,74",
ampere,1,vit_base_image,7g,32,sample,7,86.10694122314453,,,MIG-e6a72acc-723d-5ebf-bf4f-196a4352174f,"18,74",
ampere,1,vit_base_image,7g,32,sample,8,85.75270080566406,,,MIG-e6a72acc-723d-5ebf-bf4f-196a4352174f,"18,74",
ampere,1,vit_base_image,7g,32,sample,9,85.76950073242188,,,MIG-e6a72acc-723d-5ebf-bf4f-196a4352174f,"18,74",
ampere,1,vit_base_image,7g,32,sample,10,86.17241668701172,,,MIG-e6a72acc-723d-5ebf-bf4f-196a4352174f,"18,74",
ampere,1,vit_base_image,7g,32,sample,11,85.58834838867188,,,MIG-e6a72acc-723d-5ebf-bf4f-196a4352174f,"18,74",
ampere,1,vit_base_image,7g,32,sample,12,86.0183334350586,,,MIG-e6a72acc-723d-5ebf-bf4f-196a4352174f,"18,74",
ampere,1,vit_base_image,7g,32,sample,13,85.43766021728516,,,MIG-e6a72acc-723d-5ebf-bf4f-196a4352174f,"18,74",
ampere,1,vit_base_image,7g,32,sample,14,86.27398681640625,,,MIG-e6a72acc-723d-5ebf-bf4f-196a4352174f,"18,74",
ampere,1,vit_base_image,7g,32,sample,15,85.4234848022461,,,MIG-e6a72acc-723d-5ebf-bf4f-196a4352174f,"18,74",
ampere,1,vit_base_image,7g,32,sample,16,86.23296356201172,,,MIG-e6a72acc-723d-5ebf-bf4f-196a4352174f,"18,74",
ampere,1,vit_base_image,7g,32,sample,17,85.85135650634766,,,MIG-e6a72acc-723d-5ebf-bf4f-196a4352174f,"18,74",
ampere,1,vit_base_image,7g,32,sample,18,85.6148452758789,,,MIG-e6a72acc-723d-5ebf-bf4f-196a4352174f,"18,74",
ampere,1,vit_base_image,7g,32,sample,19,86.57257843017578,,,MIG-e6a72acc-723d-5ebf-bf4f-196a4352174f,"18,74",
ampere,1,vit_base_image,7g,32,sample,20,85.65007781982422,,,MIG-e6a72acc-723d-5ebf-bf4f-196a4352174f,"18,74",
ampere,1,vit_base_image,7g,32,sample,21,86.05862426757812,,,MIG-e6a72acc-723d-5ebf-bf4f-196a4352174f,"18,74",
ampere,1,vit_base_image,7g,32,sample,22,85.6552963256836,,,MIG-e6a72acc-723d-5ebf-bf4f-196a4352174f,"18,74",
ampere,1,vit_base_image,7g,32,sample,23,86.13705444335938,,,MIG-e6a72acc-723d-5ebf-bf4f-196a4352174f,"18,74",
ampere,1,vit_base_image,7g,32,sample,24,85.02543640136719,,,MIG-e6a72acc-723d-5ebf-bf4f-196a4352174f,"18,74",
ampere,1,vit_base_image,7g,32,sample,25,86.1226577758789,,,MIG-e6a72acc-723d-5ebf-bf4f-196a4352174f,"18,74",
ampere,1,vit_base_image,7g,32,sample,26,86.10572814941406,,,MIG-e6a72acc-723d-5ebf-bf4f-196a4352174f,"18,74",
ampere,1,vit_base_image,7g,32,sample,27,85.90489959716797,,,MIG-e6a72acc-723d-5ebf-bf4f-196a4352174f,"18,74",
ampere,1,vit_base_image,7g,32,sample,28,86.557373046875,,,MIG-e6a72acc-723d-5ebf-bf4f-196a4352174f,"18,74",
ampere,1,vit_base_image,7g,32,sample,29,85.27190399169922,,,MIG-e6a72acc-723d-5ebf-bf4f-196a4352174f,"18,74",
ampere,1,vit_base_image,7g,32,sample,30,86.13391876220703,,,MIG-e6a72acc-723d-5ebf-bf4f-196a4352174f,"18,74",
ampere,1,vit_base_image,7g,32,sample,31,85.7105941772461,,,MIG-e6a72acc-723d-5ebf-bf4f-196a4352174f,"18,74",
ampere,1,vit_base_image,7g,32,sample,32,85.82505798339844,,,MIG-e6a72acc-723d-5ebf-bf4f-196a4352174f,"18,74",
ampere,1,vit_base_image,7g,32,sample,33,86.33106994628906,,,MIG-e6a72acc-723d-5ebf-bf4f-196a4352174f,"18,74",
ampere,1,vit_base_image,7g,32,sample,34,85.81990051269531,,,MIG-e6a72acc-723d-5ebf-bf4f-196a4352174f,"18,74",
ampere,1,vit_base_image,7g,32,sample,35,86.43488311767578,,,MIG-e6a72acc-723d-5ebf-bf4f-196a4352174f,"18,74",
ampere,1,vit_base_image,7g,32,sample,36,85.41747283935547,,,MIG-e6a72acc-723d-5ebf-bf4f-196a4352174f,"18,74",
ampere,1,vit_base_image,7g,32,sample,37,86.11449432373047,,,MIG-e6a72acc-723d-5ebf-bf4f-196a4352174f,"18,74",
ampere,1,vit_base_image,7g,32,sample,38,86.07878112792969,,,MIG-e6a72acc-723d-5ebf-bf4f-196a4352174f,"18,74",
ampere,1,vit_base_image,7g,32,sample,39,85.52342224121094,,,MIG-e6a72acc-723d-5ebf-bf4f-196a4352174f,"18,74",
ampere,1,vit_base_image,7g,32,sample,40,85.91168212890625,,,MIG-e6a72acc-723d-5ebf-bf4f-196a4352174f,"18,74",
ampere,1,vit_base_image,7g,32,sample,41,85.46524810791016,,,MIG-e6a72acc-723d-5ebf-bf4f-196a4352174f,"18,74",
ampere,1,vit_base_image,7g,32,sample,42,86.18726348876953,,,MIG-e6a72acc-723d-5ebf-bf4f-196a4352174f,"18,74",
ampere,1,vit_base_image,7g,32,sample,43,85.99267578125,,,MIG-e6a72acc-723d-5ebf-bf4f-196a4352174f,"18,74",
ampere,1,vit_base_image,7g,32,sample,44,85.9393310546875,,,MIG-e6a72acc-723d-5ebf-bf4f-196a4352174f,"18,74",
ampere,1,vit_base_image,7g,32,sample,45,86.49107360839844,,,MIG-e6a72acc-723d-5ebf-bf4f-196a4352174f,"18,74",
ampere,1,vit_base_image,7g,32,sample,46,85.6416015625,,,MIG-e6a72acc-723d-5ebf-bf4f-196a4352174f,"18,74",
ampere,1,vit_base_image,7g,32,sample,47,86.50374603271484,,,MIG-e6a72acc-723d-5ebf-bf4f-196a4352174f,"18,74",
ampere,1,vit_base_image,7g,32,sample,48,85.25116729736328,,,MIG-e6a72acc-723d-5ebf-bf4f-196a4352174f,"18,74",
ampere,1,vit_base_image,7g,32,sample,49,86.21257781982422,,,MIG-e6a72acc-723d-5ebf-bf4f-196a4352174f,"18,74",
ampere,1,vit_base_image,7g,64,warmup,0,163.7367706298828,,,MIG-e6a72acc-723d-5ebf-bf4f-196a4352174f,"18,74",
ampere,1,vit_base_image,7g,64,warmup,1,165.0361328125,,,MIG-e6a72acc-723d-5ebf-bf4f-196a4352174f,"18,74",
ampere,1,vit_base_image,7g,64,warmup,2,164.86598205566406,,,MIG-e6a72acc-723d-5ebf-bf4f-196a4352174f,"18,74",
ampere,1,vit_base_image,7g,64,warmup,3,164.31878662109375,,,MIG-e6a72acc-723d-5ebf-bf4f-196a4352174f,"18,74",
ampere,1,vit_base_image,7g,64,warmup,4,165.31642150878906,,,MIG-e6a72acc-723d-5ebf-bf4f-196a4352174f,"18,74",
ampere,1,vit_base_image,7g,64,warmup,5,165.37916564941406,,,MIG-e6a72acc-723d-5ebf-bf4f-196a4352174f,"18,74",
ampere,1,vit_base_image,7g,64,warmup,6,165.274169921875,,,MIG-e6a72acc-723d-5ebf-bf4f-196a4352174f,"18,74",
ampere,1,vit_base_image,7g,64,warmup,7,164.5100555419922,,,MIG-e6a72acc-723d-5ebf-bf4f-196a4352174f,"18,74",
ampere,1,vit_base_image,7g,64,warmup,8,164.60397338867188,,,MIG-e6a72acc-723d-5ebf-bf4f-196a4352174f,"18,74",
ampere,1,vit_base_image,7g,64,warmup,9,165.42886352539062,,,MIG-e6a72acc-723d-5ebf-bf4f-196a4352174f,"18,74",
ampere,1,vit_base_image,7g,64,sample,0,164.89491271972656,,,MIG-e6a72acc-723d-5ebf-bf4f-196a4352174f,"18,74",
ampere,1,vit_base_image,7g,64,sample,1,165.1308135986328,,,MIG-e6a72acc-723d-5ebf-bf4f-196a4352174f,"18,74",
ampere,1,vit_base_image,7g,64,sample,2,165.93667602539062,,,MIG-e6a72acc-723d-5ebf-bf4f-196a4352174f,"18,74",
ampere,1,vit_base_image,7g,64,sample,3,165.23049926757812,,,MIG-e6a72acc-723d-5ebf-bf4f-196a4352174f,"18,74",
ampere,1,vit_base_image,7g,64,sample,4,165.91127014160156,,,MIG-e6a72acc-723d-5ebf-bf4f-196a4352174f,"18,74",
ampere,1,vit_base_image,7g,64,sample,5,165.3897247314453,,,MIG-e6a72acc-723d-5ebf-bf4f-196a4352174f,"18,74",
ampere,1,vit_base_image,7g,64,sample,6,166.19847106933594,,,MIG-e6a72acc-723d-5ebf-bf4f-196a4352174f,"18,74",
ampere,1,vit_base_image,7g,64,sample,7,165.31692504882812,,,MIG-e6a72acc-723d-5ebf-bf4f-196a4352174f,"18,74",
ampere,1,vit_base_image,7g,64,sample,8,165.61024475097656,,,MIG-e6a72acc-723d-5ebf-bf4f-196a4352174f,"18,74",
ampere,1,vit_base_image,7g,64,sample,9,164.82528686523438,,,MIG-e6a72acc-723d-5ebf-bf4f-196a4352174f,"18,74",
ampere,1,vit_base_image,7g,64,sample,10,165.74697875976562,,,MIG-e6a72acc-723d-5ebf-bf4f-196a4352174f,"18,74",
ampere,1,vit_base_image,7g,64,sample,11,165.1641845703125,,,MIG-e6a72acc-723d-5ebf-bf4f-196a4352174f,"18,74",
ampere,1,vit_base_image,7g,64,sample,12,165.9993896484375,,,MIG-e6a72acc-723d-5ebf-bf4f-196a4352174f,"18,74",
ampere,1,vit_base_image,7g,64,sample,13,164.53628540039062,,,MIG-e6a72acc-723d-5ebf-bf4f-196a4352174f,"18,74",
ampere,1,vit_base_image,7g,64,sample,14,164.99685668945312,,,MIG-e6a72acc-723d-5ebf-bf4f-196a4352174f,"18,74",
ampere,1,vit_base_image,7g,64,sample,15,165.78729248046875,,,MIG-e6a72acc-723d-5ebf-bf4f-196a4352174f,"18,74",
ampere,1,vit_base_image,7g,64,sample,16,164.99305725097656,,,MIG-e6a72acc-723d-5ebf-bf4f-196a4352174f,"18,74",
ampere,1,vit_base_image,7g,64,sample,17,165.31517028808594,,,MIG-e6a72acc-723d-5ebf-bf4f-196a4352174f,"18,74",
ampere,1,vit_base_image,7g,64,sample,18,165.21160888671875,,,MIG-e6a72acc-723d-5ebf-bf4f-196a4352174f,"18,74",
ampere,1,vit_base_image,7g,64,sample,19,165.12771606445312,,,MIG-e6a72acc-723d-5ebf-bf4f-196a4352174f,"18,74",
ampere,1,vit_base_image,7g,64,sample,20,164.6596221923828,,,MIG-e6a72acc-723d-5ebf-bf4f-196a4352174f,"18,74",
ampere,1,vit_base_image,7g,64,sample,21,165.43096923828125,,,MIG-e6a72acc-723d-5ebf-bf4f-196a4352174f,"18,74",
ampere,1,vit_base_image,7g,64,sample,22,165.08274841308594,,,MIG-e6a72acc-723d-5ebf-bf4f-196a4352174f,"18,74",
ampere,1,vit_base_image,7g,64,sample,23,164.94432067871094,,,MIG-e6a72acc-723d-5ebf-bf4f-196a4352174f,"18,74",
ampere,1,vit_base_image,7g,64,sample,24,164.8488311767578,,,MIG-e6a72acc-723d-5ebf-bf4f-196a4352174f,"18,74",
ampere,1,vit_base_image,7g,64,sample,25,165.60858154296875,,,MIG-e6a72acc-723d-5ebf-bf4f-196a4352174f,"18,74",
ampere,1,vit_base_image,7g,64,sample,26,164.86111450195312,,,MIG-e6a72acc-723d-5ebf-bf4f-196a4352174f,"18,74",
ampere,1,vit_base_image,7g,64,sample,27,165.2904052734375,,,MIG-e6a72acc-723d-5ebf-bf4f-196a4352174f,"18,74",
ampere,1,vit_base_image,7g,64,sample,28,165.45578002929688,,,MIG-e6a72acc-723d-5ebf-bf4f-196a4352174f,"18,74",
ampere,1,vit_base_image,7g,64,sample,29,165.67520141601562,,,MIG-e6a72acc-723d-5ebf-bf4f-196a4352174f,"18,74",
ampere,1,vit_base_image,7g,64,sample,30,165.33392333984375,,,MIG-e6a72acc-723d-5ebf-bf4f-196a4352174f,"18,74",
ampere,1,vit_base_image,7g,64,sample,31,165.5524444580078,,,MIG-e6a72acc-723d-5ebf-bf4f-196a4352174f,"18,74",
ampere,1,vit_base_image,7g,64,sample,32,165.06515502929688,,,MIG-e6a72acc-723d-5ebf-bf4f-196a4352174f,"18,74",
ampere,1,vit_base_image,7g,64,sample,33,165.59613037109375,,,MIG-e6a72acc-723d-5ebf-bf4f-196a4352174f,"18,74",
ampere,1,vit_base_image,7g,64,sample,34,165.04751586914062,,,MIG-e6a72acc-723d-5ebf-bf4f-196a4352174f,"18,74",
ampere,1,vit_base_image,7g,64,sample,35,165.8563232421875,,,MIG-e6a72acc-723d-5ebf-bf4f-196a4352174f,"18,74",
ampere,1,vit_base_image,7g,64,sample,36,164.81939697265625,,,MIG-e6a72acc-723d-5ebf-bf4f-196a4352174f,"18,74",
ampere,1,vit_base_image,7g,64,sample,37,165.80975341796875,,,MIG-e6a72acc-723d-5ebf-bf4f-196a4352174f,"18,74",
ampere,1,vit_base_image,7g,64,sample,38,165.57066345214844,,,MIG-e6a72acc-723d-5ebf-bf4f-196a4352174f,"18,74",
ampere,1,vit_base_image,7g,64,sample,39,165.94032287597656,,,MIG-e6a72acc-723d-5ebf-bf4f-196a4352174f,"18,74",
ampere,1,vit_base_image,7g,64,sample,40,165.0952606201172,,,MIG-e6a72acc-723d-5ebf-bf4f-196a4352174f,"18,74",
ampere,1,vit_base_image,7g,64,sample,41,165.6162567138672,,,MIG-e6a72acc-723d-5ebf-bf4f-196a4352174f,"18,74",
ampere,1,vit_base_image,7g,64,sample,42,164.7795867919922,,,MIG-e6a72acc-723d-5ebf-bf4f-196a4352174f,"18,74",
ampere,1,vit_base_image,7g,64,sample,43,165.18345642089844,,,MIG-e6a72acc-723d-5ebf-bf4f-196a4352174f,"18,74",
ampere,1,vit_base_image,7g,64,sample,44,165.30499267578125,,,MIG-e6a72acc-723d-5ebf-bf4f-196a4352174f,"18,74",
ampere,1,vit_base_image,7g,64,sample,45,165.54885864257812,,,MIG-e6a72acc-723d-5ebf-bf4f-196a4352174f,"18,74",
ampere,1,vit_base_image,7g,64,sample,46,165.1595458984375,,,MIG-e6a72acc-723d-5ebf-bf4f-196a4352174f,"18,74",
ampere,1,vit_base_image,7g,64,sample,47,165.71363830566406,,,MIG-e6a72acc-723d-5ebf-bf4f-196a4352174f,"18,74",
ampere,1,vit_base_image,7g,64,sample,48,165.5221710205078,,,MIG-e6a72acc-723d-5ebf-bf4f-196a4352174f,"18,74",
ampere,1,vit_base_image,7g,64,sample,49,165.2903289794922,,,MIG-e6a72acc-723d-5ebf-bf4f-196a4352174f,"18,74",
