t_utc,t_rel,live_round,window,workload,offered,sent,completed,rate_rps,target_rps,ledger_capacity_rps
1790628846,0,,,resnet50_image,0,0,0,,,
1790628846,0,,,vgg16_image,0,0,0,,,
1790628846,0,,,vit_base_image,0,0,0,,,
1790628847,1,1,transition,resnet50_image,0,0,0,0.0,242.71580725528415,
1790628847,1,1,transition,vgg16_image,0,0,0,0.0,446.803738317757,
1790628847,1,1,transition,vit_base_image,0,0,0,0.0,122.60061919504642,
1790628848,2,1,transition,resnet50_image,0,0,0,0.0,242.71580725528415,
1790628848,2,1,transition,vgg16_image,0,0,0,0.0,446.803738317757,
1790628848,2,1,transition,vit_base_image,0,0,0,0.0,122.60061919504642,
1790628849,3,1,transition,resnet50_image,0,0,0,0.0,242.71580725528415,
1790628849,3,1,transition,vgg16_image,0,0,0,0.0,446.803738317757,
1790628849,3,1,transition,vit_base_image,0,0,0,0.0,122.60061919504642,
1790628850,4,1,transition,resnet50_image,0,0,0,0.0,242.71580725528415,
1790628850,4,1,transition,vgg16_image,0,0,0,0.0,446.803738317757,
1790628850,4,1,transition,vit_base_image,0,0,0,0.0,122.60061919504642,
1790628851,5,1,transition,resnet50_image,0,0,0,0.0,242.71580725528415,
1790628851,5,1,transition,vgg16_image,0,0,0,0.0,446.803738317757,
1790628851,5,1,transition,vit_base_image,0,0,0,0.0,122.60061919504642,
1790628852,6,1,transition,resnet50_image,0,0,0,0.0,242.71580725528415,0.0
1790628852,6,1,transition,vgg16_image,0,0,0,0.0,446.803738317757,0.0
1790628852,6,1,transition,vit_base_image,0,0,0,0.0,122.60061919504642,0.0
1790628853,7,1,transition,resnet50_image,0,0,0,0.0,242.71580725528415,0.0
1790628853,7,1,transition,vgg16_image,0,0,0,0.0,446.803738317757,0.0
1790628853,7,1,transition,vit_base_image,0,0,0,0.0,122.60061919504642,0.0
1790628854,8,1,transition,resnet50_image,0,0,0,0.0,242.71580725528415,0.0
1790628854,8,1,transition,vgg16_image,0,0,0,0.0,446.803738317757,0.0
1790628854,8,1,transition,vit_base_image,0,0,0,0.0,122.60061919504642,0.0
1790628855,9,1,transition,resnet50_image,0,0,0,0.0,242.71580725528415,0.0
1790628855,9,1,transition,vgg16_image,0,0,0,0.0,446.803738317757,0.0
1790628855,9,1,transition,vit_base_image,0,0,0,0.0,122.60061919504642,0.0
1790628856,10,1,transition,resnet50_image,0,0,0,0.0,242.71580725528415,0.0
1790628856,10,1,transition,vgg16_image,0,0,0,0.0,446.803738317757,0.0
1790628856,10,1,transition,vit_base_image,0,0,0,0.0,122.60061919504642,0.0
1790628857,11,1,transition,resnet50_image,0,0,0,0.0,242.71580725528415,0.0
1790628857,11,1,transition,vgg16_image,0,0,0,0.0,446.803738317757,0.0
1790628857,11,1,transition,vit_base_image,0,0,0,0.0,122.60061919504642,0.0
1790628858,12,1,transition,resnet50_image,0,0,0,0.0,242.71580725528415,0.0
1790628858,12,1,transition,vgg16_image,0,0,0,0.0,446.803738317757,0.0
1790628858,12,1,transition,vit_base_image,0,0,0,0.0,122.60061919504642,0.0
1790628859,13,1,transition,resnet50_image,0,0,0,0.0,242.71580725528415,0.0
1790628859,13,1,transition,vgg16_image,0,0,0,0.0,446.803738317757,0.0
1790628859,13,1,transition,vit_base_image,0,0,0,0.0,122.60061919504642,0.0
1790628860,14,1,transition,resnet50_image,0,0,0,0.0,242.71580725528415,0.0
1790628860,14,1,transition,vgg16_image,0,0,0,0.0,446.803738317757,0.0
1790628860,14,1,transition,vit_base_image,0,0,0,0.0,122.60061919504642,0.0
1790628861,15,1,transition,resnet50_image,0,0,0,0.0,242.71580725528415,0.0
1790628861,15,1,transition,vgg16_image,0,0,0,0.0,446.803738317757,0.0
1790628861,15,1,transition,vit_base_image,0,0,0,0.0,122.60061919504642,0.0
1790628862,16,1,transition,resnet50_image,0,0,0,0.0,242.71580725528415,0.0
1790628862,16,1,transition,vgg16_image,0,0,0,0.0,446.803738317757,0.0
1790628862,16,1,transition,vit_base_image,0,0,0,0.0,122.60061919504642,0.0
1790628863,17,1,transition,resnet50_image,0,0,0,0.0,242.71580725528415,0.0
1790628863,17,1,transition,vgg16_image,0,0,0,0.0,446.803738317757,0.0
1790628863,17,1,transition,vit_base_image,0,0,0,0.0,122.60061919504642,0.0
1790628864,18,1,transition,resnet50_image,0,0,0,0.0,242.71580725528415,0.0
1790628864,18,1,transition,vgg16_image,0,0,0,0.0,446.803738317757,0.0
1790628864,18,1,transition,vit_base_image,0,0,0,0.0,122.60061919504642,0.0
1790628865,19,1,transition,resnet50_image,0,0,0,0.0,242.71580725528415,0.0
1790628865,19,1,transition,vgg16_image,0,0,0,0.0,446.803738317757,0.0
1790628865,19,1,transition,vit_base_image,0,0,0,0.0,122.60061919504642,0.0
1790628866,20,1,transition,resnet50_image,0,0,0,0.0,242.71580725528415,0.0
1790628866,20,1,transition,vgg16_image,0,0,0,0.0,446.803738317757,0.0
1790628866,20,1,transition,vit_base_image,0,0,0,0.0,122.60061919504642,0.0
1790628867,21,1,transition,resnet50_image,0,0,0,0.0,242.71580725528415,0.0
1790628867,21,1,transition,vgg16_image,0,0,0,0.0,446.803738317757,0.0
1790628867,21,1,transition,vit_base_image,0,0,0,0.0,122.60061919504642,0.0
1790628868,22,1,transition,resnet50_image,0,0,0,0.0,242.71580725528415,0.0
1790628868,22,1,transition,vgg16_image,0,0,0,0.0,446.803738317757,0.0
1790628868,22,1,transition,vit_base_image,0,0,0,0.0,122.60061919504642,0.0
1790628869,23,1,transition,resnet50_image,0,0,0,0.0,242.71580725528415,0.0
1790628869,23,1,transition,vgg16_image,0,0,0,0.0,446.803738317757,0.0
1790628869,23,1,transition,vit_base_image,0,0,0,0.0,122.60061919504642,0.0
1790628870,24,1,transition,resnet50_image,0,0,0,0.0,242.71580725528415,0.0
1790628870,24,1,transition,vgg16_image,0,0,0,0.0,446.803738317757,0.0
1790628870,24,1,transition,vit_base_image,0,0,0,0.0,122.60061919504642,0.0
1790628871,25,1,transition,resnet50_image,0,0,0,0.0,242.71580725528415,0.0
1790628871,25,1,transition,vgg16_image,0,0,0,0.0,446.803738317757,0.0
1790628871,25,1,transition,vit_base_image,0,0,0,0.0,122.60061919504642,0.0
1790628872,26,1,transition,resnet50_image,0,0,0,0.0,242.71580725528415,0.0
1790628872,26,1,transition,vgg16_image,0,0,0,0.0,446.803738317757,0.0
1790628872,26,1,transition,vit_base_image,0,0,0,0.0,122.60061919504642,0.0
1790628873,27,1,transition,resnet50_image,0,0,0,0.0,242.71580725528415,0.0
1790628873,27,1,transition,vgg16_image,0,0,0,0.0,446.803738317757,0.0
1790628873,27,1,transition,vit_base_image,0,0,0,0.0,122.60061919504642,0.0
1790628874,28,1,transition,resnet50_image,0,0,0,0.0,242.71580725528415,0.0
1790628874,28,1,transition,vgg16_image,0,0,0,0.0,446.803738317757,0.0
1790628874,28,1,transition,vit_base_image,0,0,0,0.0,122.60061919504642,0.0
1790628875,29,1,transition,resnet50_image,0,0,0,0.0,242.71580725528415,0.0
1790628875,29,1,transition,vgg16_image,0,0,0,0.0,446.803738317757,0.0
1790628875,29,1,transition,vit_base_image,0,0,0,0.0,122.60061919504642,0.0
1790628876,30,1,transition,resnet50_image,0,0,0,0.0,242.71580725528415,0.0
1790628876,30,1,transition,vgg16_image,0,0,0,0.0,446.803738317757,0.0
1790628876,30,1,transition,vit_base_image,0,0,0,0.0,122.60061919504642,0.0
1790628877,31,1,transition,resnet50_image,0,0,0,0.0,242.71580725528415,0.0
1790628877,31,1,transition,vgg16_image,0,0,0,0.0,446.803738317757,0.0
1790628877,31,1,transition,vit_base_image,0,0,0,0.0,122.60061919504642,0.0
1790628878,32,1,transition,resnet50_image,0,0,0,0.0,242.71580725528415,0.0
1790628878,32,1,transition,vgg16_image,0,0,0,0.0,446.803738317757,0.0
1790628878,32,1,transition,vit_base_image,0,0,0,0.0,122.60061919504642,0.0
1790628879,33,1,transition,resnet50_image,87,87,79,0.0,242.71580725528415,0.0
1790628879,33,1,transition,vgg16_image,161,161,130,0.0,446.803738317757,0.0
1790628879,33,1,transition,vit_base_image,45,44,28,0.0,122.60061919504642,0.0
1790628880,34,1,steady,resnet50_image,243,243,241,242.71580725528415,242.71580725528415,0.0
1790628880,34,1,steady,vgg16_image,447,447,432,446.803738317757,446.803738317757,0.0
1790628880,34,1,steady,vit_base_image,122,123,112,122.60061919504642,122.60061919504642,0.0
1790628881,35,1,steady,resnet50_image,243,242,242,242.71580725528415,242.71580725528415,0.0
1790628881,35,1,steady,vgg16_image,447,446,432,446.803738317757,446.803738317757,0.0
1790628881,35,1,steady,vit_base_image,123,123,112,122.60061919504642,122.60061919504642,0.0
1790628882,36,1,steady,resnet50_image,242,243,245,242.71580725528415,242.71580725528415,0.0
1790628882,36,1,steady,vgg16_image,446,447,432,446.803738317757,446.803738317757,0.0
1790628882,36,1,steady,vit_base_image,122,122,116,122.60061919504642,122.60061919504642,0.0
1790628883,37,1,steady,resnet50_image,243,230,228,242.71580725528415,242.71580725528415,0.0
1790628883,37,1,steady,vgg16_image,447,424,432,446.803738317757,446.803738317757,0.0
1790628883,37,1,steady,vit_base_image,123,117,103,122.60061919504642,122.60061919504642,0.0
1790628884,38,1,steady,resnet50_image,243,255,255,242.71580725528415,242.71580725528415,0.0
1790628884,38,1,steady,vgg16_image,447,469,416,446.803738317757,446.803738317757,0.0
1790628884,38,1,steady,vit_base_image,123,128,122,122.60061919504642,122.60061919504642,0.0
1790628885,39,1,steady,resnet50_image,243,243,243,242.71580725528415,242.71580725528415,0.0
1790628885,39,1,steady,vgg16_image,447,446,432,446.803738317757,446.803738317757,0.0
1790628885,39,1,steady,vit_base_image,122,123,128,122.60061919504642,122.60061919504642,0.0
1790628886,40,1,steady,resnet50_image,242,242,240,242.71580725528415,242.71580725528415,0.0
1790628886,40,1,steady,vgg16_image,447,448,445,446.803738317757,446.803738317757,0.0
1790628886,40,1,steady,vit_base_image,123,123,128,122.60061919504642,122.60061919504642,0.0
1790628887,41,1,steady,resnet50_image,243,244,244,242.71580725528415,242.71580725528415,0.0
1790628887,41,1,steady,vgg16_image,447,447,435,446.803738317757,446.803738317757,0.0
1790628887,41,1,steady,vit_base_image,122,122,96,122.60061919504642,122.60061919504642,0.0
1790628888,42,1,steady,resnet50_image,243,242,247,242.71580725528415,242.71580725528415,0.0
1790628888,42,1,steady,vgg16_image,446,447,448,446.803738317757,446.803738317757,0.0
1790628888,42,1,steady,vit_base_image,123,123,128,122.60061919504642,122.60061919504642,0.0
1790628889,43,1,steady,resnet50_image,242,243,241,242.71580725528415,242.71580725528415,0.0
1790628889,43,1,steady,vgg16_image,447,446,416,446.803738317757,446.803738317757,0.0
1790628889,43,1,steady,vit_base_image,123,122,128,122.60061919504642,122.60061919504642,0.0
1790628890,44,1,steady,resnet50_image,243,243,245,242.71580725528415,242.71580725528415,0.0
1790628890,44,1,steady,vgg16_image,447,447,416,446.803738317757,446.803738317757,0.0
1790628890,44,1,steady,vit_base_image,122,123,96,122.60061919504642,122.60061919504642,0.0
1790628891,45,1,steady,resnet50_image,243,243,240,242.71580725528415,242.71580725528415,0.0
1790628891,45,1,steady,vgg16_image,447,446,436,446.803738317757,446.803738317757,0.0
1790628891,45,1,steady,vit_base_image,123,122,128,122.60061919504642,122.60061919504642,0.0
1790628892,46,1,steady,resnet50_image,243,242,244,242.71580725528415,242.71580725528415,0.0
1790628892,46,1,steady,vgg16_image,447,448,444,446.803738317757,446.803738317757,0.0
1790628892,46,1,steady,vit_base_image,122,123,128,122.60061919504642,122.60061919504642,0.0
1790628893,47,1,steady,resnet50_image,242,243,239,242.71580725528415,242.71580725528415,0.0
1790628893,47,1,steady,vgg16_image,446,447,432,446.803738317757,446.803738317757,0.0
1790628893,47,1,steady,vit_base_image,123,123,96,122.60061919504642,122.60061919504642,0.0
1790628894,48,1,steady,resnet50_image,243,243,245,242.71580725528415,242.71580725528415,0.0
1790628894,48,1,steady,vgg16_image,447,446,432,446.803738317757,446.803738317757,0.0
1790628894,48,1,steady,vit_base_image,123,122,128,122.60061919504642,122.60061919504642,0.0
1790628895,49,1,steady,resnet50_image,243,242,227,242.71580725528415,242.71580725528415,0.0
1790628895,49,1,steady,vgg16_image,447,372,368,446.803738317757,446.803738317757,0.0
1790628895,49,1,steady,vit_base_image,122,123,128,122.60061919504642,122.60061919504642,0.0
1790628896,50,1,steady,resnet50_image,242,243,261,242.71580725528415,242.71580725528415,0.0
1790628896,50,1,steady,vgg16_image,447,426,432,446.803738317757,446.803738317757,0.0
1790628896,50,1,steady,vit_base_image,123,123,96,122.60061919504642,122.60061919504642,0.0
1790628897,51,1,steady,resnet50_image,243,242,242,242.71580725528415,242.71580725528415,0.0
1790628897,51,1,steady,vgg16_image,447,439,442,446.803738317757,446.803738317757,0.0
1790628897,51,1,steady,vit_base_image,122,122,128,122.60061919504642,122.60061919504642,0.0
1790628898,52,1,steady,resnet50_image,243,243,243,242.71580725528415,242.71580725528415,0.0
1790628898,52,1,steady,vgg16_image,446,429,438,446.803738317757,446.803738317757,0.0
1790628898,52,1,steady,vit_base_image,123,123,128,122.60061919504642,122.60061919504642,0.0
1790628899,53,1,steady,resnet50_image,243,243,239,242.71580725528415,242.71580725528415,0.0
1790628899,53,1,steady,vgg16_image,447,444,432,446.803738317757,446.803738317757,0.0
1790628899,53,1,steady,vit_base_image,123,122,96,122.60061919504642,122.60061919504642,0.0
1790628900,54,1,steady,resnet50_image,242,243,247,242.71580725528415,242.71580725528415,0.0
1790628900,54,1,steady,vgg16_image,447,425,432,446.803738317757,446.803738317757,0.0
1790628900,54,1,steady,vit_base_image,122,123,128,122.60061919504642,122.60061919504642,0.0
1790628901,55,1,steady,resnet50_image,243,243,240,242.71580725528415,242.71580725528415,0.0
1790628901,55,1,steady,vgg16_image,447,419,416,446.803738317757,446.803738317757,0.0
1790628901,55,1,steady,vit_base_image,123,123,128,122.60061919504642,122.60061919504642,0.0
1790628902,56,1,steady,resnet50_image,243,242,245,242.71580725528415,242.71580725528415,0.0
1790628902,56,1,steady,vgg16_image,447,426,426,446.803738317757,446.803738317757,0.0
1790628902,56,1,steady,vit_base_image,122,122,96,122.60061919504642,122.60061919504642,0.0
1790628903,57,1,steady,resnet50_image,242,243,239,242.71580725528415,242.71580725528415,0.0
1790628903,57,1,steady,vgg16_image,446,439,438,446.803738317757,446.803738317757,0.0
1790628903,57,1,steady,vit_base_image,123,123,128,122.60061919504642,122.60061919504642,0.0
1790628904,58,1,steady,resnet50_image,243,243,244,242.71580725528415,242.71580725528415,0.0
1790628904,58,1,steady,vgg16_image,447,436,432,446.803738317757,446.803738317757,0.0
1790628904,58,1,steady,vit_base_image,123,122,128,122.60061919504642,122.60061919504642,0.0
1790628905,59,1,steady,resnet50_image,243,243,241,242.71580725528415,242.71580725528415,0.0
1790628905,59,1,steady,vgg16_image,447,434,432,446.803738317757,446.803738317757,0.0
1790628905,59,1,steady,vit_base_image,122,123,96,122.60061919504642,122.60061919504642,0.0
1790628906,60,1,steady,resnet50_image,243,242,247,242.71580725528415,242.71580725528415,0.0
1790628906,60,1,steady,vgg16_image,447,415,416,446.803738317757,446.803738317757,0.0
1790628906,60,1,steady,vit_base_image,123,123,128,122.60061919504642,122.60061919504642,0.0
1790628907,61,1,steady,resnet50_image,242,243,242,242.71580725528415,242.71580725528415,0.0
1790628907,61,1,steady,vgg16_image,447,420,416,446.803738317757,446.803738317757,0.0
1790628907,61,1,steady,vit_base_image,122,122,128,122.60061919504642,122.60061919504642,0.0
1790628908,62,1,steady,resnet50_image,243,242,240,242.71580725528415,242.71580725528415,0.0
1790628908,62,1,steady,vgg16_image,446,434,448,446.803738317757,446.803738317757,0.0
1790628908,62,1,steady,vit_base_image,123,123,96,122.60061919504642,122.60061919504642,0.0
1790628909,63,1,steady,resnet50_image,243,243,238,242.71580725528415,242.71580725528415,0.0
1790628909,63,1,steady,vgg16_image,447,429,416,446.803738317757,446.803738317757,0.0
1790628909,63,1,steady,vit_base_image,123,123,128,122.60061919504642,122.60061919504642,0.0
1790628910,64,,,resnet50_image,242,243,250,,,0.0
1790628910,64,,,vgg16_image,447,430,432,,,0.0
1790628910,64,,,vit_base_image,122,122,128,,,0.0
1790628911,65,,,resnet50_image,243,242,240,,,0.0
1790628911,65,,,vgg16_image,447,419,419,,,0.0
1790628911,65,,,vit_base_image,123,122,96,,,0.0
1790628912,66,,,resnet50_image,243,244,245,,,0.0
1790628912,66,,,vgg16_image,447,416,413,,,0.0
1790628912,66,,,vit_base_image,122,123,128,,,0.0
1790628913,67,,,resnet50_image,243,242,241,,,0.0
1790628913,67,,,vgg16_image,446,425,432,,,0.0
1790628913,67,,,vit_base_image,123,123,97,,,0.0
1790628914,68,,,resnet50_image,236,236,239,,,0.0
1790628914,68,,,vgg16_image,446,379,384,,,0.0
1790628914,68,,,vit_base_image,123,122,127,,,0.0
1790628915,69,2,transition,resnet50_image,214,215,212,214.84735642686016,214.84735642686016,0.0
1790628915,69,2,transition,vgg16_image,447,430,431,446.803738317757,478.026168224299,0.0
1790628915,69,2,transition,vit_base_image,122,123,128,122.60061919504642,122.60061919504642,0.0
1790628916,70,2,transition,resnet50_image,215,215,216,214.84735642686016,214.84735642686016,0.0
1790628916,70,2,transition,vgg16_image,447,435,433,446.803738317757,478.026168224299,0.0
1790628916,70,2,transition,vit_base_image,123,123,96,122.60061919504642,122.60061919504642,0.0
1790628917,71,2,transition,resnet50_image,215,215,213,214.84735642686016,214.84735642686016,0.0
1790628917,71,2,transition,vgg16_image,447,431,432,446.803738317757,478.026168224299,0.0
1790628917,71,2,transition,vit_base_image,122,122,128,122.60061919504642,122.60061919504642,0.0
1790628918,72,2,transition,resnet50_image,215,215,215,214.84735642686016,214.84735642686016,0.0
1790628918,72,2,transition,vgg16_image,446,433,432,446.803738317757,478.026168224299,0.0
1790628918,72,2,transition,vit_base_image,123,123,128,122.60061919504642,122.60061919504642,0.0
1790628919,73,2,transition,resnet50_image,215,214,220,214.84735642686016,214.84735642686016,0.0
1790628919,73,2,transition,vgg16_image,447,416,416,446.803738317757,478.026168224299,0.0
1790628919,73,2,transition,vit_base_image,123,119,96,122.60061919504642,122.60061919504642,0.0
1790628920,74,2,transition,resnet50_image,215,216,214,214.84735642686016,214.84735642686016,0.0
1790628920,74,2,transition,vgg16_image,447,422,416,446.803738317757,478.026168224299,0.0
1790628920,74,2,transition,vit_base_image,122,117,128,122.60061919504642,122.60061919504642,0.0
1790628921,75,2,transition,resnet50_image,214,214,212,214.84735642686016,214.84735642686016,0.0
1790628921,75,2,transition,vgg16_image,447,413,416,446.803738317757,478.026168224299,0.0
1790628921,75,2,transition,vit_base_image,123,118,128,122.60061919504642,122.60061919504642,0.0
1790628922,76,2,transition,resnet50_image,215,215,217,214.84735642686016,214.84735642686016,347.136
1790628922,76,2,transition,vgg16_image,447,418,448,446.803738317757,478.026168224299,468.144
1790628922,76,2,transition,vit_base_image,122,119,128,122.60061919504642,122.60061919504642,125.967
1790628923,77,2,transition,resnet50_image,215,215,214,214.84735642686016,214.84735642686016,347.136
1790628923,77,2,transition,vgg16_image,446,447,448,446.803738317757,478.026168224299,468.144
1790628923,77,2,transition,vit_base_image,123,123,96,122.60061919504642,122.60061919504642,125.967
1790628924,78,2,transition,resnet50_image,215,214,212,214.84735642686016,214.84735642686016,347.136
1790628924,78,2,transition,vgg16_image,447,447,448,446.803738317757,478.026168224299,468.144
1790628924,78,2,transition,vit_base_image,123,122,128,122.60061919504642,122.60061919504642,125.967
1790628925,79,2,transition,resnet50_image,215,216,217,214.84735642686016,214.84735642686016,347.136
1790628925,79,2,transition,vgg16_image,447,446,448,446.803738317757,478.026168224299,468.144
1790628925,79,2,transition,vit_base_image,122,121,128,122.60061919504642,122.60061919504642,125.967
1790628926,80,2,steady,resnet50_image,214,213,211,214.84735642686016,214.84735642686016,347.136
1790628926,80,2,steady,vgg16_image,474,426,384,478.026168224299,478.026168224299,468.144
1790628926,80,2,steady,vit_base_image,123,118,128,122.60061919504642,122.60061919504642,125.967
1790628927,81,2,steady,resnet50_image,215,215,216,214.84735642686016,214.84735642686016,347.136
1790628927,81,2,steady,vgg16_image,478,460,480,478.026168224299,478.026168224299,468.144
1790628927,81,2,steady,vit_base_image,122,118,96,122.60061919504642,122.60061919504642,125.967
1790628928,82,2,steady,resnet50_image,214,214,217,214.84735642686016,214.84735642686016,347.136
1790628928,82,2,steady,vgg16_image,478,438,444,478.026168224299,478.026168224299,468.144
1790628928,82,2,steady,vit_base_image,123,121,128,122.60061919504642,122.60061919504642,125.967
1790628929,83,2,steady,resnet50_image,215,214,215,214.84735642686016,214.84735642686016,347.136
1790628929,83,2,steady,vgg16_image,478,446,448,478.026168224299,478.026168224299,468.144
1790628929,83,2,steady,vit_base_image,123,122,128,122.60061919504642,122.60061919504642,125.967
1790628930,84,2,steady,resnet50_image,215,217,213,214.84735642686016,214.84735642686016,347.136
1790628930,84,2,steady,vgg16_image,478,459,452,478.026168224299,478.026168224299,468.144
1790628930,84,2,steady,vit_base_image,122,119,128,122.60061919504642,122.60061919504642,125.967
1790628931,85,2,steady,resnet50_image,215,215,216,214.84735642686016,214.84735642686016,347.136
1790628931,85,2,steady,vgg16_image,478,437,416,478.026168224299,478.026168224299,468.144
1790628931,85,2,steady,vit_base_image,123,119,96,122.60061919504642,122.60061919504642,125.967
1790628932,86,2,steady,resnet50_image,215,214,217,214.84735642686016,214.84735642686016,347.136
1790628932,86,2,steady,vgg16_image,478,442,448,478.026168224299,478.026168224299,468.144
1790628932,86,2,steady,vit_base_image,122,118,128,122.60061919504642,122.60061919504642,125.967
1790628933,87,2,steady,resnet50_image,215,215,215,214.84735642686016,214.84735642686016,347.136
1790628933,87,2,steady,vgg16_image,478,450,448,478.026168224299,478.026168224299,468.144
1790628933,87,2,steady,vit_base_image,123,123,128,122.60061919504642,122.60061919504642,125.967
1790628934,88,2,steady,resnet50_image,214,215,214,214.84735642686016,214.84735642686016,347.136
1790628934,88,2,steady,vgg16_image,478,436,448,478.026168224299,478.026168224299,468.144
1790628934,88,2,steady,vit_base_image,123,122,128,122.60061919504642,122.60061919504642,125.967
1790628935,89,2,steady,resnet50_image,215,215,214,214.84735642686016,214.84735642686016,347.136
1790628935,89,2,steady,vgg16_image,478,384,384,478.026168224299,478.026168224299,468.144
1790628935,89,2,steady,vit_base_image,122,120,96,122.60061919504642,122.60061919504642,125.967
1790628936,90,2,steady,resnet50_image,215,215,213,214.84735642686016,214.84735642686016,347.136
1790628936,90,2,steady,vgg16_image,478,444,448,478.026168224299,478.026168224299,468.144
1790628936,90,2,steady,vit_base_image,123,118,128,122.60061919504642,122.60061919504642,125.967
1790628937,91,2,steady,resnet50_image,215,215,217,214.84735642686016,214.84735642686016,347.136
1790628937,91,2,steady,vgg16_image,478,436,416,478.026168224299,478.026168224299,468.144
1790628937,91,2,steady,vit_base_image,122,119,128,122.60061919504642,122.60061919504642,125.967
1790628938,92,2,steady,resnet50_image,215,215,214,214.84735642686016,214.84735642686016,347.136
1790628938,92,2,steady,vgg16_image,478,441,448,478.026168224299,478.026168224299,468.144
1790628938,92,2,steady,vit_base_image,123,123,128,122.60061919504642,122.60061919504642,125.967
1790628939,93,2,steady,resnet50_image,215,213,213,214.84735642686016,214.84735642686016,347.136
1790628939,93,2,steady,vgg16_image,479,423,438,478.026168224299,478.026168224299,468.144
1790628939,93,2,steady,vit_base_image,123,123,128,122.60061919504642,122.60061919504642,125.967
1790628940,94,2,steady,resnet50_image,215,216,218,214.84735642686016,214.84735642686016,347.136
1790628940,94,2,steady,vgg16_image,478,441,426,478.026168224299,478.026168224299,468.144
1790628940,94,2,steady,vit_base_image,122,118,96,122.60061919504642,122.60061919504642,125.967
1790628941,95,2,steady,resnet50_image,214,215,212,214.84735642686016,214.84735642686016,347.136
1790628941,95,2,steady,vgg16_image,478,445,448,478.026168224299,478.026168224299,468.144
1790628941,95,2,steady,vit_base_image,123,118,128,122.60061919504642,122.60061919504642,125.967
1790628942,96,2,steady,resnet50_image,215,215,217,214.84735642686016,214.84735642686016,347.136
1790628942,96,2,steady,vgg16_image,478,426,416,478.026168224299,478.026168224299,468.144
1790628942,96,2,steady,vit_base_image,122,119,128,122.60061919504642,122.60061919504642,125.967
1790628943,97,2,steady,resnet50_image,215,215,214,214.84735642686016,214.84735642686016,347.136
1790628943,97,2,steady,vgg16_image,478,427,448,478.026168224299,478.026168224299,468.144
1790628943,97,2,steady,vit_base_image,123,123,116,122.60061919504642,122.60061919504642,125.967
1790628944,98,2,steady,resnet50_image,215,194,195,214.84735642686016,214.84735642686016,347.136
1790628944,98,2,steady,vgg16_image,478,396,384,478.026168224299,478.026168224299,468.144
1790628944,98,2,steady,vit_base_image,123,111,108,122.60061919504642,122.60061919504642,125.967
1790628945,99,2,steady,resnet50_image,215,236,237,214.84735642686016,214.84735642686016,347.136
1790628945,99,2,steady,vgg16_image,478,439,448,478.026168224299,478.026168224299,468.144
1790628945,99,2,steady,vit_base_image,122,130,128,122.60061919504642,122.60061919504642,125.967
1790628946,100,2,steady,resnet50_image,215,214,212,214.84735642686016,214.84735642686016,347.136
1790628946,100,2,steady,vgg16_image,478,432,416,478.026168224299,478.026168224299,468.144
1790628946,100,2,steady,vit_base_image,123,118,128,122.60061919504642,122.60061919504642,125.967
1790628947,101,2,steady,resnet50_image,214,215,218,214.84735642686016,214.84735642686016,347.136
1790628947,101,2,steady,vgg16_image,478,436,448,478.026168224299,478.026168224299,468.144
1790628947,101,2,steady,vit_base_image,122,119,96,122.60061919504642,122.60061919504642,125.967
1790628948,102,2,steady,resnet50_image,215,215,211,214.84735642686016,214.84735642686016,347.136
1790628948,102,2,steady,vgg16_image,478,438,448,478.026168224299,478.026168224299,468.144
1790628948,102,2,steady,vit_base_image,123,123,128,122.60061919504642,122.60061919504642,125.967
1790628949,103,2,steady,resnet50_image,215,215,217,214.84735642686016,214.84735642686016,347.136
1790628949,103,2,steady,vgg16_image,478,430,416,478.026168224299,478.026168224299,468.144
1790628949,103,2,steady,vit_base_image,123,122,128,122.60061919504642,122.60061919504642,125.967
1790628950,104,2,steady,resnet50_image,215,214,214,214.84735642686016,214.84735642686016,347.136
1790628950,104,2,steady,vgg16_image,478,426,420,478.026168224299,478.026168224299,468.144
1790628950,104,2,steady,vit_base_image,122,119,128,122.60061919504642,122.60061919504642,125.967
1790628951,105,2,steady,resnet50_image,215,214,215,214.84735642686016,214.84735642686016,347.136
1790628951,105,2,steady,vgg16_image,478,448,461,478.026168224299,478.026168224299,468.144
1790628951,105,2,steady,vit_base_image,123,117,96,122.60061919504642,122.60061919504642,125.967
1790628952,106,2,steady,resnet50_image,215,216,213,214.84735642686016,214.84735642686016,347.136
1790628952,106,2,steady,vgg16_image,478,450,457,478.026168224299,478.026168224299,468.144
1790628952,106,2,steady,vit_base_image,122,121,128,122.60061919504642,122.60061919504642,125.967
1790628953,107,2,steady,resnet50_image,215,215,218,214.84735642686016,214.84735642686016,347.136
1790628953,107,2,steady,vgg16_image,478,436,422,478.026168224299,478.026168224299,468.144
1790628953,107,2,steady,vit_base_image,123,123,128,122.60061919504642,122.60061919504642,125.967
1790628954,108,2,steady,resnet50_image,214,215,215,214.84735642686016,214.84735642686016,347.136
1790628954,108,2,steady,vgg16_image,478,439,448,478.026168224299,478.026168224299,468.144
1790628954,108,2,steady,vit_base_image,123,122,128,122.60061919504642,122.60061919504642,125.967
1790628955,109,2,steady,resnet50_image,215,215,214,214.84735642686016,214.84735642686016,347.136
1790628955,109,2,steady,vgg16_image,478,435,416,478.026168224299,478.026168224299,468.144
1790628955,109,2,steady,vit_base_image,122,119,128,122.60061919504642,122.60061919504642,125.967
1790628956,110,,,resnet50_image,215,215,213,,,347.136
1790628956,110,,,vgg16_image,478,434,448,,,468.144
1790628956,110,,,vit_base_image,123,119,96,,,125.967
1790628957,111,,,resnet50_image,215,215,217,,,347.136
1790628957,111,,,vgg16_image,478,437,448,,,468.144
1790628957,111,,,vit_base_image,122,118,128,,,125.967
1790628958,112,,,resnet50_image,215,214,214,,,347.136
1790628958,112,,,vgg16_image,478,447,448,,,468.144
1790628958,112,,,vit_base_image,123,123,128,,,125.967
1790628959,113,,,resnet50_image,215,215,215,,,347.136
1790628959,113,,,vgg16_image,478,442,416,,,468.144
1790628959,113,,,vit_base_image,123,122,128,,,125.967
1790628960,114,,,resnet50_image,214,215,216,,,347.136
1790628960,114,,,vgg16_image,478,439,448,,,468.144
1790628960,114,,,vit_base_image,122,121,96,,,125.967
1790628961,115,3,transition,resnet50_image,214,214,211,214.69028786341497,214.69028786341497,347.136
1790628961,115,3,transition,vgg16_image,477,435,448,478.026168224299,507.4542056074765,468.144
1790628961,115,3,transition,vit_base_image,123,117,128,122.60061919504642,122.60061919504642,125.967
1790628962,116,3,transition,resnet50_image,215,213,215,214.69028786341497,214.69028786341497,347.136
1790628962,116,3,transition,vgg16_image,478,377,381,478.026168224299,507.4542056074765,468.144
1790628962,116,3,transition,vit_base_image,123,106,102,122.60061919504642,122.60061919504642,125.967
1790628963,117,3,transition,resnet50_image,215,216,215,214.69028786341497,214.69028786341497,347.136
1790628963,117,3,transition,vgg16_image,478,450,451,478.026168224299,507.4542056074765,468.144
1790628963,117,3,transition,vit_base_image,122,124,122,122.60061919504642,122.60061919504642,125.967
1790628964,118,3,transition,resnet50_image,214,215,216,214.69028786341497,214.69028786341497,347.136
1790628964,118,3,transition,vgg16_image,478,443,416,478.026168224299,507.4542056074765,468.144
1790628964,118,3,transition,vit_base_image,123,123,128,122.60061919504642,122.60061919504642,125.967
1790628965,119,3,transition,resnet50_image,215,215,217,214.69028786341497,214.69028786341497,347.136
1790628965,119,3,transition,vgg16_image,478,439,448,478.026168224299,507.4542056074765,468.144
1790628965,119,3,transition,vit_base_image,123,118,128,122.60061919504642,122.60061919504642,125.967
1790628966,120,3,transition,resnet50_image,215,214,212,214.69028786341497,214.69028786341497,347.136
1790628966,120,3,transition,vgg16_image,478,440,448,478.026168224299,507.4542056074765,468.144
1790628966,120,3,transition,vit_base_image,122,118,128,122.60061919504642,122.60061919504642,125.967
1790628967,121,3,transition,resnet50_image,215,192,192,214.69028786341497,214.69028786341497,347.136
1790628967,121,3,transition,vgg16_image,478,392,384,478.026168224299,507.4542056074765,468.144
1790628967,121,3,transition,vit_base_image,123,107,96,122.60061919504642,122.60061919504642,125.967
1790628968,122,3,transition,resnet50_image,214,238,237,214.69028786341497,214.69028786341497,347.136
1790628968,122,3,transition,vgg16_image,478,451,448,478.026168224299,507.4542056074765,489.336
1790628968,122,3,transition,vit_base_image,122,135,128,122.60061919504642,122.60061919504642,125.967
1790628969,123,3,transition,resnet50_image,215,215,215,214.69028786341497,214.69028786341497,347.136
1790628969,123,3,transition,vgg16_image,478,435,448,478.026168224299,507.4542056074765,489.336
1790628969,123,3,transition,vit_base_image,123,123,128,122.60061919504642,122.60061919504642,125.967
1790628970,124,3,transition,resnet50_image,215,215,215,214.69028786341497,214.69028786341497,347.136
1790628970,124,3,transition,vgg16_image,478,440,448,478.026168224299,507.4542056074765,489.336
1790628970,124,3,transition,vit_base_image,123,122,128,122.60061919504642,122.60061919504642,125.967
1790628971,125,3,transition,resnet50_image,214,214,215,214.69028786341497,214.69028786341497,347.136
1790628971,125,3,transition,vgg16_image,478,441,416,478.026168224299,507.4542056074765,489.336
1790628971,125,3,transition,vit_base_image,122,123,128,122.60061919504642,122.60061919504642,125.967
1790628972,126,3,transition,resnet50_image,215,215,214,214.69028786341497,214.69028786341497,347.136
1790628972,126,3,transition,vgg16_image,478,434,448,478.026168224299,507.4542056074765,489.336
1790628972,126,3,transition,vit_base_image,123,123,128,122.60061919504642,122.60061919504642,125.967
1790628973,127,3,transition,resnet50_image,215,215,217,214.69028786341497,214.69028786341497,347.136
1790628973,127,3,transition,vgg16_image,478,432,416,478.026168224299,507.4542056074765,489.336
1790628973,127,3,transition,vit_base_image,122,122,96,122.60061919504642,122.60061919504642,125.967
1790628974,128,3,transition,resnet50_image,214,214,215,214.69028786341497,214.69028786341497,347.136
1790628974,128,3,transition,vgg16_image,478,441,448,478.026168224299,507.4542056074765,489.336
1790628974,128,3,transition,vit_base_image,123,123,128,122.60061919504642,122.60061919504642,125.967
1790628975,129,3,transition,resnet50_image,215,213,199,214.69028786341497,214.69028786341497,347.136
1790628975,129,3,transition,vgg16_image,478,423,416,478.026168224299,507.4542056074765,489.336
1790628975,129,3,transition,vit_base_image,123,121,128,122.60061919504642,122.60061919504642,125.967
1790628976,130,3,transition,resnet50_image,215,217,226,214.69028786341497,214.69028786341497,347.136
1790628976,130,3,transition,vgg16_image,478,407,416,478.026168224299,507.4542056074765,489.336
1790628976,130,3,transition,vit_base_image,122,124,128,122.60061919504642,122.60061919504642,125.967
1790628977,131,3,transition,resnet50_image,214,214,215,214.69028786341497,214.69028786341497,347.136
1790628977,131,3,transition,vgg16_image,478,433,448,478.026168224299,507.4542056074765,489.336
1790628977,131,3,transition,vit_base_image,123,123,128,122.60061919504642,122.60061919504642,125.967
1790628978,132,3,transition,resnet50_image,215,215,218,214.69028786341497,214.69028786341497,347.136
1790628978,132,3,transition,vgg16_image,478,440,416,478.026168224299,507.4542056074765,489.336
1790628978,132,3,transition,vit_base_image,122,122,128,122.60061919504642,122.60061919504642,125.967
1790628979,133,3,transition,resnet50_image,215,214,214,214.69028786341497,214.69028786341497,347.136
1790628979,133,3,transition,vgg16_image,478,455,515,478.026168224299,507.4542056074765,489.336
1790628979,133,3,transition,vit_base_image,123,123,128,122.60061919504642,122.60061919504642,125.967
1790628980,134,3,transition,resnet50_image,215,215,211,214.69028786341497,214.69028786341497,347.136
1790628980,134,3,transition,vgg16_image,478,478,492,478.026168224299,507.4542056074765,489.336
1790628980,134,3,transition,vit_base_image,123,123,96,122.60061919504642,122.60061919504642,125.967
1790628981,135,3,transition,resnet50_image,214,215,215,214.69028786341497,214.69028786341497,347.136
1790628981,135,3,transition,vgg16_image,478,478,424,478.026168224299,507.4542056074765,489.336
1790628981,135,3,transition,vit_base_image,122,122,128,122.60061919504642,122.60061919504642,125.967
1790628982,136,3,transition,resnet50_image,215,215,218,214.69028786341497,214.69028786341497,347.136
1790628982,136,3,transition,vgg16_image,478,440,421,478.026168224299,507.4542056074765,489.336
1790628982,136,3,transition,vit_base_image,123,119,128,122.60061919504642,122.60061919504642,125.967
1790628983,137,3,transition,resnet50_image,214,214,214,214.69028786341497,214.69028786341497,347.136
1790628983,137,3,transition,vgg16_image,478,433,434,478.026168224299,507.4542056074765,489.336
1790628983,137,3,transition,vit_base_image,122,118,96,122.60061919504642,122.60061919504642,125.967
1790628984,138,3,steady,resnet50_image,213,213,211,214.69028786341497,214.69028786341497,347.136
1790628984,138,3,steady,vgg16_image,505,427,425,507.4542056074765,507.4542056074765,489.336
1790628984,138,3,steady,vit_base_image,122,116,128,122.60061919504642,122.60061919504642,125.967
1790628985,139,3,steady,resnet50_image,215,215,216,214.69028786341497,214.69028786341497,347.136
1790628985,139,3,steady,vgg16_image,508,380,382,507.4542056074765,507.4542056074765,489.336
1790628985,139,3,steady,vit_base_image,123,117,128,122.60061919504642,122.60061919504642,125.967
1790628986,140,3,steady,resnet50_image,215,214,214,214.69028786341497,214.69028786341497,347.136
1790628986,140,3,steady,vgg16_image,507,436,436,507.4542056074765,507.4542056074765,489.336
1790628986,140,3,steady,vit_base_image,123,117,96,122.60061919504642,122.60061919504642,125.967
1790628987,141,3,steady,resnet50_image,214,215,214,214.69028786341497,214.69028786341497,347.136
1790628987,141,3,steady,vgg16_image,507,425,425,507.4542056074765,507.4542056074765,489.336
1790628987,141,3,steady,vit_base_image,122,118,128,122.60061919504642,122.60061919504642,125.967
1790628988,142,3,steady,resnet50_image,215,215,215,214.69028786341497,214.69028786341497,347.136
1790628988,142,3,steady,vgg16_image,508,431,431,507.4542056074765,507.4542056074765,489.336
1790628988,142,3,steady,vit_base_image,123,115,128,122.60061919504642,122.60061919504642,125.967
1790628989,143,3,steady,resnet50_image,215,215,215,214.69028786341497,214.69028786341497,347.136
1790628989,143,3,steady,vgg16_image,507,435,433,507.4542056074765,507.4542056074765,489.336
1790628989,143,3,steady,vit_base_image,122,118,96,122.60061919504642,122.60061919504642,125.967
1790628990,144,3,steady,resnet50_image,215,214,214,214.69028786341497,214.69028786341497,347.136
1790628990,144,3,steady,vgg16_image,508,431,434,507.4542056074765,507.4542056074765,489.336
1790628990,144,3,steady,vit_base_image,123,116,128,122.60061919504642,122.60061919504642,125.967
1790628991,145,3,steady,resnet50_image,214,214,156,214.69028786341497,214.69028786341497,347.136
1790628991,145,3,steady,vgg16_image,507,351,433,507.4542056074765,507.4542056074765,489.336
1790628991,145,3,steady,vit_base_image,123,98,113,122.60061919504642,122.60061919504642,125.967
1790628992,146,3,steady,resnet50_image,215,216,275,214.69028786341497,214.69028786341497,347.136
1790628992,146,3,steady,vgg16_image,508,506,423,507.4542056074765,507.4542056074765,489.336
1790628992,146,3,steady,vit_base_image,122,123,111,122.60061919504642,122.60061919504642,125.967
1790628993,147,3,steady,resnet50_image,215,214,215,214.69028786341497,214.69028786341497,347.136
1790628993,147,3,steady,vgg16_image,507,435,436,507.4542056074765,507.4542056074765,489.336
1790628993,147,3,steady,vit_base_image,123,123,128,122.60061919504642,122.60061919504642,125.967
1790628994,148,3,steady,resnet50_image,214,215,212,214.69028786341497,214.69028786341497,347.136
1790628994,148,3,steady,vgg16_image,508,433,432,507.4542056074765,507.4542056074765,489.336
1790628994,148,3,steady,vit_base_image,122,122,128,122.60061919504642,122.60061919504642,125.967
1790628995,149,3,steady,resnet50_image,215,215,218,214.69028786341497,214.69028786341497,347.136
1790628995,149,3,steady,vgg16_image,507,367,367,507.4542056074765,507.4542056074765,489.336
1790628995,149,3,steady,vit_base_image,123,123,96,122.60061919504642,122.60061919504642,125.967
1790628996,150,3,steady,resnet50_image,215,214,216,214.69028786341497,214.69028786341497,347.136
1790628996,150,3,steady,vgg16_image,508,437,438,507.4542056074765,507.4542056074765,489.336
1790628996,150,3,steady,vit_base_image,123,116,128,122.60061919504642,122.60061919504642,125.967
1790628997,151,3,steady,resnet50_image,214,215,210,214.69028786341497,214.69028786341497,347.136
1790628997,151,3,steady,vgg16_image,507,429,428,507.4542056074765,507.4542056074765,489.336
1790628997,151,3,steady,vit_base_image,122,121,128,122.60061919504642,122.60061919504642,125.967
1790628998,152,3,steady,resnet50_image,215,215,216,214.69028786341497,214.69028786341497,347.136
1790628998,152,3,steady,vgg16_image,507,430,431,507.4542056074765,507.4542056074765,489.336
1790628998,152,3,steady,vit_base_image,123,116,96,122.60061919504642,122.60061919504642,125.967
1790628999,153,3,steady,resnet50_image,215,214,216,214.69028786341497,214.69028786341497,347.136
1790628999,153,3,steady,vgg16_image,508,434,431,507.4542056074765,507.4542056074765,489.336
1790628999,153,3,steady,vit_base_image,122,116,128,122.60061919504642,122.60061919504642,125.967
1790629000,154,3,steady,resnet50_image,214,215,217,214.69028786341497,214.69028786341497,347.136
1790629000,154,3,steady,vgg16_image,507,430,431,507.4542056074765,507.4542056074765,489.336
1790629000,154,3,steady,vit_base_image,123,118,128,122.60061919504642,122.60061919504642,125.967
1790629001,155,3,steady,resnet50_image,215,215,212,214.69028786341497,214.69028786341497,347.136
1790629001,155,3,steady,vgg16_image,508,426,427,507.4542056074765,507.4542056074765,489.336
1790629001,155,3,steady,vit_base_image,123,118,96,122.60061919504642,122.60061919504642,125.967
1790629002,156,3,steady,resnet50_image,215,215,217,214.69028786341497,214.69028786341497,347.136
1790629002,156,3,steady,vgg16_image,507,428,429,507.4542056074765,507.4542056074765,489.336
1790629002,156,3,steady,vit_base_image,122,120,128,122.60061919504642,122.60061919504642,125.967
1790629003,157,3,steady,resnet50_image,215,214,210,214.69028786341497,214.69028786341497,347.136
1790629003,157,3,steady,vgg16_image,508,432,432,507.4542056074765,507.4542056074765,489.336
1790629003,157,3,steady,vit_base_image,123,115,128,122.60061919504642,122.60061919504642,125.967
1790629004,158,3,steady,resnet50_image,214,215,216,214.69028786341497,214.69028786341497,347.136
1790629004,158,3,steady,vgg16_image,507,432,429,507.4542056074765,507.4542056074765,489.336
1790629004,158,3,steady,vit_base_image,122,118,96,122.60061919504642,122.60061919504642,125.967
1790629005,159,3,steady,resnet50_image,215,215,214,214.69028786341497,214.69028786341497,347.136
1790629005,159,3,steady,vgg16_image,508,430,431,507.4542056074765,507.4542056074765,489.336
1790629005,159,3,steady,vit_base_image,123,117,128,122.60061919504642,122.60061919504642,125.967
1790629006,160,3,steady,resnet50_image,215,214,214,214.69028786341497,214.69028786341497,347.136
1790629006,160,3,steady,vgg16_image,507,427,426,507.4542056074765,507.4542056074765,489.336
1790629006,160,3,steady,vit_base_image,123,116,128,122.60061919504642,122.60061919504642,125.967
1790629007,161,3,steady,resnet50_image,214,215,218,214.69028786341497,214.69028786341497,347.136
1790629007,161,3,steady,vgg16_image,508,435,439,507.4542056074765,507.4542056074765,489.336
1790629007,161,3,steady,vit_base_image,122,122,96,122.60061919504642,122.60061919504642,125.967
1790629008,162,3,steady,resnet50_image,215,215,214,214.69028786341497,214.69028786341497,347.136
1790629008,162,3,steady,vgg16_image,507,424,422,507.4542056074765,507.4542056074765,489.336
1790629008,162,3,steady,vit_base_image,123,115,128,122.60061919504642,122.60061919504642,125.967
1790629009,163,3,steady,resnet50_image,215,214,212,214.69028786341497,214.69028786341497,347.136
1790629009,163,3,steady,vgg16_image,507,431,430,507.4542056074765,507.4542056074765,489.336
1790629009,163,3,steady,vit_base_image,122,117,128,122.60061919504642,122.60061919504642,125.967
1790629010,164,3,steady,resnet50_image,214,215,219,214.69028786341497,214.69028786341497,347.136
1790629010,164,3,steady,vgg16_image,508,435,434,507.4542056074765,507.4542056074765,489.336
1790629010,164,3,steady,vit_base_image,123,118,96,122.60061919504642,122.60061919504642,125.967
1790629011,165,3,steady,resnet50_image,215,215,212,214.69028786341497,214.69028786341497,347.136
1790629011,165,3,steady,vgg16_image,507,426,426,507.4542056074765,507.4542056074765,489.336
1790629011,165,3,steady,vit_base_image,123,116,128,122.60061919504642,122.60061919504642,125.967
1790629012,166,3,steady,resnet50_image,215,214,218,214.69028786341497,214.69028786341497,347.136
1790629012,166,3,steady,vgg16_image,508,429,432,507.4542056074765,507.4542056074765,489.336
1790629012,166,3,steady,vit_base_image,122,121,128,122.60061919504642,122.60061919504642,125.967
1790629013,167,3,steady,resnet50_image,214,215,214,214.69028786341497,214.69028786341497,347.136
1790629013,167,3,steady,vgg16_image,507,425,422,507.4542056074765,507.4542056074765,489.336
1790629013,167,3,steady,vit_base_image,123,117,96,122.60061919504642,122.60061919504642,125.967
1790629014,168,,,resnet50_image,215,215,213,,,347.136
1790629014,168,,,vgg16_image,508,415,415,,,489.336
1790629014,168,,,vit_base_image,122,115,128,,,125.967
1790629015,169,,,resnet50_image,215,215,216,,,347.136
1790629015,169,,,vgg16_image,507,421,424,,,489.336
1790629015,169,,,vit_base_image,123,118,128,,,125.967
1790629016,170,,,resnet50_image,215,214,211,,,347.136
1790629016,170,,,vgg16_image,508,416,414,,,489.336
1790629016,170,,,vit_base_image,123,119,96,,,125.967
1790629017,171,,,resnet50_image,214,215,215,,,347.136
1790629017,171,,,vgg16_image,507,429,428,,,489.336
1790629017,171,,,vit_base_image,122,119,128,,,125.967
1790629018,172,,,resnet50_image,215,215,176,,,347.136
1790629018,172,,,vgg16_image,508,375,388,,,489.336
1790629018,172,,,vit_base_image,123,117,128,,,125.967
1790629019,173,4,transition,resnet50_image,182,182,223,165.43807404023391,165.43807404023391,347.136
1790629019,173,4,transition,vgg16_image,476,418,407,461.5177570093458,461.5177570093458,489.336
1790629019,173,4,transition,vit_base_image,122,118,96,122.60061919504642,122.60061919504642,125.967
1790629020,174,4,transition,resnet50_image,165,165,167,165.43807404023391,165.43807404023391,347.136
1790629020,174,4,transition,vgg16_image,462,367,369,461.5177570093458,461.5177570093458,489.336
1790629020,174,4,transition,vit_base_image,123,117,128,122.60061919504642,122.60061919504642,125.967
1790629021,175,4,transition,resnet50_image,166,165,165,165.43807404023391,165.43807404023391,347.136
1790629021,175,4,transition,vgg16_image,461,410,408,461.5177570093458,461.5177570093458,489.336
1790629021,175,4,transition,vit_base_image,122,117,128,122.60061919504642,122.60061919504642,125.967
1790629022,176,4,transition,resnet50_image,165,166,166,165.43807404023391,165.43807404023391,347.136
1790629022,176,4,transition,vgg16_image,462,415,413,461.5177570093458,461.5177570093458,489.336
1790629022,176,4,transition,vit_base_image,123,122,128,122.60061919504642,122.60061919504642,125.967
1790629023,177,4,transition,resnet50_image,166,166,165,165.43807404023391,165.43807404023391,347.136
1790629023,177,4,transition,vgg16_image,461,412,413,461.5177570093458,461.5177570093458,489.336
1790629023,177,4,transition,vit_base_image,122,122,96,122.60061919504642,122.60061919504642,125.967
1790629024,178,4,transition,resnet50_image,165,165,165,165.43807404023391,165.43807404023391,347.136
1790629024,178,4,transition,vgg16_image,462,414,414,461.5177570093458,461.5177570093458,489.336
1790629024,178,4,transition,vit_base_image,123,123,128,122.60061919504642,122.60061919504642,125.967
1790629025,179,4,transition,resnet50_image,165,165,166,165.43807404023391,165.43807404023391,347.136
1790629025,179,4,transition,vgg16_image,461,401,402,461.5177570093458,461.5177570093458,489.336
1790629025,179,4,transition,vit_base_image,123,122,128,122.60061919504642,122.60061919504642,125.967
1790629026,180,4,transition,resnet50_image,166,166,156,165.43807404023391,165.43807404023391,347.136
1790629026,180,4,transition,vgg16_image,462,403,404,461.5177570093458,461.5177570093458,515.448
1790629026,180,4,transition,vit_base_image,122,123,128,122.60061919504642,122.60061919504642,125.967
1790629027,181,4,transition,resnet50_image,165,165,156,165.43807404023391,165.43807404023391,347.136
1790629027,181,4,transition,vgg16_image,461,406,406,461.5177570093458,461.5177570093458,515.448
1790629027,181,4,transition,vit_base_image,123,123,128,122.60061919504642,122.60061919504642,125.967
1790629028,182,4,transition,resnet50_image,166,166,164,165.43807404023391,165.43807404023391,347.136
1790629028,182,4,transition,vgg16_image,462,403,401,461.5177570093458,461.5177570093458,515.448
1790629028,182,4,transition,vit_base_image,122,122,128,122.60061919504642,122.60061919504642,125.967
1790629029,183,4,transition,resnet50_image,165,164,164,165.43807404023391,165.43807404023391,347.136
1790629029,183,4,transition,vgg16_image,461,400,402,461.5177570093458,461.5177570093458,515.448
1790629029,183,4,transition,vit_base_image,123,122,117,122.60061919504642,122.60061919504642,125.967
1790629030,184,4,transition,resnet50_image,166,166,160,165.43807404023391,165.43807404023391,347.136
1790629030,184,4,transition,vgg16_image,462,398,397,461.5177570093458,461.5177570093458,515.448
1790629030,184,4,transition,vit_base_image,123,123,107,122.60061919504642,122.60061919504642,125.967
1790629031,185,4,transition,resnet50_image,165,166,160,165.43807404023391,165.43807404023391,347.136
1790629031,185,4,transition,vgg16_image,461,395,393,461.5177570093458,461.5177570093458,515.448
1790629031,185,4,transition,vit_base_image,122,123,128,122.60061919504642,122.60061919504642,125.967
1790629032,186,4,transition,resnet50_image,166,165,136,165.43807404023391,165.43807404023391,347.136
1790629032,186,4,transition,vgg16_image,462,337,338,461.5177570093458,461.5177570093458,515.448
1790629032,186,4,transition,vit_base_image,123,123,128,122.60061919504642,122.60061919504642,125.967
1790629033,187,4,transition,resnet50_image,165,166,156,165.43807404023391,165.43807404023391,347.136
1790629033,187,4,transition,vgg16_image,461,395,398,461.5177570093458,461.5177570093458,515.448
1790629033,187,4,transition,vit_base_image,122,122,128,122.60061919504642,122.60061919504642,125.967
1790629034,188,4,transition,resnet50_image,165,165,152,165.43807404023391,165.43807404023391,347.136
1790629034,188,4,transition,vgg16_image,462,401,399,461.5177570093458,461.5177570093458,515.448
1790629034,188,4,transition,vit_base_image,123,123,128,122.60061919504642,122.60061919504642,125.967
1790629035,189,4,transition,resnet50_image,166,166,144,165.43807404023391,165.43807404023391,347.136
1790629035,189,4,transition,vgg16_image,461,386,386,461.5177570093458,461.5177570093458,515.448
1790629035,189,4,transition,vit_base_image,123,122,128,122.60061919504642,122.60061919504642,125.967
1790629036,190,4,transition,resnet50_image,165,165,144,165.43807404023391,165.43807404023391,347.136
1790629036,190,4,transition,vgg16_image,462,394,395,461.5177570093458,461.5177570093458,515.448
1790629036,190,4,transition,vit_base_image,122,123,96,122.60061919504642,122.60061919504642,125.967
1790629037,191,4,transition,resnet50_image,166,165,144,165.43807404023391,165.43807404023391,347.136
1790629037,191,4,transition,vgg16_image,461,381,380,461.5177570093458,461.5177570093458,515.448
1790629037,191,4,transition,vit_base_image,123,123,128,122.60061919504642,122.60061919504642,125.967
1790629038,192,4,transition,resnet50_image,165,166,152,165.43807404023391,165.43807404023391,347.136
1790629038,192,4,transition,vgg16_image,462,395,393,461.5177570093458,461.5177570093458,515.448
1790629038,192,4,transition,vit_base_image,122,122,128,122.60061919504642,122.60061919504642,125.967
1790629039,193,4,transition,resnet50_image,166,165,152,165.43807404023391,165.43807404023391,347.136
1790629039,193,4,transition,vgg16_image,461,392,392,461.5177570093458,461.5177570093458,515.448
1790629039,193,4,transition,vit_base_image,123,123,128,122.60061919504642,122.60061919504642,125.967
1790629040,194,4,transition,resnet50_image,165,165,144,165.43807404023391,165.43807404023391,347.136
1790629040,194,4,transition,vgg16_image,462,349,349,461.5177570093458,461.5177570093458,515.448
1790629040,194,4,transition,vit_base_image,123,123,128,122.60061919504642,122.60061919504642,125.967
1790629041,195,4,transition,resnet50_image,165,124,120,165.43807404023391,165.43807404023391,347.136
1790629041,195,4,transition,vgg16_image,461,290,292,461.5177570093458,461.5177570093458,515.448
1790629041,195,4,transition,vit_base_image,122,90,64,122.60061919504642,122.60061919504642,125.967
1790629042,196,4,transition,resnet50_image,166,208,200,165.43807404023391,165.43807404023391,347.136
1790629042,196,4,transition,vgg16_image,462,463,464,461.5177570093458,461.5177570093458,515.448
1790629042,196,4,transition,vit_base_image,123,152,160,122.60061919504642,122.60061919504642,125.967
1790629043,197,4,transition,resnet50_image,165,165,168,165.43807404023391,165.43807404023391,347.136
1790629043,197,4,transition,vgg16_image,462,394,392,461.5177570093458,461.5177570093458,515.448
1790629043,197,4,transition,vit_base_image,122,120,128,122.60061919504642,122.60061919504642,125.967
1790629044,198,4,transition,resnet50_image,166,166,164,165.43807404023391,165.43807404023391,347.136
1790629044,198,4,transition,vgg16_image,461,390,393,461.5177570093458,461.5177570093458,515.448
1790629044,198,4,transition,vit_base_image,123,120,128,122.60061919504642,122.60061919504642,125.967
1790629045,199,4,transition,resnet50_image,165,165,156,165.43807404023391,165.43807404023391,347.136
1790629045,199,4,transition,vgg16_image,462,411,408,461.5177570093458,461.5177570093458,515.448
1790629045,199,4,transition,vit_base_image,123,121,96,122.60061919504642,122.60061919504642,125.967
1790629046,200,4,transition,resnet50_image,166,165,160,165.43807404023391,165.43807404023391,347.136
1790629046,200,4,transition,vgg16_image,461,403,403,461.5177570093458,461.5177570093458,515.448
1790629046,200,4,transition,vit_base_image,122,120,128,122.60061919504642,122.60061919504642,125.967
1790629047,201,4,transition,resnet50_image,165,166,160,165.43807404023391,165.43807404023391,347.136
1790629047,201,4,transition,vgg16_image,462,396,399,461.5177570093458,461.5177570093458,515.448
1790629047,201,4,transition,vit_base_image,123,120,128,122.60061919504642,122.60061919504642,125.967
1790629048,202,4,transition,resnet50_image,166,160,140,165.43807404023391,165.43807404023391,347.136
1790629048,202,4,transition,vgg16_image,461,338,334,461.5177570093458,461.5177570093458,515.448
1790629048,202,4,transition,vit_base_image,122,121,128,122.60061919504642,122.60061919504642,125.967
1790629049,203,4,transition,resnet50_image,165,163,164,165.43807404023391,165.43807404023391,347.136
1790629049,203,4,transition,vgg16_image,462,401,404,461.5177570093458,461.5177570093458,515.448
1790629049,203,4,transition,vit_base_image,123,121,105,122.60061919504642,122.60061919504642,125.967
1790629050,204,4,transition,resnet50_image,164,162,164,165.43807404023391,165.43807404023391,347.136
1790629050,204,4,transition,vgg16_image,458,393,393,461.5177570093458,461.5177570093458,515.448
1790629050,204,4,transition,vit_base_image,122,121,119,122.60061919504642,122.60061919504642,125.967
1790629051,205,4,steady,resnet50_image,165,165,164,165.43807404023391,165.43807404023391,347.136
1790629051,205,4,steady,vgg16_image,461,400,399,461.5177570093458,461.5177570093458,515.448
1790629051,205,4,steady,vit_base_image,122,120,128,122.60061919504642,122.60061919504642,125.967
1790629052,206,4,steady,resnet50_image,166,166,164,165.43807404023391,165.43807404023391,347.136
1790629052,206,4,steady,vgg16_image,462,406,407,461.5177570093458,461.5177570093458,515.448
1790629052,206,4,steady,vit_base_image,123,121,128,122.60061919504642,122.60061919504642,125.967
1790629053,207,4,steady,resnet50_image,165,142,144,165.43807404023391,165.43807404023391,347.136
1790629053,207,4,steady,vgg16_image,461,353,350,461.5177570093458,461.5177570093458,515.448
1790629053,207,4,steady,vit_base_image,123,112,96,122.60061919504642,122.60061919504642,125.967
1790629054,208,4,steady,resnet50_image,166,162,160,165.43807404023391,165.43807404023391,347.136
1790629054,208,4,steady,vgg16_image,462,396,397,461.5177570093458,461.5177570093458,515.448
1790629054,208,4,steady,vit_base_image,122,121,128,122.60061919504642,122.60061919504642,125.967
1790629055,209,4,steady,resnet50_image,165,162,164,165.43807404023391,165.43807404023391,347.136
1790629055,209,4,steady,vgg16_image,461,396,395,461.5177570093458,461.5177570093458,515.448
1790629055,209,4,steady,vit_base_image,123,120,128,122.60061919504642,122.60061919504642,125.967
1790629056,210,4,steady,resnet50_image,165,159,160,165.43807404023391,165.43807404023391,347.136
1790629056,210,4,steady,vgg16_image,462,403,404,461.5177570093458,461.5177570093458,515.448
1790629056,210,4,steady,vit_base_image,122,120,128,122.60061919504642,122.60061919504642,125.967
1790629057,211,4,steady,resnet50_image,166,160,156,165.43807404023391,165.43807404023391,347.136
1790629057,211,4,steady,vgg16_image,461,401,400,461.5177570093458,461.5177570093458,515.448
1790629057,211,4,steady,vit_base_image,123,121,96,122.60061919504642,122.60061919504642,125.967
1790629058,212,4,steady,resnet50_image,165,144,146,165.43807404023391,165.43807404023391,347.136
1790629058,212,4,steady,vgg16_image,462,338,338,461.5177570093458,461.5177570093458,515.448
1790629058,212,4,steady,vit_base_image,123,106,128,122.60061919504642,122.60061919504642,125.967
1790629059,213,4,steady,resnet50_image,166,163,166,165.43807404023391,165.43807404023391,347.136
1790629059,213,4,steady,vgg16_image,461,396,398,461.5177570093458,461.5177570093458,515.448
1790629059,213,4,steady,vit_base_image,122,121,96,122.60061919504642,122.60061919504642,125.967
1790629060,214,4,steady,resnet50_image,165,165,164,165.43807404023391,165.43807404023391,347.136
1790629060,214,4,steady,vgg16_image,462,412,412,461.5177570093458,461.5177570093458,515.448
1790629060,214,4,steady,vit_base_image,123,121,128,122.60061919504642,122.60061919504642,125.967
1790629061,215,4,steady,resnet50_image,166,163,164,165.43807404023391,165.43807404023391,347.136
1790629061,215,4,steady,vgg16_image,461,401,399,461.5177570093458,461.5177570093458,515.448
1790629061,215,4,steady,vit_base_image,122,120,128,122.60061919504642,122.60061919504642,125.967
1790629062,216,4,steady,resnet50_image,165,165,164,165.43807404023391,165.43807404023391,347.136
1790629062,216,4,steady,vgg16_image,462,411,412,461.5177570093458,461.5177570093458,515.448
1790629062,216,4,steady,vit_base_image,123,121,128,122.60061919504642,122.60061919504642,125.967
1790629063,217,4,steady,resnet50_image,166,164,164,165.43807404023391,165.43807404023391,347.136
1790629063,217,4,steady,vgg16_image,461,392,392,461.5177570093458,461.5177570093458,515.448
1790629063,217,4,steady,vit_base_image,123,121,128,122.60061919504642,122.60061919504642,125.967
1790629064,218,4,steady,resnet50_image,165,165,164,165.43807404023391,165.43807404023391,347.136
1790629064,218,4,steady,vgg16_image,462,394,395,461.5177570093458,461.5177570093458,515.448
1790629064,218,4,steady,vit_base_image,122,121,96,122.60061919504642,122.60061919504642,125.967
1790629065,219,4,steady,resnet50_image,165,161,160,165.43807404023391,165.43807404023391,347.136
1790629065,219,4,steady,vgg16_image,462,404,403,461.5177570093458,461.5177570093458,515.448
1790629065,219,4,steady,vit_base_image,123,120,128,122.60061919504642,122.60061919504642,125.967
1790629066,220,4,steady,resnet50_image,166,144,144,165.43807404023391,165.43807404023391,347.136
1790629066,220,4,steady,vgg16_image,461,412,411,461.5177570093458,461.5177570093458,515.448
1790629066,220,4,steady,vit_base_image,122,120,128,122.60061919504642,122.60061919504642,125.967
1790629067,221,4,steady,resnet50_image,165,159,160,165.43807404023391,165.43807404023391,347.136
1790629067,221,4,steady,vgg16_image,462,403,403,461.5177570093458,461.5177570093458,515.448
1790629067,221,4,steady,vit_base_image,123,121,128,122.60061919504642,122.60061919504642,125.967
1790629068,222,4,steady,resnet50_image,166,163,160,165.43807404023391,165.43807404023391,347.136
1790629068,222,4,steady,vgg16_image,461,414,416,461.5177570093458,461.5177570093458,515.448
1790629068,222,4,steady,vit_base_image,123,120,96,122.60061919504642,122.60061919504642,125.967
1790629069,223,4,steady,resnet50_image,165,108,156,165.43807404023391,165.43807404023391,347.136
1790629069,223,4,steady,vgg16_image,462,289,378,461.5177570093458,461.5177570093458,515.448
1790629069,223,4,steady,vit_base_image,122,96,128,122.60061919504642,122.60061919504642,125.967
1790629070,224,4,steady,resnet50_image,166,165,152,165.43807404023391,165.43807404023391,347.136
1790629070,224,4,steady,vgg16_image,461,437,348,461.5177570093458,461.5177570093458,515.448
1790629070,224,4,steady,vit_base_image,123,123,128,122.60061919504642,122.60061919504642,125.967
1790629071,225,4,steady,resnet50_image,165,165,164,165.43807404023391,165.43807404023391,347.136
1790629071,225,4,steady,vgg16_image,462,415,415,461.5177570093458,461.5177570093458,515.448
1790629071,225,4,steady,vit_base_image,123,122,101,122.60061919504642,122.60061919504642,125.967
1790629072,226,4,steady,resnet50_image,165,166,164,165.43807404023391,165.43807404023391,347.136
1790629072,226,4,steady,vgg16_image,461,421,421,461.5177570093458,461.5177570093458,515.448
1790629072,226,4,steady,vit_base_image,122,123,123,122.60061919504642,122.60061919504642,125.967
1790629073,227,4,steady,resnet50_image,166,166,160,165.43807404023391,165.43807404023391,347.136
1790629073,227,4,steady,vgg16_image,462,420,420,461.5177570093458,461.5177570093458,515.448
1790629073,227,4,steady,vit_base_image,123,123,128,122.60061919504642,122.60061919504642,125.967
1790629074,228,4,steady,resnet50_image,165,165,164,165.43807404023391,165.43807404023391,347.136
1790629074,228,4,steady,vgg16_image,461,413,412,461.5177570093458,461.5177570093458,515.448
1790629074,228,4,steady,vit_base_image,122,122,128,122.60061919504642,122.60061919504642,125.967
1790629075,229,4,steady,resnet50_image,166,165,168,165.43807404023391,165.43807404023391,347.136
1790629075,229,4,steady,vgg16_image,462,414,417,461.5177570093458,461.5177570093458,515.448
1790629075,229,4,steady,vit_base_image,123,123,128,122.60061919504642,122.60061919504642,125.967
1790629076,230,4,steady,resnet50_image,165,166,160,165.43807404023391,165.43807404023391,347.136
1790629076,230,4,steady,vgg16_image,461,413,412,461.5177570093458,461.5177570093458,515.448
1790629076,230,4,steady,vit_base_image,123,122,96,122.60061919504642,122.60061919504642,125.967
1790629077,231,4,steady,resnet50_image,166,166,160,165.43807404023391,165.43807404023391,347.136
1790629077,231,4,steady,vgg16_image,462,422,420,461.5177570093458,461.5177570093458,515.448
1790629077,231,4,steady,vit_base_image,122,123,128,122.60061919504642,122.60061919504642,125.967
1790629078,232,4,steady,resnet50_image,165,165,161,165.43807404023391,165.43807404023391,347.136
1790629078,232,4,steady,vgg16_image,461,405,405,461.5177570093458,461.5177570093458,515.448
1790629078,232,4,steady,vit_base_image,123,121,128,122.60061919504642,122.60061919504642,125.967
1790629079,233,4,steady,resnet50_image,166,165,167,165.43807404023391,165.43807404023391,347.136
1790629079,233,4,steady,vgg16_image,462,415,416,461.5177570093458,461.5177570093458,515.448
1790629079,233,4,steady,vit_base_image,122,121,128,122.60061919504642,122.60061919504642,125.967
1790629080,234,4,steady,resnet50_image,165,166,160,165.43807404023391,165.43807404023391,347.136
1790629080,234,4,steady,vgg16_image,461,414,415,461.5177570093458,461.5177570093458,515.448
1790629080,234,4,steady,vit_base_image,123,121,96,122.60061919504642,122.60061919504642,125.967
1790629081,235,,,resnet50_image,165,165,168,,,347.136
1790629081,235,,,vgg16_image,462,418,420,,,515.448
1790629081,235,,,vit_base_image,123,120,128,,,125.967
1790629082,236,,,resnet50_image,166,166,164,,,347.136
1790629082,236,,,vgg16_image,461,418,416,,,515.448
1790629082,236,,,vit_base_image,122,120,128,,,125.967
1790629083,237,,,resnet50_image,165,165,164,,,347.136
1790629083,237,,,vgg16_image,462,407,408,,,515.448
1790629083,237,,,vit_base_image,123,121,128,,,125.967
1790629084,238,,,resnet50_image,166,165,164,,,347.136
1790629084,238,,,vgg16_image,461,403,403,,,515.448
1790629084,238,,,vit_base_image,122,120,96,,,125.967
1790629085,239,,,resnet50_image,165,166,168,,,347.136
1790629085,239,,,vgg16_image,462,416,413,,,515.448
1790629085,239,,,vit_base_image,123,121,128,,,125.967
1790629086,240,,,resnet50_image,166,165,164,,,347.136
1790629086,240,,,vgg16_image,461,422,424,,,515.448
1790629086,240,,,vit_base_image,123,120,128,,,125.967
1790629087,241,,,resnet50_image,165,166,164,,,347.136
1790629087,241,,,vgg16_image,462,413,411,,,515.448
1790629087,241,,,vit_base_image,122,121,128,,,125.967
1790629088,242,,,resnet50_image,143,120,136,,,347.136
1790629088,242,,,vgg16_image,460,335,337,,,515.448
1790629088,242,,,vit_base_image,123,121,96,,,125.967
1790629089,243,5,transition,resnet50_image,91,91,164,91.3690271927075,91.3690271927075,347.136
1790629089,243,5,transition,vgg16_image,462,417,415,461.5177570093458,462.9532710280373,515.448
1790629089,243,5,transition,vit_base_image,123,120,128,122.60061919504642,122.60061919504642,125.967
1790629090,244,5,transition,resnet50_image,92,91,160,91.3690271927075,91.3690271927075,347.136
1790629090,244,5,transition,vgg16_image,461,420,420,461.5177570093458,462.9532710280373,515.448
1790629090,244,5,transition,vit_base_image,122,121,128,122.60061919504642,122.60061919504642,125.967
1790629091,245,5,transition,resnet50_image,91,92,160,91.3690271927075,91.3690271927075,347.136
1790629091,245,5,transition,vgg16_image,462,402,401,461.5177570093458,462.9532710280373,515.448
1790629091,245,5,transition,vit_base_image,123,120,128,122.60061919504642,122.60061919504642,125.967
1790629092,246,5,transition,resnet50_image,91,91,111,91.3690271927075,91.3690271927075,347.136
1790629092,246,5,transition,vgg16_image,461,407,412,461.5177570093458,462.9532710280373,515.448
1790629092,246,5,transition,vit_base_image,122,121,128,122.60061919504642,122.60061919504642,125.967
1790629093,247,5,transition,resnet50_image,92,92,93,91.3690271927075,91.3690271927075,347.136
1790629093,247,5,transition,vgg16_image,462,414,411,461.5177570093458,462.9532710280373,515.448
1790629093,247,5,transition,vit_base_image,123,121,96,122.60061919504642,122.60061919504642,125.967
1790629094,248,5,transition,resnet50_image,91,91,91,91.3690271927075,91.3690271927075,347.136
1790629094,248,5,transition,vgg16_image,462,406,408,461.5177570093458,462.9532710280373,515.448
1790629094,248,5,transition,vit_base_image,123,120,128,122.60061919504642,122.60061919504642,125.967
1790629095,249,5,transition,resnet50_image,91,91,90,91.3690271927075,91.3690271927075,347.136
1790629095,249,5,transition,vgg16_image,461,409,407,461.5177570093458,462.9532710280373,515.448
1790629095,249,5,transition,vit_base_image,122,120,128,122.60061919504642,122.60061919504642,125.967
1790629096,250,5,transition,resnet50_image,92,92,92,91.3690271927075,91.3690271927075,176.963
1790629096,250,5,transition,vgg16_image,462,414,413,461.5177570093458,462.9532710280373,515.448
1790629096,250,5,transition,vit_base_image,123,120,128,122.60061919504642,122.60061919504642,125.967
1790629097,251,5,transition,resnet50_image,91,91,91,91.3690271927075,91.3690271927075,176.963
1790629097,251,5,transition,vgg16_image,461,414,415,461.5177570093458,462.9532710280373,515.448
1790629097,251,5,transition,vit_base_image,122,121,96,122.60061919504642,122.60061919504642,125.967
1790629098,252,5,transition,resnet50_image,92,91,93,91.3690271927075,91.3690271927075,176.963
1790629098,252,5,transition,vgg16_image,462,405,406,461.5177570093458,462.9532710280373,515.448
1790629098,252,5,transition,vit_base_image,123,121,128,122.60061919504642,122.60061919504642,125.967
1790629099,253,5,transition,resnet50_image,91,61,59,91.3690271927075,91.3690271927075,176.963
1790629099,253,5,transition,vgg16_image,461,271,269,461.5177570093458,462.9532710280373,515.448
1790629099,253,5,transition,vit_base_image,123,79,96,122.60061919504642,122.60061919504642,125.967
1790629100,254,5,transition,resnet50_image,91,122,123,91.3690271927075,91.3690271927075,176.963
1790629100,254,5,transition,vgg16_image,462,442,519,461.5177570093458,462.9532710280373,515.448
1790629100,254,5,transition,vit_base_image,122,145,160,122.60061919504642,122.60061919504642,125.967
1790629101,255,5,transition,resnet50_image,92,92,90,91.3690271927075,91.3690271927075,176.963
1790629101,255,5,transition,vgg16_image,461,404,326,461.5177570093458,462.9532710280373,515.448
1790629101,255,5,transition,vit_base_image,123,123,96,122.60061919504642,122.60061919504642,125.967
1790629102,256,5,transition,resnet50_image,91,91,91,91.3690271927075,91.3690271927075,176.963
1790629102,256,5,transition,vgg16_image,462,409,410,461.5177570093458,462.9532710280373,515.448
1790629102,256,5,transition,vit_base_image,122,122,128,122.60061919504642,122.60061919504642,125.967
1790629103,257,5,transition,resnet50_image,91,91,94,91.3690271927075,91.3690271927075,176.963
1790629103,257,5,transition,vgg16_image,461,415,415,461.5177570093458,462.9532710280373,515.448
1790629103,257,5,transition,vit_base_image,123,122,128,122.60061919504642,122.60061919504642,125.967
1790629104,258,5,transition,resnet50_image,92,92,89,91.3690271927075,91.3690271927075,176.963
1790629104,258,5,transition,vgg16_image,462,402,402,461.5177570093458,462.9532710280373,515.448
1790629104,258,5,transition,vit_base_image,123,120,96,122.60061919504642,122.60061919504642,125.967
1790629105,259,5,transition,resnet50_image,91,91,93,91.3690271927075,91.3690271927075,176.963
1790629105,259,5,transition,vgg16_image,461,403,402,461.5177570093458,462.9532710280373,515.448
1790629105,259,5,transition,vit_base_image,122,121,128,122.60061919504642,122.60061919504642,125.967
1790629106,260,5,transition,resnet50_image,91,91,90,91.3690271927075,91.3690271927075,176.963
1790629106,260,5,transition,vgg16_image,462,408,411,461.5177570093458,462.9532710280373,515.448
1790629106,260,5,transition,vit_base_image,123,120,128,122.60061919504642,122.60061919504642,125.967
1790629107,261,5,transition,resnet50_image,92,92,92,91.3690271927075,91.3690271927075,176.963
1790629107,261,5,transition,vgg16_image,461,400,401,461.5177570093458,462.9532710280373,515.448
1790629107,261,5,transition,vit_base_image,122,121,128,122.60061919504642,122.60061919504642,125.967
1790629108,262,5,transition,resnet50_image,91,91,91,91.3690271927075,91.3690271927075,176.963
1790629108,262,5,transition,vgg16_image,462,413,411,461.5177570093458,462.9532710280373,515.448
1790629108,262,5,transition,vit_base_image,123,122,96,122.60061919504642,122.60061919504642,125.967
1790629109,263,5,transition,resnet50_image,92,91,92,91.3690271927075,91.3690271927075,176.963
1790629109,263,5,transition,vgg16_image,461,392,391,461.5177570093458,462.9532710280373,515.448
1790629109,263,5,transition,vit_base_image,123,119,128,122.60061919504642,122.60061919504642,125.967
1790629110,264,5,transition,resnet50_image,91,92,91,91.3690271927075,91.3690271927075,176.963
1790629110,264,5,transition,vgg16_image,462,407,407,461.5177570093458,462.9532710280373,515.448
1790629110,264,5,transition,vit_base_image,122,122,128,122.60061919504642,122.60061919504642,125.967
1790629111,265,5,transition,resnet50_image,91,91,91,91.3690271927075,91.3690271927075,176.963
1790629111,265,5,transition,vgg16_image,461,404,407,461.5177570093458,462.9532710280373,515.448
1790629111,265,5,transition,vit_base_image,123,120,128,122.60061919504642,122.60061919504642,125.967
1790629112,266,5,transition,resnet50_image,92,92,93,91.3690271927075,91.3690271927075,176.963
1790629112,266,5,transition,vgg16_image,462,412,409,461.5177570093458,462.9532710280373,515.448
1790629112,266,5,transition,vit_base_image,122,120,128,122.60061919504642,122.60061919504642,125.967
1790629113,267,5,transition,resnet50_image,91,91,77,91.3690271927075,91.3690271927075,176.963
1790629113,267,5,transition,vgg16_image,461,345,346,461.5177570093458,462.9532710280373,515.448
1790629113,267,5,transition,vit_base_image,123,121,96,122.60061919504642,122.60061919504642,125.967
1790629114,268,5,transition,resnet50_image,91,91,105,91.3690271927075,91.3690271927075,176.963
1790629114,268,5,transition,vgg16_image,462,406,406,461.5177570093458,462.9532710280373,515.448
1790629114,268,5,transition,vit_base_image,123,121,128,122.60061919504642,122.60061919504642,125.967
1790629115,269,5,transition,resnet50_image,92,92,92,91.3690271927075,91.3690271927075,176.963
1790629115,269,5,transition,vgg16_image,461,413,415,461.5177570093458,462.9532710280373,515.448
1790629115,269,5,transition,vit_base_image,122,120,128,122.60061919504642,122.60061919504642,125.967
1790629116,270,5,transition,resnet50_image,91,91,91,91.3690271927075,91.3690271927075,176.963
1790629116,270,5,transition,vgg16_image,462,398,394,461.5177570093458,462.9532710280373,515.448
1790629116,270,5,transition,vit_base_image,123,121,128,122.60061919504642,122.60061919504642,125.967
1790629117,271,5,transition,resnet50_image,92,91,85,91.3690271927075,91.3690271927075,176.963
1790629117,271,5,transition,vgg16_image,461,408,411,461.5177570093458,462.9532710280373,515.448
1790629117,271,5,transition,vit_base_image,122,121,96,122.60061919504642,122.60061919504642,125.967
1790629118,272,5,transition,resnet50_image,91,92,98,91.3690271927075,91.3690271927075,176.963
1790629118,272,5,transition,vgg16_image,462,415,414,461.5177570093458,462.9532710280373,515.448
1790629118,272,5,transition,vit_base_image,123,121,128,122.60061919504642,122.60061919504642,125.967
1790629119,273,5,transition,resnet50_image,91,91,92,91.3690271927075,91.3690271927075,176.963
1790629119,273,5,transition,vgg16_image,461,414,413,461.5177570093458,462.9532710280373,515.448
1790629119,273,5,transition,vit_base_image,123,119,128,122.60061919504642,122.60061919504642,125.967
1790629120,274,5,transition,resnet50_image,92,92,90,91.3690271927075,91.3690271927075,176.963
1790629120,274,5,transition,vgg16_image,462,388,392,461.5177570093458,462.9532710280373,515.448
1790629120,274,5,transition,vit_base_image,122,121,128,122.60061919504642,122.60061919504642,125.967
1790629121,275,5,transition,resnet50_image,91,91,91,91.3690271927075,91.3690271927075,176.963
1790629121,275,5,transition,vgg16_image,462,435,432,461.5177570093458,462.9532710280373,515.448
1790629121,275,5,transition,vit_base_image,123,123,128,122.60061919504642,122.60061919504642,125.967
1790629122,276,5,transition,resnet50_image,91,91,92,91.3690271927075,91.3690271927075,176.963
1790629122,276,5,transition,vgg16_image,461,434,432,461.5177570093458,462.9532710280373,515.448
1790629122,276,5,transition,vit_base_image,122,122,128,122.60061919504642,122.60061919504642,125.967
1790629123,277,5,transition,resnet50_image,92,92,91,91.3690271927075,91.3690271927075,176.963
1790629123,277,5,transition,vgg16_image,462,398,400,461.5177570093458,462.9532710280373,515.448
1790629123,277,5,transition,vit_base_image,123,123,128,122.60061919504642,122.60061919504642,125.967
1790629124,278,5,transition,resnet50_image,91,91,90,91.3690271927075,91.3690271927075,176.963
1790629124,278,5,transition,vgg16_image,461,439,448,461.5177570093458,462.9532710280373,515.448
1790629124,278,5,transition,vit_base_image,123,122,96,122.60061919504642,122.60061919504642,125.967
1790629125,279,5,transition,resnet50_image,92,91,92,91.3690271927075,91.3690271927075,176.963
1790629125,279,5,transition,vgg16_image,462,439,432,461.5177570093458,462.9532710280373,515.448
1790629125,279,5,transition,vit_base_image,122,123,128,122.60061919504642,122.60061919504642,125.967
1790629126,280,5,transition,resnet50_image,91,92,92,91.3690271927075,91.3690271927075,176.963
1790629126,280,5,transition,vgg16_image,461,435,432,461.5177570093458,462.9532710280373,515.448
1790629126,280,5,transition,vit_base_image,123,123,128,122.60061919504642,122.60061919504642,125.967
1790629127,281,5,transition,resnet50_image,91,91,92,91.3690271927075,91.3690271927075,176.963
1790629127,281,5,transition,vgg16_image,462,433,433,461.5177570093458,462.9532710280373,515.448
1790629127,281,5,transition,vit_base_image,122,122,128,122.60061919504642,122.60061919504642,125.967
1790629128,282,5,transition,resnet50_image,92,92,91,91.3690271927075,91.3690271927075,176.963
1790629128,282,5,transition,vgg16_image,461,435,447,461.5177570093458,462.9532710280373,515.448
1790629128,282,5,transition,vit_base_image,123,123,128,122.60061919504642,122.60061919504642,125.967
1790629129,283,5,transition,resnet50_image,90,90,91,91.3690271927075,91.3690271927075,176.963
1790629129,283,5,transition,vgg16_image,461,429,421,461.5177570093458,462.9532710280373,515.448
1790629129,283,5,transition,vit_base_image,123,122,96,122.60061919504642,122.60061919504642,125.967
1790629130,284,5,steady,resnet50_image,92,92,91,91.3690271927075,91.3690271927075,176.963
1790629130,284,5,steady,vgg16_image,463,391,395,462.9532710280373,462.9532710280373,515.448
1790629130,284,5,steady,vit_base_image,122,121,128,122.60061919504642,122.60061919504642,125.967
1790629131,285,5,steady,resnet50_image,91,91,92,91.3690271927075,91.3690271927075,176.963
1790629131,285,5,steady,vgg16_image,463,433,432,462.9532710280373,462.9532710280373,515.448
1790629131,285,5,steady,vit_base_image,123,120,128,122.60061919504642,122.60061919504642,125.967
1790629132,286,5,steady,resnet50_image,92,92,91,91.3690271927075,91.3690271927075,176.963
1790629132,286,5,steady,vgg16_image,462,435,432,462.9532710280373,462.9532710280373,515.448
1790629132,286,5,steady,vit_base_image,122,121,96,122.60061919504642,122.60061919504642,125.967
1790629133,287,5,steady,resnet50_image,91,91,92,91.3690271927075,91.3690271927075,176.963
1790629133,287,5,steady,vgg16_image,463,432,432,462.9532710280373,462.9532710280373,515.448
1790629133,287,5,steady,vit_base_image,123,120,128,122.60061919504642,122.60061919504642,125.967
1790629134,288,5,steady,resnet50_image,91,91,91,91.3690271927075,91.3690271927075,176.963
1790629134,288,5,steady,vgg16_image,463,435,432,462.9532710280373,462.9532710280373,515.448
1790629134,288,5,steady,vit_base_image,123,119,128,122.60061919504642,122.60061919504642,125.967
1790629135,289,5,steady,resnet50_image,92,92,91,91.3690271927075,91.3690271927075,176.963
1790629135,289,5,steady,vgg16_image,463,388,400,462.9532710280373,462.9532710280373,515.448
1790629135,289,5,steady,vit_base_image,122,119,128,122.60061919504642,122.60061919504642,125.967
1790629136,290,5,steady,resnet50_image,91,91,91,91.3690271927075,91.3690271927075,176.963
1790629136,290,5,steady,vgg16_image,463,435,432,462.9532710280373,462.9532710280373,515.448
1790629136,290,5,steady,vit_base_image,123,120,96,122.60061919504642,122.60061919504642,125.967
1790629137,291,5,steady,resnet50_image,91,78,45,91.3690271927075,91.3690271927075,176.963
1790629137,291,5,steady,vgg16_image,463,390,427,462.9532710280373,462.9532710280373,515.448
1790629137,291,5,steady,vit_base_image,122,114,128,122.60061919504642,122.60061919504642,125.967
1790629138,292,5,steady,resnet50_image,92,105,137,91.3690271927075,91.3690271927075,176.963
1790629138,292,5,steady,vgg16_image,463,474,437,462.9532710280373,462.9532710280373,515.448
1790629138,292,5,steady,vit_base_image,123,130,128,122.60061919504642,122.60061919504642,125.967
1790629139,293,5,steady,resnet50_image,91,91,93,91.3690271927075,91.3690271927075,176.963
1790629139,293,5,steady,vgg16_image,463,433,432,462.9532710280373,462.9532710280373,515.448
1790629139,293,5,steady,vit_base_image,123,122,128,122.60061919504642,122.60061919504642,125.967
1790629140,294,5,steady,resnet50_image,92,91,92,91.3690271927075,91.3690271927075,176.963
1790629140,294,5,steady,vgg16_image,463,437,432,462.9532710280373,462.9532710280373,515.448
1790629140,294,5,steady,vit_base_image,122,122,128,122.60061919504642,122.60061919504642,125.967
1790629141,295,5,steady,resnet50_image,91,92,90,91.3690271927075,91.3690271927075,176.963
1790629141,295,5,steady,vgg16_image,463,437,432,462.9532710280373,462.9532710280373,515.448
1790629141,295,5,steady,vit_base_image,123,122,96,122.60061919504642,122.60061919504642,125.967
1790629142,296,5,steady,resnet50_image,91,91,92,91.3690271927075,91.3690271927075,176.963
1790629142,296,5,steady,vgg16_image,463,436,448,462.9532710280373,462.9532710280373,515.448
1790629142,296,5,steady,vit_base_image,122,122,128,122.60061919504642,122.60061919504642,125.967
1790629143,297,5,steady,resnet50_image,92,91,90,91.3690271927075,91.3690271927075,176.963
1790629143,297,5,steady,vgg16_image,463,432,432,462.9532710280373,462.9532710280373,515.448
1790629143,297,5,steady,vit_base_image,123,121,128,122.60061919504642,122.60061919504642,125.967
1790629144,298,5,steady,resnet50_image,91,92,93,91.3690271927075,91.3690271927075,176.963
1790629144,298,5,steady,vgg16_image,463,429,429,462.9532710280373,462.9532710280373,515.448
1790629144,298,5,steady,vit_base_image,123,118,128,122.60061919504642,122.60061919504642,125.967
1790629145,299,5,steady,resnet50_image,91,91,90,91.3690271927075,91.3690271927075,176.963
1790629145,299,5,steady,vgg16_image,463,431,419,462.9532710280373,462.9532710280373,515.448
1790629145,299,5,steady,vit_base_image,122,121,116,122.60061919504642,122.60061919504642,125.967
1790629146,300,5,steady,resnet50_image,92,92,93,91.3690271927075,91.3690271927075,176.963
1790629146,300,5,steady,vgg16_image,463,432,432,462.9532710280373,462.9532710280373,515.448
1790629146,300,5,steady,vit_base_image,123,120,108,122.60061919504642,122.60061919504642,125.967
1790629147,301,5,steady,resnet50_image,91,91,90,91.3690271927075,91.3690271927075,176.963
1790629147,301,5,steady,vgg16_image,463,431,432,462.9532710280373,462.9532710280373,515.448
1790629147,301,5,steady,vit_base_image,122,117,128,122.60061919504642,122.60061919504642,125.967
1790629148,302,5,steady,resnet50_image,92,91,91,91.3690271927075,91.3690271927075,176.963
1790629148,302,5,steady,vgg16_image,463,433,432,462.9532710280373,462.9532710280373,515.448
1790629148,302,5,steady,vit_base_image,123,121,128,122.60061919504642,122.60061919504642,125.967
1790629149,303,5,steady,resnet50_image,91,92,93,91.3690271927075,91.3690271927075,176.963
1790629149,303,5,steady,vgg16_image,463,434,448,462.9532710280373,462.9532710280373,515.448
1790629149,303,5,steady,vit_base_image,123,121,100,122.60061919504642,122.60061919504642,125.967
1790629150,304,5,steady,resnet50_image,91,91,90,91.3690271927075,91.3690271927075,176.963
1790629150,304,5,steady,vgg16_image,463,437,432,462.9532710280373,462.9532710280373,515.448
1790629150,304,5,steady,vit_base_image,122,122,124,122.60061919504642,122.60061919504642,125.967
1790629151,305,5,steady,resnet50_image,92,91,92,91.3690271927075,91.3690271927075,176.963
1790629151,305,5,steady,vgg16_image,463,433,432,462.9532710280373,462.9532710280373,515.448
1790629151,305,5,steady,vit_base_image,123,121,128,122.60061919504642,122.60061919504642,125.967
1790629152,306,5,steady,resnet50_image,91,92,92,91.3690271927075,91.3690271927075,176.963
1790629152,306,5,steady,vgg16_image,463,432,432,462.9532710280373,462.9532710280373,515.448
1790629152,306,5,steady,vit_base_image,122,121,128,122.60061919504642,122.60061919504642,125.967
1790629153,307,5,steady,resnet50_image,91,91,90,91.3690271927075,91.3690271927075,176.963
1790629153,307,5,steady,vgg16_image,462,434,432,462.9532710280373,462.9532710280373,515.448
1790629153,307,5,steady,vit_base_image,123,121,128,122.60061919504642,122.60061919504642,125.967
1790629154,308,5,steady,resnet50_image,92,91,93,91.3690271927075,91.3690271927075,176.963
1790629154,308,5,steady,vgg16_image,463,432,432,462.9532710280373,462.9532710280373,515.448
1790629154,308,5,steady,vit_base_image,123,121,96,122.60061919504642,122.60061919504642,125.967
1790629155,309,5,steady,resnet50_image,91,92,90,91.3690271927075,91.3690271927075,176.963
1790629155,309,5,steady,vgg16_image,463,429,432,462.9532710280373,462.9532710280373,515.448
1790629155,309,5,steady,vit_base_image,122,119,128,122.60061919504642,122.60061919504642,125.967
1790629156,310,5,steady,resnet50_image,91,91,91,91.3690271927075,91.3690271927075,176.963
1790629156,310,5,steady,vgg16_image,463,429,432,462.9532710280373,462.9532710280373,515.448
1790629156,310,5,steady,vit_base_image,123,119,128,122.60061919504642,122.60061919504642,125.967
1790629157,311,5,steady,resnet50_image,92,92,93,91.3690271927075,91.3690271927075,176.963
1790629157,311,5,steady,vgg16_image,463,428,416,462.9532710280373,462.9532710280373,515.448
1790629157,311,5,steady,vit_base_image,122,118,128,122.60061919504642,122.60061919504642,125.967
1790629158,312,5,steady,resnet50_image,91,91,91,91.3690271927075,91.3690271927075,176.963
1790629158,312,5,steady,vgg16_image,463,429,432,462.9532710280373,462.9532710280373,515.448
1790629158,312,5,steady,vit_base_image,123,120,96,122.60061919504642,122.60061919504642,125.967
1790629159,313,5,steady,resnet50_image,92,91,90,91.3690271927075,91.3690271927075,176.963
1790629159,313,5,steady,vgg16_image,463,419,416,462.9532710280373,462.9532710280373,515.448
1790629159,313,5,steady,vit_base_image,123,117,128,122.60061919504642,122.60061919504642,125.967
1790629160,314,,,resnet50_image,91,92,93,,,176.963
1790629160,314,,,vgg16_image,463,430,432,,,515.448
1790629160,314,,,vit_base_image,122,121,128,,,125.967
1790629161,315,,,resnet50_image,91,91,91,,,176.963
1790629161,315,,,vgg16_image,463,418,416,,,515.448
1790629161,315,,,vit_base_image,123,120,97,,,125.967
1790629162,316,,,resnet50_image,92,92,90,,,176.963
1790629162,316,,,vgg16_image,463,395,400,,,515.448
1790629162,316,,,vit_base_image,122,121,127,,,125.967
1790629163,317,,,resnet50_image,91,91,93,,,176.963
1790629163,317,,,vgg16_image,463,435,432,,,515.448
1790629163,317,,,vit_base_image,123,121,128,,,125.967
1790629164,318,,,resnet50_image,91,91,90,,,176.963
1790629164,318,,,vgg16_image,463,428,432,,,515.448
1790629164,318,,,vit_base_image,123,120,128,,,125.967
1790629165,319,6,transition,resnet50_image,67,67,68,66.79901619663318,66.79901619663318,176.963
1790629165,319,6,transition,vgg16_image,459,429,432,460.7999999999999,460.7999999999999,515.448
1790629165,319,6,transition,vit_base_image,74,75,128,73.56037151702786,73.56037151702786,125.967
1790629166,320,6,transition,resnet50_image,67,66,67,66.79901619663318,66.79901619663318,176.963
1790629166,320,6,transition,vgg16_image,461,432,432,460.7999999999999,460.7999999999999,515.448
1790629166,320,6,transition,vit_base_image,74,74,96,73.56037151702786,73.56037151702786,125.967
1790629167,321,6,transition,resnet50_image,66,67,66,66.79901619663318,66.79901619663318,176.963
1790629167,321,6,transition,vgg16_image,461,425,419,460.7999999999999,460.7999999999999,515.448
1790629167,321,6,transition,vit_base_image,73,73,128,73.56037151702786,73.56037151702786,125.967
1790629168,322,6,transition,resnet50_image,67,67,68,66.79901619663318,66.79901619663318,176.963
1790629168,322,6,transition,vgg16_image,461,426,429,460.7999999999999,460.7999999999999,515.448
1790629168,322,6,transition,vit_base_image,74,74,128,73.56037151702786,73.56037151702786,125.967
1790629169,323,6,transition,resnet50_image,67,67,66,66.79901619663318,66.79901619663318,176.963
1790629169,323,6,transition,vgg16_image,461,424,432,460.7999999999999,460.7999999999999,515.448
1790629169,323,6,transition,vit_base_image,73,73,121,73.56037151702786,73.56037151702786,125.967
1790629170,324,6,transition,resnet50_image,67,67,67,66.79901619663318,66.79901619663318,176.963
1790629170,324,6,transition,vgg16_image,460,434,432,460.7999999999999,460.7999999999999,515.448
1790629170,324,6,transition,vit_base_image,74,74,74,73.56037151702786,73.56037151702786,125.967
1790629171,325,6,transition,resnet50_image,67,66,68,66.79901619663318,66.79901619663318,176.963
1790629171,325,6,transition,vgg16_image,461,428,416,460.7999999999999,460.7999999999999,515.448
1790629171,325,6,transition,vit_base_image,73,73,74,73.56037151702786,73.56037151702786,125.967
1790629172,326,6,transition,resnet50_image,66,67,65,66.79901619663318,66.79901619663318,176.963
1790629172,326,6,transition,vgg16_image,461,421,432,460.7999999999999,460.7999999999999,468.144
1790629172,326,6,transition,vit_base_image,74,74,74,73.56037151702786,73.56037151702786,125.967
1790629173,327,6,transition,resnet50_image,66,66,65,66.79901619663318,66.79901619663318,176.963
1790629173,327,6,transition,vgg16_image,459,373,368,460.7999999999999,460.7999999999999,468.144
1790629173,327,6,transition,vit_base_image,73,73,68,73.56037151702786,73.56037151702786,125.967
1790629174,328,6,steady,resnet50_image,67,67,68,66.79901619663318,66.79901619663318,176.963
1790629174,328,6,steady,vgg16_image,461,422,416,460.7999999999999,460.7999999999999,468.144
1790629174,328,6,steady,vit_base_image,74,74,77,73.56037151702786,73.56037151702786,125.967
1790629175,329,6,steady,resnet50_image,67,67,67,66.79901619663318,66.79901619663318,176.963
1790629175,329,6,steady,vgg16_image,461,427,432,460.7999999999999,460.7999999999999,468.144
1790629175,329,6,steady,vit_base_image,73,73,75,73.56037151702786,73.56037151702786,125.967
1790629176,330,6,steady,resnet50_image,67,66,66,66.79901619663318,66.79901619663318,176.963
1790629176,330,6,steady,vgg16_image,460,427,432,460.7999999999999,460.7999999999999,468.144
1790629176,330,6,steady,vit_base_image,74,74,74,73.56037151702786,73.56037151702786,125.967
1790629177,331,6,steady,resnet50_image,66,67,68,66.79901619663318,66.79901619663318,176.963
1790629177,331,6,steady,vgg16_image,461,431,432,460.7999999999999,460.7999999999999,468.144
1790629177,331,6,steady,vit_base_image,74,74,73,73.56037151702786,73.56037151702786,125.967
1790629178,332,6,steady,resnet50_image,67,67,64,66.79901619663318,66.79901619663318,176.963
1790629178,332,6,steady,vgg16_image,461,411,400,460.7999999999999,460.7999999999999,468.144
1790629178,332,6,steady,vit_base_image,73,73,72,73.56037151702786,73.56037151702786,125.967
1790629179,333,6,steady,resnet50_image,67,67,68,66.79901619663318,66.79901619663318,176.963
1790629179,333,6,steady,vgg16_image,461,380,384,460.7999999999999,460.7999999999999,468.144
1790629179,333,6,steady,vit_base_image,74,74,70,73.56037151702786,73.56037151702786,125.967
1790629180,334,6,steady,resnet50_image,67,67,68,66.79901619663318,66.79901619663318,176.963
1790629180,334,6,steady,vgg16_image,461,427,432,460.7999999999999,460.7999999999999,468.144
1790629180,334,6,steady,vit_base_image,73,73,76,73.56037151702786,73.56037151702786,125.967
1790629181,335,6,steady,resnet50_image,67,66,68,66.79901619663318,66.79901619663318,176.963
1790629181,335,6,steady,vgg16_image,460,422,416,460.7999999999999,460.7999999999999,468.144
1790629181,335,6,steady,vit_base_image,74,74,77,73.56037151702786,73.56037151702786,125.967
1790629182,336,6,steady,resnet50_image,66,67,65,66.79901619663318,66.79901619663318,176.963
1790629182,336,6,steady,vgg16_image,461,419,416,460.7999999999999,460.7999999999999,468.144
1790629182,336,6,steady,vit_base_image,73,73,73,73.56037151702786,73.56037151702786,125.967
1790629183,337,6,steady,resnet50_image,67,67,68,66.79901619663318,66.79901619663318,176.963
1790629183,337,6,steady,vgg16_image,461,419,432,460.7999999999999,460.7999999999999,468.144
1790629183,337,6,steady,vit_base_image,74,74,74,73.56037151702786,73.56037151702786,125.967
1790629184,338,6,steady,resnet50_image,67,67,66,66.79901619663318,66.79901619663318,176.963
1790629184,338,6,steady,vgg16_image,461,421,416,460.7999999999999,460.7999999999999,468.144
1790629184,338,6,steady,vit_base_image,73,73,73,73.56037151702786,73.56037151702786,125.967
1790629185,339,6,steady,resnet50_image,67,67,68,66.79901619663318,66.79901619663318,176.963
1790629185,339,6,steady,vgg16_image,461,421,416,460.7999999999999,460.7999999999999,468.144
1790629185,339,6,steady,vit_base_image,74,74,74,73.56037151702786,73.56037151702786,125.967
1790629186,340,6,steady,resnet50_image,67,66,66,66.79901619663318,66.79901619663318,176.963
1790629186,340,6,steady,vgg16_image,460,424,432,460.7999999999999,460.7999999999999,468.144
1790629186,340,6,steady,vit_base_image,74,73,73,73.56037151702786,73.56037151702786,125.967
1790629187,341,6,steady,resnet50_image,66,67,67,66.79901619663318,66.79901619663318,176.963
1790629187,341,6,steady,vgg16_image,461,422,416,460.7999999999999,460.7999999999999,468.144
1790629187,341,6,steady,vit_base_image,73,74,74,73.56037151702786,73.56037151702786,125.967
1790629188,342,6,steady,resnet50_image,67,67,67,66.79901619663318,66.79901619663318,176.963
1790629188,342,6,steady,vgg16_image,461,417,416,460.7999999999999,460.7999999999999,468.144
1790629188,342,6,steady,vit_base_image,74,74,73,73.56037151702786,73.56037151702786,125.967
1790629189,343,6,steady,resnet50_image,67,67,66,66.79901619663318,66.79901619663318,176.963
1790629189,343,6,steady,vgg16_image,461,425,432,460.7999999999999,460.7999999999999,468.144
1790629189,343,6,steady,vit_base_image,73,73,74,73.56037151702786,73.56037151702786,125.967
1790629190,344,6,steady,resnet50_image,67,67,67,66.79901619663318,66.79901619663318,176.963
1790629190,344,6,steady,vgg16_image,461,420,416,460.7999999999999,460.7999999999999,468.144
1790629190,344,6,steady,vit_base_image,74,74,73,73.56037151702786,73.56037151702786,125.967
1790629191,345,6,steady,resnet50_image,67,66,66,66.79901619663318,66.79901619663318,176.963
1790629191,345,6,steady,vgg16_image,460,425,432,460.7999999999999,460.7999999999999,468.144
1790629191,345,6,steady,vit_base_image,73,73,74,73.56037151702786,73.56037151702786,125.967
1790629192,346,6,steady,resnet50_image,66,67,68,66.79901619663318,66.79901619663318,176.963
1790629192,346,6,steady,vgg16_image,461,424,416,460.7999999999999,460.7999999999999,468.144
1790629192,346,6,steady,vit_base_image,74,74,74,73.56037151702786,73.56037151702786,125.967
1790629193,347,6,steady,resnet50_image,67,39,38,66.79901619663318,66.79901619663318,176.963
1790629193,347,6,steady,vgg16_image,461,244,240,460.7999999999999,460.7999999999999,468.144
1790629193,347,6,steady,vit_base_image,74,42,42,73.56037151702786,73.56037151702786,125.967
1790629194,348,6,steady,resnet50_image,67,95,95,66.79901619663318,66.79901619663318,176.963
1790629194,348,6,steady,vgg16_image,461,502,506,460.7999999999999,460.7999999999999,468.144
1790629194,348,6,steady,vit_base_image,73,105,65,73.56037151702786,73.56037151702786,125.967
1790629195,349,6,steady,resnet50_image,67,67,68,66.79901619663318,66.79901619663318,176.963
1790629195,349,6,steady,vgg16_image,461,423,430,460.7999999999999,460.7999999999999,468.144
1790629195,349,6,steady,vit_base_image,74,74,75,73.56037151702786,73.56037151702786,125.967
1790629196,350,6,steady,resnet50_image,67,66,65,66.79901619663318,66.79901619663318,176.963
1790629196,350,6,steady,vgg16_image,460,423,418,460.7999999999999,460.7999999999999,468.144
1790629196,350,6,steady,vit_base_image,73,73,76,73.56037151702786,73.56037151702786,125.967
1790629197,351,6,steady,resnet50_image,66,67,67,66.79901619663318,66.79901619663318,176.963
1790629197,351,6,steady,vgg16_image,461,369,368,460.7999999999999,460.7999999999999,468.144
1790629197,351,6,steady,vit_base_image,74,74,67,73.56037151702786,73.56037151702786,125.967
1790629198,352,6,steady,resnet50_image,67,67,68,66.79901619663318,66.79901619663318,176.963
1790629198,352,6,steady,vgg16_image,461,423,417,460.7999999999999,460.7999999999999,468.144
1790629198,352,6,steady,vit_base_image,73,73,76,73.56037151702786,73.56037151702786,125.967
1790629199,353,6,steady,resnet50_image,67,67,66,66.79901619663318,66.79901619663318,176.963
1790629199,353,6,steady,vgg16_image,461,426,431,460.7999999999999,460.7999999999999,468.144
1790629199,353,6,steady,vit_base_image,74,74,76,73.56037151702786,73.56037151702786,125.967
1790629200,354,6,steady,resnet50_image,67,67,67,66.79901619663318,66.79901619663318,176.963
1790629200,354,6,steady,vgg16_image,461,418,416,460.7999999999999,460.7999999999999,468.144
1790629200,354,6,steady,vit_base_image,73,73,76,73.56037151702786,73.56037151702786,125.967
1790629201,355,6,steady,resnet50_image,67,66,68,66.79901619663318,66.79901619663318,176.963
1790629201,355,6,steady,vgg16_image,460,423,432,460.7999999999999,460.7999999999999,468.144
1790629201,355,6,steady,vit_base_image,74,74,76,73.56037151702786,73.56037151702786,125.967
1790629202,356,6,steady,resnet50_image,66,67,66,66.79901619663318,66.79901619663318,176.963
1790629202,356,6,steady,vgg16_image,461,432,432,460.7999999999999,460.7999999999999,468.144
1790629202,356,6,steady,vit_base_image,74,74,76,73.56037151702786,73.56037151702786,125.967
1790629203,357,6,steady,resnet50_image,67,67,66,66.79901619663318,66.79901619663318,176.963
1790629203,357,6,steady,vgg16_image,461,421,416,460.7999999999999,460.7999999999999,468.144
1790629203,357,6,steady,vit_base_image,73,73,76,73.56037151702786,73.56037151702786,125.967
1790629204,358,,,resnet50_image,67,67,68,,,176.963
1790629204,358,,,vgg16_image,461,419,416,,,468.144
1790629204,358,,,vit_base_image,74,74,76,,,125.967
1790629205,359,,,resnet50_image,67,67,65,,,176.963
1790629205,359,,,vgg16_image,461,424,432,,,468.144
1790629205,359,,,vit_base_image,73,73,77,,,125.967
1790629206,360,,,resnet50_image,67,66,68,,,176.963
1790629206,360,,,vgg16_image,460,425,416,,,468.144
1790629206,360,,,vit_base_image,74,74,76,,,125.967
1790629207,361,,,resnet50_image,66,67,67,,,176.963
1790629207,361,,,vgg16_image,461,426,432,,,468.144
1790629207,361,,,vit_base_image,73,73,76,,,125.967
1790629208,362,,,resnet50_image,67,67,67,,,176.963
1790629208,362,,,vgg16_image,461,424,416,,,468.144
1790629208,362,,,vit_base_image,74,74,76,,,125.967
1790629209,363,7,transition,resnet50_image,58,58,58,57.53197095336495,57.53197095336495,176.963
1790629209,363,7,transition,vgg16_image,460,418,416,460.7999999999999,469.7719626168224,468.144
1790629209,363,7,transition,vit_base_image,74,74,76,73.56037151702786,122.60061919504642,125.967
1790629210,364,7,transition,resnet50_image,58,58,57,57.53197095336495,57.53197095336495,176.963
1790629210,364,7,transition,vgg16_image,461,422,432,460.7999999999999,469.7719626168224,468.144
1790629210,364,7,transition,vit_base_image,73,73,76,73.56037151702786,122.60061919504642,125.967
1790629211,365,7,transition,resnet50_image,57,57,57,57.53197095336495,57.53197095336495,176.963
1790629211,365,7,transition,vgg16_image,460,417,416,460.7999999999999,469.7719626168224,468.144
1790629211,365,7,transition,vit_base_image,74,74,76,73.56037151702786,122.60061919504642,125.967
1790629212,366,7,transition,resnet50_image,58,58,59,57.53197095336495,57.53197095336495,176.963
1790629212,366,7,transition,vgg16_image,461,388,384,460.7999999999999,469.7719626168224,468.144
1790629212,366,7,transition,vit_base_image,73,73,71,73.56037151702786,122.60061919504642,125.967
1790629213,367,7,transition,resnet50_image,57,57,57,57.53197095336495,57.53197095336495,176.963
1790629213,367,7,transition,vgg16_image,461,428,432,460.7999999999999,469.7719626168224,468.144
1790629213,367,7,transition,vit_base_image,74,74,77,73.56037151702786,122.60061919504642,125.967
1790629214,368,7,transition,resnet50_image,58,58,58,57.53197095336495,57.53197095336495,176.963
1790629214,368,7,transition,vgg16_image,461,425,416,460.7999999999999,469.7719626168224,468.144
1790629214,368,7,transition,vit_base_image,74,73,76,73.56037151702786,122.60061919504642,125.967
1790629215,369,7,transition,resnet50_image,57,57,57,57.53197095336495,57.53197095336495,176.963
1790629215,369,7,transition,vgg16_image,461,411,432,460.7999999999999,469.7719626168224,468.144
1790629215,369,7,transition,vit_base_image,73,74,77,73.56037151702786,122.60061919504642,125.967
1790629216,370,7,transition,resnet50_image,58,58,58,57.53197095336495,57.53197095336495,176.963
1790629216,370,7,transition,vgg16_image,460,455,448,460.7999999999999,469.7719626168224,468.144
1790629216,370,7,transition,vit_base_image,74,74,74,73.56037151702786,122.60061919504642,89.405
1790629217,371,7,transition,resnet50_image,57,57,57,57.53197095336495,57.53197095336495,176.963
1790629217,371,7,transition,vgg16_image,461,447,448,460.7999999999999,469.7719626168224,468.144
1790629217,371,7,transition,vit_base_image,73,73,73,73.56037151702786,122.60061919504642,89.405
1790629218,372,7,transition,resnet50_image,58,58,57,57.53197095336495,57.53197095336495,176.963
1790629218,372,7,transition,vgg16_image,461,454,448,460.7999999999999,469.7719626168224,468.144
1790629218,372,7,transition,vit_base_image,74,74,75,73.56037151702786,122.60061919504642,89.405
1790629219,373,7,steady,resnet50_image,56,56,57,57.53197095336495,57.53197095336495,176.963
1790629219,373,7,steady,vgg16_image,465,443,448,469.7719626168224,469.7719626168224,468.144
1790629219,373,7,steady,vit_base_image,107,107,93,122.60061919504642,122.60061919504642,89.405
1790629220,374,7,steady,resnet50_image,58,58,57,57.53197095336495,57.53197095336495,176.963
1790629220,374,7,steady,vgg16_image,470,446,448,469.7719626168224,469.7719626168224,468.144
1790629220,374,7,steady,vit_base_image,123,123,111,122.60061919504642,122.60061919504642,89.405
1790629221,375,7,steady,resnet50_image,58,57,59,57.53197095336495,57.53197095336495,176.963
1790629221,375,7,steady,vgg16_image,470,446,448,469.7719626168224,469.7719626168224,468.144
1790629221,375,7,steady,vit_base_image,123,122,115,122.60061919504642,122.60061919504642,89.405
1790629222,376,7,steady,resnet50_image,57,58,54,57.53197095336495,57.53197095336495,176.963
1790629222,376,7,steady,vgg16_image,470,416,416,469.7719626168224,469.7719626168224,468.144
1790629222,376,7,steady,vit_base_image,122,123,108,122.60061919504642,122.60061919504642,89.405
1790629223,377,7,steady,resnet50_image,58,58,61,57.53197095336495,57.53197095336495,176.963
1790629223,377,7,steady,vgg16_image,469,426,416,469.7719626168224,469.7719626168224,468.144
1790629223,377,7,steady,vit_base_image,123,123,136,122.60061919504642,122.60061919504642,89.405
1790629224,378,7,steady,resnet50_image,57,57,57,57.53197095336495,57.53197095336495,176.963
1790629224,378,7,steady,vgg16_image,470,448,448,469.7719626168224,469.7719626168224,468.144
1790629224,378,7,steady,vit_base_image,122,122,123,122.60061919504642,122.60061919504642,89.405
1790629225,379,7,steady,resnet50_image,58,58,57,57.53197095336495,57.53197095336495,176.963
1790629225,379,7,steady,vgg16_image,470,442,448,469.7719626168224,469.7719626168224,468.144
1790629225,379,7,steady,vit_base_image,123,123,96,122.60061919504642,122.60061919504642,89.405
1790629226,380,7,steady,resnet50_image,57,57,58,57.53197095336495,57.53197095336495,176.963
1790629226,380,7,steady,vgg16_image,470,441,448,469.7719626168224,469.7719626168224,468.144
1790629226,380,7,steady,vit_base_image,123,122,128,122.60061919504642,122.60061919504642,89.405
1790629227,381,7,steady,resnet50_image,58,58,57,57.53197095336495,57.53197095336495,176.963
1790629227,381,7,steady,vgg16_image,470,442,448,469.7719626168224,469.7719626168224,468.144
1790629227,381,7,steady,vit_base_image,122,123,128,122.60061919504642,122.60061919504642,89.405
1790629228,382,7,steady,resnet50_image,57,57,58,57.53197095336495,57.53197095336495,176.963
1790629228,382,7,steady,vgg16_image,469,449,448,469.7719626168224,469.7719626168224,468.144
1790629228,382,7,steady,vit_base_image,123,122,128,122.60061919504642,122.60061919504642,89.405
1790629229,383,7,steady,resnet50_image,58,58,58,57.53197095336495,57.53197095336495,176.963
1790629229,383,7,steady,vgg16_image,470,451,448,469.7719626168224,469.7719626168224,468.144
1790629229,383,7,steady,vit_base_image,122,123,96,122.60061919504642,122.60061919504642,89.405
1790629230,384,7,steady,resnet50_image,57,57,58,57.53197095336495,57.53197095336495,176.963
1790629230,384,7,steady,vgg16_image,470,445,447,469.7719626168224,469.7719626168224,468.144
1790629230,384,7,steady,vit_base_image,123,123,128,122.60061919504642,122.60061919504642,89.405
1790629231,385,7,steady,resnet50_image,58,58,57,57.53197095336495,57.53197095336495,176.963
1790629231,385,7,steady,vgg16_image,470,449,449,469.7719626168224,469.7719626168224,468.144
1790629231,385,7,steady,vit_base_image,123,122,128,122.60061919504642,122.60061919504642,89.405
1790629232,386,7,steady,resnet50_image,57,57,57,57.53197095336495,57.53197095336495,176.963
1790629232,386,7,steady,vgg16_image,469,441,416,469.7719626168224,469.7719626168224,468.144
1790629232,386,7,steady,vit_base_image,122,123,128,122.60061919504642,122.60061919504642,89.405
1790629233,387,7,steady,resnet50_image,58,58,58,57.53197095336495,57.53197095336495,176.963
1790629233,387,7,steady,vgg16_image,470,449,460,469.7719626168224,469.7719626168224,468.144
1790629233,387,7,steady,vit_base_image,123,122,96,122.60061919504642,122.60061919504642,89.405
1790629234,388,7,steady,resnet50_image,57,57,57,57.53197095336495,57.53197095336495,176.963
1790629234,388,7,steady,vgg16_image,470,456,468,469.7719626168224,469.7719626168224,468.144
1790629234,388,7,steady,vit_base_image,122,123,128,122.60061919504642,122.60061919504642,89.405
1790629235,389,7,steady,resnet50_image,58,58,57,57.53197095336495,57.53197095336495,176.963
1790629235,389,7,steady,vgg16_image,470,446,448,469.7719626168224,469.7719626168224,468.144
1790629235,389,7,steady,vit_base_image,123,123,128,122.60061919504642,122.60061919504642,89.405
1790629236,390,7,steady,resnet50_image,58,57,58,57.53197095336495,57.53197095336495,176.963
1790629236,390,7,steady,vgg16_image,470,446,448,469.7719626168224,469.7719626168224,468.144
1790629236,390,7,steady,vit_base_image,123,122,128,122.60061919504642,122.60061919504642,89.405
1790629237,391,7,steady,resnet50_image,57,58,58,57.53197095336495,57.53197095336495,176.963
1790629237,391,7,steady,vgg16_image,469,449,448,469.7719626168224,469.7719626168224,468.144
1790629237,391,7,steady,vit_base_image,122,123,96,122.60061919504642,122.60061919504642,89.405
1790629238,392,7,steady,resnet50_image,58,57,57,57.53197095336495,57.53197095336495,176.963
1790629238,392,7,steady,vgg16_image,470,442,431,469.7719626168224,469.7719626168224,468.144
1790629238,392,7,steady,vit_base_image,123,122,128,122.60061919504642,122.60061919504642,89.405
1790629239,393,7,steady,resnet50_image,57,58,57,57.53197095336495,57.53197095336495,176.963
1790629239,393,7,steady,vgg16_image,470,445,433,469.7719626168224,469.7719626168224,468.144
1790629239,393,7,steady,vit_base_image,122,123,128,122.60061919504642,122.60061919504642,89.405
1790629240,394,7,steady,resnet50_image,58,58,59,57.53197095336495,57.53197095336495,176.963
1790629240,394,7,steady,vgg16_image,470,436,448,469.7719626168224,469.7719626168224,468.144
1790629240,394,7,steady,vit_base_image,123,123,128,122.60061919504642,122.60061919504642,89.405
1790629241,395,7,steady,resnet50_image,57,57,57,57.53197095336495,57.53197095336495,176.963
1790629241,395,7,steady,vgg16_image,469,442,448,469.7719626168224,469.7719626168224,468.144
1790629241,395,7,steady,vit_base_image,123,122,96,122.60061919504642,122.60061919504642,89.405
1790629242,396,7,steady,resnet50_image,58,58,57,57.53197095336495,57.53197095336495,176.963
1790629242,396,7,steady,vgg16_image,470,441,448,469.7719626168224,469.7719626168224,468.144
1790629242,396,7,steady,vit_base_image,122,123,128,122.60061919504642,122.60061919504642,89.405
1790629243,397,7,steady,resnet50_image,57,57,58,57.53197095336495,57.53197095336495,176.963
1790629243,397,7,steady,vgg16_image,470,455,448,469.7719626168224,469.7719626168224,468.144
1790629243,397,7,steady,vit_base_image,123,123,128,122.60061919504642,122.60061919504642,89.405
1790629244,398,7,steady,resnet50_image,58,58,58,57.53197095336495,57.53197095336495,176.963
1790629244,398,7,steady,vgg16_image,470,444,448,469.7719626168224,469.7719626168224,468.144
1790629244,398,7,steady,vit_base_image,122,122,120,122.60061919504642,122.60061919504642,89.405
1790629245,399,7,steady,resnet50_image,57,57,58,57.53197095336495,57.53197095336495,176.963
1790629245,399,7,steady,vgg16_image,469,439,416,469.7719626168224,469.7719626168224,468.144
1790629245,399,7,steady,vit_base_image,123,123,104,122.60061919504642,122.60061919504642,89.405
1790629246,400,7,steady,resnet50_image,58,58,56,57.53197095336495,57.53197095336495,176.963
1790629246,400,7,steady,vgg16_image,470,447,448,469.7719626168224,469.7719626168224,468.144
1790629246,400,7,steady,vit_base_image,123,122,128,122.60061919504642,122.60061919504642,89.405
1790629247,401,7,steady,resnet50_image,57,57,59,57.53197095336495,57.53197095336495,176.963
1790629247,401,7,steady,vgg16_image,470,438,448,469.7719626168224,469.7719626168224,468.144
1790629247,401,7,steady,vit_base_image,122,123,128,122.60061919504642,122.60061919504642,89.405
1790629248,402,7,steady,resnet50_image,58,58,57,57.53197095336495,57.53197095336495,176.963
1790629248,402,7,steady,vgg16_image,470,451,448,469.7719626168224,469.7719626168224,468.144
1790629248,402,7,steady,vit_base_image,123,123,128,122.60061919504642,122.60061919504642,89.405
1790629249,403,,,resnet50_image,57,57,57,,,176.963
1790629249,403,,,vgg16_image,470,436,448,,,468.144
1790629249,403,,,vit_base_image,122,122,96,,,89.405
1790629250,404,,,resnet50_image,58,58,58,,,176.963
1790629250,404,,,vgg16_image,469,449,448,,,468.144
1790629250,404,,,vit_base_image,123,123,128,,,89.405
1790629251,405,,,resnet50_image,57,57,58,,,176.963
1790629251,405,,,vgg16_image,470,447,448,,,468.144
1790629251,405,,,vit_base_image,123,122,128,,,89.405
1790629252,406,,,resnet50_image,58,58,56,,,176.963
1790629252,406,,,vgg16_image,470,443,448,,,468.144
1790629252,406,,,vit_base_image,122,122,108,,,89.405
1790629253,407,,,resnet50_image,58,57,59,,,176.963
1790629253,407,,,vgg16_image,470,438,416,,,468.144
1790629253,407,,,vit_base_image,123,123,116,,,89.405
1790629254,408,,,resnet50_image,57,58,57,,,176.963
1790629254,408,,,vgg16_image,397,342,416,,,468.144
1790629254,408,,,vit_base_image,122,123,128,,,89.405
1790629255,409,8,transition,resnet50_image,57,57,57,57.53197095336495,82.23661214667806,176.963
1790629255,409,8,transition,vgg16_image,318,317,448,317.607476635514,317.607476635514,468.144
1790629255,409,8,transition,vit_base_image,123,122,128,122.60061919504642,122.60061919504642,89.405
1790629256,410,8,transition,resnet50_image,58,58,58,57.53197095336495,82.23661214667806,176.963
1790629256,410,8,transition,vgg16_image,317,318,354,317.607476635514,317.607476635514,468.144
1790629256,410,8,transition,vit_base_image,122,123,128,122.60061919504642,122.60061919504642,89.405
1790629257,411,8,transition,resnet50_image,57,57,56,57.53197095336495,82.23661214667806,176.963
1790629257,411,8,transition,vgg16_image,318,318,319,317.607476635514,317.607476635514,468.144
1790629257,411,8,transition,vit_base_image,123,123,96,122.60061919504642,122.60061919504642,89.405
1790629258,412,8,transition,resnet50_image,58,58,59,57.53197095336495,82.23661214667806,176.963
1790629258,412,8,transition,vgg16_image,318,317,308,317.607476635514,317.607476635514,468.144
1790629258,412,8,transition,vit_base_image,122,122,128,122.60061919504642,122.60061919504642,89.405
1790629259,413,8,transition,resnet50_image,57,57,58,57.53197095336495,82.23661214667806,176.963
1790629259,413,8,transition,vgg16_image,317,318,322,317.607476635514,317.607476635514,468.144
1790629259,413,8,transition,vit_base_image,123,123,128,122.60061919504642,122.60061919504642,89.405
1790629260,414,8,transition,resnet50_image,58,36,34,57.53197095336495,82.23661214667806,176.963
1790629260,414,8,transition,vgg16_image,318,195,194,317.607476635514,317.607476635514,468.144
1790629260,414,8,transition,vit_base_image,123,75,64,122.60061919504642,122.60061919504642,89.405
1790629261,415,8,transition,resnet50_image,57,79,80,57.53197095336495,82.23661214667806,176.963
1790629261,415,8,transition,vgg16_image,317,323,107,317.607476635514,317.607476635514,468.144
1790629261,415,8,transition,vit_base_image,122,170,177,122.60061919504642,122.60061919504642,89.405
1790629262,416,8,transition,resnet50_image,58,58,58,57.53197095336495,82.23661214667806,176.963
1790629262,416,8,transition,vgg16_image,318,299,276,317.607476635514,317.607476635514,489.336
1790629262,416,8,transition,vit_base_image,123,123,128,122.60061919504642,122.60061919504642,125.967
1790629263,417,8,transition,resnet50_image,62,62,60,57.53197095336495,82.23661214667806,176.963
1790629263,417,8,transition,vgg16_image,316,275,275,317.607476635514,317.607476635514,489.336
1790629263,417,8,transition,vit_base_image,122,122,128,122.60061919504642,122.60061919504642,125.967
1790629264,418,8,steady,resnet50_image,82,82,83,82.23661214667806,82.23661214667806,176.963
1790629264,418,8,steady,vgg16_image,318,285,285,317.607476635514,317.607476635514,489.336
1790629264,418,8,steady,vit_base_image,123,122,128,122.60061919504642,122.60061919504642,125.967
1790629265,419,8,steady,resnet50_image,82,82,83,82.23661214667806,82.23661214667806,176.963
1790629265,419,8,steady,vgg16_image,318,283,284,317.607476635514,317.607476635514,489.336
1790629265,419,8,steady,vit_base_image,122,123,96,122.60061919504642,122.60061919504642,125.967
1790629266,420,8,steady,resnet50_image,83,82,80,82.23661214667806,82.23661214667806,176.963
1790629266,420,8,steady,vgg16_image,317,285,284,317.607476635514,317.607476635514,489.336
1790629266,420,8,steady,vit_base_image,123,123,128,122.60061919504642,122.60061919504642,125.967
1790629267,421,8,steady,resnet50_image,82,83,84,82.23661214667806,82.23661214667806,176.963
1790629267,421,8,steady,vgg16_image,318,256,256,317.607476635514,317.607476635514,489.336
1790629267,421,8,steady,vit_base_image,122,122,128,122.60061919504642,122.60061919504642,125.967
1790629268,422,8,steady,resnet50_image,82,82,82,82.23661214667806,82.23661214667806,176.963
1790629268,422,8,steady,vgg16_image,318,289,288,317.607476635514,317.607476635514,489.336
1790629268,422,8,steady,vit_base_image,123,123,128,122.60061919504642,122.60061919504642,125.967
1790629269,423,8,steady,resnet50_image,82,82,82,82.23661214667806,82.23661214667806,176.963
1790629269,423,8,steady,vgg16_image,317,284,284,317.607476635514,317.607476635514,489.336
1790629269,423,8,steady,vit_base_image,123,122,128,122.60061919504642,122.60061919504642,125.967
1790629270,424,8,steady,resnet50_image,82,82,82,82.23661214667806,82.23661214667806,176.963
1790629270,424,8,steady,vgg16_image,318,286,288,317.607476635514,317.607476635514,489.336
1790629270,424,8,steady,vit_base_image,122,123,96,122.60061919504642,122.60061919504642,125.967
1790629271,425,8,steady,resnet50_image,83,83,84,82.23661214667806,82.23661214667806,176.963
1790629271,425,8,steady,vgg16_image,317,281,280,317.607476635514,317.607476635514,489.336
1790629271,425,8,steady,vit_base_image,123,123,128,122.60061919504642,122.60061919504642,125.967
1790629272,426,8,steady,resnet50_image,82,82,82,82.23661214667806,82.23661214667806,176.963
1790629272,426,8,steady,vgg16_image,318,284,284,317.607476635514,317.607476635514,489.336
1790629272,426,8,steady,vit_base_image,122,122,128,122.60061919504642,122.60061919504642,125.967
1790629273,427,8,steady,resnet50_image,82,82,81,82.23661214667806,82.23661214667806,176.963
1790629273,427,8,steady,vgg16_image,318,287,288,317.607476635514,317.607476635514,489.336
1790629273,427,8,steady,vit_base_image,123,123,128,122.60061919504642,122.60061919504642,125.967
1790629274,428,8,steady,resnet50_image,82,82,82,82.23661214667806,82.23661214667806,176.963
1790629274,428,8,steady,vgg16_image,317,287,284,317.607476635514,317.607476635514,489.336
1790629274,428,8,steady,vit_base_image,123,123,128,122.60061919504642,122.60061919504642,125.967
1790629275,429,8,steady,resnet50_image,83,82,82,82.23661214667806,82.23661214667806,176.963
1790629275,429,8,steady,vgg16_image,318,291,292,317.607476635514,317.607476635514,489.336
1790629275,429,8,steady,vit_base_image,122,121,125,122.60061919504642,122.60061919504642,125.967
1790629276,430,8,steady,resnet50_image,82,83,83,82.23661214667806,82.23661214667806,176.963
1790629276,430,8,steady,vgg16_image,317,279,280,317.607476635514,317.607476635514,489.336
1790629276,430,8,steady,vit_base_image,123,124,99,122.60061919504642,122.60061919504642,125.967
1790629277,431,8,steady,resnet50_image,82,82,82,82.23661214667806,82.23661214667806,176.963
1790629277,431,8,steady,vgg16_image,318,288,288,317.607476635514,317.607476635514,489.336
1790629277,431,8,steady,vit_base_image,122,122,128,122.60061919504642,122.60061919504642,125.967
1790629278,432,8,steady,resnet50_image,82,82,82,82.23661214667806,82.23661214667806,176.963
1790629278,432,8,steady,vgg16_image,318,286,288,317.607476635514,317.607476635514,489.336
1790629278,432,8,steady,vit_base_image,123,123,128,122.60061919504642,122.60061919504642,125.967
1790629279,433,8,steady,resnet50_image,83,82,82,82.23661214667806,82.23661214667806,176.963
1790629279,433,8,steady,vgg16_image,317,289,288,317.607476635514,317.607476635514,489.336
1790629279,433,8,steady,vit_base_image,123,122,128,122.60061919504642,122.60061919504642,125.967
1790629280,434,8,steady,resnet50_image,82,83,82,82.23661214667806,82.23661214667806,176.963
1790629280,434,8,steady,vgg16_image,318,289,288,317.607476635514,317.607476635514,489.336
1790629280,434,8,steady,vit_base_image,122,123,128,122.60061919504642,122.60061919504642,125.967
1790629281,435,8,steady,resnet50_image,82,82,83,82.23661214667806,82.23661214667806,176.963
1790629281,435,8,steady,vgg16_image,317,282,284,317.607476635514,317.607476635514,489.336
1790629281,435,8,steady,vit_base_image,123,123,96,122.60061919504642,122.60061919504642,125.967
1790629282,436,8,steady,resnet50_image,82,82,82,82.23661214667806,82.23661214667806,176.963
1790629282,436,8,steady,vgg16_image,318,282,280,317.607476635514,317.607476635514,489.336
1790629282,436,8,steady,vit_base_image,122,122,128,122.60061919504642,122.60061919504642,125.967
1790629283,437,8,steady,resnet50_image,83,82,83,82.23661214667806,82.23661214667806,176.963
1790629283,437,8,steady,vgg16_image,318,290,289,317.607476635514,317.607476635514,489.336
1790629283,437,8,steady,vit_base_image,123,123,128,122.60061919504642,122.60061919504642,125.967
1790629284,438,8,steady,resnet50_image,82,83,82,82.23661214667806,82.23661214667806,176.963
1790629284,438,8,steady,vgg16_image,317,291,291,317.607476635514,317.607476635514,489.336
1790629284,438,8,steady,vit_base_image,123,123,128,122.60061919504642,122.60061919504642,125.967
1790629285,439,8,steady,resnet50_image,82,82,83,82.23661214667806,82.23661214667806,176.963
1790629285,439,8,steady,vgg16_image,318,288,288,317.607476635514,317.607476635514,489.336
1790629285,439,8,steady,vit_base_image,122,122,128,122.60061919504642,122.60061919504642,125.967
1790629286,440,8,steady,resnet50_image,82,82,82,82.23661214667806,82.23661214667806,176.963
1790629286,440,8,steady,vgg16_image,317,287,288,317.607476635514,317.607476635514,489.336
1790629286,440,8,steady,vit_base_image,123,123,96,122.60061919504642,122.60061919504642,125.967
1790629287,441,8,steady,resnet50_image,82,82,82,82.23661214667806,82.23661214667806,176.963
1790629287,441,8,steady,vgg16_image,318,290,288,317.607476635514,317.607476635514,489.336
1790629287,441,8,steady,vit_base_image,122,122,128,122.60061919504642,122.60061919504642,125.967
1790629288,442,8,steady,resnet50_image,83,83,81,82.23661214667806,82.23661214667806,176.963
1790629288,442,8,steady,vgg16_image,318,291,292,317.607476635514,317.607476635514,489.336
1790629288,442,8,steady,vit_base_image,123,123,128,122.60061919504642,122.60061919504642,125.967
1790629289,443,8,steady,resnet50_image,82,82,84,82.23661214667806,82.23661214667806,176.963
1790629289,443,8,steady,vgg16_image,317,287,288,317.607476635514,317.607476635514,489.336
1790629289,443,8,steady,vit_base_image,123,123,128,122.60061919504642,122.60061919504642,125.967
1790629290,444,8,steady,resnet50_image,82,82,81,82.23661214667806,82.23661214667806,176.963
1790629290,444,8,steady,vgg16_image,318,289,288,317.607476635514,317.607476635514,489.336
1790629290,444,8,steady,vit_base_image,122,122,128,122.60061919504642,122.60061919504642,125.967
1790629291,445,8,steady,resnet50_image,82,82,82,82.23661214667806,82.23661214667806,176.963
1790629291,445,8,steady,vgg16_image,317,287,288,317.607476635514,317.607476635514,489.336
1790629291,445,8,steady,vit_base_image,123,123,122,122.60061919504642,122.60061919504642,125.967
1790629292,446,8,steady,resnet50_image,83,82,81,82.23661214667806,82.23661214667806,176.963
1790629292,446,8,steady,vgg16_image,318,286,288,317.607476635514,317.607476635514,489.336
1790629292,446,8,steady,vit_base_image,122,122,102,122.60061919504642,122.60061919504642,125.967
1790629293,447,8,steady,resnet50_image,82,83,85,82.23661214667806,82.23661214667806,176.963
1790629293,447,8,steady,vgg16_image,318,288,284,317.607476635514,317.607476635514,489.336
1790629293,447,8,steady,vit_base_image,123,123,128,122.60061919504642,122.60061919504642,125.967
1790629294,448,,,resnet50_image,82,82,82,,,176.963
1790629294,448,,,vgg16_image,317,288,288,,,489.336
1790629294,448,,,vit_base_image,123,122,128,,,125.967
1790629295,449,,,resnet50_image,82,82,82,,,176.963
1790629295,449,,,vgg16_image,318,290,292,,,489.336
1790629295,449,,,vit_base_image,122,123,128,,,125.967
1790629296,450,,,resnet50_image,83,82,81,,,176.963
1790629296,450,,,vgg16_image,318,237,236,,,489.336
1790629296,450,,,vit_base_image,123,123,96,,,125.967
1790629297,451,,,resnet50_image,82,83,82,,,176.963
1790629297,451,,,vgg16_image,317,292,292,,,489.336
1790629297,451,,,vit_base_image,122,122,128,,,125.967
1790629298,452,,,resnet50_image,82,82,81,,,176.963
1790629298,452,,,vgg16_image,318,287,292,,,489.336
1790629298,452,,,vit_base_image,123,123,128,,,125.967
1790629299,453,9,transition,resnet50_image,82,81,84,82.23661214667806,100.61363406976928,176.963
1790629299,453,9,transition,vgg16_image,316,289,284,317.607476635514,474.79626168224297,489.336
1790629299,453,9,transition,vit_base_image,122,122,128,122.60061919504642,122.60061919504642,125.967
1790629300,454,9,transition,resnet50_image,82,83,82,82.23661214667806,100.61363406976928,176.963
1790629300,454,9,transition,vgg16_image,318,289,289,317.607476635514,474.79626168224297,489.336
1790629300,454,9,transition,vit_base_image,123,123,119,122.60061919504642,122.60061919504642,125.967
1790629301,455,9,transition,resnet50_image,82,82,81,82.23661214667806,100.61363406976928,176.963
1790629301,455,9,transition,vgg16_image,318,291,291,317.607476635514,474.79626168224297,489.336
1790629301,455,9,transition,vit_base_image,123,123,105,122.60061919504642,122.60061919504642,125.967
1790629302,456,9,transition,resnet50_image,82,82,83,82.23661214667806,100.61363406976928,176.963
1790629302,456,9,transition,vgg16_image,317,293,292,317.607476635514,474.79626168224297,489.336
1790629302,456,9,transition,vit_base_image,122,122,128,122.60061919504642,122.60061919504642,125.967
1790629303,457,9,transition,resnet50_image,82,82,81,82.23661214667806,100.61363406976928,176.963
1790629303,457,9,transition,vgg16_image,318,293,296,317.607476635514,474.79626168224297,489.336
1790629303,457,9,transition,vit_base_image,123,123,128,122.60061919504642,122.60061919504642,125.967
1790629304,458,9,transition,resnet50_image,83,83,83,82.23661214667806,100.61363406976928,176.963
1790629304,458,9,transition,vgg16_image,317,288,288,317.607476635514,474.79626168224297,489.336
1790629304,458,9,transition,vit_base_image,123,122,128,122.60061919504642,122.60061919504642,125.967
1790629305,459,9,transition,resnet50_image,82,82,83,82.23661214667806,100.61363406976928,176.963
1790629305,459,9,transition,vgg16_image,318,280,308,317.607476635514,474.79626168224297,489.336
1790629305,459,9,transition,vit_base_image,122,123,128,122.60061919504642,122.60061919504642,125.967
1790629306,460,9,transition,resnet50_image,82,82,82,82.23661214667806,100.61363406976928,176.963
1790629306,460,9,transition,vgg16_image,318,315,463,317.607476635514,474.79626168224297,344.972
1790629306,460,9,transition,vit_base_image,123,123,96,122.60061919504642,122.60061919504642,125.967
1790629307,461,9,transition,resnet50_image,82,82,82,82.23661214667806,100.61363406976928,176.963
1790629307,461,9,transition,vgg16_image,317,320,385,317.607476635514,474.79626168224297,344.972
1790629307,461,9,transition,vit_base_image,122,122,128,122.60061919504642,122.60061919504642,125.967
1790629308,462,9,transition,resnet50_image,83,83,83,82.23661214667806,100.61363406976928,176.963
1790629308,462,9,transition,vgg16_image,318,317,320,317.607476635514,474.79626168224297,344.972
1790629308,462,9,transition,vit_base_image,123,123,128,122.60061919504642,122.60061919504642,125.967
1790629309,463,9,transition,resnet50_image,82,82,82,82.23661214667806,100.61363406976928,176.963
1790629309,463,9,transition,vgg16_image,317,318,321,317.607476635514,474.79626168224297,344.972
1790629309,463,9,transition,vit_base_image,123,122,128,122.60061919504642,122.60061919504642,125.967
1790629310,464,9,transition,resnet50_image,82,82,82,82.23661214667806,100.61363406976928,176.963
1790629310,464,9,transition,vgg16_image,318,317,315,317.607476635514,474.79626168224297,344.972
1790629310,464,9,transition,vit_base_image,122,123,96,122.60061919504642,122.60061919504642,125.967
1790629311,465,9,transition,resnet50_image,82,82,83,82.23661214667806,100.61363406976928,176.963
1790629311,465,9,transition,vgg16_image,318,318,317,317.607476635514,474.79626168224297,344.972
1790629311,465,9,transition,vit_base_image,123,123,128,122.60061919504642,122.60061919504642,125.967
1790629312,466,9,transition,resnet50_image,83,83,82,82.23661214667806,100.61363406976928,176.963
1790629312,466,9,transition,vgg16_image,317,318,271,317.607476635514,474.79626168224297,344.972
1790629312,466,9,transition,vit_base_image,122,122,128,122.60061919504642,122.60061919504642,125.967
1790629313,467,9,transition,resnet50_image,82,82,82,82.23661214667806,100.61363406976928,176.963
1790629313,467,9,transition,vgg16_image,318,317,362,317.607476635514,474.79626168224297,344.972
1790629313,467,9,transition,vit_base_image,123,123,96,122.60061919504642,122.60061919504642,125.967
1790629314,468,9,transition,resnet50_image,82,82,81,82.23661214667806,100.61363406976928,176.963
1790629314,468,9,transition,vgg16_image,318,318,321,317.607476635514,474.79626168224297,344.972
1790629314,468,9,transition,vit_base_image,123,122,128,122.60061919504642,122.60061919504642,125.967
1790629315,469,9,transition,resnet50_image,82,82,82,82.23661214667806,100.61363406976928,176.963
1790629315,469,9,transition,vgg16_image,317,318,316,317.607476635514,474.79626168224297,344.972
1790629315,469,9,transition,vit_base_image,122,123,128,122.60061919504642,122.60061919504642,125.967
1790629316,470,9,transition,resnet50_image,83,82,83,82.23661214667806,100.61363406976928,176.963
1790629316,470,9,transition,vgg16_image,318,317,316,317.607476635514,474.79626168224297,344.972
1790629316,470,9,transition,vit_base_image,123,123,128,122.60061919504642,122.60061919504642,125.967
1790629317,471,9,transition,resnet50_image,82,83,82,82.23661214667806,100.61363406976928,176.963
1790629317,471,9,transition,vgg16_image,317,318,321,317.607476635514,474.79626168224297,344.972
1790629317,471,9,transition,vit_base_image,122,122,128,122.60061919504642,122.60061919504642,125.967
1790629318,472,9,transition,resnet50_image,82,82,83,82.23661214667806,100.61363406976928,176.963
1790629318,472,9,transition,vgg16_image,318,317,315,317.607476635514,474.79626168224297,344.972
1790629318,472,9,transition,vit_base_image,123,123,96,122.60061919504642,122.60061919504642,125.967
1790629319,473,9,transition,resnet50_image,82,82,83,82.23661214667806,100.61363406976928,176.963
1790629319,473,9,transition,vgg16_image,318,318,320,317.607476635514,474.79626168224297,344.972
1790629319,473,9,transition,vit_base_image,123,122,128,122.60061919504642,122.60061919504642,125.967
1790629320,474,9,transition,resnet50_image,82,82,80,82.23661214667806,100.61363406976928,176.963
1790629320,474,9,transition,vgg16_image,317,318,319,317.607476635514,474.79626168224297,344.972
1790629320,474,9,transition,vit_base_image,122,123,128,122.60061919504642,122.60061919504642,125.967
1790629321,475,9,transition,resnet50_image,83,83,83,82.23661214667806,100.61363406976928,176.963
1790629321,475,9,transition,vgg16_image,318,318,317,317.607476635514,474.79626168224297,344.972
1790629321,475,9,transition,vit_base_image,123,122,128,122.60061919504642,122.60061919504642,125.967
1790629322,476,9,transition,resnet50_image,82,82,83,82.23661214667806,100.61363406976928,176.963
1790629322,476,9,transition,vgg16_image,317,317,315,317.607476635514,474.79626168224297,344.972
1790629322,476,9,transition,vit_base_image,122,123,128,122.60061919504642,122.60061919504642,125.967
1790629323,477,9,transition,resnet50_image,82,82,82,82.23661214667806,100.61363406976928,176.963
1790629323,477,9,transition,vgg16_image,318,318,317,317.607476635514,474.79626168224297,344.972
1790629323,477,9,transition,vit_base_image,123,123,96,122.60061919504642,122.60061919504642,125.967
1790629324,478,9,transition,resnet50_image,82,82,73,82.23661214667806,100.61363406976928,176.963
1790629324,478,9,transition,vgg16_image,318,317,279,317.607476635514,474.79626168224297,344.972
1790629324,478,9,transition,vit_base_image,123,122,128,122.60061919504642,122.60061919504642,125.967
1790629325,479,9,transition,resnet50_image,83,83,92,82.23661214667806,100.61363406976928,176.963
1790629325,479,9,transition,vgg16_image,317,318,359,317.607476635514,474.79626168224297,344.972
1790629325,479,9,transition,vit_base_image,122,123,128,122.60061919504642,122.60061919504642,125.967
1790629326,480,9,transition,resnet50_image,82,82,83,82.23661214667806,100.61363406976928,176.963
1790629326,480,9,transition,vgg16_image,318,317,317,317.607476635514,474.79626168224297,344.972
1790629326,480,9,transition,vit_base_image,123,123,128,122.60061919504642,122.60061919504642,125.967
1790629327,481,9,transition,resnet50_image,82,82,80,82.23661214667806,100.61363406976928,176.963
1790629327,481,9,transition,vgg16_image,317,318,317,317.607476635514,474.79626168224297,344.972
1790629327,481,9,transition,vit_base_image,122,122,128,122.60061919504642,122.60061919504642,125.967
1790629328,482,9,transition,resnet50_image,82,82,83,82.23661214667806,100.61363406976928,176.963
1790629328,482,9,transition,vgg16_image,317,317,315,317.607476635514,474.79626168224297,344.972
1790629328,482,9,transition,vit_base_image,123,122,96,122.60061919504642,122.60061919504642,125.967
1790629329,483,9,steady,resnet50_image,100,100,99,100.61363406976928,100.61363406976928,176.963
1790629329,483,9,steady,vgg16_image,475,473,402,474.79626168224297,474.79626168224297,344.972
1790629329,483,9,steady,vit_base_image,122,122,128,122.60061919504642,122.60061919504642,125.967
1790629330,484,9,steady,resnet50_image,101,101,100,100.61363406976928,100.61363406976928,176.963
1790629330,484,9,steady,vgg16_image,475,477,428,474.79626168224297,474.79626168224297,344.972
1790629330,484,9,steady,vit_base_image,123,124,128,122.60061919504642,122.60061919504642,125.967
1790629331,485,9,steady,resnet50_image,101,100,102,100.61363406976928,100.61363406976928,176.963
1790629331,485,9,steady,vgg16_image,475,474,447,474.79626168224297,474.79626168224297,344.972
1790629331,485,9,steady,vit_base_image,122,122,128,122.60061919504642,122.60061919504642,125.967
1790629332,486,9,steady,resnet50_image,100,101,101,100.61363406976928,100.61363406976928,176.963
1790629332,486,9,steady,vgg16_image,475,463,384,474.79626168224297,474.79626168224297,344.972
1790629332,486,9,steady,vit_base_image,123,123,96,122.60061919504642,122.60061919504642,125.967
1790629333,487,9,steady,resnet50_image,101,101,100,100.61363406976928,100.61363406976928,176.963
1790629333,487,9,steady,vgg16_image,474,456,448,474.79626168224297,474.79626168224297,344.972
1790629333,487,9,steady,vit_base_image,123,122,128,122.60061919504642,122.60061919504642,125.967
1790629334,488,9,steady,resnet50_image,100,100,101,100.61363406976928,100.61363406976928,176.963
1790629334,488,9,steady,vgg16_image,475,455,448,474.79626168224297,474.79626168224297,344.972
1790629334,488,9,steady,vit_base_image,122,123,96,122.60061919504642,122.60061919504642,125.967
1790629335,489,9,steady,resnet50_image,101,101,101,100.61363406976928,100.61363406976928,176.963
1790629335,489,9,steady,vgg16_image,475,452,451,474.79626168224297,474.79626168224297,344.972
1790629335,489,9,steady,vit_base_image,123,119,128,122.60061919504642,122.60061919504642,125.967
1790629336,490,9,steady,resnet50_image,101,100,100,100.61363406976928,100.61363406976928,176.963
1790629336,490,9,steady,vgg16_image,475,458,477,474.79626168224297,474.79626168224297,344.972
1790629336,490,9,steady,vit_base_image,122,118,128,122.60061919504642,122.60061919504642,125.967
1790629337,491,9,steady,resnet50_image,100,101,100,100.61363406976928,100.61363406976928,176.963
1790629337,491,9,steady,vgg16_image,475,453,448,474.79626168224297,474.79626168224297,344.972
1790629337,491,9,steady,vit_base_image,123,118,128,122.60061919504642,122.60061919504642,125.967
1790629338,492,9,steady,resnet50_image,101,101,101,100.61363406976928,100.61363406976928,176.963
1790629338,492,9,steady,vgg16_image,474,460,448,474.79626168224297,474.79626168224297,344.972
1790629338,492,9,steady,vit_base_image,123,119,96,122.60061919504642,122.60061919504642,125.967
1790629339,493,9,steady,resnet50_image,100,100,100,100.61363406976928,100.61363406976928,176.963
1790629339,493,9,steady,vgg16_image,475,421,416,474.79626168224297,474.79626168224297,344.972
1790629339,493,9,steady,vit_base_image,122,117,128,122.60061919504642,122.60061919504642,125.967
1790629340,494,9,steady,resnet50_image,101,101,102,100.61363406976928,100.61363406976928,176.963
1790629340,494,9,steady,vgg16_image,475,456,480,474.79626168224297,474.79626168224297,344.972
1790629340,494,9,steady,vit_base_image,123,120,128,122.60061919504642,122.60061919504642,125.967
1790629341,495,9,steady,resnet50_image,101,101,99,100.61363406976928,100.61363406976928,176.963
1790629341,495,9,steady,vgg16_image,475,458,448,474.79626168224297,474.79626168224297,344.972
1790629341,495,9,steady,vit_base_image,122,119,96,122.60061919504642,122.60061919504642,125.967
1790629342,496,9,steady,resnet50_image,100,100,45,100.61363406976928,100.61363406976928,176.963
1790629342,496,9,steady,vgg16_image,475,291,284,474.79626168224297,474.79626168224297,344.972
1790629342,496,9,steady,vit_base_image,123,121,128,122.60061919504642,122.60061919504642,125.967
1790629343,497,9,steady,resnet50_image,101,101,156,100.61363406976928,100.61363406976928,176.963
1790629343,497,9,steady,vgg16_image,474,454,448,474.79626168224297,474.79626168224297,344.972
1790629343,497,9,steady,vit_base_image,123,116,128,122.60061919504642,122.60061919504642,125.967
1790629344,498,9,steady,resnet50_image,101,100,101,100.61363406976928,100.61363406976928,176.963
1790629344,498,9,steady,vgg16_image,475,453,480,474.79626168224297,474.79626168224297,344.972
1790629344,498,9,steady,vit_base_image,122,118,96,122.60061919504642,122.60061919504642,125.967
1790629345,499,9,steady,resnet50_image,100,101,101,100.61363406976928,100.61363406976928,176.963
1790629345,499,9,steady,vgg16_image,475,454,448,474.79626168224297,474.79626168224297,344.972
1790629345,499,9,steady,vit_base_image,123,118,128,122.60061919504642,122.60061919504642,125.967
1790629346,500,9,steady,resnet50_image,101,101,100,100.61363406976928,100.61363406976928,176.963
1790629346,500,9,steady,vgg16_image,475,452,448,474.79626168224297,474.79626168224297,344.972
1790629346,500,9,steady,vit_base_image,122,115,128,122.60061919504642,122.60061919504642,125.967
1790629347,501,9,steady,resnet50_image,100,100,100,100.61363406976928,100.61363406976928,176.963
1790629347,501,9,steady,vgg16_image,475,449,448,474.79626168224297,474.79626168224297,344.972
1790629347,501,9,steady,vit_base_image,123,119,96,122.60061919504642,122.60061919504642,125.967
1790629348,502,9,steady,resnet50_image,101,101,101,100.61363406976928,100.61363406976928,176.963
1790629348,502,9,steady,vgg16_image,474,454,448,474.79626168224297,474.79626168224297,344.972
1790629348,502,9,steady,vit_base_image,123,118,128,122.60061919504642,122.60061919504642,125.967
1790629349,503,9,steady,resnet50_image,101,101,101,100.61363406976928,100.61363406976928,176.963
1790629349,503,9,steady,vgg16_image,475,458,448,474.79626168224297,474.79626168224297,344.972
1790629349,503,9,steady,vit_base_image,122,119,128,122.60061919504642,122.60061919504642,125.967
1790629350,504,9,steady,resnet50_image,100,100,101,100.61363406976928,100.61363406976928,176.963
1790629350,504,9,steady,vgg16_image,475,451,477,474.79626168224297,474.79626168224297,344.972
1790629350,504,9,steady,vit_base_image,123,119,128,122.60061919504642,122.60061919504642,125.967
1790629351,505,9,steady,resnet50_image,101,101,101,100.61363406976928,100.61363406976928,176.963
1790629351,505,9,steady,vgg16_image,475,456,451,474.79626168224297,474.79626168224297,344.972
1790629351,505,9,steady,vit_base_image,122,119,96,122.60061919504642,122.60061919504642,125.967
1790629352,506,9,steady,resnet50_image,100,100,101,100.61363406976928,100.61363406976928,176.963
1790629352,506,9,steady,vgg16_image,475,456,448,474.79626168224297,474.79626168224297,344.972
1790629352,506,9,steady,vit_base_image,123,119,128,122.60061919504642,122.60061919504642,125.967
1790629353,507,9,steady,resnet50_image,101,101,101,100.61363406976928,100.61363406976928,176.963
1790629353,507,9,steady,vgg16_image,474,450,448,474.79626168224297,474.79626168224297,344.972
1790629353,507,9,steady,vit_base_image,123,119,128,122.60061919504642,122.60061919504642,125.967
1790629354,508,9,steady,resnet50_image,101,101,98,100.61363406976928,100.61363406976928,176.963
1790629354,508,9,steady,vgg16_image,475,453,448,474.79626168224297,474.79626168224297,344.972
1790629354,508,9,steady,vit_base_image,122,118,96,122.60061919504642,122.60061919504642,125.967
1790629355,509,9,steady,resnet50_image,100,100,102,100.61363406976928,100.61363406976928,176.963
1790629355,509,9,steady,vgg16_image,475,455,448,474.79626168224297,474.79626168224297,344.972
1790629355,509,9,steady,vit_base_image,123,117,128,122.60061919504642,122.60061919504642,125.967
1790629356,510,9,steady,resnet50_image,101,100,101,100.61363406976928,100.61363406976928,176.963
1790629356,510,9,steady,vgg16_image,475,449,457,474.79626168224297,474.79626168224297,344.972
1790629356,510,9,steady,vit_base_image,122,116,128,122.60061919504642,122.60061919504642,125.967
1790629357,511,9,steady,resnet50_image,101,101,101,100.61363406976928,100.61363406976928,176.963
1790629357,511,9,steady,vgg16_image,475,454,471,474.79626168224297,474.79626168224297,344.972
1790629357,511,9,steady,vit_base_image,123,119,96,122.60061919504642,122.60061919504642,125.967
1790629358,512,9,steady,resnet50_image,100,101,101,100.61363406976928,100.61363406976928,176.963
1790629358,512,9,steady,vgg16_image,474,453,448,474.79626168224297,474.79626168224297,344.972
1790629358,512,9,steady,vit_base_image,123,116,128,122.60061919504642,122.60061919504642,125.967
1790629359,513,,,resnet50_image,101,101,101,,,176.963
1790629359,513,,,vgg16_image,475,457,448,,,344.972
1790629359,513,,,vit_base_image,122,117,128,,,125.967
1790629360,514,,,resnet50_image,100,100,98,,,176.963
1790629360,514,,,vgg16_image,475,459,448,,,344.972
1790629360,514,,,vit_base_image,123,120,96,,,125.967
1790629361,515,,,resnet50_image,101,101,101,,,176.963
1790629361,515,,,vgg16_image,475,455,480,,,344.972
1790629361,515,,,vit_base_image,122,119,128,,,125.967
1790629362,516,,,resnet50_image,101,101,102,,,176.963
1790629362,516,,,vgg16_image,475,392,384,,,344.972
1790629362,516,,,vit_base_image,123,114,128,,,125.967
1790629363,517,,,resnet50_image,100,100,101,,,176.963
1790629363,517,,,vgg16_image,474,456,448,,,344.972
1790629363,517,,,vit_base_image,123,119,96,,,125.967
1790629364,518,10,transition,resnet50_image,100,100,99,100.61363406976928,109.74604911579873,176.963
1790629364,518,10,transition,vgg16_image,453,437,448,444.6504672897196,444.6504672897196,344.972
1790629364,518,10,transition,vit_base_image,89,89,128,73.56037151702786,73.56037151702786,125.967
1790629365,519,10,transition,resnet50_image,100,100,100,100.61363406976928,109.74604911579873,176.963
1790629365,519,10,transition,vgg16_image,445,436,448,444.6504672897196,444.6504672897196,344.972
1790629365,519,10,transition,vit_base_image,74,74,128,73.56037151702786,73.56037151702786,125.967
1790629366,520,10,transition,resnet50_image,101,101,101,100.61363406976928,109.74604911579873,176.963
1790629366,520,10,transition,vgg16_image,445,439,416,444.6504672897196,444.6504672897196,344.972
1790629366,520,10,transition,vit_base_image,73,73,128,73.56037151702786,73.56037151702786,125.967
1790629367,521,10,transition,resnet50_image,101,101,101,100.61363406976928,109.74604911579873,176.963
1790629367,521,10,transition,vgg16_image,444,443,448,444.6504672897196,444.6504672897196,344.972
1790629367,521,10,transition,vit_base_image,74,74,96,73.56037151702786,73.56037151702786,125.967
1790629368,522,10,transition,resnet50_image,100,100,101,100.61363406976928,109.74604911579873,176.963
1790629368,522,10,transition,vgg16_image,445,442,448,444.6504672897196,444.6504672897196,344.972
1790629368,522,10,transition,vit_base_image,73,73,128,73.56037151702786,73.56037151702786,125.967
1790629369,523,10,transition,resnet50_image,101,101,101,100.61363406976928,109.74604911579873,176.963
1790629369,523,10,transition,vgg16_image,445,432,416,444.6504672897196,444.6504672897196,344.972
1790629369,523,10,transition,vit_base_image,74,74,103,73.56037151702786,73.56037151702786,125.967
1790629370,524,10,transition,resnet50_image,101,100,100,100.61363406976928,109.74604911579873,176.963
1790629370,524,10,transition,vgg16_image,444,442,448,444.6504672897196,444.6504672897196,344.972
1790629370,524,10,transition,vit_base_image,74,73,74,73.56037151702786,73.56037151702786,125.967
1790629371,525,10,transition,resnet50_image,100,101,100,100.61363406976928,109.74604911579873,176.963
1790629371,525,10,transition,vgg16_image,445,417,416,444.6504672897196,444.6504672897196,489.336
1790629371,525,10,transition,vit_base_image,73,74,74,73.56037151702786,73.56037151702786,125.967
1790629372,526,10,transition,resnet50_image,101,96,98,100.61363406976928,109.74604911579873,176.963
1790629372,526,10,transition,vgg16_image,445,391,393,444.6504672897196,444.6504672897196,489.336
1790629372,526,10,transition,vit_base_image,74,70,69,73.56037151702786,73.56037151702786,125.967
1790629373,527,10,transition,resnet50_image,100,105,104,100.61363406976928,109.74604911579873,176.963
1790629373,527,10,transition,vgg16_image,444,411,407,444.6504672897196,444.6504672897196,489.336
1790629373,527,10,transition,vit_base_image,73,77,75,73.56037151702786,73.56037151702786,125.967
1790629374,528,10,transition,resnet50_image,101,101,101,100.61363406976928,109.74604911579873,176.963
1790629374,528,10,transition,vgg16_image,445,418,416,444.6504672897196,444.6504672897196,489.336
1790629374,528,10,transition,vit_base_image,74,74,76,73.56037151702786,73.56037151702786,125.967
1790629375,529,10,transition,resnet50_image,101,101,100,100.61363406976928,109.74604911579873,176.963
1790629375,529,10,transition,vgg16_image,445,416,416,444.6504672897196,444.6504672897196,489.336
1790629375,529,10,transition,vit_base_image,73,73,74,73.56037151702786,73.56037151702786,125.967
1790629376,530,10,transition,resnet50_image,100,100,100,100.61363406976928,109.74604911579873,176.963
1790629376,530,10,transition,vgg16_image,444,411,416,444.6504672897196,444.6504672897196,489.336
1790629376,530,10,transition,vit_base_image,74,74,74,73.56037151702786,73.56037151702786,125.967
1790629377,531,10,transition,resnet50_image,101,101,101,100.61363406976928,109.74604911579873,176.963
1790629377,531,10,transition,vgg16_image,445,414,416,444.6504672897196,444.6504672897196,489.336
1790629377,531,10,transition,vit_base_image,74,73,73,73.56037151702786,73.56037151702786,125.967
1790629378,532,10,transition,resnet50_image,100,100,101,100.61363406976928,109.74604911579873,176.963
1790629378,532,10,transition,vgg16_image,444,413,401,444.6504672897196,444.6504672897196,489.336
1790629378,532,10,transition,vit_base_image,73,74,74,73.56037151702786,73.56037151702786,125.967
1790629379,533,10,steady,resnet50_image,107,106,105,109.74604911579873,109.74604911579873,176.963
1790629379,533,10,steady,vgg16_image,443,352,353,444.6504672897196,444.6504672897196,489.336
1790629379,533,10,steady,vit_base_image,73,73,64,73.56037151702786,73.56037151702786,125.967
1790629380,534,10,steady,resnet50_image,109,110,110,109.74604911579873,109.74604911579873,176.963
1790629380,534,10,steady,vgg16_image,445,415,414,444.6504672897196,444.6504672897196,489.336
1790629380,534,10,steady,vit_base_image,74,74,75,73.56037151702786,73.56037151702786,125.967
1790629381,535,10,steady,resnet50_image,110,110,111,109.74604911579873,109.74604911579873,176.963
1790629381,535,10,steady,vgg16_image,444,404,416,444.6504672897196,444.6504672897196,489.336
1790629381,535,10,steady,vit_base_image,73,73,75,73.56037151702786,73.56037151702786,125.967
1790629382,536,10,steady,resnet50_image,110,110,108,109.74604911579873,109.74604911579873,176.963
1790629382,536,10,steady,vgg16_image,445,412,400,444.6504672897196,444.6504672897196,489.336
1790629382,536,10,steady,vit_base_image,74,74,73,73.56037151702786,73.56037151702786,125.967
1790629383,537,10,steady,resnet50_image,110,109,110,109.74604911579873,109.74604911579873,176.963
1790629383,537,10,steady,vgg16_image,445,399,400,444.6504672897196,444.6504672897196,489.336
1790629383,537,10,steady,vit_base_image,73,73,75,73.56037151702786,73.56037151702786,125.967
1790629384,538,10,steady,resnet50_image,109,110,110,109.74604911579873,109.74604911579873,176.963
1790629384,538,10,steady,vgg16_image,444,355,368,444.6504672897196,444.6504672897196,489.336
1790629384,538,10,steady,vit_base_image,74,74,64,73.56037151702786,73.56037151702786,125.967
1790629385,539,10,steady,resnet50_image,110,110,111,109.74604911579873,109.74604911579873,176.963
1790629385,539,10,steady,vgg16_image,445,414,400,444.6504672897196,444.6504672897196,489.336
1790629385,539,10,steady,vit_base_image,74,74,74,73.56037151702786,73.56037151702786,125.967
1790629386,540,10,steady,resnet50_image,110,110,108,109.74604911579873,109.74604911579873,176.963
1790629386,540,10,steady,vgg16_image,445,415,416,444.6504672897196,444.6504672897196,489.336
1790629386,540,10,steady,vit_base_image,73,73,74,73.56037151702786,73.56037151702786,125.967
1790629387,541,10,steady,resnet50_image,110,109,109,109.74604911579873,109.74604911579873,176.963
1790629387,541,10,steady,vgg16_image,444,404,416,444.6504672897196,444.6504672897196,489.336
1790629387,541,10,steady,vit_base_image,74,74,74,73.56037151702786,73.56037151702786,125.967
1790629388,542,10,steady,resnet50_image,109,110,111,109.74604911579873,109.74604911579873,176.963
1790629388,542,10,steady,vgg16_image,445,405,400,444.6504672897196,444.6504672897196,489.336
1790629388,542,10,steady,vit_base_image,73,73,76,73.56037151702786,73.56037151702786,125.967
1790629389,543,10,steady,resnet50_image,110,110,109,109.74604911579873,109.74604911579873,176.963
1790629389,543,10,steady,vgg16_image,445,406,400,444.6504672897196,444.6504672897196,489.336
1790629389,543,10,steady,vit_base_image,74,74,76,73.56037151702786,73.56037151702786,125.967
1790629390,544,10,steady,resnet50_image,110,110,110,109.74604911579873,109.74604911579873,176.963
1790629390,544,10,steady,vgg16_image,444,401,400,444.6504672897196,444.6504672897196,489.336
1790629390,544,10,steady,vit_base_image,73,73,76,73.56037151702786,73.56037151702786,125.967
1790629391,545,10,steady,resnet50_image,109,109,110,109.74604911579873,109.74604911579873,176.963
1790629391,545,10,steady,vgg16_image,445,412,416,444.6504672897196,444.6504672897196,489.336
1790629391,545,10,steady,vit_base_image,74,74,76,73.56037151702786,73.56037151702786,125.967
1790629392,546,10,steady,resnet50_image,110,110,109,109.74604911579873,109.74604911579873,176.963
1790629392,546,10,steady,vgg16_image,445,407,416,444.6504672897196,444.6504672897196,489.336
1790629392,546,10,steady,vit_base_image,73,73,76,73.56037151702786,73.56037151702786,125.967
1790629393,547,10,steady,resnet50_image,110,110,110,109.74604911579873,109.74604911579873,176.963
1790629393,547,10,steady,vgg16_image,444,414,400,444.6504672897196,444.6504672897196,489.336
1790629393,547,10,steady,vit_base_image,74,74,74,73.56037151702786,73.56037151702786,125.967
1790629394,548,10,steady,resnet50_image,110,109,111,109.74604911579873,109.74604911579873,176.963
1790629394,548,10,steady,vgg16_image,445,400,410,444.6504672897196,444.6504672897196,489.336
1790629394,548,10,steady,vit_base_image,74,73,74,73.56037151702786,73.56037151702786,125.967
1790629395,549,10,steady,resnet50_image,109,110,109,109.74604911579873,109.74604911579873,176.963
1790629395,549,10,steady,vgg16_image,445,408,406,444.6504672897196,444.6504672897196,489.336
1790629395,549,10,steady,vit_base_image,73,74,74,73.56037151702786,73.56037151702786,125.967
1790629396,550,10,steady,resnet50_image,110,110,110,109.74604911579873,109.74604911579873,176.963
1790629396,550,10,steady,vgg16_image,444,404,400,444.6504672897196,444.6504672897196,489.336
1790629396,550,10,steady,vit_base_image,74,74,73,73.56037151702786,73.56037151702786,125.967
1790629397,551,10,steady,resnet50_image,110,110,110,109.74604911579873,109.74604911579873,176.963
1790629397,551,10,steady,vgg16_image,445,404,400,444.6504672897196,444.6504672897196,489.336
1790629397,551,10,steady,vit_base_image,73,73,74,73.56037151702786,73.56037151702786,125.967
1790629398,552,10,steady,resnet50_image,110,110,110,109.74604911579873,109.74604911579873,176.963
1790629398,552,10,steady,vgg16_image,444,404,406,444.6504672897196,444.6504672897196,489.336
1790629398,552,10,steady,vit_base_image,74,74,74,73.56037151702786,73.56037151702786,125.967
1790629399,553,10,steady,resnet50_image,109,109,110,109.74604911579873,109.74604911579873,176.963
1790629399,553,10,steady,vgg16_image,445,403,410,444.6504672897196,444.6504672897196,489.336
1790629399,553,10,steady,vit_base_image,73,73,73,73.56037151702786,73.56037151702786,125.967
1790629400,554,10,steady,resnet50_image,110,110,109,109.74604911579873,109.74604911579873,176.963
1790629400,554,10,steady,vgg16_image,445,408,400,444.6504672897196,444.6504672897196,489.336
1790629400,554,10,steady,vit_base_image,74,74,73,73.56037151702786,73.56037151702786,125.967
1790629401,555,10,steady,resnet50_image,110,110,111,109.74604911579873,109.74604911579873,176.963
1790629401,555,10,steady,vgg16_image,444,404,416,444.6504672897196,444.6504672897196,489.336
1790629401,555,10,steady,vit_base_image,74,73,74,73.56037151702786,73.56037151702786,125.967
1790629402,556,10,steady,resnet50_image,110,110,108,109.74604911579873,109.74604911579873,176.963
1790629402,556,10,steady,vgg16_image,445,406,400,444.6504672897196,444.6504672897196,489.336
1790629402,556,10,steady,vit_base_image,73,74,74,73.56037151702786,73.56037151702786,125.967
1790629403,557,10,steady,resnet50_image,109,109,110,109.74604911579873,109.74604911579873,176.963
1790629403,557,10,steady,vgg16_image,445,409,416,444.6504672897196,444.6504672897196,489.336
1790629403,557,10,steady,vit_base_image,74,74,73,73.56037151702786,73.56037151702786,125.967
1790629404,558,10,steady,resnet50_image,110,110,111,109.74604911579873,109.74604911579873,176.963
1790629404,558,10,steady,vgg16_image,444,409,400,444.6504672897196,444.6504672897196,489.336
1790629404,558,10,steady,vit_base_image,73,73,74,73.56037151702786,73.56037151702786,125.967
1790629405,559,10,steady,resnet50_image,110,110,108,109.74604911579873,109.74604911579873,176.963
1790629405,559,10,steady,vgg16_image,445,408,416,444.6504672897196,444.6504672897196,489.336
1790629405,559,10,steady,vit_base_image,74,74,73,73.56037151702786,73.56037151702786,125.967
1790629406,560,10,steady,resnet50_image,110,109,110,109.74604911579873,109.74604911579873,176.963
1790629406,560,10,steady,vgg16_image,445,413,400,444.6504672897196,444.6504672897196,489.336
1790629406,560,10,steady,vit_base_image,73,73,74,73.56037151702786,73.56037151702786,125.967
1790629407,561,10,steady,resnet50_image,109,110,110,109.74604911579873,109.74604911579873,176.963
1790629407,561,10,steady,vgg16_image,444,406,416,444.6504672897196,444.6504672897196,489.336
1790629407,561,10,steady,vit_base_image,74,74,74,73.56037151702786,73.56037151702786,125.967
1790629408,562,10,steady,resnet50_image,110,110,109,109.74604911579873,109.74604911579873,176.963
1790629408,562,10,steady,vgg16_image,445,410,400,444.6504672897196,444.6504672897196,489.336
1790629408,562,10,steady,vit_base_image,73,73,73,73.56037151702786,73.56037151702786,125.967
1790629409,563,,,resnet50_image,110,110,112,,,176.963
1790629409,563,,,vgg16_image,445,406,416,,,489.336
1790629409,563,,,vit_base_image,74,74,74,,,125.967
1790629410,564,,,resnet50_image,110,110,110,,,176.963
1790629410,564,,,vgg16_image,444,394,384,,,489.336
1790629410,564,,,vit_base_image,74,74,73,,,125.967
1790629411,565,,,resnet50_image,109,109,106,,,176.963
1790629411,565,,,vgg16_image,445,408,416,,,489.336
1790629411,565,,,vit_base_image,73,73,74,,,125.967
1790629412,566,,,resnet50_image,110,110,111,,,176.963
1790629412,566,,,vgg16_image,445,415,416,,,489.336
1790629412,566,,,vit_base_image,74,74,73,,,125.967
1790629413,567,,,resnet50_image,110,110,111,,,176.963
1790629413,567,,,vgg16_image,444,347,352,,,489.336
1790629413,567,,,vit_base_image,73,73,64,,,125.967
1790629414,568,,,resnet50_image,109,109,110,,,176.963
1790629414,568,,,vgg16_image,438,407,400,,,489.336
1790629414,568,,,vit_base_image,74,74,76,,,125.967
1790629415,569,11,transition,resnet50_image,109,109,109,109.74604911579873,147.12836721576207,176.963
1790629415,569,11,transition,vgg16_image,400,392,386,400.5084112149533,400.5084112149533,489.336
1790629415,569,11,transition,vit_base_image,74,74,76,73.56037151702786,73.56037151702786,125.967
1790629416,570,11,transition,resnet50_image,110,110,107,109.74604911579873,147.12836721576207,176.963
1790629416,570,11,transition,vgg16_image,401,399,406,400.5084112149533,400.5084112149533,489.336
1790629416,570,11,transition,vit_base_image,73,73,76,73.56037151702786,73.56037151702786,125.967
1790629417,571,11,transition,resnet50_image,110,110,112,109.74604911579873,147.12836721576207,176.963
1790629417,571,11,transition,vgg16_image,400,395,392,400.5084112149533,400.5084112149533,489.336
1790629417,571,11,transition,vit_base_image,74,74,75,73.56037151702786,73.56037151702786,125.967
1790629418,572,11,transition,resnet50_image,110,110,111,109.74604911579873,147.12836721576207,176.963
1790629418,572,11,transition,vgg16_image,401,399,401,400.5084112149533,400.5084112149533,489.336
1790629418,572,11,transition,vit_base_image,73,73,75,73.56037151702786,73.56037151702786,125.967
1790629419,573,11,transition,resnet50_image,109,109,109,109.74604911579873,147.12836721576207,176.963
1790629419,573,11,transition,vgg16_image,400,400,415,400.5084112149533,400.5084112149533,489.336
1790629419,573,11,transition,vit_base_image,74,74,74,73.56037151702786,73.56037151702786,125.967
1790629420,574,11,transition,resnet50_image,110,110,110,109.74604911579873,147.12836721576207,176.963
1790629420,574,11,transition,vgg16_image,401,396,384,400.5084112149533,400.5084112149533,489.336
1790629420,574,11,transition,vit_base_image,74,73,73,73.56037151702786,73.56037151702786,125.967
1790629421,575,11,transition,resnet50_image,110,110,108,109.74604911579873,147.12836721576207,176.963
1790629421,575,11,transition,vgg16_image,400,388,384,400.5084112149533,400.5084112149533,489.336
1790629421,575,11,transition,vit_base_image,73,74,74,73.56037151702786,73.56037151702786,125.967
1790629422,576,11,transition,resnet50_image,110,110,109,109.74604911579873,147.12836721576207,176.963
1790629422,576,11,transition,vgg16_image,401,389,400,400.5084112149533,400.5084112149533,468.144
1790629422,576,11,transition,vit_base_image,74,74,73,73.56037151702786,73.56037151702786,89.405
1790629423,577,11,transition,resnet50_image,109,109,110,109.74604911579873,147.12836721576207,176.963
1790629423,577,11,transition,vgg16_image,400,385,370,400.5084112149533,400.5084112149533,468.144
1790629423,577,11,transition,vit_base_image,73,73,74,73.56037151702786,73.56037151702786,89.405
1790629424,578,11,transition,resnet50_image,110,110,111,109.74604911579873,147.12836721576207,176.963
1790629424,578,11,transition,vgg16_image,401,388,398,400.5084112149533,400.5084112149533,468.144
1790629424,578,11,transition,vit_base_image,74,74,74,73.56037151702786,73.56037151702786,89.405
1790629425,579,11,transition,resnet50_image,110,110,109,109.74604911579873,147.12836721576207,176.963
1790629425,579,11,transition,vgg16_image,400,396,384,400.5084112149533,400.5084112149533,468.144
1790629425,579,11,transition,vit_base_image,73,73,73,73.56037151702786,73.56037151702786,89.405
1790629426,580,11,transition,resnet50_image,110,110,103,109.74604911579873,147.12836721576207,176.963
1790629426,580,11,transition,vgg16_image,401,324,336,400.5084112149533,400.5084112149533,468.144
1790629426,580,11,transition,vit_base_image,74,74,63,73.56037151702786,73.56037151702786,89.405
1790629427,581,11,transition,resnet50_image,109,109,116,109.74604911579873,147.12836721576207,176.963
1790629427,581,11,transition,vgg16_image,400,395,400,400.5084112149533,400.5084112149533,468.144
1790629427,581,11,transition,vit_base_image,73,73,77,73.56037151702786,73.56037151702786,89.405
1790629428,582,11,transition,resnet50_image,110,75,17,109.74604911579873,147.12836721576207,176.963
1790629428,582,11,transition,vgg16_image,401,137,194,400.5084112149533,400.5084112149533,468.144
1790629428,582,11,transition,vit_base_image,74,60,16,73.56037151702786,73.56037151702786,89.405
1790629429,583,11,transition,resnet50_image,110,145,168,109.74604911579873,147.12836721576207,176.963
1790629429,583,11,transition,vgg16_image,400,455,414,400.5084112149533,400.5084112149533,468.144
1790629429,583,11,transition,vit_base_image,74,87,78,73.56037151702786,73.56037151702786,89.405
1790629430,584,11,transition,resnet50_image,110,110,146,109.74604911579873,147.12836721576207,176.963
1790629430,584,11,transition,vgg16_image,401,401,400,400.5084112149533,400.5084112149533,468.144
1790629430,584,11,transition,vit_base_image,73,74,76,73.56037151702786,73.56037151702786,89.405
1790629431,585,11,transition,resnet50_image,109,109,108,109.74604911579873,147.12836721576207,176.963
1790629431,585,11,transition,vgg16_image,400,400,400,400.5084112149533,400.5084112149533,468.144
1790629431,585,11,transition,vit_base_image,74,74,76,73.56037151702786,73.56037151702786,89.405
1790629432,586,11,transition,resnet50_image,110,110,112,109.74604911579873,147.12836721576207,176.963
1790629432,586,11,transition,vgg16_image,401,400,416,400.5084112149533,400.5084112149533,468.144
1790629432,586,11,transition,vit_base_image,73,73,76,73.56037151702786,73.56037151702786,89.405
1790629433,587,11,transition,resnet50_image,110,110,109,109.74604911579873,147.12836721576207,176.963
1790629433,587,11,transition,vgg16_image,400,401,400,400.5084112149533,400.5084112149533,468.144
1790629433,587,11,transition,vit_base_image,74,74,75,73.56037151702786,73.56037151702786,89.405
1790629434,588,11,transition,resnet50_image,110,110,109,109.74604911579873,147.12836721576207,176.963
1790629434,588,11,transition,vgg16_image,401,400,400,400.5084112149533,400.5084112149533,468.144
1790629434,588,11,transition,vit_base_image,73,73,75,73.56037151702786,73.56037151702786,89.405
1790629435,589,11,transition,resnet50_image,109,109,110,109.74604911579873,147.12836721576207,176.963
1790629435,589,11,transition,vgg16_image,400,400,384,400.5084112149533,400.5084112149533,468.144
1790629435,589,11,transition,vit_base_image,74,74,76,73.56037151702786,73.56037151702786,89.405
1790629436,590,11,transition,resnet50_image,110,110,110,109.74604911579873,147.12836721576207,176.963
1790629436,590,11,transition,vgg16_image,401,402,400,400.5084112149533,400.5084112149533,468.144
1790629436,590,11,transition,vit_base_image,73,73,76,73.56037151702786,73.56037151702786,89.405
1790629437,591,11,transition,resnet50_image,110,110,110,109.74604911579873,147.12836721576207,176.963
1790629437,591,11,transition,vgg16_image,400,362,352,400.5084112149533,400.5084112149533,468.144
1790629437,591,11,transition,vit_base_image,74,74,68,73.56037151702786,73.56037151702786,89.405
1790629438,592,11,transition,resnet50_image,110,109,109,109.74604911579873,147.12836721576207,176.963
1790629438,592,11,transition,vgg16_image,401,401,400,400.5084112149533,400.5084112149533,468.144
1790629438,592,11,transition,vit_base_image,74,73,75,73.56037151702786,73.56037151702786,89.405
1790629439,593,11,transition,resnet50_image,109,110,110,109.74604911579873,147.12836721576207,176.963
1790629439,593,11,transition,vgg16_image,400,401,416,400.5084112149533,400.5084112149533,468.144
1790629439,593,11,transition,vit_base_image,73,74,77,73.56037151702786,73.56037151702786,89.405
1790629440,594,11,transition,resnet50_image,110,110,111,109.74604911579873,147.12836721576207,176.963
1790629440,594,11,transition,vgg16_image,401,400,400,400.5084112149533,400.5084112149533,468.144
1790629440,594,11,transition,vit_base_image,74,74,76,73.56037151702786,73.56037151702786,89.405
1790629441,595,11,transition,resnet50_image,110,110,108,109.74604911579873,147.12836721576207,176.963
1790629441,595,11,transition,vgg16_image,400,401,425,400.5084112149533,400.5084112149533,468.144
1790629441,595,11,transition,vit_base_image,73,73,76,73.56037151702786,73.56037151702786,89.405
1790629442,596,11,transition,resnet50_image,110,110,110,109.74604911579873,147.12836721576207,176.963
1790629442,596,11,transition,vgg16_image,401,400,407,400.5084112149533,400.5084112149533,468.144
1790629442,596,11,transition,vit_base_image,74,74,76,73.56037151702786,73.56037151702786,89.405
1790629443,597,11,transition,resnet50_image,109,109,109,109.74604911579873,147.12836721576207,176.963
1790629443,597,11,transition,vgg16_image,400,401,402,400.5084112149533,400.5084112149533,468.144
1790629443,597,11,transition,vit_base_image,73,73,75,73.56037151702786,73.56037151702786,89.405
1790629444,598,11,transition,resnet50_image,110,110,112,109.74604911579873,147.12836721576207,176.963
1790629444,598,11,transition,vgg16_image,401,401,414,400.5084112149533,400.5084112149533,468.144
1790629444,598,11,transition,vit_base_image,74,74,76,73.56037151702786,73.56037151702786,89.405
1790629445,599,11,transition,resnet50_image,110,110,109,109.74604911579873,147.12836721576207,176.963
1790629445,599,11,transition,vgg16_image,400,400,400,400.5084112149533,400.5084112149533,468.144
1790629445,599,11,transition,vit_base_image,74,73,76,73.56037151702786,73.56037151702786,89.405
1790629446,600,11,transition,resnet50_image,110,101,92,109.74604911579873,147.12836721576207,176.963
1790629446,600,11,transition,vgg16_image,401,370,348,400.5084112149533,400.5084112149533,468.144
1790629446,600,11,transition,vit_base_image,73,68,65,73.56037151702786,73.56037151702786,89.405
1790629447,601,11,transition,resnet50_image,109,118,127,109.74604911579873,147.12836721576207,176.963
1790629447,601,11,transition,vgg16_image,400,417,372,400.5084112149533,400.5084112149533,468.144
1790629447,601,11,transition,vit_base_image,74,80,74,73.56037151702786,73.56037151702786,89.405
1790629448,602,11,transition,resnet50_image,110,110,110,109.74604911579873,147.12836721576207,176.963
1790629448,602,11,transition,vgg16_image,401,400,416,400.5084112149533,400.5084112149533,468.144
1790629448,602,11,transition,vit_base_image,73,73,76,73.56037151702786,73.56037151702786,89.405
1790629449,603,11,transition,resnet50_image,110,110,109,109.74604911579873,147.12836721576207,176.963
1790629449,603,11,transition,vgg16_image,400,401,401,400.5084112149533,400.5084112149533,468.144
1790629449,603,11,transition,vit_base_image,74,74,77,73.56037151702786,73.56037151702786,89.405
1790629450,604,11,steady,resnet50_image,137,136,135,147.12836721576207,147.12836721576207,176.963
1790629450,604,11,steady,vgg16_image,399,398,399,400.5084112149533,400.5084112149533,468.144
1790629450,604,11,steady,vit_base_image,73,73,76,73.56037151702786,73.56037151702786,89.405
1790629451,605,11,steady,resnet50_image,147,148,149,147.12836721576207,147.12836721576207,176.963
1790629451,605,11,steady,vgg16_image,401,401,400,400.5084112149533,400.5084112149533,468.144
1790629451,605,11,steady,vit_base_image,73,73,75,73.56037151702786,73.56037151702786,89.405
1790629452,606,11,steady,resnet50_image,147,147,146,147.12836721576207,147.12836721576207,176.963
1790629452,606,11,steady,vgg16_image,400,400,409,400.5084112149533,400.5084112149533,468.144
1790629452,606,11,steady,vit_base_image,74,74,76,73.56037151702786,73.56037151702786,89.405
1790629453,607,11,steady,resnet50_image,147,147,131,147.12836721576207,147.12836721576207,176.963
1790629453,607,11,steady,vgg16_image,401,380,359,400.5084112149533,400.5084112149533,468.144
1790629453,607,11,steady,vit_base_image,74,73,66,73.56037151702786,73.56037151702786,89.405
1790629454,608,11,steady,resnet50_image,147,147,163,147.12836721576207,147.12836721576207,176.963
1790629454,608,11,steady,vgg16_image,400,400,416,400.5084112149533,400.5084112149533,468.144
1790629454,608,11,steady,vit_base_image,73,74,75,73.56037151702786,73.56037151702786,89.405
1790629455,609,11,steady,resnet50_image,147,147,148,147.12836721576207,147.12836721576207,176.963
1790629455,609,11,steady,vgg16_image,401,401,416,400.5084112149533,400.5084112149533,468.144
1790629455,609,11,steady,vit_base_image,74,74,77,73.56037151702786,73.56037151702786,89.405
1790629456,610,11,steady,resnet50_image,147,147,145,147.12836721576207,147.12836721576207,176.963
1790629456,610,11,steady,vgg16_image,400,400,416,400.5084112149533,400.5084112149533,468.144
1790629456,610,11,steady,vit_base_image,73,73,76,73.56037151702786,73.56037151702786,89.405
1790629457,611,11,steady,resnet50_image,148,147,149,147.12836721576207,147.12836721576207,176.963
1790629457,611,11,steady,vgg16_image,401,401,400,400.5084112149533,400.5084112149533,468.144
1790629457,611,11,steady,vit_base_image,74,74,76,73.56037151702786,73.56037151702786,89.405
1790629458,612,11,steady,resnet50_image,147,148,148,147.12836721576207,147.12836721576207,176.963
1790629458,612,11,steady,vgg16_image,400,401,400,400.5084112149533,400.5084112149533,468.144
1790629458,612,11,steady,vit_base_image,73,73,76,73.56037151702786,73.56037151702786,89.405
1790629459,613,11,steady,resnet50_image,147,147,145,147.12836721576207,147.12836721576207,176.963
1790629459,613,11,steady,vgg16_image,401,400,415,400.5084112149533,400.5084112149533,468.144
1790629459,613,11,steady,vit_base_image,74,74,76,73.56037151702786,73.56037151702786,89.405
1790629460,614,11,steady,resnet50_image,147,147,149,147.12836721576207,147.12836721576207,176.963
1790629460,614,11,steady,vgg16_image,400,401,401,400.5084112149533,400.5084112149533,468.144
1790629460,614,11,steady,vit_base_image,73,73,77,73.56037151702786,73.56037151702786,89.405
1790629461,615,11,steady,resnet50_image,147,147,145,147.12836721576207,147.12836721576207,176.963
1790629461,615,11,steady,vgg16_image,401,400,416,400.5084112149533,400.5084112149533,468.144
1790629461,615,11,steady,vit_base_image,74,74,76,73.56037151702786,73.56037151702786,89.405
1790629462,616,11,steady,resnet50_image,147,147,147,147.12836721576207,147.12836721576207,176.963
1790629462,616,11,steady,vgg16_image,400,400,400,400.5084112149533,400.5084112149533,468.144
1790629462,616,11,steady,vit_base_image,74,73,75,73.56037151702786,73.56037151702786,89.405
1790629463,617,11,steady,resnet50_image,147,147,148,147.12836721576207,147.12836721576207,176.963
1790629463,617,11,steady,vgg16_image,401,400,407,400.5084112149533,400.5084112149533,468.144
1790629463,617,11,steady,vit_base_image,73,74,75,73.56037151702786,73.56037151702786,89.405
1790629464,618,11,steady,resnet50_image,147,147,149,147.12836721576207,147.12836721576207,176.963
1790629464,618,11,steady,vgg16_image,400,402,409,400.5084112149533,400.5084112149533,468.144
1790629464,618,11,steady,vit_base_image,74,74,76,73.56037151702786,73.56037151702786,89.405
1790629465,619,11,steady,resnet50_image,148,147,145,147.12836721576207,147.12836721576207,176.963
1790629465,619,11,steady,vgg16_image,401,400,400,400.5084112149533,400.5084112149533,468.144
1790629465,619,11,steady,vit_base_image,73,73,76,73.56037151702786,73.56037151702786,89.405
1790629466,620,11,steady,resnet50_image,147,148,148,147.12836721576207,147.12836721576207,176.963
1790629466,620,11,steady,vgg16_image,400,401,400,400.5084112149533,400.5084112149533,468.144
1790629466,620,11,steady,vit_base_image,74,74,76,73.56037151702786,73.56037151702786,89.405
1790629467,621,11,steady,resnet50_image,147,147,146,147.12836721576207,147.12836721576207,176.963
1790629467,621,11,steady,vgg16_image,401,400,416,400.5084112149533,400.5084112149533,468.144
1790629467,621,11,steady,vit_base_image,73,73,76,73.56037151702786,73.56037151702786,89.405
1790629468,622,11,steady,resnet50_image,147,147,148,147.12836721576207,147.12836721576207,176.963
1790629468,622,11,steady,vgg16_image,400,401,400,400.5084112149533,400.5084112149533,468.144
1790629468,622,11,steady,vit_base_image,74,74,75,73.56037151702786,73.56037151702786,89.405
1790629469,623,11,steady,resnet50_image,147,147,146,147.12836721576207,147.12836721576207,176.963
1790629469,623,11,steady,vgg16_image,401,400,416,400.5084112149533,400.5084112149533,468.144
1790629469,623,11,steady,vit_base_image,73,73,74,73.56037151702786,73.56037151702786,89.405
1790629470,624,11,steady,resnet50_image,147,147,150,147.12836721576207,147.12836721576207,176.963
1790629470,624,11,steady,vgg16_image,400,401,400,400.5084112149533,400.5084112149533,468.144
1790629470,624,11,steady,vit_base_image,74,74,74,73.56037151702786,73.56037151702786,89.405
1790629471,625,11,steady,resnet50_image,147,147,146,147.12836721576207,147.12836721576207,176.963
1790629471,625,11,steady,vgg16_image,401,400,400,400.5084112149533,400.5084112149533,468.144
1790629471,625,11,steady,vit_base_image,74,73,73,73.56037151702786,73.56037151702786,89.405
1790629472,626,11,steady,resnet50_image,147,147,146,147.12836721576207,147.12836721576207,176.963
1790629472,626,11,steady,vgg16_image,400,401,416,400.5084112149533,400.5084112149533,468.144
1790629472,626,11,steady,vit_base_image,73,74,74,73.56037151702786,73.56037151702786,89.405
1790629473,627,11,steady,resnet50_image,148,147,149,147.12836721576207,147.12836721576207,176.963
1790629473,627,11,steady,vgg16_image,401,400,384,400.5084112149533,400.5084112149533,468.144
1790629473,627,11,steady,vit_base_image,74,74,74,73.56037151702786,73.56037151702786,89.405
1790629474,628,11,steady,resnet50_image,147,148,147,147.12836721576207,147.12836721576207,176.963
1790629474,628,11,steady,vgg16_image,400,401,416,400.5084112149533,400.5084112149533,468.144
1790629474,628,11,steady,vit_base_image,73,73,73,73.56037151702786,73.56037151702786,89.405
1790629475,629,11,steady,resnet50_image,147,146,146,147.12836721576207,147.12836721576207,176.963
1790629475,629,11,steady,vgg16_image,401,399,400,400.5084112149533,400.5084112149533,468.144
1790629475,629,11,steady,vit_base_image,74,74,74,73.56037151702786,73.56037151702786,89.405
1790629476,630,11,steady,resnet50_image,147,148,149,147.12836721576207,147.12836721576207,176.963
1790629476,630,11,steady,vgg16_image,400,402,416,400.5084112149533,400.5084112149533,468.144
1790629476,630,11,steady,vit_base_image,73,73,73,73.56037151702786,73.56037151702786,89.405
1790629477,631,11,steady,resnet50_image,147,147,147,147.12836721576207,147.12836721576207,176.963
1790629477,631,11,steady,vgg16_image,401,400,401,400.5084112149533,400.5084112149533,468.144
1790629477,631,11,steady,vit_base_image,74,74,74,73.56037151702786,73.56037151702786,89.405
1790629478,632,11,steady,resnet50_image,147,147,147,147.12836721576207,147.12836721576207,176.963
1790629478,632,11,steady,vgg16_image,400,400,431,400.5084112149533,400.5084112149533,468.144
1790629478,632,11,steady,vit_base_image,74,74,73,73.56037151702786,73.56037151702786,89.405
1790629479,633,11,steady,resnet50_image,147,147,147,147.12836721576207,147.12836721576207,176.963
1790629479,633,11,steady,vgg16_image,401,401,400,400.5084112149533,400.5084112149533,468.144
1790629479,633,11,steady,vit_base_image,73,73,74,73.56037151702786,73.56037151702786,89.405
1790629480,634,,,resnet50_image,148,147,147,,,176.963
1790629480,634,,,vgg16_image,400,401,384,,,468.144
1790629480,634,,,vit_base_image,74,74,74,,,89.405
1790629481,635,,,resnet50_image,147,147,145,,,176.963
1790629481,635,,,vgg16_image,401,400,304,,,468.144
1790629481,635,,,vit_base_image,73,73,67,,,89.405
1790629482,636,,,resnet50_image,147,148,147,,,176.963
1790629482,636,,,vgg16_image,400,401,416,,,468.144
1790629482,636,,,vit_base_image,74,74,76,,,89.405
1790629483,637,,,resnet50_image,147,147,149,,,176.963
1790629483,637,,,vgg16_image,401,400,400,,,468.144
1790629483,637,,,vit_base_image,73,73,76,,,89.405
1790629484,638,,,resnet50_image,147,147,148,,,176.963
1790629484,638,,,vgg16_image,400,401,400,,,468.144
1790629484,638,,,vit_base_image,74,74,75,,,89.405
1790629485,639,,,resnet50_image,145,145,145,,,176.963
1790629485,639,,,vgg16_image,400,400,384,,,468.144
1790629485,639,,,vit_base_image,74,74,71,,,89.405
1790629486,640,12,transition,resnet50_image,133,133,131,133.64290912567927,133.64290912567927,176.963
1790629486,640,12,transition,vgg16_image,401,400,416,400.5084112149533,460.08224299065415,468.144
1790629486,640,12,transition,vit_base_image,73,73,75,73.56037151702786,73.56037151702786,89.405
1790629487,641,12,transition,resnet50_image,134,134,134,133.64290912567927,133.64290912567927,176.963
1790629487,641,12,transition,vgg16_image,400,401,400,400.5084112149533,460.08224299065415,468.144
1790629487,641,12,transition,vit_base_image,74,74,75,73.56037151702786,73.56037151702786,89.405
1790629488,642,12,transition,resnet50_image,134,134,134,133.64290912567927,133.64290912567927,176.963
1790629488,642,12,transition,vgg16_image,401,400,400,400.5084112149533,460.08224299065415,468.144
1790629488,642,12,transition,vit_base_image,73,73,73,73.56037151702786,73.56037151702786,89.405
1790629489,643,12,transition,resnet50_image,133,133,134,133.64290912567927,133.64290912567927,176.963
1790629489,643,12,transition,vgg16_image,400,401,392,400.5084112149533,460.08224299065415,468.144
1790629489,643,12,transition,vit_base_image,74,74,73,73.56037151702786,73.56037151702786,89.405
1790629490,644,12,transition,resnet50_image,134,134,135,133.64290912567927,133.64290912567927,176.963
1790629490,644,12,transition,vgg16_image,401,390,328,400.5084112149533,460.08224299065415,468.144
1790629490,644,12,transition,vit_base_image,74,73,67,73.56037151702786,73.56037151702786,89.405
1790629491,645,12,transition,resnet50_image,134,133,134,133.64290912567927,133.64290912567927,176.963
1790629491,645,12,transition,vgg16_image,400,400,408,400.5084112149533,460.08224299065415,468.144
1790629491,645,12,transition,vit_base_image,73,74,75,73.56037151702786,73.56037151702786,89.405
1790629492,646,12,transition,resnet50_image,133,134,131,133.64290912567927,133.64290912567927,176.963
1790629492,646,12,transition,vgg16_image,401,402,408,400.5084112149533,460.08224299065415,468.144
1790629492,646,12,transition,vit_base_image,74,74,76,73.56037151702786,73.56037151702786,89.405
1790629493,647,12,transition,resnet50_image,134,134,134,133.64290912567927,133.64290912567927,176.963
1790629493,647,12,transition,vgg16_image,400,400,416,400.5084112149533,460.08224299065415,468.144
1790629493,647,12,transition,vit_base_image,73,73,76,73.56037151702786,73.56037151702786,89.405
1790629494,648,12,transition,resnet50_image,134,133,134,133.64290912567927,133.64290912567927,176.963
1790629494,648,12,transition,vgg16_image,401,400,384,400.5084112149533,460.08224299065415,468.144
1790629494,648,12,transition,vit_base_image,74,74,74,73.56037151702786,73.56037151702786,89.405
1790629495,649,12,transition,resnet50_image,133,134,134,133.64290912567927,133.64290912567927,176.963
1790629495,649,12,transition,vgg16_image,400,400,416,400.5084112149533,460.08224299065415,468.144
1790629495,649,12,transition,vit_base_image,73,73,74,73.56037151702786,73.56037151702786,89.405
1790629496,650,12,transition,resnet50_image,134,134,133,133.64290912567927,133.64290912567927,176.963
1790629496,650,12,transition,vgg16_image,401,401,400,400.5084112149533,460.08224299065415,468.144
1790629496,650,12,transition,vit_base_image,74,74,74,73.56037151702786,73.56037151702786,89.405
1790629497,651,12,transition,resnet50_image,133,133,133,133.64290912567927,133.64290912567927,176.963
1790629497,651,12,transition,vgg16_image,400,400,400,400.5084112149533,460.08224299065415,468.144
1790629497,651,12,transition,vit_base_image,73,73,73,73.56037151702786,73.56037151702786,89.405
1790629498,652,12,transition,resnet50_image,134,134,136,133.64290912567927,133.64290912567927,176.963
1790629498,652,12,transition,vgg16_image,401,401,400,400.5084112149533,460.08224299065415,468.144
1790629498,652,12,transition,vit_base_image,74,74,74,73.56037151702786,73.56037151702786,89.405
1790629499,653,12,transition,resnet50_image,134,133,131,133.64290912567927,133.64290912567927,176.963
1790629499,653,12,transition,vgg16_image,400,401,427,400.5084112149533,460.08224299065415,468.144
1790629499,653,12,transition,vit_base_image,74,73,73,73.56037151702786,73.56037151702786,89.405
1790629500,654,12,transition,resnet50_image,133,134,131,133.64290912567927,133.64290912567927,176.963
1790629500,654,12,transition,vgg16_image,401,390,325,400.5084112149533,460.08224299065415,468.144
1790629500,654,12,transition,vit_base_image,73,74,65,73.56037151702786,73.56037151702786,89.405
1790629501,655,12,transition,resnet50_image,134,134,139,133.64290912567927,133.64290912567927,176.963
1790629501,655,12,transition,vgg16_image,400,401,400,400.5084112149533,460.08224299065415,468.144
1790629501,655,12,transition,vit_base_image,74,74,76,73.56037151702786,73.56037151702786,89.405
1790629502,656,12,transition,resnet50_image,134,134,133,133.64290912567927,133.64290912567927,176.963
1790629502,656,12,transition,vgg16_image,401,400,416,400.5084112149533,460.08224299065415,468.144
1790629502,656,12,transition,vit_base_image,73,73,75,73.56037151702786,73.56037151702786,89.405
1790629503,657,12,transition,resnet50_image,133,133,134,133.64290912567927,133.64290912567927,176.963
1790629503,657,12,transition,vgg16_image,400,401,400,400.5084112149533,460.08224299065415,468.144
1790629503,657,12,transition,vit_base_image,74,74,76,73.56037151702786,73.56037151702786,89.405
1790629504,658,12,transition,resnet50_image,134,134,134,133.64290912567927,133.64290912567927,176.963
1790629504,658,12,transition,vgg16_image,401,400,416,400.5084112149533,460.08224299065415,468.144
1790629504,658,12,transition,vit_base_image,73,73,76,73.56037151702786,73.56037151702786,89.405
1790629505,659,12,transition,resnet50_image,134,133,134,133.64290912567927,133.64290912567927,176.963
1790629505,659,12,transition,vgg16_image,400,400,400,400.5084112149533,460.08224299065415,468.144
1790629505,659,12,transition,vit_base_image,74,74,73,73.56037151702786,73.56037151702786,89.405
1790629506,660,12,transition,resnet50_image,133,134,132,133.64290912567927,133.64290912567927,176.963
1790629506,660,12,transition,vgg16_image,401,401,418,400.5084112149533,460.08224299065415,468.144
1790629506,660,12,transition,vit_base_image,74,73,73,73.56037151702786,73.56037151702786,89.405
1790629507,661,12,transition,resnet50_image,134,133,132,133.64290912567927,133.64290912567927,176.963
1790629507,661,12,transition,vgg16_image,400,401,446,400.5084112149533,460.08224299065415,468.144
1790629507,661,12,transition,vit_base_image,73,74,75,73.56037151702786,73.56037151702786,89.405
1790629508,662,12,transition,resnet50_image,134,134,135,133.64290912567927,133.64290912567927,176.963
1790629508,662,12,transition,vgg16_image,401,400,434,400.5084112149533,460.08224299065415,468.144
1790629508,662,12,transition,vit_base_image,74,73,73,73.56037151702786,73.56037151702786,89.405
1790629509,663,12,transition,resnet50_image,133,134,135,133.64290912567927,133.64290912567927,176.963
1790629509,663,12,transition,vgg16_image,400,401,448,400.5084112149533,460.08224299065415,468.144
1790629509,663,12,transition,vit_base_image,73,74,74,73.56037151702786,73.56037151702786,89.405
1790629510,664,12,transition,resnet50_image,134,134,132,133.64290912567927,133.64290912567927,176.963
1790629510,664,12,transition,vgg16_image,401,400,400,400.5084112149533,460.08224299065415,468.144
1790629510,664,12,transition,vit_base_image,74,74,68,73.56037151702786,73.56037151702786,89.405
1790629511,665,12,transition,resnet50_image,133,133,134,133.64290912567927,133.64290912567927,176.963
1790629511,665,12,transition,vgg16_image,400,401,448,400.5084112149533,460.08224299065415,468.144
1790629511,665,12,transition,vit_base_image,73,73,79,73.56037151702786,73.56037151702786,89.405
1790629512,666,12,transition,resnet50_image,134,134,133,133.64290912567927,133.64290912567927,176.963
1790629512,666,12,transition,vgg16_image,401,400,407,400.5084112149533,460.08224299065415,468.144
1790629512,666,12,transition,vit_base_image,74,74,74,73.56037151702786,73.56037151702786,89.405
1790629513,667,12,transition,resnet50_image,134,134,135,133.64290912567927,133.64290912567927,176.963
1790629513,667,12,transition,vgg16_image,400,400,402,400.5084112149533,460.08224299065415,468.144
1790629513,667,12,transition,vit_base_image,73,73,73,73.56037151702786,73.56037151702786,89.405
1790629514,668,12,transition,resnet50_image,133,133,134,133.64290912567927,133.64290912567927,176.963
1790629514,668,12,transition,vgg16_image,401,401,400,400.5084112149533,460.08224299065415,468.144
1790629514,668,12,transition,vit_base_image,74,74,74,73.56037151702786,73.56037151702786,89.405
1790629515,669,12,transition,resnet50_image,134,134,133,133.64290912567927,133.64290912567927,176.963
1790629515,669,12,transition,vgg16_image,400,401,401,400.5084112149533,460.08224299065415,468.144
1790629515,669,12,transition,vit_base_image,74,73,73,73.56037151702786,73.56037151702786,89.405
1790629516,670,12,transition,resnet50_image,134,134,133,133.64290912567927,133.64290912567927,176.963
1790629516,670,12,transition,vgg16_image,401,400,399,400.5084112149533,460.08224299065415,468.144
1790629516,670,12,transition,vit_base_image,73,74,74,73.56037151702786,73.56037151702786,89.405
1790629517,671,12,transition,resnet50_image,133,133,135,133.64290912567927,133.64290912567927,176.963
1790629517,671,12,transition,vgg16_image,400,401,398,400.5084112149533,460.08224299065415,468.144
1790629517,671,12,transition,vit_base_image,74,74,74,73.56037151702786,73.56037151702786,89.405
1790629518,672,12,transition,resnet50_image,134,134,132,133.64290912567927,133.64290912567927,176.963
1790629518,672,12,transition,vgg16_image,401,400,402,400.5084112149533,460.08224299065415,468.144
1790629518,672,12,transition,vit_base_image,73,73,73,73.56037151702786,73.56037151702786,89.405
1790629519,673,12,transition,resnet50_image,134,133,127,133.64290912567927,133.64290912567927,176.963
1790629519,673,12,transition,vgg16_image,400,401,370,400.5084112149533,460.08224299065415,468.144
1790629519,673,12,transition,vit_base_image,74,74,67,73.56037151702786,73.56037151702786,89.405
1790629520,674,12,transition,resnet50_image,133,134,140,133.64290912567927,133.64290912567927,176.963
1790629520,674,12,transition,vgg16_image,401,400,431,400.5084112149533,460.08224299065415,468.144
1790629520,674,12,transition,vit_base_image,73,73,80,73.56037151702786,73.56037151702786,89.405
1790629521,675,12,transition,resnet50_image,134,134,134,133.64290912567927,133.64290912567927,176.963
1790629521,675,12,transition,vgg16_image,400,401,400,400.5084112149533,460.08224299065415,468.144
1790629521,675,12,transition,vit_base_image,74,74,74,73.56037151702786,73.56037151702786,89.405
1790629522,676,12,transition,resnet50_image,134,133,135,133.64290912567927,133.64290912567927,176.963
1790629522,676,12,transition,vgg16_image,401,400,400,400.5084112149533,460.08224299065415,468.144
1790629522,676,12,transition,vit_base_image,73,73,73,73.56037151702786,73.56037151702786,89.405
1790629523,677,12,transition,resnet50_image,132,132,130,133.64290912567927,133.64290912567927,176.963
1790629523,677,12,transition,vgg16_image,423,423,399,400.5084112149533,460.08224299065415,468.144
1790629523,677,12,transition,vit_base_image,74,74,73,73.56037151702786,73.56037151702786,89.405
1790629524,678,12,steady,resnet50_image,133,134,137,133.64290912567927,133.64290912567927,176.963
1790629524,678,12,steady,vgg16_image,460,460,448,460.08224299065415,460.08224299065415,468.144
1790629524,678,12,steady,vit_base_image,74,74,74,73.56037151702786,73.56037151702786,89.405
1790629525,679,12,steady,resnet50_image,134,134,131,133.64290912567927,133.64290912567927,176.963
1790629525,679,12,steady,vgg16_image,460,461,384,460.08224299065415,460.08224299065415,468.144
1790629525,679,12,steady,vit_base_image,73,73,67,73.56037151702786,73.56037151702786,89.405
1790629526,680,12,steady,resnet50_image,134,133,134,133.64290912567927,133.64290912567927,176.963
1790629526,680,12,steady,vgg16_image,460,460,448,460.08224299065415,460.08224299065415,468.144
1790629526,680,12,steady,vit_base_image,74,74,76,73.56037151702786,73.56037151702786,89.405
1790629527,681,12,steady,resnet50_image,133,134,135,133.64290912567927,133.64290912567927,176.963
1790629527,681,12,steady,vgg16_image,461,460,432,460.08224299065415,460.08224299065415,468.144
1790629527,681,12,steady,vit_base_image,73,73,78,73.56037151702786,73.56037151702786,89.405
1790629528,682,12,steady,resnet50_image,134,134,133,133.64290912567927,133.64290912567927,176.963
1790629528,682,12,steady,vgg16_image,460,460,448,460.08224299065415,460.08224299065415,468.144
1790629528,682,12,steady,vit_base_image,74,74,73,73.56037151702786,73.56037151702786,89.405
1790629529,683,12,steady,resnet50_image,134,134,133,133.64290912567927,133.64290912567927,176.963
1790629529,683,12,steady,vgg16_image,460,460,432,460.08224299065415,460.08224299065415,468.144
1790629529,683,12,steady,vit_base_image,73,73,74,73.56037151702786,73.56037151702786,89.405
1790629530,684,12,steady,resnet50_image,133,133,134,133.64290912567927,133.64290912567927,176.963
1790629530,684,12,steady,vgg16_image,460,460,432,460.08224299065415,460.08224299065415,468.144
1790629530,684,12,steady,vit_base_image,74,74,74,73.56037151702786,73.56037151702786,89.405
1790629531,685,12,steady,resnet50_image,134,127,118,133.64290912567927,133.64290912567927,176.963
1790629531,685,12,steady,vgg16_image,460,407,400,460.08224299065415,460.08224299065415,468.144
1790629531,685,12,steady,vit_base_image,73,70,65,73.56037151702786,73.56037151702786,89.405
1790629532,686,12,steady,resnet50_image,134,140,148,133.64290912567927,133.64290912567927,176.963
1790629532,686,12,steady,vgg16_image,460,430,432,460.08224299065415,460.08224299065415,468.144
1790629532,686,12,steady,vit_base_image,74,77,76,73.56037151702786,73.56037151702786,89.405
1790629533,687,12,steady,resnet50_image,133,134,137,133.64290912567927,133.64290912567927,176.963
1790629533,687,12,steady,vgg16_image,460,443,432,460.08224299065415,460.08224299065415,468.144
1790629533,687,12,steady,vit_base_image,74,73,80,73.56037151702786,73.56037151702786,89.405
1790629534,688,12,steady,resnet50_image,134,134,133,133.64290912567927,133.64290912567927,176.963
1790629534,688,12,steady,vgg16_image,460,441,448,460.08224299065415,460.08224299065415,468.144
1790629534,688,12,steady,vit_base_image,73,74,73,73.56037151702786,73.56037151702786,89.405
1790629535,689,12,steady,resnet50_image,133,133,134,133.64290912567927,133.64290912567927,176.963
1790629535,689,12,steady,vgg16_image,460,435,432,460.08224299065415,460.08224299065415,468.144
1790629535,689,12,steady,vit_base_image,74,74,74,73.56037151702786,73.56037151702786,89.405
1790629536,690,12,steady,resnet50_image,134,134,131,133.64290912567927,133.64290912567927,176.963
1790629536,690,12,steady,vgg16_image,460,436,432,460.08224299065415,460.08224299065415,468.144
1790629536,690,12,steady,vit_base_image,73,73,73,73.56037151702786,73.56037151702786,89.405
1790629537,691,12,steady,resnet50_image,134,27,28,133.64290912567927,133.64290912567927,176.963
1790629537,691,12,steady,vgg16_image,460,91,96,460.08224299065415,460.08224299065415,468.144
1790629537,691,12,steady,vit_base_image,74,15,15,73.56037151702786,73.56037151702786,89.405
1790629538,692,12,steady,resnet50_image,133,240,134,133.64290912567927,133.64290912567927,176.963
1790629538,692,12,steady,vgg16_image,460,546,550,460.08224299065415,460.08224299065415,468.144
1790629538,692,12,steady,vit_base_image,73,132,62,73.56037151702786,73.56037151702786,89.405
1790629539,693,12,steady,resnet50_image,134,134,172,133.64290912567927,133.64290912567927,176.963
1790629539,693,12,steady,vgg16_image,461,439,432,460.08224299065415,460.08224299065415,468.144
1790629539,693,12,steady,vit_base_image,74,74,80,73.56037151702786,73.56037151702786,89.405
1790629540,694,12,steady,resnet50_image,134,134,172,133.64290912567927,133.64290912567927,176.963
1790629540,694,12,steady,vgg16_image,460,439,448,460.08224299065415,460.08224299065415,468.144
1790629540,694,12,steady,vit_base_image,74,73,79,73.56037151702786,73.56037151702786,89.405
1790629541,695,12,steady,resnet50_image,133,133,163,133.64290912567927,133.64290912567927,176.963
1790629541,695,12,steady,vgg16_image,460,436,432,460.08224299065415,460.08224299065415,468.144
1790629541,695,12,steady,vit_base_image,73,74,78,73.56037151702786,73.56037151702786,89.405
1790629542,696,12,steady,resnet50_image,134,133,134,133.64290912567927,133.64290912567927,176.963
1790629542,696,12,steady,vgg16_image,460,439,435,460.08224299065415,460.08224299065415,468.144
1790629542,696,12,steady,vit_base_image,74,74,79,73.56037151702786,73.56037151702786,89.405
1790629543,697,12,steady,resnet50_image,134,134,133,133.64290912567927,133.64290912567927,176.963
1790629543,697,12,steady,vgg16_image,460,438,445,460.08224299065415,460.08224299065415,468.144
1790629543,697,12,steady,vit_base_image,73,73,79,73.56037151702786,73.56037151702786,89.405
1790629544,698,12,steady,resnet50_image,133,134,134,133.64290912567927,133.64290912567927,176.963
1790629544,698,12,steady,vgg16_image,460,433,432,460.08224299065415,460.08224299065415,468.144
1790629544,698,12,steady,vit_base_image,74,74,77,73.56037151702786,73.56037151702786,89.405
1790629545,699,12,steady,resnet50_image,134,134,133,133.64290912567927,133.64290912567927,176.963
1790629545,699,12,steady,vgg16_image,460,436,432,460.08224299065415,460.08224299065415,468.144
1790629545,699,12,steady,vit_base_image,73,73,79,73.56037151702786,73.56037151702786,89.405
1790629546,700,12,steady,resnet50_image,134,133,135,133.64290912567927,133.64290912567927,176.963
1790629546,700,12,steady,vgg16_image,460,425,432,460.08224299065415,460.08224299065415,468.144
1790629546,700,12,steady,vit_base_image,74,74,77,73.56037151702786,73.56037151702786,89.405
1790629547,701,12,steady,resnet50_image,133,134,134,133.64290912567927,133.64290912567927,176.963
1790629547,701,12,steady,vgg16_image,460,431,432,460.08224299065415,460.08224299065415,468.144
1790629547,701,12,steady,vit_base_image,73,73,77,73.56037151702786,73.56037151702786,89.405
1790629548,702,12,steady,resnet50_image,134,134,134,133.64290912567927,133.64290912567927,176.963
1790629548,702,12,steady,vgg16_image,460,435,432,460.08224299065415,460.08224299065415,468.144
1790629548,702,12,steady,vit_base_image,74,74,80,73.56037151702786,73.56037151702786,89.405
1790629549,703,12,steady,resnet50_image,133,133,131,133.64290912567927,133.64290912567927,176.963
1790629549,703,12,steady,vgg16_image,460,435,432,460.08224299065415,460.08224299065415,468.144
1790629549,703,12,steady,vit_base_image,74,73,79,73.56037151702786,73.56037151702786,89.405
1790629550,704,12,steady,resnet50_image,134,134,134,133.64290912567927,133.64290912567927,176.963
1790629550,704,12,steady,vgg16_image,460,435,432,460.08224299065415,460.08224299065415,468.144
1790629550,704,12,steady,vit_base_image,73,74,76,73.56037151702786,73.56037151702786,89.405
1790629551,705,12,steady,resnet50_image,134,133,135,133.64290912567927,133.64290912567927,176.963
1790629551,705,12,steady,vgg16_image,461,437,446,460.08224299065415,460.08224299065415,468.144
1790629551,705,12,steady,vit_base_image,74,74,79,73.56037151702786,73.56037151702786,89.405
1790629552,706,12,steady,resnet50_image,133,134,135,133.64290912567927,133.64290912567927,176.963
1790629552,706,12,steady,vgg16_image,460,436,434,460.08224299065415,460.08224299065415,468.144
1790629552,706,12,steady,vit_base_image,73,73,79,73.56037151702786,73.56037151702786,89.405
1790629553,707,12,steady,resnet50_image,110,110,113,133.64290912567927,133.64290912567927,176.963
1790629553,707,12,steady,vgg16_image,376,352,413,460.08224299065415,460.08224299065415,468.144
1790629553,707,12,steady,vit_base_image,60,60,63,73.56037151702786,73.56037151702786,89.405
