t_utc,t_rel,live_round,window,workload,offered,sent,completed,rate_rps,target_rps,ledger_capacity_rps
1790632185,0,1,transition,resnet50_image,0,0,0,0.0,242.71580725528415,
1790632185,0,1,transition,vgg16_image,0,0,0,0.0,446.803738317757,
1790632185,0,1,transition,vit_base_image,0,0,0,0.0,122.60061919504642,
1790632186,1,1,transition,resnet50_image,0,0,0,0.0,242.71580725528415,
1790632186,1,1,transition,vgg16_image,0,0,0,0.0,446.803738317757,
1790632186,1,1,transition,vit_base_image,0,0,0,0.0,122.60061919504642,
1790632187,2,1,transition,resnet50_image,0,0,0,0.0,242.71580725528415,
1790632187,2,1,transition,vgg16_image,0,0,0,0.0,446.803738317757,
1790632187,2,1,transition,vit_base_image,0,0,0,0.0,122.60061919504642,
1790632188,3,1,transition,resnet50_image,0,0,0,0.0,242.71580725528415,
1790632188,3,1,transition,vgg16_image,0,0,0,0.0,446.803738317757,
1790632188,3,1,transition,vit_base_image,0,0,0,0.0,122.60061919504642,
1790632189,4,1,transition,resnet50_image,0,0,0,0.0,242.71580725528415,0
1790632189,4,1,transition,vgg16_image,0,0,0,0.0,446.803738317757,0
1790632189,4,1,transition,vit_base_image,0,0,0,0.0,122.60061919504642,0
1790632190,5,1,transition,resnet50_image,0,0,0,0.0,242.71580725528415,0
1790632190,5,1,transition,vgg16_image,0,0,0,0.0,446.803738317757,0
1790632190,5,1,transition,vit_base_image,0,0,0,0.0,122.60061919504642,0
1790632191,6,1,transition,resnet50_image,0,0,0,0.0,242.71580725528415,0
1790632191,6,1,transition,vgg16_image,0,0,0,0.0,446.803738317757,0
1790632191,6,1,transition,vit_base_image,0,0,0,0.0,122.60061919504642,0
1790632192,7,1,transition,resnet50_image,0,0,0,0.0,242.71580725528415,0
1790632192,7,1,transition,vgg16_image,0,0,0,0.0,446.803738317757,0
1790632192,7,1,transition,vit_base_image,0,0,0,0.0,122.60061919504642,0
1790632193,8,1,transition,resnet50_image,0,0,0,0.0,242.71580725528415,0
1790632193,8,1,transition,vgg16_image,0,0,0,0.0,446.803738317757,0
1790632193,8,1,transition,vit_base_image,0,0,0,0.0,122.60061919504642,0
1790632194,9,1,transition,resnet50_image,0,0,0,0.0,242.71580725528415,0
1790632194,9,1,transition,vgg16_image,0,0,0,0.0,446.803738317757,0
1790632194,9,1,transition,vit_base_image,0,0,0,0.0,122.60061919504642,0
1790632195,10,1,transition,resnet50_image,0,0,0,0.0,242.71580725528415,0
1790632195,10,1,transition,vgg16_image,0,0,0,0.0,446.803738317757,0
1790632195,10,1,transition,vit_base_image,0,0,0,0.0,122.60061919504642,0
1790632196,11,1,transition,resnet50_image,0,0,0,0.0,242.71580725528415,0
1790632196,11,1,transition,vgg16_image,0,0,0,0.0,446.803738317757,0
1790632196,11,1,transition,vit_base_image,0,0,0,0.0,122.60061919504642,0
1790632197,12,1,transition,resnet50_image,0,0,0,0.0,242.71580725528415,0
1790632197,12,1,transition,vgg16_image,0,0,0,0.0,446.803738317757,0
1790632197,12,1,transition,vit_base_image,0,0,0,0.0,122.60061919504642,0
1790632198,13,1,transition,resnet50_image,0,0,0,0.0,242.71580725528415,0
1790632198,13,1,transition,vgg16_image,0,0,0,0.0,446.803738317757,0
1790632198,13,1,transition,vit_base_image,0,0,0,0.0,122.60061919504642,0
1790632199,14,1,transition,resnet50_image,0,0,0,0.0,242.71580725528415,0
1790632199,14,1,transition,vgg16_image,0,0,0,0.0,446.803738317757,0
1790632199,14,1,transition,vit_base_image,0,0,0,0.0,122.60061919504642,0
1790632200,15,1,transition,resnet50_image,0,0,0,0.0,242.71580725528415,0
1790632200,15,1,transition,vgg16_image,0,0,0,0.0,446.803738317757,0
1790632200,15,1,transition,vit_base_image,0,0,0,0.0,122.60061919504642,0
1790632201,16,1,transition,resnet50_image,0,0,0,0.0,242.71580725528415,0
1790632201,16,1,transition,vgg16_image,0,0,0,0.0,446.803738317757,0
1790632201,16,1,transition,vit_base_image,0,0,0,0.0,122.60061919504642,0
1790632202,17,1,transition,resnet50_image,0,0,0,0.0,242.71580725528415,0
1790632202,17,1,transition,vgg16_image,0,0,0,0.0,446.803738317757,0
1790632202,17,1,transition,vit_base_image,0,0,0,0.0,122.60061919504642,0
1790632203,18,1,transition,resnet50_image,0,0,0,0.0,242.71580725528415,0
1790632203,18,1,transition,vgg16_image,0,0,0,0.0,446.803738317757,0
1790632203,18,1,transition,vit_base_image,0,0,0,0.0,122.60061919504642,0
1790632204,19,1,transition,resnet50_image,0,0,0,0.0,242.71580725528415,0
1790632204,19,1,transition,vgg16_image,0,0,0,0.0,446.803738317757,0
1790632204,19,1,transition,vit_base_image,0,0,0,0.0,122.60061919504642,0
1790632205,20,1,transition,resnet50_image,0,0,0,0.0,242.71580725528415,0
1790632205,20,1,transition,vgg16_image,0,0,0,0.0,446.803738317757,0
1790632205,20,1,transition,vit_base_image,0,0,0,0.0,122.60061919504642,0
1790632206,21,1,transition,resnet50_image,0,0,0,0.0,242.71580725528415,0
1790632206,21,1,transition,vgg16_image,0,0,0,0.0,446.803738317757,0
1790632206,21,1,transition,vit_base_image,0,0,0,0.0,122.60061919504642,0
1790632207,22,1,transition,resnet50_image,0,0,0,0.0,242.71580725528415,347.136
1790632207,22,1,transition,vgg16_image,0,0,0,0.0,446.803738317757,468.144
1790632207,22,1,transition,vit_base_image,0,0,0,0.0,122.60061919504642,0
1790632208,23,1,transition,resnet50_image,0,0,0,0.0,242.71580725528415,347.136
1790632208,23,1,transition,vgg16_image,0,0,0,0.0,446.803738317757,468.144
1790632208,23,1,transition,vit_base_image,0,0,0,0.0,122.60061919504642,0
1790632209,24,1,transition,resnet50_image,0,0,0,0.0,242.71580725528415,347.136
1790632209,24,1,transition,vgg16_image,0,0,0,0.0,446.803738317757,468.144
1790632209,24,1,transition,vit_base_image,0,0,0,0.0,122.60061919504642,0
1790632210,25,1,transition,resnet50_image,0,0,0,0.0,242.71580725528415,347.136
1790632210,25,1,transition,vgg16_image,0,0,0,0.0,446.803738317757,468.144
1790632210,25,1,transition,vit_base_image,0,0,0,0.0,122.60061919504642,125.967
1790632211,26,1,transition,resnet50_image,0,0,0,0.0,242.71580725528415,347.136
1790632211,26,1,transition,vgg16_image,0,0,0,0.0,446.803738317757,468.144
1790632211,26,1,transition,vit_base_image,0,0,0,0.0,122.60061919504642,125.967
1790632212,27,1,transition,resnet50_image,0,0,0,0.0,242.71580725528415,347.136
1790632212,27,1,transition,vgg16_image,0,0,0,0.0,446.803738317757,468.144
1790632212,27,1,transition,vit_base_image,0,0,0,0.0,122.60061919504642,125.967
1790632213,28,1,transition,resnet50_image,0,0,0,0.0,242.71580725528415,347.136
1790632213,28,1,transition,vgg16_image,0,0,0,0.0,446.803738317757,468.144
1790632213,28,1,transition,vit_base_image,0,0,0,0.0,122.60061919504642,125.967
1790632214,29,1,transition,resnet50_image,0,0,0,0.0,242.71580725528415,347.136
1790632214,29,1,transition,vgg16_image,0,0,0,0.0,446.803738317757,468.144
1790632214,29,1,transition,vit_base_image,0,0,0,0.0,122.60061919504642,125.967
1790632215,30,1,transition,resnet50_image,99,99,91,0.0,242.71580725528415,347.136
1790632215,30,1,transition,vgg16_image,183,182,146,0.0,446.803738317757,468.144
1790632215,30,1,transition,vit_base_image,51,50,35,0.0,122.60061919504642,125.967
1790632216,31,1,steady,resnet50_image,243,242,240,242.71580725528415,242.71580725528415,347.136
1790632216,31,1,steady,vgg16_image,446,447,384,446.803738317757,446.803738317757,468.144
1790632216,31,1,steady,vit_base_image,122,123,97,122.60061919504642,122.60061919504642,125.967
1790632217,32,1,steady,resnet50_image,242,243,245,242.71580725528415,242.71580725528415,347.136
1790632217,32,1,steady,vgg16_image,447,447,432,446.803738317757,446.803738317757,468.144
1790632217,32,1,steady,vit_base_image,123,123,122,122.60061919504642,122.60061919504642,125.967
1790632218,33,1,steady,resnet50_image,243,243,238,242.71580725528415,242.71580725528415,347.136
1790632218,33,1,steady,vgg16_image,447,446,448,446.803738317757,446.803738317757,468.144
1790632218,33,1,steady,vit_base_image,122,122,107,122.60061919504642,122.60061919504642,125.967
1790632219,34,1,steady,resnet50_image,243,242,249,242.71580725528415,242.71580725528415,347.136
1790632219,34,1,steady,vgg16_image,447,447,432,446.803738317757,446.803738317757,468.144
1790632219,34,1,steady,vit_base_image,123,123,121,122.60061919504642,122.60061919504642,125.967
1790632220,35,1,steady,resnet50_image,243,243,238,242.71580725528415,242.71580725528415,347.136
1790632220,35,1,steady,vgg16_image,447,447,432,446.803738317757,446.803738317757,468.144
1790632220,35,1,steady,vit_base_image,123,122,128,122.60061919504642,122.60061919504642,125.967
1790632221,36,1,steady,resnet50_image,242,243,243,242.71580725528415,242.71580725528415,347.136
1790632221,36,1,steady,vgg16_image,446,447,432,446.803738317757,446.803738317757,468.144
1790632221,36,1,steady,vit_base_image,122,123,128,122.60061919504642,122.60061919504642,125.967
1790632222,37,1,steady,resnet50_image,243,243,246,242.71580725528415,242.71580725528415,347.136
1790632222,37,1,steady,vgg16_image,447,446,400,446.803738317757,446.803738317757,468.144
1790632222,37,1,steady,vit_base_image,123,122,123,122.60061919504642,122.60061919504642,125.967
1790632223,38,1,steady,resnet50_image,243,242,243,242.71580725528415,242.71580725528415,347.136
1790632223,38,1,steady,vgg16_image,447,447,437,446.803738317757,446.803738317757,468.144
1790632223,38,1,steady,vit_base_image,122,123,96,122.60061919504642,122.60061919504642,125.967
1790632224,39,1,steady,resnet50_image,242,243,238,242.71580725528415,242.71580725528415,347.136
1790632224,39,1,steady,vgg16_image,447,448,443,446.803738317757,446.803738317757,468.144
1790632224,39,1,steady,vit_base_image,123,123,128,122.60061919504642,122.60061919504642,125.967
1790632225,40,1,steady,resnet50_image,243,243,246,242.71580725528415,242.71580725528415,347.136
1790632225,40,1,steady,vgg16_image,447,446,432,446.803738317757,446.803738317757,468.144
1790632225,40,1,steady,vit_base_image,123,122,128,122.60061919504642,122.60061919504642,125.967
1790632226,41,1,steady,resnet50_image,243,243,244,242.71580725528415,242.71580725528415,347.136
1790632226,41,1,steady,vgg16_image,446,446,432,446.803738317757,446.803738317757,468.144
1790632226,41,1,steady,vit_base_image,122,123,128,122.60061919504642,122.60061919504642,125.967
1790632227,42,1,steady,resnet50_image,243,242,241,242.71580725528415,242.71580725528415,347.136
1790632227,42,1,steady,vgg16_image,447,435,432,446.803738317757,446.803738317757,468.144
1790632227,42,1,steady,vit_base_image,123,122,96,122.60061919504642,122.60061919504642,125.967
1790632228,43,1,steady,resnet50_image,242,243,244,242.71580725528415,242.71580725528415,347.136
1790632228,43,1,steady,vgg16_image,447,444,448,446.803738317757,446.803738317757,468.144
1790632228,43,1,steady,vit_base_image,122,123,128,122.60061919504642,122.60061919504642,125.967
1790632229,44,1,steady,resnet50_image,243,242,240,242.71580725528415,242.71580725528415,347.136
1790632229,44,1,steady,vgg16_image,447,439,432,446.803738317757,446.803738317757,468.144
1790632229,44,1,steady,vit_base_image,123,123,128,122.60061919504642,122.60061919504642,125.967
1790632230,45,1,steady,resnet50_image,243,243,242,242.71580725528415,242.71580725528415,347.136
1790632230,45,1,steady,vgg16_image,447,439,448,446.803738317757,446.803738317757,468.144
1790632230,45,1,steady,vit_base_image,123,122,96,122.60061919504642,122.60061919504642,125.967
1790632231,46,1,steady,resnet50_image,242,243,244,242.71580725528415,242.71580725528415,347.136
1790632231,46,1,steady,vgg16_image,446,419,416,446.803738317757,446.803738317757,468.144
1790632231,46,1,steady,vit_base_image,122,123,128,122.60061919504642,122.60061919504642,125.967
1790632232,47,1,steady,resnet50_image,243,243,246,242.71580725528415,242.71580725528415,347.136
1790632232,47,1,steady,vgg16_image,447,431,432,446.803738317757,446.803738317757,468.144
1790632232,47,1,steady,vit_base_image,123,122,128,122.60061919504642,122.60061919504642,125.967
1790632233,48,1,steady,resnet50_image,243,242,237,242.71580725528415,242.71580725528415,347.136
1790632233,48,1,steady,vgg16_image,447,439,432,446.803738317757,446.803738317757,468.144
1790632233,48,1,steady,vit_base_image,122,123,128,122.60061919504642,122.60061919504642,125.967
1790632234,49,1,steady,resnet50_image,243,243,244,242.71580725528415,242.71580725528415,347.136
1790632234,49,1,steady,vgg16_image,447,439,447,446.803738317757,446.803738317757,468.144
1790632234,49,1,steady,vit_base_image,123,123,96,122.60061919504642,122.60061919504642,125.967
1790632235,50,1,steady,resnet50_image,242,243,244,242.71580725528415,242.71580725528415,347.136
1790632235,50,1,steady,vgg16_image,447,437,433,446.803738317757,446.803738317757,468.144
1790632235,50,1,steady,vit_base_image,123,122,128,122.60061919504642,122.60061919504642,125.967
1790632236,51,1,steady,resnet50_image,243,243,244,242.71580725528415,242.71580725528415,347.136
1790632236,51,1,steady,vgg16_image,446,430,432,446.803738317757,446.803738317757,468.144
1790632236,51,1,steady,vit_base_image,122,123,128,122.60061919504642,122.60061919504642,125.967
1790632237,52,1,steady,resnet50_image,243,243,240,242.71580725528415,242.71580725528415,347.136
1790632237,52,1,steady,vgg16_image,447,414,416,446.803738317757,446.803738317757,468.144
1790632237,52,1,steady,vit_base_image,123,123,96,122.60061919504642,122.60061919504642,125.967
1790632238,53,1,steady,resnet50_image,242,242,243,242.71580725528415,242.71580725528415,347.136
1790632238,53,1,steady,vgg16_image,447,438,432,446.803738317757,446.803738317757,468.144
1790632238,53,1,steady,vit_base_image,122,122,128,122.60061919504642,122.60061919504642,125.967
1790632239,54,1,steady,resnet50_image,243,243,243,242.71580725528415,242.71580725528415,347.136
1790632239,54,1,steady,vgg16_image,447,435,432,446.803738317757,446.803738317757,468.144
1790632239,54,1,steady,vit_base_image,123,123,128,122.60061919504642,122.60061919504642,125.967
1790632240,55,1,steady,resnet50_image,243,243,246,242.71580725528415,242.71580725528415,347.136
1790632240,55,1,steady,vgg16_image,447,440,448,446.803738317757,446.803738317757,468.144
1790632240,55,1,steady,vit_base_image,123,122,96,122.60061919504642,122.60061919504642,125.967
1790632241,56,1,steady,resnet50_image,243,242,238,242.71580725528415,242.71580725528415,347.136
1790632241,56,1,steady,vgg16_image,446,437,432,446.803738317757,446.803738317757,468.144
1790632241,56,1,steady,vit_base_image,122,123,128,122.60061919504642,122.60061919504642,125.967
1790632242,57,1,steady,resnet50_image,242,243,243,242.71580725528415,242.71580725528415,347.136
1790632242,57,1,steady,vgg16_image,447,421,416,446.803738317757,446.803738317757,468.144
1790632242,57,1,steady,vit_base_image,123,122,128,122.60061919504642,122.60061919504642,125.967
1790632243,58,1,steady,resnet50_image,243,242,244,242.71580725528415,242.71580725528415,347.136
1790632243,58,1,steady,vgg16_image,447,427,432,446.803738317757,446.803738317757,468.144
1790632243,58,1,steady,vit_base_image,122,123,97,122.60061919504642,122.60061919504642,125.967
1790632244,59,1,steady,resnet50_image,243,244,245,242.71580725528415,242.71580725528415,347.136
1790632244,59,1,steady,vgg16_image,447,438,432,446.803738317757,446.803738317757,468.144
1790632244,59,1,steady,vit_base_image,123,123,127,122.60061919504642,122.60061919504642,125.967
1790632245,60,1,steady,resnet50_image,242,242,240,242.71580725528415,242.71580725528415,347.136
1790632245,60,1,steady,vgg16_image,447,436,448,446.803738317757,446.803738317757,468.144
1790632245,60,1,steady,vit_base_image,123,122,128,122.60061919504642,122.60061919504642,125.967
1790632246,61,,,resnet50_image,243,243,243,,,347.136
1790632246,61,,,vgg16_image,447,437,432,,,468.144
1790632246,61,,,vit_base_image,122,123,128,,,125.967
1790632247,62,,,resnet50_image,243,242,243,,,347.136
1790632247,62,,,vgg16_image,446,423,420,,,468.144
1790632247,62,,,vit_base_image,123,123,96,,,125.967
1790632248,63,,,resnet50_image,243,243,245,,,347.136
1790632248,63,,,vgg16_image,447,421,428,,,468.144
1790632248,63,,,vit_base_image,122,122,128,,,125.967
1790632249,64,,,resnet50_image,242,242,243,,,347.136
1790632249,64,,,vgg16_image,447,428,420,,,468.144
1790632249,64,,,vit_base_image,123,122,128,,,125.967
1790632250,65,,,resnet50_image,243,244,239,,,347.136
1790632250,65,,,vgg16_image,447,429,428,,,468.144
1790632250,65,,,vit_base_image,123,123,96,,,125.967
1790632251,66,2,transition,resnet50_image,220,219,226,214.84735642686016,214.84735642686016,347.136
1790632251,66,2,transition,vgg16_image,445,363,368,446.803738317757,478.026168224299,468.144
1790632251,66,2,transition,vit_base_image,122,123,128,122.60061919504642,122.60061919504642,125.967
1790632252,67,2,transition,resnet50_image,214,215,211,214.84735642686016,214.84735642686016,347.136
1790632252,67,2,transition,vgg16_image,447,435,432,446.803738317757,478.026168224299,468.144
1790632252,67,2,transition,vit_base_image,123,123,96,122.60061919504642,122.60061919504642,125.967
1790632253,68,2,transition,resnet50_image,215,215,214,214.84735642686016,214.84735642686016,347.136
1790632253,68,2,transition,vgg16_image,447,428,432,446.803738317757,478.026168224299,468.144
1790632253,68,2,transition,vit_base_image,122,122,128,122.60061919504642,122.60061919504642,125.967
1790632254,69,2,transition,resnet50_image,215,215,216,214.84735642686016,214.84735642686016,347.136
1790632254,69,2,transition,vgg16_image,446,428,432,446.803738317757,478.026168224299,468.144
1790632254,69,2,transition,vit_base_image,123,123,128,122.60061919504642,122.60061919504642,125.967
1790632255,70,2,transition,resnet50_image,215,215,215,214.84735642686016,214.84735642686016,347.136
1790632255,70,2,transition,vgg16_image,447,425,416,446.803738317757,478.026168224299,468.144
1790632255,70,2,transition,vit_base_image,123,122,96,122.60061919504642,122.60061919504642,125.967
1790632256,71,2,transition,resnet50_image,215,214,214,214.84735642686016,214.84735642686016,347.136
1790632256,71,2,transition,vgg16_image,447,424,432,446.803738317757,478.026168224299,468.144
1790632256,71,2,transition,vit_base_image,122,123,128,122.60061919504642,122.60061919504642,125.967
1790632257,72,2,transition,resnet50_image,215,215,218,214.84735642686016,214.84735642686016,347.136
1790632257,72,2,transition,vgg16_image,447,433,432,446.803738317757,478.026168224299,468.144
1790632257,72,2,transition,vit_base_image,123,123,128,122.60061919504642,122.60061919504642,125.967
1790632258,73,2,transition,resnet50_image,215,215,212,214.84735642686016,214.84735642686016,347.136
1790632258,73,2,transition,vgg16_image,447,432,432,446.803738317757,478.026168224299,468.144
1790632258,73,2,transition,vit_base_image,122,122,128,122.60061919504642,122.60061919504642,125.967
1790632259,74,2,transition,resnet50_image,214,215,216,214.84735642686016,214.84735642686016,347.136
1790632259,74,2,transition,vgg16_image,446,431,464,446.803738317757,478.026168224299,489.336
1790632259,74,2,transition,vit_base_image,123,123,96,122.60061919504642,122.60061919504642,125.967
1790632260,75,2,transition,resnet50_image,215,213,184,214.84735642686016,214.84735642686016,347.136
1790632260,75,2,transition,vgg16_image,447,443,416,446.803738317757,478.026168224299,489.336
1790632260,75,2,transition,vit_base_image,123,121,128,122.60061919504642,122.60061919504642,125.967
1790632261,76,2,transition,resnet50_image,215,217,247,214.84735642686016,214.84735642686016,347.136
1790632261,76,2,transition,vgg16_image,447,418,416,446.803738317757,478.026168224299,489.336
1790632261,76,2,transition,vit_base_image,122,124,128,122.60061919504642,122.60061919504642,125.967
1790632262,77,2,transition,resnet50_image,215,214,211,214.84735642686016,214.84735642686016,347.136
1790632262,77,2,transition,vgg16_image,447,437,448,446.803738317757,478.026168224299,489.336
1790632262,77,2,transition,vit_base_image,123,122,126,122.60061919504642,122.60061919504642,125.967
1790632263,78,2,steady,resnet50_image,213,214,217,214.84735642686016,214.84735642686016,347.136
1790632263,78,2,steady,vgg16_image,469,453,448,478.026168224299,478.026168224299,489.336
1790632263,78,2,steady,vit_base_image,122,123,98,122.60061919504642,122.60061919504642,125.967
1790632264,79,2,steady,resnet50_image,215,214,216,214.84735642686016,214.84735642686016,347.136
1790632264,79,2,steady,vgg16_image,478,464,448,478.026168224299,478.026168224299,489.336
1790632264,79,2,steady,vit_base_image,123,123,128,122.60061919504642,122.60061919504642,125.967
1790632265,80,2,steady,resnet50_image,215,216,209,214.84735642686016,214.84735642686016,347.136
1790632265,80,2,steady,vgg16_image,478,446,448,478.026168224299,478.026168224299,489.336
1790632265,80,2,steady,vit_base_image,123,122,128,122.60061919504642,122.60061919504642,125.967
1790632266,81,2,steady,resnet50_image,215,215,218,214.84735642686016,214.84735642686016,347.136
1790632266,81,2,steady,vgg16_image,478,447,448,478.026168224299,478.026168224299,489.336
1790632266,81,2,steady,vit_base_image,122,123,128,122.60061919504642,122.60061919504642,125.967
1790632267,82,2,steady,resnet50_image,215,214,214,214.84735642686016,214.84735642686016,347.136
1790632267,82,2,steady,vgg16_image,478,385,384,478.026168224299,478.026168224299,489.336
1790632267,82,2,steady,vit_base_image,123,121,96,122.60061919504642,122.60061919504642,125.967
1790632268,83,2,steady,resnet50_image,214,215,216,214.84735642686016,214.84735642686016,347.136
1790632268,83,2,steady,vgg16_image,478,439,448,478.026168224299,478.026168224299,489.336
1790632268,83,2,steady,vit_base_image,122,122,128,122.60061919504642,122.60061919504642,125.967
1790632269,84,2,steady,resnet50_image,215,215,212,214.84735642686016,214.84735642686016,347.136
1790632269,84,2,steady,vgg16_image,478,450,448,478.026168224299,478.026168224299,489.336
1790632269,84,2,steady,vit_base_image,123,123,128,122.60061919504642,122.60061919504642,125.967
1790632270,85,2,steady,resnet50_image,215,215,216,214.84735642686016,214.84735642686016,347.136
1790632270,85,2,steady,vgg16_image,478,449,448,478.026168224299,478.026168224299,489.336
1790632270,85,2,steady,vit_base_image,123,122,128,122.60061919504642,122.60061919504642,125.967
1790632271,86,2,steady,resnet50_image,215,215,214,214.84735642686016,214.84735642686016,347.136
1790632271,86,2,steady,vgg16_image,478,449,448,478.026168224299,478.026168224299,489.336
1790632271,86,2,steady,vit_base_image,122,120,128,122.60061919504642,122.60061919504642,125.967
1790632272,87,2,steady,resnet50_image,215,214,217,214.84735642686016,214.84735642686016,347.136
1790632272,87,2,steady,vgg16_image,478,444,448,478.026168224299,478.026168224299,489.336
1790632272,87,2,steady,vit_base_image,123,119,96,122.60061919504642,122.60061919504642,125.967
1790632273,88,2,steady,resnet50_image,215,215,213,214.84735642686016,214.84735642686016,347.136
1790632273,88,2,steady,vgg16_image,478,450,448,478.026168224299,478.026168224299,489.336
1790632273,88,2,steady,vit_base_image,122,122,128,122.60061919504642,122.60061919504642,125.967
1790632274,89,2,steady,resnet50_image,214,215,217,214.84735642686016,214.84735642686016,347.136
1790632274,89,2,steady,vgg16_image,478,442,448,478.026168224299,478.026168224299,489.336
1790632274,89,2,steady,vit_base_image,123,123,128,122.60061919504642,122.60061919504642,125.967
1790632275,90,2,steady,resnet50_image,215,215,214,214.84735642686016,214.84735642686016,347.136
1790632275,90,2,steady,vgg16_image,479,433,416,478.026168224299,478.026168224299,489.336
1790632275,90,2,steady,vit_base_image,123,122,128,122.60061919504642,122.60061919504642,125.967
1790632276,91,2,steady,resnet50_image,215,215,213,214.84735642686016,214.84735642686016,347.136
1790632276,91,2,steady,vgg16_image,478,435,448,478.026168224299,478.026168224299,489.336
1790632276,91,2,steady,vit_base_image,122,120,96,122.60061919504642,122.60061919504642,125.967
1790632277,92,2,steady,resnet50_image,215,215,215,214.84735642686016,214.84735642686016,347.136
1790632277,92,2,steady,vgg16_image,478,439,448,478.026168224299,478.026168224299,489.336
1790632277,92,2,steady,vit_base_image,123,117,128,122.60061919504642,122.60061919504642,125.967
1790632278,93,2,steady,resnet50_image,215,215,217,214.84735642686016,214.84735642686016,347.136
1790632278,93,2,steady,vgg16_image,478,444,448,478.026168224299,478.026168224299,489.336
1790632278,93,2,steady,vit_base_image,122,122,128,122.60061919504642,122.60061919504642,125.967
1790632279,94,2,steady,resnet50_image,215,215,215,214.84735642686016,214.84735642686016,347.136
1790632279,94,2,steady,vgg16_image,478,444,416,478.026168224299,478.026168224299,489.336
1790632279,94,2,steady,vit_base_image,123,123,128,122.60061919504642,122.60061919504642,125.967
1790632280,95,2,steady,resnet50_image,215,214,214,214.84735642686016,214.84735642686016,347.136
1790632280,95,2,steady,vgg16_image,478,445,448,478.026168224299,478.026168224299,489.336
1790632280,95,2,steady,vit_base_image,123,122,128,122.60061919504642,122.60061919504642,125.967
1790632281,96,2,steady,resnet50_image,214,215,212,214.84735642686016,214.84735642686016,347.136
1790632281,96,2,steady,vgg16_image,478,445,448,478.026168224299,478.026168224299,489.336
1790632281,96,2,steady,vit_base_image,122,119,96,122.60061919504642,122.60061919504642,125.967
1790632282,97,2,steady,resnet50_image,215,215,219,214.84735642686016,214.84735642686016,347.136
1790632282,97,2,steady,vgg16_image,478,438,448,478.026168224299,478.026168224299,489.336
1790632282,97,2,steady,vit_base_image,123,118,128,122.60061919504642,122.60061919504642,125.967
1790632283,98,2,steady,resnet50_image,215,215,216,214.84735642686016,214.84735642686016,347.136
1790632283,98,2,steady,vgg16_image,478,447,448,478.026168224299,478.026168224299,489.336
1790632283,98,2,steady,vit_base_image,122,122,128,122.60061919504642,122.60061919504642,125.967
1790632284,99,2,steady,resnet50_image,215,215,214,214.84735642686016,214.84735642686016,347.136
1790632284,99,2,steady,vgg16_image,478,448,448,478.026168224299,478.026168224299,489.336
1790632284,99,2,steady,vit_base_image,123,123,128,122.60061919504642,122.60061919504642,125.967
1790632285,100,2,steady,resnet50_image,215,214,213,214.84735642686016,214.84735642686016,347.136
1790632285,100,2,steady,vgg16_image,478,442,448,478.026168224299,478.026168224299,489.336
1790632285,100,2,steady,vit_base_image,123,122,128,122.60061919504642,122.60061919504642,125.967
1790632286,101,2,steady,resnet50_image,215,215,216,214.84735642686016,214.84735642686016,347.136
1790632286,101,2,steady,vgg16_image,478,449,448,478.026168224299,478.026168224299,489.336
1790632286,101,2,steady,vit_base_image,122,120,96,122.60061919504642,122.60061919504642,125.967
1790632287,102,2,steady,resnet50_image,214,214,212,214.84735642686016,214.84735642686016,347.136
1790632287,102,2,steady,vgg16_image,478,439,421,478.026168224299,478.026168224299,489.336
1790632287,102,2,steady,vit_base_image,123,116,128,122.60061919504642,122.60061919504642,125.967
1790632288,103,2,steady,resnet50_image,215,216,219,214.84735642686016,214.84735642686016,347.136
1790632288,103,2,steady,vgg16_image,478,440,443,478.026168224299,478.026168224299,489.336
1790632288,103,2,steady,vit_base_image,122,123,128,122.60061919504642,122.60061919504642,125.967
1790632289,104,2,steady,resnet50_image,215,215,213,214.84735642686016,214.84735642686016,347.136
1790632289,104,2,steady,vgg16_image,478,437,448,478.026168224299,478.026168224299,489.336
1790632289,104,2,steady,vit_base_image,123,123,128,122.60061919504642,122.60061919504642,125.967
1790632290,105,2,steady,resnet50_image,215,215,214,214.84735642686016,214.84735642686016,347.136
1790632290,105,2,steady,vgg16_image,478,441,448,478.026168224299,478.026168224299,489.336
1790632290,105,2,steady,vit_base_image,123,122,96,122.60061919504642,122.60061919504642,125.967
1790632291,106,2,steady,resnet50_image,215,215,218,214.84735642686016,214.84735642686016,347.136
1790632291,106,2,steady,vgg16_image,478,448,448,478.026168224299,478.026168224299,489.336
1790632291,106,2,steady,vit_base_image,122,121,128,122.60061919504642,122.60061919504642,125.967
1790632292,107,2,steady,resnet50_image,215,214,210,214.84735642686016,214.84735642686016,347.136
1790632292,107,2,steady,vgg16_image,478,448,448,478.026168224299,478.026168224299,489.336
1790632292,107,2,steady,vit_base_image,123,117,128,122.60061919504642,122.60061919504642,125.967
1790632293,108,,,resnet50_image,215,215,216,,,347.136
1790632293,108,,,vgg16_image,478,441,418,,,489.336
1790632293,108,,,vit_base_image,122,122,128,,,125.967
1790632294,109,,,resnet50_image,214,215,217,,,347.136
1790632294,109,,,vgg16_image,478,447,446,,,489.336
1790632294,109,,,vit_base_image,123,123,128,,,125.967
1790632295,110,,,resnet50_image,215,214,215,,,347.136
1790632295,110,,,vgg16_image,478,449,458,,,489.336
1790632295,110,,,vit_base_image,123,122,96,,,125.967
1790632296,111,,,resnet50_image,215,216,210,,,347.136
1790632296,111,,,vgg16_image,478,448,438,,,489.336
1790632296,111,,,vit_base_image,122,120,128,,,125.967
1790632297,112,,,resnet50_image,215,215,220,,,347.136
1790632297,112,,,vgg16_image,478,389,416,,,489.336
1790632297,112,,,vit_base_image,123,117,128,,,125.967
1790632298,113,,,resnet50_image,215,214,215,,,347.136
1790632298,113,,,vgg16_image,478,443,419,,,489.336
1790632298,113,,,vit_base_image,122,122,128,,,125.967
1790632299,114,3,transition,resnet50_image,214,214,211,214.69028786341497,214.69028786341497,347.136
1790632299,114,3,transition,vgg16_image,476,445,445,478.026168224299,507.4542056074765,489.336
1790632299,114,3,transition,vit_base_image,123,122,96,122.60061919504642,122.60061919504642,125.967
1790632300,115,3,transition,resnet50_image,214,215,215,214.69028786341497,214.69028786341497,347.136
1790632300,115,3,transition,vgg16_image,478,441,448,478.026168224299,507.4542056074765,489.336
1790632300,115,3,transition,vit_base_image,122,119,128,122.60061919504642,122.60061919504642,125.967
1790632301,116,3,transition,resnet50_image,215,215,214,214.69028786341497,214.69028786341497,347.136
1790632301,116,3,transition,vgg16_image,478,448,448,478.026168224299,507.4542056074765,489.336
1790632301,116,3,transition,vit_base_image,123,118,128,122.60061919504642,122.60061919504642,125.967
1790632302,117,3,transition,resnet50_image,215,214,219,214.69028786341497,214.69028786341497,347.136
1790632302,117,3,transition,vgg16_image,478,451,448,478.026168224299,507.4542056074765,489.336
1790632302,117,3,transition,vit_base_image,122,119,96,122.60061919504642,122.60061919504642,125.967
1790632303,118,3,transition,resnet50_image,214,215,211,214.69028786341497,214.69028786341497,347.136
1790632303,118,3,transition,vgg16_image,478,451,448,478.026168224299,507.4542056074765,489.336
1790632303,118,3,transition,vit_base_image,123,123,128,122.60061919504642,122.60061919504642,125.967
1790632304,119,3,transition,resnet50_image,215,215,219,214.69028786341497,214.69028786341497,347.136
1790632304,119,3,transition,vgg16_image,478,448,448,478.026168224299,507.4542056074765,489.336
1790632304,119,3,transition,vit_base_image,123,122,128,122.60061919504642,122.60061919504642,125.967
1790632305,120,3,transition,resnet50_image,215,214,210,214.69028786341497,214.69028786341497,347.136
1790632305,120,3,transition,vgg16_image,478,458,480,478.026168224299,507.4542056074765,489.336
1790632305,120,3,transition,vit_base_image,122,120,128,122.60061919504642,122.60061919504642,125.967
1790632306,121,3,transition,resnet50_image,215,215,218,214.69028786341497,214.69028786341497,347.136
1790632306,121,3,transition,vgg16_image,478,370,344,478.026168224299,507.4542056074765,489.336
1790632306,121,3,transition,vit_base_image,123,117,97,122.60061919504642,122.60061919504642,125.967
1790632307,122,3,transition,resnet50_image,214,215,213,214.69028786341497,214.69028786341497,347.136
1790632307,122,3,transition,vgg16_image,479,93,93,478.026168224299,507.4542056074765,101.706
1790632307,122,3,transition,vit_base_image,122,122,127,122.60061919504642,122.60061919504642,125.967
1790632308,123,3,transition,resnet50_image,215,214,214,214.69028786341497,214.69028786341497,347.136
1790632308,123,3,transition,vgg16_image,478,92,92,478.026168224299,507.4542056074765,101.706
1790632308,123,3,transition,vit_base_image,123,123,128,122.60061919504642,122.60061919504642,125.967
1790632309,124,3,transition,resnet50_image,215,215,214,214.69028786341497,214.69028786341497,347.136
1790632309,124,3,transition,vgg16_image,478,92,92,478.026168224299,507.4542056074765,101.706
1790632309,124,3,transition,vit_base_image,123,123,128,122.60061919504642,122.60061919504642,125.967
1790632310,125,3,transition,resnet50_image,214,215,208,214.69028786341497,214.69028786341497,347.136
1790632310,125,3,transition,vgg16_image,478,87,87,478.026168224299,507.4542056074765,101.706
1790632310,125,3,transition,vit_base_image,122,122,128,122.60061919504642,122.60061919504642,125.967
1790632311,126,3,transition,resnet50_image,215,215,226,214.69028786341497,214.69028786341497,347.136
1790632311,126,3,transition,vgg16_image,478,82,82,478.026168224299,507.4542056074765,101.706
1790632311,126,3,transition,vit_base_image,123,123,128,122.60061919504642,122.60061919504642,125.967
1790632312,127,3,transition,resnet50_image,215,214,212,214.69028786341497,214.69028786341497,347.136
1790632312,127,3,transition,vgg16_image,478,90,91,478.026168224299,507.4542056074765,101.706
1790632312,127,3,transition,vit_base_image,122,122,128,122.60061919504642,122.60061919504642,125.967
1790632313,128,3,transition,resnet50_image,214,215,214,214.69028786341497,214.69028786341497,347.136
1790632313,128,3,transition,vgg16_image,478,93,92,478.026168224299,507.4542056074765,101.706
1790632313,128,3,transition,vit_base_image,123,123,128,122.60061919504642,122.60061919504642,125.967
1790632314,129,3,transition,resnet50_image,215,215,217,214.69028786341497,214.69028786341497,347.136
1790632314,129,3,transition,vgg16_image,478,91,91,478.026168224299,507.4542056074765,101.706
1790632314,129,3,transition,vit_base_image,123,123,96,122.60061919504642,122.60061919504642,125.967
1790632315,130,3,transition,resnet50_image,215,214,214,214.69028786341497,214.69028786341497,347.136
1790632315,130,3,transition,vgg16_image,478,92,93,478.026168224299,507.4542056074765,101.706
1790632315,130,3,transition,vit_base_image,122,122,128,122.60061919504642,122.60061919504642,125.967
1790632316,131,3,transition,resnet50_image,214,215,216,214.69028786341497,214.69028786341497,347.136
1790632316,131,3,transition,vgg16_image,478,93,92,478.026168224299,507.4542056074765,101.706
1790632316,131,3,transition,vit_base_image,123,123,128,122.60061919504642,122.60061919504642,125.967
1790632317,132,3,transition,resnet50_image,215,215,213,214.69028786341497,214.69028786341497,347.136
1790632317,132,3,transition,vgg16_image,478,92,92,478.026168224299,507.4542056074765,101.706
1790632317,132,3,transition,vit_base_image,122,122,128,122.60061919504642,122.60061919504642,125.967
1790632318,133,3,transition,resnet50_image,215,215,212,214.69028786341497,214.69028786341497,347.136
1790632318,133,3,transition,vgg16_image,478,253,256,478.026168224299,507.4542056074765,515.448
1790632318,133,3,transition,vit_base_image,123,123,128,122.60061919504642,122.60061919504642,125.967
1790632319,134,3,transition,resnet50_image,215,214,215,214.69028786341497,214.69028786341497,347.136
1790632319,134,3,transition,vgg16_image,478,436,439,478.026168224299,507.4542056074765,515.448
1790632319,134,3,transition,vit_base_image,123,122,128,122.60061919504642,122.60061919504642,125.967
1790632320,135,3,transition,resnet50_image,213,214,212,214.69028786341497,214.69028786341497,347.136
1790632320,135,3,transition,vgg16_image,479,384,378,478.026168224299,507.4542056074765,515.448
1790632320,135,3,transition,vit_base_image,122,123,96,122.60061919504642,122.60061919504642,125.967
1790632321,136,3,steady,resnet50_image,215,215,218,214.69028786341497,214.69028786341497,347.136
1790632321,136,3,steady,vgg16_image,507,438,441,507.4542056074765,507.4542056074765,515.448
1790632321,136,3,steady,vit_base_image,123,121,128,122.60061919504642,122.60061919504642,125.967
1790632322,137,3,steady,resnet50_image,215,214,213,214.69028786341497,214.69028786341497,347.136
1790632322,137,3,steady,vgg16_image,508,444,444,507.4542056074765,507.4542056074765,515.448
1790632322,137,3,steady,vit_base_image,122,119,128,122.60061919504642,122.60061919504642,125.967
1790632323,138,3,steady,resnet50_image,214,215,219,214.69028786341497,214.69028786341497,347.136
1790632323,138,3,steady,vgg16_image,507,441,439,507.4542056074765,507.4542056074765,515.448
1790632323,138,3,steady,vit_base_image,123,118,96,122.60061919504642,122.60061919504642,125.967
1790632324,139,3,steady,resnet50_image,215,215,212,214.69028786341497,214.69028786341497,347.136
1790632324,139,3,steady,vgg16_image,508,439,440,507.4542056074765,507.4542056074765,515.448
1790632324,139,3,steady,vit_base_image,123,116,128,122.60061919504642,122.60061919504642,125.967
1790632325,140,3,steady,resnet50_image,215,215,213,214.69028786341497,214.69028786341497,347.136
1790632325,140,3,steady,vgg16_image,507,440,438,507.4542056074765,507.4542056074765,515.448
1790632325,140,3,steady,vit_base_image,122,117,128,122.60061919504642,122.60061919504642,125.967
1790632326,141,3,steady,resnet50_image,215,214,217,214.69028786341497,214.69028786341497,347.136
1790632326,141,3,steady,vgg16_image,508,370,373,507.4542056074765,507.4542056074765,515.448
1790632326,141,3,steady,vit_base_image,123,120,96,122.60061919504642,122.60061919504642,125.967
1790632327,142,3,steady,resnet50_image,214,215,214,214.69028786341497,214.69028786341497,347.136
1790632327,142,3,steady,vgg16_image,507,444,443,507.4542056074765,507.4542056074765,515.448
1790632327,142,3,steady,vit_base_image,122,119,128,122.60061919504642,122.60061919504642,125.967
1790632328,143,3,steady,resnet50_image,215,215,213,214.69028786341497,214.69028786341497,347.136
1790632328,143,3,steady,vgg16_image,507,441,441,507.4542056074765,507.4542056074765,515.448
1790632328,143,3,steady,vit_base_image,123,118,128,122.60061919504642,122.60061919504642,125.967
1790632329,144,3,steady,resnet50_image,215,214,215,214.69028786341497,214.69028786341497,347.136
1790632329,144,3,steady,vgg16_image,508,443,441,507.4542056074765,507.4542056074765,515.448
1790632329,144,3,steady,vit_base_image,123,118,96,122.60061919504642,122.60061919504642,125.967
1790632330,145,3,steady,resnet50_image,214,215,218,214.69028786341497,214.69028786341497,347.136
1790632330,145,3,steady,vgg16_image,507,444,446,507.4542056074765,507.4542056074765,515.448
1790632330,145,3,steady,vit_base_image,122,116,128,122.60061919504642,122.60061919504642,125.967
1790632331,146,3,steady,resnet50_image,215,215,213,214.69028786341497,214.69028786341497,347.136
1790632331,146,3,steady,vgg16_image,508,446,445,507.4542056074765,507.4542056074765,515.448
1790632331,146,3,steady,vit_base_image,123,117,128,122.60061919504642,122.60061919504642,125.967
1790632332,147,3,steady,resnet50_image,215,214,213,214.69028786341497,214.69028786341497,347.136
1790632332,147,3,steady,vgg16_image,507,443,445,507.4542056074765,507.4542056074765,515.448
1790632332,147,3,steady,vit_base_image,122,120,96,122.60061919504642,122.60061919504642,125.967
1790632333,148,3,steady,resnet50_image,214,215,218,214.69028786341497,214.69028786341497,347.136
1790632333,148,3,steady,vgg16_image,508,441,438,507.4542056074765,507.4542056074765,515.448
1790632333,148,3,steady,vit_base_image,123,118,128,122.60061919504642,122.60061919504642,125.967
1790632334,149,3,steady,resnet50_image,215,215,213,214.69028786341497,214.69028786341497,347.136
1790632334,149,3,steady,vgg16_image,507,448,451,507.4542056074765,507.4542056074765,515.448
1790632334,149,3,steady,vit_base_image,123,116,128,122.60061919504642,122.60061919504642,125.967
1790632335,150,3,steady,resnet50_image,215,215,217,214.69028786341497,214.69028786341497,347.136
1790632335,150,3,steady,vgg16_image,508,444,442,507.4542056074765,507.4542056074765,515.448
1790632335,150,3,steady,vit_base_image,122,118,96,122.60061919504642,122.60061919504642,125.967
1790632336,151,3,steady,resnet50_image,214,214,211,214.69028786341497,214.69028786341497,347.136
1790632336,151,3,steady,vgg16_image,507,442,441,507.4542056074765,507.4542056074765,515.448
1790632336,151,3,steady,vit_base_image,123,117,128,122.60061919504642,122.60061919504642,125.967
1790632337,152,3,steady,resnet50_image,215,215,215,214.69028786341497,214.69028786341497,347.136
1790632337,152,3,steady,vgg16_image,508,438,438,507.4542056074765,507.4542056074765,515.448
1790632337,152,3,steady,vit_base_image,122,119,128,122.60061919504642,122.60061919504642,125.967
1790632338,153,3,steady,resnet50_image,215,215,216,214.69028786341497,214.69028786341497,347.136
1790632338,153,3,steady,vgg16_image,507,439,442,507.4542056074765,507.4542056074765,515.448
1790632338,153,3,steady,vit_base_image,123,117,101,122.60061919504642,122.60061919504642,125.967
1790632339,154,3,steady,resnet50_image,215,214,213,214.69028786341497,214.69028786341497,347.136
1790632339,154,3,steady,vgg16_image,507,443,440,507.4542056074765,507.4542056074765,515.448
1790632339,154,3,steady,vit_base_image,123,119,123,122.60061919504642,122.60061919504642,125.967
1790632340,155,3,steady,resnet50_image,214,215,216,214.69028786341497,214.69028786341497,347.136
1790632340,155,3,steady,vgg16_image,508,441,444,507.4542056074765,507.4542056074765,515.448
1790632340,155,3,steady,vit_base_image,122,116,128,122.60061919504642,122.60061919504642,125.967
1790632341,156,3,steady,resnet50_image,215,214,214,214.69028786341497,214.69028786341497,347.136
1790632341,156,3,steady,vgg16_image,507,436,435,507.4542056074765,507.4542056074765,515.448
1790632341,156,3,steady,vit_base_image,123,117,97,122.60061919504642,122.60061919504642,125.967
1790632342,157,3,steady,resnet50_image,215,215,214,214.69028786341497,214.69028786341497,347.136
1790632342,157,3,steady,vgg16_image,508,442,444,507.4542056074765,507.4542056074765,515.448
1790632342,157,3,steady,vit_base_image,122,121,127,122.60061919504642,122.60061919504642,125.967
1790632343,158,3,steady,resnet50_image,214,215,216,214.69028786341497,214.69028786341497,347.136
1790632343,158,3,steady,vgg16_image,507,442,442,507.4542056074765,507.4542056074765,515.448
1790632343,158,3,steady,vit_base_image,123,118,128,122.60061919504642,122.60061919504642,125.967
1790632344,159,3,steady,resnet50_image,215,215,214,214.69028786341497,214.69028786341497,347.136
1790632344,159,3,steady,vgg16_image,508,438,437,507.4542056074765,507.4542056074765,515.448
1790632344,159,3,steady,vit_base_image,123,117,128,122.60061919504642,122.60061919504642,125.967
1790632345,160,3,steady,resnet50_image,215,214,213,214.69028786341497,214.69028786341497,347.136
1790632345,160,3,steady,vgg16_image,507,427,426,507.4542056074765,507.4542056074765,515.448
1790632345,160,3,steady,vit_base_image,122,119,96,122.60061919504642,122.60061919504642,125.967
1790632346,161,3,steady,resnet50_image,214,215,217,214.69028786341497,214.69028786341497,347.136
1790632346,161,3,steady,vgg16_image,508,438,436,507.4542056074765,507.4542056074765,515.448
1790632346,161,3,steady,vit_base_image,123,116,128,122.60061919504642,122.60061919504642,125.967
1790632347,162,3,steady,resnet50_image,215,215,215,214.69028786341497,214.69028786341497,347.136
1790632347,162,3,steady,vgg16_image,507,441,441,507.4542056074765,507.4542056074765,515.448
1790632347,162,3,steady,vit_base_image,122,120,128,122.60061919504642,122.60061919504642,125.967
1790632348,163,3,steady,resnet50_image,215,214,217,214.69028786341497,214.69028786341497,347.136
1790632348,163,3,steady,vgg16_image,508,437,439,507.4542056074765,507.4542056074765,515.448
1790632348,163,3,steady,vit_base_image,123,119,96,122.60061919504642,122.60061919504642,125.967
1790632349,164,3,steady,resnet50_image,214,215,214,214.69028786341497,214.69028786341497,347.136
1790632349,164,3,steady,vgg16_image,507,432,434,507.4542056074765,507.4542056074765,515.448
1790632349,164,3,steady,vit_base_image,123,116,128,122.60061919504642,122.60061919504642,125.967
1790632350,165,3,steady,resnet50_image,215,215,213,214.69028786341497,214.69028786341497,347.136
1790632350,165,3,steady,vgg16_image,507,438,434,507.4542056074765,507.4542056074765,515.448
1790632350,165,3,steady,vit_base_image,122,118,128,122.60061919504642,122.60061919504642,125.967
1790632351,166,,,resnet50_image,215,214,215,,,347.136
1790632351,166,,,vgg16_image,508,432,433,,,515.448
1790632351,166,,,vit_base_image,123,118,96,,,125.967
1790632352,167,,,resnet50_image,214,215,217,,,347.136
1790632352,167,,,vgg16_image,507,435,437,,,515.448
1790632352,167,,,vit_base_image,122,119,128,,,125.967
1790632353,168,,,resnet50_image,215,215,213,,,347.136
1790632353,168,,,vgg16_image,508,430,430,,,515.448
1790632353,168,,,vit_base_image,123,119,128,,,125.967
1790632354,169,,,resnet50_image,215,214,215,,,347.136
1790632354,169,,,vgg16_image,507,442,439,,,515.448
1790632354,169,,,vit_base_image,123,116,96,,,125.967
1790632355,170,,,resnet50_image,215,215,214,,,347.136
1790632355,170,,,vgg16_image,508,433,435,,,515.448
1790632355,170,,,vit_base_image,122,119,128,,,125.967
1790632356,171,,,resnet50_image,210,210,211,,,347.136
1790632356,171,,,vgg16_image,503,412,413,,,515.448
1790632356,171,,,vit_base_image,123,116,128,,,125.967
1790632357,172,4,transition,resnet50_image,165,166,166,165.43807404023391,165.43807404023391,347.136
1790632357,172,4,transition,vgg16_image,462,388,390,461.5177570093458,461.5177570093458,515.448
1790632357,172,4,transition,vit_base_image,122,122,128,122.60061919504642,122.60061919504642,125.967
1790632358,173,4,transition,resnet50_image,166,165,167,165.43807404023391,165.43807404023391,347.136
1790632358,173,4,transition,vgg16_image,461,430,431,461.5177570093458,461.5177570093458,515.448
1790632358,173,4,transition,vit_base_image,123,122,96,122.60061919504642,122.60061919504642,125.967
1790632359,174,4,transition,resnet50_image,165,166,164,165.43807404023391,165.43807404023391,347.136
1790632359,174,4,transition,vgg16_image,462,428,422,461.5177570093458,461.5177570093458,515.448
1790632359,174,4,transition,vit_base_image,123,122,128,122.60061919504642,122.60061919504642,125.967
1790632360,175,4,transition,resnet50_image,166,165,164,165.43807404023391,165.43807404023391,347.136
1790632360,175,4,transition,vgg16_image,461,422,423,461.5177570093458,461.5177570093458,515.448
1790632360,175,4,transition,vit_base_image,122,123,128,122.60061919504642,122.60061919504642,125.967
1790632361,176,4,transition,resnet50_image,165,166,169,165.43807404023391,165.43807404023391,347.136
1790632361,176,4,transition,vgg16_image,462,426,426,461.5177570093458,461.5177570093458,515.448
1790632361,176,4,transition,vit_base_image,123,122,128,122.60061919504642,122.60061919504642,125.967
1790632362,177,4,transition,resnet50_image,166,165,165,165.43807404023391,165.43807404023391,347.136
1790632362,177,4,transition,vgg16_image,461,426,428,461.5177570093458,461.5177570093458,515.448
1790632362,177,4,transition,vit_base_image,122,123,128,122.60061919504642,122.60061919504642,125.967
1790632363,178,4,transition,resnet50_image,165,166,166,165.43807404023391,165.43807404023391,347.136
1790632363,178,4,transition,vgg16_image,462,420,417,461.5177570093458,461.5177570093458,515.448
1790632363,178,4,transition,vit_base_image,123,123,128,122.60061919504642,122.60061919504642,125.967
1790632364,179,4,transition,resnet50_image,165,165,163,165.43807404023391,165.43807404023391,347.136
1790632364,179,4,transition,vgg16_image,461,390,391,461.5177570093458,461.5177570093458,515.448
1790632364,179,4,transition,vit_base_image,123,122,96,122.60061919504642,122.60061919504642,125.967
1790632365,180,4,transition,resnet50_image,166,166,167,165.43807404023391,165.43807404023391,176.963
1790632365,180,4,transition,vgg16_image,462,352,352,461.5177570093458,461.5177570093458,413.742
1790632365,180,4,transition,vit_base_image,122,123,128,122.60061919504642,122.60061919504642,125.967
1790632366,181,4,transition,resnet50_image,165,165,157,165.43807404023391,165.43807404023391,176.963
1790632366,181,4,transition,vgg16_image,461,352,352,461.5177570093458,461.5177570093458,413.742
1790632366,181,4,transition,vit_base_image,123,123,128,122.60061919504642,122.60061919504642,125.967
1790632367,182,4,transition,resnet50_image,166,165,164,165.43807404023391,165.43807404023391,176.963
1790632367,182,4,transition,vgg16_image,462,350,352,461.5177570093458,461.5177570093458,413.742
1790632367,182,4,transition,vit_base_image,122,122,128,122.60061919504642,122.60061919504642,125.967
1790632368,183,4,transition,resnet50_image,165,166,164,165.43807404023391,165.43807404023391,176.963
1790632368,183,4,transition,vgg16_image,461,355,352,461.5177570093458,461.5177570093458,413.742
1790632368,183,4,transition,vit_base_image,123,123,128,122.60061919504642,122.60061919504642,125.967
1790632369,184,4,transition,resnet50_image,166,165,148,165.43807404023391,165.43807404023391,176.963
1790632369,184,4,transition,vgg16_image,462,328,328,461.5177570093458,461.5177570093458,413.742
1790632369,184,4,transition,vit_base_image,123,119,96,122.60061919504642,122.60061919504642,125.967
1790632370,185,4,transition,resnet50_image,165,166,151,165.43807404023391,165.43807404023391,176.963
1790632370,185,4,transition,vgg16_image,462,328,328,461.5177570093458,461.5177570093458,413.742
1790632370,185,4,transition,vit_base_image,122,115,128,122.60061919504642,122.60061919504642,125.967
1790632371,186,4,transition,resnet50_image,165,165,157,165.43807404023391,165.43807404023391,176.963
1790632371,186,4,transition,vgg16_image,461,345,348,461.5177570093458,461.5177570093458,413.742
1790632371,186,4,transition,vit_base_image,123,123,128,122.60061919504642,122.60061919504642,125.967
1790632372,187,4,transition,resnet50_image,166,166,160,165.43807404023391,165.43807404023391,176.963
1790632372,187,4,transition,vgg16_image,462,353,352,461.5177570093458,461.5177570093458,413.742
1790632372,187,4,transition,vit_base_image,122,122,128,122.60061919504642,122.60061919504642,125.967
1790632373,188,4,transition,resnet50_image,165,165,156,165.43807404023391,165.43807404023391,176.963
1790632373,188,4,transition,vgg16_image,461,352,352,461.5177570093458,461.5177570093458,413.742
1790632373,188,4,transition,vit_base_image,123,123,128,122.60061919504642,122.60061919504642,125.967
1790632374,189,4,transition,resnet50_image,166,166,160,165.43807404023391,165.43807404023391,176.963
1790632374,189,4,transition,vgg16_image,462,350,348,461.5177570093458,461.5177570093458,413.742
1790632374,189,4,transition,vit_base_image,123,121,96,122.60061919504642,122.60061919504642,125.967
1790632375,190,4,transition,resnet50_image,165,165,156,165.43807404023391,165.43807404023391,176.963
1790632375,190,4,transition,vgg16_image,461,388,390,461.5177570093458,461.5177570093458,515.448
1790632375,190,4,transition,vit_base_image,122,122,128,122.60061919504642,122.60061919504642,125.967
1790632376,191,4,transition,resnet50_image,166,166,156,165.43807404023391,165.43807404023391,176.963
1790632376,191,4,transition,vgg16_image,462,408,406,461.5177570093458,461.5177570093458,515.448
1790632376,191,4,transition,vit_base_image,123,120,128,122.60061919504642,122.60061919504642,125.967
1790632377,192,4,transition,resnet50_image,165,165,156,165.43807404023391,165.43807404023391,176.963
1790632377,192,4,transition,vgg16_image,461,416,417,461.5177570093458,461.5177570093458,515.448
1790632377,192,4,transition,vit_base_image,122,120,128,122.60061919504642,122.60061919504642,125.967
1790632378,193,4,transition,resnet50_image,166,165,160,165.43807404023391,165.43807404023391,176.963
1790632378,193,4,transition,vgg16_image,462,417,416,461.5177570093458,461.5177570093458,515.448
1790632378,193,4,transition,vit_base_image,123,121,96,122.60061919504642,122.60061919504642,125.967
1790632379,194,4,transition,resnet50_image,165,166,160,165.43807404023391,165.43807404023391,176.963
1790632379,194,4,transition,vgg16_image,461,402,405,461.5177570093458,461.5177570093458,515.448
1790632379,194,4,transition,vit_base_image,123,120,128,122.60061919504642,122.60061919504642,125.967
1790632380,195,4,transition,resnet50_image,165,165,156,165.43807404023391,165.43807404023391,176.963
1790632380,195,4,transition,vgg16_image,462,358,359,461.5177570093458,461.5177570093458,515.448
1790632380,195,4,transition,vit_base_image,122,122,128,122.60061919504642,122.60061919504642,125.967
1790632381,196,4,transition,resnet50_image,166,166,168,165.43807404023391,165.43807404023391,176.963
1790632381,196,4,transition,vgg16_image,461,411,407,461.5177570093458,461.5177570093458,515.448
1790632381,196,4,transition,vit_base_image,123,120,128,122.60061919504642,122.60061919504642,125.967
1790632382,197,4,transition,resnet50_image,165,165,160,165.43807404023391,165.43807404023391,176.963
1790632382,197,4,transition,vgg16_image,462,405,408,461.5177570093458,461.5177570093458,515.448
1790632382,197,4,transition,vit_base_image,122,120,128,122.60061919504642,122.60061919504642,125.967
1790632383,198,4,transition,resnet50_image,166,165,164,165.43807404023391,165.43807404023391,176.963
1790632383,198,4,transition,vgg16_image,461,411,410,461.5177570093458,461.5177570093458,515.448
1790632383,198,4,transition,vit_base_image,123,121,96,122.60061919504642,122.60061919504642,125.967
1790632384,199,4,transition,resnet50_image,165,166,164,165.43807404023391,165.43807404023391,176.963
1790632384,199,4,transition,vgg16_image,462,418,417,461.5177570093458,461.5177570093458,515.448
1790632384,199,4,transition,vit_base_image,123,120,128,122.60061919504642,122.60061919504642,125.967
1790632385,200,4,transition,resnet50_image,166,166,168,165.43807404023391,165.43807404023391,176.963
1790632385,200,4,transition,vgg16_image,461,409,409,461.5177570093458,461.5177570093458,515.448
1790632385,200,4,transition,vit_base_image,122,121,128,122.60061919504642,122.60061919504642,125.967
1790632386,201,4,transition,resnet50_image,164,164,159,165.43807404023391,165.43807404023391,176.963
1790632386,201,4,transition,vgg16_image,459,407,408,461.5177570093458,461.5177570093458,515.448
1790632386,201,4,transition,vit_base_image,123,120,128,122.60061919504642,122.60061919504642,125.967
1790632387,202,4,steady,resnet50_image,165,156,137,165.43807404023391,165.43807404023391,176.963
1790632387,202,4,steady,vgg16_image,462,337,335,461.5177570093458,461.5177570093458,515.448
1790632387,202,4,steady,vit_base_image,122,114,96,122.60061919504642,122.60061919504642,125.967
1790632388,203,4,steady,resnet50_image,166,174,160,165.43807404023391,165.43807404023391,176.963
1790632388,203,4,steady,vgg16_image,461,403,407,461.5177570093458,461.5177570093458,515.448
1790632388,203,4,steady,vit_base_image,123,128,128,122.60061919504642,122.60061919504642,125.967
1790632389,204,4,steady,resnet50_image,165,166,168,165.43807404023391,165.43807404023391,176.963
1790632389,204,4,steady,vgg16_image,462,417,413,461.5177570093458,461.5177570093458,515.448
1790632389,204,4,steady,vit_base_image,122,120,128,122.60061919504642,122.60061919504642,125.967
1790632390,205,4,steady,resnet50_image,166,165,156,165.43807404023391,165.43807404023391,176.963
1790632390,205,4,steady,vgg16_image,461,402,404,461.5177570093458,461.5177570093458,515.448
1790632390,205,4,steady,vit_base_image,123,120,128,122.60061919504642,122.60061919504642,125.967
1790632391,206,4,steady,resnet50_image,165,166,164,165.43807404023391,165.43807404023391,176.963
1790632391,206,4,steady,vgg16_image,462,407,405,461.5177570093458,461.5177570093458,515.448
1790632391,206,4,steady,vit_base_image,123,122,96,122.60061919504642,122.60061919504642,125.967
1790632392,207,4,steady,resnet50_image,165,165,160,165.43807404023391,165.43807404023391,176.963
1790632392,207,4,steady,vgg16_image,461,415,416,461.5177570093458,461.5177570093458,515.448
1790632392,207,4,steady,vit_base_image,122,119,128,122.60061919504642,122.60061919504642,125.967
1790632393,208,4,steady,resnet50_image,166,166,164,165.43807404023391,165.43807404023391,176.963
1790632393,208,4,steady,vgg16_image,462,417,416,461.5177570093458,461.5177570093458,515.448
1790632393,208,4,steady,vit_base_image,123,121,128,122.60061919504642,122.60061919504642,125.967
1790632394,209,4,steady,resnet50_image,165,165,164,165.43807404023391,165.43807404023391,176.963
1790632394,209,4,steady,vgg16_image,461,395,397,461.5177570093458,461.5177570093458,515.448
1790632394,209,4,steady,vit_base_image,122,121,128,122.60061919504642,122.60061919504642,125.967
1790632395,210,4,steady,resnet50_image,166,165,142,165.43807404023391,165.43807404023391,176.963
1790632395,210,4,steady,vgg16_image,462,349,347,461.5177570093458,461.5177570093458,515.448
1790632395,210,4,steady,vit_base_image,123,120,113,122.60061919504642,122.60061919504642,125.967
1790632396,211,4,steady,resnet50_image,165,166,162,165.43807404023391,165.43807404023391,176.963
1790632396,211,4,steady,vgg16_image,461,408,408,461.5177570093458,461.5177570093458,515.448
1790632396,211,4,steady,vit_base_image,123,122,111,122.60061919504642,122.60061919504642,125.967
1790632397,212,4,steady,resnet50_image,166,165,168,165.43807404023391,165.43807404023391,176.963
1790632397,212,4,steady,vgg16_image,462,416,416,461.5177570093458,461.5177570093458,515.448
1790632397,212,4,steady,vit_base_image,122,120,128,122.60061919504642,122.60061919504642,125.967
1790632398,213,4,steady,resnet50_image,165,166,164,165.43807404023391,165.43807404023391,176.963
1790632398,213,4,steady,vgg16_image,461,413,416,461.5177570093458,461.5177570093458,515.448
1790632398,213,4,steady,vit_base_image,123,120,128,122.60061919504642,122.60061919504642,125.967
1790632399,214,4,steady,resnet50_image,165,165,164,165.43807404023391,165.43807404023391,176.963
1790632399,214,4,steady,vgg16_image,462,410,407,461.5177570093458,461.5177570093458,515.448
1790632399,214,4,steady,vit_base_image,122,120,128,122.60061919504642,122.60061919504642,125.967
1790632400,215,4,steady,resnet50_image,166,166,164,165.43807404023391,165.43807404023391,176.963
1790632400,215,4,steady,vgg16_image,462,407,409,461.5177570093458,461.5177570093458,515.448
1790632400,215,4,steady,vit_base_image,123,121,96,122.60061919504642,122.60061919504642,125.967
1790632401,216,4,steady,resnet50_image,165,165,164,165.43807404023391,165.43807404023391,176.963
1790632401,216,4,steady,vgg16_image,461,414,413,461.5177570093458,461.5177570093458,515.448
1790632401,216,4,steady,vit_base_image,123,120,128,122.60061919504642,122.60061919504642,125.967
1790632402,217,4,steady,resnet50_image,166,166,160,165.43807404023391,165.43807404023391,176.963
1790632402,217,4,steady,vgg16_image,462,405,405,461.5177570093458,461.5177570093458,515.448
1790632402,217,4,steady,vit_base_image,122,120,128,122.60061919504642,122.60061919504642,125.967
1790632403,218,4,steady,resnet50_image,165,165,160,165.43807404023391,165.43807404023391,176.963
1790632403,218,4,steady,vgg16_image,461,403,403,461.5177570093458,461.5177570093458,515.448
1790632403,218,4,steady,vit_base_image,123,121,128,122.60061919504642,122.60061919504642,125.967
1790632404,219,4,steady,resnet50_image,166,165,164,165.43807404023391,165.43807404023391,176.963
1790632404,219,4,steady,vgg16_image,462,411,413,461.5177570093458,461.5177570093458,515.448
1790632404,219,4,steady,vit_base_image,122,120,96,122.60061919504642,122.60061919504642,125.967
1790632405,220,4,steady,resnet50_image,165,166,164,165.43807404023391,165.43807404023391,176.963
1790632405,220,4,steady,vgg16_image,461,423,421,461.5177570093458,461.5177570093458,515.448
1790632405,220,4,steady,vit_base_image,123,121,128,122.60061919504642,122.60061919504642,125.967
1790632406,221,4,steady,resnet50_image,166,165,152,165.43807404023391,165.43807404023391,176.963
1790632406,221,4,steady,vgg16_image,462,352,354,461.5177570093458,461.5177570093458,515.448
1790632406,221,4,steady,vit_base_image,123,114,128,122.60061919504642,122.60061919504642,125.967
1790632407,222,4,steady,resnet50_image,165,166,164,165.43807404023391,165.43807404023391,176.963
1790632407,222,4,steady,vgg16_image,461,418,416,461.5177570093458,461.5177570093458,515.448
1790632407,222,4,steady,vit_base_image,122,121,96,122.60061919504642,122.60061919504642,125.967
1790632408,223,4,steady,resnet50_image,165,165,160,165.43807404023391,165.43807404023391,176.963
1790632408,223,4,steady,vgg16_image,462,415,417,461.5177570093458,461.5177570093458,515.448
1790632408,223,4,steady,vit_base_image,123,120,128,122.60061919504642,122.60061919504642,125.967
1790632409,224,4,steady,resnet50_image,166,166,168,165.43807404023391,165.43807404023391,176.963
1790632409,224,4,steady,vgg16_image,461,416,416,461.5177570093458,461.5177570093458,515.448
1790632409,224,4,steady,vit_base_image,122,120,128,122.60061919504642,122.60061919504642,125.967
1790632410,225,4,steady,resnet50_image,165,165,164,165.43807404023391,165.43807404023391,176.963
1790632410,225,4,steady,vgg16_image,462,409,409,461.5177570093458,461.5177570093458,515.448
1790632410,225,4,steady,vit_base_image,123,121,128,122.60061919504642,122.60061919504642,125.967
1790632411,226,4,steady,resnet50_image,166,165,164,165.43807404023391,165.43807404023391,176.963
1790632411,226,4,steady,vgg16_image,461,416,416,461.5177570093458,461.5177570093458,515.448
1790632411,226,4,steady,vit_base_image,123,120,128,122.60061919504642,122.60061919504642,125.967
1790632412,227,4,steady,resnet50_image,165,165,160,165.43807404023391,165.43807404023391,176.963
1790632412,227,4,steady,vgg16_image,462,411,409,461.5177570093458,461.5177570093458,515.448
1790632412,227,4,steady,vit_base_image,122,121,96,122.60061919504642,122.60061919504642,125.967
1790632413,228,4,steady,resnet50_image,166,164,164,165.43807404023391,165.43807404023391,176.963
1790632413,228,4,steady,vgg16_image,461,411,413,461.5177570093458,461.5177570093458,515.448
1790632413,228,4,steady,vit_base_image,123,121,128,122.60061919504642,122.60061919504642,125.967
1790632414,229,4,steady,resnet50_image,165,162,164,165.43807404023391,165.43807404023391,176.963
1790632414,229,4,steady,vgg16_image,462,417,416,461.5177570093458,461.5177570093458,515.448
1790632414,229,4,steady,vit_base_image,122,120,128,122.60061919504642,122.60061919504642,125.967
1790632415,230,4,steady,resnet50_image,165,165,164,165.43807404023391,165.43807404023391,176.963
1790632415,230,4,steady,vgg16_image,461,407,408,461.5177570093458,461.5177570093458,515.448
1790632415,230,4,steady,vit_base_image,123,121,128,122.60061919504642,122.60061919504642,125.967
1790632416,231,4,steady,resnet50_image,166,160,160,165.43807404023391,165.43807404023391,176.963
1790632416,231,4,steady,vgg16_image,462,411,411,461.5177570093458,461.5177570093458,515.448
1790632416,231,4,steady,vit_base_image,123,121,96,122.60061919504642,122.60061919504642,125.967
1790632417,232,,,resnet50_image,165,165,164,,,176.963
1790632417,232,,,vgg16_image,461,417,415,,,515.448
1790632417,232,,,vit_base_image,122,120,128,,,125.967
1790632418,233,,,resnet50_image,166,166,168,,,176.963
1790632418,233,,,vgg16_image,462,422,423,,,515.448
1790632418,233,,,vit_base_image,123,121,128,,,125.967
1790632419,234,,,resnet50_image,165,165,164,,,176.963
1790632419,234,,,vgg16_image,461,415,416,,,515.448
1790632419,234,,,vit_base_image,122,120,128,,,125.967
1790632420,235,,,resnet50_image,166,164,164,,,176.963
1790632420,235,,,vgg16_image,462,405,403,,,515.448
1790632420,235,,,vit_base_image,123,121,96,,,125.967
1790632421,236,,,resnet50_image,165,152,156,,,176.963
1790632421,236,,,vgg16_image,461,365,366,,,515.448
1790632421,236,,,vit_base_image,123,121,128,,,125.967
1790632422,237,,,resnet50_image,145,145,168,,,176.963
1790632422,237,,,vgg16_image,461,414,412,,,515.448
1790632422,237,,,vit_base_image,122,121,128,,,125.967
1790632423,238,5,transition,resnet50_image,92,91,168,91.3690271927075,91.3690271927075,176.963
1790632423,238,5,transition,vgg16_image,461,416,420,461.5177570093458,462.9532710280373,515.448
1790632423,238,5,transition,vit_base_image,123,120,128,122.60061919504642,122.60061919504642,125.967
1790632424,239,5,transition,resnet50_image,91,92,168,91.3690271927075,91.3690271927075,176.963
1790632424,239,5,transition,vgg16_image,462,420,420,461.5177570093458,462.9532710280373,515.448
1790632424,239,5,transition,vit_base_image,122,121,128,122.60061919504642,122.60061919504642,125.967
1790632425,240,5,transition,resnet50_image,91,91,162,91.3690271927075,91.3690271927075,176.963
1790632425,240,5,transition,vgg16_image,462,408,406,461.5177570093458,462.9532710280373,515.448
1790632425,240,5,transition,vit_base_image,123,121,96,122.60061919504642,122.60061919504642,125.967
1790632426,241,5,transition,resnet50_image,92,91,90,91.3690271927075,91.3690271927075,176.963
1790632426,241,5,transition,vgg16_image,461,414,416,461.5177570093458,462.9532710280373,515.448
1790632426,241,5,transition,vit_base_image,122,120,128,122.60061919504642,122.60061919504642,125.967
1790632427,242,5,transition,resnet50_image,91,92,92,91.3690271927075,91.3690271927075,176.963
1790632427,242,5,transition,vgg16_image,462,410,408,461.5177570093458,462.9532710280373,515.448
1790632427,242,5,transition,vit_base_image,123,121,128,122.60061919504642,122.60061919504642,125.967
1790632428,243,5,transition,resnet50_image,91,91,91,91.3690271927075,91.3690271927075,176.963
1790632428,243,5,transition,vgg16_image,461,410,412,461.5177570093458,462.9532710280373,515.448
1790632428,243,5,transition,vit_base_image,123,119,128,122.60061919504642,122.60061919504642,125.967
1790632429,244,5,transition,resnet50_image,92,92,91,91.3690271927075,91.3690271927075,176.963
1790632429,244,5,transition,vgg16_image,462,410,408,461.5177570093458,462.9532710280373,515.448
1790632429,244,5,transition,vit_base_image,122,122,96,122.60061919504642,122.60061919504642,125.967
1790632430,245,5,transition,resnet50_image,91,91,28,91.3690271927075,91.3690271927075,0
1790632430,245,5,transition,vgg16_image,461,182,180,461.5177570093458,462.9532710280373,101.706
1790632430,245,5,transition,vit_base_image,123,122,128,122.60061919504642,122.60061919504642,125.967
1790632431,246,5,transition,resnet50_image,92,91,0,91.3690271927075,91.3690271927075,0
1790632431,246,5,transition,vgg16_image,462,93,93,461.5177570093458,462.9532710280373,101.706
1790632431,246,5,transition,vit_base_image,122,122,128,122.60061919504642,122.60061919504642,125.967
1790632432,247,5,transition,resnet50_image,91,92,0,91.3690271927075,91.3690271927075,0
1790632432,247,5,transition,vgg16_image,461,80,80,461.5177570093458,462.9532710280373,101.706
1790632432,247,5,transition,vit_base_image,123,123,128,122.60061919504642,122.60061919504642,125.967
1790632433,248,5,transition,resnet50_image,91,91,0,91.3690271927075,91.3690271927075,0
1790632433,248,5,transition,vgg16_image,462,93,93,461.5177570093458,462.9532710280373,101.706
1790632433,248,5,transition,vit_base_image,123,123,128,122.60061919504642,122.60061919504642,125.967
1790632434,249,5,transition,resnet50_image,92,92,0,91.3690271927075,91.3690271927075,0
1790632434,249,5,transition,vgg16_image,461,93,93,461.5177570093458,462.9532710280373,101.706
1790632434,249,5,transition,vit_base_image,122,122,128,122.60061919504642,122.60061919504642,125.967
1790632435,250,5,transition,resnet50_image,91,91,0,91.3690271927075,91.3690271927075,0
1790632435,250,5,transition,vgg16_image,462,93,93,461.5177570093458,462.9532710280373,101.706
1790632435,250,5,transition,vit_base_image,123,123,128,122.60061919504642,122.60061919504642,125.967
1790632436,251,5,transition,resnet50_image,91,91,0,91.3690271927075,91.3690271927075,0
1790632436,251,5,transition,vgg16_image,461,94,94,461.5177570093458,462.9532710280373,101.706
1790632436,251,5,transition,vit_base_image,122,122,128,122.60061919504642,122.60061919504642,125.967
1790632437,252,5,transition,resnet50_image,92,92,0,91.3690271927075,91.3690271927075,0
1790632437,252,5,transition,vgg16_image,462,94,94,461.5177570093458,462.9532710280373,101.706
1790632437,252,5,transition,vit_base_image,123,123,96,122.60061919504642,122.60061919504642,125.967
1790632438,253,5,transition,resnet50_image,91,91,0,91.3690271927075,91.3690271927075,0
1790632438,253,5,transition,vgg16_image,461,93,93,461.5177570093458,462.9532710280373,101.706
1790632438,253,5,transition,vit_base_image,123,122,128,122.60061919504642,122.60061919504642,125.967
1790632439,254,5,transition,resnet50_image,91,91,0,91.3690271927075,91.3690271927075,0
1790632439,254,5,transition,vgg16_image,462,92,93,461.5177570093458,462.9532710280373,101.706
1790632439,254,5,transition,vit_base_image,122,123,128,122.60061919504642,122.60061919504642,125.967
1790632440,255,5,transition,resnet50_image,92,92,0,91.3690271927075,91.3690271927075,0
1790632440,255,5,transition,vgg16_image,461,93,92,461.5177570093458,462.9532710280373,101.706
1790632440,255,5,transition,vit_base_image,123,123,128,122.60061919504642,122.60061919504642,125.967
1790632441,256,5,transition,resnet50_image,91,91,0,91.3690271927075,91.3690271927075,0
1790632441,256,5,transition,vgg16_image,462,91,91,461.5177570093458,462.9532710280373,101.706
1790632441,256,5,transition,vit_base_image,122,122,128,122.60061919504642,122.60061919504642,125.967
1790632442,257,5,transition,resnet50_image,92,92,0,91.3690271927075,91.3690271927075,0
1790632442,257,5,transition,vgg16_image,461,82,82,461.5177570093458,462.9532710280373,101.706
1790632442,257,5,transition,vit_base_image,123,123,128,122.60061919504642,122.60061919504642,125.967
1790632443,258,5,transition,resnet50_image,91,91,0,91.3690271927075,91.3690271927075,0
1790632443,258,5,transition,vgg16_image,462,91,91,461.5177570093458,462.9532710280373,101.706
1790632443,258,5,transition,vit_base_image,123,122,128,122.60061919504642,122.60061919504642,125.967
1790632444,259,5,transition,resnet50_image,91,91,0,91.3690271927075,91.3690271927075,0
1790632444,259,5,transition,vgg16_image,461,92,92,461.5177570093458,462.9532710280373,101.706
1790632444,259,5,transition,vit_base_image,122,123,128,122.60061919504642,122.60061919504642,125.967
1790632445,260,5,transition,resnet50_image,92,92,0,91.3690271927075,91.3690271927075,0
1790632445,260,5,transition,vgg16_image,462,94,94,461.5177570093458,462.9532710280373,101.706
1790632445,260,5,transition,vit_base_image,123,123,128,122.60061919504642,122.60061919504642,125.967
1790632446,261,5,transition,resnet50_image,91,91,0,91.3690271927075,91.3690271927075,0
1790632446,261,5,transition,vgg16_image,461,93,93,461.5177570093458,462.9532710280373,101.706
1790632446,261,5,transition,vit_base_image,122,122,96,122.60061919504642,122.60061919504642,125.967
1790632447,262,5,transition,resnet50_image,91,91,0,91.3690271927075,91.3690271927075,0
1790632447,262,5,transition,vgg16_image,462,94,94,461.5177570093458,462.9532710280373,101.706
1790632447,262,5,transition,vit_base_image,123,123,128,122.60061919504642,122.60061919504642,125.967
1790632448,263,5,transition,resnet50_image,92,92,0,91.3690271927075,91.3690271927075,0
1790632448,263,5,transition,vgg16_image,461,93,93,461.5177570093458,462.9532710280373,101.706
1790632448,263,5,transition,vit_base_image,123,123,128,122.60061919504642,122.60061919504642,125.967
1790632449,264,5,transition,resnet50_image,91,91,68,91.3690271927075,91.3690271927075,176.963
1790632449,264,5,transition,vgg16_image,462,94,94,461.5177570093458,462.9532710280373,101.706
1790632449,264,5,transition,vit_base_image,122,122,128,122.60061919504642,122.60061919504642,125.967
1790632450,265,5,transition,resnet50_image,92,91,91,91.3690271927075,91.3690271927075,176.963
1790632450,265,5,transition,vgg16_image,461,313,327,461.5177570093458,462.9532710280373,468.144
1790632450,265,5,transition,vit_base_image,123,123,160,122.60061919504642,122.60061919504642,125.967
1790632451,266,5,transition,resnet50_image,91,92,92,91.3690271927075,91.3690271927075,176.963
1790632451,266,5,transition,vgg16_image,462,444,434,461.5177570093458,462.9532710280373,468.144
1790632451,266,5,transition,vit_base_image,122,122,96,122.60061919504642,122.60061919504642,125.967
1790632452,267,5,transition,resnet50_image,91,91,91,91.3690271927075,91.3690271927075,176.963
1790632452,267,5,transition,vgg16_image,461,428,432,461.5177570093458,462.9532710280373,468.144
1790632452,267,5,transition,vit_base_image,123,123,128,122.60061919504642,122.60061919504642,125.967
1790632453,268,5,transition,resnet50_image,92,92,91,91.3690271927075,91.3690271927075,176.963
1790632453,268,5,transition,vgg16_image,462,440,432,461.5177570093458,462.9532710280373,468.144
1790632453,268,5,transition,vit_base_image,123,123,128,122.60061919504642,122.60061919504642,125.967
1790632454,269,5,transition,resnet50_image,91,91,92,91.3690271927075,91.3690271927075,176.963
1790632454,269,5,transition,vgg16_image,462,439,448,461.5177570093458,462.9532710280373,468.144
1790632454,269,5,transition,vit_base_image,122,122,128,122.60061919504642,122.60061919504642,125.967
1790632455,270,5,transition,resnet50_image,91,91,91,91.3690271927075,91.3690271927075,176.963
1790632455,270,5,transition,vgg16_image,461,436,432,461.5177570093458,462.9532710280373,468.144
1790632455,270,5,transition,vit_base_image,123,123,128,122.60061919504642,122.60061919504642,125.967
1790632456,271,5,transition,resnet50_image,92,92,91,91.3690271927075,91.3690271927075,176.963
1790632456,271,5,transition,vgg16_image,462,440,448,461.5177570093458,462.9532710280373,468.144
1790632456,271,5,transition,vit_base_image,122,122,128,122.60061919504642,122.60061919504642,125.967
1790632457,272,5,steady,resnet50_image,91,91,92,91.3690271927075,91.3690271927075,176.963
1790632457,272,5,steady,vgg16_image,462,439,432,462.9532710280373,462.9532710280373,468.144
1790632457,272,5,steady,vit_base_image,124,124,96,122.60061919504642,122.60061919504642,125.967
1790632458,273,5,steady,resnet50_image,91,91,90,91.3690271927075,91.3690271927075,176.963
1790632458,273,5,steady,vgg16_image,463,380,384,462.9532710280373,462.9532710280373,468.144
1790632458,273,5,steady,vit_base_image,122,122,128,122.60061919504642,122.60061919504642,125.967
1790632459,274,5,steady,resnet50_image,92,91,93,91.3690271927075,91.3690271927075,176.963
1790632459,274,5,steady,vgg16_image,462,430,432,462.9532710280373,462.9532710280373,468.144
1790632459,274,5,steady,vit_base_image,123,123,128,122.60061919504642,122.60061919504642,125.967
1790632460,275,5,steady,resnet50_image,91,92,90,91.3690271927075,91.3690271927075,176.963
1790632460,275,5,steady,vgg16_image,463,436,432,462.9532710280373,462.9532710280373,468.144
1790632460,275,5,steady,vit_base_image,122,122,128,122.60061919504642,122.60061919504642,125.967
1790632461,276,5,steady,resnet50_image,91,91,92,91.3690271927075,91.3690271927075,176.963
1790632461,276,5,steady,vgg16_image,463,434,432,462.9532710280373,462.9532710280373,468.144
1790632461,276,5,steady,vit_base_image,123,123,128,122.60061919504642,122.60061919504642,125.967
1790632462,277,5,steady,resnet50_image,92,92,91,91.3690271927075,91.3690271927075,176.963
1790632462,277,5,steady,vgg16_image,463,434,432,462.9532710280373,462.9532710280373,468.144
1790632462,277,5,steady,vit_base_image,123,122,96,122.60061919504642,122.60061919504642,125.967
1790632463,278,5,steady,resnet50_image,91,91,92,91.3690271927075,91.3690271927075,176.963
1790632463,278,5,steady,vgg16_image,463,433,432,462.9532710280373,462.9532710280373,468.144
1790632463,278,5,steady,vit_base_image,122,123,128,122.60061919504642,122.60061919504642,125.967
1790632464,279,5,steady,resnet50_image,92,91,90,91.3690271927075,91.3690271927075,176.963
1790632464,279,5,steady,vgg16_image,463,371,368,462.9532710280373,462.9532710280373,468.144
1790632464,279,5,steady,vit_base_image,123,122,118,122.60061919504642,122.60061919504642,125.967
1790632465,280,5,steady,resnet50_image,91,92,93,91.3690271927075,91.3690271927075,176.963
1790632465,280,5,steady,vgg16_image,463,439,448,462.9532710280373,462.9532710280373,468.144
1790632465,280,5,steady,vit_base_image,122,123,106,122.60061919504642,122.60061919504642,125.967
1790632466,281,5,steady,resnet50_image,91,91,90,91.3690271927075,91.3690271927075,176.963
1790632466,281,5,steady,vgg16_image,463,439,432,462.9532710280373,462.9532710280373,468.144
1790632466,281,5,steady,vit_base_image,123,123,128,122.60061919504642,122.60061919504642,125.967
1790632467,282,5,steady,resnet50_image,92,92,92,91.3690271927075,91.3690271927075,176.963
1790632467,282,5,steady,vgg16_image,463,438,448,462.9532710280373,462.9532710280373,468.144
1790632467,282,5,steady,vit_base_image,123,122,128,122.60061919504642,122.60061919504642,125.967
1790632468,283,5,steady,resnet50_image,91,91,92,91.3690271927075,91.3690271927075,176.963
1790632468,283,5,steady,vgg16_image,463,438,432,462.9532710280373,462.9532710280373,468.144
1790632468,283,5,steady,vit_base_image,122,123,128,122.60061919504642,122.60061919504642,125.967
1790632469,284,5,steady,resnet50_image,91,91,91,91.3690271927075,91.3690271927075,176.963
1790632469,284,5,steady,vgg16_image,463,436,432,462.9532710280373,462.9532710280373,468.144
1790632469,284,5,steady,vit_base_image,123,123,128,122.60061919504642,122.60061919504642,125.967
1790632470,285,5,steady,resnet50_image,92,92,91,91.3690271927075,91.3690271927075,176.963
1790632470,285,5,steady,vgg16_image,463,434,432,462.9532710280373,462.9532710280373,468.144
1790632470,285,5,steady,vit_base_image,122,122,96,122.60061919504642,122.60061919504642,125.967
1790632471,286,5,steady,resnet50_image,91,91,92,91.3690271927075,91.3690271927075,176.963
1790632471,286,5,steady,vgg16_image,463,435,448,462.9532710280373,462.9532710280373,468.144
1790632471,286,5,steady,vit_base_image,123,123,128,122.60061919504642,122.60061919504642,125.967
1790632472,287,5,steady,resnet50_image,91,91,91,91.3690271927075,91.3690271927075,176.963
1790632472,287,5,steady,vgg16_image,463,433,432,462.9532710280373,462.9532710280373,468.144
1790632472,287,5,steady,vit_base_image,123,122,128,122.60061919504642,122.60061919504642,125.967
1790632473,288,5,steady,resnet50_image,92,92,92,91.3690271927075,91.3690271927075,176.963
1790632473,288,5,steady,vgg16_image,463,433,432,462.9532710280373,462.9532710280373,468.144
1790632473,288,5,steady,vit_base_image,122,123,128,122.60061919504642,122.60061919504642,125.967
1790632474,289,5,steady,resnet50_image,91,91,92,91.3690271927075,91.3690271927075,176.963
1790632474,289,5,steady,vgg16_image,463,433,432,462.9532710280373,462.9532710280373,468.144
1790632474,289,5,steady,vit_base_image,123,123,96,122.60061919504642,122.60061919504642,125.967
1790632475,290,5,steady,resnet50_image,92,91,90,91.3690271927075,91.3690271927075,176.963
1790632475,290,5,steady,vgg16_image,463,432,432,462.9532710280373,462.9532710280373,468.144
1790632475,290,5,steady,vit_base_image,122,122,128,122.60061919504642,122.60061919504642,125.967
1790632476,291,5,steady,resnet50_image,91,92,92,91.3690271927075,91.3690271927075,176.963
1790632476,291,5,steady,vgg16_image,463,436,432,462.9532710280373,462.9532710280373,468.144
1790632476,291,5,steady,vit_base_image,123,123,128,122.60061919504642,122.60061919504642,125.967
1790632477,292,5,steady,resnet50_image,91,91,90,91.3690271927075,91.3690271927075,176.963
1790632477,292,5,steady,vgg16_image,463,437,432,462.9532710280373,462.9532710280373,468.144
1790632477,292,5,steady,vit_base_image,123,123,128,122.60061919504642,122.60061919504642,125.967
1790632478,293,5,steady,resnet50_image,92,92,93,91.3690271927075,91.3690271927075,176.963
1790632478,293,5,steady,vgg16_image,463,432,432,462.9532710280373,462.9532710280373,468.144
1790632478,293,5,steady,vit_base_image,122,122,96,122.60061919504642,122.60061919504642,125.967
1790632479,294,5,steady,resnet50_image,91,91,90,91.3690271927075,91.3690271927075,176.963
1790632479,294,5,steady,vgg16_image,463,433,441,462.9532710280373,462.9532710280373,468.144
1790632479,294,5,steady,vit_base_image,123,122,128,122.60061919504642,122.60061919504642,125.967
1790632480,295,5,steady,resnet50_image,91,91,92,91.3690271927075,91.3690271927075,176.963
1790632480,295,5,steady,vgg16_image,463,438,439,462.9532710280373,462.9532710280373,468.144
1790632480,295,5,steady,vit_base_image,122,123,128,122.60061919504642,122.60061919504642,125.967
1790632481,296,5,steady,resnet50_image,92,92,87,91.3690271927075,91.3690271927075,176.963
1790632481,296,5,steady,vgg16_image,462,382,384,462.9532710280373,462.9532710280373,468.144
1790632481,296,5,steady,vit_base_image,123,123,128,122.60061919504642,122.60061919504642,125.967
1790632482,297,5,steady,resnet50_image,91,91,95,91.3690271927075,91.3690271927075,176.963
1790632482,297,5,steady,vgg16_image,463,428,419,462.9532710280373,462.9532710280373,468.144
1790632482,297,5,steady,vit_base_image,123,122,126,122.60061919504642,122.60061919504642,125.967
1790632483,298,5,steady,resnet50_image,92,91,92,91.3690271927075,91.3690271927075,176.963
1790632483,298,5,steady,vgg16_image,463,434,443,462.9532710280373,462.9532710280373,468.144
1790632483,298,5,steady,vit_base_image,122,123,98,122.60061919504642,122.60061919504642,125.967
1790632484,299,5,steady,resnet50_image,91,92,91,91.3690271927075,91.3690271927075,176.963
1790632484,299,5,steady,vgg16_image,463,430,419,462.9532710280373,462.9532710280373,468.144
1790632484,299,5,steady,vit_base_image,123,119,128,122.60061919504642,122.60061919504642,125.967
1790632485,300,5,steady,resnet50_image,91,91,92,91.3690271927075,91.3690271927075,176.963
1790632485,300,5,steady,vgg16_image,463,432,431,462.9532710280373,462.9532710280373,468.144
1790632485,300,5,steady,vit_base_image,122,119,128,122.60061919504642,122.60061919504642,125.967
1790632486,301,5,steady,resnet50_image,92,92,91,91.3690271927075,91.3690271927075,176.963
1790632486,301,5,steady,vgg16_image,463,428,432,462.9532710280373,462.9532710280373,468.144
1790632486,301,5,steady,vit_base_image,123,119,96,122.60061919504642,122.60061919504642,125.967
1790632487,302,,,resnet50_image,91,91,92,,,176.963
1790632487,302,,,vgg16_image,463,427,432,,,468.144
1790632487,302,,,vit_base_image,123,119,128,,,125.967
1790632488,303,,,resnet50_image,91,91,92,,,176.963
1790632488,303,,,vgg16_image,463,434,432,,,468.144
1790632488,303,,,vit_base_image,122,121,128,,,125.967
1790632489,304,,,resnet50_image,92,92,91,,,176.963
1790632489,304,,,vgg16_image,463,431,432,,,468.144
1790632489,304,,,vit_base_image,123,122,128,,,125.967
1790632490,305,,,resnet50_image,91,91,89,,,176.963
1790632490,305,,,vgg16_image,463,431,432,,,468.144
1790632490,305,,,vit_base_image,122,120,120,,,125.967
1790632491,306,,,resnet50_image,92,81,86,,,176.963
1790632491,306,,,vgg16_image,463,373,399,,,468.144
1790632491,306,,,vit_base_image,123,107,104,,,125.967
1790632492,307,,,resnet50_image,91,102,98,,,176.963
1790632492,307,,,vgg16_image,463,457,433,,,468.144
1790632492,307,,,vit_base_image,123,135,128,,,125.967
1790632493,308,,,resnet50_image,91,91,91,,,176.963
1790632493,308,,,vgg16_image,463,429,432,,,468.144
1790632493,308,,,vit_base_image,122,121,128,,,125.967
1790632494,309,6,transition,resnet50_image,76,76,78,66.79901619663318,66.79901619663318,176.963
1790632494,309,6,transition,vgg16_image,460,426,416,460.7999999999999,460.7999999999999,468.144
1790632494,309,6,transition,vit_base_image,94,93,128,73.56037151702786,73.56037151702786,125.967
1790632495,310,6,transition,resnet50_image,67,67,66,66.79901619663318,66.79901619663318,176.963
1790632495,310,6,transition,vgg16_image,461,426,432,460.7999999999999,460.7999999999999,468.144
1790632495,310,6,transition,vit_base_image,73,73,96,73.56037151702786,73.56037151702786,125.967
1790632496,311,6,transition,resnet50_image,67,67,67,66.79901619663318,66.79901619663318,176.963
1790632496,311,6,transition,vgg16_image,461,426,420,460.7999999999999,460.7999999999999,468.144
1790632496,311,6,transition,vit_base_image,74,74,128,73.56037151702786,73.56037151702786,125.967
1790632497,312,6,transition,resnet50_image,66,66,67,66.79901619663318,66.79901619663318,176.963
1790632497,312,6,transition,vgg16_image,461,430,428,460.7999999999999,460.7999999999999,468.144
1790632497,312,6,transition,vit_base_image,74,73,128,73.56037151702786,73.56037151702786,125.967
1790632498,313,6,transition,resnet50_image,67,67,67,66.79901619663318,66.79901619663318,176.963
1790632498,313,6,transition,vgg16_image,460,370,368,460.7999999999999,460.7999999999999,468.144
1790632498,313,6,transition,vit_base_image,73,74,123,73.56037151702786,73.56037151702786,125.967
1790632499,314,6,transition,resnet50_image,67,67,67,66.79901619663318,66.79901619663318,176.963
1790632499,314,6,transition,vgg16_image,461,431,432,460.7999999999999,460.7999999999999,468.144
1790632499,314,6,transition,vit_base_image,74,74,91,73.56037151702786,73.56037151702786,125.967
1790632500,315,6,transition,resnet50_image,67,67,66,66.79901619663318,66.79901619663318,176.963
1790632500,315,6,transition,vgg16_image,461,429,432,460.7999999999999,460.7999999999999,468.144
1790632500,315,6,transition,vit_base_image,73,73,74,73.56037151702786,73.56037151702786,125.967
1790632501,316,6,transition,resnet50_image,67,67,67,66.79901619663318,66.79901619663318,176.963
1790632501,316,6,transition,vgg16_image,461,427,432,460.7999999999999,460.7999999999999,468.144
1790632501,316,6,transition,vit_base_image,74,74,73,73.56037151702786,73.56037151702786,125.967
1790632502,317,6,transition,resnet50_image,66,66,68,66.79901619663318,66.79901619663318,176.963
1790632502,317,6,transition,vgg16_image,461,427,432,460.7999999999999,460.7999999999999,468.144
1790632502,317,6,transition,vit_base_image,73,73,74,73.56037151702786,73.56037151702786,89.405
1790632503,318,6,transition,resnet50_image,67,67,67,66.79901619663318,66.79901619663318,176.963
1790632503,318,6,transition,vgg16_image,460,430,416,460.7999999999999,460.7999999999999,468.144
1790632503,318,6,transition,vit_base_image,74,74,73,73.56037151702786,73.56037151702786,89.405
1790632504,319,6,steady,resnet50_image,66,66,65,66.79901619663318,66.79901619663318,176.963
1790632504,319,6,steady,vgg16_image,460,386,400,460.7999999999999,460.7999999999999,468.144
1790632504,319,6,steady,vit_base_image,74,73,62,73.56037151702786,73.56037151702786,89.405
1790632505,320,6,steady,resnet50_image,67,67,66,66.79901619663318,66.79901619663318,176.963
1790632505,320,6,steady,vgg16_image,461,428,416,460.7999999999999,460.7999999999999,468.144
1790632505,320,6,steady,vit_base_image,73,74,76,73.56037151702786,73.56037151702786,89.405
1790632506,321,6,steady,resnet50_image,67,67,67,66.79901619663318,66.79901619663318,176.963
1790632506,321,6,steady,vgg16_image,461,427,432,460.7999999999999,460.7999999999999,468.144
1790632506,321,6,steady,vit_base_image,74,74,77,73.56037151702786,73.56037151702786,89.405
1790632507,322,6,steady,resnet50_image,67,67,67,66.79901619663318,66.79901619663318,176.963
1790632507,322,6,steady,vgg16_image,460,421,416,460.7999999999999,460.7999999999999,468.144
1790632507,322,6,steady,vit_base_image,73,73,75,73.56037151702786,73.56037151702786,89.405
1790632508,323,6,steady,resnet50_image,66,66,68,66.79901619663318,66.79901619663318,176.963
1790632508,323,6,steady,vgg16_image,461,426,432,460.7999999999999,460.7999999999999,468.144
1790632508,323,6,steady,vit_base_image,74,74,76,73.56037151702786,73.56037151702786,89.405
1790632509,324,6,steady,resnet50_image,67,67,65,66.79901619663318,66.79901619663318,176.963
1790632509,324,6,steady,vgg16_image,461,425,432,460.7999999999999,460.7999999999999,468.144
1790632509,324,6,steady,vit_base_image,73,73,76,73.56037151702786,73.56037151702786,89.405
1790632510,325,6,steady,resnet50_image,67,67,67,66.79901619663318,66.79901619663318,176.963
1790632510,325,6,steady,vgg16_image,461,377,368,460.7999999999999,460.7999999999999,468.144
1790632510,325,6,steady,vit_base_image,74,74,66,73.56037151702786,73.56037151702786,89.405
1790632511,326,6,steady,resnet50_image,67,67,68,66.79901619663318,66.79901619663318,176.963
1790632511,326,6,steady,vgg16_image,461,417,416,460.7999999999999,460.7999999999999,468.144
1790632511,326,6,steady,vit_base_image,73,73,76,73.56037151702786,73.56037151702786,89.405
1790632512,327,6,steady,resnet50_image,67,67,67,66.79901619663318,66.79901619663318,176.963
1790632512,327,6,steady,vgg16_image,460,425,432,460.7999999999999,460.7999999999999,468.144
1790632512,327,6,steady,vit_base_image,74,74,76,73.56037151702786,73.56037151702786,89.405
1790632513,328,6,steady,resnet50_image,66,66,66,66.79901619663318,66.79901619663318,176.963
1790632513,328,6,steady,vgg16_image,461,422,416,460.7999999999999,460.7999999999999,468.144
1790632513,328,6,steady,vit_base_image,74,74,76,73.56037151702786,73.56037151702786,89.405
1790632514,329,6,steady,resnet50_image,67,67,67,66.79901619663318,66.79901619663318,176.963
1790632514,329,6,steady,vgg16_image,461,417,416,460.7999999999999,460.7999999999999,468.144
1790632514,329,6,steady,vit_base_image,73,73,74,73.56037151702786,73.56037151702786,89.405
1790632515,330,6,steady,resnet50_image,67,67,66,66.79901619663318,66.79901619663318,176.963
1790632515,330,6,steady,vgg16_image,461,420,416,460.7999999999999,460.7999999999999,468.144
1790632515,330,6,steady,vit_base_image,74,74,73,73.56037151702786,73.56037151702786,89.405
1790632516,331,6,steady,resnet50_image,67,67,67,66.79901619663318,66.79901619663318,176.963
1790632516,331,6,steady,vgg16_image,461,413,416,460.7999999999999,460.7999999999999,468.144
1790632516,331,6,steady,vit_base_image,73,73,74,73.56037151702786,73.56037151702786,89.405
1790632517,332,6,steady,resnet50_image,67,67,67,66.79901619663318,66.79901619663318,176.963
1790632517,332,6,steady,vgg16_image,460,419,416,460.7999999999999,460.7999999999999,468.144
1790632517,332,6,steady,vit_base_image,74,74,74,73.56037151702786,73.56037151702786,89.405
1790632518,333,6,steady,resnet50_image,66,66,66,66.79901619663318,66.79901619663318,176.963
1790632518,333,6,steady,vgg16_image,461,418,423,460.7999999999999,460.7999999999999,468.144
1790632518,333,6,steady,vit_base_image,73,73,73,73.56037151702786,73.56037151702786,89.405
1790632519,334,6,steady,resnet50_image,67,67,68,66.79901619663318,66.79901619663318,176.963
1790632519,334,6,steady,vgg16_image,461,422,425,460.7999999999999,460.7999999999999,468.144
1790632519,334,6,steady,vit_base_image,74,74,73,73.56037151702786,73.56037151702786,89.405
1790632520,335,6,steady,resnet50_image,67,67,67,66.79901619663318,66.79901619663318,176.963
1790632520,335,6,steady,vgg16_image,461,412,416,460.7999999999999,460.7999999999999,468.144
1790632520,335,6,steady,vit_base_image,74,73,74,73.56037151702786,73.56037151702786,89.405
1790632521,336,6,steady,resnet50_image,67,67,66,66.79901619663318,66.79901619663318,176.963
1790632521,336,6,steady,vgg16_image,461,424,416,460.7999999999999,460.7999999999999,468.144
1790632521,336,6,steady,vit_base_image,73,74,74,73.56037151702786,73.56037151702786,89.405
1790632522,337,6,steady,resnet50_image,67,67,67,66.79901619663318,66.79901619663318,176.963
1790632522,337,6,steady,vgg16_image,460,409,416,460.7999999999999,460.7999999999999,468.144
1790632522,337,6,steady,vit_base_image,74,73,73,73.56037151702786,73.56037151702786,89.405
1790632523,338,6,steady,resnet50_image,66,66,67,66.79901619663318,66.79901619663318,176.963
1790632523,338,6,steady,vgg16_image,461,419,416,460.7999999999999,460.7999999999999,468.144
1790632523,338,6,steady,vit_base_image,73,74,74,73.56037151702786,73.56037151702786,89.405
1790632524,339,6,steady,resnet50_image,67,67,66,66.79901619663318,66.79901619663318,176.963
1790632524,339,6,steady,vgg16_image,461,420,416,460.7999999999999,460.7999999999999,468.144
1790632524,339,6,steady,vit_base_image,74,74,74,73.56037151702786,73.56037151702786,89.405
1790632525,340,6,steady,resnet50_image,67,67,67,66.79901619663318,66.79901619663318,176.963
1790632525,340,6,steady,vgg16_image,461,419,416,460.7999999999999,460.7999999999999,468.144
1790632525,340,6,steady,vit_base_image,73,73,73,73.56037151702786,73.56037151702786,89.405
1790632526,341,6,steady,resnet50_image,67,67,67,66.79901619663318,66.79901619663318,176.963
1790632526,341,6,steady,vgg16_image,461,417,416,460.7999999999999,460.7999999999999,468.144
1790632526,341,6,steady,vit_base_image,74,74,73,73.56037151702786,73.56037151702786,89.405
1790632527,342,6,steady,resnet50_image,67,67,68,66.79901619663318,66.79901619663318,176.963
1790632527,342,6,steady,vgg16_image,460,417,416,460.7999999999999,460.7999999999999,468.144
1790632527,342,6,steady,vit_base_image,73,73,74,73.56037151702786,73.56037151702786,89.405
1790632528,343,6,steady,resnet50_image,66,66,66,66.79901619663318,66.79901619663318,176.963
1790632528,343,6,steady,vgg16_image,461,425,432,460.7999999999999,460.7999999999999,468.144
1790632528,343,6,steady,vit_base_image,74,74,74,73.56037151702786,73.56037151702786,89.405
1790632529,344,6,steady,resnet50_image,67,67,67,66.79901619663318,66.79901619663318,176.963
1790632529,344,6,steady,vgg16_image,461,419,416,460.7999999999999,460.7999999999999,468.144
1790632529,344,6,steady,vit_base_image,74,73,73,73.56037151702786,73.56037151702786,89.405
1790632530,345,6,steady,resnet50_image,67,67,67,66.79901619663318,66.79901619663318,176.963
1790632530,345,6,steady,vgg16_image,461,418,416,460.7999999999999,460.7999999999999,468.144
1790632530,345,6,steady,vit_base_image,73,74,74,73.56037151702786,73.56037151702786,89.405
1790632531,346,6,steady,resnet50_image,67,67,67,66.79901619663318,66.79901619663318,176.963
1790632531,346,6,steady,vgg16_image,461,418,427,460.7999999999999,460.7999999999999,468.144
1790632531,346,6,steady,vit_base_image,74,73,73,73.56037151702786,73.56037151702786,89.405
1790632532,347,6,steady,resnet50_image,67,67,67,66.79901619663318,66.79901619663318,176.963
1790632532,347,6,steady,vgg16_image,460,420,421,460.7999999999999,460.7999999999999,468.144
1790632532,347,6,steady,vit_base_image,73,74,74,73.56037151702786,73.56037151702786,89.405
1790632533,348,6,steady,resnet50_image,66,66,67,66.79901619663318,66.79901619663318,176.963
1790632533,348,6,steady,vgg16_image,461,425,416,460.7999999999999,460.7999999999999,468.144
1790632533,348,6,steady,vit_base_image,74,74,74,73.56037151702786,73.56037151702786,89.405
1790632534,349,,,resnet50_image,67,67,66,,,176.963
1790632534,349,,,vgg16_image,461,415,416,,,468.144
1790632534,349,,,vit_base_image,73,73,73,,,89.405
1790632535,350,,,resnet50_image,67,67,67,,,176.963
1790632535,350,,,vgg16_image,461,418,416,,,468.144
1790632535,350,,,vit_base_image,74,74,74,,,89.405
1790632536,351,,,resnet50_image,67,67,66,,,176.963
1790632536,351,,,vgg16_image,461,423,432,,,468.144
1790632536,351,,,vit_base_image,73,73,73,,,89.405
1790632537,352,,,resnet50_image,67,67,66,,,176.963
1790632537,352,,,vgg16_image,460,415,416,,,468.144
1790632537,352,,,vit_base_image,74,74,74,,,89.405
1790632538,353,,,resnet50_image,66,66,68,,,176.963
1790632538,353,,,vgg16_image,461,422,416,,,468.144
1790632538,353,,,vit_base_image,74,74,73,,,89.405
1790632539,354,,,resnet50_image,67,63,57,,,176.963
1790632539,354,,,vgg16_image,461,387,384,,,468.144
1790632539,354,,,vit_base_image,73,70,62,,,89.405
1790632540,355,7,transition,resnet50_image,58,62,67,57.53197095336495,57.53197095336495,176.963
1790632540,355,7,transition,vgg16_image,459,402,400,460.7999999999999,469.7719626168224,468.144
1790632540,355,7,transition,vit_base_image,74,77,76,73.56037151702786,122.60061919504642,89.405
1790632541,356,7,transition,resnet50_image,57,57,58,57.53197095336495,57.53197095336495,176.963
1790632541,356,7,transition,vgg16_image,461,426,432,460.7999999999999,469.7719626168224,468.144
1790632541,356,7,transition,vit_base_image,74,74,76,73.56037151702786,122.60061919504642,89.405
1790632542,357,7,transition,resnet50_image,58,58,58,57.53197095336495,57.53197095336495,176.963
1790632542,357,7,transition,vgg16_image,461,429,432,460.7999999999999,469.7719626168224,468.144
1790632542,357,7,transition,vit_base_image,73,73,76,73.56037151702786,122.60061919504642,89.405
1790632543,358,7,transition,resnet50_image,57,57,58,57.53197095336495,57.53197095336495,176.963
1790632543,358,7,transition,vgg16_image,461,426,416,460.7999999999999,469.7719626168224,468.144
1790632543,358,7,transition,vit_base_image,74,74,75,73.56037151702786,122.60061919504642,89.405
1790632544,359,7,transition,resnet50_image,58,58,57,57.53197095336495,57.53197095336495,176.963
1790632544,359,7,transition,vgg16_image,461,425,432,460.7999999999999,469.7719626168224,468.144
1790632544,359,7,transition,vit_base_image,73,73,77,73.56037151702786,122.60061919504642,89.405
1790632545,360,7,transition,resnet50_image,58,57,58,57.53197095336495,57.53197095336495,176.963
1790632545,360,7,transition,vgg16_image,460,428,432,460.7999999999999,469.7719626168224,468.144
1790632545,360,7,transition,vit_base_image,74,74,74,73.56037151702786,122.60061919504642,89.405
1790632546,361,7,transition,resnet50_image,57,58,57,57.53197095336495,57.53197095336495,176.963
1790632546,361,7,transition,vgg16_image,461,427,416,460.7999999999999,469.7719626168224,468.144
1790632546,361,7,transition,vit_base_image,74,73,73,73.56037151702786,122.60061919504642,89.405
1790632547,362,7,transition,resnet50_image,58,58,58,57.53197095336495,57.53197095336495,176.963
1790632547,362,7,transition,vgg16_image,461,420,448,460.7999999999999,469.7719626168224,468.144
1790632547,362,7,transition,vit_base_image,73,74,74,73.56037151702786,122.60061919504642,89.405
1790632548,363,7,transition,resnet50_image,57,57,57,57.53197095336495,57.53197095336495,176.963
1790632548,363,7,transition,vgg16_image,461,452,448,460.7999999999999,469.7719626168224,489.336
1790632548,363,7,transition,vit_base_image,74,74,73,73.56037151702786,122.60061919504642,125.967
1790632549,364,7,transition,resnet50_image,58,58,58,57.53197095336495,57.53197095336495,176.963
1790632549,364,7,transition,vgg16_image,461,452,448,460.7999999999999,469.7719626168224,489.336
1790632549,364,7,transition,vit_base_image,73,73,74,73.56037151702786,122.60061919504642,125.967
1790632550,365,7,transition,resnet50_image,56,56,56,57.53197095336495,57.53197095336495,176.963
1790632550,365,7,transition,vgg16_image,461,440,447,460.7999999999999,469.7719626168224,489.336
1790632550,365,7,transition,vit_base_image,82,81,74,73.56037151702786,122.60061919504642,125.967
1790632551,366,7,steady,resnet50_image,58,58,57,57.53197095336495,57.53197095336495,176.963
1790632551,366,7,steady,vgg16_image,469,448,449,469.7719626168224,469.7719626168224,489.336
1790632551,366,7,steady,vit_base_image,122,123,110,122.60061919504642,122.60061919504642,125.967
1790632552,367,7,steady,resnet50_image,57,57,58,57.53197095336495,57.53197095336495,176.963
1790632552,367,7,steady,vgg16_image,470,408,384,469.7719626168224,469.7719626168224,489.336
1790632552,367,7,steady,vit_base_image,123,123,105,122.60061919504642,122.60061919504642,125.967
1790632553,368,7,steady,resnet50_image,58,58,58,57.53197095336495,57.53197095336495,176.963
1790632553,368,7,steady,vgg16_image,470,452,448,469.7719626168224,469.7719626168224,489.336
1790632553,368,7,steady,vit_base_image,122,122,116,122.60061919504642,122.60061919504642,125.967
1790632554,369,7,steady,resnet50_image,57,57,58,57.53197095336495,57.53197095336495,176.963
1790632554,369,7,steady,vgg16_image,470,446,448,469.7719626168224,469.7719626168224,489.336
1790632554,369,7,steady,vit_base_image,123,123,131,122.60061919504642,122.60061919504642,125.967
1790632555,370,7,steady,resnet50_image,58,58,57,57.53197095336495,57.53197095336495,176.963
1790632555,370,7,steady,vgg16_image,469,450,449,469.7719626168224,469.7719626168224,489.336
1790632555,370,7,steady,vit_base_image,123,122,120,122.60061919504642,122.60061919504642,125.967
1790632556,371,7,steady,resnet50_image,57,57,57,57.53197095336495,57.53197095336495,176.963
1790632556,371,7,steady,vgg16_image,470,448,450,469.7719626168224,469.7719626168224,489.336
1790632556,371,7,steady,vit_base_image,122,122,126,122.60061919504642,122.60061919504642,125.967
1790632557,372,7,steady,resnet50_image,58,58,58,57.53197095336495,57.53197095336495,176.963
1790632557,372,7,steady,vgg16_image,470,453,477,469.7719626168224,469.7719626168224,489.336
1790632557,372,7,steady,vit_base_image,123,124,97,122.60061919504642,122.60061919504642,125.967
1790632558,373,7,steady,resnet50_image,57,57,58,57.53197095336495,57.53197095336495,176.963
1790632558,373,7,steady,vgg16_image,470,448,448,469.7719626168224,469.7719626168224,489.336
1790632558,373,7,steady,vit_base_image,122,122,128,122.60061919504642,122.60061919504642,125.967
1790632559,374,7,steady,resnet50_image,58,58,57,57.53197095336495,57.53197095336495,176.963
1790632559,374,7,steady,vgg16_image,469,446,448,469.7719626168224,469.7719626168224,489.336
1790632559,374,7,steady,vit_base_image,123,123,128,122.60061919504642,122.60061919504642,125.967
1790632560,375,7,steady,resnet50_image,57,57,57,57.53197095336495,57.53197095336495,176.963
1790632560,375,7,steady,vgg16_image,470,366,352,469.7719626168224,469.7719626168224,489.336
1790632560,375,7,steady,vit_base_image,123,122,96,122.60061919504642,122.60061919504642,125.967
1790632561,376,7,steady,resnet50_image,58,58,58,57.53197095336495,57.53197095336495,176.963
1790632561,376,7,steady,vgg16_image,470,449,448,469.7719626168224,469.7719626168224,489.336
1790632561,376,7,steady,vit_base_image,122,123,128,122.60061919504642,122.60061919504642,125.967
1790632562,377,7,steady,resnet50_image,58,57,58,57.53197095336495,57.53197095336495,176.963
1790632562,377,7,steady,vgg16_image,470,450,448,469.7719626168224,469.7719626168224,489.336
1790632562,377,7,steady,vit_base_image,123,123,128,122.60061919504642,122.60061919504642,125.967
1790632563,378,7,steady,resnet50_image,57,58,56,57.53197095336495,57.53197095336495,176.963
1790632563,378,7,steady,vgg16_image,470,450,448,469.7719626168224,469.7719626168224,489.336
1790632563,378,7,steady,vit_base_image,122,122,128,122.60061919504642,122.60061919504642,125.967
1790632564,379,7,steady,resnet50_image,58,57,59,57.53197095336495,57.53197095336495,176.963
1790632564,379,7,steady,vgg16_image,469,438,448,469.7719626168224,469.7719626168224,489.336
1790632564,379,7,steady,vit_base_image,123,123,96,122.60061919504642,122.60061919504642,125.967
1790632565,380,7,steady,resnet50_image,57,58,57,57.53197095336495,57.53197095336495,176.963
1790632565,380,7,steady,vgg16_image,470,446,448,469.7719626168224,469.7719626168224,489.336
1790632565,380,7,steady,vit_base_image,123,123,128,122.60061919504642,122.60061919504642,125.967
1790632566,381,7,steady,resnet50_image,58,58,57,57.53197095336495,57.53197095336495,176.963
1790632566,381,7,steady,vgg16_image,470,437,416,469.7719626168224,469.7719626168224,489.336
1790632566,381,7,steady,vit_base_image,122,122,128,122.60061919504642,122.60061919504642,125.967
1790632567,382,7,steady,resnet50_image,57,57,57,57.53197095336495,57.53197095336495,176.963
1790632567,382,7,steady,vgg16_image,470,448,448,469.7719626168224,469.7719626168224,489.336
1790632567,382,7,steady,vit_base_image,123,123,128,122.60061919504642,122.60061919504642,125.967
1790632568,383,7,steady,resnet50_image,58,57,59,57.53197095336495,57.53197095336495,176.963
1790632568,383,7,steady,vgg16_image,469,449,461,469.7719626168224,469.7719626168224,489.336
1790632568,383,7,steady,vit_base_image,122,122,96,122.60061919504642,122.60061919504642,125.967
1790632569,384,7,steady,resnet50_image,57,58,57,57.53197095336495,57.53197095336495,176.963
1790632569,384,7,steady,vgg16_image,470,449,440,469.7719626168224,469.7719626168224,489.336
1790632569,384,7,steady,vit_base_image,123,122,128,122.60061919504642,122.60061919504642,125.967
1790632570,385,7,steady,resnet50_image,58,58,58,57.53197095336495,57.53197095336495,176.963
1790632570,385,7,steady,vgg16_image,470,447,445,469.7719626168224,469.7719626168224,489.336
1790632570,385,7,steady,vit_base_image,123,123,128,122.60061919504642,122.60061919504642,125.967
1790632571,386,7,steady,resnet50_image,57,57,57,57.53197095336495,57.53197095336495,176.963
1790632571,386,7,steady,vgg16_image,470,448,458,469.7719626168224,469.7719626168224,489.336
1790632571,386,7,steady,vit_base_image,122,123,128,122.60061919504642,122.60061919504642,125.967
1790632572,387,7,steady,resnet50_image,58,58,57,57.53197095336495,57.53197095336495,176.963
1790632572,387,7,steady,vgg16_image,470,449,452,469.7719626168224,469.7719626168224,489.336
1790632572,387,7,steady,vit_base_image,123,122,96,122.60061919504642,122.60061919504642,125.967
1790632573,388,7,steady,resnet50_image,57,57,58,57.53197095336495,57.53197095336495,176.963
1790632573,388,7,steady,vgg16_image,469,449,447,469.7719626168224,469.7719626168224,489.336
1790632573,388,7,steady,vit_base_image,122,123,128,122.60061919504642,122.60061919504642,125.967
1790632574,389,7,steady,resnet50_image,58,58,57,57.53197095336495,57.53197095336495,176.963
1790632574,389,7,steady,vgg16_image,470,454,465,469.7719626168224,469.7719626168224,489.336
1790632574,389,7,steady,vit_base_image,123,123,128,122.60061919504642,122.60061919504642,125.967
1790632575,390,7,steady,resnet50_image,57,57,58,57.53197095336495,57.53197095336495,176.963
1790632575,390,7,steady,vgg16_image,470,444,448,469.7719626168224,469.7719626168224,489.336
1790632575,390,7,steady,vit_base_image,123,122,128,122.60061919504642,122.60061919504642,125.967
1790632576,391,7,steady,resnet50_image,58,58,57,57.53197095336495,57.53197095336495,176.963
1790632576,391,7,steady,vgg16_image,470,446,438,469.7719626168224,469.7719626168224,489.336
1790632576,391,7,steady,vit_base_image,122,122,96,122.60061919504642,122.60061919504642,125.967
1790632577,392,7,steady,resnet50_image,57,57,59,57.53197095336495,57.53197095336495,176.963
1790632577,392,7,steady,vgg16_image,469,452,458,469.7719626168224,469.7719626168224,489.336
1790632577,392,7,steady,vit_base_image,123,124,128,122.60061919504642,122.60061919504642,125.967
1790632578,393,7,steady,resnet50_image,58,58,57,57.53197095336495,57.53197095336495,176.963
1790632578,393,7,steady,vgg16_image,470,447,448,469.7719626168224,469.7719626168224,489.336
1790632578,393,7,steady,vit_base_image,122,122,128,122.60061919504642,122.60061919504642,125.967
1790632579,394,7,steady,resnet50_image,58,57,57,57.53197095336495,57.53197095336495,176.963
1790632579,394,7,steady,vgg16_image,470,446,445,469.7719626168224,469.7719626168224,489.336
1790632579,394,7,steady,vit_base_image,123,123,128,122.60061919504642,122.60061919504642,125.967
1790632580,395,7,steady,resnet50_image,57,58,58,57.53197095336495,57.53197095336495,176.963
1790632580,395,7,steady,vgg16_image,470,456,451,469.7719626168224,469.7719626168224,489.336
1790632580,395,7,steady,vit_base_image,123,122,96,122.60061919504642,122.60061919504642,125.967
1790632581,396,,,resnet50_image,58,58,57,,,176.963
1790632581,396,,,vgg16_image,469,444,448,,,489.336
1790632581,396,,,vit_base_image,122,123,128,,,125.967
1790632582,397,,,resnet50_image,57,57,58,,,176.963
1790632582,397,,,vgg16_image,470,447,448,,,489.336
1790632582,397,,,vit_base_image,123,123,128,,,125.967
1790632583,398,,,resnet50_image,58,58,58,,,176.963
1790632583,398,,,vgg16_image,470,440,416,,,489.336
1790632583,398,,,vit_base_image,122,122,128,,,125.967
1790632584,399,,,resnet50_image,57,57,57,,,176.963
1790632584,399,,,vgg16_image,470,446,448,,,489.336
1790632584,399,,,vit_base_image,123,123,96,,,125.967
1790632585,400,,,resnet50_image,58,58,58,,,176.963
1790632585,400,,,vgg16_image,470,449,448,,,489.336
1790632585,400,,,vit_base_image,123,122,128,,,125.967
1790632586,401,,,resnet50_image,57,57,57,,,176.963
1790632586,401,,,vgg16_image,469,444,448,,,489.336
1790632586,401,,,vit_base_image,122,121,128,,,125.967
1790632587,402,8,transition,resnet50_image,58,58,57,57.53197095336495,82.23661214667806,176.963
1790632587,402,8,transition,vgg16_image,329,328,448,317.607476635514,317.607476635514,489.336
1790632587,402,8,transition,vit_base_image,123,124,128,122.60061919504642,122.60061919504642,125.967
1790632588,403,8,transition,resnet50_image,57,57,58,57.53197095336495,82.23661214667806,176.963
1790632588,403,8,transition,vgg16_image,318,317,352,317.607476635514,317.607476635514,489.336
1790632588,403,8,transition,vit_base_image,122,123,96,122.60061919504642,122.60061919504642,125.967
1790632589,404,8,transition,resnet50_image,58,58,58,57.53197095336495,82.23661214667806,176.963
1790632589,404,8,transition,vgg16_image,317,318,399,317.607476635514,317.607476635514,489.336
1790632589,404,8,transition,vit_base_image,123,123,128,122.60061919504642,122.60061919504642,125.967
1790632590,405,8,transition,resnet50_image,57,57,58,57.53197095336495,82.23661214667806,176.963
1790632590,405,8,transition,vgg16_image,318,317,320,317.607476635514,317.607476635514,489.336
1790632590,405,8,transition,vit_base_image,122,122,128,122.60061919504642,122.60061919504642,125.967
1790632591,406,8,transition,resnet50_image,58,58,56,57.53197095336495,82.23661214667806,176.963
1790632591,406,8,transition,vgg16_image,317,318,314,317.607476635514,317.607476635514,489.336
1790632591,406,8,transition,vit_base_image,123,123,128,122.60061919504642,122.60061919504642,125.967
1790632592,407,8,transition,resnet50_image,57,57,58,57.53197095336495,82.23661214667806,176.963
1790632592,407,8,transition,vgg16_image,318,317,315,317.607476635514,317.607476635514,489.336
1790632592,407,8,transition,vit_base_image,123,122,117,122.60061919504642,122.60061919504642,125.967
1790632593,408,8,transition,resnet50_image,58,58,58,57.53197095336495,82.23661214667806,176.963
1790632593,408,8,transition,vgg16_image,318,319,326,317.607476635514,317.607476635514,489.336
1790632593,408,8,transition,vit_base_image,122,123,107,122.60061919504642,122.60061919504642,125.967
1790632594,409,8,transition,resnet50_image,57,57,57,57.53197095336495,82.23661214667806,176.963
1790632594,409,8,transition,vgg16_image,317,317,295,317.607476635514,317.607476635514,489.336
1790632594,409,8,transition,vit_base_image,123,123,128,122.60061919504642,122.60061919504642,125.967
1790632595,410,8,transition,resnet50_image,58,58,58,57.53197095336495,82.23661214667806,176.963
1790632595,410,8,transition,vgg16_image,318,317,264,317.607476635514,317.607476635514,344.972
1790632595,410,8,transition,vit_base_image,122,122,128,122.60061919504642,122.60061919504642,125.967
1790632596,411,8,transition,resnet50_image,66,66,65,57.53197095336495,82.23661214667806,176.963
1790632596,411,8,transition,vgg16_image,316,317,252,317.607476635514,317.607476635514,344.972
1790632596,411,8,transition,vit_base_image,123,123,128,122.60061919504642,122.60061919504642,125.967
1790632597,412,8,steady,resnet50_image,82,82,83,82.23661214667806,82.23661214667806,176.963
1790632597,412,8,steady,vgg16_image,318,318,264,317.607476635514,317.607476635514,344.972
1790632597,412,8,steady,vit_base_image,123,123,128,122.60061919504642,122.60061919504642,125.967
1790632598,413,8,steady,resnet50_image,83,83,82,82.23661214667806,82.23661214667806,176.963
1790632598,413,8,steady,vgg16_image,318,317,280,317.607476635514,317.607476635514,344.972
1790632598,413,8,steady,vit_base_image,122,122,96,122.60061919504642,122.60061919504642,125.967
1790632599,414,8,steady,resnet50_image,82,82,82,82.23661214667806,82.23661214667806,176.963
1790632599,414,8,steady,vgg16_image,317,264,248,317.607476635514,317.607476635514,344.972
1790632599,414,8,steady,vit_base_image,123,123,128,122.60061919504642,122.60061919504642,125.967
1790632600,415,8,steady,resnet50_image,82,82,82,82.23661214667806,82.23661214667806,176.963
1790632600,415,8,steady,vgg16_image,318,279,280,317.607476635514,317.607476635514,344.972
1790632600,415,8,steady,vit_base_image,123,123,128,122.60061919504642,122.60061919504642,125.967
1790632601,416,8,steady,resnet50_image,82,82,82,82.23661214667806,82.23661214667806,176.963
1790632601,416,8,steady,vgg16_image,317,284,284,317.607476635514,317.607476635514,344.972
1790632601,416,8,steady,vit_base_image,122,122,128,122.60061919504642,122.60061919504642,125.967
1790632602,417,8,steady,resnet50_image,83,82,83,82.23661214667806,82.23661214667806,176.963
1790632602,417,8,steady,vgg16_image,318,289,292,317.607476635514,317.607476635514,344.972
1790632602,417,8,steady,vit_base_image,123,123,128,122.60061919504642,122.60061919504642,125.967
1790632603,418,8,steady,resnet50_image,82,83,82,82.23661214667806,82.23661214667806,176.963
1790632603,418,8,steady,vgg16_image,318,282,280,317.607476635514,317.607476635514,344.972
1790632603,418,8,steady,vit_base_image,122,122,128,122.60061919504642,122.60061919504642,125.967
1790632604,419,8,steady,resnet50_image,82,82,81,82.23661214667806,82.23661214667806,176.963
1790632604,419,8,steady,vgg16_image,317,292,292,317.607476635514,317.607476635514,344.972
1790632604,419,8,steady,vit_base_image,123,123,96,122.60061919504642,122.60061919504642,125.967
1790632605,420,8,steady,resnet50_image,82,82,84,82.23661214667806,82.23661214667806,176.963
1790632605,420,8,steady,vgg16_image,318,278,276,317.607476635514,317.607476635514,344.972
1790632605,420,8,steady,vit_base_image,123,123,128,122.60061919504642,122.60061919504642,125.967
1790632606,421,8,steady,resnet50_image,82,82,82,82.23661214667806,82.23661214667806,176.963
1790632606,421,8,steady,vgg16_image,317,287,288,317.607476635514,317.607476635514,344.972
1790632606,421,8,steady,vit_base_image,122,122,128,122.60061919504642,122.60061919504642,125.967
1790632607,422,8,steady,resnet50_image,83,83,81,82.23661214667806,82.23661214667806,176.963
1790632607,422,8,steady,vgg16_image,318,285,288,317.607476635514,317.607476635514,344.972
1790632607,422,8,steady,vit_base_image,123,123,128,122.60061919504642,122.60061919504642,125.967
1790632608,423,8,steady,resnet50_image,82,82,84,82.23661214667806,82.23661214667806,176.963
1790632608,423,8,steady,vgg16_image,318,288,284,317.607476635514,317.607476635514,344.972
1790632608,423,8,steady,vit_base_image,122,122,128,122.60061919504642,122.60061919504642,125.967
1790632609,424,8,steady,resnet50_image,82,82,81,82.23661214667806,82.23661214667806,176.963
1790632609,424,8,steady,vgg16_image,317,283,284,317.607476635514,317.607476635514,344.972
1790632609,424,8,steady,vit_base_image,123,123,96,122.60061919504642,122.60061919504642,125.967
1790632610,425,8,steady,resnet50_image,82,82,82,82.23661214667806,82.23661214667806,176.963
1790632610,425,8,steady,vgg16_image,318,281,280,317.607476635514,317.607476635514,344.972
1790632610,425,8,steady,vit_base_image,123,123,128,122.60061919504642,122.60061919504642,125.967
1790632611,426,8,steady,resnet50_image,83,83,83,82.23661214667806,82.23661214667806,176.963
1790632611,426,8,steady,vgg16_image,317,284,284,317.607476635514,317.607476635514,344.972
1790632611,426,8,steady,vit_base_image,122,122,128,122.60061919504642,122.60061919504642,125.967
1790632612,427,8,steady,resnet50_image,82,82,82,82.23661214667806,82.23661214667806,176.963
1790632612,427,8,steady,vgg16_image,318,232,232,317.607476635514,317.607476635514,344.972
1790632612,427,8,steady,vit_base_image,123,123,128,122.60061919504642,122.60061919504642,125.967
1790632613,428,8,steady,resnet50_image,82,82,83,82.23661214667806,82.23661214667806,176.963
1790632613,428,8,steady,vgg16_image,318,291,292,317.607476635514,317.607476635514,344.972
1790632613,428,8,steady,vit_base_image,123,122,128,122.60061919504642,122.60061919504642,125.967
1790632614,429,8,steady,resnet50_image,82,82,82,82.23661214667806,82.23661214667806,176.963
1790632614,429,8,steady,vgg16_image,317,286,288,317.607476635514,317.607476635514,344.972
1790632614,429,8,steady,vit_base_image,122,123,128,122.60061919504642,122.60061919504642,125.967
1790632615,430,8,steady,resnet50_image,83,82,81,82.23661214667806,82.23661214667806,176.963
1790632615,430,8,steady,vgg16_image,318,284,284,317.607476635514,317.607476635514,344.972
1790632615,430,8,steady,vit_base_image,123,122,96,122.60061919504642,122.60061919504642,125.967
1790632616,431,8,steady,resnet50_image,82,83,83,82.23661214667806,82.23661214667806,176.963
1790632616,431,8,steady,vgg16_image,317,286,284,317.607476635514,317.607476635514,344.972
1790632616,431,8,steady,vit_base_image,122,123,128,122.60061919504642,122.60061919504642,125.967
1790632617,432,8,steady,resnet50_image,82,82,83,82.23661214667806,82.23661214667806,176.963
1790632617,432,8,steady,vgg16_image,318,284,284,317.607476635514,317.607476635514,344.972
1790632617,432,8,steady,vit_base_image,123,123,128,122.60061919504642,122.60061919504642,125.967
1790632618,433,8,steady,resnet50_image,82,82,81,82.23661214667806,82.23661214667806,176.963
1790632618,433,8,steady,vgg16_image,318,288,288,317.607476635514,317.607476635514,344.972
1790632618,433,8,steady,vit_base_image,123,122,128,122.60061919504642,122.60061919504642,125.967
1790632619,434,8,steady,resnet50_image,83,82,83,82.23661214667806,82.23661214667806,176.963
1790632619,434,8,steady,vgg16_image,317,288,288,317.607476635514,317.607476635514,344.972
1790632619,434,8,steady,vit_base_image,122,123,128,122.60061919504642,122.60061919504642,125.967
1790632620,435,8,steady,resnet50_image,82,83,83,82.23661214667806,82.23661214667806,176.963
1790632620,435,8,steady,vgg16_image,318,290,290,317.607476635514,317.607476635514,344.972
1790632620,435,8,steady,vit_base_image,123,123,96,122.60061919504642,122.60061919504642,125.967
1790632621,436,8,steady,resnet50_image,82,82,81,82.23661214667806,82.23661214667806,176.963
1790632621,436,8,steady,vgg16_image,318,284,286,317.607476635514,317.607476635514,344.972
1790632621,436,8,steady,vit_base_image,122,122,128,122.60061919504642,122.60061919504642,125.967
1790632622,437,8,steady,resnet50_image,82,82,82,82.23661214667806,82.23661214667806,176.963
1790632622,437,8,steady,vgg16_image,317,285,284,317.607476635514,317.607476635514,344.972
1790632622,437,8,steady,vit_base_image,123,123,128,122.60061919504642,122.60061919504642,125.967
1790632623,438,8,steady,resnet50_image,82,82,83,82.23661214667806,82.23661214667806,176.963
1790632623,438,8,steady,vgg16_image,318,290,289,317.607476635514,317.607476635514,344.972
1790632623,438,8,steady,vit_base_image,123,122,128,122.60061919504642,122.60061919504642,125.967
1790632624,439,8,steady,resnet50_image,83,83,82,82.23661214667806,82.23661214667806,176.963
1790632624,439,8,steady,vgg16_image,317,289,291,317.607476635514,317.607476635514,344.972
1790632624,439,8,steady,vit_base_image,122,123,128,122.60061919504642,122.60061919504642,125.967
1790632625,440,8,steady,resnet50_image,82,82,82,82.23661214667806,82.23661214667806,176.963
1790632625,440,8,steady,vgg16_image,318,288,288,317.607476635514,317.607476635514,344.972
1790632625,440,8,steady,vit_base_image,123,123,128,122.60061919504642,122.60061919504642,125.967
1790632626,441,8,steady,resnet50_image,82,82,81,82.23661214667806,82.23661214667806,176.963
1790632626,441,8,steady,vgg16_image,318,289,288,317.607476635514,317.607476635514,344.972
1790632626,441,8,steady,vit_base_image,122,122,96,122.60061919504642,122.60061919504642,125.967
1790632627,442,,,resnet50_image,82,82,84,,,176.963
1790632627,442,,,vgg16_image,317,288,288,,,344.972
1790632627,442,,,vit_base_image,123,123,128,,,125.967
1790632628,443,,,resnet50_image,83,82,82,,,176.963
1790632628,443,,,vgg16_image,318,290,288,,,344.972
1790632628,443,,,vit_base_image,123,122,128,,,125.967
1790632629,444,,,resnet50_image,82,83,81,,,176.963
1790632629,444,,,vgg16_image,317,251,252,,,344.972
1790632629,444,,,vit_base_image,122,123,128,,,125.967
1790632630,445,,,resnet50_image,82,82,83,,,176.963
1790632630,445,,,vgg16_image,318,289,288,,,344.972
1790632630,445,,,vit_base_image,123,123,96,,,125.967
1790632631,446,,,resnet50_image,82,82,83,,,176.963
1790632631,446,,,vgg16_image,318,291,292,,,344.972
1790632631,446,,,vit_base_image,122,122,128,,,125.967
1790632632,447,9,transition,resnet50_image,82,82,82,82.23661214667806,100.61363406976928,176.963
1790632632,447,9,transition,vgg16_image,316,293,296,317.607476635514,474.79626168224297,344.972
1790632632,447,9,transition,vit_base_image,123,123,128,122.60061919504642,122.60061919504642,125.967
1790632633,448,9,transition,resnet50_image,82,82,81,82.23661214667806,100.61363406976928,176.963
1790632633,448,9,transition,vgg16_image,318,292,288,317.607476635514,474.79626168224297,344.972
1790632633,448,9,transition,vit_base_image,123,123,128,122.60061919504642,122.60061919504642,125.967
1790632634,449,9,transition,resnet50_image,82,82,82,82.23661214667806,100.61363406976928,176.963
1790632634,449,9,transition,vgg16_image,317,289,292,317.607476635514,474.79626168224297,344.972
1790632634,449,9,transition,vit_base_image,123,122,128,122.60061919504642,122.60061919504642,125.967
1790632635,450,9,transition,resnet50_image,83,82,82,82.23661214667806,100.61363406976928,176.963
1790632635,450,9,transition,vgg16_image,318,285,284,317.607476635514,474.79626168224297,344.972
1790632635,450,9,transition,vit_base_image,122,123,108,122.60061919504642,122.60061919504642,125.967
1790632636,451,9,transition,resnet50_image,82,83,84,82.23661214667806,100.61363406976928,176.963
1790632636,451,9,transition,vgg16_image,317,293,292,317.607476635514,474.79626168224297,344.972
1790632636,451,9,transition,vit_base_image,123,123,116,122.60061919504642,122.60061919504642,125.967
1790632637,452,9,transition,resnet50_image,82,82,81,82.23661214667806,100.61363406976928,176.963
1790632637,452,9,transition,vgg16_image,318,290,292,317.607476635514,474.79626168224297,344.972
1790632637,452,9,transition,vit_base_image,122,122,128,122.60061919504642,122.60061919504642,125.967
1790632638,453,9,transition,resnet50_image,82,82,82,82.23661214667806,100.61363406976928,176.963
1790632638,453,9,transition,vgg16_image,318,294,292,317.607476635514,474.79626168224297,344.972
1790632638,453,9,transition,vit_base_image,123,123,128,122.60061919504642,122.60061919504642,125.967
1790632639,454,9,transition,resnet50_image,83,83,83,82.23661214667806,100.61363406976928,176.963
1790632639,454,9,transition,vgg16_image,317,277,276,317.607476635514,474.79626168224297,344.972
1790632639,454,9,transition,vit_base_image,123,123,128,122.60061919504642,122.60061919504642,125.967
1790632640,455,9,transition,resnet50_image,82,81,81,82.23661214667806,100.61363406976928,176.963
1790632640,455,9,transition,vgg16_image,318,315,469,317.607476635514,474.79626168224297,489.336
1790632640,455,9,transition,vit_base_image,122,122,96,122.60061919504642,122.60061919504642,125.967
1790632641,456,9,transition,resnet50_image,82,83,83,82.23661214667806,100.61363406976928,176.963
1790632641,456,9,transition,vgg16_image,317,319,408,317.607476635514,474.79626168224297,489.336
1790632641,456,9,transition,vit_base_image,123,123,128,122.60061919504642,122.60061919504642,125.967
1790632642,457,9,transition,resnet50_image,82,82,83,82.23661214667806,100.61363406976928,176.963
1790632642,457,9,transition,vgg16_image,318,318,321,317.607476635514,474.79626168224297,489.336
1790632642,457,9,transition,vit_base_image,122,122,128,122.60061919504642,122.60061919504642,125.967
1790632643,458,9,transition,resnet50_image,83,79,74,82.23661214667806,100.61363406976928,176.963
1790632643,458,9,transition,vgg16_image,318,297,283,317.607476635514,474.79626168224297,489.336
1790632643,458,9,transition,vit_base_image,123,116,114,122.60061919504642,122.60061919504642,125.967
1790632644,459,9,transition,resnet50_image,82,86,90,82.23661214667806,100.61363406976928,176.963
1790632644,459,9,transition,vgg16_image,317,338,353,317.607476635514,474.79626168224297,489.336
1790632644,459,9,transition,vit_base_image,123,129,110,122.60061919504642,122.60061919504642,125.967
1790632645,460,9,transition,resnet50_image,82,82,83,82.23661214667806,100.61363406976928,176.963
1790632645,460,9,transition,vgg16_image,318,317,316,317.607476635514,474.79626168224297,489.336
1790632645,460,9,transition,vit_base_image,122,123,128,122.60061919504642,122.60061919504642,125.967
1790632646,461,9,transition,resnet50_image,82,82,81,82.23661214667806,100.61363406976928,176.963
1790632646,461,9,transition,vgg16_image,318,318,315,317.607476635514,474.79626168224297,489.336
1790632646,461,9,transition,vit_base_image,123,123,128,122.60061919504642,122.60061919504642,125.967
1790632647,462,9,transition,resnet50_image,82,82,81,82.23661214667806,100.61363406976928,176.963
1790632647,462,9,transition,vgg16_image,317,316,320,317.607476635514,474.79626168224297,489.336
1790632647,462,9,transition,vit_base_image,122,122,110,122.60061919504642,122.60061919504642,125.967
1790632648,463,9,transition,resnet50_image,83,83,84,82.23661214667806,100.61363406976928,176.963
1790632648,463,9,transition,vgg16_image,318,319,321,317.607476635514,474.79626168224297,489.336
1790632648,463,9,transition,vit_base_image,123,123,114,122.60061919504642,122.60061919504642,125.967
1790632649,464,9,transition,resnet50_image,82,82,82,82.23661214667806,100.61363406976928,176.963
1790632649,464,9,transition,vgg16_image,317,318,316,317.607476635514,474.79626168224297,489.336
1790632649,464,9,transition,vit_base_image,123,122,128,122.60061919504642,122.60061919504642,125.967
1790632650,465,9,transition,resnet50_image,82,82,82,82.23661214667806,100.61363406976928,176.963
1790632650,465,9,transition,vgg16_image,318,318,316,317.607476635514,474.79626168224297,489.336
1790632650,465,9,transition,vit_base_image,122,123,128,122.60061919504642,122.60061919504642,125.967
1790632651,466,9,transition,resnet50_image,82,82,83,82.23661214667806,100.61363406976928,176.963
1790632651,466,9,transition,vgg16_image,318,317,321,317.607476635514,474.79626168224297,489.336
1790632651,466,9,transition,vit_base_image,123,123,128,122.60061919504642,122.60061919504642,125.967
1790632652,467,9,transition,resnet50_image,83,82,82,82.23661214667806,100.61363406976928,176.963
1790632652,467,9,transition,vgg16_image,317,318,316,317.607476635514,474.79626168224297,489.336
1790632652,467,9,transition,vit_base_image,122,122,96,122.60061919504642,122.60061919504642,125.967
1790632653,468,9,transition,resnet50_image,82,83,82,82.23661214667806,100.61363406976928,176.963
1790632653,468,9,transition,vgg16_image,318,317,318,317.607476635514,474.79626168224297,489.336
1790632653,468,9,transition,vit_base_image,123,123,128,122.60061919504642,122.60061919504642,125.967
1790632654,469,9,transition,resnet50_image,82,82,82,82.23661214667806,100.61363406976928,176.963
1790632654,469,9,transition,vgg16_image,317,318,318,317.607476635514,474.79626168224297,489.336
1790632654,469,9,transition,vit_base_image,123,123,128,122.60061919504642,122.60061919504642,125.967
1790632655,470,9,transition,resnet50_image,82,82,83,82.23661214667806,100.61363406976928,176.963
1790632655,470,9,transition,vgg16_image,318,317,315,317.607476635514,474.79626168224297,489.336
1790632655,470,9,transition,vit_base_image,122,122,128,122.60061919504642,122.60061919504642,125.967
1790632656,471,9,transition,resnet50_image,83,83,81,82.23661214667806,100.61363406976928,176.963
1790632656,471,9,transition,vgg16_image,318,318,322,317.607476635514,474.79626168224297,489.336
1790632656,471,9,transition,vit_base_image,123,123,128,122.60061919504642,122.60061919504642,125.967
1790632657,472,9,transition,resnet50_image,82,82,82,82.23661214667806,100.61363406976928,176.963
1790632657,472,9,transition,vgg16_image,317,318,316,317.607476635514,474.79626168224297,489.336
1790632657,472,9,transition,vit_base_image,122,122,96,122.60061919504642,122.60061919504642,125.967
1790632658,473,9,transition,resnet50_image,82,82,83,82.23661214667806,100.61363406976928,176.963
1790632658,473,9,transition,vgg16_image,318,318,313,317.607476635514,474.79626168224297,489.336
1790632658,473,9,transition,vit_base_image,123,123,128,122.60061919504642,122.60061919504642,125.967
1790632659,474,9,transition,resnet50_image,82,82,82,82.23661214667806,100.61363406976928,176.963
1790632659,474,9,transition,vgg16_image,317,317,320,317.607476635514,474.79626168224297,489.336
1790632659,474,9,transition,vit_base_image,123,122,128,122.60061919504642,122.60061919504642,125.967
1790632660,475,9,transition,resnet50_image,83,82,83,82.23661214667806,100.61363406976928,176.963
1790632660,475,9,transition,vgg16_image,318,318,321,317.607476635514,474.79626168224297,489.336
1790632660,475,9,transition,vit_base_image,122,123,128,122.60061919504642,122.60061919504642,125.967
1790632661,476,9,transition,resnet50_image,82,83,82,82.23661214667806,100.61363406976928,176.963
1790632661,476,9,transition,vgg16_image,318,317,314,317.607476635514,474.79626168224297,489.336
1790632661,476,9,transition,vit_base_image,123,123,128,122.60061919504642,122.60061919504642,125.967
1790632662,477,9,transition,resnet50_image,82,82,82,82.23661214667806,100.61363406976928,176.963
1790632662,477,9,transition,vgg16_image,317,318,322,317.607476635514,474.79626168224297,489.336
1790632662,477,9,transition,vit_base_image,122,122,96,122.60061919504642,122.60061919504642,125.967
1790632663,478,9,transition,resnet50_image,84,84,82,82.23661214667806,100.61363406976928,176.963
1790632663,478,9,transition,vgg16_image,337,336,293,317.607476635514,474.79626168224297,489.336
1790632663,478,9,transition,vit_base_image,123,123,128,122.60061919504642,122.60061919504642,125.967
1790632664,479,9,steady,resnet50_image,100,100,101,100.61363406976928,100.61363406976928,176.963
1790632664,479,9,steady,vgg16_image,475,475,363,474.79626168224297,474.79626168224297,489.336
1790632664,479,9,steady,vit_base_image,123,123,128,122.60061919504642,122.60061919504642,125.967
1790632665,480,9,steady,resnet50_image,101,101,102,100.61363406976928,100.61363406976928,176.963
1790632665,480,9,steady,vgg16_image,474,475,448,474.79626168224297,474.79626168224297,489.336
1790632665,480,9,steady,vit_base_image,123,122,128,122.60061919504642,122.60061919504642,125.967
1790632666,481,9,steady,resnet50_image,101,100,101,100.61363406976928,100.61363406976928,176.963
1790632666,481,9,steady,vgg16_image,475,474,448,474.79626168224297,474.79626168224297,489.336
1790632666,481,9,steady,vit_base_image,122,123,96,122.60061919504642,122.60061919504642,125.967
1790632667,482,9,steady,resnet50_image,100,101,100,100.61363406976928,100.61363406976928,176.963
1790632667,482,9,steady,vgg16_image,475,474,448,474.79626168224297,474.79626168224297,489.336
1790632667,482,9,steady,vit_base_image,123,122,128,122.60061919504642,122.60061919504642,125.967
1790632668,483,9,steady,resnet50_image,101,101,100,100.61363406976928,100.61363406976928,176.963
1790632668,483,9,steady,vgg16_image,475,457,448,474.79626168224297,474.79626168224297,489.336
1790632668,483,9,steady,vit_base_image,122,123,128,122.60061919504642,122.60061919504642,125.967
1790632669,484,9,steady,resnet50_image,100,100,101,100.61363406976928,100.61363406976928,176.963
1790632669,484,9,steady,vgg16_image,475,455,448,474.79626168224297,474.79626168224297,489.336
1790632669,484,9,steady,vit_base_image,123,120,96,122.60061919504642,122.60061919504642,125.967
1790632670,485,9,steady,resnet50_image,101,101,101,100.61363406976928,100.61363406976928,176.963
1790632670,485,9,steady,vgg16_image,474,400,416,474.79626168224297,474.79626168224297,489.336
1790632670,485,9,steady,vit_base_image,123,104,128,122.60061919504642,122.60061919504642,125.967
1790632671,486,9,steady,resnet50_image,101,101,100,100.61363406976928,100.61363406976928,176.963
1790632671,486,9,steady,vgg16_image,475,455,448,474.79626168224297,474.79626168224297,489.336
1790632671,486,9,steady,vit_base_image,122,118,96,122.60061919504642,122.60061919504642,125.967
1790632672,487,9,steady,resnet50_image,100,100,101,100.61363406976928,100.61363406976928,176.963
1790632672,487,9,steady,vgg16_image,475,457,448,474.79626168224297,474.79626168224297,489.336
1790632672,487,9,steady,vit_base_image,123,119,128,122.60061919504642,122.60061919504642,125.967
1790632673,488,9,steady,resnet50_image,101,101,99,100.61363406976928,100.61363406976928,176.963
1790632673,488,9,steady,vgg16_image,475,460,480,474.79626168224297,474.79626168224297,489.336
1790632673,488,9,steady,vit_base_image,122,118,128,122.60061919504642,122.60061919504642,125.967
1790632674,489,9,steady,resnet50_image,100,100,101,100.61363406976928,100.61363406976928,176.963
1790632674,489,9,steady,vgg16_image,475,456,448,474.79626168224297,474.79626168224297,489.336
1790632674,489,9,steady,vit_base_image,123,121,128,122.60061919504642,122.60061919504642,125.967
1790632675,490,9,steady,resnet50_image,101,101,101,100.61363406976928,100.61363406976928,176.963
1790632675,490,9,steady,vgg16_image,474,453,448,474.79626168224297,474.79626168224297,489.336
1790632675,490,9,steady,vit_base_image,123,119,96,122.60061919504642,122.60061919504642,125.967
1790632676,491,9,steady,resnet50_image,101,100,99,100.61363406976928,100.61363406976928,176.963
1790632676,491,9,steady,vgg16_image,475,455,475,474.79626168224297,474.79626168224297,489.336
1790632676,491,9,steady,vit_base_image,122,117,128,122.60061919504642,122.60061919504642,125.967
1790632677,492,9,steady,resnet50_image,100,101,102,100.61363406976928,100.61363406976928,176.963
1790632677,492,9,steady,vgg16_image,475,452,453,474.79626168224297,474.79626168224297,489.336
1790632677,492,9,steady,vit_base_image,123,120,128,122.60061919504642,122.60061919504642,125.967
1790632678,493,9,steady,resnet50_image,101,101,101,100.61363406976928,100.61363406976928,176.963
1790632678,493,9,steady,vgg16_image,475,453,448,474.79626168224297,474.79626168224297,489.336
1790632678,493,9,steady,vit_base_image,122,118,96,122.60061919504642,122.60061919504642,125.967
1790632679,494,9,steady,resnet50_image,101,100,100,100.61363406976928,100.61363406976928,176.963
1790632679,494,9,steady,vgg16_image,475,454,448,474.79626168224297,474.79626168224297,489.336
1790632679,494,9,steady,vit_base_image,123,118,128,122.60061919504642,122.60061919504642,125.967
1790632680,495,9,steady,resnet50_image,100,101,102,100.61363406976928,100.61363406976928,176.963
1790632680,495,9,steady,vgg16_image,474,451,448,474.79626168224297,474.79626168224297,489.336
1790632680,495,9,steady,vit_base_image,123,116,128,122.60061919504642,122.60061919504642,125.967
1790632681,496,9,steady,resnet50_image,101,99,100,100.61363406976928,100.61363406976928,176.963
1790632681,496,9,steady,vgg16_image,475,450,448,474.79626168224297,474.79626168224297,489.336
1790632681,496,9,steady,vit_base_image,122,116,96,122.60061919504642,122.60061919504642,125.967
1790632682,497,9,steady,resnet50_image,100,102,100,100.61363406976928,100.61363406976928,176.963
1790632682,497,9,steady,vgg16_image,475,393,384,474.79626168224297,474.79626168224297,489.336
1790632682,497,9,steady,vit_base_image,123,118,128,122.60061919504642,122.60061919504642,125.967
1790632683,498,9,steady,resnet50_image,101,101,101,100.61363406976928,100.61363406976928,176.963
1790632683,498,9,steady,vgg16_image,475,458,480,474.79626168224297,474.79626168224297,489.336
1790632683,498,9,steady,vit_base_image,122,119,128,122.60061919504642,122.60061919504642,125.967
1790632684,499,9,steady,resnet50_image,101,100,100,100.61363406976928,100.61363406976928,176.963
1790632684,499,9,steady,vgg16_image,475,446,448,474.79626168224297,474.79626168224297,489.336
1790632684,499,9,steady,vit_base_image,123,120,96,122.60061919504642,122.60061919504642,125.967
1790632685,500,9,steady,resnet50_image,100,101,102,100.61363406976928,100.61363406976928,176.963
1790632685,500,9,steady,vgg16_image,474,456,448,474.79626168224297,474.79626168224297,489.336
1790632685,500,9,steady,vit_base_image,123,118,128,122.60061919504642,122.60061919504642,125.967
1790632686,501,9,steady,resnet50_image,101,101,101,100.61363406976928,100.61363406976928,176.963
1790632686,501,9,steady,vgg16_image,475,462,448,474.79626168224297,474.79626168224297,489.336
1790632686,501,9,steady,vit_base_image,122,120,128,122.60061919504642,122.60061919504642,125.967
1790632687,502,9,steady,resnet50_image,100,100,99,100.61363406976928,100.61363406976928,176.963
1790632687,502,9,steady,vgg16_image,475,453,462,474.79626168224297,474.79626168224297,489.336
1790632687,502,9,steady,vit_base_image,123,119,128,122.60061919504642,122.60061919504642,125.967
1790632688,503,9,steady,resnet50_image,101,101,102,100.61363406976928,100.61363406976928,176.963
1790632688,503,9,steady,vgg16_image,475,455,466,474.79626168224297,474.79626168224297,489.336
1790632688,503,9,steady,vit_base_image,122,120,96,122.60061919504642,122.60061919504642,125.967
1790632689,504,9,steady,resnet50_image,101,101,99,100.61363406976928,100.61363406976928,176.963
1790632689,504,9,steady,vgg16_image,474,454,448,474.79626168224297,474.79626168224297,489.336
1790632689,504,9,steady,vit_base_image,123,118,128,122.60061919504642,122.60061919504642,125.967
1790632690,505,9,steady,resnet50_image,100,100,101,100.61363406976928,100.61363406976928,176.963
1790632690,505,9,steady,vgg16_image,475,452,448,474.79626168224297,474.79626168224297,489.336
1790632690,505,9,steady,vit_base_image,123,116,128,122.60061919504642,122.60061919504642,125.967
1790632691,506,9,steady,resnet50_image,101,101,102,100.61363406976928,100.61363406976928,176.963
1790632691,506,9,steady,vgg16_image,475,458,448,474.79626168224297,474.79626168224297,489.336
1790632691,506,9,steady,vit_base_image,122,119,96,122.60061919504642,122.60061919504642,125.967
1790632692,507,9,steady,resnet50_image,101,100,99,100.61363406976928,100.61363406976928,176.963
1790632692,507,9,steady,vgg16_image,475,453,452,474.79626168224297,474.79626168224297,489.336
1790632692,507,9,steady,vit_base_image,123,117,128,122.60061919504642,122.60061919504642,125.967
1790632693,508,9,steady,resnet50_image,100,101,101,100.61363406976928,100.61363406976928,176.963
1790632693,508,9,steady,vgg16_image,475,453,476,474.79626168224297,474.79626168224297,489.336
1790632693,508,9,steady,vit_base_image,122,116,128,122.60061919504642,122.60061919504642,125.967
1790632694,509,,,resnet50_image,101,101,101,,,176.963
1790632694,509,,,vgg16_image,474,453,448,,,489.336
1790632694,509,,,vit_base_image,123,119,96,,,125.967
1790632695,510,,,resnet50_image,100,100,100,,,176.963
1790632695,510,,,vgg16_image,475,457,448,,,489.336
1790632695,510,,,vit_base_image,123,119,128,,,125.967
1790632696,511,,,resnet50_image,101,101,102,,,176.963
1790632696,511,,,vgg16_image,475,388,384,,,489.336
1790632696,511,,,vit_base_image,122,120,128,,,125.967
1790632697,512,,,resnet50_image,101,100,100,,,176.963
1790632697,512,,,vgg16_image,475,457,448,,,489.336
1790632697,512,,,vit_base_image,123,119,128,,,125.967
1790632698,513,,,resnet50_image,100,101,100,,,176.963
1790632698,513,,,vgg16_image,475,454,480,,,489.336
1790632698,513,,,vit_base_image,122,119,96,,,125.967
1790632699,514,,,resnet50_image,100,100,97,,,176.963
1790632699,514,,,vgg16_image,473,445,421,,,489.336
1790632699,514,,,vit_base_image,123,120,128,,,125.967
1790632700,515,10,transition,resnet50_image,101,101,105,100.61363406976928,109.74604911579873,176.963
1790632700,515,10,transition,vgg16_image,445,442,443,444.6504672897196,444.6504672897196,489.336
1790632700,515,10,transition,vit_base_image,73,73,128,73.56037151702786,73.56037151702786,125.967
1790632701,516,10,transition,resnet50_image,100,100,100,100.61363406976928,109.74604911579873,176.963
1790632701,516,10,transition,vgg16_image,445,442,448,444.6504672897196,444.6504672897196,489.336
1790632701,516,10,transition,vit_base_image,74,74,128,73.56037151702786,73.56037151702786,125.967
1790632702,517,10,transition,resnet50_image,101,101,101,100.61363406976928,109.74604911579873,176.963
1790632702,517,10,transition,vgg16_image,444,436,448,444.6504672897196,444.6504672897196,489.336
1790632702,517,10,transition,vit_base_image,73,73,96,73.56037151702786,73.56037151702786,125.967
1790632703,518,10,transition,resnet50_image,101,101,100,100.61363406976928,109.74604911579873,176.963
1790632703,518,10,transition,vgg16_image,445,434,416,444.6504672897196,444.6504672897196,489.336
1790632703,518,10,transition,vit_base_image,74,74,128,73.56037151702786,73.56037151702786,125.967
1790632704,519,10,transition,resnet50_image,100,100,100,100.61363406976928,109.74604911579873,176.963
1790632704,519,10,transition,vgg16_image,445,370,384,444.6504672897196,444.6504672897196,489.336
1790632704,519,10,transition,vit_base_image,74,73,124,73.56037151702786,73.56037151702786,125.967
1790632705,520,10,transition,resnet50_image,101,101,100,100.61363406976928,109.74604911579873,176.963
1790632705,520,10,transition,vgg16_image,444,437,448,444.6504672897196,444.6504672897196,489.336
1790632705,520,10,transition,vit_base_image,73,74,79,73.56037151702786,73.56037151702786,125.967
1790632706,521,10,transition,resnet50_image,100,100,103,100.61363406976928,109.74604911579873,176.963
1790632706,521,10,transition,vgg16_image,445,440,416,444.6504672897196,444.6504672897196,489.336
1790632706,521,10,transition,vit_base_image,74,74,73,73.56037151702786,73.56037151702786,125.967
1790632707,522,10,transition,resnet50_image,101,101,99,100.61363406976928,109.74604911579873,176.963
1790632707,522,10,transition,vgg16_image,445,438,448,444.6504672897196,444.6504672897196,489.336
1790632707,522,10,transition,vit_base_image,73,73,74,73.56037151702786,73.56037151702786,125.967
1790632708,523,10,transition,resnet50_image,101,101,100,100.61363406976928,109.74604911579873,176.963
1790632708,523,10,transition,vgg16_image,444,427,416,444.6504672897196,444.6504672897196,468.144
1790632708,523,10,transition,vit_base_image,74,74,73,73.56037151702786,73.56037151702786,89.405
1790632709,524,10,transition,resnet50_image,100,100,102,100.61363406976928,109.74604911579873,176.963
1790632709,524,10,transition,vgg16_image,445,418,416,444.6504672897196,444.6504672897196,468.144
1790632709,524,10,transition,vit_base_image,73,73,74,73.56037151702786,73.56037151702786,89.405
1790632710,525,10,transition,resnet50_image,101,101,100,100.61363406976928,109.74604911579873,176.963
1790632710,525,10,transition,vgg16_image,445,417,416,444.6504672897196,444.6504672897196,468.144
1790632710,525,10,transition,vit_base_image,74,74,74,73.56037151702786,73.56037151702786,89.405
1790632711,526,10,transition,resnet50_image,101,100,100,100.61363406976928,109.74604911579873,176.963
1790632711,526,10,transition,vgg16_image,444,407,416,444.6504672897196,444.6504672897196,468.144
1790632711,526,10,transition,vit_base_image,73,73,72,73.56037151702786,73.56037151702786,89.405
1790632712,527,10,transition,resnet50_image,100,101,102,100.61363406976928,109.74604911579873,176.963
1790632712,527,10,transition,vgg16_image,445,405,400,444.6504672897196,444.6504672897196,468.144
1790632712,527,10,transition,vit_base_image,74,74,75,73.56037151702786,73.56037151702786,89.405
1790632713,528,10,transition,resnet50_image,101,101,101,100.61363406976928,109.74604911579873,176.963
1790632713,528,10,transition,vgg16_image,445,396,400,444.6504672897196,444.6504672897196,468.144
1790632713,528,10,transition,vit_base_image,74,73,73,73.56037151702786,73.56037151702786,89.405
1790632714,529,10,transition,resnet50_image,100,100,93,100.61363406976928,109.74604911579873,176.963
1790632714,529,10,transition,vgg16_image,444,392,384,444.6504672897196,444.6504672897196,468.144
1790632714,529,10,transition,vit_base_image,73,74,70,73.56037151702786,73.56037151702786,89.405
1790632715,530,10,transition,resnet50_image,101,101,107,100.61363406976928,109.74604911579873,176.963
1790632715,530,10,transition,vgg16_image,445,400,400,444.6504672897196,444.6504672897196,468.144
1790632715,530,10,transition,vit_base_image,74,74,73,73.56037151702786,73.56037151702786,89.405
1790632716,531,10,steady,resnet50_image,108,108,108,109.74604911579873,109.74604911579873,176.963
1790632716,531,10,steady,vgg16_image,443,404,416,444.6504672897196,444.6504672897196,468.144
1790632716,531,10,steady,vit_base_image,73,73,74,73.56037151702786,73.56037151702786,89.405
1790632717,532,10,steady,resnet50_image,110,110,109,109.74604911579873,109.74604911579873,176.963
1790632717,532,10,steady,vgg16_image,445,412,401,444.6504672897196,444.6504672897196,468.144
1790632717,532,10,steady,vit_base_image,74,74,74,73.56037151702786,73.56037151702786,89.405
1790632718,533,10,steady,resnet50_image,110,110,109,109.74604911579873,109.74604911579873,176.963
1790632718,533,10,steady,vgg16_image,444,418,431,444.6504672897196,444.6504672897196,468.144
1790632718,533,10,steady,vit_base_image,74,73,75,73.56037151702786,73.56037151702786,89.405
1790632719,534,10,steady,resnet50_image,109,109,110,109.74604911579873,109.74604911579873,176.963
1790632719,534,10,steady,vgg16_image,445,406,400,444.6504672897196,444.6504672897196,468.144
1790632719,534,10,steady,vit_base_image,73,74,75,73.56037151702786,73.56037151702786,89.405
1790632720,535,10,steady,resnet50_image,110,110,111,109.74604911579873,109.74604911579873,176.963
1790632720,535,10,steady,vgg16_image,445,374,368,444.6504672897196,444.6504672897196,468.144
1790632720,535,10,steady,vit_base_image,74,74,63,73.56037151702786,73.56037151702786,89.405
1790632721,536,10,steady,resnet50_image,110,110,111,109.74604911579873,109.74604911579873,176.963
1790632721,536,10,steady,vgg16_image,444,410,416,444.6504672897196,444.6504672897196,468.144
1790632721,536,10,steady,vit_base_image,73,73,75,73.56037151702786,73.56037151702786,89.405
1790632722,537,10,steady,resnet50_image,110,110,109,109.74604911579873,109.74604911579873,176.963
1790632722,537,10,steady,vgg16_image,445,413,415,444.6504672897196,444.6504672897196,468.144
1790632722,537,10,steady,vit_base_image,74,74,74,73.56037151702786,73.56037151702786,89.405
1790632723,538,10,steady,resnet50_image,109,109,108,109.74604911579873,109.74604911579873,176.963
1790632723,538,10,steady,vgg16_image,445,406,401,444.6504672897196,444.6504672897196,468.144
1790632723,538,10,steady,vit_base_image,73,73,75,73.56037151702786,73.56037151702786,89.405
1790632724,539,10,steady,resnet50_image,110,110,112,109.74604911579873,109.74604911579873,176.963
1790632724,539,10,steady,vgg16_image,444,408,416,444.6504672897196,444.6504672897196,468.144
1790632724,539,10,steady,vit_base_image,74,74,75,73.56037151702786,73.56037151702786,89.405
1790632725,540,10,steady,resnet50_image,110,110,108,109.74604911579873,109.74604911579873,176.963
1790632725,540,10,steady,vgg16_image,445,413,400,444.6504672897196,444.6504672897196,468.144
1790632725,540,10,steady,vit_base_image,73,73,76,73.56037151702786,73.56037151702786,89.405
1790632726,541,10,steady,resnet50_image,110,109,112,109.74604911579873,109.74604911579873,176.963
1790632726,541,10,steady,vgg16_image,445,410,416,444.6504672897196,444.6504672897196,468.144
1790632726,541,10,steady,vit_base_image,74,74,76,73.56037151702786,73.56037151702786,89.405
1790632727,542,10,steady,resnet50_image,109,110,108,109.74604911579873,109.74604911579873,176.963
1790632727,542,10,steady,vgg16_image,444,421,416,444.6504672897196,444.6504672897196,468.144
1790632727,542,10,steady,vit_base_image,74,74,75,73.56037151702786,73.56037151702786,89.405
1790632728,543,10,steady,resnet50_image,110,110,110,109.74604911579873,109.74604911579873,176.963
1790632728,543,10,steady,vgg16_image,445,414,416,444.6504672897196,444.6504672897196,468.144
1790632728,543,10,steady,vit_base_image,73,73,74,73.56037151702786,73.56037151702786,89.405
1790632729,544,10,steady,resnet50_image,110,110,110,109.74604911579873,109.74604911579873,176.963
1790632729,544,10,steady,vgg16_image,444,412,416,444.6504672897196,444.6504672897196,468.144
1790632729,544,10,steady,vit_base_image,74,74,73,73.56037151702786,73.56037151702786,89.405
1790632730,545,10,steady,resnet50_image,110,109,110,109.74604911579873,109.74604911579873,176.963
1790632730,545,10,steady,vgg16_image,445,407,401,444.6504672897196,444.6504672897196,468.144
1790632730,545,10,steady,vit_base_image,73,73,74,73.56037151702786,73.56037151702786,89.405
1790632731,546,10,steady,resnet50_image,109,110,109,109.74604911579873,109.74604911579873,176.963
1790632731,546,10,steady,vgg16_image,445,416,415,444.6504672897196,444.6504672897196,468.144
1790632731,546,10,steady,vit_base_image,74,74,73,73.56037151702786,73.56037151702786,89.405
1790632732,547,10,steady,resnet50_image,110,110,110,109.74604911579873,109.74604911579873,176.963
1790632732,547,10,steady,vgg16_image,444,410,416,444.6504672897196,444.6504672897196,468.144
1790632732,547,10,steady,vit_base_image,73,73,74,73.56037151702786,73.56037151702786,89.405
1790632733,548,10,steady,resnet50_image,110,110,109,109.74604911579873,109.74604911579873,176.963
1790632733,548,10,steady,vgg16_image,445,414,416,444.6504672897196,444.6504672897196,468.144
1790632733,548,10,steady,vit_base_image,74,74,73,73.56037151702786,73.56037151702786,89.405
1790632734,549,10,steady,resnet50_image,110,109,110,109.74604911579873,109.74604911579873,176.963
1790632734,549,10,steady,vgg16_image,445,414,416,444.6504672897196,444.6504672897196,468.144
1790632734,549,10,steady,vit_base_image,73,73,74,73.56037151702786,73.56037151702786,89.405
1790632735,550,10,steady,resnet50_image,109,110,110,109.74604911579873,109.74604911579873,176.963
1790632735,550,10,steady,vgg16_image,444,413,416,444.6504672897196,444.6504672897196,468.144
1790632735,550,10,steady,vit_base_image,74,74,74,73.56037151702786,73.56037151702786,89.405
1790632736,551,10,steady,resnet50_image,110,110,109,109.74604911579873,109.74604911579873,176.963
1790632736,551,10,steady,vgg16_image,445,410,400,444.6504672897196,444.6504672897196,468.144
1790632736,551,10,steady,vit_base_image,74,73,73,73.56037151702786,73.56037151702786,89.405
1790632737,552,10,steady,resnet50_image,110,110,111,109.74604911579873,109.74604911579873,176.963
1790632737,552,10,steady,vgg16_image,445,406,416,444.6504672897196,444.6504672897196,468.144
1790632737,552,10,steady,vit_base_image,73,74,74,73.56037151702786,73.56037151702786,89.405
1790632738,553,10,steady,resnet50_image,110,110,109,109.74604911579873,109.74604911579873,176.963
1790632738,553,10,steady,vgg16_image,444,416,416,444.6504672897196,444.6504672897196,468.144
1790632738,553,10,steady,vit_base_image,74,74,73,73.56037151702786,73.56037151702786,89.405
1790632739,554,10,steady,resnet50_image,109,109,111,109.74604911579873,109.74604911579873,176.963
1790632739,554,10,steady,vgg16_image,445,384,384,444.6504672897196,444.6504672897196,468.144
1790632739,554,10,steady,vit_base_image,73,73,70,73.56037151702786,73.56037151702786,89.405
1790632740,555,10,steady,resnet50_image,110,110,110,109.74604911579873,109.74604911579873,176.963
1790632740,555,10,steady,vgg16_image,445,426,416,444.6504672897196,444.6504672897196,468.144
1790632740,555,10,steady,vit_base_image,74,74,75,73.56037151702786,73.56037151702786,89.405
1790632741,556,10,steady,resnet50_image,110,110,109,109.74604911579873,109.74604911579873,176.963
1790632741,556,10,steady,vgg16_image,444,413,416,444.6504672897196,444.6504672897196,468.144
1790632741,556,10,steady,vit_base_image,73,73,75,73.56037151702786,73.56037151702786,89.405
1790632742,557,10,steady,resnet50_image,110,109,110,109.74604911579873,109.74604911579873,176.963
1790632742,557,10,steady,vgg16_image,445,417,416,444.6504672897196,444.6504672897196,468.144
1790632742,557,10,steady,vit_base_image,74,74,74,73.56037151702786,73.56037151702786,89.405
1790632743,558,10,steady,resnet50_image,109,110,110,109.74604911579873,109.74604911579873,176.963
1790632743,558,10,steady,vgg16_image,445,411,416,444.6504672897196,444.6504672897196,468.144
1790632743,558,10,steady,vit_base_image,74,73,74,73.56037151702786,73.56037151702786,89.405
1790632744,559,10,steady,resnet50_image,110,110,110,109.74604911579873,109.74604911579873,176.963
1790632744,559,10,steady,vgg16_image,444,416,416,444.6504672897196,444.6504672897196,468.144
1790632744,559,10,steady,vit_base_image,73,74,74,73.56037151702786,73.56037151702786,89.405
1790632745,560,10,steady,resnet50_image,110,110,109,109.74604911579873,109.74604911579873,176.963
1790632745,560,10,steady,vgg16_image,445,415,416,444.6504672897196,444.6504672897196,468.144
1790632745,560,10,steady,vit_base_image,74,74,73,73.56037151702786,73.56037151702786,89.405
1790632746,561,,,resnet50_image,110,109,110,,,176.963
1790632746,561,,,vgg16_image,445,417,416,,,468.144
1790632746,561,,,vit_base_image,73,73,74,,,89.405
1790632747,562,,,resnet50_image,109,110,109,,,176.963
1790632747,562,,,vgg16_image,444,412,413,,,468.144
1790632747,562,,,vit_base_image,74,74,73,,,89.405
1790632748,563,,,resnet50_image,110,110,110,,,176.963
1790632748,563,,,vgg16_image,445,362,355,,,468.144
1790632748,563,,,vit_base_image,73,73,66,,,89.405
1790632749,564,,,resnet50_image,110,110,108,,,176.963
1790632749,564,,,vgg16_image,444,419,416,,,468.144
1790632749,564,,,vit_base_image,74,74,75,,,89.405
1790632750,565,,,resnet50_image,110,110,112,,,176.963
1790632750,565,,,vgg16_image,445,410,416,,,468.144
1790632750,565,,,vit_base_image,73,73,75,,,89.405
1790632751,566,,,resnet50_image,109,109,110,,,176.963
1790632751,566,,,vgg16_image,445,422,416,,,468.144
1790632751,566,,,vit_base_image,74,74,76,,,89.405
1790632752,567,,,resnet50_image,110,110,110,,,176.963
1790632752,567,,,vgg16_image,444,413,416,,,468.144
1790632752,567,,,vit_base_image,74,73,76,,,89.405
1790632753,568,11,transition,resnet50_image,110,109,109,109.74604911579873,147.12836721576207,176.963
1790632753,568,11,transition,vgg16_image,415,398,400,400.5084112149533,400.5084112149533,468.144
1790632753,568,11,transition,vit_base_image,73,74,72,73.56037151702786,73.56037151702786,89.405
1790632754,569,11,transition,resnet50_image,109,110,108,109.74604911579873,147.12836721576207,176.963
1790632754,569,11,transition,vgg16_image,401,400,402,400.5084112149533,400.5084112149533,468.144
1790632754,569,11,transition,vit_base_image,74,74,73,73.56037151702786,73.56037151702786,89.405
1790632755,570,11,transition,resnet50_image,110,110,112,109.74604911579873,147.12836721576207,176.963
1790632755,570,11,transition,vgg16_image,400,389,398,400.5084112149533,400.5084112149533,468.144
1790632755,570,11,transition,vit_base_image,73,73,75,73.56037151702786,73.56037151702786,89.405
1790632756,571,11,transition,resnet50_image,110,110,108,109.74604911579873,147.12836721576207,176.963
1790632756,571,11,transition,vgg16_image,401,388,384,400.5084112149533,400.5084112149533,468.144
1790632756,571,11,transition,vit_base_image,74,74,75,73.56037151702786,73.56037151702786,89.405
1790632757,572,11,transition,resnet50_image,110,109,110,109.74604911579873,147.12836721576207,176.963
1790632757,572,11,transition,vgg16_image,400,345,347,400.5084112149533,400.5084112149533,468.144
1790632757,572,11,transition,vit_base_image,73,73,62,73.56037151702786,73.56037151702786,89.405
1790632758,573,11,transition,resnet50_image,109,110,111,109.74604911579873,147.12836721576207,176.963
1790632758,573,11,transition,vgg16_image,401,401,405,400.5084112149533,400.5084112149533,468.144
1790632758,573,11,transition,vit_base_image,74,74,74,73.56037151702786,73.56037151702786,89.405
1790632759,574,11,transition,resnet50_image,110,110,108,109.74604911579873,147.12836721576207,176.963
1790632759,574,11,transition,vgg16_image,400,398,394,400.5084112149533,400.5084112149533,468.144
1790632759,574,11,transition,vit_base_image,74,73,75,73.56037151702786,73.56037151702786,89.405
1790632760,575,11,transition,resnet50_image,110,110,112,109.74604911579873,147.12836721576207,176.963
1790632760,575,11,transition,vgg16_image,401,400,390,400.5084112149533,400.5084112149533,468.144
1790632760,575,11,transition,vit_base_image,73,74,75,73.56037151702786,73.56037151702786,89.405
1790632761,576,11,transition,resnet50_image,110,109,108,109.74604911579873,147.12836721576207,176.963
1790632761,576,11,transition,vgg16_image,400,395,406,400.5084112149533,400.5084112149533,468.144
1790632761,576,11,transition,vit_base_image,74,73,76,73.56037151702786,73.56037151702786,89.405
1790632762,577,11,transition,resnet50_image,109,110,109,109.74604911579873,147.12836721576207,176.963
1790632762,577,11,transition,vgg16_image,401,401,394,400.5084112149533,400.5084112149533,468.144
1790632762,577,11,transition,vit_base_image,73,74,77,73.56037151702786,73.56037151702786,89.405
1790632763,578,11,transition,resnet50_image,110,110,112,109.74604911579873,147.12836721576207,176.963
1790632763,578,11,transition,vgg16_image,400,400,400,400.5084112149533,400.5084112149533,468.144
1790632763,578,11,transition,vit_base_image,74,74,75,73.56037151702786,73.56037151702786,89.405
1790632764,579,11,transition,resnet50_image,110,110,102,109.74604911579873,147.12836721576207,176.963
1790632764,579,11,transition,vgg16_image,401,357,352,400.5084112149533,400.5084112149533,468.144
1790632764,579,11,transition,vit_base_image,73,73,66,73.56037151702786,73.56037151702786,89.405
1790632765,580,11,transition,resnet50_image,110,109,116,109.74604911579873,147.12836721576207,176.963
1790632765,580,11,transition,vgg16_image,400,400,400,400.5084112149533,400.5084112149533,468.144
1790632765,580,11,transition,vit_base_image,74,74,75,73.56037151702786,73.56037151702786,89.405
1790632766,581,11,transition,resnet50_image,109,110,109,109.74604911579873,147.12836721576207,176.963
1790632766,581,11,transition,vgg16_image,401,398,416,400.5084112149533,400.5084112149533,468.144
1790632766,581,11,transition,vit_base_image,74,73,76,73.56037151702786,73.56037151702786,89.405
1790632767,582,11,transition,resnet50_image,110,110,110,109.74604911579873,147.12836721576207,176.963
1790632767,582,11,transition,vgg16_image,400,401,400,400.5084112149533,400.5084112149533,468.144
1790632767,582,11,transition,vit_base_image,73,74,76,73.56037151702786,73.56037151702786,89.405
1790632768,583,11,transition,resnet50_image,110,110,111,109.74604911579873,147.12836721576207,176.963
1790632768,583,11,transition,vgg16_image,401,400,400,400.5084112149533,400.5084112149533,468.144
1790632768,583,11,transition,vit_base_image,74,74,75,73.56037151702786,73.56037151702786,89.405
1790632769,584,11,transition,resnet50_image,109,109,109,109.74604911579873,147.12836721576207,176.963
1790632769,584,11,transition,vgg16_image,400,401,400,400.5084112149533,400.5084112149533,468.144
1790632769,584,11,transition,vit_base_image,73,73,74,73.56037151702786,73.56037151702786,89.405
1790632770,585,11,transition,resnet50_image,110,110,110,109.74604911579873,147.12836721576207,176.963
1790632770,585,11,transition,vgg16_image,401,400,400,400.5084112149533,400.5084112149533,468.144
1790632770,585,11,transition,vit_base_image,74,74,74,73.56037151702786,73.56037151702786,89.405
1790632771,586,11,transition,resnet50_image,110,110,101,109.74604911579873,147.12836721576207,176.963
1790632771,586,11,transition,vgg16_image,400,355,337,400.5084112149533,400.5084112149533,468.144
1790632771,586,11,transition,vit_base_image,73,73,61,73.56037151702786,73.56037151702786,89.405
1790632772,587,11,transition,resnet50_image,110,109,117,109.74604911579873,147.12836721576207,176.963
1790632772,587,11,transition,vgg16_image,401,393,399,400.5084112149533,400.5084112149533,468.144
1790632772,587,11,transition,vit_base_image,74,74,76,73.56037151702786,73.56037151702786,89.405
1790632773,588,11,transition,resnet50_image,109,110,112,109.74604911579873,147.12836721576207,176.963
1790632773,588,11,transition,vgg16_image,400,398,400,400.5084112149533,400.5084112149533,468.144
1790632773,588,11,transition,vit_base_image,73,73,74,73.56037151702786,73.56037151702786,89.405
1790632774,589,11,transition,resnet50_image,110,110,109,109.74604911579873,147.12836721576207,176.963
1790632774,589,11,transition,vgg16_image,401,397,400,400.5084112149533,400.5084112149533,468.144
1790632774,589,11,transition,vit_base_image,74,74,77,73.56037151702786,73.56037151702786,89.405
1790632775,590,11,transition,resnet50_image,110,110,110,109.74604911579873,147.12836721576207,176.963
1790632775,590,11,transition,vgg16_image,400,400,400,400.5084112149533,400.5084112149533,468.144
1790632775,590,11,transition,vit_base_image,74,73,76,73.56037151702786,73.56037151702786,89.405
1790632776,591,11,transition,resnet50_image,110,110,110,109.74604911579873,147.12836721576207,176.963
1790632776,591,11,transition,vgg16_image,401,400,400,400.5084112149533,400.5084112149533,468.144
1790632776,591,11,transition,vit_base_image,73,74,76,73.56037151702786,73.56037151702786,89.405
1790632777,592,11,transition,resnet50_image,109,109,108,109.74604911579873,147.12836721576207,176.963
1790632777,592,11,transition,vgg16_image,400,401,400,400.5084112149533,400.5084112149533,468.144
1790632777,592,11,transition,vit_base_image,74,74,74,73.56037151702786,73.56037151702786,89.405
1790632778,593,11,transition,resnet50_image,110,110,112,109.74604911579873,147.12836721576207,176.963
1790632778,593,11,transition,vgg16_image,401,400,400,400.5084112149533,400.5084112149533,468.144
1790632778,593,11,transition,vit_base_image,73,73,74,73.56037151702786,73.56037151702786,89.405
1790632779,594,11,transition,resnet50_image,110,110,108,109.74604911579873,147.12836721576207,176.963
1790632779,594,11,transition,vgg16_image,400,400,400,400.5084112149533,400.5084112149533,468.144
1790632779,594,11,transition,vit_base_image,74,74,73,73.56037151702786,73.56037151702786,89.405
1790632780,595,11,transition,resnet50_image,110,110,111,109.74604911579873,147.12836721576207,176.963
1790632780,595,11,transition,vgg16_image,401,402,416,400.5084112149533,400.5084112149533,468.144
1790632780,595,11,transition,vit_base_image,73,73,74,73.56037151702786,73.56037151702786,89.405
1790632781,596,11,transition,resnet50_image,109,109,110,109.74604911579873,147.12836721576207,176.963
1790632781,596,11,transition,vgg16_image,400,400,400,400.5084112149533,400.5084112149533,468.144
1790632781,596,11,transition,vit_base_image,74,74,74,73.56037151702786,73.56037151702786,89.405
1790632782,597,11,transition,resnet50_image,110,110,110,109.74604911579873,147.12836721576207,176.963
1790632782,597,11,transition,vgg16_image,401,347,336,400.5084112149533,400.5084112149533,468.144
1790632782,597,11,transition,vit_base_image,73,73,64,73.56037151702786,73.56037151702786,89.405
1790632783,598,11,transition,resnet50_image,110,110,110,109.74604911579873,147.12836721576207,176.963
1790632783,598,11,transition,vgg16_image,400,401,400,400.5084112149533,400.5084112149533,468.144
1790632783,598,11,transition,vit_base_image,74,74,76,73.56037151702786,73.56037151702786,89.405
1790632784,599,11,transition,resnet50_image,110,110,109,109.74604911579873,147.12836721576207,176.963
1790632784,599,11,transition,vgg16_image,401,400,400,400.5084112149533,400.5084112149533,468.144
1790632784,599,11,transition,vit_base_image,74,74,77,73.56037151702786,73.56037151702786,89.405
1790632785,600,11,steady,resnet50_image,145,145,144,147.12836721576207,147.12836721576207,176.963
1790632785,600,11,steady,vgg16_image,399,394,384,400.5084112149533,400.5084112149533,468.144
1790632785,600,11,steady,vit_base_image,73,73,76,73.56037151702786,73.56037151702786,89.405
1790632786,601,11,steady,resnet50_image,148,147,147,147.12836721576207,147.12836721576207,176.963
1790632786,601,11,steady,vgg16_image,401,389,400,400.5084112149533,400.5084112149533,468.144
1790632786,601,11,steady,vit_base_image,74,74,75,73.56037151702786,73.56037151702786,89.405
1790632787,602,11,steady,resnet50_image,147,147,147,147.12836721576207,147.12836721576207,176.963
1790632787,602,11,steady,vgg16_image,400,400,400,400.5084112149533,400.5084112149533,468.144
1790632787,602,11,steady,vit_base_image,73,73,73,73.56037151702786,73.56037151702786,89.405
1790632788,603,11,steady,resnet50_image,147,147,133,147.12836721576207,147.12836721576207,176.963
1790632788,603,11,steady,vgg16_image,401,383,368,400.5084112149533,400.5084112149533,468.144
1790632788,603,11,steady,vit_base_image,74,74,65,73.56037151702786,73.56037151702786,89.405
1790632789,604,11,steady,resnet50_image,147,148,161,147.12836721576207,147.12836721576207,176.963
1790632789,604,11,steady,vgg16_image,400,362,384,400.5084112149533,400.5084112149533,468.144
1790632789,604,11,steady,vit_base_image,73,73,73,73.56037151702786,73.56037151702786,89.405
1790632790,605,11,steady,resnet50_image,147,147,148,147.12836721576207,147.12836721576207,176.963
1790632790,605,11,steady,vgg16_image,401,401,400,400.5084112149533,400.5084112149533,468.144
1790632790,605,11,steady,vit_base_image,74,74,75,73.56037151702786,73.56037151702786,89.405
1790632791,606,11,steady,resnet50_image,147,147,146,147.12836721576207,147.12836721576207,176.963
1790632791,606,11,steady,vgg16_image,400,400,416,400.5084112149533,400.5084112149533,468.144
1790632791,606,11,steady,vit_base_image,74,74,76,73.56037151702786,73.56037151702786,89.405
1790632792,607,11,steady,resnet50_image,147,147,148,147.12836721576207,147.12836721576207,176.963
1790632792,607,11,steady,vgg16_image,401,401,400,400.5084112149533,400.5084112149533,468.144
1790632792,607,11,steady,vit_base_image,73,73,76,73.56037151702786,73.56037151702786,89.405
1790632793,608,11,steady,resnet50_image,147,147,146,147.12836721576207,147.12836721576207,176.963
1790632793,608,11,steady,vgg16_image,400,400,416,400.5084112149533,400.5084112149533,468.144
1790632793,608,11,steady,vit_base_image,74,74,76,73.56037151702786,73.56037151702786,89.405
1790632794,609,11,steady,resnet50_image,148,147,149,147.12836721576207,147.12836721576207,176.963
1790632794,609,11,steady,vgg16_image,401,401,400,400.5084112149533,400.5084112149533,468.144
1790632794,609,11,steady,vit_base_image,73,73,74,73.56037151702786,73.56037151702786,89.405
1790632795,610,11,steady,resnet50_image,147,148,134,147.12836721576207,147.12836721576207,176.963
1790632795,610,11,steady,vgg16_image,400,378,336,400.5084112149533,400.5084112149533,468.144
1790632795,610,11,steady,vit_base_image,74,74,67,73.56037151702786,73.56037151702786,89.405
1790632796,611,11,steady,resnet50_image,147,147,159,147.12836721576207,147.12836721576207,176.963
1790632796,611,11,steady,vgg16_image,401,398,400,400.5084112149533,400.5084112149533,468.144
1790632796,611,11,steady,vit_base_image,73,73,76,73.56037151702786,73.56037151702786,89.405
1790632797,612,11,steady,resnet50_image,147,147,149,147.12836721576207,147.12836721576207,176.963
1790632797,612,11,steady,vgg16_image,400,400,400,400.5084112149533,400.5084112149533,468.144
1790632797,612,11,steady,vit_base_image,74,74,76,73.56037151702786,73.56037151702786,89.405
1790632798,613,11,steady,resnet50_image,147,147,145,147.12836721576207,147.12836721576207,176.963
1790632798,613,11,steady,vgg16_image,401,401,400,400.5084112149533,400.5084112149533,468.144
1790632798,613,11,steady,vit_base_image,74,74,75,73.56037151702786,73.56037151702786,89.405
1790632799,614,11,steady,resnet50_image,147,147,148,147.12836721576207,147.12836721576207,176.963
1790632799,614,11,steady,vgg16_image,400,400,416,400.5084112149533,400.5084112149533,468.144
1790632799,614,11,steady,vit_base_image,73,73,74,73.56037151702786,73.56037151702786,89.405
1790632800,615,11,steady,resnet50_image,147,147,148,147.12836721576207,147.12836721576207,176.963
1790632800,615,11,steady,vgg16_image,401,401,400,400.5084112149533,400.5084112149533,468.144
1790632800,615,11,steady,vit_base_image,74,74,74,73.56037151702786,73.56037151702786,89.405
1790632801,616,11,steady,resnet50_image,148,147,146,147.12836721576207,147.12836721576207,176.963
1790632801,616,11,steady,vgg16_image,400,400,400,400.5084112149533,400.5084112149533,468.144
1790632801,616,11,steady,vit_base_image,73,73,73,73.56037151702786,73.56037151702786,89.405
1790632802,617,11,steady,resnet50_image,147,148,146,147.12836721576207,147.12836721576207,176.963
1790632802,617,11,steady,vgg16_image,401,401,384,400.5084112149533,400.5084112149533,468.144
1790632802,617,11,steady,vit_base_image,74,74,73,73.56037151702786,73.56037151702786,89.405
1790632803,618,11,steady,resnet50_image,147,147,148,147.12836721576207,147.12836721576207,176.963
1790632803,618,11,steady,vgg16_image,400,398,400,400.5084112149533,400.5084112149533,468.144
1790632803,618,11,steady,vit_base_image,73,73,74,73.56037151702786,73.56037151702786,89.405
1790632804,619,11,steady,resnet50_image,147,147,148,147.12836721576207,147.12836721576207,176.963
1790632804,619,11,steady,vgg16_image,401,396,400,400.5084112149533,400.5084112149533,468.144
1790632804,619,11,steady,vit_base_image,74,74,74,73.56037151702786,73.56037151702786,89.405
1790632805,620,11,steady,resnet50_image,147,147,148,147.12836721576207,147.12836721576207,176.963
1790632805,620,11,steady,vgg16_image,401,401,400,400.5084112149533,400.5084112149533,468.144
1790632805,620,11,steady,vit_base_image,73,73,73,73.56037151702786,73.56037151702786,89.405
1790632806,621,11,steady,resnet50_image,147,147,144,147.12836721576207,147.12836721576207,176.963
1790632806,621,11,steady,vgg16_image,400,397,384,400.5084112149533,400.5084112149533,468.144
1790632806,621,11,steady,vit_base_image,74,74,74,73.56037151702786,73.56037151702786,89.405
1790632807,622,11,steady,resnet50_image,147,147,147,147.12836721576207,147.12836721576207,176.963
1790632807,622,11,steady,vgg16_image,401,396,411,400.5084112149533,400.5084112149533,468.144
1790632807,622,11,steady,vit_base_image,74,73,73,73.56037151702786,73.56037151702786,89.405
1790632808,623,11,steady,resnet50_image,147,147,150,147.12836721576207,147.12836721576207,176.963
1790632808,623,11,steady,vgg16_image,400,397,389,400.5084112149533,400.5084112149533,468.144
1790632808,623,11,steady,vit_base_image,73,74,74,73.56037151702786,73.56037151702786,89.405
1790632809,624,11,steady,resnet50_image,148,147,147,147.12836721576207,147.12836721576207,176.963
1790632809,624,11,steady,vgg16_image,401,396,400,400.5084112149533,400.5084112149533,468.144
1790632809,624,11,steady,vit_base_image,74,74,73,73.56037151702786,73.56037151702786,89.405
1790632810,625,11,steady,resnet50_image,147,148,145,147.12836721576207,147.12836721576207,176.963
1790632810,625,11,steady,vgg16_image,400,393,384,400.5084112149533,400.5084112149533,468.144
1790632810,625,11,steady,vit_base_image,73,73,74,73.56037151702786,73.56037151702786,89.405
1790632811,626,11,steady,resnet50_image,147,146,147,147.12836721576207,147.12836721576207,176.963
1790632811,626,11,steady,vgg16_image,401,399,416,400.5084112149533,400.5084112149533,468.144
1790632811,626,11,steady,vit_base_image,74,74,74,73.56037151702786,73.56037151702786,89.405
1790632812,627,11,steady,resnet50_image,147,148,149,147.12836721576207,147.12836721576207,176.963
1790632812,627,11,steady,vgg16_image,400,399,384,400.5084112149533,400.5084112149533,468.144
1790632812,627,11,steady,vit_base_image,73,73,73,73.56037151702786,73.56037151702786,89.405
1790632813,628,11,steady,resnet50_image,147,147,146,147.12836721576207,147.12836721576207,176.963
1790632813,628,11,steady,vgg16_image,401,394,401,400.5084112149533,400.5084112149533,468.144
1790632813,628,11,steady,vit_base_image,74,74,74,73.56037151702786,73.56037151702786,89.405
1790632814,629,11,steady,resnet50_image,147,147,148,147.12836721576207,147.12836721576207,176.963
1790632814,629,11,steady,vgg16_image,400,401,415,400.5084112149533,400.5084112149533,468.144
1790632814,629,11,steady,vit_base_image,74,73,73,73.56037151702786,73.56037151702786,89.405
1790632815,630,,,resnet50_image,147,147,139,,,176.963
1790632815,630,,,vgg16_image,401,377,352,,,468.144
1790632815,630,,,vit_base_image,73,74,71,,,89.405
1790632816,631,,,resnet50_image,147,147,156,,,176.963
1790632816,631,,,vgg16_image,400,390,400,,,468.144
1790632816,631,,,vit_base_image,74,74,75,,,89.405
1790632817,632,,,resnet50_image,148,147,146,,,176.963
1790632817,632,,,vgg16_image,401,400,416,,,468.144
1790632817,632,,,vit_base_image,73,73,75,,,89.405
1790632818,633,,,resnet50_image,147,147,146,,,176.963
1790632818,633,,,vgg16_image,400,400,416,,,468.144
1790632818,633,,,vit_base_image,74,74,73,,,89.405
1790632819,634,,,resnet50_image,147,147,149,,,176.963
1790632819,634,,,vgg16_image,401,401,409,,,468.144
1790632819,634,,,vit_base_image,73,73,74,,,89.405
1790632820,635,,,resnet50_image,147,148,147,,,176.963
1790632820,635,,,vgg16_image,400,401,423,,,468.144
1790632820,635,,,vit_base_image,74,74,73,,,89.405
1790632821,636,12,transition,resnet50_image,136,136,136,133.64290912567927,133.64290912567927,176.963
1790632821,636,12,transition,vgg16_image,399,399,400,400.5084112149533,460.08224299065415,468.144
1790632821,636,12,transition,vit_base_image,74,74,73,73.56037151702786,73.56037151702786,89.405
1790632822,637,12,transition,resnet50_image,134,134,134,133.64290912567927,133.64290912567927,176.963
1790632822,637,12,transition,vgg16_image,401,401,416,400.5084112149533,460.08224299065415,468.144
1790632822,637,12,transition,vit_base_image,73,73,75,73.56037151702786,73.56037151702786,89.405
1790632823,638,12,transition,resnet50_image,134,133,133,133.64290912567927,133.64290912567927,176.963
1790632823,638,12,transition,vgg16_image,401,373,304,400.5084112149533,460.08224299065415,468.144
1790632823,638,12,transition,vit_base_image,74,74,63,73.56037151702786,73.56037151702786,89.405
1790632824,639,12,transition,resnet50_image,133,134,134,133.64290912567927,133.64290912567927,176.963
1790632824,639,12,transition,vgg16_image,400,402,416,400.5084112149533,460.08224299065415,468.144
1790632824,639,12,transition,vit_base_image,73,73,75,73.56037151702786,73.56037151702786,89.405
1790632825,640,12,transition,resnet50_image,134,134,133,133.64290912567927,133.64290912567927,176.963
1790632825,640,12,transition,vgg16_image,401,400,417,400.5084112149533,460.08224299065415,468.144
1790632825,640,12,transition,vit_base_image,74,73,75,73.56037151702786,73.56037151702786,89.405
1790632826,641,12,transition,resnet50_image,134,133,136,133.64290912567927,133.64290912567927,176.963
1790632826,641,12,transition,vgg16_image,400,400,401,400.5084112149533,460.08224299065415,468.144
1790632826,641,12,transition,vit_base_image,73,74,76,73.56037151702786,73.56037151702786,89.405
1790632827,642,12,transition,resnet50_image,133,134,131,133.64290912567927,133.64290912567927,176.963
1790632827,642,12,transition,vgg16_image,401,401,398,400.5084112149533,460.08224299065415,468.144
1790632827,642,12,transition,vit_base_image,74,74,77,73.56037151702786,73.56037151702786,89.405
1790632828,643,12,transition,resnet50_image,134,134,133,133.64290912567927,133.64290912567927,176.963
1790632828,643,12,transition,vgg16_image,400,400,416,400.5084112149533,460.08224299065415,468.144
1790632828,643,12,transition,vit_base_image,73,73,75,73.56037151702786,73.56037151702786,89.405
1790632829,644,12,transition,resnet50_image,133,133,2,133.64290912567927,133.64290912567927,0
1790632829,644,12,transition,vgg16_image,401,401,416,400.5084112149533,460.08224299065415,468.144
1790632829,644,12,transition,vit_base_image,74,74,74,73.56037151702786,73.56037151702786,89.405
1790632830,645,12,transition,resnet50_image,134,134,0,133.64290912567927,133.64290912567927,0
1790632830,645,12,transition,vgg16_image,400,401,419,400.5084112149533,460.08224299065415,468.144
1790632830,645,12,transition,vit_base_image,74,74,73,73.56037151702786,73.56037151702786,89.405
1790632831,646,12,transition,resnet50_image,134,134,0,133.64290912567927,133.64290912567927,0
1790632831,646,12,transition,vgg16_image,401,400,413,400.5084112149533,460.08224299065415,468.144
1790632831,646,12,transition,vit_base_image,73,73,74,73.56037151702786,73.56037151702786,89.405
1790632832,647,12,transition,resnet50_image,133,133,0,133.64290912567927,133.64290912567927,0
1790632832,647,12,transition,vgg16_image,400,400,416,400.5084112149533,460.08224299065415,468.144
1790632832,647,12,transition,vit_base_image,74,74,73,73.56037151702786,73.56037151702786,89.405
1790632833,648,12,transition,resnet50_image,134,134,0,133.64290912567927,133.64290912567927,0
1790632833,648,12,transition,vgg16_image,401,401,416,400.5084112149533,460.08224299065415,468.144
1790632833,648,12,transition,vit_base_image,73,73,74,73.56037151702786,73.56037151702786,89.405
1790632834,649,12,transition,resnet50_image,134,134,0,133.64290912567927,133.64290912567927,0
1790632834,649,12,transition,vgg16_image,400,401,384,400.5084112149533,460.08224299065415,468.144
1790632834,649,12,transition,vit_base_image,74,74,71,73.56037151702786,73.56037151702786,89.405
1790632835,650,12,transition,resnet50_image,133,133,0,133.64290912567927,133.64290912567927,0
1790632835,650,12,transition,vgg16_image,401,400,416,400.5084112149533,460.08224299065415,468.144
1790632835,650,12,transition,vit_base_image,73,73,76,73.56037151702786,73.56037151702786,89.405
1790632836,651,12,transition,resnet50_image,134,134,0,133.64290912567927,133.64290912567927,0
1790632836,651,12,transition,vgg16_image,400,401,419,400.5084112149533,460.08224299065415,468.144
1790632836,651,12,transition,vit_base_image,74,74,74,73.56037151702786,73.56037151702786,89.405
1790632837,652,12,transition,resnet50_image,134,134,0,133.64290912567927,133.64290912567927,0
1790632837,652,12,transition,vgg16_image,401,400,413,400.5084112149533,460.08224299065415,468.144
1790632837,652,12,transition,vit_base_image,74,73,73,73.56037151702786,73.56037151702786,89.405
1790632838,653,12,transition,resnet50_image,133,133,0,133.64290912567927,133.64290912567927,0
1790632838,653,12,transition,vgg16_image,400,401,416,400.5084112149533,460.08224299065415,468.144
1790632838,653,12,transition,vit_base_image,73,74,74,73.56037151702786,73.56037151702786,89.405
1790632839,654,12,transition,resnet50_image,134,134,0,133.64290912567927,133.64290912567927,0
1790632839,654,12,transition,vgg16_image,401,400,400,400.5084112149533,460.08224299065415,468.144
1790632839,654,12,transition,vit_base_image,74,73,72,73.56037151702786,73.56037151702786,89.405
1790632840,655,12,transition,resnet50_image,134,133,0,133.64290912567927,133.64290912567927,0
1790632840,655,12,transition,vgg16_image,400,401,416,400.5084112149533,460.08224299065415,468.144
1790632840,655,12,transition,vit_base_image,73,74,75,73.56037151702786,73.56037151702786,89.405
1790632841,656,12,transition,resnet50_image,133,134,0,133.64290912567927,133.64290912567927,0
1790632841,656,12,transition,vgg16_image,401,401,400,400.5084112149533,460.08224299065415,468.144
1790632841,656,12,transition,vit_base_image,74,74,73,73.56037151702786,73.56037151702786,89.405
1790632842,657,12,transition,resnet50_image,134,134,0,133.64290912567927,133.64290912567927,0
1790632842,657,12,transition,vgg16_image,400,400,416,400.5084112149533,460.08224299065415,468.144
1790632842,657,12,transition,vit_base_image,73,73,74,73.56037151702786,73.56037151702786,89.405
1790632843,658,12,transition,resnet50_image,133,133,0,133.64290912567927,133.64290912567927,0
1790632843,658,12,transition,vgg16_image,401,401,400,400.5084112149533,460.08224299065415,468.144
1790632843,658,12,transition,vit_base_image,74,74,73,73.56037151702786,73.56037151702786,89.405
1790632844,659,12,transition,resnet50_image,134,134,0,133.64290912567927,133.64290912567927,0
1790632844,659,12,transition,vgg16_image,400,400,413,400.5084112149533,460.08224299065415,468.144
1790632844,659,12,transition,vit_base_image,73,73,74,73.56037151702786,73.56037151702786,89.405
1790632845,660,12,transition,resnet50_image,134,134,0,133.64290912567927,133.64290912567927,0
1790632845,660,12,transition,vgg16_image,401,400,346,400.5084112149533,460.08224299065415,468.144
1790632845,660,12,transition,vit_base_image,74,74,68,73.56037151702786,73.56037151702786,89.405
1790632846,661,12,transition,resnet50_image,133,133,0,133.64290912567927,133.64290912567927,0
1790632846,661,12,transition,vgg16_image,400,401,416,400.5084112149533,460.08224299065415,468.144
1790632846,661,12,transition,vit_base_image,74,73,76,73.56037151702786,73.56037151702786,89.405
1790632847,662,12,transition,resnet50_image,134,134,0,133.64290912567927,133.64290912567927,0
1790632847,662,12,transition,vgg16_image,401,400,400,400.5084112149533,460.08224299065415,468.144
1790632847,662,12,transition,vit_base_image,73,74,76,73.56037151702786,73.56037151702786,89.405
1790632848,663,12,transition,resnet50_image,134,133,0,133.64290912567927,133.64290912567927,0
1790632848,663,12,transition,vgg16_image,400,401,416,400.5084112149533,460.08224299065415,468.144
1790632848,663,12,transition,vit_base_image,74,74,74,73.56037151702786,73.56037151702786,89.405
1790632849,664,12,transition,resnet50_image,133,134,0,133.64290912567927,133.64290912567927,0
1790632849,664,12,transition,vgg16_image,401,401,416,400.5084112149533,460.08224299065415,468.144
1790632849,664,12,transition,vit_base_image,73,73,74,73.56037151702786,73.56037151702786,89.405
1790632850,665,12,transition,resnet50_image,134,133,53,133.64290912567927,133.64290912567927,0
1790632850,665,12,transition,vgg16_image,400,400,399,400.5084112149533,460.08224299065415,468.144
1790632850,665,12,transition,vit_base_image,74,74,73,73.56037151702786,73.56037151702786,89.405
1790632851,666,12,transition,resnet50_image,134,134,133,133.64290912567927,133.64290912567927,176.963
1790632851,666,12,transition,vgg16_image,401,400,417,400.5084112149533,460.08224299065415,468.144
1790632851,666,12,transition,vit_base_image,73,73,74,73.56037151702786,73.56037151702786,89.405
1790632852,667,12,transition,resnet50_image,133,134,135,133.64290912567927,133.64290912567927,176.963
1790632852,667,12,transition,vgg16_image,400,401,402,400.5084112149533,460.08224299065415,468.144
1790632852,667,12,transition,vit_base_image,74,74,74,73.56037151702786,73.56037151702786,89.405
1790632853,668,12,transition,resnet50_image,134,134,135,133.64290912567927,133.64290912567927,176.963
1790632853,668,12,transition,vgg16_image,401,401,402,400.5084112149533,460.08224299065415,468.144
1790632853,668,12,transition,vit_base_image,73,73,73,73.56037151702786,73.56037151702786,89.405
1790632854,669,12,transition,resnet50_image,134,133,134,133.64290912567927,133.64290912567927,176.963
1790632854,669,12,transition,vgg16_image,400,400,403,400.5084112149533,460.08224299065415,468.144
1790632854,669,12,transition,vit_base_image,74,74,74,73.56037151702786,73.56037151702786,89.405
1790632855,670,12,transition,resnet50_image,133,134,119,133.64290912567927,133.64290912567927,176.963
1790632855,670,12,transition,vgg16_image,401,400,351,400.5084112149533,460.08224299065415,468.144
1790632855,670,12,transition,vit_base_image,74,74,66,73.56037151702786,73.56037151702786,89.405
1790632856,671,12,transition,resnet50_image,134,134,146,133.64290912567927,133.64290912567927,176.963
1790632856,671,12,transition,vgg16_image,400,401,443,400.5084112149533,460.08224299065415,468.144
1790632856,671,12,transition,vit_base_image,73,73,80,73.56037151702786,73.56037151702786,89.405
1790632857,672,12,transition,resnet50_image,133,133,135,133.64290912567927,133.64290912567927,176.963
1790632857,672,12,transition,vgg16_image,401,401,407,400.5084112149533,460.08224299065415,468.144
1790632857,672,12,transition,vit_base_image,74,74,75,73.56037151702786,73.56037151702786,89.405
1790632858,673,12,transition,resnet50_image,134,134,133,133.64290912567927,133.64290912567927,176.963
1790632858,673,12,transition,vgg16_image,400,400,403,400.5084112149533,460.08224299065415,468.144
1790632858,673,12,transition,vit_base_image,73,73,73,73.56037151702786,73.56037151702786,89.405
1790632859,674,12,transition,resnet50_image,134,134,133,133.64290912567927,133.64290912567927,176.963
1790632859,674,12,transition,vgg16_image,401,400,402,400.5084112149533,460.08224299065415,468.144
1790632859,674,12,transition,vit_base_image,74,74,74,73.56037151702786,73.56037151702786,89.405
1790632860,675,12,transition,resnet50_image,133,133,134,133.64290912567927,133.64290912567927,176.963
1790632860,675,12,transition,vgg16_image,400,401,401,400.5084112149533,460.08224299065415,468.144
1790632860,675,12,transition,vit_base_image,73,73,73,73.56037151702786,73.56037151702786,89.405
1790632861,676,12,steady,resnet50_image,132,132,131,133.64290912567927,133.64290912567927,176.963
1790632861,676,12,steady,vgg16_image,438,437,410,460.08224299065415,460.08224299065415,468.144
1790632861,676,12,steady,vit_base_image,74,74,74,73.56037151702786,73.56037151702786,89.405
1790632862,677,12,steady,resnet50_image,134,134,131,133.64290912567927,133.64290912567927,176.963
1790632862,677,12,steady,vgg16_image,460,461,400,460.08224299065415,460.08224299065415,468.144
1790632862,677,12,steady,vit_base_image,74,74,66,73.56037151702786,73.56037151702786,89.405
1790632863,678,12,steady,resnet50_image,134,133,138,133.64290912567927,133.64290912567927,176.963
1790632863,678,12,steady,vgg16_image,460,459,432,460.08224299065415,460.08224299065415,468.144
1790632863,678,12,steady,vit_base_image,73,73,80,73.56037151702786,73.56037151702786,89.405
1790632864,679,12,steady,resnet50_image,133,134,134,133.64290912567927,133.64290912567927,176.963
1790632864,679,12,steady,vgg16_image,460,461,448,460.08224299065415,460.08224299065415,468.144
1790632864,679,12,steady,vit_base_image,74,74,75,73.56037151702786,73.56037151702786,89.405
1790632865,680,12,steady,resnet50_image,134,134,132,133.64290912567927,133.64290912567927,176.963
1790632865,680,12,steady,vgg16_image,460,459,448,460.08224299065415,460.08224299065415,468.144
1790632865,680,12,steady,vit_base_image,73,73,73,73.56037151702786,73.56037151702786,89.405
1790632866,681,12,steady,resnet50_image,134,133,133,133.64290912567927,133.64290912567927,176.963
1790632866,681,12,steady,vgg16_image,460,461,432,460.08224299065415,460.08224299065415,468.144
1790632866,681,12,steady,vit_base_image,74,74,74,73.56037151702786,73.56037151702786,89.405
1790632867,682,12,steady,resnet50_image,133,134,134,133.64290912567927,133.64290912567927,176.963
1790632867,682,12,steady,vgg16_image,460,460,448,460.08224299065415,460.08224299065415,468.144
1790632867,682,12,steady,vit_base_image,74,74,74,73.56037151702786,73.56037151702786,89.405
1790632868,683,12,steady,resnet50_image,134,134,134,133.64290912567927,133.64290912567927,176.963
1790632868,683,12,steady,vgg16_image,461,460,432,460.08224299065415,460.08224299065415,468.144
1790632868,683,12,steady,vit_base_image,73,73,73,73.56037151702786,73.56037151702786,89.405
1790632869,684,12,steady,resnet50_image,133,133,128,133.64290912567927,133.64290912567927,176.963
1790632869,684,12,steady,vgg16_image,460,404,369,460.08224299065415,460.08224299065415,468.144
1790632869,684,12,steady,vit_base_image,74,74,66,73.56037151702786,73.56037151702786,89.405
1790632870,685,12,steady,resnet50_image,134,134,141,133.64290912567927,133.64290912567927,176.963
1790632870,685,12,steady,vgg16_image,460,442,447,460.08224299065415,460.08224299065415,468.144
1790632870,685,12,steady,vit_base_image,73,73,79,73.56037151702786,73.56037151702786,89.405
1790632871,686,12,steady,resnet50_image,134,134,134,133.64290912567927,133.64290912567927,176.963
1790632871,686,12,steady,vgg16_image,460,442,448,460.08224299065415,460.08224299065415,468.144
1790632871,686,12,steady,vit_base_image,74,74,76,73.56037151702786,73.56037151702786,89.405
1790632872,687,12,steady,resnet50_image,133,133,134,133.64290912567927,133.64290912567927,176.963
1790632872,687,12,steady,vgg16_image,460,434,432,460.08224299065415,460.08224299065415,468.144
1790632872,687,12,steady,vit_base_image,73,73,73,73.56037151702786,73.56037151702786,89.405
1790632873,688,12,steady,resnet50_image,134,134,132,133.64290912567927,133.64290912567927,176.963
1790632873,688,12,steady,vgg16_image,460,442,432,460.08224299065415,460.08224299065415,468.144
1790632873,688,12,steady,vit_base_image,74,74,74,73.56037151702786,73.56037151702786,89.405
1790632874,689,12,steady,resnet50_image,134,134,133,133.64290912567927,133.64290912567927,176.963
1790632874,689,12,steady,vgg16_image,460,441,448,460.08224299065415,460.08224299065415,468.144
1790632874,689,12,steady,vit_base_image,74,73,73,73.56037151702786,73.56037151702786,89.405
1790632875,690,12,steady,resnet50_image,133,133,134,133.64290912567927,133.64290912567927,176.963
1790632875,690,12,steady,vgg16_image,460,438,432,460.08224299065415,460.08224299065415,468.144
1790632875,690,12,steady,vit_base_image,73,74,74,73.56037151702786,73.56037151702786,89.405
1790632876,691,12,steady,resnet50_image,134,134,134,133.64290912567927,133.64290912567927,176.963
1790632876,691,12,steady,vgg16_image,460,431,432,460.08224299065415,460.08224299065415,468.144
1790632876,691,12,steady,vit_base_image,74,74,73,73.56037151702786,73.56037151702786,89.405
1790632877,692,12,steady,resnet50_image,134,133,132,133.64290912567927,133.64290912567927,176.963
1790632877,692,12,steady,vgg16_image,460,440,448,460.08224299065415,460.08224299065415,468.144
1790632877,692,12,steady,vit_base_image,73,73,74,73.56037151702786,73.56037151702786,89.405
1790632878,693,12,steady,resnet50_image,133,134,135,133.64290912567927,133.64290912567927,176.963
1790632878,693,12,steady,vgg16_image,460,438,432,460.08224299065415,460.08224299065415,468.144
1790632878,693,12,steady,vit_base_image,74,74,74,73.56037151702786,73.56037151702786,89.405
1790632879,694,12,steady,resnet50_image,134,134,135,133.64290912567927,133.64290912567927,176.963
1790632879,694,12,steady,vgg16_image,460,441,448,460.08224299065415,460.08224299065415,468.144
1790632879,694,12,steady,vit_base_image,73,73,73,73.56037151702786,73.56037151702786,89.405
1790632880,695,12,steady,resnet50_image,134,133,132,133.64290912567927,133.64290912567927,176.963
1790632880,695,12,steady,vgg16_image,461,441,432,460.08224299065415,460.08224299065415,468.144
1790632880,695,12,steady,vit_base_image,74,74,74,73.56037151702786,73.56037151702786,89.405
1790632881,696,12,steady,resnet50_image,133,134,133,133.64290912567927,133.64290912567927,176.963
1790632881,696,12,steady,vgg16_image,460,437,448,460.08224299065415,460.08224299065415,468.144
1790632881,696,12,steady,vit_base_image,73,73,73,73.56037151702786,73.56037151702786,89.405
1790632882,697,12,steady,resnet50_image,134,134,135,133.64290912567927,133.64290912567927,176.963
1790632882,697,12,steady,vgg16_image,460,441,432,460.08224299065415,460.08224299065415,468.144
1790632882,697,12,steady,vit_base_image,74,74,74,73.56037151702786,73.56037151702786,89.405
1790632883,698,12,steady,resnet50_image,133,133,134,133.64290912567927,133.64290912567927,176.963
1790632883,698,12,steady,vgg16_image,460,434,432,460.08224299065415,460.08224299065415,468.144
1790632883,698,12,steady,vit_base_image,74,73,74,73.56037151702786,73.56037151702786,89.405
1790632884,699,12,steady,resnet50_image,134,134,132,133.64290912567927,133.64290912567927,176.963
1790632884,699,12,steady,vgg16_image,460,432,432,460.08224299065415,460.08224299065415,468.144
1790632884,699,12,steady,vit_base_image,73,74,73,73.56037151702786,73.56037151702786,89.405
1790632885,700,12,steady,resnet50_image,134,134,134,133.64290912567927,133.64290912567927,176.963
1790632885,700,12,steady,vgg16_image,460,437,448,460.08224299065415,460.08224299065415,468.144
1790632885,700,12,steady,vit_base_image,74,74,74,73.56037151702786,73.56037151702786,89.405
1790632886,701,12,steady,resnet50_image,133,133,134,133.64290912567927,133.64290912567927,176.963
1790632886,701,12,steady,vgg16_image,460,429,418,460.08224299065415,460.08224299065415,468.144
1790632886,701,12,steady,vit_base_image,73,73,73,73.56037151702786,73.56037151702786,89.405
1790632887,702,12,steady,resnet50_image,134,134,133,133.64290912567927,133.64290912567927,176.963
1790632887,702,12,steady,vgg16_image,460,435,446,460.08224299065415,460.08224299065415,468.144
1790632887,702,12,steady,vit_base_image,74,74,74,73.56037151702786,73.56037151702786,89.405
1790632888,703,12,steady,resnet50_image,134,134,135,133.64290912567927,133.64290912567927,176.963
1790632888,703,12,steady,vgg16_image,460,440,432,460.08224299065415,460.08224299065415,468.144
1790632888,703,12,steady,vit_base_image,73,73,73,73.56037151702786,73.56037151702786,89.405
1790632889,704,12,steady,resnet50_image,133,133,133,133.64290912567927,133.64290912567927,176.963
1790632889,704,12,steady,vgg16_image,460,437,432,460.08224299065415,460.08224299065415,468.144
1790632889,704,12,steady,vit_base_image,74,74,74,73.56037151702786,73.56037151702786,89.405
1790632890,705,12,steady,resnet50_image,134,134,134,133.64290912567927,133.64290912567927,176.963
1790632890,705,12,steady,vgg16_image,460,431,432,460.08224299065415,460.08224299065415,468.144
1790632890,705,12,steady,vit_base_image,73,73,73,73.56037151702786,73.56037151702786,89.405
1790632891,706,,,resnet50_image,83,83,88,,,176.963
1790632891,706,,,vgg16_image,287,219,383,,,468.144
1790632891,706,,,vit_base_image,46,46,47,,,89.405
