t_utc,t_rel,live_round,window,workload,offered,sent,completed,rate_rps,target_rps,ledger_capacity_rps
1790693724,0,,,resnet50_image,0,0,0,,,
1790693724,0,,,vgg16_image,0,0,0,,,
1790693724,0,,,vit_base_image,0,0,0,,,
1790693725,1,1,transition,resnet50_image,0,0,0,0.0,242.71580725528415,
1790693725,1,1,transition,vgg16_image,0,0,0,0.0,446.803738317757,
1790693725,1,1,transition,vit_base_image,0,0,0,0.0,122.60061919504642,
1790693726,2,1,transition,resnet50_image,0,0,0,0.0,242.71580725528415,
1790693726,2,1,transition,vgg16_image,0,0,0,0.0,446.803738317757,
1790693726,2,1,transition,vit_base_image,0,0,0,0.0,122.60061919504642,
1790693727,3,1,transition,resnet50_image,0,0,0,0.0,242.71580725528415,
1790693727,3,1,transition,vgg16_image,0,0,0,0.0,446.803738317757,
1790693727,3,1,transition,vit_base_image,0,0,0,0.0,122.60061919504642,
1790693728,4,1,transition,resnet50_image,0,0,0,0.0,242.71580725528415,
1790693728,4,1,transition,vgg16_image,0,0,0,0.0,446.803738317757,
1790693728,4,1,transition,vit_base_image,0,0,0,0.0,122.60061919504642,
1790693729,5,1,transition,resnet50_image,0,0,0,0.0,242.71580725528415,
1790693729,5,1,transition,vgg16_image,0,0,0,0.0,446.803738317757,
1790693729,5,1,transition,vit_base_image,0,0,0,0.0,122.60061919504642,
1790693730,6,1,transition,resnet50_image,0,0,0,0.0,242.71580725528415,0
1790693730,6,1,transition,vgg16_image,0,0,0,0.0,446.803738317757,0
1790693730,6,1,transition,vit_base_image,0,0,0,0.0,122.60061919504642,0
1790693731,7,1,transition,resnet50_image,0,0,0,0.0,242.71580725528415,0
1790693731,7,1,transition,vgg16_image,0,0,0,0.0,446.803738317757,0
1790693731,7,1,transition,vit_base_image,0,0,0,0.0,122.60061919504642,0
1790693732,8,1,transition,resnet50_image,0,0,0,0.0,242.71580725528415,0
1790693732,8,1,transition,vgg16_image,0,0,0,0.0,446.803738317757,0
1790693732,8,1,transition,vit_base_image,0,0,0,0.0,122.60061919504642,0
1790693733,9,1,transition,resnet50_image,0,0,0,0.0,242.71580725528415,0
1790693733,9,1,transition,vgg16_image,0,0,0,0.0,446.803738317757,0
1790693733,9,1,transition,vit_base_image,0,0,0,0.0,122.60061919504642,0
1790693734,10,1,transition,resnet50_image,0,0,0,0.0,242.71580725528415,0
1790693734,10,1,transition,vgg16_image,0,0,0,0.0,446.803738317757,0
1790693734,10,1,transition,vit_base_image,0,0,0,0.0,122.60061919504642,0
1790693735,11,1,transition,resnet50_image,0,0,0,0.0,242.71580725528415,0
1790693735,11,1,transition,vgg16_image,0,0,0,0.0,446.803738317757,0
1790693735,11,1,transition,vit_base_image,0,0,0,0.0,122.60061919504642,0
1790693736,12,1,transition,resnet50_image,0,0,0,0.0,242.71580725528415,0
1790693736,12,1,transition,vgg16_image,0,0,0,0.0,446.803738317757,0
1790693736,12,1,transition,vit_base_image,0,0,0,0.0,122.60061919504642,0
1790693737,13,1,transition,resnet50_image,0,0,0,0.0,242.71580725528415,0
1790693737,13,1,transition,vgg16_image,0,0,0,0.0,446.803738317757,0
1790693737,13,1,transition,vit_base_image,0,0,0,0.0,122.60061919504642,0
1790693738,14,1,transition,resnet50_image,0,0,0,0.0,242.71580725528415,0
1790693738,14,1,transition,vgg16_image,0,0,0,0.0,446.803738317757,0
1790693738,14,1,transition,vit_base_image,0,0,0,0.0,122.60061919504642,0
1790693739,15,1,transition,resnet50_image,0,0,0,0.0,242.71580725528415,0
1790693739,15,1,transition,vgg16_image,0,0,0,0.0,446.803738317757,0
1790693739,15,1,transition,vit_base_image,0,0,0,0.0,122.60061919504642,0
1790693740,16,1,transition,resnet50_image,0,0,0,0.0,242.71580725528415,0
1790693740,16,1,transition,vgg16_image,0,0,0,0.0,446.803738317757,0
1790693740,16,1,transition,vit_base_image,0,0,0,0.0,122.60061919504642,0
1790693741,17,1,transition,resnet50_image,0,0,0,0.0,242.71580725528415,0
1790693741,17,1,transition,vgg16_image,0,0,0,0.0,446.803738317757,0
1790693741,17,1,transition,vit_base_image,0,0,0,0.0,122.60061919504642,0
1790693742,18,1,transition,resnet50_image,0,0,0,0.0,242.71580725528415,0
1790693742,18,1,transition,vgg16_image,0,0,0,0.0,446.803738317757,0
1790693742,18,1,transition,vit_base_image,0,0,0,0.0,122.60061919504642,0
1790693743,19,1,transition,resnet50_image,0,0,0,0.0,242.71580725528415,0
1790693743,19,1,transition,vgg16_image,0,0,0,0.0,446.803738317757,0
1790693743,19,1,transition,vit_base_image,0,0,0,0.0,122.60061919504642,63.099
1790693744,20,1,transition,resnet50_image,0,0,0,0.0,242.71580725528415,0
1790693744,20,1,transition,vgg16_image,0,0,0,0.0,446.803738317757,0
1790693744,20,1,transition,vit_base_image,0,0,0,0.0,122.60061919504642,126.198
1790693745,21,1,transition,resnet50_image,0,0,0,0.0,242.71580725528415,0
1790693745,21,1,transition,vgg16_image,0,0,0,0.0,446.803738317757,0
1790693745,21,1,transition,vit_base_image,0,0,0,0.0,122.60061919504642,126.198
1790693746,22,1,transition,resnet50_image,0,0,0,0.0,242.71580725528415,0
1790693746,22,1,transition,vgg16_image,0,0,0,0.0,446.803738317757,0
1790693746,22,1,transition,vit_base_image,0,0,0,0.0,122.60061919504642,126.198
1790693747,23,1,transition,resnet50_image,0,0,0,0.0,242.71580725528415,0
1790693747,23,1,transition,vgg16_image,0,0,0,0.0,446.803738317757,0
1790693747,23,1,transition,vit_base_image,0,0,0,0.0,122.60061919504642,126.198
1790693748,24,1,transition,resnet50_image,0,0,0,0.0,242.71580725528415,0
1790693748,24,1,transition,vgg16_image,0,0,0,0.0,446.803738317757,0
1790693748,24,1,transition,vit_base_image,0,0,0,0.0,122.60061919504642,126.198
1790693749,25,1,transition,resnet50_image,0,0,0,0.0,242.71580725528415,307.73
1790693749,25,1,transition,vgg16_image,0,0,0,0.0,446.803738317757,0
1790693749,25,1,transition,vit_base_image,0,0,0,0.0,122.60061919504642,126.198
1790693750,26,1,transition,resnet50_image,0,0,0,0.0,242.71580725528415,307.73
1790693750,26,1,transition,vgg16_image,0,0,0,0.0,446.803738317757,0
1790693750,26,1,transition,vit_base_image,0,0,0,0.0,122.60061919504642,126.198
1790693751,27,1,transition,resnet50_image,0,0,0,0.0,242.71580725528415,307.73
1790693751,27,1,transition,vgg16_image,0,0,0,0.0,446.803738317757,0
1790693751,27,1,transition,vit_base_image,0,0,0,0.0,122.60061919504642,126.198
1790693752,28,1,transition,resnet50_image,0,0,0,0.0,242.71580725528415,307.73
1790693752,28,1,transition,vgg16_image,0,0,0,0.0,446.803738317757,0
1790693752,28,1,transition,vit_base_image,0,0,0,0.0,122.60061919504642,126.198
1790693753,29,1,transition,resnet50_image,0,0,0,0.0,242.71580725528415,307.73
1790693753,29,1,transition,vgg16_image,0,0,0,0.0,446.803738317757,476.781
1790693753,29,1,transition,vit_base_image,0,0,0,0.0,122.60061919504642,126.198
1790693754,30,1,transition,resnet50_image,0,0,0,0.0,242.71580725528415,307.73
1790693754,30,1,transition,vgg16_image,0,0,0,0.0,446.803738317757,476.781
1790693754,30,1,transition,vit_base_image,0,0,0,0.0,122.60061919504642,126.198
1790693755,31,1,transition,resnet50_image,0,0,0,0.0,242.71580725528415,307.73
1790693755,31,1,transition,vgg16_image,0,0,0,0.0,446.803738317757,476.781
1790693755,31,1,transition,vit_base_image,0,0,0,0.0,122.60061919504642,126.198
1790693756,32,1,transition,resnet50_image,0,0,0,0.0,242.71580725528415,307.73
1790693756,32,1,transition,vgg16_image,0,0,0,0.0,446.803738317757,476.781
1790693756,32,1,transition,vit_base_image,0,0,0,0.0,122.60061919504642,126.198
1790693757,33,1,transition,resnet50_image,0,0,0,0.0,242.71580725528415,307.73
1790693757,33,1,transition,vgg16_image,0,0,0,0.0,446.803738317757,476.781
1790693757,33,1,transition,vit_base_image,0,0,0,0.0,122.60061919504642,126.198
1790693758,34,1,steady,resnet50_image,186,186,182,242.71580725528415,242.71580725528415,307.73
1790693758,34,1,steady,vgg16_image,344,343,319,446.803738317757,446.803738317757,476.781
1790693758,34,1,steady,vit_base_image,95,94,78,122.60061919504642,122.60061919504642,126.198
1790693759,35,1,steady,resnet50_image,243,243,242,242.71580725528415,242.71580725528415,307.73
1790693759,35,1,steady,vgg16_image,447,447,450,446.803738317757,446.803738317757,476.781
1790693759,35,1,steady,vit_base_image,122,123,116,122.60061919504642,122.60061919504642,126.198
1790693760,36,1,steady,resnet50_image,243,242,222,242.71580725528415,242.71580725528415,307.73
1790693760,36,1,steady,vgg16_image,446,447,397,446.803738317757,446.803738317757,476.781
1790693760,36,1,steady,vit_base_image,123,123,120,122.60061919504642,122.60061919504642,126.198
1790693761,37,1,steady,resnet50_image,243,243,264,242.71580725528415,242.71580725528415,307.73
1790693761,37,1,steady,vgg16_image,447,447,464,446.803738317757,446.803738317757,476.781
1790693761,37,1,steady,vit_base_image,123,122,111,122.60061919504642,122.60061919504642,126.198
1790693762,38,1,steady,resnet50_image,242,243,243,242.71580725528415,242.71580725528415,307.73
1790693762,38,1,steady,vgg16_image,447,447,464,446.803738317757,446.803738317757,476.781
1790693762,38,1,steady,vit_base_image,122,123,122,122.60061919504642,122.60061919504642,126.198
1790693763,39,1,steady,resnet50_image,243,243,243,242.71580725528415,242.71580725528415,307.73
1790693763,39,1,steady,vgg16_image,447,447,462,446.803738317757,446.803738317757,476.781
1790693763,39,1,steady,vit_base_image,123,122,122,122.60061919504642,122.60061919504642,126.198
1790693764,40,1,steady,resnet50_image,243,243,241,242.71580725528415,242.71580725528415,307.73
1790693764,40,1,steady,vgg16_image,447,446,442,446.803738317757,446.803738317757,476.781
1790693764,40,1,steady,vit_base_image,122,123,122,122.60061919504642,122.60061919504642,126.198
1790693765,41,1,steady,resnet50_image,243,242,243,242.71580725528415,242.71580725528415,307.73
1790693765,41,1,steady,vgg16_image,446,447,442,446.803738317757,446.803738317757,476.781
1790693765,41,1,steady,vit_base_image,123,123,122,122.60061919504642,122.60061919504642,126.198
1790693766,42,1,steady,resnet50_image,242,243,242,242.71580725528415,242.71580725528415,307.73
1790693766,42,1,steady,vgg16_image,447,447,456,446.803738317757,446.803738317757,476.781
1790693766,42,1,steady,vit_base_image,123,122,126,122.60061919504642,122.60061919504642,126.198
1790693767,43,1,steady,resnet50_image,243,243,239,242.71580725528415,242.71580725528415,307.73
1790693767,43,1,steady,vgg16_image,447,446,435,446.803738317757,446.803738317757,476.781
1790693767,43,1,steady,vit_base_image,122,123,113,122.60061919504642,122.60061919504642,126.198
1790693768,44,1,steady,resnet50_image,243,242,247,242.71580725528415,242.71580725528415,307.73
1790693768,44,1,steady,vgg16_image,447,447,406,446.803738317757,446.803738317757,476.781
1790693768,44,1,steady,vit_base_image,123,123,124,122.60061919504642,122.60061919504642,126.198
1790693769,45,1,steady,resnet50_image,242,243,243,242.71580725528415,242.71580725528415,307.73
1790693769,45,1,steady,vgg16_image,447,447,464,446.803738317757,446.803738317757,476.781
1790693769,45,1,steady,vit_base_image,122,122,117,122.60061919504642,122.60061919504642,126.198
1790693770,46,1,steady,resnet50_image,243,243,244,242.71580725528415,242.71580725528415,307.73
1790693770,46,1,steady,vgg16_image,446,447,464,446.803738317757,446.803738317757,476.781
1790693770,46,1,steady,vit_base_image,123,123,116,122.60061919504642,122.60061919504642,126.198
1790693771,47,1,steady,resnet50_image,243,243,242,242.71580725528415,242.71580725528415,307.73
1790693771,47,1,steady,vgg16_image,447,447,463,446.803738317757,446.803738317757,476.781
1790693771,47,1,steady,vit_base_image,123,122,140,122.60061919504642,122.60061919504642,126.198
1790693772,48,1,steady,resnet50_image,243,242,242,242.71580725528415,242.71580725528415,307.73
1790693772,48,1,steady,vgg16_image,447,446,443,446.803738317757,446.803738317757,476.781
1790693772,48,1,steady,vit_base_image,122,123,114,122.60061919504642,122.60061919504642,126.198
1790693773,49,1,steady,resnet50_image,242,243,242,242.71580725528415,242.71580725528415,307.73
1790693773,49,1,steady,vgg16_image,447,447,448,446.803738317757,446.803738317757,476.781
1790693773,49,1,steady,vit_base_image,123,122,124,122.60061919504642,122.60061919504642,126.198
1790693774,50,1,steady,resnet50_image,243,243,244,242.71580725528415,242.71580725528415,307.73
1790693774,50,1,steady,vgg16_image,447,447,444,446.803738317757,446.803738317757,476.781
1790693774,50,1,steady,vit_base_image,122,123,125,122.60061919504642,122.60061919504642,126.198
1790693775,51,1,steady,resnet50_image,243,242,242,242.71580725528415,242.71580725528415,307.73
1790693775,51,1,steady,vgg16_image,446,447,445,446.803738317757,446.803738317757,476.781
1790693775,51,1,steady,vit_base_image,123,123,135,122.60061919504642,122.60061919504642,126.198
1790693776,52,1,steady,resnet50_image,242,243,242,242.71580725528415,242.71580725528415,307.73
1790693776,52,1,steady,vgg16_image,447,447,445,446.803738317757,446.803738317757,476.781
1790693776,52,1,steady,vit_base_image,123,122,108,122.60061919504642,122.60061919504642,126.198
1790693777,53,1,steady,resnet50_image,243,243,243,242.71580725528415,242.71580725528415,307.73
1790693777,53,1,steady,vgg16_image,447,446,447,446.803738317757,446.803738317757,476.781
1790693777,53,1,steady,vit_base_image,122,123,126,122.60061919504642,122.60061919504642,126.198
1790693778,54,1,steady,resnet50_image,243,242,244,242.71580725528415,242.71580725528415,307.73
1790693778,54,1,steady,vgg16_image,447,446,455,446.803738317757,446.803738317757,476.781
1790693778,54,1,steady,vit_base_image,123,122,123,122.60061919504642,122.60061919504642,126.198
1790693779,55,1,steady,resnet50_image,243,243,242,242.71580725528415,242.71580725528415,307.73
1790693779,55,1,steady,vgg16_image,447,448,449,446.803738317757,446.803738317757,476.781
1790693779,55,1,steady,vit_base_image,122,123,131,122.60061919504642,122.60061919504642,126.198
1790693780,56,1,steady,resnet50_image,242,243,242,242.71580725528415,242.71580725528415,307.73
1790693780,56,1,steady,vgg16_image,446,447,447,446.803738317757,446.803738317757,476.781
1790693780,56,1,steady,vit_base_image,123,123,112,122.60061919504642,122.60061919504642,126.198
1790693781,57,1,steady,resnet50_image,243,243,244,242.71580725528415,242.71580725528415,307.73
1790693781,57,1,steady,vgg16_image,447,446,446,446.803738317757,446.803738317757,476.781
1790693781,57,1,steady,vit_base_image,123,122,135,122.60061919504642,122.60061919504642,126.198
1790693782,58,1,steady,resnet50_image,243,242,243,242.71580725528415,242.71580725528415,307.73
1790693782,58,1,steady,vgg16_image,447,446,447,446.803738317757,446.803738317757,476.781
1790693782,58,1,steady,vit_base_image,122,123,114,122.60061919504642,122.60061919504642,126.198
1790693783,59,1,steady,resnet50_image,242,243,241,242.71580725528415,242.71580725528415,307.73
1790693783,59,1,steady,vgg16_image,447,448,448,446.803738317757,446.803738317757,476.781
1790693783,59,1,steady,vit_base_image,123,123,128,122.60061919504642,122.60061919504642,126.198
1790693784,60,1,steady,resnet50_image,243,243,244,242.71580725528415,242.71580725528415,307.73
1790693784,60,1,steady,vgg16_image,447,447,446,446.803738317757,446.803738317757,476.781
1790693784,60,1,steady,vit_base_image,122,122,121,122.60061919504642,122.60061919504642,126.198
1790693785,61,1,steady,resnet50_image,243,242,244,242.71580725528415,242.71580725528415,307.73
1790693785,61,1,steady,vgg16_image,446,447,446,446.803738317757,446.803738317757,476.781
1790693785,61,1,steady,vit_base_image,123,123,117,122.60061919504642,122.60061919504642,126.198
1790693786,62,1,steady,resnet50_image,243,243,241,242.71580725528415,242.71580725528415,307.73
1790693786,62,1,steady,vgg16_image,447,447,448,446.803738317757,446.803738317757,476.781
1790693786,62,1,steady,vit_base_image,123,122,120,122.60061919504642,122.60061919504642,126.198
1790693787,63,1,steady,resnet50_image,242,243,241,242.71580725528415,242.71580725528415,307.73
1790693787,63,1,steady,vgg16_image,447,447,447,446.803738317757,446.803738317757,476.781
1790693787,63,1,steady,vit_base_image,122,123,124,122.60061919504642,122.60061919504642,126.198
1790693788,64,,,resnet50_image,243,242,244,,,307.73
1790693788,64,,,vgg16_image,447,446,447,,,476.781
1790693788,64,,,vit_base_image,123,122,127,,,126.198
1790693789,65,,,resnet50_image,243,243,243,,,307.73
1790693789,65,,,vgg16_image,447,447,447,,,476.781
1790693789,65,,,vit_base_image,122,123,125,,,126.198
1790693790,66,,,resnet50_image,242,243,244,,,307.73
1790693790,66,,,vgg16_image,446,446,447,,,476.781
1790693790,66,,,vit_base_image,123,123,116,,,126.198
1790693791,67,,,resnet50_image,243,243,243,,,307.73
1790693791,67,,,vgg16_image,447,448,445,,,476.781
1790693791,67,,,vit_base_image,123,122,121,,,126.198
1790693792,68,,,resnet50_image,243,242,241,,,307.73
1790693792,68,,,vgg16_image,447,447,409,,,476.781
1790693792,68,,,vit_base_image,122,123,121,,,126.198
1790693793,69,,,resnet50_image,243,243,241,,,307.73
1790693793,69,,,vgg16_image,447,446,464,,,476.781
1790693793,69,,,vit_base_image,123,123,137,,,126.198
1790693794,70,,,resnet50_image,242,242,244,,,307.73
1790693794,70,,,vgg16_image,447,447,457,,,476.781
1790693794,70,,,vit_base_image,122,122,108,,,126.198
1790693795,71,2,transition,resnet50_image,227,228,229,214.84735642686016,214.84735642686016,307.73
1790693795,71,2,transition,vgg16_image,446,446,455,446.803738317757,478.026168224299,476.781
1790693795,71,2,transition,vit_base_image,123,123,137,122.60061919504642,122.60061919504642,126.198
1790693796,72,2,transition,resnet50_image,215,214,215,214.84735642686016,214.84735642686016,307.73
1790693796,72,2,transition,vgg16_image,447,447,448,446.803738317757,478.026168224299,476.781
1790693796,72,2,transition,vit_base_image,123,123,110,122.60061919504642,122.60061919504642,126.198
1790693797,73,2,transition,resnet50_image,215,215,214,214.84735642686016,214.84735642686016,307.73
1790693797,73,2,transition,vgg16_image,447,447,448,446.803738317757,478.026168224299,476.781
1790693797,73,2,transition,vit_base_image,123,123,114,122.60061919504642,122.60061919504642,126.198
1790693798,74,2,transition,resnet50_image,215,215,215,214.84735642686016,214.84735642686016,307.73
1790693798,74,2,transition,vgg16_image,446,446,448,446.803738317757,478.026168224299,476.781
1790693798,74,2,transition,vit_base_image,122,122,144,122.60061919504642,122.60061919504642,126.198
1790693799,75,2,transition,resnet50_image,214,215,214,214.84735642686016,214.84735642686016,307.73
1790693799,75,2,transition,vgg16_image,447,447,368,446.803738317757,478.026168224299,476.781
1790693799,75,2,transition,vit_base_image,123,123,113,122.60061919504642,122.60061919504642,126.198
1790693800,76,2,transition,resnet50_image,215,215,217,214.84735642686016,214.84735642686016,307.73
1790693800,76,2,transition,vgg16_image,447,447,464,446.803738317757,478.026168224299,476.781
1790693800,76,2,transition,vit_base_image,122,122,113,122.60061919504642,122.60061919504642,126.198
1790693801,77,2,transition,resnet50_image,215,215,215,214.84735642686016,214.84735642686016,307.73
1790693801,77,2,transition,vgg16_image,447,447,464,446.803738317757,478.026168224299,476.781
1790693801,77,2,transition,vit_base_image,123,123,140,122.60061919504642,122.60061919504642,126.198
1790693802,78,2,transition,resnet50_image,215,215,214,214.84735642686016,214.84735642686016,307.73
1790693802,78,2,transition,vgg16_image,447,447,464,446.803738317757,478.026168224299,476.781
1790693802,78,2,transition,vit_base_image,123,122,112,122.60061919504642,122.60061919504642,126.198
1790693803,79,2,transition,resnet50_image,215,214,211,214.84735642686016,214.84735642686016,307.73
1790693803,79,2,transition,vgg16_image,446,447,463,446.803738317757,478.026168224299,476.781
1790693803,79,2,transition,vit_base_image,122,123,113,122.60061919504642,122.60061919504642,126.198
1790693804,80,2,transition,resnet50_image,215,215,218,214.84735642686016,214.84735642686016,307.73
1790693804,80,2,transition,vgg16_image,447,446,449,446.803738317757,478.026168224299,476.781
1790693804,80,2,transition,vit_base_image,123,123,135,122.60061919504642,122.60061919504642,126.198
1790693805,81,2,transition,resnet50_image,214,215,216,214.84735642686016,214.84735642686016,307.73
1790693805,81,2,transition,vgg16_image,447,448,419,446.803738317757,478.026168224299,494.421
1790693805,81,2,transition,vit_base_image,122,122,124,122.60061919504642,122.60061919504642,126.198
1790693806,82,2,transition,resnet50_image,215,215,215,214.84735642686016,214.84735642686016,307.73
1790693806,82,2,transition,vgg16_image,447,447,458,446.803738317757,478.026168224299,494.421
1790693806,82,2,transition,vit_base_image,123,123,119,122.60061919504642,122.60061919504642,126.198
1790693807,83,2,transition,resnet50_image,215,215,211,214.84735642686016,214.84735642686016,307.73
1790693807,83,2,transition,vgg16_image,447,446,441,446.803738317757,478.026168224299,494.421
1790693807,83,2,transition,vit_base_image,123,123,134,122.60061919504642,122.60061919504642,126.198
1790693808,84,2,transition,resnet50_image,214,214,218,214.84735642686016,214.84735642686016,307.73
1790693808,84,2,transition,vgg16_image,457,458,441,446.803738317757,478.026168224299,494.421
1790693808,84,2,transition,vit_base_image,123,123,107,122.60061919504642,122.60061919504642,126.198
1790693809,85,2,steady,resnet50_image,215,214,193,214.84735642686016,214.84735642686016,307.73
1790693809,85,2,steady,vgg16_image,478,477,338,478.026168224299,478.026168224299,494.421
1790693809,85,2,steady,vit_base_image,122,122,119,122.60061919504642,122.60061919504642,126.198
1790693810,86,2,steady,resnet50_image,215,215,232,214.84735642686016,214.84735642686016,307.73
1790693810,86,2,steady,vgg16_image,478,479,462,478.026168224299,478.026168224299,494.421
1790693810,86,2,steady,vit_base_image,123,123,130,122.60061919504642,122.60061919504642,126.198
1790693811,87,2,steady,resnet50_image,215,216,219,214.84735642686016,214.84735642686016,307.73
1790693811,87,2,steady,vgg16_image,478,464,472,478.026168224299,478.026168224299,494.421
1790693811,87,2,steady,vit_base_image,122,122,119,122.60061919504642,122.60061919504642,126.198
1790693812,88,2,steady,resnet50_image,215,214,213,214.84735642686016,214.84735642686016,307.73
1790693812,88,2,steady,vgg16_image,478,474,456,478.026168224299,478.026168224299,494.421
1790693812,88,2,steady,vit_base_image,123,123,129,122.60061919504642,122.60061919504642,126.198
1790693813,89,2,steady,resnet50_image,215,215,217,214.84735642686016,214.84735642686016,307.73
1790693813,89,2,steady,vgg16_image,478,477,480,478.026168224299,478.026168224299,494.421
1790693813,89,2,steady,vit_base_image,123,123,127,122.60061919504642,122.60061919504642,126.198
1790693814,90,2,steady,resnet50_image,214,215,214,214.84735642686016,214.84735642686016,307.73
1790693814,90,2,steady,vgg16_image,478,476,480,478.026168224299,478.026168224299,494.421
1790693814,90,2,steady,vit_base_image,122,122,121,122.60061919504642,122.60061919504642,126.198
1790693815,91,2,steady,resnet50_image,215,215,211,214.84735642686016,214.84735642686016,307.73
1790693815,91,2,steady,vgg16_image,478,471,480,478.026168224299,478.026168224299,494.421
1790693815,91,2,steady,vit_base_image,123,122,122,122.60061919504642,122.60061919504642,126.198
1790693816,92,2,steady,resnet50_image,215,205,185,214.84735642686016,214.84735642686016,307.73
1790693816,92,2,steady,vgg16_image,478,442,416,478.026168224299,478.026168224299,494.421
1790693816,92,2,steady,vit_base_image,122,118,110,122.60061919504642,122.60061919504642,126.198
1790693817,93,2,steady,resnet50_image,215,225,248,214.84735642686016,214.84735642686016,307.73
1790693817,93,2,steady,vgg16_image,478,452,448,478.026168224299,478.026168224299,494.421
1790693817,93,2,steady,vit_base_image,123,128,123,122.60061919504642,122.60061919504642,126.198
1790693818,94,2,steady,resnet50_image,215,214,215,214.84735642686016,214.84735642686016,307.73
1790693818,94,2,steady,vgg16_image,478,477,482,478.026168224299,478.026168224299,494.421
1790693818,94,2,steady,vit_base_image,123,122,129,122.60061919504642,122.60061919504642,126.198
1790693819,95,2,steady,resnet50_image,215,216,215,214.84735642686016,214.84735642686016,307.73
1790693819,95,2,steady,vgg16_image,478,475,510,478.026168224299,478.026168224299,494.421
1790693819,95,2,steady,vit_base_image,122,123,131,122.60061919504642,122.60061919504642,126.198
1790693820,96,2,steady,resnet50_image,214,214,215,214.84735642686016,214.84735642686016,307.73
1790693820,96,2,steady,vgg16_image,479,478,480,478.026168224299,478.026168224299,494.421
1790693820,96,2,steady,vit_base_image,123,123,115,122.60061919504642,122.60061919504642,126.198
1790693821,97,2,steady,resnet50_image,215,215,213,214.84735642686016,214.84735642686016,307.73
1790693821,97,2,steady,vgg16_image,478,478,480,478.026168224299,478.026168224299,494.421
1790693821,97,2,steady,vit_base_image,122,122,114,122.60061919504642,122.60061919504642,126.198
1790693822,98,2,steady,resnet50_image,215,215,216,214.84735642686016,214.84735642686016,307.73
1790693822,98,2,steady,vgg16_image,478,478,480,478.026168224299,478.026168224299,494.421
1790693822,98,2,steady,vit_base_image,123,123,140,122.60061919504642,122.60061919504642,126.198
1790693823,99,2,steady,resnet50_image,215,215,216,214.84735642686016,214.84735642686016,307.73
1790693823,99,2,steady,vgg16_image,478,478,480,478.026168224299,478.026168224299,494.421
1790693823,99,2,steady,vit_base_image,123,122,109,122.60061919504642,122.60061919504642,126.198
1790693824,100,2,steady,resnet50_image,215,215,215,214.84735642686016,214.84735642686016,307.73
1790693824,100,2,steady,vgg16_image,478,478,480,478.026168224299,478.026168224299,494.421
1790693824,100,2,steady,vit_base_image,122,123,133,122.60061919504642,122.60061919504642,126.198
1790693825,101,2,steady,resnet50_image,215,215,214,214.84735642686016,214.84735642686016,307.73
1790693825,101,2,steady,vgg16_image,478,478,512,478.026168224299,478.026168224299,494.421
1790693825,101,2,steady,vit_base_image,123,123,117,122.60061919504642,122.60061919504642,126.198
1790693826,102,2,steady,resnet50_image,215,214,215,214.84735642686016,214.84735642686016,307.73
1790693826,102,2,steady,vgg16_image,478,478,480,478.026168224299,478.026168224299,494.421
1790693826,102,2,steady,vit_base_image,122,122,129,122.60061919504642,122.60061919504642,126.198
1790693827,103,2,steady,resnet50_image,214,215,216,214.84735642686016,214.84735642686016,307.73
1790693827,103,2,steady,vgg16_image,478,478,480,478.026168224299,478.026168224299,494.421
1790693827,103,2,steady,vit_base_image,123,123,120,122.60061919504642,122.60061919504642,126.198
1790693828,104,2,steady,resnet50_image,215,215,215,214.84735642686016,214.84735642686016,307.73
1790693828,104,2,steady,vgg16_image,478,478,480,478.026168224299,478.026168224299,494.421
1790693828,104,2,steady,vit_base_image,123,122,123,122.60061919504642,122.60061919504642,126.198
1790693829,105,2,steady,resnet50_image,215,215,214,214.84735642686016,214.84735642686016,307.73
1790693829,105,2,steady,vgg16_image,478,479,480,478.026168224299,478.026168224299,494.421
1790693829,105,2,steady,vit_base_image,122,123,120,122.60061919504642,122.60061919504642,126.198
1790693830,106,2,steady,resnet50_image,215,215,215,214.84735642686016,214.84735642686016,307.73
1790693830,106,2,steady,vgg16_image,478,477,482,478.026168224299,478.026168224299,494.421
1790693830,106,2,steady,vit_base_image,123,123,132,122.60061919504642,122.60061919504642,126.198
1790693831,107,2,steady,resnet50_image,215,214,213,214.84735642686016,214.84735642686016,307.73
1790693831,107,2,steady,vgg16_image,478,479,509,478.026168224299,478.026168224299,494.421
1790693831,107,2,steady,vit_base_image,122,122,120,122.60061919504642,122.60061919504642,126.198
1790693832,108,2,steady,resnet50_image,215,215,214,214.84735642686016,214.84735642686016,307.73
1790693832,108,2,steady,vgg16_image,478,477,481,478.026168224299,478.026168224299,494.421
1790693832,108,2,steady,vit_base_image,123,123,120,122.60061919504642,122.60061919504642,126.198
1790693833,109,2,steady,resnet50_image,215,207,188,214.84735642686016,214.84735642686016,307.73
1790693833,109,2,steady,vgg16_image,478,459,416,478.026168224299,478.026168224299,494.421
1790693833,109,2,steady,vit_base_image,123,118,116,122.60061919504642,122.60061919504642,126.198
1790693834,110,2,steady,resnet50_image,214,223,245,214.84735642686016,214.84735642686016,307.73
1790693834,110,2,steady,vgg16_image,478,439,384,478.026168224299,478.026168224299,494.421
1790693834,110,2,steady,vit_base_image,122,127,129,122.60061919504642,122.60061919504642,126.198
1790693835,111,2,steady,resnet50_image,215,215,214,214.84735642686016,214.84735642686016,307.73
1790693835,111,2,steady,vgg16_image,478,477,480,478.026168224299,478.026168224299,494.421
1790693835,111,2,steady,vit_base_image,123,123,122,122.60061919504642,122.60061919504642,126.198
1790693836,112,2,steady,resnet50_image,215,215,214,214.84735642686016,214.84735642686016,307.73
1790693836,112,2,steady,vgg16_image,478,478,480,478.026168224299,478.026168224299,494.421
1790693836,112,2,steady,vit_base_image,122,122,118,122.60061919504642,122.60061919504642,126.198
1790693837,113,2,steady,resnet50_image,215,214,213,214.84735642686016,214.84735642686016,307.73
1790693837,113,2,steady,vgg16_image,478,477,496,478.026168224299,478.026168224299,494.421
1790693837,113,2,steady,vit_base_image,123,123,117,122.60061919504642,122.60061919504642,126.198
1790693838,114,2,steady,resnet50_image,215,215,216,214.84735642686016,214.84735642686016,307.73
1790693838,114,2,steady,vgg16_image,478,479,496,478.026168224299,478.026168224299,494.421
1790693838,114,2,steady,vit_base_image,123,122,138,122.60061919504642,122.60061919504642,126.198
1790693839,115,,,resnet50_image,215,215,216,,,307.73
1790693839,115,,,vgg16_image,478,479,480,,,494.421
1790693839,115,,,vit_base_image,122,123,117,,,126.198
1790693840,116,,,resnet50_image,214,215,212,,,307.73
1790693840,116,,,vgg16_image,478,478,480,,,494.421
1790693840,116,,,vit_base_image,123,123,123,,,126.198
1790693841,117,,,resnet50_image,215,215,219,,,307.73
1790693841,117,,,vgg16_image,478,477,480,,,494.421
1790693841,117,,,vit_base_image,122,122,118,,,126.198
1790693842,118,,,resnet50_image,215,215,215,,,307.73
1790693842,118,,,vgg16_image,478,479,480,,,494.421
1790693842,118,,,vit_base_image,123,123,131,,,126.198
1790693843,119,,,resnet50_image,215,215,213,,,307.73
1790693843,119,,,vgg16_image,478,466,384,,,494.421
1790693843,119,,,vit_base_image,123,122,118,,,126.198
1790693844,120,,,resnet50_image,215,201,183,,,307.73
1790693844,120,,,vgg16_image,478,442,448,,,494.421
1790693844,120,,,vit_base_image,122,118,115,,,126.198
1790693845,121,,,resnet50_image,215,228,247,,,307.73
1790693845,121,,,vgg16_image,478,434,480,,,494.421
1790693845,121,,,vit_base_image,123,128,113,,,126.198
1790693846,122,,,resnet50_image,214,214,212,,,307.73
1790693846,122,,,vgg16_image,477,476,480,,,494.421
1790693846,122,,,vit_base_image,123,123,148,,,126.198
1790693847,123,3,transition,resnet50_image,214,215,217,214.69028786341497,214.69028786341497,307.73
1790693847,123,3,transition,vgg16_image,478,478,480,478.026168224299,507.4542056074765,494.421
1790693847,123,3,transition,vit_base_image,122,122,117,122.60061919504642,122.60061919504642,126.198
1790693848,124,3,transition,resnet50_image,215,214,213,214.69028786341497,214.69028786341497,307.73
1790693848,124,3,transition,vgg16_image,478,478,480,478.026168224299,507.4542056074765,494.421
1790693848,124,3,transition,vit_base_image,123,123,114,122.60061919504642,122.60061919504642,126.198
1790693849,125,3,transition,resnet50_image,215,215,216,214.69028786341497,214.69028786341497,307.73
1790693849,125,3,transition,vgg16_image,478,478,480,478.026168224299,507.4542056074765,494.421
1790693849,125,3,transition,vit_base_image,123,123,126,122.60061919504642,122.60061919504642,126.198
1790693850,126,3,transition,resnet50_image,214,215,213,214.69028786341497,214.69028786341497,307.73
1790693850,126,3,transition,vgg16_image,478,478,480,478.026168224299,507.4542056074765,494.421
1790693850,126,3,transition,vit_base_image,122,122,126,122.60061919504642,122.60061919504642,126.198
1790693851,127,3,transition,resnet50_image,215,215,215,214.69028786341497,214.69028786341497,307.73
1790693851,127,3,transition,vgg16_image,478,478,480,478.026168224299,507.4542056074765,494.421
1790693851,127,3,transition,vit_base_image,123,123,112,122.60061919504642,122.60061919504642,126.198
1790693852,128,3,transition,resnet50_image,215,214,214,214.69028786341497,214.69028786341497,307.73
1790693852,128,3,transition,vgg16_image,478,479,480,478.026168224299,507.4542056074765,494.421
1790693852,128,3,transition,vit_base_image,122,122,136,122.60061919504642,122.60061919504642,126.198
1790693853,129,3,transition,resnet50_image,214,215,214,214.69028786341497,214.69028786341497,307.73
1790693853,129,3,transition,vgg16_image,478,477,480,478.026168224299,507.4542056074765,494.421
1790693853,129,3,transition,vit_base_image,123,123,108,122.60061919504642,122.60061919504642,126.198
1790693854,130,3,transition,resnet50_image,215,214,216,214.69028786341497,214.69028786341497,307.73
1790693854,130,3,transition,vgg16_image,478,476,487,478.026168224299,507.4542056074765,494.421
1790693854,130,3,transition,vit_base_image,123,122,136,122.60061919504642,122.60061919504642,126.198
1790693855,131,3,transition,resnet50_image,215,215,215,214.69028786341497,214.69028786341497,307.73
1790693855,131,3,transition,vgg16_image,478,480,450,478.026168224299,507.4542056074765,494.421
1790693855,131,3,transition,vit_base_image,122,123,125,122.60061919504642,122.60061919504642,126.198
1790693856,132,3,transition,resnet50_image,214,215,214,214.69028786341497,214.69028786341497,307.73
1790693856,132,3,transition,vgg16_image,478,477,475,478.026168224299,507.4542056074765,494.421
1790693856,132,3,transition,vit_base_image,123,122,117,122.60061919504642,122.60061919504642,126.198
1790693857,133,3,transition,resnet50_image,215,215,217,214.69028786341497,214.69028786341497,307.73
1790693857,133,3,transition,vgg16_image,478,406,352,478.026168224299,507.4542056074765,368.48
1790693857,133,3,transition,vit_base_image,122,123,118,122.60061919504642,122.60061919504642,126.198
1790693858,134,3,transition,resnet50_image,215,214,214,214.69028786341497,214.69028786341497,307.73
1790693858,134,3,transition,vgg16_image,478,356,359,478.026168224299,507.4542056074765,368.48
1790693858,134,3,transition,vit_base_image,123,123,131,122.60061919504642,122.60061919504642,126.198
1790693859,135,3,transition,resnet50_image,215,215,187,214.69028786341497,214.69028786341497,307.73
1790693859,135,3,transition,vgg16_image,478,308,305,478.026168224299,507.4542056074765,368.48
1790693859,135,3,transition,vit_base_image,123,122,116,122.60061919504642,122.60061919504642,126.198
1790693860,136,3,transition,resnet50_image,214,215,241,214.69028786341497,214.69028786341497,307.73
1790693860,136,3,transition,vgg16_image,478,355,360,478.026168224299,507.4542056074765,368.48
1790693860,136,3,transition,vit_base_image,122,123,120,122.60061919504642,122.60061919504642,126.198
1790693861,137,3,transition,resnet50_image,215,215,214,214.69028786341497,214.69028786341497,307.73
1790693861,137,3,transition,vgg16_image,478,357,352,478.026168224299,507.4542056074765,368.48
1790693861,137,3,transition,vit_base_image,123,123,136,122.60061919504642,122.60061919504642,126.198
1790693862,138,3,transition,resnet50_image,215,214,217,214.69028786341497,214.69028786341497,307.73
1790693862,138,3,transition,vgg16_image,478,356,360,478.026168224299,507.4542056074765,368.48
1790693862,138,3,transition,vit_base_image,122,122,115,122.60061919504642,122.60061919504642,126.198
1790693863,139,3,transition,resnet50_image,214,215,215,214.69028786341497,214.69028786341497,307.73
1790693863,139,3,transition,vgg16_image,478,356,352,478.026168224299,507.4542056074765,368.48
1790693863,139,3,transition,vit_base_image,123,123,113,122.60061919504642,122.60061919504642,126.198
1790693864,140,3,transition,resnet50_image,215,214,216,214.69028786341497,214.69028786341497,307.73
1790693864,140,3,transition,vgg16_image,478,358,360,478.026168224299,507.4542056074765,368.48
1790693864,140,3,transition,vit_base_image,123,123,141,122.60061919504642,122.60061919504642,126.198
1790693865,141,3,transition,resnet50_image,215,216,213,214.69028786341497,214.69028786341497,307.73
1790693865,141,3,transition,vgg16_image,478,357,356,478.026168224299,507.4542056074765,368.48
1790693865,141,3,transition,vit_base_image,122,122,112,122.60061919504642,122.60061919504642,126.198
1790693866,142,3,transition,resnet50_image,214,214,215,214.69028786341497,214.69028786341497,307.73
1790693866,142,3,transition,vgg16_image,478,355,356,478.026168224299,507.4542056074765,368.48
1790693866,142,3,transition,vit_base_image,123,123,135,122.60061919504642,122.60061919504642,126.198
1790693867,143,3,transition,resnet50_image,215,215,213,214.69028786341497,214.69028786341497,307.73
1790693867,143,3,transition,vgg16_image,478,356,356,478.026168224299,507.4542056074765,368.48
1790693867,143,3,transition,vit_base_image,122,122,111,122.60061919504642,122.60061919504642,126.198
1790693868,144,3,transition,resnet50_image,215,214,217,214.69028786341497,214.69028786341497,307.73
1790693868,144,3,transition,vgg16_image,478,375,391,478.026168224299,507.4542056074765,368.48
1790693868,144,3,transition,vit_base_image,123,123,136,122.60061919504642,122.60061919504642,126.198
1790693869,145,3,transition,resnet50_image,214,215,214,214.69028786341497,214.69028786341497,307.73
1790693869,145,3,transition,vgg16_image,478,477,573,478.026168224299,507.4542056074765,607.52
1790693869,145,3,transition,vit_base_image,123,122,105,122.60061919504642,122.60061919504642,126.198
1790693870,146,3,transition,resnet50_image,215,215,214,214.69028786341497,214.69028786341497,307.73
1790693870,146,3,transition,vgg16_image,478,479,576,478.026168224299,507.4542056074765,607.52
1790693870,146,3,transition,vit_base_image,122,123,132,122.60061919504642,122.60061919504642,126.198
1790693871,147,3,steady,resnet50_image,214,214,214,214.69028786341497,214.69028786341497,307.73
1790693871,147,3,steady,vgg16_image,503,501,418,507.4542056074765,507.4542056074765,607.52
1790693871,147,3,steady,vit_base_image,122,122,124,122.60061919504642,122.60061919504642,126.198
1790693872,148,3,steady,resnet50_image,214,214,216,214.69028786341497,214.69028786341497,307.73
1790693872,148,3,steady,vgg16_image,507,509,573,507.4542056074765,507.4542056074765,607.52
1790693872,148,3,steady,vit_base_image,123,123,111,122.60061919504642,122.60061919504642,126.198
1790693873,149,3,steady,resnet50_image,215,215,214,214.69028786341497,214.69028786341497,307.73
1790693873,149,3,steady,vgg16_image,507,507,556,507.4542056074765,507.4542056074765,607.52
1790693873,149,3,steady,vit_base_image,122,122,137,122.60061919504642,122.60061919504642,126.198
1790693874,150,3,steady,resnet50_image,215,214,215,214.69028786341497,214.69028786341497,307.73
1790693874,150,3,steady,vgg16_image,508,507,504,507.4542056074765,507.4542056074765,607.52
1790693874,150,3,steady,vit_base_image,123,123,106,122.60061919504642,122.60061919504642,126.198
1790693875,151,3,steady,resnet50_image,214,215,213,214.69028786341497,214.69028786341497,307.73
1790693875,151,3,steady,vgg16_image,507,507,496,507.4542056074765,507.4542056074765,607.52
1790693875,151,3,steady,vit_base_image,123,122,127,122.60061919504642,122.60061919504642,126.198
1790693876,152,3,steady,resnet50_image,215,215,217,214.69028786341497,214.69028786341497,307.73
1790693876,152,3,steady,vgg16_image,508,508,521,507.4542056074765,507.4542056074765,607.52
1790693876,152,3,steady,vit_base_image,122,123,129,122.60061919504642,122.60061919504642,126.198
1790693877,153,3,steady,resnet50_image,215,215,209,214.69028786341497,214.69028786341497,307.73
1790693877,153,3,steady,vgg16_image,507,507,478,507.4542056074765,507.4542056074765,607.52
1790693877,153,3,steady,vit_base_image,123,123,121,122.60061919504642,122.60061919504642,126.198
1790693878,154,3,steady,resnet50_image,215,214,219,214.69028786341497,214.69028786341497,307.73
1790693878,154,3,steady,vgg16_image,508,508,417,507.4542056074765,507.4542056074765,607.52
1790693878,154,3,steady,vit_base_image,122,122,121,122.60061919504642,122.60061919504642,126.198
1790693879,155,3,steady,resnet50_image,214,215,216,214.69028786341497,214.69028786341497,307.73
1790693879,155,3,steady,vgg16_image,507,507,550,507.4542056074765,507.4542056074765,607.52
1790693879,155,3,steady,vit_base_image,123,123,111,122.60061919504642,122.60061919504642,126.198
1790693880,156,3,steady,resnet50_image,215,215,214,214.69028786341497,214.69028786341497,307.73
1790693880,156,3,steady,vgg16_image,508,508,541,507.4542056074765,507.4542056074765,607.52
1790693880,156,3,steady,vit_base_image,123,122,139,122.60061919504642,122.60061919504642,126.198
1790693881,157,3,steady,resnet50_image,215,214,214,214.69028786341497,214.69028786341497,307.73
1790693881,157,3,steady,vgg16_image,507,507,534,507.4542056074765,507.4542056074765,607.52
1790693881,157,3,steady,vit_base_image,122,123,112,122.60061919504642,122.60061919504642,126.198
1790693882,158,3,steady,resnet50_image,214,215,216,214.69028786341497,214.69028786341497,307.73
1790693882,158,3,steady,vgg16_image,508,508,524,507.4542056074765,507.4542056074765,607.52
1790693882,158,3,steady,vit_base_image,123,123,126,122.60061919504642,122.60061919504642,126.198
1790693883,159,3,steady,resnet50_image,215,215,213,214.69028786341497,214.69028786341497,307.73
1790693883,159,3,steady,vgg16_image,507,508,510,507.4542056074765,507.4542056074765,607.52
1790693883,159,3,steady,vit_base_image,122,122,126,122.60061919504642,122.60061919504642,126.198
1790693884,160,3,steady,resnet50_image,215,215,216,214.69028786341497,214.69028786341497,307.73
1790693884,160,3,steady,vgg16_image,507,507,506,507.4542056074765,507.4542056074765,607.52
1790693884,160,3,steady,vit_base_image,123,123,115,122.60061919504642,122.60061919504642,126.198
1790693885,161,3,steady,resnet50_image,214,214,212,214.69028786341497,214.69028786341497,307.73
1790693885,161,3,steady,vgg16_image,508,507,489,507.4542056074765,507.4542056074765,607.52
1790693885,161,3,steady,vit_base_image,123,122,115,122.60061919504642,122.60061919504642,126.198
1790693886,162,3,steady,resnet50_image,215,215,218,214.69028786341497,214.69028786341497,307.73
1790693886,162,3,steady,vgg16_image,507,508,516,507.4542056074765,507.4542056074765,607.52
1790693886,162,3,steady,vit_base_image,122,123,143,122.60061919504642,122.60061919504642,126.198
1790693887,163,3,steady,resnet50_image,215,214,214,214.69028786341497,214.69028786341497,307.73
1790693887,163,3,steady,vgg16_image,508,507,521,507.4542056074765,507.4542056074765,607.52
1790693887,163,3,steady,vit_base_image,123,123,112,122.60061919504642,122.60061919504642,126.198
1790693888,164,3,steady,resnet50_image,214,215,214,214.69028786341497,214.69028786341497,307.73
1790693888,164,3,steady,vgg16_image,507,508,506,507.4542056074765,507.4542056074765,607.52
1790693888,164,3,steady,vit_base_image,122,122,125,122.60061919504642,122.60061919504642,126.198
1790693889,165,3,steady,resnet50_image,215,215,215,214.69028786341497,214.69028786341497,307.73
1790693889,165,3,steady,vgg16_image,508,507,506,507.4542056074765,507.4542056074765,607.52
1790693889,165,3,steady,vit_base_image,123,123,127,122.60061919504642,122.60061919504642,126.198
1790693890,166,3,steady,resnet50_image,215,214,216,214.69028786341497,214.69028786341497,307.73
1790693890,166,3,steady,vgg16_image,507,507,410,507.4542056074765,507.4542056074765,607.52
1790693890,166,3,steady,vit_base_image,123,122,119,122.60061919504642,122.60061919504642,126.198
1790693891,167,3,steady,resnet50_image,215,215,214,214.69028786341497,214.69028786341497,307.73
1790693891,167,3,steady,vgg16_image,508,508,563,507.4542056074765,507.4542056074765,607.52
1790693891,167,3,steady,vit_base_image,122,123,126,122.60061919504642,122.60061919504642,126.198
1790693892,168,3,steady,resnet50_image,214,215,214,214.69028786341497,214.69028786341497,307.73
1790693892,168,3,steady,vgg16_image,507,507,545,507.4542056074765,507.4542056074765,607.52
1790693892,168,3,steady,vit_base_image,123,123,113,122.60061919504642,122.60061919504642,126.198
1790693893,169,3,steady,resnet50_image,215,214,215,214.69028786341497,214.69028786341497,307.73
1790693893,169,3,steady,vgg16_image,508,507,511,507.4542056074765,507.4542056074765,607.52
1790693893,169,3,steady,vit_base_image,122,122,125,122.60061919504642,122.60061919504642,126.198
1790693894,170,3,steady,resnet50_image,215,215,214,214.69028786341497,214.69028786341497,307.73
1790693894,170,3,steady,vgg16_image,507,508,509,507.4542056074765,507.4542056074765,607.52
1790693894,170,3,steady,vit_base_image,123,123,126,122.60061919504642,122.60061919504642,126.198
1790693895,171,3,steady,resnet50_image,214,215,216,214.69028786341497,214.69028786341497,307.73
1790693895,171,3,steady,vgg16_image,507,508,507,507.4542056074765,507.4542056074765,607.52
1790693895,171,3,steady,vit_base_image,123,122,127,122.60061919504642,122.60061919504642,126.198
1790693896,172,3,steady,resnet50_image,215,215,215,214.69028786341497,214.69028786341497,307.73
1790693896,172,3,steady,vgg16_image,508,507,510,507.4542056074765,507.4542056074765,607.52
1790693896,172,3,steady,vit_base_image,122,123,118,122.60061919504642,122.60061919504642,126.198
1790693897,173,3,steady,resnet50_image,215,214,213,214.69028786341497,214.69028786341497,307.73
1790693897,173,3,steady,vgg16_image,507,508,507,507.4542056074765,507.4542056074765,607.52
1790693897,173,3,steady,vit_base_image,123,123,122,122.60061919504642,122.60061919504642,126.198
1790693898,174,3,steady,resnet50_image,214,215,216,214.69028786341497,214.69028786341497,307.73
1790693898,174,3,steady,vgg16_image,508,507,504,507.4542056074765,507.4542056074765,607.52
1790693898,174,3,steady,vit_base_image,122,122,123,122.60061919504642,122.60061919504642,126.198
1790693899,175,3,steady,resnet50_image,215,215,215,214.69028786341497,214.69028786341497,307.73
1790693899,175,3,steady,vgg16_image,507,508,512,507.4542056074765,507.4542056074765,607.52
1790693899,175,3,steady,vit_base_image,123,123,111,122.60061919504642,122.60061919504642,126.198
1790693900,176,3,steady,resnet50_image,215,214,214,214.69028786341497,214.69028786341497,307.73
1790693900,176,3,steady,vgg16_image,508,507,502,507.4542056074765,507.4542056074765,607.52
1790693900,176,3,steady,vit_base_image,123,122,146,122.60061919504642,122.60061919504642,126.198
1790693901,177,,,resnet50_image,214,215,214,,,307.73
1790693901,177,,,vgg16_image,507,508,509,,,607.52
1790693901,177,,,vit_base_image,122,123,114,,,126.198
1790693902,178,,,resnet50_image,215,215,215,,,307.73
1790693902,178,,,vgg16_image,508,507,510,,,607.52
1790693902,178,,,vit_base_image,123,123,114,,,126.198
1790693903,179,,,resnet50_image,215,214,213,,,307.73
1790693903,179,,,vgg16_image,507,508,506,,,607.52
1790693903,179,,,vit_base_image,122,122,140,,,126.198
1790693904,180,,,resnet50_image,215,215,217,,,307.73
1790693904,180,,,vgg16_image,508,506,510,,,607.52
1790693904,180,,,vit_base_image,123,123,113,,,126.198
1790693905,181,,,resnet50_image,214,215,214,,,307.73
1790693905,181,,,vgg16_image,507,509,509,,,607.52
1790693905,181,,,vit_base_image,123,123,112,,,126.198
1790693906,182,,,resnet50_image,215,215,213,,,307.73
1790693906,182,,,vgg16_image,507,507,501,,,607.52
1790693906,182,,,vit_base_image,122,122,142,,,126.198
1790693907,183,,,resnet50_image,215,214,216,,,307.73
1790693907,183,,,vgg16_image,508,507,509,,,607.52
1790693907,183,,,vit_base_image,123,123,113,,,126.198
1790693908,184,,,resnet50_image,212,213,202,,,307.73
1790693908,184,,,vgg16_image,505,506,378,,,607.52
1790693908,184,,,vit_base_image,123,123,105,,,126.198
1790693909,185,4,transition,resnet50_image,166,165,178,165.43807404023391,165.43807404023391,307.73
1790693909,185,4,transition,vgg16_image,462,461,577,461.5177570093458,461.5177570093458,607.52
1790693909,185,4,transition,vit_base_image,122,122,124,122.60061919504642,122.60061919504642,126.198
1790693910,186,4,transition,resnet50_image,165,166,165,165.43807404023391,165.43807404023391,307.73
1790693910,186,4,transition,vgg16_image,461,461,476,461.5177570093458,461.5177570093458,607.52
1790693910,186,4,transition,vit_base_image,123,123,148,122.60061919504642,122.60061919504642,126.198
1790693911,187,4,transition,resnet50_image,166,166,166,165.43807404023391,165.43807404023391,307.73
1790693911,187,4,transition,vgg16_image,462,462,465,461.5177570093458,461.5177570093458,607.52
1790693911,187,4,transition,vit_base_image,123,123,116,122.60061919504642,122.60061919504642,126.198
1790693912,188,4,transition,resnet50_image,165,165,165,165.43807404023391,165.43807404023391,307.73
1790693912,188,4,transition,vgg16_image,461,461,463,461.5177570093458,461.5177570093458,607.52
1790693912,188,4,transition,vit_base_image,122,122,113,122.60061919504642,122.60061919504642,126.198
1790693913,189,4,transition,resnet50_image,166,165,166,165.43807404023391,165.43807404023391,307.73
1790693913,189,4,transition,vgg16_image,462,462,458,461.5177570093458,461.5177570093458,607.52
1790693913,189,4,transition,vit_base_image,123,123,140,122.60061919504642,122.60061919504642,126.198
1790693914,190,4,transition,resnet50_image,165,166,165,165.43807404023391,165.43807404023391,307.73
1790693914,190,4,transition,vgg16_image,461,462,462,461.5177570093458,461.5177570093458,607.52
1790693914,190,4,transition,vit_base_image,122,122,107,122.60061919504642,122.60061919504642,126.198
1790693915,191,4,transition,resnet50_image,165,165,165,165.43807404023391,165.43807404023391,307.73
1790693915,191,4,transition,vgg16_image,462,461,463,461.5177570093458,461.5177570093458,607.52
1790693915,191,4,transition,vit_base_image,123,123,130,122.60061919504642,122.60061919504642,126.198
1790693916,192,4,transition,resnet50_image,166,166,166,165.43807404023391,165.43807404023391,307.73
1790693916,192,4,transition,vgg16_image,461,461,460,461.5177570093458,461.5177570093458,607.52
1790693916,192,4,transition,vit_base_image,123,122,124,122.60061919504642,122.60061919504642,126.198
1790693917,193,4,transition,resnet50_image,165,165,163,165.43807404023391,165.43807404023391,307.73
1790693917,193,4,transition,vgg16_image,462,462,444,461.5177570093458,461.5177570093458,607.52
1790693917,193,4,transition,vit_base_image,122,123,123,122.60061919504642,122.60061919504642,126.198
1790693918,194,4,transition,resnet50_image,166,166,136,165.43807404023391,165.43807404023391,187.183
1790693918,194,4,transition,vgg16_image,461,442,214,461.5177570093458,461.5177570093458,239.04
1790693918,194,4,transition,vit_base_image,123,123,120,122.60061919504642,122.60061919504642,126.198
1790693919,195,4,transition,resnet50_image,165,165,134,165.43807404023391,165.43807404023391,187.183
1790693919,195,4,transition,vgg16_image,462,221,221,461.5177570093458,461.5177570093458,239.04
1790693919,195,4,transition,vit_base_image,122,122,124,122.60061919504642,122.60061919504642,126.198
1790693920,196,4,transition,resnet50_image,166,165,136,165.43807404023391,165.43807404023391,187.183
1790693920,196,4,transition,vgg16_image,461,222,222,461.5177570093458,461.5177570093458,239.04
1790693920,196,4,transition,vit_base_image,123,123,130,122.60061919504642,122.60061919504642,126.198
1790693921,197,4,transition,resnet50_image,165,166,135,165.43807404023391,165.43807404023391,187.183
1790693921,197,4,transition,vgg16_image,462,221,221,461.5177570093458,461.5177570093458,239.04
1790693921,197,4,transition,vit_base_image,123,122,118,122.60061919504642,122.60061919504642,126.198
1790693922,198,4,transition,resnet50_image,166,165,135,165.43807404023391,165.43807404023391,187.183
1790693922,198,4,transition,vgg16_image,461,221,221,461.5177570093458,461.5177570093458,239.04
1790693922,198,4,transition,vit_base_image,122,123,120,122.60061919504642,122.60061919504642,126.198
1790693923,199,4,transition,resnet50_image,165,166,119,165.43807404023391,165.43807404023391,187.183
1790693923,199,4,transition,vgg16_image,462,192,193,461.5177570093458,461.5177570093458,239.04
1790693923,199,4,transition,vit_base_image,123,123,124,122.60061919504642,122.60061919504642,126.198
1790693924,200,4,transition,resnet50_image,165,165,135,165.43807404023391,165.43807404023391,187.183
1790693924,200,4,transition,vgg16_image,461,222,221,461.5177570093458,461.5177570093458,239.04
1790693924,200,4,transition,vit_base_image,122,122,127,122.60061919504642,122.60061919504642,126.198
1790693925,201,4,transition,resnet50_image,166,158,135,165.43807404023391,165.43807404023391,187.183
1790693925,201,4,transition,vgg16_image,462,219,219,461.5177570093458,461.5177570093458,239.04
1790693925,201,4,transition,vit_base_image,123,123,117,122.60061919504642,122.60061919504642,126.198
1790693926,202,4,transition,resnet50_image,165,136,136,165.43807404023391,165.43807404023391,187.183
1790693926,202,4,transition,vgg16_image,461,222,222,461.5177570093458,461.5177570093458,239.04
1790693926,202,4,transition,vit_base_image,123,122,126,122.60061919504642,122.60061919504642,126.198
1790693927,203,4,transition,resnet50_image,166,135,135,165.43807404023391,165.43807404023391,187.183
1790693927,203,4,transition,vgg16_image,462,221,221,461.5177570093458,461.5177570093458,239.04
1790693927,203,4,transition,vit_base_image,122,123,118,122.60061919504642,122.60061919504642,126.198
1790693928,204,4,transition,resnet50_image,165,134,135,165.43807404023391,165.43807404023391,187.183
1790693928,204,4,transition,vgg16_image,461,220,221,461.5177570093458,461.5177570093458,239.04
1790693928,204,4,transition,vit_base_image,123,123,119,122.60061919504642,122.60061919504642,126.198
1790693929,205,4,transition,resnet50_image,166,134,134,165.43807404023391,165.43807404023391,187.183
1790693929,205,4,transition,vgg16_image,462,222,222,461.5177570093458,461.5177570093458,239.04
1790693929,205,4,transition,vit_base_image,122,122,125,122.60061919504642,122.60061919504642,126.198
1790693930,206,4,transition,resnet50_image,165,135,134,165.43807404023391,165.43807404023391,187.183
1790693930,206,4,transition,vgg16_image,461,222,221,461.5177570093458,461.5177570093458,239.04
1790693930,206,4,transition,vit_base_image,123,123,119,122.60061919504642,122.60061919504642,126.198
1790693931,207,4,transition,resnet50_image,165,135,135,165.43807404023391,165.43807404023391,187.183
1790693931,207,4,transition,vgg16_image,462,320,323,461.5177570093458,461.5177570093458,239.04
1790693931,207,4,transition,vit_base_image,123,123,125,122.60061919504642,122.60061919504642,126.198
1790693932,208,4,transition,resnet50_image,166,134,134,165.43807404023391,165.43807404023391,187.183
1790693932,208,4,transition,vgg16_image,461,448,446,461.5177570093458,461.5177570093458,478.08
1790693932,208,4,transition,vit_base_image,122,122,112,122.60061919504642,122.60061919504642,126.198
1790693933,209,4,transition,resnet50_image,165,134,134,165.43807404023391,165.43807404023391,187.183
1790693933,209,4,transition,vgg16_image,462,440,441,461.5177570093458,461.5177570093458,478.08
1790693933,209,4,transition,vit_base_image,123,123,140,122.60061919504642,122.60061919504642,126.198
1790693934,210,4,transition,resnet50_image,166,118,118,165.43807404023391,165.43807404023391,187.183
1790693934,210,4,transition,vgg16_image,461,378,377,461.5177570093458,461.5177570093458,478.08
1790693934,210,4,transition,vit_base_image,122,122,112,122.60061919504642,122.60061919504642,126.198
1790693935,211,4,transition,resnet50_image,165,134,135,165.43807404023391,165.43807404023391,187.183
1790693935,211,4,transition,vgg16_image,462,442,442,461.5177570093458,461.5177570093458,478.08
1790693935,211,4,transition,vit_base_image,123,123,118,122.60061919504642,122.60061919504642,126.198
1790693936,212,4,transition,resnet50_image,166,135,134,165.43807404023391,165.43807404023391,187.183
1790693936,212,4,transition,vgg16_image,462,442,444,461.5177570093458,461.5177570093458,478.08
1790693936,212,4,transition,vit_base_image,123,122,141,122.60061919504642,122.60061919504642,126.198
1790693937,213,4,transition,resnet50_image,165,135,136,165.43807404023391,165.43807404023391,187.183
1790693937,213,4,transition,vgg16_image,461,446,444,461.5177570093458,461.5177570093458,478.08
1790693937,213,4,transition,vit_base_image,122,123,107,122.60061919504642,122.60061919504642,126.198
1790693938,214,4,transition,resnet50_image,166,134,134,165.43807404023391,165.43807404023391,187.183
1790693938,214,4,transition,vgg16_image,462,442,442,461.5177570093458,461.5177570093458,478.08
1790693938,214,4,transition,vit_base_image,123,123,131,122.60061919504642,122.60061919504642,126.198
1790693939,215,4,transition,resnet50_image,165,136,135,165.43807404023391,165.43807404023391,187.183
1790693939,215,4,transition,vgg16_image,461,444,443,461.5177570093458,461.5177570093458,478.08
1790693939,215,4,transition,vit_base_image,122,122,128,122.60061919504642,122.60061919504642,126.198
1790693940,216,4,transition,resnet50_image,165,135,135,165.43807404023391,165.43807404023391,187.183
1790693940,216,4,transition,vgg16_image,462,442,442,461.5177570093458,461.5177570093458,478.08
1790693940,216,4,transition,vit_base_image,123,123,119,122.60061919504642,122.60061919504642,126.198
1790693941,217,4,transition,resnet50_image,165,135,135,165.43807404023391,165.43807404023391,187.183
1790693941,217,4,transition,vgg16_image,458,442,443,461.5177570093458,461.5177570093458,478.08
1790693941,217,4,transition,vit_base_image,122,122,120,122.60061919504642,122.60061919504642,126.198
1790693942,218,4,steady,resnet50_image,165,120,121,165.43807404023391,165.43807404023391,187.183
1790693942,218,4,steady,vgg16_image,461,389,390,461.5177570093458,461.5177570093458,478.08
1790693942,218,4,steady,vit_base_image,123,122,123,122.60061919504642,122.60061919504642,126.198
1790693943,219,4,steady,resnet50_image,165,135,135,165.43807404023391,165.43807404023391,187.183
1790693943,219,4,steady,vgg16_image,462,445,444,461.5177570093458,461.5177570093458,478.08
1790693943,219,4,steady,vit_base_image,122,123,117,122.60061919504642,122.60061919504642,126.198
1790693944,220,4,steady,resnet50_image,166,135,134,165.43807404023391,165.43807404023391,187.183
1790693944,220,4,steady,vgg16_image,461,443,444,461.5177570093458,461.5177570093458,478.08
1790693944,220,4,steady,vit_base_image,123,123,131,122.60061919504642,122.60061919504642,126.198
1790693945,221,4,steady,resnet50_image,165,134,135,165.43807404023391,165.43807404023391,187.183
1790693945,221,4,steady,vgg16_image,462,444,443,461.5177570093458,461.5177570093458,478.08
1790693945,221,4,steady,vit_base_image,122,122,123,122.60061919504642,122.60061919504642,126.198
1790693946,222,4,steady,resnet50_image,166,134,133,165.43807404023391,165.43807404023391,187.183
1790693946,222,4,steady,vgg16_image,461,435,435,461.5177570093458,461.5177570093458,478.08
1790693946,222,4,steady,vit_base_image,123,123,120,122.60061919504642,122.60061919504642,126.198
1790693947,223,4,steady,resnet50_image,165,131,131,165.43807404023391,165.43807404023391,187.183
1790693947,223,4,steady,vgg16_image,462,438,439,461.5177570093458,461.5177570093458,478.08
1790693947,223,4,steady,vit_base_image,123,122,115,122.60061919504642,122.60061919504642,126.198
1790693948,224,4,steady,resnet50_image,166,114,115,165.43807404023391,165.43807404023391,187.183
1790693948,224,4,steady,vgg16_image,461,368,367,461.5177570093458,461.5177570093458,478.08
1790693948,224,4,steady,vit_base_image,122,123,125,122.60061919504642,122.60061919504642,126.198
1790693949,225,4,steady,resnet50_image,165,134,133,165.43807404023391,165.43807404023391,187.183
1790693949,225,4,steady,vgg16_image,462,446,447,461.5177570093458,461.5177570093458,478.08
1790693949,225,4,steady,vit_base_image,123,123,121,122.60061919504642,122.60061919504642,126.198
1790693950,226,4,steady,resnet50_image,166,134,135,165.43807404023391,165.43807404023391,187.183
1790693950,226,4,steady,vgg16_image,461,447,446,461.5177570093458,461.5177570093458,478.08
1790693950,226,4,steady,vit_base_image,122,122,134,122.60061919504642,122.60061919504642,126.198
1790693951,227,4,steady,resnet50_image,165,133,132,165.43807404023391,165.43807404023391,187.183
1790693951,227,4,steady,vgg16_image,462,440,440,461.5177570093458,461.5177570093458,478.08
1790693951,227,4,steady,vit_base_image,123,123,111,122.60061919504642,122.60061919504642,126.198
1790693952,228,4,steady,resnet50_image,165,134,135,165.43807404023391,165.43807404023391,187.183
1790693952,228,4,steady,vgg16_image,461,445,446,461.5177570093458,461.5177570093458,478.08
1790693952,228,4,steady,vit_base_image,123,122,124,122.60061919504642,122.60061919504642,126.198
1790693953,229,4,steady,resnet50_image,166,135,134,165.43807404023391,165.43807404023391,187.183
1790693953,229,4,steady,vgg16_image,462,448,448,461.5177570093458,461.5177570093458,478.08
1790693953,229,4,steady,vit_base_image,122,123,124,122.60061919504642,122.60061919504642,126.198
1790693954,230,4,steady,resnet50_image,165,134,135,165.43807404023391,165.43807404023391,187.183
1790693954,230,4,steady,vgg16_image,461,447,446,461.5177570093458,461.5177570093458,478.08
1790693954,230,4,steady,vit_base_image,123,123,125,122.60061919504642,122.60061919504642,126.198
1790693955,231,4,steady,resnet50_image,166,134,133,165.43807404023391,165.43807404023391,187.183
1790693955,231,4,steady,vgg16_image,462,442,443,461.5177570093458,461.5177570093458,478.08
1790693955,231,4,steady,vit_base_image,122,122,120,122.60061919504642,122.60061919504642,126.198
1790693956,232,4,steady,resnet50_image,165,134,135,165.43807404023391,165.43807404023391,187.183
1790693956,232,4,steady,vgg16_image,461,445,445,461.5177570093458,461.5177570093458,478.08
1790693956,232,4,steady,vit_base_image,123,123,127,122.60061919504642,122.60061919504642,126.198
1790693957,233,4,steady,resnet50_image,166,135,135,165.43807404023391,165.43807404023391,187.183
1790693957,233,4,steady,vgg16_image,462,445,444,461.5177570093458,461.5177570093458,478.08
1790693957,233,4,steady,vit_base_image,123,122,116,122.60061919504642,122.60061919504642,126.198
1790693958,234,4,steady,resnet50_image,165,121,120,165.43807404023391,165.43807404023391,187.183
1790693958,234,4,steady,vgg16_image,461,389,389,461.5177570093458,461.5177570093458,478.08
1790693958,234,4,steady,vit_base_image,122,123,110,122.60061919504642,122.60061919504642,126.198
1790693959,235,4,steady,resnet50_image,165,134,134,165.43807404023391,165.43807404023391,187.183
1790693959,235,4,steady,vgg16_image,462,441,441,461.5177570093458,461.5177570093458,478.08
1790693959,235,4,steady,vit_base_image,123,123,123,122.60061919504642,122.60061919504642,126.198
1790693960,236,4,steady,resnet50_image,166,134,135,165.43807404023391,165.43807404023391,187.183
1790693960,236,4,steady,vgg16_image,461,444,444,461.5177570093458,461.5177570093458,478.08
1790693960,236,4,steady,vit_base_image,122,122,146,122.60061919504642,122.60061919504642,126.198
1790693961,237,4,steady,resnet50_image,165,135,134,165.43807404023391,165.43807404023391,187.183
1790693961,237,4,steady,vgg16_image,462,445,445,461.5177570093458,461.5177570093458,478.08
1790693961,237,4,steady,vit_base_image,123,123,112,122.60061919504642,122.60061919504642,126.198
1790693962,238,4,steady,resnet50_image,166,135,136,165.43807404023391,165.43807404023391,187.183
1790693962,238,4,steady,vgg16_image,461,442,443,461.5177570093458,461.5177570093458,478.08
1790693962,238,4,steady,vit_base_image,123,122,112,122.60061919504642,122.60061919504642,126.198
1790693963,239,4,steady,resnet50_image,165,134,134,165.43807404023391,165.43807404023391,187.183
1790693963,239,4,steady,vgg16_image,462,447,447,461.5177570093458,461.5177570093458,478.08
1790693963,239,4,steady,vit_base_image,122,123,131,122.60061919504642,122.60061919504642,126.198
1790693964,240,4,steady,resnet50_image,166,134,133,165.43807404023391,165.43807404023391,187.183
1790693964,240,4,steady,vgg16_image,462,447,446,461.5177570093458,461.5177570093458,478.08
1790693964,240,4,steady,vit_base_image,123,123,132,122.60061919504642,122.60061919504642,126.198
1790693965,241,4,steady,resnet50_image,165,134,135,165.43807404023391,165.43807404023391,187.183
1790693965,241,4,steady,vgg16_image,461,446,446,461.5177570093458,461.5177570093458,478.08
1790693965,241,4,steady,vit_base_image,122,122,111,122.60061919504642,122.60061919504642,126.198
1790693966,242,4,steady,resnet50_image,166,133,133,165.43807404023391,165.43807404023391,187.183
1790693966,242,4,steady,vgg16_image,462,443,443,461.5177570093458,461.5177570093458,478.08
1790693966,242,4,steady,vit_base_image,123,123,137,122.60061919504642,122.60061919504642,126.198
1790693967,243,4,steady,resnet50_image,165,137,136,165.43807404023391,165.43807404023391,187.183
1790693967,243,4,steady,vgg16_image,461,444,443,461.5177570093458,461.5177570093458,478.08
1790693967,243,4,steady,vit_base_image,123,122,108,122.60061919504642,122.60061919504642,126.198
1790693968,244,4,steady,resnet50_image,165,133,134,165.43807404023391,165.43807404023391,187.183
1790693968,244,4,steady,vgg16_image,462,442,443,461.5177570093458,461.5177570093458,478.08
1790693968,244,4,steady,vit_base_image,122,123,126,122.60061919504642,122.60061919504642,126.198
1790693969,245,4,steady,resnet50_image,166,134,133,165.43807404023391,165.43807404023391,187.183
1790693969,245,4,steady,vgg16_image,461,438,437,461.5177570093458,461.5177570093458,478.08
1790693969,245,4,steady,vit_base_image,123,122,126,122.60061919504642,122.60061919504642,126.198
1790693970,246,4,steady,resnet50_image,165,133,134,165.43807404023391,165.43807404023391,187.183
1790693970,246,4,steady,vgg16_image,462,437,437,461.5177570093458,461.5177570093458,478.08
1790693970,246,4,steady,vit_base_image,122,123,112,122.60061919504642,122.60061919504642,126.198
1790693971,247,4,steady,resnet50_image,166,135,135,165.43807404023391,165.43807404023391,187.183
1790693971,247,4,steady,vgg16_image,461,437,439,461.5177570093458,461.5177570093458,478.08
1790693971,247,4,steady,vit_base_image,123,123,140,122.60061919504642,122.60061919504642,126.198
1790693972,248,,,resnet50_image,165,135,134,,,187.183
1790693972,248,,,vgg16_image,462,439,437,,,478.08
1790693972,248,,,vit_base_image,123,123,112,,,126.198
1790693973,249,,,resnet50_image,166,134,135,,,187.183
1790693973,249,,,vgg16_image,461,437,438,,,478.08
1790693973,249,,,vit_base_image,122,122,112,,,126.198
1790693974,250,,,resnet50_image,165,133,133,,,187.183
1790693974,250,,,vgg16_image,462,441,442,,,478.08
1790693974,250,,,vit_base_image,123,122,134,,,126.198
1790693975,251,,,resnet50_image,165,135,134,,,187.183
1790693975,251,,,vgg16_image,461,441,441,,,478.08
1790693975,251,,,vit_base_image,122,123,123,,,126.198
1790693976,252,,,resnet50_image,166,135,135,,,187.183
1790693976,252,,,vgg16_image,462,440,439,,,478.08
1790693976,252,,,vit_base_image,123,123,113,,,126.198
1790693977,253,,,resnet50_image,165,134,134,,,187.183
1790693977,253,,,vgg16_image,461,441,441,,,478.08
1790693977,253,,,vit_base_image,123,122,138,,,126.198
1790693978,254,,,resnet50_image,166,111,111,,,187.183
1790693978,254,,,vgg16_image,462,363,363,,,478.08
1790693978,254,,,vit_base_image,122,123,117,,,126.198
1790693979,255,5,transition,resnet50_image,114,104,135,91.3690271927075,91.3690271927075,187.183
1790693979,255,5,transition,vgg16_image,460,437,437,461.5177570093458,462.9532710280373,478.08
1790693979,255,5,transition,vit_base_image,123,123,129,122.60061919504642,122.60061919504642,126.198
1790693980,256,5,transition,resnet50_image,91,91,135,91.3690271927075,91.3690271927075,187.183
1790693980,256,5,transition,vgg16_image,462,435,437,461.5177570093458,462.9532710280373,478.08
1790693980,256,5,transition,vit_base_image,123,122,119,122.60061919504642,122.60061919504642,126.198
1790693981,257,5,transition,resnet50_image,91,91,135,91.3690271927075,91.3690271927075,187.183
1790693981,257,5,transition,vgg16_image,461,434,434,461.5177570093458,462.9532710280373,478.08
1790693981,257,5,transition,vit_base_image,122,123,116,122.60061919504642,122.60061919504642,126.198
1790693982,258,5,transition,resnet50_image,92,92,134,91.3690271927075,91.3690271927075,187.183
1790693982,258,5,transition,vgg16_image,462,437,435,461.5177570093458,462.9532710280373,478.08
1790693982,258,5,transition,vit_base_image,123,123,135,122.60061919504642,122.60061919504642,126.198
1790693983,259,5,transition,resnet50_image,91,91,134,91.3690271927075,91.3690271927075,187.183
1790693983,259,5,transition,vgg16_image,461,433,433,461.5177570093458,462.9532710280373,478.08
1790693983,259,5,transition,vit_base_image,122,122,114,122.60061919504642,122.60061919504642,126.198
1790693984,260,5,transition,resnet50_image,92,91,135,91.3690271927075,91.3690271927075,187.183
1790693984,260,5,transition,vgg16_image,462,435,435,461.5177570093458,462.9532710280373,478.08
1790693984,260,5,transition,vit_base_image,123,123,127,122.60061919504642,122.60061919504642,126.198
1790693985,261,5,transition,resnet50_image,91,92,98,91.3690271927075,91.3690271927075,187.183
1790693985,261,5,transition,vgg16_image,461,438,438,461.5177570093458,462.9532710280373,478.08
1790693985,261,5,transition,vit_base_image,123,122,123,122.60061919504642,122.60061919504642,126.198
1790693986,262,5,transition,resnet50_image,91,91,92,91.3690271927075,91.3690271927075,187.183
1790693986,262,5,transition,vgg16_image,462,438,439,461.5177570093458,462.9532710280373,478.08
1790693986,262,5,transition,vit_base_image,122,123,126,122.60061919504642,122.60061919504642,126.198
1790693987,263,5,transition,resnet50_image,92,92,91,91.3690271927075,91.3690271927075,187.183
1790693987,263,5,transition,vgg16_image,462,437,436,461.5177570093458,462.9532710280373,478.08
1790693987,263,5,transition,vit_base_image,123,123,119,122.60061919504642,122.60061919504642,126.198
1790693988,264,5,transition,resnet50_image,91,91,92,91.3690271927075,91.3690271927075,187.183
1790693988,264,5,transition,vgg16_image,461,304,303,461.5177570093458,462.9532710280373,239.04
1790693988,264,5,transition,vit_base_image,122,122,87,122.60061919504642,122.60061919504642,0
1790693989,265,5,transition,resnet50_image,91,91,91,91.3690271927075,91.3690271927075,187.183
1790693989,265,5,transition,vgg16_image,462,221,221,461.5177570093458,462.9532710280373,239.04
1790693989,265,5,transition,vit_base_image,123,123,0,122.60061919504642,122.60061919504642,0
1790693990,266,5,transition,resnet50_image,92,92,92,91.3690271927075,91.3690271927075,187.183
1790693990,266,5,transition,vgg16_image,461,220,220,461.5177570093458,462.9532710280373,239.04
1790693990,266,5,transition,vit_base_image,123,123,0,122.60061919504642,122.60061919504642,0
1790693991,267,5,transition,resnet50_image,91,91,91,91.3690271927075,91.3690271927075,187.183
1790693991,267,5,transition,vgg16_image,462,221,222,461.5177570093458,462.9532710280373,239.04
1790693991,267,5,transition,vit_base_image,122,122,0,122.60061919504642,122.60061919504642,0
1790693992,268,5,transition,resnet50_image,91,91,91,91.3690271927075,91.3690271927075,187.183
1790693992,268,5,transition,vgg16_image,461,222,221,461.5177570093458,462.9532710280373,239.04
1790693992,268,5,transition,vit_base_image,123,123,0,122.60061919504642,122.60061919504642,0
1790693993,269,5,transition,resnet50_image,92,92,86,91.3690271927075,91.3690271927075,187.183
1790693993,269,5,transition,vgg16_image,462,207,207,461.5177570093458,462.9532710280373,239.04
1790693993,269,5,transition,vit_base_image,122,122,0,122.60061919504642,122.60061919504642,0
1790693994,270,5,transition,resnet50_image,91,91,97,91.3690271927075,91.3690271927075,187.183
1790693994,270,5,transition,vgg16_image,461,212,212,461.5177570093458,462.9532710280373,239.04
1790693994,270,5,transition,vit_base_image,123,123,0,122.60061919504642,122.60061919504642,0
1790693995,271,5,transition,resnet50_image,92,91,91,91.3690271927075,91.3690271927075,187.183
1790693995,271,5,transition,vgg16_image,462,221,221,461.5177570093458,462.9532710280373,239.04
1790693995,271,5,transition,vit_base_image,123,122,0,122.60061919504642,122.60061919504642,0
1790693996,272,5,transition,resnet50_image,91,92,92,91.3690271927075,91.3690271927075,187.183
1790693996,272,5,transition,vgg16_image,461,219,220,461.5177570093458,462.9532710280373,239.04
1790693996,272,5,transition,vit_base_image,122,123,0,122.60061919504642,122.60061919504642,0
1790693997,273,5,transition,resnet50_image,91,91,91,91.3690271927075,91.3690271927075,187.183
1790693997,273,5,transition,vgg16_image,462,220,219,461.5177570093458,462.9532710280373,239.04
1790693997,273,5,transition,vit_base_image,123,123,0,122.60061919504642,122.60061919504642,0
1790693998,274,5,transition,resnet50_image,92,92,91,91.3690271927075,91.3690271927075,187.183
1790693998,274,5,transition,vgg16_image,461,221,221,461.5177570093458,462.9532710280373,239.04
1790693998,274,5,transition,vit_base_image,122,122,0,122.60061919504642,122.60061919504642,0
1790693999,275,5,transition,resnet50_image,91,91,92,91.3690271927075,91.3690271927075,187.183
1790693999,275,5,transition,vgg16_image,462,219,220,461.5177570093458,462.9532710280373,239.04
1790693999,275,5,transition,vit_base_image,123,123,0,122.60061919504642,122.60061919504642,0
1790694000,276,5,transition,resnet50_image,91,91,92,91.3690271927075,91.3690271927075,187.183
1790694000,276,5,transition,vgg16_image,461,219,218,461.5177570093458,462.9532710280373,239.04
1790694000,276,5,transition,vit_base_image,123,122,0,122.60061919504642,122.60061919504642,0
1790694001,277,5,transition,resnet50_image,92,92,91,91.3690271927075,91.3690271927075,187.183
1790694001,277,5,transition,vgg16_image,462,221,221,461.5177570093458,462.9532710280373,239.04
1790694001,277,5,transition,vit_base_image,122,123,0,122.60061919504642,122.60061919504642,0
1790694002,278,5,transition,resnet50_image,91,91,91,91.3690271927075,91.3690271927075,187.183
1790694002,278,5,transition,vgg16_image,461,221,221,461.5177570093458,462.9532710280373,239.04
1790694002,278,5,transition,vit_base_image,123,123,0,122.60061919504642,122.60061919504642,0
1790694003,279,5,transition,resnet50_image,92,91,85,91.3690271927075,91.3690271927075,187.183
1790694003,279,5,transition,vgg16_image,462,179,179,461.5177570093458,462.9532710280373,239.04
1790694003,279,5,transition,vit_base_image,122,122,0,122.60061919504642,122.60061919504642,0
1790694004,280,5,transition,resnet50_image,91,92,98,91.3690271927075,91.3690271927075,187.183
1790694004,280,5,transition,vgg16_image,461,220,221,461.5177570093458,462.9532710280373,239.04
1790694004,280,5,transition,vit_base_image,123,123,0,122.60061919504642,122.60061919504642,0
1790694005,281,5,transition,resnet50_image,91,91,91,91.3690271927075,91.3690271927075,187.183
1790694005,281,5,transition,vgg16_image,462,222,221,461.5177570093458,462.9532710280373,239.04
1790694005,281,5,transition,vit_base_image,123,122,0,122.60061919504642,122.60061919504642,0
1790694006,282,5,transition,resnet50_image,92,92,92,91.3690271927075,91.3690271927075,187.183
1790694006,282,5,transition,vgg16_image,461,221,221,461.5177570093458,462.9532710280373,239.04
1790694006,282,5,transition,vit_base_image,122,123,0,122.60061919504642,122.60061919504642,0
1790694007,283,5,transition,resnet50_image,91,91,91,91.3690271927075,91.3690271927075,187.183
1790694007,283,5,transition,vgg16_image,462,221,221,461.5177570093458,462.9532710280373,239.04
1790694007,283,5,transition,vit_base_image,123,123,0,122.60061919504642,122.60061919504642,0
1790694008,284,5,transition,resnet50_image,91,91,91,91.3690271927075,91.3690271927075,187.183
1790694008,284,5,transition,vgg16_image,461,221,222,461.5177570093458,462.9532710280373,239.04
1790694008,284,5,transition,vit_base_image,122,122,0,122.60061919504642,122.60061919504642,0
1790694009,285,5,transition,resnet50_image,92,92,92,91.3690271927075,91.3690271927075,187.183
1790694009,285,5,transition,vgg16_image,462,219,218,461.5177570093458,462.9532710280373,239.04
1790694009,285,5,transition,vit_base_image,123,123,0,122.60061919504642,122.60061919504642,0
1790694010,286,5,transition,resnet50_image,91,91,91,91.3690271927075,91.3690271927075,187.183
1790694010,286,5,transition,vgg16_image,461,220,220,461.5177570093458,462.9532710280373,239.04
1790694010,286,5,transition,vit_base_image,123,122,0,122.60061919504642,122.60061919504642,0
1790694011,287,5,transition,resnet50_image,91,91,92,91.3690271927075,91.3690271927075,187.183
1790694011,287,5,transition,vgg16_image,462,222,222,461.5177570093458,462.9532710280373,239.04
1790694011,287,5,transition,vit_base_image,122,123,0,122.60061919504642,122.60061919504642,0
1790694012,288,5,transition,resnet50_image,92,92,82,91.3690271927075,91.3690271927075,187.183
1790694012,288,5,transition,vgg16_image,461,188,188,461.5177570093458,462.9532710280373,239.04
1790694012,288,5,transition,vit_base_image,123,123,0,122.60061919504642,122.60061919504642,0
1790694013,289,5,transition,resnet50_image,91,91,100,91.3690271927075,91.3690271927075,187.183
1790694013,289,5,transition,vgg16_image,462,222,222,461.5177570093458,462.9532710280373,239.04
1790694013,289,5,transition,vit_base_image,122,122,0,122.60061919504642,122.60061919504642,0
1790694014,290,5,transition,resnet50_image,92,91,92,91.3690271927075,91.3690271927075,187.183
1790694014,290,5,transition,vgg16_image,462,221,222,461.5177570093458,462.9532710280373,239.04
1790694014,290,5,transition,vit_base_image,123,123,0,122.60061919504642,122.60061919504642,0
1790694015,291,5,transition,resnet50_image,91,92,91,91.3690271927075,91.3690271927075,187.183
1790694015,291,5,transition,vgg16_image,461,221,220,461.5177570093458,462.9532710280373,239.04
1790694015,291,5,transition,vit_base_image,123,122,0,122.60061919504642,122.60061919504642,0
1790694016,292,5,transition,resnet50_image,91,91,91,91.3690271927075,91.3690271927075,187.183
1790694016,292,5,transition,vgg16_image,462,219,219,461.5177570093458,462.9532710280373,239.04
1790694016,292,5,transition,vit_base_image,122,123,0,122.60061919504642,122.60061919504642,0
1790694017,293,5,transition,resnet50_image,92,92,92,91.3690271927075,91.3690271927075,187.183
1790694017,293,5,transition,vgg16_image,461,221,221,461.5177570093458,462.9532710280373,239.04
1790694017,293,5,transition,vit_base_image,123,123,0,122.60061919504642,122.60061919504642,0
1790694018,294,5,transition,resnet50_image,91,91,91,91.3690271927075,91.3690271927075,187.183
1790694018,294,5,transition,vgg16_image,462,391,403,461.5177570093458,462.9532710280373,476.781
1790694018,294,5,transition,vit_base_image,122,122,0,122.60061919504642,122.60061919504642,0
1790694019,295,5,transition,resnet50_image,91,91,91,91.3690271927075,91.3690271927075,187.183
1790694019,295,5,transition,vgg16_image,461,462,480,461.5177570093458,462.9532710280373,476.781
1790694019,295,5,transition,vit_base_image,123,123,0,122.60061919504642,122.60061919504642,0
1790694020,296,5,transition,resnet50_image,92,92,92,91.3690271927075,91.3690271927075,187.183
1790694020,296,5,transition,vgg16_image,462,461,464,461.5177570093458,462.9532710280373,476.781
1790694020,296,5,transition,vit_base_image,123,122,0,122.60061919504642,122.60061919504642,0
1790694021,297,5,transition,resnet50_image,91,91,91,91.3690271927075,91.3690271927075,187.183
1790694021,297,5,transition,vgg16_image,461,461,464,461.5177570093458,462.9532710280373,476.781
1790694021,297,5,transition,vit_base_image,122,123,87,122.60061919504642,122.60061919504642,126.198
1790694022,298,5,transition,resnet50_image,92,91,91,91.3690271927075,91.3690271927075,187.183
1790694022,298,5,transition,vgg16_image,462,448,432,461.5177570093458,462.9532710280373,476.781
1790694022,298,5,transition,vit_base_image,123,123,113,122.60061919504642,122.60061919504642,126.198
1790694023,299,5,transition,resnet50_image,91,92,92,91.3690271927075,91.3690271927075,187.183
1790694023,299,5,transition,vgg16_image,461,462,466,461.5177570093458,462.9532710280373,476.781
1790694023,299,5,transition,vit_base_image,122,122,119,122.60061919504642,122.60061919504642,126.198
1790694024,300,5,transition,resnet50_image,91,91,91,91.3690271927075,91.3690271927075,187.183
1790694024,300,5,transition,vgg16_image,462,459,474,461.5177570093458,462.9532710280373,476.781
1790694024,300,5,transition,vit_base_image,123,123,121,122.60061919504642,122.60061919504642,126.198
1790694025,301,5,transition,resnet50_image,92,92,92,91.3690271927075,91.3690271927075,187.183
1790694025,301,5,transition,vgg16_image,461,464,468,461.5177570093458,462.9532710280373,476.781
1790694025,301,5,transition,vit_base_image,123,122,115,122.60061919504642,122.60061919504642,126.198
1790694026,302,5,transition,resnet50_image,91,91,91,91.3690271927075,91.3690271927075,187.183
1790694026,302,5,transition,vgg16_image,462,461,464,461.5177570093458,462.9532710280373,476.781
1790694026,302,5,transition,vit_base_image,122,123,118,122.60061919504642,122.60061919504642,126.198
1790694027,303,5,transition,resnet50_image,91,91,91,91.3690271927075,91.3690271927075,187.183
1790694027,303,5,transition,vgg16_image,461,462,464,461.5177570093458,462.9532710280373,476.781
1790694027,303,5,transition,vit_base_image,123,123,122,122.60061919504642,122.60061919504642,126.198
1790694028,304,5,transition,resnet50_image,92,92,92,91.3690271927075,91.3690271927075,187.183
1790694028,304,5,transition,vgg16_image,462,461,464,461.5177570093458,462.9532710280373,476.781
1790694028,304,5,transition,vit_base_image,122,122,122,122.60061919504642,122.60061919504642,126.198
1790694029,305,5,steady,resnet50_image,90,87,78,91.3690271927075,91.3690271927075,187.183
1790694029,305,5,steady,vgg16_image,461,445,432,462.9532710280373,462.9532710280373,476.781
1790694029,305,5,steady,vit_base_image,123,118,111,122.60061919504642,122.60061919504642,126.198
1790694030,306,5,steady,resnet50_image,92,94,103,91.3690271927075,91.3690271927075,187.183
1790694030,306,5,steady,vgg16_image,463,468,448,462.9532710280373,462.9532710280373,476.781
1790694030,306,5,steady,vit_base_image,122,127,127,122.60061919504642,122.60061919504642,126.198
1790694031,307,5,steady,resnet50_image,91,92,92,91.3690271927075,91.3690271927075,187.183
1790694031,307,5,steady,vgg16_image,463,463,464,462.9532710280373,462.9532710280373,476.781
1790694031,307,5,steady,vit_base_image,123,123,128,122.60061919504642,122.60061919504642,126.198
1790694032,308,5,steady,resnet50_image,91,91,91,91.3690271927075,91.3690271927075,187.183
1790694032,308,5,steady,vgg16_image,463,463,464,462.9532710280373,462.9532710280373,476.781
1790694032,308,5,steady,vit_base_image,123,122,112,122.60061919504642,122.60061919504642,126.198
1790694033,309,5,steady,resnet50_image,92,92,92,91.3690271927075,91.3690271927075,187.183
1790694033,309,5,steady,vgg16_image,463,463,464,462.9532710280373,462.9532710280373,476.781
1790694033,309,5,steady,vit_base_image,122,123,128,122.60061919504642,122.60061919504642,126.198
1790694034,310,5,steady,resnet50_image,91,91,91,91.3690271927075,91.3690271927075,187.183
1790694034,310,5,steady,vgg16_image,463,463,464,462.9532710280373,462.9532710280373,476.781
1790694034,310,5,steady,vit_base_image,123,123,128,122.60061919504642,122.60061919504642,126.198
1790694035,311,5,steady,resnet50_image,91,87,85,91.3690271927075,91.3690271927075,187.183
1790694035,311,5,steady,vgg16_image,463,441,440,462.9532710280373,462.9532710280373,476.781
1790694035,311,5,steady,vit_base_image,122,117,100,122.60061919504642,122.60061919504642,126.198
1790694036,312,5,steady,resnet50_image,92,96,98,91.3690271927075,91.3690271927075,187.183
1790694036,312,5,steady,vgg16_image,463,470,456,462.9532710280373,462.9532710280373,476.781
1790694036,312,5,steady,vit_base_image,123,128,124,122.60061919504642,122.60061919504642,126.198
1790694037,313,5,steady,resnet50_image,91,91,91,91.3690271927075,91.3690271927075,187.183
1790694037,313,5,steady,vgg16_image,463,463,464,462.9532710280373,462.9532710280373,476.781
1790694037,313,5,steady,vit_base_image,123,123,128,122.60061919504642,122.60061919504642,126.198
1790694038,314,5,steady,resnet50_image,92,91,92,91.3690271927075,91.3690271927075,187.183
1790694038,314,5,steady,vgg16_image,463,461,464,462.9532710280373,462.9532710280373,476.781
1790694038,314,5,steady,vit_base_image,122,122,128,122.60061919504642,122.60061919504642,126.198
1790694039,315,5,steady,resnet50_image,91,92,91,91.3690271927075,91.3690271927075,187.183
1790694039,315,5,steady,vgg16_image,463,463,464,462.9532710280373,462.9532710280373,476.781
1790694039,315,5,steady,vit_base_image,123,123,112,122.60061919504642,122.60061919504642,126.198
1790694040,316,5,steady,resnet50_image,91,91,91,91.3690271927075,91.3690271927075,187.183
1790694040,316,5,steady,vgg16_image,462,463,464,462.9532710280373,462.9532710280373,476.781
1790694040,316,5,steady,vit_base_image,122,122,112,122.60061919504642,122.60061919504642,126.198
1790694041,317,5,steady,resnet50_image,92,91,92,91.3690271927075,91.3690271927075,187.183
1790694041,317,5,steady,vgg16_image,463,463,464,462.9532710280373,462.9532710280373,476.781
1790694041,317,5,steady,vit_base_image,123,123,128,122.60061919504642,122.60061919504642,126.198
1790694042,318,5,steady,resnet50_image,91,92,91,91.3690271927075,91.3690271927075,187.183
1790694042,318,5,steady,vgg16_image,463,463,464,462.9532710280373,462.9532710280373,476.781
1790694042,318,5,steady,vit_base_image,123,123,128,122.60061919504642,122.60061919504642,126.198
1790694043,319,5,steady,resnet50_image,91,89,78,91.3690271927075,91.3690271927075,187.183
1790694043,319,5,steady,vgg16_image,463,425,432,462.9532710280373,462.9532710280373,476.781
1790694043,319,5,steady,vit_base_image,122,119,128,122.60061919504642,122.60061919504642,126.198
1790694044,320,5,steady,resnet50_image,92,94,104,91.3690271927075,91.3690271927075,187.183
1790694044,320,5,steady,vgg16_image,463,474,464,462.9532710280373,462.9532710280373,476.781
1790694044,320,5,steady,vit_base_image,123,126,96,122.60061919504642,122.60061919504642,126.198
1790694045,321,5,steady,resnet50_image,91,91,92,91.3690271927075,91.3690271927075,187.183
1790694045,321,5,steady,vgg16_image,463,463,464,462.9532710280373,462.9532710280373,476.781
1790694045,321,5,steady,vit_base_image,122,122,128,122.60061919504642,122.60061919504642,126.198
1790694046,322,5,steady,resnet50_image,91,91,91,91.3690271927075,91.3690271927075,187.183
1790694046,322,5,steady,vgg16_image,463,463,464,462.9532710280373,462.9532710280373,476.781
1790694046,322,5,steady,vit_base_image,123,123,128,122.60061919504642,122.60061919504642,126.198
1790694047,323,5,steady,resnet50_image,92,92,91,91.3690271927075,91.3690271927075,187.183
1790694047,323,5,steady,vgg16_image,463,462,464,462.9532710280373,462.9532710280373,476.781
1790694047,323,5,steady,vit_base_image,123,122,128,122.60061919504642,122.60061919504642,126.198
1790694048,324,5,steady,resnet50_image,91,91,92,91.3690271927075,91.3690271927075,187.183
1790694048,324,5,steady,vgg16_image,463,464,464,462.9532710280373,462.9532710280373,476.781
1790694048,324,5,steady,vit_base_image,122,123,96,122.60061919504642,122.60061919504642,126.198
1790694049,325,5,steady,resnet50_image,92,91,91,91.3690271927075,91.3690271927075,187.183
1790694049,325,5,steady,vgg16_image,463,463,464,462.9532710280373,462.9532710280373,476.781
1790694049,325,5,steady,vit_base_image,123,123,128,122.60061919504642,122.60061919504642,126.198
1790694050,326,5,steady,resnet50_image,91,92,92,91.3690271927075,91.3690271927075,187.183
1790694050,326,5,steady,vgg16_image,463,462,464,462.9532710280373,462.9532710280373,476.781
1790694050,326,5,steady,vit_base_image,122,122,128,122.60061919504642,122.60061919504642,126.198
1790694051,327,5,steady,resnet50_image,91,91,91,91.3690271927075,91.3690271927075,187.183
1790694051,327,5,steady,vgg16_image,463,463,464,462.9532710280373,462.9532710280373,476.781
1790694051,327,5,steady,vit_base_image,123,123,128,122.60061919504642,122.60061919504642,126.198
1790694052,328,5,steady,resnet50_image,92,91,91,91.3690271927075,91.3690271927075,187.183
1790694052,328,5,steady,vgg16_image,463,463,464,462.9532710280373,462.9532710280373,476.781
1790694052,328,5,steady,vit_base_image,123,122,112,122.60061919504642,122.60061919504642,126.198
1790694053,329,5,steady,resnet50_image,91,92,92,91.3690271927075,91.3690271927075,187.183
1790694053,329,5,steady,vgg16_image,463,463,464,462.9532710280373,462.9532710280373,476.781
1790694053,329,5,steady,vit_base_image,122,123,112,122.60061919504642,122.60061919504642,126.198
1790694054,330,5,steady,resnet50_image,91,91,91,91.3690271927075,91.3690271927075,187.183
1790694054,330,5,steady,vgg16_image,463,463,464,462.9532710280373,462.9532710280373,476.781
1790694054,330,5,steady,vit_base_image,123,123,128,122.60061919504642,122.60061919504642,126.198
1790694055,331,5,steady,resnet50_image,92,92,92,91.3690271927075,91.3690271927075,187.183
1790694055,331,5,steady,vgg16_image,463,463,464,462.9532710280373,462.9532710280373,476.781
1790694055,331,5,steady,vit_base_image,122,122,128,122.60061919504642,122.60061919504642,126.198
1790694056,332,5,steady,resnet50_image,91,91,91,91.3690271927075,91.3690271927075,187.183
1790694056,332,5,steady,vgg16_image,463,462,454,462.9532710280373,462.9532710280373,476.781
1790694056,332,5,steady,vit_base_image,123,123,112,122.60061919504642,122.60061919504642,126.198
1790694057,333,5,steady,resnet50_image,92,91,92,91.3690271927075,91.3690271927075,187.183
1790694057,333,5,steady,vgg16_image,463,464,458,462.9532710280373,462.9532710280373,476.781
1790694057,333,5,steady,vit_base_image,123,123,112,122.60061919504642,122.60061919504642,126.198
1790694058,334,5,steady,resnet50_image,91,92,91,91.3690271927075,91.3690271927075,187.183
1790694058,334,5,steady,vgg16_image,463,463,464,462.9532710280373,462.9532710280373,476.781
1790694058,334,5,steady,vit_base_image,122,122,128,122.60061919504642,122.60061919504642,126.198
1790694059,335,,,resnet50_image,91,91,91,,,187.183
1790694059,335,,,vgg16_image,463,462,464,,,476.781
1790694059,335,,,vit_base_image,123,123,112,,,126.198
1790694060,336,,,resnet50_image,92,91,91,,,187.183
1790694060,336,,,vgg16_image,463,462,464,,,476.781
1790694060,336,,,vit_base_image,122,122,128,,,126.198
1790694061,337,,,resnet50_image,91,92,92,,,187.183
1790694061,337,,,vgg16_image,462,463,464,,,476.781
1790694061,337,,,vit_base_image,123,123,112,,,126.198
1790694062,338,,,resnet50_image,91,91,91,,,187.183
1790694062,338,,,vgg16_image,463,463,464,,,476.781
1790694062,338,,,vit_base_image,123,123,128,,,126.198
1790694063,339,,,resnet50_image,92,92,92,,,187.183
1790694063,339,,,vgg16_image,463,463,464,,,476.781
1790694063,339,,,vit_base_image,122,122,112,,,126.198
1790694064,340,,,resnet50_image,91,91,91,,,187.183
1790694064,340,,,vgg16_image,463,437,432,,,476.781
1790694064,340,,,vit_base_image,123,123,128,,,126.198
1790694065,341,,,resnet50_image,91,91,92,,,187.183
1790694065,341,,,vgg16_image,463,463,464,,,476.781
1790694065,341,,,vit_base_image,122,122,112,,,126.198
1790694066,342,,,resnet50_image,92,92,91,,,187.183
1790694066,342,,,vgg16_image,463,463,464,,,476.781
1790694066,342,,,vit_base_image,123,123,128,,,126.198
1790694067,343,6,transition,resnet50_image,74,74,74,66.79901619663318,66.79901619663318,187.183
1790694067,343,6,transition,vgg16_image,461,456,464,460.7999999999999,460.7999999999999,476.781
1790694067,343,6,transition,vit_base_image,89,89,112,73.56037151702786,73.56037151702786,126.198
1790694068,344,6,transition,resnet50_image,66,66,67,66.79901619663318,66.79901619663318,187.183
1790694068,344,6,transition,vgg16_image,460,460,464,460.7999999999999,460.7999999999999,476.781
1790694068,344,6,transition,vit_base_image,74,73,128,73.56037151702786,73.56037151702786,126.198
1790694069,345,6,transition,resnet50_image,67,67,66,66.79901619663318,66.79901619663318,187.183
1790694069,345,6,transition,vgg16_image,461,461,450,460.7999999999999,460.7999999999999,476.781
1790694069,345,6,transition,vit_base_image,73,74,123,73.56037151702786,73.56037151702786,126.198
1790694070,346,6,transition,resnet50_image,67,67,67,66.79901619663318,66.79901619663318,187.183
1790694070,346,6,transition,vgg16_image,461,461,462,460.7999999999999,460.7999999999999,476.781
1790694070,346,6,transition,vit_base_image,74,74,83,73.56037151702786,73.56037151702786,126.198
1790694071,347,6,transition,resnet50_image,67,67,67,66.79901619663318,66.79901619663318,187.183
1790694071,347,6,transition,vgg16_image,461,461,464,460.7999999999999,460.7999999999999,476.781
1790694071,347,6,transition,vit_base_image,73,73,74,73.56037151702786,73.56037151702786,126.198
1790694072,348,6,transition,resnet50_image,67,67,66,66.79901619663318,66.79901619663318,187.183
1790694072,348,6,transition,vgg16_image,461,431,432,460.7999999999999,460.7999999999999,476.781
1790694072,348,6,transition,vit_base_image,74,74,73,73.56037151702786,73.56037151702786,126.198
1790694073,349,6,transition,resnet50_image,66,66,67,66.79901619663318,66.79901619663318,187.183
1790694073,349,6,transition,vgg16_image,460,461,464,460.7999999999999,460.7999999999999,476.781
1790694073,349,6,transition,vit_base_image,73,73,74,73.56037151702786,73.56037151702786,126.198
1790694074,350,6,transition,resnet50_image,67,67,67,66.79901619663318,66.79901619663318,187.183
1790694074,350,6,transition,vgg16_image,461,461,466,460.7999999999999,460.7999999999999,476.781
1790694074,350,6,transition,vit_base_image,74,74,74,73.56037151702786,73.56037151702786,126.198
1790694075,351,6,transition,resnet50_image,67,67,67,66.79901619663318,66.79901619663318,187.183
1790694075,351,6,transition,vgg16_image,461,460,478,460.7999999999999,460.7999999999999,476.781
1790694075,351,6,transition,vit_base_image,74,73,73,73.56037151702786,73.56037151702786,126.198
1790694076,352,6,transition,resnet50_image,67,67,67,66.79901619663318,66.79901619663318,187.183
1790694076,352,6,transition,vgg16_image,461,462,464,460.7999999999999,460.7999999999999,476.781
1790694076,352,6,transition,vit_base_image,73,74,74,73.56037151702786,73.56037151702786,126.198
1790694077,353,6,transition,resnet50_image,67,67,67,66.79901619663318,66.79901619663318,187.183
1790694077,353,6,transition,vgg16_image,461,460,464,460.7999999999999,460.7999999999999,476.781
1790694077,353,6,transition,vit_base_image,74,74,74,73.56037151702786,73.56037151702786,100.828
1790694078,354,6,transition,resnet50_image,66,66,67,66.79901619663318,66.79901619663318,187.183
1790694078,354,6,transition,vgg16_image,460,461,464,460.7999999999999,460.7999999999999,476.781
1790694078,354,6,transition,vit_base_image,73,73,73,73.56037151702786,73.56037151702786,100.828
1790694079,355,6,transition,resnet50_image,67,67,66,66.79901619663318,66.79901619663318,187.183
1790694079,355,6,transition,vgg16_image,461,460,480,460.7999999999999,460.7999999999999,476.781
1790694079,355,6,transition,vit_base_image,74,74,74,73.56037151702786,73.56037151702786,100.828
1790694080,356,6,transition,resnet50_image,66,65,64,66.79901619663318,66.79901619663318,187.183
1790694080,356,6,transition,vgg16_image,458,453,448,460.7999999999999,460.7999999999999,476.781
1790694080,356,6,transition,vit_base_image,73,73,69,73.56037151702786,73.56037151702786,100.828
1790694081,357,6,steady,resnet50_image,67,68,69,66.79901619663318,66.79901619663318,187.183
1790694081,357,6,steady,vgg16_image,461,432,384,460.7999999999999,460.7999999999999,476.781
1790694081,357,6,steady,vit_base_image,74,74,78,73.56037151702786,73.56037151702786,100.828
1790694082,358,6,steady,resnet50_image,67,67,67,66.79901619663318,66.79901619663318,187.183
1790694082,358,6,steady,vgg16_image,461,461,464,460.7999999999999,460.7999999999999,476.781
1790694082,358,6,steady,vit_base_image,73,73,73,73.56037151702786,73.56037151702786,100.828
1790694083,359,6,steady,resnet50_image,67,67,67,66.79901619663318,66.79901619663318,187.183
1790694083,359,6,steady,vgg16_image,461,460,464,460.7999999999999,460.7999999999999,476.781
1790694083,359,6,steady,vit_base_image,74,74,74,73.56037151702786,73.56037151702786,100.828
1790694084,360,6,steady,resnet50_image,67,67,67,66.79901619663318,66.79901619663318,187.183
1790694084,360,6,steady,vgg16_image,461,461,464,460.7999999999999,460.7999999999999,476.781
1790694084,360,6,steady,vit_base_image,74,74,74,73.56037151702786,73.56037151702786,100.828
1790694085,361,6,steady,resnet50_image,66,66,66,66.79901619663318,66.79901619663318,187.183
1790694085,361,6,steady,vgg16_image,460,461,465,460.7999999999999,460.7999999999999,476.781
1790694085,361,6,steady,vit_base_image,73,73,73,73.56037151702786,73.56037151702786,100.828
1790694086,362,6,steady,resnet50_image,67,67,67,66.79901619663318,66.79901619663318,187.183
1790694086,362,6,steady,vgg16_image,461,461,479,460.7999999999999,460.7999999999999,476.781
1790694086,362,6,steady,vit_base_image,74,74,74,73.56037151702786,73.56037151702786,100.828
1790694087,363,6,steady,resnet50_image,67,67,67,66.79901619663318,66.79901619663318,187.183
1790694087,363,6,steady,vgg16_image,461,387,352,460.7999999999999,460.7999999999999,476.781
1790694087,363,6,steady,vit_base_image,73,73,68,73.56037151702786,73.56037151702786,100.828
1790694088,364,6,steady,resnet50_image,67,67,67,66.79901619663318,66.79901619663318,187.183
1790694088,364,6,steady,vgg16_image,461,462,464,460.7999999999999,460.7999999999999,476.781
1790694088,364,6,steady,vit_base_image,74,74,79,73.56037151702786,73.56037151702786,100.828
1790694089,365,6,steady,resnet50_image,67,67,67,66.79901619663318,66.79901619663318,187.183
1790694089,365,6,steady,vgg16_image,461,460,464,460.7999999999999,460.7999999999999,476.781
1790694089,365,6,steady,vit_base_image,73,73,74,73.56037151702786,73.56037151702786,100.828
1790694090,366,6,steady,resnet50_image,66,66,66,66.79901619663318,66.79901619663318,187.183
1790694090,366,6,steady,vgg16_image,460,461,464,460.7999999999999,460.7999999999999,476.781
1790694090,366,6,steady,vit_base_image,74,74,73,73.56037151702786,73.56037151702786,100.828
1790694091,367,6,steady,resnet50_image,67,67,67,66.79901619663318,66.79901619663318,187.183
1790694091,367,6,steady,vgg16_image,461,461,464,460.7999999999999,460.7999999999999,476.781
1790694091,367,6,steady,vit_base_image,74,73,74,73.56037151702786,73.56037151702786,100.828
1790694092,368,6,steady,resnet50_image,67,67,67,66.79901619663318,66.79901619663318,187.183
1790694092,368,6,steady,vgg16_image,461,461,464,460.7999999999999,460.7999999999999,476.781
1790694092,368,6,steady,vit_base_image,73,74,73,73.56037151702786,73.56037151702786,100.828
1790694093,369,6,steady,resnet50_image,67,67,67,66.79901619663318,66.79901619663318,187.183
1790694093,369,6,steady,vgg16_image,461,459,475,460.7999999999999,460.7999999999999,476.781
1790694093,369,6,steady,vit_base_image,74,74,74,73.56037151702786,73.56037151702786,100.828
1790694094,370,6,steady,resnet50_image,67,67,67,66.79901619663318,66.79901619663318,187.183
1790694094,370,6,steady,vgg16_image,461,462,469,460.7999999999999,460.7999999999999,476.781
1790694094,370,6,steady,vit_base_image,73,73,73,73.56037151702786,73.56037151702786,100.828
1790694095,371,6,steady,resnet50_image,66,66,67,66.79901619663318,66.79901619663318,187.183
1790694095,371,6,steady,vgg16_image,460,461,464,460.7999999999999,460.7999999999999,476.781
1790694095,371,6,steady,vit_base_image,74,74,74,73.56037151702786,73.56037151702786,100.828
1790694096,372,6,steady,resnet50_image,67,67,66,66.79901619663318,66.79901619663318,187.183
1790694096,372,6,steady,vgg16_image,461,461,464,460.7999999999999,460.7999999999999,476.781
1790694096,372,6,steady,vit_base_image,73,73,73,73.56037151702786,73.56037151702786,100.828
1790694097,373,6,steady,resnet50_image,67,67,67,66.79901619663318,66.79901619663318,187.183
1790694097,373,6,steady,vgg16_image,461,460,464,460.7999999999999,460.7999999999999,476.781
1790694097,373,6,steady,vit_base_image,74,74,74,73.56037151702786,73.56037151702786,100.828
1790694098,374,6,steady,resnet50_image,67,67,67,66.79901619663318,66.79901619663318,187.183
1790694098,374,6,steady,vgg16_image,461,461,464,460.7999999999999,460.7999999999999,476.781
1790694098,374,6,steady,vit_base_image,73,73,74,73.56037151702786,73.56037151702786,100.828
1790694099,375,6,steady,resnet50_image,67,67,67,66.79901619663318,66.79901619663318,187.183
1790694099,375,6,steady,vgg16_image,461,461,480,460.7999999999999,460.7999999999999,476.781
1790694099,375,6,steady,vit_base_image,74,74,73,73.56037151702786,73.56037151702786,100.828
1790694100,376,6,steady,resnet50_image,66,66,66,66.79901619663318,66.79901619663318,187.183
1790694100,376,6,steady,vgg16_image,460,461,464,460.7999999999999,460.7999999999999,476.781
1790694100,376,6,steady,vit_base_image,74,73,74,73.56037151702786,73.56037151702786,100.828
1790694101,377,6,steady,resnet50_image,67,67,67,66.79901619663318,66.79901619663318,187.183
1790694101,377,6,steady,vgg16_image,461,461,464,460.7999999999999,460.7999999999999,476.781
1790694101,377,6,steady,vit_base_image,73,74,73,73.56037151702786,73.56037151702786,100.828
1790694102,378,6,steady,resnet50_image,67,67,67,66.79901619663318,66.79901619663318,187.183
1790694102,378,6,steady,vgg16_image,461,461,464,460.7999999999999,460.7999999999999,476.781
1790694102,378,6,steady,vit_base_image,74,74,73,73.56037151702786,73.56037151702786,100.828
1790694103,379,6,steady,resnet50_image,67,67,67,66.79901619663318,66.79901619663318,187.183
1790694103,379,6,steady,vgg16_image,461,449,368,460.7999999999999,460.7999999999999,476.781
1790694103,379,6,steady,vit_base_image,73,73,74,73.56037151702786,73.56037151702786,100.828
1790694104,380,6,steady,resnet50_image,67,66,67,66.79901619663318,66.79901619663318,187.183
1790694104,380,6,steady,vgg16_image,461,460,464,460.7999999999999,460.7999999999999,476.781
1790694104,380,6,steady,vit_base_image,74,74,74,73.56037151702786,73.56037151702786,100.828
1790694105,381,6,steady,resnet50_image,66,67,67,66.79901619663318,66.79901619663318,187.183
1790694105,381,6,steady,vgg16_image,460,461,464,460.7999999999999,460.7999999999999,476.781
1790694105,381,6,steady,vit_base_image,73,73,73,73.56037151702786,73.56037151702786,100.828
1790694106,382,6,steady,resnet50_image,67,67,66,66.79901619663318,66.79901619663318,187.183
1790694106,382,6,steady,vgg16_image,461,460,464,460.7999999999999,460.7999999999999,476.781
1790694106,382,6,steady,vit_base_image,74,74,74,73.56037151702786,73.56037151702786,100.828
1790694107,383,6,steady,resnet50_image,67,67,67,66.79901619663318,66.79901619663318,187.183
1790694107,383,6,steady,vgg16_image,461,461,471,460.7999999999999,460.7999999999999,476.781
1790694107,383,6,steady,vit_base_image,73,73,73,73.56037151702786,73.56037151702786,100.828
1790694108,384,6,steady,resnet50_image,67,67,67,66.79901619663318,66.79901619663318,187.183
1790694108,384,6,steady,vgg16_image,461,461,473,460.7999999999999,460.7999999999999,476.781
1790694108,384,6,steady,vit_base_image,74,74,74,73.56037151702786,73.56037151702786,100.828
1790694109,385,6,steady,resnet50_image,67,67,67,66.79901619663318,66.79901619663318,187.183
1790694109,385,6,steady,vgg16_image,461,461,464,460.7999999999999,460.7999999999999,476.781
1790694109,385,6,steady,vit_base_image,74,74,74,73.56037151702786,73.56037151702786,100.828
1790694110,386,6,steady,resnet50_image,66,66,67,66.79901619663318,66.79901619663318,187.183
1790694110,386,6,steady,vgg16_image,460,461,464,460.7999999999999,460.7999999999999,476.781
1790694110,386,6,steady,vit_base_image,73,73,73,73.56037151702786,73.56037151702786,100.828
1790694111,387,,,resnet50_image,67,67,66,,,187.183
1790694111,387,,,vgg16_image,461,461,464,,,476.781
1790694111,387,,,vit_base_image,74,74,74,,,100.828
1790694112,388,,,resnet50_image,67,67,67,,,187.183
1790694112,388,,,vgg16_image,461,460,464,,,476.781
1790694112,388,,,vit_base_image,73,73,74,,,100.828
1790694113,389,,,resnet50_image,67,67,67,,,187.183
1790694113,389,,,vgg16_image,461,462,477,,,476.781
1790694113,389,,,vit_base_image,74,74,73,,,100.828
1790694114,390,,,resnet50_image,67,67,67,,,187.183
1790694114,390,,,vgg16_image,461,460,453,,,476.781
1790694114,390,,,vit_base_image,73,73,74,,,100.828
1790694115,391,,,resnet50_image,66,66,67,,,187.183
1790694115,391,,,vgg16_image,460,461,478,,,476.781
1790694115,391,,,vit_base_image,74,74,73,,,100.828
1790694116,392,,,resnet50_image,67,67,66,,,187.183
1790694116,392,,,vgg16_image,461,461,464,,,476.781
1790694116,392,,,vit_base_image,74,73,74,,,100.828
1790694117,393,,,resnet50_image,67,67,67,,,187.183
1790694117,393,,,vgg16_image,461,461,464,,,476.781
1790694117,393,,,vit_base_image,73,74,73,,,100.828
1790694118,394,,,resnet50_image,67,67,67,,,187.183
1790694118,394,,,vgg16_image,461,460,464,,,476.781
1790694118,394,,,vit_base_image,74,74,73,,,100.828
1790694119,395,,,resnet50_image,67,67,67,,,187.183
1790694119,395,,,vgg16_image,461,461,464,,,476.781
1790694119,395,,,vit_base_image,73,73,74,,,100.828
1790694120,396,,,resnet50_image,66,66,67,,,187.183
1790694120,396,,,vgg16_image,460,461,432,,,476.781
1790694120,396,,,vit_base_image,74,74,73,,,100.828
1790694121,397,,,resnet50_image,67,67,67,,,187.183
1790694121,397,,,vgg16_image,461,461,464,,,476.781
1790694121,397,,,vit_base_image,73,73,74,,,100.828
1790694122,398,,,resnet50_image,66,66,65,,,187.183
1790694122,398,,,vgg16_image,460,459,448,,,476.781
1790694122,398,,,vit_base_image,74,74,74,,,100.828
1790694123,399,7,transition,resnet50_image,57,57,58,57.53197095336495,57.53197095336495,187.183
1790694123,399,7,transition,vgg16_image,461,461,480,460.7999999999999,469.7719626168224,476.781
1790694123,399,7,transition,vit_base_image,74,74,74,73.56037151702786,122.60061919504642,100.828
1790694124,400,7,transition,resnet50_image,58,58,57,57.53197095336495,57.53197095336495,187.183
1790694124,400,7,transition,vgg16_image,461,461,464,460.7999999999999,469.7719626168224,476.781
1790694124,400,7,transition,vit_base_image,73,73,73,73.56037151702786,122.60061919504642,100.828
1790694125,401,7,transition,resnet50_image,58,57,58,57.53197095336495,57.53197095336495,187.183
1790694125,401,7,transition,vgg16_image,461,461,464,460.7999999999999,469.7719626168224,476.781
1790694125,401,7,transition,vit_base_image,74,74,74,73.56037151702786,122.60061919504642,100.828
1790694126,402,7,transition,resnet50_image,57,58,57,57.53197095336495,57.53197095336495,187.183
1790694126,402,7,transition,vgg16_image,461,461,464,460.7999999999999,469.7719626168224,476.781
1790694126,402,7,transition,vit_base_image,73,73,73,73.56037151702786,122.60061919504642,100.828
1790694127,403,7,transition,resnet50_image,58,57,58,57.53197095336495,57.53197095336495,187.183
1790694127,403,7,transition,vgg16_image,460,460,467,460.7999999999999,469.7719626168224,476.781
1790694127,403,7,transition,vit_base_image,74,74,74,73.56037151702786,122.60061919504642,100.828
1790694128,404,7,transition,resnet50_image,57,58,57,57.53197095336495,57.53197095336495,187.183
1790694128,404,7,transition,vgg16_image,461,462,477,460.7999999999999,469.7719626168224,476.781
1790694128,404,7,transition,vit_base_image,73,73,74,73.56037151702786,122.60061919504642,100.828
1790694129,405,7,transition,resnet50_image,58,58,58,57.53197095336495,57.53197095336495,187.183
1790694129,405,7,transition,vgg16_image,461,460,464,460.7999999999999,469.7719626168224,476.781
1790694129,405,7,transition,vit_base_image,74,74,73,73.56037151702786,122.60061919504642,100.828
1790694130,406,7,transition,resnet50_image,57,57,57,57.53197095336495,57.53197095336495,187.183
1790694130,406,7,transition,vgg16_image,461,429,320,460.7999999999999,469.7719626168224,476.781
1790694130,406,7,transition,vit_base_image,74,74,73,73.56037151702786,122.60061919504642,100.828
1790694131,407,7,transition,resnet50_image,58,58,58,57.53197095336495,57.53197095336495,187.183
1790694131,407,7,transition,vgg16_image,461,461,464,460.7999999999999,469.7719626168224,476.781
1790694131,407,7,transition,vit_base_image,73,73,74,73.56037151702786,122.60061919504642,100.828
1790694132,408,7,transition,resnet50_image,57,57,58,57.53197095336495,57.53197095336495,187.183
1790694132,408,7,transition,vgg16_image,460,461,480,460.7999999999999,469.7719626168224,476.781
1790694132,408,7,transition,vit_base_image,74,74,73,73.56037151702786,122.60061919504642,126.198
1790694133,409,7,transition,resnet50_image,58,58,57,57.53197095336495,57.53197095336495,187.183
1790694133,409,7,transition,vgg16_image,461,460,457,460.7999999999999,469.7719626168224,476.781
1790694133,409,7,transition,vit_base_image,73,73,73,73.56037151702786,122.60061919504642,126.198
1790694134,410,7,transition,resnet50_image,57,57,57,57.53197095336495,57.53197095336495,187.183
1790694134,410,7,transition,vgg16_image,461,461,471,460.7999999999999,469.7719626168224,476.781
1790694134,410,7,transition,vit_base_image,74,74,74,73.56037151702786,122.60061919504642,126.198
1790694135,411,7,transition,resnet50_image,58,58,58,57.53197095336495,57.53197095336495,187.183
1790694135,411,7,transition,vgg16_image,461,461,464,460.7999999999999,469.7719626168224,476.781
1790694135,411,7,transition,vit_base_image,73,73,73,73.56037151702786,122.60061919504642,126.198
1790694136,412,7,steady,resnet50_image,57,56,57,57.53197095336495,57.53197095336495,187.183
1790694136,412,7,steady,vgg16_image,467,467,464,469.7719626168224,469.7719626168224,476.781
1790694136,412,7,steady,vit_base_image,118,118,104,122.60061919504642,122.60061919504642,126.198
1790694137,413,7,steady,resnet50_image,57,58,52,57.53197095336495,57.53197095336495,187.183
1790694137,413,7,steady,vgg16_image,470,439,400,469.7719626168224,469.7719626168224,476.781
1790694137,413,7,steady,vit_base_image,123,122,96,122.60061919504642,122.60061919504642,126.198
1790694138,414,7,steady,resnet50_image,58,58,63,57.53197095336495,57.53197095336495,187.183
1790694138,414,7,steady,vgg16_image,469,448,449,469.7719626168224,469.7719626168224,476.781
1790694138,414,7,steady,vit_base_image,122,123,121,122.60061919504642,122.60061919504642,126.198
1790694139,415,7,steady,resnet50_image,57,57,57,57.53197095336495,57.53197095336495,187.183
1790694139,415,7,steady,vgg16_image,470,466,479,469.7719626168224,469.7719626168224,476.781
1790694139,415,7,steady,vit_base_image,123,123,126,122.60061919504642,122.60061919504642,126.198
1790694140,416,7,steady,resnet50_image,58,58,58,57.53197095336495,57.53197095336495,187.183
1790694140,416,7,steady,vgg16_image,470,463,451,469.7719626168224,469.7719626168224,476.781
1790694140,416,7,steady,vit_base_image,122,122,112,122.60061919504642,122.60061919504642,126.198
1790694141,417,7,steady,resnet50_image,57,57,57,57.53197095336495,57.53197095336495,187.183
1790694141,417,7,steady,vgg16_image,470,461,462,469.7719626168224,469.7719626168224,476.781
1790694141,417,7,steady,vit_base_image,123,123,112,122.60061919504642,122.60061919504642,126.198
1790694142,418,7,steady,resnet50_image,58,58,58,57.53197095336495,57.53197095336495,187.183
1790694142,418,7,steady,vgg16_image,469,465,479,469.7719626168224,469.7719626168224,476.781
1790694142,418,7,steady,vit_base_image,123,122,128,122.60061919504642,122.60061919504642,126.198
1790694143,419,7,steady,resnet50_image,57,57,57,57.53197095336495,57.53197095336495,187.183
1790694143,419,7,steady,vgg16_image,470,465,458,469.7719626168224,469.7719626168224,476.781
1790694143,419,7,steady,vit_base_image,122,123,128,122.60061919504642,122.60061919504642,126.198
1790694144,420,7,steady,resnet50_image,58,58,58,57.53197095336495,57.53197095336495,187.183
1790694144,420,7,steady,vgg16_image,470,460,454,469.7719626168224,469.7719626168224,476.781
1790694144,420,7,steady,vit_base_image,123,123,112,122.60061919504642,122.60061919504642,126.198
1790694145,421,7,steady,resnet50_image,57,57,49,57.53197095336495,57.53197095336495,187.183
1790694145,421,7,steady,vgg16_image,470,404,400,469.7719626168224,469.7719626168224,476.781
1790694145,421,7,steady,vit_base_image,122,122,112,122.60061919504642,122.60061919504642,126.198
1790694146,422,7,steady,resnet50_image,58,58,66,57.53197095336495,57.53197095336495,187.183
1790694146,422,7,steady,vgg16_image,470,463,464,469.7719626168224,469.7719626168224,476.781
1790694146,422,7,steady,vit_base_image,123,123,128,122.60061919504642,122.60061919504642,126.198
1790694147,423,7,steady,resnet50_image,57,57,58,57.53197095336495,57.53197095336495,187.183
1790694147,423,7,steady,vgg16_image,469,463,464,469.7719626168224,469.7719626168224,476.781
1790694147,423,7,steady,vit_base_image,123,122,128,122.60061919504642,122.60061919504642,126.198
1790694148,424,7,steady,resnet50_image,58,58,57,57.53197095336495,57.53197095336495,187.183
1790694148,424,7,steady,vgg16_image,470,465,464,469.7719626168224,469.7719626168224,476.781
1790694148,424,7,steady,vit_base_image,122,123,112,122.60061919504642,122.60061919504642,126.198
1790694149,425,7,steady,resnet50_image,57,57,58,57.53197095336495,57.53197095336495,187.183
1790694149,425,7,steady,vgg16_image,470,463,464,469.7719626168224,469.7719626168224,476.781
1790694149,425,7,steady,vit_base_image,123,123,128,122.60061919504642,122.60061919504642,126.198
1790694150,426,7,steady,resnet50_image,58,58,57,57.53197095336495,57.53197095336495,187.183
1790694150,426,7,steady,vgg16_image,470,464,464,469.7719626168224,469.7719626168224,476.781
1790694150,426,7,steady,vit_base_image,122,122,112,122.60061919504642,122.60061919504642,126.198
1790694151,427,7,steady,resnet50_image,57,57,58,57.53197095336495,57.53197095336495,187.183
1790694151,427,7,steady,vgg16_image,469,460,464,469.7719626168224,469.7719626168224,476.781
1790694151,427,7,steady,vit_base_image,123,123,128,122.60061919504642,122.60061919504642,126.198
1790694152,428,7,steady,resnet50_image,58,58,57,57.53197095336495,57.53197095336495,187.183
1790694152,428,7,steady,vgg16_image,470,467,464,469.7719626168224,469.7719626168224,476.781
1790694152,428,7,steady,vit_base_image,123,123,112,122.60061919504642,122.60061919504642,126.198
1790694153,429,7,steady,resnet50_image,58,57,58,57.53197095336495,57.53197095336495,187.183
1790694153,429,7,steady,vgg16_image,470,464,464,469.7719626168224,469.7719626168224,476.781
1790694153,429,7,steady,vit_base_image,122,122,128,122.60061919504642,122.60061919504642,126.198
1790694154,430,7,steady,resnet50_image,57,58,57,57.53197095336495,57.53197095336495,187.183
1790694154,430,7,steady,vgg16_image,470,463,464,469.7719626168224,469.7719626168224,476.781
1790694154,430,7,steady,vit_base_image,123,123,112,122.60061919504642,122.60061919504642,126.198
1790694155,431,7,steady,resnet50_image,58,58,58,57.53197095336495,57.53197095336495,187.183
1790694155,431,7,steady,vgg16_image,469,465,464,469.7719626168224,469.7719626168224,476.781
1790694155,431,7,steady,vit_base_image,122,122,128,122.60061919504642,122.60061919504642,126.198
1790694156,432,7,steady,resnet50_image,57,57,57,57.53197095336495,57.53197095336495,187.183
1790694156,432,7,steady,vgg16_image,470,463,464,469.7719626168224,469.7719626168224,476.781
1790694156,432,7,steady,vit_base_image,123,123,112,122.60061919504642,122.60061919504642,126.198
1790694157,433,7,steady,resnet50_image,58,58,58,57.53197095336495,57.53197095336495,187.183
1790694157,433,7,steady,vgg16_image,470,466,464,469.7719626168224,469.7719626168224,476.781
1790694157,433,7,steady,vit_base_image,123,122,128,122.60061919504642,122.60061919504642,126.198
1790694158,434,7,steady,resnet50_image,57,57,58,57.53197095336495,57.53197095336495,187.183
1790694158,434,7,steady,vgg16_image,470,462,464,469.7719626168224,469.7719626168224,476.781
1790694158,434,7,steady,vit_base_image,122,123,128,122.60061919504642,122.60061919504642,126.198
1790694159,435,7,steady,resnet50_image,58,58,57,57.53197095336495,57.53197095336495,187.183
1790694159,435,7,steady,vgg16_image,470,464,464,469.7719626168224,469.7719626168224,476.781
1790694159,435,7,steady,vit_base_image,123,123,112,122.60061919504642,122.60061919504642,126.198
1790694160,436,7,steady,resnet50_image,57,57,58,57.53197095336495,57.53197095336495,187.183
1790694160,436,7,steady,vgg16_image,469,464,464,469.7719626168224,469.7719626168224,476.781
1790694160,436,7,steady,vit_base_image,122,122,112,122.60061919504642,122.60061919504642,126.198
1790694161,437,7,steady,resnet50_image,58,58,57,57.53197095336495,57.53197095336495,187.183
1790694161,437,7,steady,vgg16_image,470,464,464,469.7719626168224,469.7719626168224,476.781
1790694161,437,7,steady,vit_base_image,123,123,128,122.60061919504642,122.60061919504642,126.198
1790694162,438,7,steady,resnet50_image,57,57,58,57.53197095336495,57.53197095336495,187.183
1790694162,438,7,steady,vgg16_image,470,463,464,469.7719626168224,469.7719626168224,476.781
1790694162,438,7,steady,vit_base_image,123,122,128,122.60061919504642,122.60061919504642,126.198
1790694163,439,7,steady,resnet50_image,58,58,57,57.53197095336495,57.53197095336495,187.183
1790694163,439,7,steady,vgg16_image,470,464,464,469.7719626168224,469.7719626168224,476.781
1790694163,439,7,steady,vit_base_image,122,123,128,122.60061919504642,122.60061919504642,126.198
1790694164,440,7,steady,resnet50_image,57,57,58,57.53197095336495,57.53197095336495,187.183
1790694164,440,7,steady,vgg16_image,469,464,464,469.7719626168224,469.7719626168224,476.781
1790694164,440,7,steady,vit_base_image,123,123,96,122.60061919504642,122.60061919504642,126.198
1790694165,441,7,steady,resnet50_image,58,58,57,57.53197095336495,57.53197095336495,187.183
1790694165,441,7,steady,vgg16_image,470,464,464,469.7719626168224,469.7719626168224,476.781
1790694165,441,7,steady,vit_base_image,122,122,128,122.60061919504642,122.60061919504642,126.198
1790694166,442,,,resnet50_image,57,57,58,,,187.183
1790694166,442,,,vgg16_image,470,464,464,,,476.781
1790694166,442,,,vit_base_image,123,123,128,,,126.198
1790694167,443,,,resnet50_image,58,57,55,,,187.183
1790694167,443,,,vgg16_image,470,454,455,,,476.781
1790694167,443,,,vit_base_image,123,120,128,,,126.198
1790694168,444,,,resnet50_image,58,58,60,,,187.183
1790694168,444,,,vgg16_image,470,440,448,,,476.781
1790694168,444,,,vit_base_image,122,125,96,,,126.198
1790694169,445,,,resnet50_image,57,58,57,,,187.183
1790694169,445,,,vgg16_image,469,471,460,,,476.781
1790694169,445,,,vit_base_image,123,122,128,,,126.198
1790694170,446,,,resnet50_image,58,57,58,,,187.183
1790694170,446,,,vgg16_image,470,463,461,,,476.781
1790694170,446,,,vit_base_image,122,123,128,,,126.198
1790694171,447,,,resnet50_image,57,58,57,,,187.183
1790694171,447,,,vgg16_image,470,464,465,,,476.781
1790694171,447,,,vit_base_image,123,123,128,,,126.198
1790694172,448,,,resnet50_image,58,58,58,,,187.183
1790694172,448,,,vgg16_image,470,464,470,,,476.781
1790694172,448,,,vit_base_image,123,123,128,,,126.198
1790694173,449,8,transition,resnet50_image,57,57,57,57.53197095336495,82.23661214667806,187.183
1790694173,449,8,transition,vgg16_image,371,362,459,317.607476635514,317.607476635514,476.781
1790694173,449,8,transition,vit_base_image,122,122,96,122.60061919504642,122.60061919504642,126.198
1790694174,450,8,transition,resnet50_image,58,58,58,57.53197095336495,82.23661214667806,187.183
1790694174,450,8,transition,vgg16_image,318,318,462,317.607476635514,317.607476635514,476.781
1790694174,450,8,transition,vit_base_image,123,122,128,122.60061919504642,122.60061919504642,126.198
1790694175,451,8,transition,resnet50_image,57,57,58,57.53197095336495,82.23661214667806,187.183
1790694175,451,8,transition,vgg16_image,317,318,318,317.607476635514,317.607476635514,476.781
1790694175,451,8,transition,vit_base_image,122,123,128,122.60061919504642,122.60061919504642,126.198
1790694176,452,8,transition,resnet50_image,58,58,57,57.53197095336495,82.23661214667806,187.183
1790694176,452,8,transition,vgg16_image,318,318,315,317.607476635514,317.607476635514,476.781
1790694176,452,8,transition,vit_base_image,123,123,128,122.60061919504642,122.60061919504642,126.198
1790694177,453,8,transition,resnet50_image,57,57,58,57.53197095336495,82.23661214667806,187.183
1790694177,453,8,transition,vgg16_image,318,317,319,317.607476635514,317.607476635514,476.781
1790694177,453,8,transition,vit_base_image,123,122,128,122.60061919504642,122.60061919504642,126.198
1790694178,454,8,transition,resnet50_image,58,58,57,57.53197095336495,82.23661214667806,187.183
1790694178,454,8,transition,vgg16_image,317,318,320,317.607476635514,317.607476635514,476.781
1790694178,454,8,transition,vit_base_image,122,123,112,122.60061919504642,122.60061919504642,126.198
1790694179,455,8,transition,resnet50_image,57,57,58,57.53197095336495,82.23661214667806,187.183
1790694179,455,8,transition,vgg16_image,318,318,316,317.607476635514,317.607476635514,476.781
1790694179,455,8,transition,vit_base_image,123,123,112,122.60061919504642,122.60061919504642,126.198
1790694180,456,8,transition,resnet50_image,58,58,57,57.53197095336495,82.23661214667806,187.183
1790694180,456,8,transition,vgg16_image,318,317,314,317.607476635514,317.607476635514,476.781
1790694180,456,8,transition,vit_base_image,122,122,128,122.60061919504642,122.60061919504642,126.198
1790694181,457,8,transition,resnet50_image,57,57,57,57.53197095336495,82.23661214667806,187.183
1790694181,457,8,transition,vgg16_image,317,318,319,317.607476635514,317.607476635514,476.781
1790694181,457,8,transition,vit_base_image,123,123,128,122.60061919504642,122.60061919504642,126.198
1790694182,458,8,transition,resnet50_image,58,58,58,57.53197095336495,82.23661214667806,187.183
1790694182,458,8,transition,vgg16_image,318,317,318,317.607476635514,317.607476635514,476.781
1790694182,458,8,transition,vit_base_image,123,122,128,122.60061919504642,122.60061919504642,126.198
1790694183,459,8,transition,resnet50_image,57,57,58,57.53197095336495,82.23661214667806,187.183
1790694183,459,8,transition,vgg16_image,317,318,319,317.607476635514,317.607476635514,368.48
1790694183,459,8,transition,vit_base_image,122,123,128,122.60061919504642,122.60061919504642,126.198
1790694184,460,8,transition,resnet50_image,58,58,57,57.53197095336495,82.23661214667806,187.183
1790694184,460,8,transition,vgg16_image,318,318,318,317.607476635514,317.607476635514,368.48
1790694184,460,8,transition,vit_base_image,123,123,112,122.60061919504642,122.60061919504642,126.198
1790694185,461,8,steady,resnet50_image,77,77,77,82.23661214667806,82.23661214667806,187.183
1790694185,461,8,steady,vgg16_image,317,316,237,317.607476635514,317.607476635514,368.48
1790694185,461,8,steady,vit_base_image,122,122,128,122.60061919504642,122.60061919504642,126.198
1790694186,462,8,steady,resnet50_image,83,83,82,82.23661214667806,82.23661214667806,187.183
1790694186,462,8,steady,vgg16_image,317,318,356,317.607476635514,317.607476635514,368.48
1790694186,462,8,steady,vit_base_image,123,123,112,122.60061919504642,122.60061919504642,126.198
1790694187,463,8,steady,resnet50_image,82,82,83,82.23661214667806,82.23661214667806,187.183
1790694187,463,8,steady,vgg16_image,318,318,348,317.607476635514,317.607476635514,368.48
1790694187,463,8,steady,vit_base_image,122,122,128,122.60061919504642,122.60061919504642,126.198
1790694188,464,8,steady,resnet50_image,82,82,82,82.23661214667806,82.23661214667806,187.183
1790694188,464,8,steady,vgg16_image,318,317,330,317.607476635514,317.607476635514,368.48
1790694188,464,8,steady,vit_base_image,123,123,128,122.60061919504642,122.60061919504642,126.198
1790694189,465,8,steady,resnet50_image,82,82,82,82.23661214667806,82.23661214667806,187.183
1790694189,465,8,steady,vgg16_image,317,318,316,317.607476635514,317.607476635514,368.48
1790694189,465,8,steady,vit_base_image,122,122,112,122.60061919504642,122.60061919504642,126.198
1790694190,466,8,steady,resnet50_image,83,83,83,82.23661214667806,82.23661214667806,187.183
1790694190,466,8,steady,vgg16_image,318,318,319,317.607476635514,317.607476635514,368.48
1790694190,466,8,steady,vit_base_image,123,123,128,122.60061919504642,122.60061919504642,126.198
1790694191,467,8,steady,resnet50_image,82,82,74,82.23661214667806,82.23661214667806,187.183
1790694191,467,8,steady,vgg16_image,317,317,282,317.607476635514,317.607476635514,368.48
1790694191,467,8,steady,vit_base_image,123,123,128,122.60061919504642,122.60061919504642,126.198
1790694192,468,8,steady,resnet50_image,82,82,90,82.23661214667806,82.23661214667806,187.183
1790694192,468,8,steady,vgg16_image,318,318,340,317.607476635514,317.607476635514,368.48
1790694192,468,8,steady,vit_base_image,122,122,112,122.60061919504642,122.60061919504642,126.198
1790694193,469,8,steady,resnet50_image,82,82,83,82.23661214667806,82.23661214667806,187.183
1790694193,469,8,steady,vgg16_image,318,317,328,317.607476635514,317.607476635514,368.48
1790694193,469,8,steady,vit_base_image,123,123,128,122.60061919504642,122.60061919504642,126.198
1790694194,470,8,steady,resnet50_image,83,82,81,82.23661214667806,82.23661214667806,187.183
1790694194,470,8,steady,vgg16_image,317,318,319,317.607476635514,317.607476635514,368.48
1790694194,470,8,steady,vit_base_image,122,122,117,122.60061919504642,122.60061919504642,126.198
1790694195,471,8,steady,resnet50_image,82,83,83,82.23661214667806,82.23661214667806,187.183
1790694195,471,8,steady,vgg16_image,318,318,320,317.607476635514,317.607476635514,368.48
1790694195,471,8,steady,vit_base_image,123,123,123,122.60061919504642,122.60061919504642,126.198
1790694196,472,8,steady,resnet50_image,82,82,82,82.23661214667806,82.23661214667806,187.183
1790694196,472,8,steady,vgg16_image,317,317,316,317.607476635514,317.607476635514,368.48
1790694196,472,8,steady,vit_base_image,123,122,128,122.60061919504642,122.60061919504642,126.198
1790694197,473,8,steady,resnet50_image,82,82,82,82.23661214667806,82.23661214667806,187.183
1790694197,473,8,steady,vgg16_image,318,317,316,317.607476635514,317.607476635514,368.48
1790694197,473,8,steady,vit_base_image,122,123,128,122.60061919504642,122.60061919504642,126.198
1790694198,474,8,steady,resnet50_image,83,82,82,82.23661214667806,82.23661214667806,187.183
1790694198,474,8,steady,vgg16_image,318,318,320,317.607476635514,317.607476635514,368.48
1790694198,474,8,steady,vit_base_image,123,123,112,122.60061919504642,122.60061919504642,126.198
1790694199,475,8,steady,resnet50_image,82,83,83,82.23661214667806,82.23661214667806,187.183
1790694199,475,8,steady,vgg16_image,317,318,316,317.607476635514,317.607476635514,368.48
1790694199,475,8,steady,vit_base_image,122,122,128,122.60061919504642,122.60061919504642,126.198
1790694200,476,8,steady,resnet50_image,82,82,82,82.23661214667806,82.23661214667806,187.183
1790694200,476,8,steady,vgg16_image,318,317,320,317.607476635514,317.607476635514,368.48
1790694200,476,8,steady,vit_base_image,123,123,112,122.60061919504642,122.60061919504642,126.198
1790694201,477,8,steady,resnet50_image,82,82,82,82.23661214667806,82.23661214667806,187.183
1790694201,477,8,steady,vgg16_image,318,318,315,317.607476635514,317.607476635514,368.48
1790694201,477,8,steady,vit_base_image,123,123,128,122.60061919504642,122.60061919504642,126.198
1790694202,478,8,steady,resnet50_image,83,82,83,82.23661214667806,82.23661214667806,187.183
1790694202,478,8,steady,vgg16_image,317,318,316,317.607476635514,317.607476635514,368.48
1790694202,478,8,steady,vit_base_image,122,122,128,122.60061919504642,122.60061919504642,126.198
1790694203,479,8,steady,resnet50_image,82,83,82,82.23661214667806,82.23661214667806,187.183
1790694203,479,8,steady,vgg16_image,318,317,317,317.607476635514,317.607476635514,368.48
1790694203,479,8,steady,vit_base_image,123,123,128,122.60061919504642,122.60061919504642,126.198
1790694204,480,8,steady,resnet50_image,82,82,82,82.23661214667806,82.23661214667806,187.183
1790694204,480,8,steady,vgg16_image,317,318,321,317.607476635514,317.607476635514,368.48
1790694204,480,8,steady,vit_base_image,122,122,113,122.60061919504642,122.60061919504642,126.198
1790694205,481,8,steady,resnet50_image,82,82,82,82.23661214667806,82.23661214667806,187.183
1790694205,481,8,steady,vgg16_image,318,317,318,317.607476635514,317.607476635514,368.48
1790694205,481,8,steady,vit_base_image,123,123,111,122.60061919504642,122.60061919504642,126.198
1790694206,482,8,steady,resnet50_image,82,82,82,82.23661214667806,82.23661214667806,187.183
1790694206,482,8,steady,vgg16_image,318,318,316,317.607476635514,317.607476635514,368.48
1790694206,482,8,steady,vit_base_image,123,122,128,122.60061919504642,122.60061919504642,126.198
1790694207,483,8,steady,resnet50_image,83,83,82,82.23661214667806,82.23661214667806,187.183
1790694207,483,8,steady,vgg16_image,317,318,320,317.607476635514,317.607476635514,368.48
1790694207,483,8,steady,vit_base_image,122,123,128,122.60061919504642,122.60061919504642,126.198
1790694208,484,8,steady,resnet50_image,82,82,83,82.23661214667806,82.23661214667806,187.183
1790694208,484,8,steady,vgg16_image,318,318,316,317.607476635514,317.607476635514,368.48
1790694208,484,8,steady,vit_base_image,123,123,128,122.60061919504642,122.60061919504642,126.198
1790694209,485,8,steady,resnet50_image,82,82,82,82.23661214667806,82.23661214667806,187.183
1790694209,485,8,steady,vgg16_image,317,317,318,317.607476635514,317.607476635514,368.48
1790694209,485,8,steady,vit_base_image,122,122,128,122.60061919504642,122.60061919504642,126.198
1790694210,486,8,steady,resnet50_image,82,82,83,82.23661214667806,82.23661214667806,187.183
1790694210,486,8,steady,vgg16_image,318,318,319,317.607476635514,317.607476635514,368.48
1790694210,486,8,steady,vit_base_image,123,123,128,122.60061919504642,122.60061919504642,126.198
1790694211,487,8,steady,resnet50_image,83,83,82,82.23661214667806,82.23661214667806,187.183
1790694211,487,8,steady,vgg16_image,318,317,316,317.607476635514,317.607476635514,368.48
1790694211,487,8,steady,vit_base_image,123,122,96,122.60061919504642,122.60061919504642,126.198
1790694212,488,8,steady,resnet50_image,82,82,82,82.23661214667806,82.23661214667806,187.183
1790694212,488,8,steady,vgg16_image,317,318,317,317.607476635514,317.607476635514,368.48
1790694212,488,8,steady,vit_base_image,122,123,128,122.60061919504642,122.60061919504642,126.198
1790694213,489,8,steady,resnet50_image,82,82,82,82.23661214667806,82.23661214667806,187.183
1790694213,489,8,steady,vgg16_image,318,318,319,317.607476635514,317.607476635514,368.48
1790694213,489,8,steady,vit_base_image,123,123,128,122.60061919504642,122.60061919504642,126.198
1790694214,490,8,steady,resnet50_image,82,82,83,82.23661214667806,82.23661214667806,187.183
1790694214,490,8,steady,vgg16_image,317,317,319,317.607476635514,317.607476635514,368.48
1790694214,490,8,steady,vit_base_image,122,122,128,122.60061919504642,122.60061919504642,126.198
1790694215,491,,,resnet50_image,83,82,82,,,187.183
1790694215,491,,,vgg16_image,318,318,316,,,368.48
1790694215,491,,,vit_base_image,123,123,128,,,126.198
1790694216,492,,,resnet50_image,82,83,82,,,187.183
1790694216,492,,,vgg16_image,318,317,316,,,368.48
1790694216,492,,,vit_base_image,123,122,128,,,126.198
1790694217,493,,,resnet50_image,82,82,82,,,187.183
1790694217,493,,,vgg16_image,317,318,319,,,368.48
1790694217,493,,,vit_base_image,122,123,96,,,126.198
1790694218,494,,,resnet50_image,82,82,82,,,187.183
1790694218,494,,,vgg16_image,318,317,319,,,368.48
1790694218,494,,,vit_base_image,123,123,128,,,126.198
1790694219,495,,,resnet50_image,83,82,83,,,187.183
1790694219,495,,,vgg16_image,317,318,315,,,368.48
1790694219,495,,,vit_base_image,122,122,128,,,126.198
1790694220,496,,,resnet50_image,82,81,68,,,187.183
1790694220,496,,,vgg16_image,318,313,266,,,368.48
1790694220,496,,,vit_base_image,123,122,128,,,126.198
1790694221,497,,,resnet50_image,82,84,96,,,187.183
1790694221,497,,,vgg16_image,318,322,321,,,368.48
1790694221,497,,,vit_base_image,123,124,128,,,126.198
1790694222,498,,,resnet50_image,82,82,82,,,187.183
1790694222,498,,,vgg16_image,317,317,348,,,368.48
1790694222,498,,,vit_base_image,122,122,112,,,126.198
1790694223,499,9,transition,resnet50_image,82,82,82,82.23661214667806,100.61363406976928,187.183
1790694223,499,9,transition,vgg16_image,318,317,334,317.607476635514,474.79626168224297,368.48
1790694223,499,9,transition,vit_base_image,123,122,114,122.60061919504642,122.60061919504642,126.198
1790694224,500,9,transition,resnet50_image,82,82,82,82.23661214667806,100.61363406976928,187.183
1790694224,500,9,transition,vgg16_image,317,319,320,317.607476635514,474.79626168224297,368.48
1790694224,500,9,transition,vit_base_image,122,123,126,122.60061919504642,122.60061919504642,126.198
1790694225,501,9,transition,resnet50_image,83,82,83,82.23661214667806,100.61363406976928,187.183
1790694225,501,9,transition,vgg16_image,318,317,318,317.607476635514,474.79626168224297,368.48
1790694225,501,9,transition,vit_base_image,123,123,128,122.60061919504642,122.60061919504642,126.198
1790694226,502,9,transition,resnet50_image,82,83,82,82.23661214667806,100.61363406976928,187.183
1790694226,502,9,transition,vgg16_image,317,318,317,317.607476635514,474.79626168224297,368.48
1790694226,502,9,transition,vit_base_image,123,122,128,122.60061919504642,122.60061919504642,126.198
1790694227,503,9,transition,resnet50_image,82,82,82,82.23661214667806,100.61363406976928,187.183
1790694227,503,9,transition,vgg16_image,318,318,316,317.607476635514,474.79626168224297,368.48
1790694227,503,9,transition,vit_base_image,122,123,128,122.60061919504642,122.60061919504642,126.198
1790694228,504,9,transition,resnet50_image,82,82,82,82.23661214667806,100.61363406976928,187.183
1790694228,504,9,transition,vgg16_image,318,317,320,317.607476635514,474.79626168224297,368.48
1790694228,504,9,transition,vit_base_image,123,122,112,122.60061919504642,122.60061919504642,126.198
1790694229,505,9,transition,resnet50_image,83,82,82,82.23661214667806,100.61363406976928,187.183
1790694229,505,9,transition,vgg16_image,317,318,316,317.607476635514,474.79626168224297,368.48
1790694229,505,9,transition,vit_base_image,122,123,128,122.60061919504642,122.60061919504642,126.198
1790694230,506,9,transition,resnet50_image,82,83,83,82.23661214667806,100.61363406976928,187.183
1790694230,506,9,transition,vgg16_image,318,317,276,317.607476635514,474.79626168224297,368.48
1790694230,506,9,transition,vit_base_image,123,123,112,122.60061919504642,122.60061919504642,126.198
1790694231,507,9,transition,resnet50_image,82,82,82,82.23661214667806,100.61363406976928,187.183
1790694231,507,9,transition,vgg16_image,317,318,352,317.607476635514,474.79626168224297,368.48
1790694231,507,9,transition,vit_base_image,123,122,128,122.60061919504642,122.60061919504642,126.198
1790694232,508,9,transition,resnet50_image,82,82,82,82.23661214667806,100.61363406976928,187.183
1790694232,508,9,transition,vgg16_image,318,317,325,317.607476635514,474.79626168224297,476.781
1790694232,508,9,transition,vit_base_image,122,123,128,122.60061919504642,122.60061919504642,126.198
1790694233,509,9,transition,resnet50_image,82,82,82,82.23661214667806,100.61363406976928,187.183
1790694233,509,9,transition,vgg16_image,318,318,314,317.607476635514,474.79626168224297,476.781
1790694233,509,9,transition,vit_base_image,123,123,112,122.60061919504642,122.60061919504642,126.198
1790694234,510,9,transition,resnet50_image,83,83,83,82.23661214667806,100.61363406976928,187.183
1790694234,510,9,transition,vgg16_image,317,318,320,317.607476635514,474.79626168224297,476.781
1790694234,510,9,transition,vit_base_image,122,122,128,122.60061919504642,122.60061919504642,126.198
1790694235,511,9,transition,resnet50_image,82,82,82,82.23661214667806,100.61363406976928,187.183
1790694235,511,9,transition,vgg16_image,318,318,319,317.607476635514,474.79626168224297,476.781
1790694235,511,9,transition,vit_base_image,123,123,128,122.60061919504642,122.60061919504642,126.198
1790694236,512,9,transition,resnet50_image,82,82,82,82.23661214667806,100.61363406976928,187.183
1790694236,512,9,transition,vgg16_image,317,317,313,317.607476635514,474.79626168224297,476.781
1790694236,512,9,transition,vit_base_image,123,122,112,122.60061919504642,122.60061919504642,126.198
1790694237,513,9,transition,resnet50_image,82,82,82,82.23661214667806,100.61363406976928,187.183
1790694237,513,9,transition,vgg16_image,318,318,321,317.607476635514,474.79626168224297,476.781
1790694237,513,9,transition,vit_base_image,122,123,128,122.60061919504642,122.60061919504642,126.198
1790694238,514,9,transition,resnet50_image,83,82,83,82.23661214667806,100.61363406976928,187.183
1790694238,514,9,transition,vgg16_image,318,317,316,317.607476635514,474.79626168224297,476.781
1790694238,514,9,transition,vit_base_image,123,122,128,122.60061919504642,122.60061919504642,126.198
1790694239,515,9,transition,resnet50_image,82,83,82,82.23661214667806,100.61363406976928,187.183
1790694239,515,9,transition,vgg16_image,317,318,318,317.607476635514,474.79626168224297,476.781
1790694239,515,9,transition,vit_base_image,122,123,112,122.60061919504642,122.60061919504642,126.198
1790694240,516,9,transition,resnet50_image,82,82,82,82.23661214667806,100.61363406976928,187.183
1790694240,516,9,transition,vgg16_image,318,317,320,317.607476635514,474.79626168224297,476.781
1790694240,516,9,transition,vit_base_image,123,123,128,122.60061919504642,122.60061919504642,126.198
1790694241,517,9,transition,resnet50_image,82,82,82,82.23661214667806,100.61363406976928,187.183
1790694241,517,9,transition,vgg16_image,317,318,319,317.607476635514,474.79626168224297,476.781
1790694241,517,9,transition,vit_base_image,123,122,128,122.60061919504642,122.60061919504642,126.198
1790694242,518,9,transition,resnet50_image,83,83,82,82.23661214667806,100.61363406976928,187.183
1790694242,518,9,transition,vgg16_image,318,318,313,317.607476635514,474.79626168224297,476.781
1790694242,518,9,transition,vit_base_image,122,123,128,122.60061919504642,122.60061919504642,126.198
1790694243,519,9,transition,resnet50_image,82,82,83,82.23661214667806,100.61363406976928,187.183
1790694243,519,9,transition,vgg16_image,318,317,321,317.607476635514,474.79626168224297,476.781
1790694243,519,9,transition,vit_base_image,123,123,112,122.60061919504642,122.60061919504642,126.198
1790694244,520,9,transition,resnet50_image,82,82,82,82.23661214667806,100.61363406976928,187.183
1790694244,520,9,transition,vgg16_image,317,318,315,317.607476635514,474.79626168224297,476.781
1790694244,520,9,transition,vit_base_image,122,122,112,122.60061919504642,122.60061919504642,126.198
1790694245,521,9,transition,resnet50_image,82,82,82,82.23661214667806,100.61363406976928,187.183
1790694245,521,9,transition,vgg16_image,318,317,321,317.607476635514,474.79626168224297,476.781
1790694245,521,9,transition,vit_base_image,123,123,128,122.60061919504642,122.60061919504642,126.198
1790694246,522,9,transition,resnet50_image,83,82,83,82.23661214667806,100.61363406976928,187.183
1790694246,522,9,transition,vgg16_image,317,318,313,317.607476635514,474.79626168224297,476.781
1790694246,522,9,transition,vit_base_image,123,122,128,122.60061919504642,122.60061919504642,126.198
1790694247,523,9,transition,resnet50_image,82,83,82,82.23661214667806,100.61363406976928,187.183
1790694247,523,9,transition,vgg16_image,318,317,319,317.607476635514,474.79626168224297,476.781
1790694247,523,9,transition,vit_base_image,122,123,128,122.60061919504642,122.60061919504642,126.198
1790694248,524,9,transition,resnet50_image,82,82,82,82.23661214667806,100.61363406976928,187.183
1790694248,524,9,transition,vgg16_image,318,318,320,317.607476635514,474.79626168224297,476.781
1790694248,524,9,transition,vit_base_image,123,123,128,122.60061919504642,122.60061919504642,126.198
1790694249,525,9,transition,resnet50_image,82,82,82,82.23661214667806,100.61363406976928,187.183
1790694249,525,9,transition,vgg16_image,317,318,316,317.607476635514,474.79626168224297,476.781
1790694249,525,9,transition,vit_base_image,122,122,128,122.60061919504642,122.60061919504642,126.198
1790694250,526,9,transition,resnet50_image,82,82,83,82.23661214667806,100.61363406976928,187.183
1790694250,526,9,transition,vgg16_image,318,318,316,317.607476635514,474.79626168224297,476.781
1790694250,526,9,transition,vit_base_image,123,123,96,122.60061919504642,122.60061919504642,126.198
1790694251,527,9,transition,resnet50_image,83,83,82,82.23661214667806,100.61363406976928,187.183
1790694251,527,9,transition,vgg16_image,318,317,319,317.607476635514,474.79626168224297,476.781
1790694251,527,9,transition,vit_base_image,123,122,128,122.60061919504642,122.60061919504642,126.198
1790694252,528,9,transition,resnet50_image,82,82,82,82.23661214667806,100.61363406976928,187.183
1790694252,528,9,transition,vgg16_image,317,318,317,317.607476635514,474.79626168224297,476.781
1790694252,528,9,transition,vit_base_image,122,123,128,122.60061919504642,122.60061919504642,126.198
1790694253,529,9,transition,resnet50_image,82,82,82,82.23661214667806,100.61363406976928,187.183
1790694253,529,9,transition,vgg16_image,318,317,295,317.607476635514,474.79626168224297,476.781
1790694253,529,9,transition,vit_base_image,123,122,128,122.60061919504642,122.60061919504642,126.198
1790694254,530,9,transition,resnet50_image,82,82,83,82.23661214667806,100.61363406976928,187.183
1790694254,530,9,transition,vgg16_image,317,318,341,317.607476635514,474.79626168224297,476.781
1790694254,530,9,transition,vit_base_image,122,123,128,122.60061919504642,122.60061919504642,126.198
1790694255,531,9,steady,resnet50_image,96,96,95,100.61363406976928,100.61363406976928,187.183
1790694255,531,9,steady,vgg16_image,440,439,393,474.79626168224297,474.79626168224297,476.781
1790694255,531,9,steady,vit_base_image,122,122,112,122.60061919504642,122.60061919504642,126.198
1790694256,532,9,steady,resnet50_image,101,101,101,100.61363406976928,100.61363406976928,187.183
1790694256,532,9,steady,vgg16_image,475,475,464,474.79626168224297,474.79626168224297,476.781
1790694256,532,9,steady,vit_base_image,123,123,112,122.60061919504642,122.60061919504642,126.198
1790694257,533,9,steady,resnet50_image,101,100,100,100.61363406976928,100.61363406976928,187.183
1790694257,533,9,steady,vgg16_image,474,474,464,474.79626168224297,474.79626168224297,476.781
1790694257,533,9,steady,vit_base_image,123,122,128,122.60061919504642,122.60061919504642,126.198
1790694258,534,9,steady,resnet50_image,100,101,101,100.61363406976928,100.61363406976928,187.183
1790694258,534,9,steady,vgg16_image,475,475,448,474.79626168224297,474.79626168224297,476.781
1790694258,534,9,steady,vit_base_image,122,123,128,122.60061919504642,122.60061919504642,126.198
1790694259,535,9,steady,resnet50_image,101,101,100,100.61363406976928,100.61363406976928,187.183
1790694259,535,9,steady,vgg16_image,475,476,352,474.79626168224297,474.79626168224297,476.781
1790694259,535,9,steady,vit_base_image,123,123,112,122.60061919504642,122.60061919504642,126.198
1790694260,536,9,steady,resnet50_image,100,100,101,100.61363406976928,100.61363406976928,187.183
1790694260,536,9,steady,vgg16_image,475,474,464,474.79626168224297,474.79626168224297,476.781
1790694260,536,9,steady,vit_base_image,122,122,112,122.60061919504642,122.60061919504642,126.198
1790694261,537,9,steady,resnet50_image,101,101,101,100.61363406976928,100.61363406976928,187.183
1790694261,537,9,steady,vgg16_image,474,468,464,474.79626168224297,474.79626168224297,476.781
1790694261,537,9,steady,vit_base_image,123,123,128,122.60061919504642,122.60061919504642,126.198
1790694262,538,9,steady,resnet50_image,101,101,100,100.61363406976928,100.61363406976928,187.183
1790694262,538,9,steady,vgg16_image,475,458,448,474.79626168224297,474.79626168224297,476.781
1790694262,538,9,steady,vit_base_image,123,122,112,122.60061919504642,122.60061919504642,126.198
1790694263,539,9,steady,resnet50_image,100,100,101,100.61363406976928,100.61363406976928,187.183
1790694263,539,9,steady,vgg16_image,475,460,464,474.79626168224297,474.79626168224297,476.781
1790694263,539,9,steady,vit_base_image,122,123,112,122.60061919504642,122.60061919504642,126.198
1790694264,540,9,steady,resnet50_image,101,101,92,100.61363406976928,100.61363406976928,187.183
1790694264,540,9,steady,vgg16_image,475,395,400,474.79626168224297,474.79626168224297,476.781
1790694264,540,9,steady,vit_base_image,123,122,128,122.60061919504642,122.60061919504642,126.198
1790694265,541,9,steady,resnet50_image,101,101,109,100.61363406976928,100.61363406976928,187.183
1790694265,541,9,steady,vgg16_image,475,475,464,474.79626168224297,474.79626168224297,476.781
1790694265,541,9,steady,vit_base_image,122,123,128,122.60061919504642,122.60061919504642,126.198
1790694266,542,9,steady,resnet50_image,100,100,100,100.61363406976928,100.61363406976928,187.183
1790694266,542,9,steady,vgg16_image,474,463,464,474.79626168224297,474.79626168224297,476.781
1790694266,542,9,steady,vit_base_image,123,123,112,122.60061919504642,122.60061919504642,126.198
1790694267,543,9,steady,resnet50_image,101,101,101,100.61363406976928,100.61363406976928,187.183
1790694267,543,9,steady,vgg16_image,475,463,464,474.79626168224297,474.79626168224297,476.781
1790694267,543,9,steady,vit_base_image,123,122,112,122.60061919504642,122.60061919504642,126.198
1790694268,544,9,steady,resnet50_image,100,100,101,100.61363406976928,100.61363406976928,187.183
1790694268,544,9,steady,vgg16_image,475,460,464,474.79626168224297,474.79626168224297,476.781
1790694268,544,9,steady,vit_base_image,122,123,128,122.60061919504642,122.60061919504642,126.198
1790694269,545,9,steady,resnet50_image,101,101,100,100.61363406976928,100.61363406976928,187.183
1790694269,545,9,steady,vgg16_image,475,459,464,474.79626168224297,474.79626168224297,476.781
1790694269,545,9,steady,vit_base_image,123,123,112,122.60061919504642,122.60061919504642,126.198
1790694270,546,9,steady,resnet50_image,101,100,101,100.61363406976928,100.61363406976928,187.183
1790694270,546,9,steady,vgg16_image,475,459,448,474.79626168224297,474.79626168224297,476.781
1790694270,546,9,steady,vit_base_image,122,122,128,122.60061919504642,122.60061919504642,126.198
1790694271,547,9,steady,resnet50_image,100,101,101,100.61363406976928,100.61363406976928,187.183
1790694271,547,9,steady,vgg16_image,474,460,464,474.79626168224297,474.79626168224297,476.781
1790694271,547,9,steady,vit_base_image,123,123,112,122.60061919504642,122.60061919504642,126.198
1790694272,548,9,steady,resnet50_image,101,101,101,100.61363406976928,100.61363406976928,187.183
1790694272,548,9,steady,vgg16_image,475,455,448,474.79626168224297,474.79626168224297,476.781
1790694272,548,9,steady,vit_base_image,123,122,112,122.60061919504642,122.60061919504642,126.198
1790694273,549,9,steady,resnet50_image,100,100,100,100.61363406976928,100.61363406976928,187.183
1790694273,549,9,steady,vgg16_image,475,459,464,474.79626168224297,474.79626168224297,476.781
1790694273,549,9,steady,vit_base_image,122,123,128,122.60061919504642,122.60061919504642,126.198
1790694274,550,9,steady,resnet50_image,101,101,101,100.61363406976928,100.61363406976928,187.183
1790694274,550,9,steady,vgg16_image,475,463,464,474.79626168224297,474.79626168224297,476.781
1790694274,550,9,steady,vit_base_image,123,123,112,122.60061919504642,122.60061919504642,126.198
1790694275,551,9,steady,resnet50_image,101,100,101,100.61363406976928,100.61363406976928,187.183
1790694275,551,9,steady,vgg16_image,475,461,464,474.79626168224297,474.79626168224297,476.781
1790694275,551,9,steady,vit_base_image,122,122,128,122.60061919504642,122.60061919504642,126.198
1790694276,552,9,steady,resnet50_image,100,101,100,100.61363406976928,100.61363406976928,187.183
1790694276,552,9,steady,vgg16_image,474,464,464,474.79626168224297,474.79626168224297,476.781
1790694276,552,9,steady,vit_base_image,123,123,112,122.60061919504642,122.60061919504642,126.198
1790694277,553,9,steady,resnet50_image,101,101,101,100.61363406976928,100.61363406976928,187.183
1790694277,553,9,steady,vgg16_image,475,460,464,474.79626168224297,474.79626168224297,476.781
1790694277,553,9,steady,vit_base_image,123,122,128,122.60061919504642,122.60061919504642,126.198
1790694278,554,9,steady,resnet50_image,101,100,100,100.61363406976928,100.61363406976928,187.183
1790694278,554,9,steady,vgg16_image,475,464,463,474.79626168224297,474.79626168224297,476.781
1790694278,554,9,steady,vit_base_image,122,123,128,122.60061919504642,122.60061919504642,126.198
1790694279,555,9,steady,resnet50_image,100,101,101,100.61363406976928,100.61363406976928,187.183
1790694279,555,9,steady,vgg16_image,475,464,465,474.79626168224297,474.79626168224297,476.781
1790694279,555,9,steady,vit_base_image,123,123,112,122.60061919504642,122.60061919504642,126.198
1790694280,556,9,steady,resnet50_image,101,101,101,100.61363406976928,100.61363406976928,187.183
1790694280,556,9,steady,vgg16_image,475,461,448,474.79626168224297,474.79626168224297,476.781
1790694280,556,9,steady,vit_base_image,122,122,112,122.60061919504642,122.60061919504642,126.198
1790694281,557,9,steady,resnet50_image,100,100,100,100.61363406976928,100.61363406976928,187.183
1790694281,557,9,steady,vgg16_image,474,456,464,474.79626168224297,474.79626168224297,476.781
1790694281,557,9,steady,vit_base_image,123,123,128,122.60061919504642,122.60061919504642,126.198
1790694282,558,9,steady,resnet50_image,101,101,101,100.61363406976928,100.61363406976928,187.183
1790694282,558,9,steady,vgg16_image,475,459,464,474.79626168224297,474.79626168224297,476.781
1790694282,558,9,steady,vit_base_image,123,122,112,122.60061919504642,122.60061919504642,126.198
1790694283,559,9,steady,resnet50_image,101,100,100,100.61363406976928,100.61363406976928,187.183
1790694283,559,9,steady,vgg16_image,475,459,448,474.79626168224297,474.79626168224297,476.781
1790694283,559,9,steady,vit_base_image,122,123,112,122.60061919504642,122.60061919504642,126.198
1790694284,560,9,steady,resnet50_image,100,101,101,100.61363406976928,100.61363406976928,187.183
1790694284,560,9,steady,vgg16_image,475,459,464,474.79626168224297,474.79626168224297,476.781
1790694284,560,9,steady,vit_base_image,123,123,128,122.60061919504642,122.60061919504642,126.198
1790694285,561,,,resnet50_image,101,101,101,,,187.183
1790694285,561,,,vgg16_image,475,455,448,,,476.781
1790694285,561,,,vit_base_image,122,122,112,,,126.198
1790694286,562,,,resnet50_image,100,100,100,,,187.183
1790694286,562,,,vgg16_image,474,464,465,,,476.781
1790694286,562,,,vit_base_image,123,123,112,,,126.198
1790694287,563,,,resnet50_image,101,101,101,,,187.183
1790694287,563,,,vgg16_image,475,464,463,,,476.781
1790694287,563,,,vit_base_image,123,122,128,,,126.198
1790694288,564,,,resnet50_image,101,100,101,,,187.183
1790694288,564,,,vgg16_image,475,461,464,,,476.781
1790694288,564,,,vit_base_image,122,123,128,,,126.198
1790694289,565,,,resnet50_image,100,101,100,,,187.183
1790694289,565,,,vgg16_image,475,461,464,,,476.781
1790694289,565,,,vit_base_image,123,123,128,,,126.198
1790694290,566,,,resnet50_image,101,101,101,,,187.183
1790694290,566,,,vgg16_image,475,464,464,,,476.781
1790694290,566,,,vit_base_image,122,122,96,,,126.198
1790694291,567,,,resnet50_image,101,100,99,,,187.183
1790694291,567,,,vgg16_image,474,437,448,,,476.781
1790694291,567,,,vit_base_image,123,122,128,,,126.198
1790694292,568,,,resnet50_image,99,100,101,,,187.183
1790694292,568,,,vgg16_image,467,458,464,,,476.781
1790694292,568,,,vit_base_image,112,108,128,,,126.198
1790694293,569,10,transition,resnet50_image,101,100,100,100.61363406976928,109.74604911579873,187.183
1790694293,569,10,transition,vgg16_image,444,443,457,444.6504672897196,444.6504672897196,476.781
1790694293,569,10,transition,vit_base_image,73,74,110,73.56037151702786,73.56037151702786,126.198
1790694294,570,10,transition,resnet50_image,100,101,101,100.61363406976928,109.74604911579873,187.183
1790694294,570,10,transition,vgg16_image,445,446,455,444.6504672897196,444.6504672897196,476.781
1790694294,570,10,transition,vit_base_image,74,73,114,73.56037151702786,73.56037151702786,126.198
1790694295,571,10,transition,resnet50_image,101,101,101,100.61363406976928,109.74604911579873,187.183
1790694295,571,10,transition,vgg16_image,445,445,464,444.6504672897196,444.6504672897196,476.781
1790694295,571,10,transition,vit_base_image,73,74,128,73.56037151702786,73.56037151702786,126.198
1790694296,572,10,transition,resnet50_image,101,100,101,100.61363406976928,109.74604911579873,187.183
1790694296,572,10,transition,vgg16_image,444,445,446,444.6504672897196,444.6504672897196,476.781
1790694296,572,10,transition,vit_base_image,74,74,112,73.56037151702786,73.56037151702786,126.198
1790694297,573,10,transition,resnet50_image,100,101,96,100.61363406976928,109.74604911579873,187.183
1790694297,573,10,transition,vgg16_image,445,422,356,444.6504672897196,444.6504672897196,476.781
1790694297,573,10,transition,vit_base_image,73,73,122,73.56037151702786,73.56037151702786,126.198
1790694298,574,10,transition,resnet50_image,101,101,105,100.61363406976928,109.74604911579873,187.183
1790694298,574,10,transition,vgg16_image,445,443,462,444.6504672897196,444.6504672897196,476.781
1790694298,574,10,transition,vit_base_image,74,74,76,73.56037151702786,73.56037151702786,126.198
1790694299,575,10,transition,resnet50_image,100,100,100,100.61363406976928,109.74604911579873,187.183
1790694299,575,10,transition,vgg16_image,444,445,464,444.6504672897196,444.6504672897196,476.781
1790694299,575,10,transition,vit_base_image,73,73,73,73.56037151702786,73.56037151702786,126.198
1790694300,576,10,transition,resnet50_image,101,101,101,100.61363406976928,109.74604911579873,187.183
1790694300,576,10,transition,vgg16_image,445,445,448,444.6504672897196,444.6504672897196,476.781
1790694300,576,10,transition,vit_base_image,74,74,74,73.56037151702786,73.56037151702786,126.198
1790694301,577,10,transition,resnet50_image,101,100,100,100.61363406976928,109.74604911579873,187.183
1790694301,577,10,transition,vgg16_image,445,444,448,444.6504672897196,444.6504672897196,476.781
1790694301,577,10,transition,vit_base_image,74,73,74,73.56037151702786,73.56037151702786,126.198
1790694302,578,10,transition,resnet50_image,100,101,101,100.61363406976928,109.74604911579873,187.183
1790694302,578,10,transition,vgg16_image,444,445,437,444.6504672897196,444.6504672897196,476.781
1790694302,578,10,transition,vit_base_image,73,74,74,73.56037151702786,73.56037151702786,100.828
1790694303,579,10,transition,resnet50_image,101,101,101,100.61363406976928,109.74604911579873,187.183
1790694303,579,10,transition,vgg16_image,445,445,459,444.6504672897196,444.6504672897196,476.781
1790694303,579,10,transition,vit_base_image,74,74,74,73.56037151702786,73.56037151702786,100.828
1790694304,580,10,transition,resnet50_image,101,100,100,100.61363406976928,109.74604911579873,187.183
1790694304,580,10,transition,vgg16_image,445,444,464,444.6504672897196,444.6504672897196,476.781
1790694304,580,10,transition,vit_base_image,73,73,73,73.56037151702786,73.56037151702786,100.828
1790694305,581,10,transition,resnet50_image,100,101,101,100.61363406976928,109.74604911579873,187.183
1790694305,581,10,transition,vgg16_image,444,445,464,444.6504672897196,444.6504672897196,476.781
1790694305,581,10,transition,vit_base_image,74,74,74,73.56037151702786,73.56037151702786,100.828
1790694306,582,10,transition,resnet50_image,101,101,101,100.61363406976928,109.74604911579873,187.183
1790694306,582,10,transition,vgg16_image,445,444,452,444.6504672897196,444.6504672897196,476.781
1790694306,582,10,transition,vit_base_image,73,73,74,73.56037151702786,73.56037151702786,100.828
1790694307,583,10,transition,resnet50_image,100,100,100,100.61363406976928,109.74604911579873,187.183
1790694307,583,10,transition,vgg16_image,445,445,428,444.6504672897196,444.6504672897196,476.781
1790694307,583,10,transition,vit_base_image,74,74,73,73.56037151702786,73.56037151702786,100.828
1790694308,584,10,transition,resnet50_image,101,101,101,100.61363406976928,109.74604911579873,187.183
1790694308,584,10,transition,vgg16_image,444,445,464,444.6504672897196,444.6504672897196,476.781
1790694308,584,10,transition,vit_base_image,74,73,74,73.56037151702786,73.56037151702786,100.828
1790694309,585,10,transition,resnet50_image,101,100,100,100.61363406976928,109.74604911579873,187.183
1790694309,585,10,transition,vgg16_image,445,444,464,444.6504672897196,444.6504672897196,476.781
1790694309,585,10,transition,vit_base_image,73,74,73,73.56037151702786,73.56037151702786,100.828
1790694310,586,10,steady,resnet50_image,106,107,106,109.74604911579873,109.74604911579873,187.183
1790694310,586,10,steady,vgg16_image,443,443,448,444.6504672897196,444.6504672897196,476.781
1790694310,586,10,steady,vit_base_image,73,73,74,73.56037151702786,73.56037151702786,100.828
1790694311,587,10,steady,resnet50_image,109,109,103,109.74604911579873,109.74604911579873,187.183
1790694311,587,10,steady,vgg16_image,444,440,336,444.6504672897196,444.6504672897196,476.781
1790694311,587,10,steady,vit_base_image,74,74,72,73.56037151702786,73.56037151702786,100.828
1790694312,588,10,steady,resnet50_image,110,110,117,109.74604911579873,109.74604911579873,187.183
1790694312,588,10,steady,vgg16_image,445,445,464,444.6504672897196,444.6504672897196,476.781
1790694312,588,10,steady,vit_base_image,73,73,74,73.56037151702786,73.56037151702786,100.828
1790694313,589,10,steady,resnet50_image,110,110,110,109.74604911579873,109.74604911579873,187.183
1790694313,589,10,steady,vgg16_image,445,444,464,444.6504672897196,444.6504672897196,476.781
1790694313,589,10,steady,vit_base_image,74,74,74,73.56037151702786,73.56037151702786,100.828
1790694314,590,10,steady,resnet50_image,110,110,109,109.74604911579873,109.74604911579873,187.183
1790694314,590,10,steady,vgg16_image,444,445,448,444.6504672897196,444.6504672897196,476.781
1790694314,590,10,steady,vit_base_image,74,73,73,73.56037151702786,73.56037151702786,100.828
1790694315,591,10,steady,resnet50_image,109,109,110,109.74604911579873,109.74604911579873,187.183
1790694315,591,10,steady,vgg16_image,445,445,464,444.6504672897196,444.6504672897196,476.781
1790694315,591,10,steady,vit_base_image,73,74,74,73.56037151702786,73.56037151702786,100.828
1790694316,592,10,steady,resnet50_image,110,110,110,109.74604911579873,109.74604911579873,187.183
1790694316,592,10,steady,vgg16_image,445,444,464,444.6504672897196,444.6504672897196,476.781
1790694316,592,10,steady,vit_base_image,74,74,74,73.56037151702786,73.56037151702786,100.828
1790694317,593,10,steady,resnet50_image,110,110,109,109.74604911579873,109.74604911579873,187.183
1790694317,593,10,steady,vgg16_image,444,445,416,444.6504672897196,444.6504672897196,476.781
1790694317,593,10,steady,vit_base_image,73,73,73,73.56037151702786,73.56037151702786,100.828
1790694318,594,10,steady,resnet50_image,110,110,110,109.74604911579873,109.74604911579873,187.183
1790694318,594,10,steady,vgg16_image,445,444,464,444.6504672897196,444.6504672897196,476.781
1790694318,594,10,steady,vit_base_image,74,74,74,73.56037151702786,73.56037151702786,100.828
1790694319,595,10,steady,resnet50_image,109,109,110,109.74604911579873,109.74604911579873,187.183
1790694319,595,10,steady,vgg16_image,445,445,464,444.6504672897196,444.6504672897196,476.781
1790694319,595,10,steady,vit_base_image,73,73,73,73.56037151702786,73.56037151702786,100.828
1790694320,596,10,steady,resnet50_image,110,110,110,109.74604911579873,109.74604911579873,187.183
1790694320,596,10,steady,vgg16_image,444,445,464,444.6504672897196,444.6504672897196,476.781
1790694320,596,10,steady,vit_base_image,74,74,74,73.56037151702786,73.56037151702786,100.828
1790694321,597,10,steady,resnet50_image,110,110,110,109.74604911579873,109.74604911579873,187.183
1790694321,597,10,steady,vgg16_image,445,444,464,444.6504672897196,444.6504672897196,476.781
1790694321,597,10,steady,vit_base_image,73,73,74,73.56037151702786,73.56037151702786,100.828
1790694322,598,10,steady,resnet50_image,110,110,109,109.74604911579873,109.74604911579873,187.183
1790694322,598,10,steady,vgg16_image,445,445,464,444.6504672897196,444.6504672897196,476.781
1790694322,598,10,steady,vit_base_image,74,74,73,73.56037151702786,73.56037151702786,100.828
1790694323,599,10,steady,resnet50_image,109,109,110,109.74604911579873,109.74604911579873,187.183
1790694323,599,10,steady,vgg16_image,444,444,464,444.6504672897196,444.6504672897196,476.781
1790694323,599,10,steady,vit_base_image,74,73,73,73.56037151702786,73.56037151702786,100.828
1790694324,600,10,steady,resnet50_image,110,110,109,109.74604911579873,109.74604911579873,187.183
1790694324,600,10,steady,vgg16_image,445,445,464,444.6504672897196,444.6504672897196,476.781
1790694324,600,10,steady,vit_base_image,73,74,74,73.56037151702786,73.56037151702786,100.828
1790694325,601,10,steady,resnet50_image,110,110,110,109.74604911579873,109.74604911579873,187.183
1790694325,601,10,steady,vgg16_image,444,445,464,444.6504672897196,444.6504672897196,476.781
1790694325,601,10,steady,vit_base_image,74,74,74,73.56037151702786,73.56037151702786,100.828
1790694326,602,10,steady,resnet50_image,110,109,110,109.74604911579873,109.74604911579873,187.183
1790694326,602,10,steady,vgg16_image,445,445,447,444.6504672897196,444.6504672897196,476.781
1790694326,602,10,steady,vit_base_image,73,73,73,73.56037151702786,73.56037151702786,100.828
1790694327,603,10,steady,resnet50_image,109,110,110,109.74604911579873,109.74604911579873,187.183
1790694327,603,10,steady,vgg16_image,445,444,448,444.6504672897196,444.6504672897196,476.781
1790694327,603,10,steady,vit_base_image,74,74,74,73.56037151702786,73.56037151702786,100.828
1790694328,604,10,steady,resnet50_image,110,110,110,109.74604911579873,109.74604911579873,187.183
1790694328,604,10,steady,vgg16_image,444,445,432,444.6504672897196,444.6504672897196,476.781
1790694328,604,10,steady,vit_base_image,73,73,73,73.56037151702786,73.56037151702786,100.828
1790694329,605,10,steady,resnet50_image,110,110,109,109.74604911579873,109.74604911579873,187.183
1790694329,605,10,steady,vgg16_image,445,445,447,444.6504672897196,444.6504672897196,476.781
1790694329,605,10,steady,vit_base_image,74,74,74,73.56037151702786,73.56037151702786,100.828
1790694330,606,10,steady,resnet50_image,110,109,110,109.74604911579873,109.74604911579873,187.183
1790694330,606,10,steady,vgg16_image,445,444,448,444.6504672897196,444.6504672897196,476.781
1790694330,606,10,steady,vit_base_image,74,73,73,73.56037151702786,73.56037151702786,100.828
1790694331,607,10,steady,resnet50_image,109,110,110,109.74604911579873,109.74604911579873,187.183
1790694331,607,10,steady,vgg16_image,444,445,448,444.6504672897196,444.6504672897196,476.781
1790694331,607,10,steady,vit_base_image,73,74,74,73.56037151702786,73.56037151702786,100.828
1790694332,608,10,steady,resnet50_image,110,110,110,109.74604911579873,109.74604911579873,187.183
1790694332,608,10,steady,vgg16_image,445,444,447,444.6504672897196,444.6504672897196,476.781
1790694332,608,10,steady,vit_base_image,74,74,74,73.56037151702786,73.56037151702786,100.828
1790694333,609,10,steady,resnet50_image,110,110,109,109.74604911579873,109.74604911579873,187.183
1790694333,609,10,steady,vgg16_image,445,445,447,444.6504672897196,444.6504672897196,476.781
1790694333,609,10,steady,vit_base_image,73,73,73,73.56037151702786,73.56037151702786,100.828
1790694334,610,10,steady,resnet50_image,110,109,110,109.74604911579873,109.74604911579873,187.183
1790694334,610,10,steady,vgg16_image,444,444,441,444.6504672897196,444.6504672897196,476.781
1790694334,610,10,steady,vit_base_image,74,73,74,73.56037151702786,73.56037151702786,100.828
1790694335,611,10,steady,resnet50_image,109,110,110,109.74604911579873,109.74604911579873,187.183
1790694335,611,10,steady,vgg16_image,445,445,437,444.6504672897196,444.6504672897196,476.781
1790694335,611,10,steady,vit_base_image,73,74,73,73.56037151702786,73.56037151702786,100.828
1790694336,612,10,steady,resnet50_image,110,110,110,109.74604911579873,109.74604911579873,187.183
1790694336,612,10,steady,vgg16_image,445,445,447,444.6504672897196,444.6504672897196,476.781
1790694336,612,10,steady,vit_base_image,74,74,74,73.56037151702786,73.56037151702786,100.828
1790694337,613,10,steady,resnet50_image,110,110,109,109.74604911579873,109.74604911579873,187.183
1790694337,613,10,steady,vgg16_image,444,444,291,444.6504672897196,444.6504672897196,476.781
1790694337,613,10,steady,vit_base_image,73,73,74,73.56037151702786,73.56037151702786,100.828
1790694338,614,10,steady,resnet50_image,110,110,110,109.74604911579873,109.74604911579873,187.183
1790694338,614,10,steady,vgg16_image,445,446,461,444.6504672897196,444.6504672897196,476.781
1790694338,614,10,steady,vit_base_image,74,74,73,73.56037151702786,73.56037151702786,100.828
1790694339,615,10,steady,resnet50_image,109,109,110,109.74604911579873,109.74604911579873,187.183
1790694339,615,10,steady,vgg16_image,445,444,464,444.6504672897196,444.6504672897196,476.781
1790694339,615,10,steady,vit_base_image,74,74,74,73.56037151702786,73.56037151702786,100.828
1790694340,616,,,resnet50_image,110,110,110,,,187.183
1790694340,616,,,vgg16_image,444,445,464,,,476.781
1790694340,616,,,vit_base_image,73,73,73,,,100.828
1790694341,617,,,resnet50_image,110,110,109,,,187.183
1790694341,617,,,vgg16_image,445,445,464,,,476.781
1790694341,617,,,vit_base_image,74,74,74,,,100.828
1790694342,618,,,resnet50_image,110,109,110,,,187.183
1790694342,618,,,vgg16_image,445,444,464,,,476.781
1790694342,618,,,vit_base_image,73,73,73,,,100.828
1790694343,619,,,resnet50_image,109,110,110,,,187.183
1790694343,619,,,vgg16_image,444,445,464,,,476.781
1790694343,619,,,vit_base_image,74,74,74,,,100.828
1790694344,620,,,resnet50_image,110,110,110,,,187.183
1790694344,620,,,vgg16_image,445,445,464,,,476.781
1790694344,620,,,vit_base_image,73,73,73,,,100.828
1790694345,621,,,resnet50_image,110,110,109,,,187.183
1790694345,621,,,vgg16_image,444,444,370,,,476.781
1790694345,621,,,vit_base_image,74,74,74,,,100.828
1790694346,622,,,resnet50_image,110,109,110,,,187.183
1790694346,622,,,vgg16_image,445,445,464,,,476.781
1790694346,622,,,vit_base_image,73,73,74,,,100.828
1790694347,623,,,resnet50_image,109,110,107,,,187.183
1790694347,623,,,vgg16_image,441,441,448,,,476.781
1790694347,623,,,vit_base_image,75,75,72,,,100.828
1790694348,624,11,transition,resnet50_image,110,110,112,109.74604911579873,147.12836721576207,187.183
1790694348,624,11,transition,vgg16_image,401,400,464,400.5084112149533,400.5084112149533,476.781
1790694348,624,11,transition,vit_base_image,73,73,75,73.56037151702786,73.56037151702786,100.828
1790694349,625,11,transition,resnet50_image,109,109,110,109.74604911579873,147.12836721576207,187.183
1790694349,625,11,transition,vgg16_image,400,401,406,400.5084112149533,400.5084112149533,476.781
1790694349,625,11,transition,vit_base_image,74,74,74,73.56037151702786,73.56037151702786,100.828
1790694350,626,11,transition,resnet50_image,110,110,110,109.74604911579873,147.12836721576207,187.183
1790694350,626,11,transition,vgg16_image,401,400,413,400.5084112149533,400.5084112149533,476.781
1790694350,626,11,transition,vit_base_image,73,73,73,73.56037151702786,73.56037151702786,100.828
1790694351,627,11,transition,resnet50_image,110,110,110,109.74604911579873,147.12836721576207,187.183
1790694351,627,11,transition,vgg16_image,400,401,401,400.5084112149533,400.5084112149533,476.781
1790694351,627,11,transition,vit_base_image,74,74,74,73.56037151702786,73.56037151702786,100.828
1790694352,628,11,transition,resnet50_image,110,110,109,109.74604911579873,147.12836721576207,187.183
1790694352,628,11,transition,vgg16_image,401,400,390,400.5084112149533,400.5084112149533,476.781
1790694352,628,11,transition,vit_base_image,73,73,74,73.56037151702786,73.56037151702786,100.828
1790694353,629,11,transition,resnet50_image,109,109,107,109.74604911579873,147.12836721576207,187.183
1790694353,629,11,transition,vgg16_image,400,400,321,400.5084112149533,400.5084112149533,476.781
1790694353,629,11,transition,vit_base_image,74,74,73,73.56037151702786,73.56037151702786,100.828
1790694354,630,11,transition,resnet50_image,110,110,113,109.74604911579873,147.12836721576207,187.183
1790694354,630,11,transition,vgg16_image,401,401,464,400.5084112149533,400.5084112149533,476.781
1790694354,630,11,transition,vit_base_image,74,73,74,73.56037151702786,73.56037151702786,100.828
1790694355,631,11,transition,resnet50_image,110,110,109,109.74604911579873,147.12836721576207,187.183
1790694355,631,11,transition,vgg16_image,400,401,422,400.5084112149533,400.5084112149533,476.781
1790694355,631,11,transition,vit_base_image,73,74,73,73.56037151702786,73.56037151702786,100.828
1790694356,632,11,transition,resnet50_image,110,110,111,109.74604911579873,147.12836721576207,187.183
1790694356,632,11,transition,vgg16_image,401,400,398,400.5084112149533,400.5084112149533,476.781
1790694356,632,11,transition,vit_base_image,74,74,74,73.56037151702786,73.56037151702786,100.828
1790694357,633,11,transition,resnet50_image,109,109,109,109.74604911579873,147.12836721576207,187.183
1790694357,633,11,transition,vgg16_image,400,401,406,400.5084112149533,400.5084112149533,476.781
1790694357,633,11,transition,vit_base_image,73,73,73,73.56037151702786,73.56037151702786,100.828
1790694358,634,11,transition,resnet50_image,110,110,110,109.74604911579873,147.12836721576207,187.183
1790694358,634,11,transition,vgg16_image,401,400,402,400.5084112149533,400.5084112149533,476.781
1790694358,634,11,transition,vit_base_image,74,74,74,73.56037151702786,73.56037151702786,100.828
1790694359,635,11,transition,resnet50_image,110,110,109,109.74604911579873,147.12836721576207,187.183
1790694359,635,11,transition,vgg16_image,400,401,393,400.5084112149533,400.5084112149533,476.781
1790694359,635,11,transition,vit_base_image,73,73,73,73.56037151702786,73.56037151702786,100.828
1790694360,636,11,transition,resnet50_image,110,109,110,109.74604911579873,147.12836721576207,187.183
1790694360,636,11,transition,vgg16_image,401,401,406,400.5084112149533,400.5084112149533,476.781
1790694360,636,11,transition,vit_base_image,74,74,74,73.56037151702786,73.56037151702786,100.828
1790694361,637,11,transition,resnet50_image,109,110,110,109.74604911579873,147.12836721576207,187.183
1790694361,637,11,transition,vgg16_image,400,400,398,400.5084112149533,400.5084112149533,476.781
1790694361,637,11,transition,vit_base_image,73,73,73,73.56037151702786,73.56037151702786,100.828
1790694362,638,11,transition,resnet50_image,110,110,110,109.74604911579873,147.12836721576207,187.183
1790694362,638,11,transition,vgg16_image,401,400,399,400.5084112149533,400.5084112149533,476.781
1790694362,638,11,transition,vit_base_image,74,74,74,73.56037151702786,73.56037151702786,100.828
1790694363,639,11,transition,resnet50_image,110,110,94,109.74604911579873,147.12836721576207,187.183
1790694363,639,11,transition,vgg16_image,400,401,328,400.5084112149533,400.5084112149533,476.781
1790694363,639,11,transition,vit_base_image,74,74,69,73.56037151702786,73.56037151702786,100.828
1790694364,640,11,transition,resnet50_image,110,109,126,109.74604911579873,147.12836721576207,187.183
1790694364,640,11,transition,vgg16_image,401,400,430,400.5084112149533,400.5084112149533,476.781
1790694364,640,11,transition,vit_base_image,73,73,78,73.56037151702786,73.56037151702786,100.828
1790694365,641,11,transition,resnet50_image,109,110,109,109.74604911579873,147.12836721576207,187.183
1790694365,641,11,transition,vgg16_image,400,401,440,400.5084112149533,400.5084112149533,476.781
1790694365,641,11,transition,vit_base_image,74,74,74,73.56037151702786,73.56037151702786,100.828
1790694366,642,11,transition,resnet50_image,110,110,110,109.74604911579873,147.12836721576207,187.183
1790694366,642,11,transition,vgg16_image,401,400,407,400.5084112149533,400.5084112149533,476.781
1790694366,642,11,transition,vit_base_image,73,73,73,73.56037151702786,73.56037151702786,100.828
1790694367,643,11,transition,resnet50_image,110,110,110,109.74604911579873,147.12836721576207,187.183
1790694367,643,11,transition,vgg16_image,400,401,404,400.5084112149533,400.5084112149533,476.781
1790694367,643,11,transition,vit_base_image,74,74,74,73.56037151702786,73.56037151702786,100.828
1790694368,644,11,transition,resnet50_image,110,110,109,109.74604911579873,147.12836721576207,187.183
1790694368,644,11,transition,vgg16_image,401,401,391,400.5084112149533,400.5084112149533,476.781
1790694368,644,11,transition,vit_base_image,73,73,74,73.56037151702786,73.56037151702786,100.828
1790694369,645,11,transition,resnet50_image,109,109,110,109.74604911579873,147.12836721576207,187.183
1790694369,645,11,transition,vgg16_image,400,400,401,400.5084112149533,400.5084112149533,476.781
1790694369,645,11,transition,vit_base_image,74,74,73,73.56037151702786,73.56037151702786,100.828
1790694370,646,11,transition,resnet50_image,110,110,110,109.74604911579873,147.12836721576207,187.183
1790694370,646,11,transition,vgg16_image,401,400,408,400.5084112149533,400.5084112149533,476.781
1790694370,646,11,transition,vit_base_image,74,73,74,73.56037151702786,73.56037151702786,100.828
1790694371,647,11,transition,resnet50_image,110,110,109,109.74604911579873,147.12836721576207,187.183
1790694371,647,11,transition,vgg16_image,400,400,398,400.5084112149533,400.5084112149533,476.781
1790694371,647,11,transition,vit_base_image,73,74,73,73.56037151702786,73.56037151702786,100.828
1790694372,648,11,transition,resnet50_image,110,110,110,109.74604911579873,147.12836721576207,187.183
1790694372,648,11,transition,vgg16_image,401,402,401,400.5084112149533,400.5084112149533,476.781
1790694372,648,11,transition,vit_base_image,74,74,74,73.56037151702786,73.56037151702786,100.828
1790694373,649,11,transition,resnet50_image,109,109,101,109.74604911579873,147.12836721576207,187.183
1790694373,649,11,transition,vgg16_image,400,400,306,400.5084112149533,400.5084112149533,476.781
1790694373,649,11,transition,vit_base_image,73,73,72,73.56037151702786,73.56037151702786,100.828
1790694374,650,11,transition,resnet50_image,110,110,119,109.74604911579873,147.12836721576207,187.183
1790694374,650,11,transition,vgg16_image,401,400,464,400.5084112149533,400.5084112149533,476.781
1790694374,650,11,transition,vit_base_image,74,74,75,73.56037151702786,73.56037151702786,100.828
1790694375,651,11,transition,resnet50_image,110,110,109,109.74604911579873,147.12836721576207,187.183
1790694375,651,11,transition,vgg16_image,400,400,423,400.5084112149533,400.5084112149533,476.781
1790694375,651,11,transition,vit_base_image,73,73,73,73.56037151702786,73.56037151702786,100.828
1790694376,652,11,transition,resnet50_image,110,109,110,109.74604911579873,147.12836721576207,187.183
1790694376,652,11,transition,vgg16_image,401,401,408,400.5084112149533,400.5084112149533,476.781
1790694376,652,11,transition,vit_base_image,74,74,74,73.56037151702786,73.56037151702786,100.828
1790694377,653,11,transition,resnet50_image,109,110,110,109.74604911579873,147.12836721576207,187.183
1790694377,653,11,transition,vgg16_image,400,401,403,400.5084112149533,400.5084112149533,476.781
1790694377,653,11,transition,vit_base_image,73,73,74,73.56037151702786,73.56037151702786,100.828
1790694378,654,11,transition,resnet50_image,110,110,110,109.74604911579873,147.12836721576207,187.183
1790694378,654,11,transition,vgg16_image,401,401,402,400.5084112149533,400.5084112149533,476.781
1790694378,654,11,transition,vit_base_image,74,74,73,73.56037151702786,73.56037151702786,100.828
1790694379,655,11,transition,resnet50_image,110,110,110,109.74604911579873,147.12836721576207,187.183
1790694379,655,11,transition,vgg16_image,400,399,388,400.5084112149533,400.5084112149533,476.781
1790694379,655,11,transition,vit_base_image,74,73,73,73.56037151702786,73.56037151702786,100.828
1790694380,656,11,steady,resnet50_image,141,140,123,147.12836721576207,147.12836721576207,187.183
1790694380,656,11,steady,vgg16_image,399,399,403,400.5084112149533,400.5084112149533,476.781
1790694380,656,11,steady,vit_base_image,73,74,75,73.56037151702786,73.56037151702786,100.828
1790694381,657,11,steady,resnet50_image,147,148,114,147.12836721576207,147.12836721576207,187.183
1790694381,657,11,steady,vgg16_image,401,401,290,400.5084112149533,400.5084112149533,476.781
1790694381,657,11,steady,vit_base_image,74,74,71,73.56037151702786,73.56037151702786,100.828
1790694382,658,11,steady,resnet50_image,147,147,137,147.12836721576207,147.12836721576207,187.183
1790694382,658,11,steady,vgg16_image,400,400,464,400.5084112149533,400.5084112149533,476.781
1790694382,658,11,steady,vit_base_image,74,73,76,73.56037151702786,73.56037151702786,100.828
1790694383,659,11,steady,resnet50_image,147,147,137,147.12836721576207,147.12836721576207,187.183
1790694383,659,11,steady,vgg16_image,401,401,447,400.5084112149533,400.5084112149533,476.781
1790694383,659,11,steady,vit_base_image,73,74,73,73.56037151702786,73.56037151702786,100.828
1790694384,660,11,steady,resnet50_image,147,147,136,147.12836721576207,147.12836721576207,187.183
1790694384,660,11,steady,vgg16_image,400,401,408,400.5084112149533,400.5084112149533,476.781
1790694384,660,11,steady,vit_base_image,74,74,74,73.56037151702786,73.56037151702786,100.828
1790694385,661,11,steady,resnet50_image,148,147,137,147.12836721576207,147.12836721576207,187.183
1790694385,661,11,steady,vgg16_image,401,400,403,400.5084112149533,400.5084112149533,476.781
1790694385,661,11,steady,vit_base_image,73,73,73,73.56037151702786,73.56037151702786,100.828
1790694386,662,11,steady,resnet50_image,147,148,135,147.12836721576207,147.12836721576207,187.183
1790694386,662,11,steady,vgg16_image,400,401,385,400.5084112149533,400.5084112149533,476.781
1790694386,662,11,steady,vit_base_image,74,74,73,73.56037151702786,73.56037151702786,100.828
1790694387,663,11,steady,resnet50_image,147,146,115,147.12836721576207,147.12836721576207,187.183
1790694387,663,11,steady,vgg16_image,401,400,220,400.5084112149533,400.5084112149533,476.781
1790694387,663,11,steady,vit_base_image,73,73,75,73.56037151702786,73.56037151702786,100.828
1790694388,664,11,steady,resnet50_image,147,148,136,147.12836721576207,147.12836721576207,187.183
1790694388,664,11,steady,vgg16_image,400,400,465,400.5084112149533,400.5084112149533,476.781
1790694388,664,11,steady,vit_base_image,74,74,73,73.56037151702786,73.56037151702786,100.828
1790694389,665,11,steady,resnet50_image,147,147,137,147.12836721576207,147.12836721576207,187.183
1790694389,665,11,steady,vgg16_image,401,401,475,400.5084112149533,400.5084112149533,476.781
1790694389,665,11,steady,vit_base_image,74,73,74,73.56037151702786,73.56037151702786,100.828
1790694390,666,11,steady,resnet50_image,147,147,137,147.12836721576207,147.12836721576207,187.183
1790694390,666,11,steady,vgg16_image,400,401,457,400.5084112149533,400.5084112149533,476.781
1790694390,666,11,steady,vit_base_image,73,74,73,73.56037151702786,73.56037151702786,100.828
1790694391,667,11,steady,resnet50_image,147,147,137,147.12836721576207,147.12836721576207,187.183
1790694391,667,11,steady,vgg16_image,401,400,401,400.5084112149533,400.5084112149533,476.781
1790694391,667,11,steady,vit_base_image,74,73,74,73.56037151702786,73.56037151702786,100.828
1790694392,668,11,steady,resnet50_image,147,147,136,147.12836721576207,147.12836721576207,187.183
1790694392,668,11,steady,vgg16_image,400,400,400,400.5084112149533,400.5084112149533,476.781
1790694392,668,11,steady,vit_base_image,73,74,73,73.56037151702786,73.56037151702786,100.828
1790694393,669,11,steady,resnet50_image,148,147,136,147.12836721576207,147.12836721576207,187.183
1790694393,669,11,steady,vgg16_image,401,401,393,400.5084112149533,400.5084112149533,476.781
1790694393,669,11,steady,vit_base_image,74,74,74,73.56037151702786,73.56037151702786,100.828
1790694394,670,11,steady,resnet50_image,147,148,136,147.12836721576207,147.12836721576207,187.183
1790694394,670,11,steady,vgg16_image,400,401,404,400.5084112149533,400.5084112149533,476.781
1790694394,670,11,steady,vit_base_image,73,73,73,73.56037151702786,73.56037151702786,100.828
1790694395,671,11,steady,resnet50_image,147,147,137,147.12836721576207,147.12836721576207,187.183
1790694395,671,11,steady,vgg16_image,401,400,403,400.5084112149533,400.5084112149533,476.781
1790694395,671,11,steady,vit_base_image,74,74,74,73.56037151702786,73.56037151702786,100.828
1790694396,672,11,steady,resnet50_image,147,147,138,147.12836721576207,147.12836721576207,187.183
1790694396,672,11,steady,vgg16_image,400,400,400,400.5084112149533,400.5084112149533,476.781
1790694396,672,11,steady,vit_base_image,73,73,74,73.56037151702786,73.56037151702786,100.828
1790694397,673,11,steady,resnet50_image,147,147,138,147.12836721576207,147.12836721576207,187.183
1790694397,673,11,steady,vgg16_image,401,402,399,400.5084112149533,400.5084112149533,476.781
1790694397,673,11,steady,vit_base_image,74,74,73,73.56037151702786,73.56037151702786,100.828
1790694398,674,11,steady,resnet50_image,147,147,137,147.12836721576207,147.12836721576207,187.183
1790694398,674,11,steady,vgg16_image,400,400,404,400.5084112149533,400.5084112149533,476.781
1790694398,674,11,steady,vit_base_image,74,74,74,73.56037151702786,73.56037151702786,100.828
1790694399,675,11,steady,resnet50_image,147,140,136,147.12836721576207,147.12836721576207,187.183
1790694399,675,11,steady,vgg16_image,401,400,395,400.5084112149533,400.5084112149533,476.781
1790694399,675,11,steady,vit_base_image,73,73,73,73.56037151702786,73.56037151702786,100.828
1790694400,676,11,steady,resnet50_image,147,136,136,147.12836721576207,147.12836721576207,187.183
1790694400,676,11,steady,vgg16_image,400,401,398,400.5084112149533,400.5084112149533,476.781
1790694400,676,11,steady,vit_base_image,74,74,74,73.56037151702786,73.56037151702786,100.828
1790694401,677,11,steady,resnet50_image,148,137,136,147.12836721576207,147.12836721576207,187.183
1790694401,677,11,steady,vgg16_image,401,400,407,400.5084112149533,400.5084112149533,476.781
1790694401,677,11,steady,vit_base_image,73,73,73,73.56037151702786,73.56037151702786,100.828
1790694402,678,11,steady,resnet50_image,147,136,137,147.12836721576207,147.12836721576207,187.183
1790694402,678,11,steady,vgg16_image,400,401,401,400.5084112149533,400.5084112149533,476.781
1790694402,678,11,steady,vit_base_image,74,74,74,73.56037151702786,73.56037151702786,100.828
1790694403,679,11,steady,resnet50_image,147,137,136,147.12836721576207,147.12836721576207,187.183
1790694403,679,11,steady,vgg16_image,401,401,398,400.5084112149533,400.5084112149533,476.781
1790694403,679,11,steady,vit_base_image,73,73,74,73.56037151702786,73.56037151702786,100.828
1790694404,680,11,steady,resnet50_image,147,137,137,147.12836721576207,147.12836721576207,187.183
1790694404,680,11,steady,vgg16_image,400,400,399,400.5084112149533,400.5084112149533,476.781
1790694404,680,11,steady,vit_base_image,74,74,73,73.56037151702786,73.56037151702786,100.828
1790694405,681,11,steady,resnet50_image,147,137,138,147.12836721576207,147.12836721576207,187.183
1790694405,681,11,steady,vgg16_image,401,400,397,400.5084112149533,400.5084112149533,476.781
1790694405,681,11,steady,vit_base_image,73,73,74,73.56037151702786,73.56037151702786,100.828
1790694406,682,11,steady,resnet50_image,147,136,135,147.12836721576207,147.12836721576207,187.183
1790694406,682,11,steady,vgg16_image,400,401,408,400.5084112149533,400.5084112149533,476.781
1790694406,682,11,steady,vit_base_image,74,74,73,73.56037151702786,73.56037151702786,100.828
1790694407,683,11,steady,resnet50_image,147,135,136,147.12836721576207,147.12836721576207,187.183
1790694407,683,11,steady,vgg16_image,401,400,396,400.5084112149533,400.5084112149533,476.781
1790694407,683,11,steady,vit_base_image,74,73,74,73.56037151702786,73.56037151702786,100.828
1790694408,684,11,steady,resnet50_image,147,118,118,147.12836721576207,147.12836721576207,187.183
1790694408,684,11,steady,vgg16_image,400,400,313,400.5084112149533,400.5084112149533,476.781
1790694408,684,11,steady,vit_base_image,73,74,73,73.56037151702786,73.56037151702786,100.828
1790694409,685,11,steady,resnet50_image,148,137,137,147.12836721576207,147.12836721576207,187.183
1790694409,685,11,steady,vgg16_image,401,402,464,400.5084112149533,400.5084112149533,476.781
1790694409,685,11,steady,vit_base_image,74,74,74,73.56037151702786,73.56037151702786,100.828
1790694410,686,,,resnet50_image,147,135,135,,,187.183
1790694410,686,,,vgg16_image,400,400,419,,,476.781
1790694410,686,,,vit_base_image,73,73,74,,,100.828
1790694411,687,,,resnet50_image,147,137,137,,,187.183
1790694411,687,,,vgg16_image,401,400,414,,,476.781
1790694411,687,,,vit_base_image,74,74,73,,,100.828
1790694412,688,,,resnet50_image,147,137,136,,,187.183
1790694412,688,,,vgg16_image,400,401,389,,,476.781
1790694412,688,,,vit_base_image,73,73,74,,,100.828
1790694413,689,,,resnet50_image,147,137,137,,,187.183
1790694413,689,,,vgg16_image,401,401,411,,,476.781
1790694413,689,,,vit_base_image,74,74,73,,,100.828
1790694414,690,,,resnet50_image,147,137,138,,,187.183
1790694414,690,,,vgg16_image,400,400,392,,,476.781
1790694414,690,,,vit_base_image,74,73,74,,,100.828
1790694415,691,,,resnet50_image,147,138,138,,,187.183
1790694415,691,,,vgg16_image,401,400,404,,,476.781
1790694415,691,,,vit_base_image,73,74,73,,,100.828
1790694416,692,,,resnet50_image,148,137,137,,,187.183
1790694416,692,,,vgg16_image,400,401,402,,,476.781
1790694416,692,,,vit_base_image,74,73,74,,,100.828
1790694417,693,,,resnet50_image,147,137,136,,,187.183
1790694417,693,,,vgg16_image,401,401,394,,,476.781
1790694417,693,,,vit_base_image,73,74,73,,,100.828
1790694418,694,,,resnet50_image,147,136,136,,,187.183
1790694418,694,,,vgg16_image,400,400,407,,,476.781
1790694418,694,,,vit_base_image,74,74,74,,,100.828
1790694419,695,,,resnet50_image,147,127,127,,,187.183
1790694419,695,,,vgg16_image,401,400,370,,,476.781
1790694419,695,,,vit_base_image,73,73,73,,,100.828
1790694420,696,,,resnet50_image,147,137,138,,,187.183
1790694420,696,,,vgg16_image,400,401,429,,,476.781
1790694420,696,,,vit_base_image,74,74,74,,,100.828
1790694421,697,,,resnet50_image,147,136,136,,,187.183
1790694421,697,,,vgg16_image,401,400,406,,,476.781
1790694421,697,,,vit_base_image,73,73,74,,,100.828
1790694422,698,,,resnet50_image,147,136,136,,,187.183
1790694422,698,,,vgg16_image,400,401,398,,,476.781
1790694422,698,,,vit_base_image,74,74,73,,,100.828
1790694423,699,12,transition,resnet50_image,137,132,137,133.64290912567927,133.64290912567927,187.183
1790694423,699,12,transition,vgg16_image,400,400,396,400.5084112149533,460.08224299065415,476.781
1790694423,699,12,transition,vit_base_image,74,74,74,73.56037151702786,73.56037151702786,100.828
1790694424,700,12,transition,resnet50_image,133,134,137,133.64290912567927,133.64290912567927,187.183
1790694424,700,12,transition,vgg16_image,401,400,401,400.5084112149533,460.08224299065415,476.781
1790694424,700,12,transition,vit_base_image,74,74,74,73.56037151702786,73.56037151702786,100.828
1790694425,701,12,transition,resnet50_image,134,134,137,133.64290912567927,133.64290912567927,187.183
1790694425,701,12,transition,vgg16_image,400,401,402,400.5084112149533,460.08224299065415,476.781
1790694425,701,12,transition,vit_base_image,73,73,73,73.56037151702786,73.56037151702786,100.828
1790694426,702,12,transition,resnet50_image,134,133,137,133.64290912567927,133.64290912567927,187.183
1790694426,702,12,transition,vgg16_image,401,400,403,400.5084112149533,460.08224299065415,476.781
1790694426,702,12,transition,vit_base_image,74,74,74,73.56037151702786,73.56037151702786,100.828
1790694427,703,12,transition,resnet50_image,133,134,137,133.64290912567927,133.64290912567927,187.183
1790694427,703,12,transition,vgg16_image,400,401,396,400.5084112149533,460.08224299065415,476.781
1790694427,703,12,transition,vit_base_image,73,73,74,73.56037151702786,73.56037151702786,100.828
1790694428,704,12,transition,resnet50_image,134,132,114,133.64290912567927,133.64290912567927,187.183
1790694428,704,12,transition,vgg16_image,401,400,290,400.5084112149533,460.08224299065415,476.781
1790694428,704,12,transition,vit_base_image,74,74,63,73.56037151702786,73.56037151702786,100.828
1790694429,705,12,transition,resnet50_image,133,133,138,133.64290912567927,133.64290912567927,187.183
1790694429,705,12,transition,vgg16_image,400,400,464,400.5084112149533,460.08224299065415,476.781
1790694429,705,12,transition,vit_base_image,73,73,83,73.56037151702786,73.56037151702786,100.828
1790694430,706,12,transition,resnet50_image,134,134,136,133.64290912567927,133.64290912567927,187.183
1790694430,706,12,transition,vgg16_image,401,401,453,400.5084112149533,460.08224299065415,476.781
1790694430,706,12,transition,vit_base_image,74,74,74,73.56037151702786,73.56037151702786,100.828
1790694431,707,12,transition,resnet50_image,134,133,136,133.64290912567927,133.64290912567927,187.183
1790694431,707,12,transition,vgg16_image,400,400,393,400.5084112149533,460.08224299065415,476.781
1790694431,707,12,transition,vit_base_image,74,73,74,73.56037151702786,73.56037151702786,100.828
1790694432,708,12,transition,resnet50_image,133,134,138,133.64290912567927,133.64290912567927,187.183
1790694432,708,12,transition,vgg16_image,401,402,283,400.5084112149533,460.08224299065415,476.781
1790694432,708,12,transition,vit_base_image,73,74,73,73.56037151702786,73.56037151702786,100.828
1790694433,709,12,transition,resnet50_image,134,134,136,133.64290912567927,133.64290912567927,0
1790694433,709,12,transition,vgg16_image,401,400,0,400.5084112149533,460.08224299065415,0
1790694433,709,12,transition,vit_base_image,74,74,74,73.56037151702786,73.56037151702786,100.828
1790694434,710,12,transition,resnet50_image,134,133,58,133.64290912567927,133.64290912567927,0
1790694434,710,12,transition,vgg16_image,400,400,0,400.5084112149533,460.08224299065415,0
1790694434,710,12,transition,vit_base_image,73,73,73,73.56037151702786,73.56037151702786,100.828
1790694435,711,12,transition,resnet50_image,133,134,0,133.64290912567927,133.64290912567927,0
1790694435,711,12,transition,vgg16_image,401,401,0,400.5084112149533,460.08224299065415,0
1790694435,711,12,transition,vit_base_image,74,74,74,73.56037151702786,73.56037151702786,100.828
1790694436,712,12,transition,resnet50_image,134,134,0,133.64290912567927,133.64290912567927,0
1790694436,712,12,transition,vgg16_image,400,400,0,400.5084112149533,460.08224299065415,0
1790694436,712,12,transition,vit_base_image,73,73,74,73.56037151702786,73.56037151702786,100.828
1790694437,713,12,transition,resnet50_image,134,127,0,133.64290912567927,133.64290912567927,0
1790694437,713,12,transition,vgg16_image,401,379,0,400.5084112149533,460.08224299065415,0
1790694437,713,12,transition,vit_base_image,74,70,64,73.56037151702786,73.56037151702786,100.828
1790694438,714,12,transition,resnet50_image,133,140,0,133.64290912567927,133.64290912567927,0
1790694438,714,12,transition,vgg16_image,400,423,0,400.5084112149533,460.08224299065415,0
1790694438,714,12,transition,vit_base_image,74,77,83,73.56037151702786,73.56037151702786,100.828
1790694439,715,12,transition,resnet50_image,134,134,0,133.64290912567927,133.64290912567927,0
1790694439,715,12,transition,vgg16_image,401,400,0,400.5084112149533,460.08224299065415,0
1790694439,715,12,transition,vit_base_image,73,74,73,73.56037151702786,73.56037151702786,100.828
1790694440,716,12,transition,resnet50_image,134,133,0,133.64290912567927,133.64290912567927,0
1790694440,716,12,transition,vgg16_image,400,401,289,400.5084112149533,460.08224299065415,476.781
1790694440,716,12,transition,vit_base_image,74,74,74,73.56037151702786,73.56037151702786,100.828
1790694441,717,12,transition,resnet50_image,133,134,0,133.64290912567927,133.64290912567927,0
1790694441,717,12,transition,vgg16_image,401,400,402,400.5084112149533,460.08224299065415,476.781
1790694441,717,12,transition,vit_base_image,73,73,73,73.56037151702786,73.56037151702786,100.828
1790694442,718,12,transition,resnet50_image,134,134,0,133.64290912567927,133.64290912567927,0
1790694442,718,12,transition,vgg16_image,400,400,405,400.5084112149533,460.08224299065415,476.781
1790694442,718,12,transition,vit_base_image,74,74,74,73.56037151702786,73.56037151702786,100.828
1790694443,719,12,transition,resnet50_image,133,133,0,133.64290912567927,133.64290912567927,0
1790694443,719,12,transition,vgg16_image,401,401,399,400.5084112149533,460.08224299065415,476.781
1790694443,719,12,transition,vit_base_image,73,73,74,73.56037151702786,73.56037151702786,100.828
1790694444,720,12,transition,resnet50_image,134,134,0,133.64290912567927,133.64290912567927,0
1790694444,720,12,transition,vgg16_image,400,401,399,400.5084112149533,460.08224299065415,476.781
1790694444,720,12,transition,vit_base_image,74,74,73,73.56037151702786,73.56037151702786,100.828
1790694445,721,12,transition,resnet50_image,134,134,0,133.64290912567927,133.64290912567927,0
1790694445,721,12,transition,vgg16_image,401,400,403,400.5084112149533,460.08224299065415,476.781
1790694445,721,12,transition,vit_base_image,73,73,74,73.56037151702786,73.56037151702786,100.828
1790694446,722,12,transition,resnet50_image,133,133,0,133.64290912567927,133.64290912567927,0
1790694446,722,12,transition,vgg16_image,400,401,393,400.5084112149533,460.08224299065415,476.781
1790694446,722,12,transition,vit_base_image,74,74,73,73.56037151702786,73.56037151702786,100.828
1790694447,723,12,transition,resnet50_image,134,134,0,133.64290912567927,133.64290912567927,0
1790694447,723,12,transition,vgg16_image,401,400,405,400.5084112149533,460.08224299065415,476.781
1790694447,723,12,transition,vit_base_image,74,73,74,73.56037151702786,73.56037151702786,100.828
1790694448,724,12,transition,resnet50_image,134,133,37,133.64290912567927,133.64290912567927,0
1790694448,724,12,transition,vgg16_image,400,401,369,400.5084112149533,460.08224299065415,476.781
1790694448,724,12,transition,vit_base_image,73,74,71,73.56037151702786,73.56037151702786,100.828
1790694449,725,12,transition,resnet50_image,133,134,147,133.64290912567927,133.64290912567927,187.183
1790694449,725,12,transition,vgg16_image,401,400,431,400.5084112149533,460.08224299065415,476.781
1790694449,725,12,transition,vit_base_image,74,74,76,73.56037151702786,73.56037151702786,100.828
1790694450,726,12,transition,resnet50_image,134,134,134,133.64290912567927,133.64290912567927,187.183
1790694450,726,12,transition,vgg16_image,400,400,398,400.5084112149533,460.08224299065415,476.781
1790694450,726,12,transition,vit_base_image,73,73,74,73.56037151702786,73.56037151702786,100.828
1790694451,727,12,transition,resnet50_image,134,133,133,133.64290912567927,133.64290912567927,187.183
1790694451,727,12,transition,vgg16_image,401,401,401,400.5084112149533,460.08224299065415,476.781
1790694451,727,12,transition,vit_base_image,74,74,73,73.56037151702786,73.56037151702786,100.828
1790694452,728,12,transition,resnet50_image,133,134,134,133.64290912567927,133.64290912567927,187.183
1790694452,728,12,transition,vgg16_image,400,401,400,400.5084112149533,460.08224299065415,476.781
1790694452,728,12,transition,vit_base_image,73,73,74,73.56037151702786,73.56037151702786,100.828
1790694453,729,12,transition,resnet50_image,134,134,133,133.64290912567927,133.64290912567927,187.183
1790694453,729,12,transition,vgg16_image,401,400,404,400.5084112149533,460.08224299065415,476.781
1790694453,729,12,transition,vit_base_image,74,74,73,73.56037151702786,73.56037151702786,100.828
1790694454,730,12,transition,resnet50_image,134,130,130,133.64290912567927,133.64290912567927,187.183
1790694454,730,12,transition,vgg16_image,400,389,389,400.5084112149533,460.08224299065415,476.781
1790694454,730,12,transition,vit_base_image,73,71,71,73.56037151702786,73.56037151702786,100.828
1790694455,731,12,transition,resnet50_image,133,137,138,133.64290912567927,133.64290912567927,187.183
1790694455,731,12,transition,vgg16_image,401,412,398,400.5084112149533,460.08224299065415,476.781
1790694455,731,12,transition,vit_base_image,74,76,76,73.56037151702786,73.56037151702786,100.828
1790694456,732,12,transition,resnet50_image,134,133,134,133.64290912567927,133.64290912567927,187.183
1790694456,732,12,transition,vgg16_image,400,401,410,400.5084112149533,460.08224299065415,476.781
1790694456,732,12,transition,vit_base_image,74,74,74,73.56037151702786,73.56037151702786,100.828
1790694457,733,12,transition,resnet50_image,132,132,126,133.64290912567927,133.64290912567927,187.183
1790694457,733,12,transition,vgg16_image,403,396,395,400.5084112149533,460.08224299065415,476.781
1790694457,733,12,transition,vit_base_image,73,71,72,73.56037151702786,73.56037151702786,100.828
1790694458,734,12,steady,resnet50_image,134,135,139,133.64290912567927,133.64290912567927,187.183
1790694458,734,12,steady,vgg16_image,460,466,459,460.08224299065415,460.08224299065415,476.781
1790694458,734,12,steady,vit_base_image,74,76,75,73.56037151702786,73.56037151702786,100.828
1790694459,735,12,steady,resnet50_image,133,133,134,133.64290912567927,133.64290912567927,187.183
1790694459,735,12,steady,vgg16_image,460,461,464,460.08224299065415,460.08224299065415,476.781
1790694459,735,12,steady,vit_base_image,73,73,73,73.56037151702786,73.56037151702786,100.828
1790694460,736,12,steady,resnet50_image,134,134,134,133.64290912567927,133.64290912567927,187.183
1790694460,736,12,steady,vgg16_image,460,459,448,460.08224299065415,460.08224299065415,476.781
1790694460,736,12,steady,vit_base_image,74,74,74,73.56037151702786,73.56037151702786,100.828
1790694461,737,12,steady,resnet50_image,134,134,133,133.64290912567927,133.64290912567927,187.183
1790694461,737,12,steady,vgg16_image,460,461,458,460.08224299065415,460.08224299065415,476.781
1790694461,737,12,steady,vit_base_image,73,73,73,73.56037151702786,73.56037151702786,100.828
1790694462,738,12,steady,resnet50_image,133,133,134,133.64290912567927,133.64290912567927,187.183
1790694462,738,12,steady,vgg16_image,460,459,464,460.08224299065415,460.08224299065415,476.781
1790694462,738,12,steady,vit_base_image,74,74,74,73.56037151702786,73.56037151702786,100.828
1790694463,739,12,steady,resnet50_image,134,134,134,133.64290912567927,133.64290912567927,187.183
1790694463,739,12,steady,vgg16_image,460,460,464,460.08224299065415,460.08224299065415,476.781
1790694463,739,12,steady,vit_base_image,73,73,74,73.56037151702786,73.56037151702786,100.828
1790694464,740,12,steady,resnet50_image,134,133,133,133.64290912567927,133.64290912567927,187.183
1790694464,740,12,steady,vgg16_image,460,461,464,460.08224299065415,460.08224299065415,476.781
1790694464,740,12,steady,vit_base_image,74,74,73,73.56037151702786,73.56037151702786,100.828
1790694465,741,12,steady,resnet50_image,133,134,133,133.64290912567927,133.64290912567927,187.183
1790694465,741,12,steady,vgg16_image,460,460,464,460.08224299065415,460.08224299065415,476.781
1790694465,741,12,steady,vit_base_image,74,73,74,73.56037151702786,73.56037151702786,100.828
1790694466,742,12,steady,resnet50_image,134,134,134,133.64290912567927,133.64290912567927,187.183
1790694466,742,12,steady,vgg16_image,460,459,464,460.08224299065415,460.08224299065415,476.781
1790694466,742,12,steady,vit_base_image,73,74,73,73.56037151702786,73.56037151702786,100.828
1790694467,743,12,steady,resnet50_image,133,133,134,133.64290912567927,133.64290912567927,187.183
1790694467,743,12,steady,vgg16_image,460,461,446,460.08224299065415,460.08224299065415,476.781
1790694467,743,12,steady,vit_base_image,74,74,74,73.56037151702786,73.56037151702786,100.828
1790694468,744,12,steady,resnet50_image,134,134,134,133.64290912567927,133.64290912567927,187.183
1790694468,744,12,steady,vgg16_image,461,460,380,460.08224299065415,460.08224299065415,476.781
1790694468,744,12,steady,vit_base_image,73,73,73,73.56037151702786,73.56037151702786,100.828
1790694469,745,12,steady,resnet50_image,134,134,134,133.64290912567927,133.64290912567927,187.183
1790694469,745,12,steady,vgg16_image,460,460,479,460.08224299065415,460.08224299065415,476.781
1790694469,745,12,steady,vit_base_image,74,74,74,73.56037151702786,73.56037151702786,100.828
1790694470,746,12,steady,resnet50_image,133,133,133,133.64290912567927,133.64290912567927,187.183
1790694470,746,12,steady,vgg16_image,460,460,464,460.08224299065415,460.08224299065415,476.781
1790694470,746,12,steady,vit_base_image,73,73,74,73.56037151702786,73.56037151702786,100.828
1790694471,747,12,steady,resnet50_image,134,134,134,133.64290912567927,133.64290912567927,187.183
1790694471,747,12,steady,vgg16_image,460,460,480,460.08224299065415,460.08224299065415,476.781
1790694471,747,12,steady,vit_base_image,74,74,73,73.56037151702786,73.56037151702786,100.828
1790694472,748,12,steady,resnet50_image,134,133,134,133.64290912567927,133.64290912567927,187.183
1790694472,748,12,steady,vgg16_image,460,460,464,460.08224299065415,460.08224299065415,476.781
1790694472,748,12,steady,vit_base_image,73,73,73,73.56037151702786,73.56037151702786,100.828
1790694473,749,12,steady,resnet50_image,133,134,133,133.64290912567927,133.64290912567927,187.183
1790694473,749,12,steady,vgg16_image,460,460,464,460.08224299065415,460.08224299065415,476.781
1790694473,749,12,steady,vit_base_image,74,74,74,73.56037151702786,73.56037151702786,100.828
1790694474,750,12,steady,resnet50_image,134,134,133,133.64290912567927,133.64290912567927,187.183
1790694474,750,12,steady,vgg16_image,460,460,464,460.08224299065415,460.08224299065415,476.781
1790694474,750,12,steady,vit_base_image,74,73,74,73.56037151702786,73.56037151702786,100.828
1790694475,751,12,steady,resnet50_image,134,134,134,133.64290912567927,133.64290912567927,187.183
1790694475,751,12,steady,vgg16_image,460,461,464,460.08224299065415,460.08224299065415,476.781
1790694475,751,12,steady,vit_base_image,73,74,73,73.56037151702786,73.56037151702786,100.828
1790694476,752,12,steady,resnet50_image,133,133,134,133.64290912567927,133.64290912567927,187.183
1790694476,752,12,steady,vgg16_image,460,460,480,460.08224299065415,460.08224299065415,476.781
1790694476,752,12,steady,vit_base_image,74,74,74,73.56037151702786,73.56037151702786,100.828
1790694477,753,12,steady,resnet50_image,134,134,134,133.64290912567927,133.64290912567927,187.183
1790694477,753,12,steady,vgg16_image,460,460,464,460.08224299065415,460.08224299065415,476.781
1790694477,753,12,steady,vit_base_image,73,73,73,73.56037151702786,73.56037151702786,100.828
1790694478,754,12,steady,resnet50_image,134,133,133,133.64290912567927,133.64290912567927,187.183
1790694478,754,12,steady,vgg16_image,460,460,368,460.08224299065415,460.08224299065415,476.781
1790694478,754,12,steady,vit_base_image,74,74,74,73.56037151702786,73.56037151702786,100.828
1790694479,755,12,steady,resnet50_image,133,134,133,133.64290912567927,133.64290912567927,187.183
1790694479,755,12,steady,vgg16_image,460,460,464,460.08224299065415,460.08224299065415,476.781
1790694479,755,12,steady,vit_base_image,73,73,74,73.56037151702786,73.56037151702786,100.828
1790694480,756,12,steady,resnet50_image,134,134,135,133.64290912567927,133.64290912567927,187.183
1790694480,756,12,steady,vgg16_image,460,460,464,460.08224299065415,460.08224299065415,476.781
1790694480,756,12,steady,vit_base_image,74,74,73,73.56037151702786,73.56037151702786,100.828
1790694481,757,12,steady,resnet50_image,133,133,133,133.64290912567927,133.64290912567927,187.183
1790694481,757,12,steady,vgg16_image,461,460,467,460.08224299065415,460.08224299065415,476.781
1790694481,757,12,steady,vit_base_image,74,73,74,73.56037151702786,73.56037151702786,100.828
1790694482,758,12,steady,resnet50_image,134,134,134,133.64290912567927,133.64290912567927,187.183
1790694482,758,12,steady,vgg16_image,460,460,477,460.08224299065415,460.08224299065415,476.781
1790694482,758,12,steady,vit_base_image,73,74,73,73.56037151702786,73.56037151702786,100.828
1790694483,759,12,steady,resnet50_image,134,134,133,133.64290912567927,133.64290912567927,187.183
1790694483,759,12,steady,vgg16_image,460,460,480,460.08224299065415,460.08224299065415,476.781
1790694483,759,12,steady,vit_base_image,74,74,74,73.56037151702786,73.56037151702786,100.828
1790694484,760,12,steady,resnet50_image,133,133,134,133.64290912567927,133.64290912567927,187.183
1790694484,760,12,steady,vgg16_image,460,460,455,460.08224299065415,460.08224299065415,476.781
1790694484,760,12,steady,vit_base_image,73,73,74,73.56037151702786,73.56037151702786,100.828
1790694485,761,12,steady,resnet50_image,134,134,134,133.64290912567927,133.64290912567927,187.183
1790694485,761,12,steady,vgg16_image,460,460,457,460.08224299065415,460.08224299065415,476.781
1790694485,761,12,steady,vit_base_image,74,74,73,73.56037151702786,73.56037151702786,100.828
1790694486,762,12,steady,resnet50_image,134,134,132,133.64290912567927,133.64290912567927,187.183
1790694486,762,12,steady,vgg16_image,460,461,480,460.08224299065415,460.08224299065415,476.781
1790694486,762,12,steady,vit_base_image,73,73,74,73.56037151702786,73.56037151702786,100.828
1790694487,763,12,steady,resnet50_image,133,133,135,133.64290912567927,133.64290912567927,187.183
1790694487,763,12,steady,vgg16_image,460,459,480,460.08224299065415,460.08224299065415,476.781
1790694487,763,12,steady,vit_base_image,74,74,73,73.56037151702786,73.56037151702786,100.828
