node,gpu_index,workload,profile,batch,phase,i,runtimeLatencyMs,ttftMs,tpotMs,mig_uuid,cpuAffinity,error
ampere,0,gpt2_p512_o512,1g,1,warmup,0,5383.30224609375,40.283103942871094,10.456006149023246,MIG-a9aaa9b9-3415-5b83-baab-d52b391db3ac,"2,58",
ampere,0,gpt2_p512_o512,1g,1,sample,0,5379.51318359375,34.36822509765625,10.460166259287854,MIG-a9aaa9b9-3415-5b83-baab-d52b391db3ac,"2,58",
ampere,0,gpt2_p512_o512,1g,1,sample,1,5356.693359375,34.41862487792969,10.415410439328905,MIG-a9aaa9b9-3415-5b83-baab-d52b391db3ac,"2,58",
ampere,0,gpt2_p512_o512,1g,1,sample,2,5370.17431640625,34.20665740966797,10.442206769073547,MIG-a9aaa9b9-3415-5b83-baab-d52b391db3ac,"2,58",
ampere,0,gpt2_p512_o512,1g,1,sample,3,5363.47607421875,33.95555114746094,10.429590064718765,MIG-a9aaa9b9-3415-5b83-baab-d52b391db3ac,"2,58",
ampere,0,gpt2_p512_o512,1g,1,sample,4,5361.16162109375,34.147518157958984,10.424685132946754,MIG-a9aaa9b9-3415-5b83-baab-d52b391db3ac,"2,58",
ampere,0,gpt2_p512_o512,1g,1,sample,5,5359.45703125,34.59804916381836,10.420467675315424,MIG-a9aaa9b9-3415-5b83-baab-d52b391db3ac,"2,58",
ampere,0,gpt2_p512_o512,1g,1,sample,6,5347.80224609375,34.043582916259766,10.398744937725029,MIG-a9aaa9b9-3415-5b83-baab-d52b391db3ac,"2,58",
ampere,0,gpt2_p512_o512,1g,1,sample,7,5355.41357421875,34.33903884887695,10.413061713052588,MIG-a9aaa9b9-3415-5b83-baab-d52b391db3ac,"2,58",
ampere,0,gpt2_p512_o512,1g,1,sample,8,5343.46533203125,34.278785705566406,10.389797546625603,MIG-a9aaa9b9-3415-5b83-baab-d52b391db3ac,"2,58",
ampere,0,gpt2_p512_o512,1g,1,sample,9,5345.625,33.928382873535156,10.394709622556682,MIG-a9aaa9b9-3415-5b83-baab-d52b391db3ac,"2,58",
ampere,0,gpt2_p64_o64,1g,1,warmup,0,667.4891357421875,21.350688934326172,10.256165822347006,MIG-a9aaa9b9-3415-5b83-baab-d52b391db3ac,"2,58",
ampere,0,gpt2_p64_o64,1g,1,sample,0,658.614501953125,13.213151931762695,10.244465873354958,MIG-a9aaa9b9-3415-5b83-baab-d52b391db3ac,"2,58",
ampere,0,gpt2_p64_o64,1g,1,sample,1,656.3738403320312,11.681183815002441,10.233216770111568,MIG-a9aaa9b9-3415-5b83-baab-d52b391db3ac,"2,58",
ampere,0,gpt2_p64_o64,1g,1,sample,2,657.9291381835938,11.673888206481934,10.258019840906536,MIG-a9aaa9b9-3415-5b83-baab-d52b391db3ac,"2,58",
ampere,0,gpt2_p64_o64,1g,1,sample,3,656.3609619140625,11.624320030212402,10.233914950537303,MIG-a9aaa9b9-3415-5b83-baab-d52b391db3ac,"2,58",
ampere,0,gpt2_p64_o64,1g,1,sample,4,659.2266845703125,12.994272232055664,10.25765733870249,MIG-a9aaa9b9-3415-5b83-baab-d52b391db3ac,"2,58",
ampere,0,gpt2_p64_o64,1g,1,sample,5,655.9028930664062,11.690079689025879,10.225600212339371,MIG-a9aaa9b9-3415-5b83-baab-d52b391db3ac,"2,58",
ampere,0,gpt2_p64_o64,1g,1,sample,6,658.2628784179688,11.558783531188965,10.26514436328222,MIG-a9aaa9b9-3415-5b83-baab-d52b391db3ac,"2,58",
ampere,0,gpt2_p64_o64,1g,1,sample,7,656.6102905273438,11.5665922164917,10.238788862077017,MIG-a9aaa9b9-3415-5b83-baab-d52b391db3ac,"2,58",
ampere,0,gpt2_p64_o64,1g,1,sample,8,656.1297607421875,11.55078411102295,10.231412327478802,MIG-a9aaa9b9-3415-5b83-baab-d52b391db3ac,"2,58",
ampere,0,gpt2_p64_o64,1g,1,sample,9,656.1552734375,11.568960189819336,10.231528781709217,MIG-a9aaa9b9-3415-5b83-baab-d52b391db3ac,"2,58",
ampere,0,resnet50_image,1g,1,warmup,0,11.46076774597168,,,MIG-a9aaa9b9-3415-5b83-baab-d52b391db3ac,"2,58",
ampere,0,resnet50_image,1g,1,warmup,1,4.895008087158203,,,MIG-a9aaa9b9-3415-5b83-baab-d52b391db3ac,"2,58",
ampere,0,resnet50_image,1g,1,warmup,2,4.812511920928955,,,MIG-a9aaa9b9-3415-5b83-baab-d52b391db3ac,"2,58",
ampere,0,resnet50_image,1g,1,warmup,3,4.708511829376221,,,MIG-a9aaa9b9-3415-5b83-baab-d52b391db3ac,"2,58",
ampere,0,resnet50_image,1g,1,warmup,4,4.79036808013916,,,MIG-a9aaa9b9-3415-5b83-baab-d52b391db3ac,"2,58",
ampere,0,resnet50_image,1g,1,warmup,5,4.70739221572876,,,MIG-a9aaa9b9-3415-5b83-baab-d52b391db3ac,"2,58",
ampere,0,resnet50_image,1g,1,warmup,6,4.737343788146973,,,MIG-a9aaa9b9-3415-5b83-baab-d52b391db3ac,"2,58",
ampere,0,resnet50_image,1g,1,warmup,7,4.748223781585693,,,MIG-a9aaa9b9-3415-5b83-baab-d52b391db3ac,"2,58",
ampere,0,resnet50_image,1g,1,warmup,8,4.74889612197876,,,MIG-a9aaa9b9-3415-5b83-baab-d52b391db3ac,"2,58",
ampere,0,resnet50_image,1g,1,warmup,9,4.79315185546875,,,MIG-a9aaa9b9-3415-5b83-baab-d52b391db3ac,"2,58",
ampere,0,resnet50_image,1g,1,sample,0,4.744287967681885,,,MIG-a9aaa9b9-3415-5b83-baab-d52b391db3ac,"2,58",
ampere,0,resnet50_image,1g,1,sample,1,4.668767929077148,,,MIG-a9aaa9b9-3415-5b83-baab-d52b391db3ac,"2,58",
ampere,0,resnet50_image,1g,1,sample,2,4.805215835571289,,,MIG-a9aaa9b9-3415-5b83-baab-d52b391db3ac,"2,58",
ampere,0,resnet50_image,1g,1,sample,3,4.734655857086182,,,MIG-a9aaa9b9-3415-5b83-baab-d52b391db3ac,"2,58",
ampere,0,resnet50_image,1g,1,sample,4,4.804704189300537,,,MIG-a9aaa9b9-3415-5b83-baab-d52b391db3ac,"2,58",
ampere,0,resnet50_image,1g,1,sample,5,4.688960075378418,,,MIG-a9aaa9b9-3415-5b83-baab-d52b391db3ac,"2,58",
ampere,0,resnet50_image,1g,1,sample,6,4.824128150939941,,,MIG-a9aaa9b9-3415-5b83-baab-d52b391db3ac,"2,58",
ampere,0,resnet50_image,1g,1,sample,7,4.683839797973633,,,MIG-a9aaa9b9-3415-5b83-baab-d52b391db3ac,"2,58",
ampere,0,resnet50_image,1g,1,sample,8,4.811808109283447,,,MIG-a9aaa9b9-3415-5b83-baab-d52b391db3ac,"2,58",
ampere,0,resnet50_image,1g,1,sample,9,4.772863864898682,,,MIG-a9aaa9b9-3415-5b83-baab-d52b391db3ac,"2,58",
ampere,0,resnet50_image,1g,1,sample,10,10.275039672851562,,,MIG-a9aaa9b9-3415-5b83-baab-d52b391db3ac,"2,58",
ampere,0,resnet50_image,1g,1,sample,11,6.046463966369629,,,MIG-a9aaa9b9-3415-5b83-baab-d52b391db3ac,"2,58",
ampere,0,resnet50_image,1g,1,sample,12,4.701024055480957,,,MIG-a9aaa9b9-3415-5b83-baab-d52b391db3ac,"2,58",
ampere,0,resnet50_image,1g,1,sample,13,4.754176139831543,,,MIG-a9aaa9b9-3415-5b83-baab-d52b391db3ac,"2,58",
ampere,0,resnet50_image,1g,1,sample,14,4.679135799407959,,,MIG-a9aaa9b9-3415-5b83-baab-d52b391db3ac,"2,58",
ampere,0,resnet50_image,1g,1,sample,15,4.786655902862549,,,MIG-a9aaa9b9-3415-5b83-baab-d52b391db3ac,"2,58",
ampere,0,resnet50_image,1g,1,sample,16,4.721343994140625,,,MIG-a9aaa9b9-3415-5b83-baab-d52b391db3ac,"2,58",
ampere,0,resnet50_image,1g,1,sample,17,4.763904094696045,,,MIG-a9aaa9b9-3415-5b83-baab-d52b391db3ac,"2,58",
ampere,0,resnet50_image,1g,1,sample,18,4.740543842315674,,,MIG-a9aaa9b9-3415-5b83-baab-d52b391db3ac,"2,58",
ampere,0,resnet50_image,1g,1,sample,19,4.740896224975586,,,MIG-a9aaa9b9-3415-5b83-baab-d52b391db3ac,"2,58",
ampere,0,resnet50_image,1g,1,sample,20,4.713183879852295,,,MIG-a9aaa9b9-3415-5b83-baab-d52b391db3ac,"2,58",
ampere,0,resnet50_image,1g,1,sample,21,4.74508810043335,,,MIG-a9aaa9b9-3415-5b83-baab-d52b391db3ac,"2,58",
ampere,0,resnet50_image,1g,1,sample,22,4.744768142700195,,,MIG-a9aaa9b9-3415-5b83-baab-d52b391db3ac,"2,58",
ampere,0,resnet50_image,1g,1,sample,23,4.775904178619385,,,MIG-a9aaa9b9-3415-5b83-baab-d52b391db3ac,"2,58",
ampere,0,resnet50_image,1g,1,sample,24,4.748511791229248,,,MIG-a9aaa9b9-3415-5b83-baab-d52b391db3ac,"2,58",
ampere,0,resnet50_image,1g,1,sample,25,4.7566399574279785,,,MIG-a9aaa9b9-3415-5b83-baab-d52b391db3ac,"2,58",
ampere,0,resnet50_image,1g,1,sample,26,4.74124813079834,,,MIG-a9aaa9b9-3415-5b83-baab-d52b391db3ac,"2,58",
ampere,0,resnet50_image,1g,1,sample,27,4.749728202819824,,,MIG-a9aaa9b9-3415-5b83-baab-d52b391db3ac,"2,58",
ampere,0,resnet50_image,1g,1,sample,28,4.6796159744262695,,,MIG-a9aaa9b9-3415-5b83-baab-d52b391db3ac,"2,58",
ampere,0,resnet50_image,1g,1,sample,29,4.77561616897583,,,MIG-a9aaa9b9-3415-5b83-baab-d52b391db3ac,"2,58",
ampere,0,resnet50_image,1g,1,sample,30,4.717311859130859,,,MIG-a9aaa9b9-3415-5b83-baab-d52b391db3ac,"2,58",
ampere,0,resnet50_image,1g,1,sample,31,4.75161600112915,,,MIG-a9aaa9b9-3415-5b83-baab-d52b391db3ac,"2,58",
ampere,0,resnet50_image,1g,1,sample,32,4.707647800445557,,,MIG-a9aaa9b9-3415-5b83-baab-d52b391db3ac,"2,58",
ampere,0,resnet50_image,1g,1,sample,33,4.75324821472168,,,MIG-a9aaa9b9-3415-5b83-baab-d52b391db3ac,"2,58",
ampere,0,resnet50_image,1g,1,sample,34,4.723999977111816,,,MIG-a9aaa9b9-3415-5b83-baab-d52b391db3ac,"2,58",
ampere,0,resnet50_image,1g,1,sample,35,4.753087997436523,,,MIG-a9aaa9b9-3415-5b83-baab-d52b391db3ac,"2,58",
ampere,0,resnet50_image,1g,1,sample,36,4.6975998878479,,,MIG-a9aaa9b9-3415-5b83-baab-d52b391db3ac,"2,58",
ampere,0,resnet50_image,1g,1,sample,37,4.76470422744751,,,MIG-a9aaa9b9-3415-5b83-baab-d52b391db3ac,"2,58",
ampere,0,resnet50_image,1g,1,sample,38,4.780032157897949,,,MIG-a9aaa9b9-3415-5b83-baab-d52b391db3ac,"2,58",
ampere,0,resnet50_image,1g,1,sample,39,4.778079986572266,,,MIG-a9aaa9b9-3415-5b83-baab-d52b391db3ac,"2,58",
ampere,0,resnet50_image,1g,1,sample,40,4.769375801086426,,,MIG-a9aaa9b9-3415-5b83-baab-d52b391db3ac,"2,58",
ampere,0,resnet50_image,1g,1,sample,41,4.765503883361816,,,MIG-a9aaa9b9-3415-5b83-baab-d52b391db3ac,"2,58",
ampere,0,resnet50_image,1g,1,sample,42,4.756095886230469,,,MIG-a9aaa9b9-3415-5b83-baab-d52b391db3ac,"2,58",
ampere,0,resnet50_image,1g,1,sample,43,7.251071929931641,,,MIG-a9aaa9b9-3415-5b83-baab-d52b391db3ac,"2,58",
ampere,0,resnet50_image,1g,1,sample,44,6.98854398727417,,,MIG-a9aaa9b9-3415-5b83-baab-d52b391db3ac,"2,58",
ampere,0,resnet50_image,1g,1,sample,45,4.770656108856201,,,MIG-a9aaa9b9-3415-5b83-baab-d52b391db3ac,"2,58",
ampere,0,resnet50_image,1g,1,sample,46,4.757567882537842,,,MIG-a9aaa9b9-3415-5b83-baab-d52b391db3ac,"2,58",
ampere,0,resnet50_image,1g,1,sample,47,4.752543926239014,,,MIG-a9aaa9b9-3415-5b83-baab-d52b391db3ac,"2,58",
ampere,0,resnet50_image,1g,1,sample,48,4.762335777282715,,,MIG-a9aaa9b9-3415-5b83-baab-d52b391db3ac,"2,58",
ampere,0,resnet50_image,1g,1,sample,49,4.770048141479492,,,MIG-a9aaa9b9-3415-5b83-baab-d52b391db3ac,"2,58",
ampere,0,resnet50_image,1g,4,warmup,0,35.01465606689453,,,MIG-a9aaa9b9-3415-5b83-baab-d52b391db3ac,"2,58",
ampere,0,resnet50_image,1g,4,warmup,1,12.9966402053833,,,MIG-a9aaa9b9-3415-5b83-baab-d52b391db3ac,"2,58",
ampere,0,resnet50_image,1g,4,warmup,2,12.962112426757812,,,MIG-a9aaa9b9-3415-5b83-baab-d52b391db3ac,"2,58",
ampere,0,resnet50_image,1g,4,warmup,3,12.978560447692871,,,MIG-a9aaa9b9-3415-5b83-baab-d52b391db3ac,"2,58",
ampere,0,resnet50_image,1g,4,warmup,4,12.974623680114746,,,MIG-a9aaa9b9-3415-5b83-baab-d52b391db3ac,"2,58",
ampere,0,resnet50_image,1g,4,warmup,5,12.983967781066895,,,MIG-a9aaa9b9-3415-5b83-baab-d52b391db3ac,"2,58",
ampere,0,resnet50_image,1g,4,warmup,6,12.97920036315918,,,MIG-a9aaa9b9-3415-5b83-baab-d52b391db3ac,"2,58",
ampere,0,resnet50_image,1g,4,warmup,7,12.975520133972168,,,MIG-a9aaa9b9-3415-5b83-baab-d52b391db3ac,"2,58",
ampere,0,resnet50_image,1g,4,warmup,8,12.971903800964355,,,MIG-a9aaa9b9-3415-5b83-baab-d52b391db3ac,"2,58",
ampere,0,resnet50_image,1g,4,warmup,9,12.963007926940918,,,MIG-a9aaa9b9-3415-5b83-baab-d52b391db3ac,"2,58",
ampere,0,resnet50_image,1g,4,sample,0,12.974720001220703,,,MIG-a9aaa9b9-3415-5b83-baab-d52b391db3ac,"2,58",
ampere,0,resnet50_image,1g,4,sample,1,12.981023788452148,,,MIG-a9aaa9b9-3415-5b83-baab-d52b391db3ac,"2,58",
ampere,0,resnet50_image,1g,4,sample,2,12.976927757263184,,,MIG-a9aaa9b9-3415-5b83-baab-d52b391db3ac,"2,58",
ampere,0,resnet50_image,1g,4,sample,3,12.967488288879395,,,MIG-a9aaa9b9-3415-5b83-baab-d52b391db3ac,"2,58",
ampere,0,resnet50_image,1g,4,sample,4,12.99120044708252,,,MIG-a9aaa9b9-3415-5b83-baab-d52b391db3ac,"2,58",
ampere,0,resnet50_image,1g,4,sample,5,12.961055755615234,,,MIG-a9aaa9b9-3415-5b83-baab-d52b391db3ac,"2,58",
ampere,0,resnet50_image,1g,4,sample,6,12.976639747619629,,,MIG-a9aaa9b9-3415-5b83-baab-d52b391db3ac,"2,58",
ampere,0,resnet50_image,1g,4,sample,7,12.974623680114746,,,MIG-a9aaa9b9-3415-5b83-baab-d52b391db3ac,"2,58",
ampere,0,resnet50_image,1g,4,sample,8,12.978336334228516,,,MIG-a9aaa9b9-3415-5b83-baab-d52b391db3ac,"2,58",
ampere,0,resnet50_image,1g,4,sample,9,12.960415840148926,,,MIG-a9aaa9b9-3415-5b83-baab-d52b391db3ac,"2,58",
ampere,0,resnet50_image,1g,4,sample,10,12.973312377929688,,,MIG-a9aaa9b9-3415-5b83-baab-d52b391db3ac,"2,58",
ampere,0,resnet50_image,1g,4,sample,11,12.966560363769531,,,MIG-a9aaa9b9-3415-5b83-baab-d52b391db3ac,"2,58",
ampere,0,resnet50_image,1g,4,sample,12,12.975647926330566,,,MIG-a9aaa9b9-3415-5b83-baab-d52b391db3ac,"2,58",
ampere,0,resnet50_image,1g,4,sample,13,12.973631858825684,,,MIG-a9aaa9b9-3415-5b83-baab-d52b391db3ac,"2,58",
ampere,0,resnet50_image,1g,4,sample,14,12.976960182189941,,,MIG-a9aaa9b9-3415-5b83-baab-d52b391db3ac,"2,58",
ampere,0,resnet50_image,1g,4,sample,15,12.979424476623535,,,MIG-a9aaa9b9-3415-5b83-baab-d52b391db3ac,"2,58",
ampere,0,resnet50_image,1g,4,sample,16,12.97327995300293,,,MIG-a9aaa9b9-3415-5b83-baab-d52b391db3ac,"2,58",
ampere,0,resnet50_image,1g,4,sample,17,12.970687866210938,,,MIG-a9aaa9b9-3415-5b83-baab-d52b391db3ac,"2,58",
ampere,0,resnet50_image,1g,4,sample,18,12.982560157775879,,,MIG-a9aaa9b9-3415-5b83-baab-d52b391db3ac,"2,58",
ampere,0,resnet50_image,1g,4,sample,19,12.98857593536377,,,MIG-a9aaa9b9-3415-5b83-baab-d52b391db3ac,"2,58",
ampere,0,resnet50_image,1g,4,sample,20,12.979968070983887,,,MIG-a9aaa9b9-3415-5b83-baab-d52b391db3ac,"2,58",
ampere,0,resnet50_image,1g,4,sample,21,12.972800254821777,,,MIG-a9aaa9b9-3415-5b83-baab-d52b391db3ac,"2,58",
ampere,0,resnet50_image,1g,4,sample,22,12.983936309814453,,,MIG-a9aaa9b9-3415-5b83-baab-d52b391db3ac,"2,58",
ampere,0,resnet50_image,1g,4,sample,23,12.98316764831543,,,MIG-a9aaa9b9-3415-5b83-baab-d52b391db3ac,"2,58",
ampere,0,resnet50_image,1g,4,sample,24,12.966655731201172,,,MIG-a9aaa9b9-3415-5b83-baab-d52b391db3ac,"2,58",
ampere,0,resnet50_image,1g,4,sample,25,12.980352401733398,,,MIG-a9aaa9b9-3415-5b83-baab-d52b391db3ac,"2,58",
ampere,0,resnet50_image,1g,4,sample,26,12.973183631896973,,,MIG-a9aaa9b9-3415-5b83-baab-d52b391db3ac,"2,58",
ampere,0,resnet50_image,1g,4,sample,27,12.992992401123047,,,MIG-a9aaa9b9-3415-5b83-baab-d52b391db3ac,"2,58",
ampere,0,resnet50_image,1g,4,sample,28,12.975232124328613,,,MIG-a9aaa9b9-3415-5b83-baab-d52b391db3ac,"2,58",
ampere,0,resnet50_image,1g,4,sample,29,12.98300838470459,,,MIG-a9aaa9b9-3415-5b83-baab-d52b391db3ac,"2,58",
ampere,0,resnet50_image,1g,4,sample,30,12.973983764648438,,,MIG-a9aaa9b9-3415-5b83-baab-d52b391db3ac,"2,58",
ampere,0,resnet50_image,1g,4,sample,31,12.973024368286133,,,MIG-a9aaa9b9-3415-5b83-baab-d52b391db3ac,"2,58",
ampere,0,resnet50_image,1g,4,sample,32,12.972000122070312,,,MIG-a9aaa9b9-3415-5b83-baab-d52b391db3ac,"2,58",
ampere,0,resnet50_image,1g,4,sample,33,12.966976165771484,,,MIG-a9aaa9b9-3415-5b83-baab-d52b391db3ac,"2,58",
ampere,0,resnet50_image,1g,4,sample,34,12.983807563781738,,,MIG-a9aaa9b9-3415-5b83-baab-d52b391db3ac,"2,58",
ampere,0,resnet50_image,1g,4,sample,35,12.979071617126465,,,MIG-a9aaa9b9-3415-5b83-baab-d52b391db3ac,"2,58",
ampere,0,resnet50_image,1g,4,sample,36,12.968768119812012,,,MIG-a9aaa9b9-3415-5b83-baab-d52b391db3ac,"2,58",
ampere,0,resnet50_image,1g,4,sample,37,12.972672462463379,,,MIG-a9aaa9b9-3415-5b83-baab-d52b391db3ac,"2,58",
ampere,0,resnet50_image,1g,4,sample,38,12.982015609741211,,,MIG-a9aaa9b9-3415-5b83-baab-d52b391db3ac,"2,58",
ampere,0,resnet50_image,1g,4,sample,39,12.977503776550293,,,MIG-a9aaa9b9-3415-5b83-baab-d52b391db3ac,"2,58",
ampere,0,resnet50_image,1g,4,sample,40,12.964320182800293,,,MIG-a9aaa9b9-3415-5b83-baab-d52b391db3ac,"2,58",
ampere,0,resnet50_image,1g,4,sample,41,12.998784065246582,,,MIG-a9aaa9b9-3415-5b83-baab-d52b391db3ac,"2,58",
ampere,0,resnet50_image,1g,4,sample,42,12.970527648925781,,,MIG-a9aaa9b9-3415-5b83-baab-d52b391db3ac,"2,58",
ampere,0,resnet50_image,1g,4,sample,43,12.981184005737305,,,MIG-a9aaa9b9-3415-5b83-baab-d52b391db3ac,"2,58",
ampere,0,resnet50_image,1g,4,sample,44,12.978879928588867,,,MIG-a9aaa9b9-3415-5b83-baab-d52b391db3ac,"2,58",
ampere,0,resnet50_image,1g,4,sample,45,12.976479530334473,,,MIG-a9aaa9b9-3415-5b83-baab-d52b391db3ac,"2,58",
ampere,0,resnet50_image,1g,4,sample,46,12.972479820251465,,,MIG-a9aaa9b9-3415-5b83-baab-d52b391db3ac,"2,58",
ampere,0,resnet50_image,1g,4,sample,47,12.967328071594238,,,MIG-a9aaa9b9-3415-5b83-baab-d52b391db3ac,"2,58",
ampere,0,resnet50_image,1g,4,sample,48,12.966719627380371,,,MIG-a9aaa9b9-3415-5b83-baab-d52b391db3ac,"2,58",
ampere,0,resnet50_image,1g,4,sample,49,12.965824127197266,,,MIG-a9aaa9b9-3415-5b83-baab-d52b391db3ac,"2,58",
ampere,0,resnet50_image,1g,16,warmup,0,46.66534423828125,,,MIG-a9aaa9b9-3415-5b83-baab-d52b391db3ac,"2,58",
ampere,0,resnet50_image,1g,16,warmup,1,45.62384033203125,,,MIG-a9aaa9b9-3415-5b83-baab-d52b391db3ac,"2,58",
ampere,0,resnet50_image,1g,16,warmup,2,45.590782165527344,,,MIG-a9aaa9b9-3415-5b83-baab-d52b391db3ac,"2,58",
ampere,0,resnet50_image,1g,16,warmup,3,45.5898551940918,,,MIG-a9aaa9b9-3415-5b83-baab-d52b391db3ac,"2,58",
ampere,0,resnet50_image,1g,16,warmup,4,45.644161224365234,,,MIG-a9aaa9b9-3415-5b83-baab-d52b391db3ac,"2,58",
ampere,0,resnet50_image,1g,16,warmup,5,45.59062576293945,,,MIG-a9aaa9b9-3415-5b83-baab-d52b391db3ac,"2,58",
ampere,0,resnet50_image,1g,16,warmup,6,45.602657318115234,,,MIG-a9aaa9b9-3415-5b83-baab-d52b391db3ac,"2,58",
ampere,0,resnet50_image,1g,16,warmup,7,45.61062240600586,,,MIG-a9aaa9b9-3415-5b83-baab-d52b391db3ac,"2,58",
ampere,0,resnet50_image,1g,16,warmup,8,45.61036682128906,,,MIG-a9aaa9b9-3415-5b83-baab-d52b391db3ac,"2,58",
ampere,0,resnet50_image,1g,16,warmup,9,45.59036636352539,,,MIG-a9aaa9b9-3415-5b83-baab-d52b391db3ac,"2,58",
ampere,0,resnet50_image,1g,16,sample,0,45.594974517822266,,,MIG-a9aaa9b9-3415-5b83-baab-d52b391db3ac,"2,58",
ampere,0,resnet50_image,1g,16,sample,1,45.582176208496094,,,MIG-a9aaa9b9-3415-5b83-baab-d52b391db3ac,"2,58",
ampere,0,resnet50_image,1g,16,sample,2,45.608543395996094,,,MIG-a9aaa9b9-3415-5b83-baab-d52b391db3ac,"2,58",
ampere,0,resnet50_image,1g,16,sample,3,45.6321907043457,,,MIG-a9aaa9b9-3415-5b83-baab-d52b391db3ac,"2,58",
ampere,0,resnet50_image,1g,16,sample,4,45.602272033691406,,,MIG-a9aaa9b9-3415-5b83-baab-d52b391db3ac,"2,58",
ampere,0,resnet50_image,1g,16,sample,5,45.58377456665039,,,MIG-a9aaa9b9-3415-5b83-baab-d52b391db3ac,"2,58",
ampere,0,resnet50_image,1g,16,sample,6,45.59539031982422,,,MIG-a9aaa9b9-3415-5b83-baab-d52b391db3ac,"2,58",
ampere,0,resnet50_image,1g,16,sample,7,45.6036491394043,,,MIG-a9aaa9b9-3415-5b83-baab-d52b391db3ac,"2,58",
ampere,0,resnet50_image,1g,16,sample,8,45.5873908996582,,,MIG-a9aaa9b9-3415-5b83-baab-d52b391db3ac,"2,58",
ampere,0,resnet50_image,1g,16,sample,9,45.59708786010742,,,MIG-a9aaa9b9-3415-5b83-baab-d52b391db3ac,"2,58",
ampere,0,resnet50_image,1g,16,sample,10,45.576480865478516,,,MIG-a9aaa9b9-3415-5b83-baab-d52b391db3ac,"2,58",
ampere,0,resnet50_image,1g,16,sample,11,45.5810546875,,,MIG-a9aaa9b9-3415-5b83-baab-d52b391db3ac,"2,58",
ampere,0,resnet50_image,1g,16,sample,12,45.59324645996094,,,MIG-a9aaa9b9-3415-5b83-baab-d52b391db3ac,"2,58",
ampere,0,resnet50_image,1g,16,sample,13,45.60377502441406,,,MIG-a9aaa9b9-3415-5b83-baab-d52b391db3ac,"2,58",
ampere,0,resnet50_image,1g,16,sample,14,45.59523010253906,,,MIG-a9aaa9b9-3415-5b83-baab-d52b391db3ac,"2,58",
ampere,0,resnet50_image,1g,16,sample,15,45.56892776489258,,,MIG-a9aaa9b9-3415-5b83-baab-d52b391db3ac,"2,58",
ampere,0,resnet50_image,1g,16,sample,16,45.61695861816406,,,MIG-a9aaa9b9-3415-5b83-baab-d52b391db3ac,"2,58",
ampere,0,resnet50_image,1g,16,sample,17,45.59542465209961,,,MIG-a9aaa9b9-3415-5b83-baab-d52b391db3ac,"2,58",
ampere,0,resnet50_image,1g,16,sample,18,45.59427261352539,,,MIG-a9aaa9b9-3415-5b83-baab-d52b391db3ac,"2,58",
ampere,0,resnet50_image,1g,16,sample,19,45.606048583984375,,,MIG-a9aaa9b9-3415-5b83-baab-d52b391db3ac,"2,58",
ampere,0,resnet50_image,1g,16,sample,20,45.627647399902344,,,MIG-a9aaa9b9-3415-5b83-baab-d52b391db3ac,"2,58",
ampere,0,resnet50_image,1g,16,sample,21,45.609344482421875,,,MIG-a9aaa9b9-3415-5b83-baab-d52b391db3ac,"2,58",
ampere,0,resnet50_image,1g,16,sample,22,45.61497497558594,,,MIG-a9aaa9b9-3415-5b83-baab-d52b391db3ac,"2,58",
ampere,0,resnet50_image,1g,16,sample,23,45.60979080200195,,,MIG-a9aaa9b9-3415-5b83-baab-d52b391db3ac,"2,58",
ampere,0,resnet50_image,1g,16,sample,24,45.61606216430664,,,MIG-a9aaa9b9-3415-5b83-baab-d52b391db3ac,"2,58",
ampere,0,resnet50_image,1g,16,sample,25,45.60697555541992,,,MIG-a9aaa9b9-3415-5b83-baab-d52b391db3ac,"2,58",
ampere,0,resnet50_image,1g,16,sample,26,45.61395263671875,,,MIG-a9aaa9b9-3415-5b83-baab-d52b391db3ac,"2,58",
ampere,0,resnet50_image,1g,16,sample,27,45.58927917480469,,,MIG-a9aaa9b9-3415-5b83-baab-d52b391db3ac,"2,58",
ampere,0,resnet50_image,1g,16,sample,28,45.58652877807617,,,MIG-a9aaa9b9-3415-5b83-baab-d52b391db3ac,"2,58",
ampere,0,resnet50_image,1g,16,sample,29,45.597408294677734,,,MIG-a9aaa9b9-3415-5b83-baab-d52b391db3ac,"2,58",
ampere,0,resnet50_image,1g,16,sample,30,45.579551696777344,,,MIG-a9aaa9b9-3415-5b83-baab-d52b391db3ac,"2,58",
ampere,0,resnet50_image,1g,16,sample,31,45.61052703857422,,,MIG-a9aaa9b9-3415-5b83-baab-d52b391db3ac,"2,58",
ampere,0,resnet50_image,1g,16,sample,32,45.57827377319336,,,MIG-a9aaa9b9-3415-5b83-baab-d52b391db3ac,"2,58",
ampere,0,resnet50_image,1g,16,sample,33,45.58873748779297,,,MIG-a9aaa9b9-3415-5b83-baab-d52b391db3ac,"2,58",
ampere,0,resnet50_image,1g,16,sample,34,45.583744049072266,,,MIG-a9aaa9b9-3415-5b83-baab-d52b391db3ac,"2,58",
ampere,0,resnet50_image,1g,16,sample,35,45.599327087402344,,,MIG-a9aaa9b9-3415-5b83-baab-d52b391db3ac,"2,58",
ampere,0,resnet50_image,1g,16,sample,36,45.604576110839844,,,MIG-a9aaa9b9-3415-5b83-baab-d52b391db3ac,"2,58",
ampere,0,resnet50_image,1g,16,sample,37,45.60310363769531,,,MIG-a9aaa9b9-3415-5b83-baab-d52b391db3ac,"2,58",
ampere,0,resnet50_image,1g,16,sample,38,45.60985565185547,,,MIG-a9aaa9b9-3415-5b83-baab-d52b391db3ac,"2,58",
ampere,0,resnet50_image,1g,16,sample,39,45.61779022216797,,,MIG-a9aaa9b9-3415-5b83-baab-d52b391db3ac,"2,58",
ampere,0,resnet50_image,1g,16,sample,40,45.60713577270508,,,MIG-a9aaa9b9-3415-5b83-baab-d52b391db3ac,"2,58",
ampere,0,resnet50_image,1g,16,sample,41,45.61711883544922,,,MIG-a9aaa9b9-3415-5b83-baab-d52b391db3ac,"2,58",
ampere,0,resnet50_image,1g,16,sample,42,45.59638214111328,,,MIG-a9aaa9b9-3415-5b83-baab-d52b391db3ac,"2,58",
ampere,0,resnet50_image,1g,16,sample,43,45.60540771484375,,,MIG-a9aaa9b9-3415-5b83-baab-d52b391db3ac,"2,58",
ampere,0,resnet50_image,1g,16,sample,44,45.606689453125,,,MIG-a9aaa9b9-3415-5b83-baab-d52b391db3ac,"2,58",
ampere,0,resnet50_image,1g,16,sample,45,45.61123275756836,,,MIG-a9aaa9b9-3415-5b83-baab-d52b391db3ac,"2,58",
ampere,0,resnet50_image,1g,16,sample,46,45.601470947265625,,,MIG-a9aaa9b9-3415-5b83-baab-d52b391db3ac,"2,58",
ampere,0,resnet50_image,1g,16,sample,47,45.62025451660156,,,MIG-a9aaa9b9-3415-5b83-baab-d52b391db3ac,"2,58",
ampere,0,resnet50_image,1g,16,sample,48,45.61376190185547,,,MIG-a9aaa9b9-3415-5b83-baab-d52b391db3ac,"2,58",
ampere,0,resnet50_image,1g,16,sample,49,45.602176666259766,,,MIG-a9aaa9b9-3415-5b83-baab-d52b391db3ac,"2,58",
ampere,0,resnet50_image,1g,32,warmup,0,87.4044189453125,,,MIG-a9aaa9b9-3415-5b83-baab-d52b391db3ac,"2,58",
ampere,0,resnet50_image,1g,32,warmup,1,85.49449920654297,,,MIG-a9aaa9b9-3415-5b83-baab-d52b391db3ac,"2,58",
ampere,0,resnet50_image,1g,32,warmup,2,85.52559661865234,,,MIG-a9aaa9b9-3415-5b83-baab-d52b391db3ac,"2,58",
ampere,0,resnet50_image,1g,32,warmup,3,85.54681396484375,,,MIG-a9aaa9b9-3415-5b83-baab-d52b391db3ac,"2,58",
ampere,0,resnet50_image,1g,32,warmup,4,85.50723266601562,,,MIG-a9aaa9b9-3415-5b83-baab-d52b391db3ac,"2,58",
ampere,0,resnet50_image,1g,32,warmup,5,85.4725112915039,,,MIG-a9aaa9b9-3415-5b83-baab-d52b391db3ac,"2,58",
ampere,0,resnet50_image,1g,32,warmup,6,85.5052490234375,,,MIG-a9aaa9b9-3415-5b83-baab-d52b391db3ac,"2,58",
ampere,0,resnet50_image,1g,32,warmup,7,85.50198364257812,,,MIG-a9aaa9b9-3415-5b83-baab-d52b391db3ac,"2,58",
ampere,0,resnet50_image,1g,32,warmup,8,85.52288055419922,,,MIG-a9aaa9b9-3415-5b83-baab-d52b391db3ac,"2,58",
ampere,0,resnet50_image,1g,32,warmup,9,85.55731201171875,,,MIG-a9aaa9b9-3415-5b83-baab-d52b391db3ac,"2,58",
ampere,0,resnet50_image,1g,32,sample,0,85.5483169555664,,,MIG-a9aaa9b9-3415-5b83-baab-d52b391db3ac,"2,58",
ampere,0,resnet50_image,1g,32,sample,1,85.54672241210938,,,MIG-a9aaa9b9-3415-5b83-baab-d52b391db3ac,"2,58",
ampere,0,resnet50_image,1g,32,sample,2,85.5146255493164,,,MIG-a9aaa9b9-3415-5b83-baab-d52b391db3ac,"2,58",
ampere,0,resnet50_image,1g,32,sample,3,85.52153778076172,,,MIG-a9aaa9b9-3415-5b83-baab-d52b391db3ac,"2,58",
ampere,0,resnet50_image,1g,32,sample,4,85.52851104736328,,,MIG-a9aaa9b9-3415-5b83-baab-d52b391db3ac,"2,58",
ampere,0,resnet50_image,1g,32,sample,5,85.52642822265625,,,MIG-a9aaa9b9-3415-5b83-baab-d52b391db3ac,"2,58",
ampere,0,resnet50_image,1g,32,sample,6,85.512451171875,,,MIG-a9aaa9b9-3415-5b83-baab-d52b391db3ac,"2,58",
ampere,0,resnet50_image,1g,32,sample,7,85.49913787841797,,,MIG-a9aaa9b9-3415-5b83-baab-d52b391db3ac,"2,58",
ampere,0,resnet50_image,1g,32,sample,8,85.48854064941406,,,MIG-a9aaa9b9-3415-5b83-baab-d52b391db3ac,"2,58",
ampere,0,resnet50_image,1g,32,sample,9,85.4994888305664,,,MIG-a9aaa9b9-3415-5b83-baab-d52b391db3ac,"2,58",
ampere,0,resnet50_image,1g,32,sample,10,85.47203063964844,,,MIG-a9aaa9b9-3415-5b83-baab-d52b391db3ac,"2,58",
ampere,0,resnet50_image,1g,32,sample,11,85.51283264160156,,,MIG-a9aaa9b9-3415-5b83-baab-d52b391db3ac,"2,58",
ampere,0,resnet50_image,1g,32,sample,12,85.48604583740234,,,MIG-a9aaa9b9-3415-5b83-baab-d52b391db3ac,"2,58",
ampere,0,resnet50_image,1g,32,sample,13,85.51958465576172,,,MIG-a9aaa9b9-3415-5b83-baab-d52b391db3ac,"2,58",
ampere,0,resnet50_image,1g,32,sample,14,85.51347351074219,,,MIG-a9aaa9b9-3415-5b83-baab-d52b391db3ac,"2,58",
ampere,0,resnet50_image,1g,32,sample,15,85.5195541381836,,,MIG-a9aaa9b9-3415-5b83-baab-d52b391db3ac,"2,58",
ampere,0,resnet50_image,1g,32,sample,16,85.57382202148438,,,MIG-a9aaa9b9-3415-5b83-baab-d52b391db3ac,"2,58",
ampere,0,resnet50_image,1g,32,sample,17,85.52397155761719,,,MIG-a9aaa9b9-3415-5b83-baab-d52b391db3ac,"2,58",
ampere,0,resnet50_image,1g,32,sample,18,85.53334045410156,,,MIG-a9aaa9b9-3415-5b83-baab-d52b391db3ac,"2,58",
ampere,0,resnet50_image,1g,32,sample,19,85.50790405273438,,,MIG-a9aaa9b9-3415-5b83-baab-d52b391db3ac,"2,58",
ampere,0,resnet50_image,1g,32,sample,20,85.534912109375,,,MIG-a9aaa9b9-3415-5b83-baab-d52b391db3ac,"2,58",
ampere,0,resnet50_image,1g,32,sample,21,85.51158142089844,,,MIG-a9aaa9b9-3415-5b83-baab-d52b391db3ac,"2,58",
ampere,0,resnet50_image,1g,32,sample,22,85.52082824707031,,,MIG-a9aaa9b9-3415-5b83-baab-d52b391db3ac,"2,58",
ampere,0,resnet50_image,1g,32,sample,23,85.57145690917969,,,MIG-a9aaa9b9-3415-5b83-baab-d52b391db3ac,"2,58",
ampere,0,resnet50_image,1g,32,sample,24,85.51910400390625,,,MIG-a9aaa9b9-3415-5b83-baab-d52b391db3ac,"2,58",
ampere,0,resnet50_image,1g,32,sample,25,85.5099868774414,,,MIG-a9aaa9b9-3415-5b83-baab-d52b391db3ac,"2,58",
ampere,0,resnet50_image,1g,32,sample,26,85.52547454833984,,,MIG-a9aaa9b9-3415-5b83-baab-d52b391db3ac,"2,58",
ampere,0,resnet50_image,1g,32,sample,27,85.48009490966797,,,MIG-a9aaa9b9-3415-5b83-baab-d52b391db3ac,"2,58",
ampere,0,resnet50_image,1g,32,sample,28,85.51939392089844,,,MIG-a9aaa9b9-3415-5b83-baab-d52b391db3ac,"2,58",
ampere,0,resnet50_image,1g,32,sample,29,85.55974578857422,,,MIG-a9aaa9b9-3415-5b83-baab-d52b391db3ac,"2,58",
ampere,0,resnet50_image,1g,32,sample,30,85.53187561035156,,,MIG-a9aaa9b9-3415-5b83-baab-d52b391db3ac,"2,58",
ampere,0,resnet50_image,1g,32,sample,31,85.50016021728516,,,MIG-a9aaa9b9-3415-5b83-baab-d52b391db3ac,"2,58",
ampere,0,resnet50_image,1g,32,sample,32,85.51744079589844,,,MIG-a9aaa9b9-3415-5b83-baab-d52b391db3ac,"2,58",
ampere,0,resnet50_image,1g,32,sample,33,85.5265884399414,,,MIG-a9aaa9b9-3415-5b83-baab-d52b391db3ac,"2,58",
ampere,0,resnet50_image,1g,32,sample,34,85.5208969116211,,,MIG-a9aaa9b9-3415-5b83-baab-d52b391db3ac,"2,58",
ampere,0,resnet50_image,1g,32,sample,35,85.49116516113281,,,MIG-a9aaa9b9-3415-5b83-baab-d52b391db3ac,"2,58",
ampere,0,resnet50_image,1g,32,sample,36,85.54441833496094,,,MIG-a9aaa9b9-3415-5b83-baab-d52b391db3ac,"2,58",
ampere,0,resnet50_image,1g,32,sample,37,85.56224060058594,,,MIG-a9aaa9b9-3415-5b83-baab-d52b391db3ac,"2,58",
ampere,0,resnet50_image,1g,32,sample,38,85.525634765625,,,MIG-a9aaa9b9-3415-5b83-baab-d52b391db3ac,"2,58",
ampere,0,resnet50_image,1g,32,sample,39,85.50028991699219,,,MIG-a9aaa9b9-3415-5b83-baab-d52b391db3ac,"2,58",
ampere,0,resnet50_image,1g,32,sample,40,85.50838470458984,,,MIG-a9aaa9b9-3415-5b83-baab-d52b391db3ac,"2,58",
ampere,0,resnet50_image,1g,32,sample,41,85.51423645019531,,,MIG-a9aaa9b9-3415-5b83-baab-d52b391db3ac,"2,58",
ampere,0,resnet50_image,1g,32,sample,42,85.52214050292969,,,MIG-a9aaa9b9-3415-5b83-baab-d52b391db3ac,"2,58",
ampere,0,resnet50_image,1g,32,sample,43,85.50409698486328,,,MIG-a9aaa9b9-3415-5b83-baab-d52b391db3ac,"2,58",
ampere,0,resnet50_image,1g,32,sample,44,85.501953125,,,MIG-a9aaa9b9-3415-5b83-baab-d52b391db3ac,"2,58",
ampere,0,resnet50_image,1g,32,sample,45,85.49574279785156,,,MIG-a9aaa9b9-3415-5b83-baab-d52b391db3ac,"2,58",
ampere,0,resnet50_image,1g,32,sample,46,85.52003479003906,,,MIG-a9aaa9b9-3415-5b83-baab-d52b391db3ac,"2,58",
ampere,0,resnet50_image,1g,32,sample,47,85.51270294189453,,,MIG-a9aaa9b9-3415-5b83-baab-d52b391db3ac,"2,58",
ampere,0,resnet50_image,1g,32,sample,48,85.5296630859375,,,MIG-a9aaa9b9-3415-5b83-baab-d52b391db3ac,"2,58",
ampere,0,resnet50_image,1g,32,sample,49,85.54646301269531,,,MIG-a9aaa9b9-3415-5b83-baab-d52b391db3ac,"2,58",
ampere,0,resnet50_image,1g,64,warmup,0,166.70407104492188,,,MIG-a9aaa9b9-3415-5b83-baab-d52b391db3ac,"2,58",
ampere,0,resnet50_image,1g,64,warmup,1,165.31610107421875,,,MIG-a9aaa9b9-3415-5b83-baab-d52b391db3ac,"2,58",
ampere,0,resnet50_image,1g,64,warmup,2,165.27244567871094,,,MIG-a9aaa9b9-3415-5b83-baab-d52b391db3ac,"2,58",
ampere,0,resnet50_image,1g,64,warmup,3,165.2875213623047,,,MIG-a9aaa9b9-3415-5b83-baab-d52b391db3ac,"2,58",
ampere,0,resnet50_image,1g,64,warmup,4,165.28501892089844,,,MIG-a9aaa9b9-3415-5b83-baab-d52b391db3ac,"2,58",
ampere,0,resnet50_image,1g,64,warmup,5,165.34934997558594,,,MIG-a9aaa9b9-3415-5b83-baab-d52b391db3ac,"2,58",
ampere,0,resnet50_image,1g,64,warmup,6,165.22344970703125,,,MIG-a9aaa9b9-3415-5b83-baab-d52b391db3ac,"2,58",
ampere,0,resnet50_image,1g,64,warmup,7,165.23193359375,,,MIG-a9aaa9b9-3415-5b83-baab-d52b391db3ac,"2,58",
ampere,0,resnet50_image,1g,64,warmup,8,165.24969482421875,,,MIG-a9aaa9b9-3415-5b83-baab-d52b391db3ac,"2,58",
ampere,0,resnet50_image,1g,64,warmup,9,165.2548828125,,,MIG-a9aaa9b9-3415-5b83-baab-d52b391db3ac,"2,58",
ampere,0,resnet50_image,1g,64,sample,0,165.4303741455078,,,MIG-a9aaa9b9-3415-5b83-baab-d52b391db3ac,"2,58",
ampere,0,resnet50_image,1g,64,sample,1,165.32730102539062,,,MIG-a9aaa9b9-3415-5b83-baab-d52b391db3ac,"2,58",
ampere,0,resnet50_image,1g,64,sample,2,165.30149841308594,,,MIG-a9aaa9b9-3415-5b83-baab-d52b391db3ac,"2,58",
ampere,0,resnet50_image,1g,64,sample,3,165.3079071044922,,,MIG-a9aaa9b9-3415-5b83-baab-d52b391db3ac,"2,58",
ampere,0,resnet50_image,1g,64,sample,4,165.3033905029297,,,MIG-a9aaa9b9-3415-5b83-baab-d52b391db3ac,"2,58",
ampere,0,resnet50_image,1g,64,sample,5,165.2914581298828,,,MIG-a9aaa9b9-3415-5b83-baab-d52b391db3ac,"2,58",
ampere,0,resnet50_image,1g,64,sample,6,165.2340850830078,,,MIG-a9aaa9b9-3415-5b83-baab-d52b391db3ac,"2,58",
ampere,0,resnet50_image,1g,64,sample,7,165.27699279785156,,,MIG-a9aaa9b9-3415-5b83-baab-d52b391db3ac,"2,58",
ampere,0,resnet50_image,1g,64,sample,8,165.3260498046875,,,MIG-a9aaa9b9-3415-5b83-baab-d52b391db3ac,"2,58",
ampere,0,resnet50_image,1g,64,sample,9,165.3157501220703,,,MIG-a9aaa9b9-3415-5b83-baab-d52b391db3ac,"2,58",
ampere,0,resnet50_image,1g,64,sample,10,165.2833251953125,,,MIG-a9aaa9b9-3415-5b83-baab-d52b391db3ac,"2,58",
ampere,0,resnet50_image,1g,64,sample,11,165.34825134277344,,,MIG-a9aaa9b9-3415-5b83-baab-d52b391db3ac,"2,58",
ampere,0,resnet50_image,1g,64,sample,12,165.27084350585938,,,MIG-a9aaa9b9-3415-5b83-baab-d52b391db3ac,"2,58",
ampere,0,resnet50_image,1g,64,sample,13,165.3329315185547,,,MIG-a9aaa9b9-3415-5b83-baab-d52b391db3ac,"2,58",
ampere,0,resnet50_image,1g,64,sample,14,165.24761962890625,,,MIG-a9aaa9b9-3415-5b83-baab-d52b391db3ac,"2,58",
ampere,0,resnet50_image,1g,64,sample,15,165.22128295898438,,,MIG-a9aaa9b9-3415-5b83-baab-d52b391db3ac,"2,58",
ampere,0,resnet50_image,1g,64,sample,16,165.22213745117188,,,MIG-a9aaa9b9-3415-5b83-baab-d52b391db3ac,"2,58",
ampere,0,resnet50_image,1g,64,sample,17,165.2348175048828,,,MIG-a9aaa9b9-3415-5b83-baab-d52b391db3ac,"2,58",
ampere,0,resnet50_image,1g,64,sample,18,165.2591094970703,,,MIG-a9aaa9b9-3415-5b83-baab-d52b391db3ac,"2,58",
ampere,0,resnet50_image,1g,64,sample,19,165.32386779785156,,,MIG-a9aaa9b9-3415-5b83-baab-d52b391db3ac,"2,58",
ampere,0,resnet50_image,1g,64,sample,20,165.31832885742188,,,MIG-a9aaa9b9-3415-5b83-baab-d52b391db3ac,"2,58",
ampere,0,resnet50_image,1g,64,sample,21,165.3041534423828,,,MIG-a9aaa9b9-3415-5b83-baab-d52b391db3ac,"2,58",
ampere,0,resnet50_image,1g,64,sample,22,165.30723571777344,,,MIG-a9aaa9b9-3415-5b83-baab-d52b391db3ac,"2,58",
ampere,0,resnet50_image,1g,64,sample,23,165.28807067871094,,,MIG-a9aaa9b9-3415-5b83-baab-d52b391db3ac,"2,58",
ampere,0,resnet50_image,1g,64,sample,24,165.3333740234375,,,MIG-a9aaa9b9-3415-5b83-baab-d52b391db3ac,"2,58",
ampere,0,resnet50_image,1g,64,sample,25,165.23692321777344,,,MIG-a9aaa9b9-3415-5b83-baab-d52b391db3ac,"2,58",
ampere,0,resnet50_image,1g,64,sample,26,165.39462280273438,,,MIG-a9aaa9b9-3415-5b83-baab-d52b391db3ac,"2,58",
ampere,0,resnet50_image,1g,64,sample,27,165.22877502441406,,,MIG-a9aaa9b9-3415-5b83-baab-d52b391db3ac,"2,58",
ampere,0,resnet50_image,1g,64,sample,28,165.27891540527344,,,MIG-a9aaa9b9-3415-5b83-baab-d52b391db3ac,"2,58",
ampere,0,resnet50_image,1g,64,sample,29,165.28659057617188,,,MIG-a9aaa9b9-3415-5b83-baab-d52b391db3ac,"2,58",
ampere,0,resnet50_image,1g,64,sample,30,165.29209899902344,,,MIG-a9aaa9b9-3415-5b83-baab-d52b391db3ac,"2,58",
ampere,0,resnet50_image,1g,64,sample,31,165.35462951660156,,,MIG-a9aaa9b9-3415-5b83-baab-d52b391db3ac,"2,58",
ampere,0,resnet50_image,1g,64,sample,32,165.242431640625,,,MIG-a9aaa9b9-3415-5b83-baab-d52b391db3ac,"2,58",
ampere,0,resnet50_image,1g,64,sample,33,165.23875427246094,,,MIG-a9aaa9b9-3415-5b83-baab-d52b391db3ac,"2,58",
ampere,0,resnet50_image,1g,64,sample,34,165.32850646972656,,,MIG-a9aaa9b9-3415-5b83-baab-d52b391db3ac,"2,58",
ampere,0,resnet50_image,1g,64,sample,35,165.23065185546875,,,MIG-a9aaa9b9-3415-5b83-baab-d52b391db3ac,"2,58",
ampere,0,resnet50_image,1g,64,sample,36,165.28111267089844,,,MIG-a9aaa9b9-3415-5b83-baab-d52b391db3ac,"2,58",
ampere,0,resnet50_image,1g,64,sample,37,165.33743286132812,,,MIG-a9aaa9b9-3415-5b83-baab-d52b391db3ac,"2,58",
ampere,0,resnet50_image,1g,64,sample,38,165.27430725097656,,,MIG-a9aaa9b9-3415-5b83-baab-d52b391db3ac,"2,58",
ampere,0,resnet50_image,1g,64,sample,39,165.32310485839844,,,MIG-a9aaa9b9-3415-5b83-baab-d52b391db3ac,"2,58",
ampere,0,resnet50_image,1g,64,sample,40,165.27740478515625,,,MIG-a9aaa9b9-3415-5b83-baab-d52b391db3ac,"2,58",
ampere,0,resnet50_image,1g,64,sample,41,165.22454833984375,,,MIG-a9aaa9b9-3415-5b83-baab-d52b391db3ac,"2,58",
ampere,0,resnet50_image,1g,64,sample,42,165.3093719482422,,,MIG-a9aaa9b9-3415-5b83-baab-d52b391db3ac,"2,58",
ampere,0,resnet50_image,1g,64,sample,43,165.24415588378906,,,MIG-a9aaa9b9-3415-5b83-baab-d52b391db3ac,"2,58",
ampere,0,resnet50_image,1g,64,sample,44,165.3272247314453,,,MIG-a9aaa9b9-3415-5b83-baab-d52b391db3ac,"2,58",
ampere,0,resnet50_image,1g,64,sample,45,165.35189819335938,,,MIG-a9aaa9b9-3415-5b83-baab-d52b391db3ac,"2,58",
ampere,0,resnet50_image,1g,64,sample,46,165.2637176513672,,,MIG-a9aaa9b9-3415-5b83-baab-d52b391db3ac,"2,58",
ampere,0,resnet50_image,1g,64,sample,47,165.2980194091797,,,MIG-a9aaa9b9-3415-5b83-baab-d52b391db3ac,"2,58",
ampere,0,resnet50_image,1g,64,sample,48,165.2909698486328,,,MIG-a9aaa9b9-3415-5b83-baab-d52b391db3ac,"2,58",
ampere,0,resnet50_image,1g,64,sample,49,165.30259704589844,,,MIG-a9aaa9b9-3415-5b83-baab-d52b391db3ac,"2,58",
ampere,0,vgg16_image,1g,1,warmup,0,8.398752212524414,,,MIG-a9aaa9b9-3415-5b83-baab-d52b391db3ac,"2,58",
ampere,0,vgg16_image,1g,1,warmup,1,8.181376457214355,,,MIG-a9aaa9b9-3415-5b83-baab-d52b391db3ac,"2,58",
ampere,0,vgg16_image,1g,1,warmup,2,8.154879570007324,,,MIG-a9aaa9b9-3415-5b83-baab-d52b391db3ac,"2,58",
ampere,0,vgg16_image,1g,1,warmup,3,8.141759872436523,,,MIG-a9aaa9b9-3415-5b83-baab-d52b391db3ac,"2,58",
ampere,0,vgg16_image,1g,1,warmup,4,8.145503997802734,,,MIG-a9aaa9b9-3415-5b83-baab-d52b391db3ac,"2,58",
ampere,0,vgg16_image,1g,1,warmup,5,8.152064323425293,,,MIG-a9aaa9b9-3415-5b83-baab-d52b391db3ac,"2,58",
ampere,0,vgg16_image,1g,1,warmup,6,8.143808364868164,,,MIG-a9aaa9b9-3415-5b83-baab-d52b391db3ac,"2,58",
ampere,0,vgg16_image,1g,1,warmup,7,8.132063865661621,,,MIG-a9aaa9b9-3415-5b83-baab-d52b391db3ac,"2,58",
ampere,0,vgg16_image,1g,1,warmup,8,8.145952224731445,,,MIG-a9aaa9b9-3415-5b83-baab-d52b391db3ac,"2,58",
ampere,0,vgg16_image,1g,1,warmup,9,8.145503997802734,,,MIG-a9aaa9b9-3415-5b83-baab-d52b391db3ac,"2,58",
ampere,0,vgg16_image,1g,1,sample,0,8.155872344970703,,,MIG-a9aaa9b9-3415-5b83-baab-d52b391db3ac,"2,58",
ampere,0,vgg16_image,1g,1,sample,1,8.15231990814209,,,MIG-a9aaa9b9-3415-5b83-baab-d52b391db3ac,"2,58",
ampere,0,vgg16_image,1g,1,sample,2,8.142687797546387,,,MIG-a9aaa9b9-3415-5b83-baab-d52b391db3ac,"2,58",
ampere,0,vgg16_image,1g,1,sample,3,8.141728401184082,,,MIG-a9aaa9b9-3415-5b83-baab-d52b391db3ac,"2,58",
ampere,0,vgg16_image,1g,1,sample,4,8.149120330810547,,,MIG-a9aaa9b9-3415-5b83-baab-d52b391db3ac,"2,58",
ampere,0,vgg16_image,1g,1,sample,5,8.140768051147461,,,MIG-a9aaa9b9-3415-5b83-baab-d52b391db3ac,"2,58",
ampere,0,vgg16_image,1g,1,sample,6,8.139360427856445,,,MIG-a9aaa9b9-3415-5b83-baab-d52b391db3ac,"2,58",
ampere,0,vgg16_image,1g,1,sample,7,8.136287689208984,,,MIG-a9aaa9b9-3415-5b83-baab-d52b391db3ac,"2,58",
ampere,0,vgg16_image,1g,1,sample,8,8.137855529785156,,,MIG-a9aaa9b9-3415-5b83-baab-d52b391db3ac,"2,58",
ampere,0,vgg16_image,1g,1,sample,9,8.130271911621094,,,MIG-a9aaa9b9-3415-5b83-baab-d52b391db3ac,"2,58",
ampere,0,vgg16_image,1g,1,sample,10,8.136639595031738,,,MIG-a9aaa9b9-3415-5b83-baab-d52b391db3ac,"2,58",
ampere,0,vgg16_image,1g,1,sample,11,8.139871597290039,,,MIG-a9aaa9b9-3415-5b83-baab-d52b391db3ac,"2,58",
ampere,0,vgg16_image,1g,1,sample,12,8.138367652893066,,,MIG-a9aaa9b9-3415-5b83-baab-d52b391db3ac,"2,58",
ampere,0,vgg16_image,1g,1,sample,13,8.145183563232422,,,MIG-a9aaa9b9-3415-5b83-baab-d52b391db3ac,"2,58",
ampere,0,vgg16_image,1g,1,sample,14,8.140192031860352,,,MIG-a9aaa9b9-3415-5b83-baab-d52b391db3ac,"2,58",
ampere,0,vgg16_image,1g,1,sample,15,8.131391525268555,,,MIG-a9aaa9b9-3415-5b83-baab-d52b391db3ac,"2,58",
ampere,0,vgg16_image,1g,1,sample,16,8.139007568359375,,,MIG-a9aaa9b9-3415-5b83-baab-d52b391db3ac,"2,58",
ampere,0,vgg16_image,1g,1,sample,17,8.133376121520996,,,MIG-a9aaa9b9-3415-5b83-baab-d52b391db3ac,"2,58",
ampere,0,vgg16_image,1g,1,sample,18,8.144160270690918,,,MIG-a9aaa9b9-3415-5b83-baab-d52b391db3ac,"2,58",
ampere,0,vgg16_image,1g,1,sample,19,8.144255638122559,,,MIG-a9aaa9b9-3415-5b83-baab-d52b391db3ac,"2,58",
ampere,0,vgg16_image,1g,1,sample,20,8.145759582519531,,,MIG-a9aaa9b9-3415-5b83-baab-d52b391db3ac,"2,58",
ampere,0,vgg16_image,1g,1,sample,21,8.148991584777832,,,MIG-a9aaa9b9-3415-5b83-baab-d52b391db3ac,"2,58",
ampere,0,vgg16_image,1g,1,sample,22,8.135104179382324,,,MIG-a9aaa9b9-3415-5b83-baab-d52b391db3ac,"2,58",
ampere,0,vgg16_image,1g,1,sample,23,8.146080017089844,,,MIG-a9aaa9b9-3415-5b83-baab-d52b391db3ac,"2,58",
ampere,0,vgg16_image,1g,1,sample,24,8.137727737426758,,,MIG-a9aaa9b9-3415-5b83-baab-d52b391db3ac,"2,58",
ampere,0,vgg16_image,1g,1,sample,25,8.13315200805664,,,MIG-a9aaa9b9-3415-5b83-baab-d52b391db3ac,"2,58",
ampere,0,vgg16_image,1g,1,sample,26,8.139200210571289,,,MIG-a9aaa9b9-3415-5b83-baab-d52b391db3ac,"2,58",
ampere,0,vgg16_image,1g,1,sample,27,8.145119667053223,,,MIG-a9aaa9b9-3415-5b83-baab-d52b391db3ac,"2,58",
ampere,0,vgg16_image,1g,1,sample,28,8.140192031860352,,,MIG-a9aaa9b9-3415-5b83-baab-d52b391db3ac,"2,58",
ampere,0,vgg16_image,1g,1,sample,29,8.136096000671387,,,MIG-a9aaa9b9-3415-5b83-baab-d52b391db3ac,"2,58",
ampere,0,vgg16_image,1g,1,sample,30,8.143487930297852,,,MIG-a9aaa9b9-3415-5b83-baab-d52b391db3ac,"2,58",
ampere,0,vgg16_image,1g,1,sample,31,8.142784118652344,,,MIG-a9aaa9b9-3415-5b83-baab-d52b391db3ac,"2,58",
ampere,0,vgg16_image,1g,1,sample,32,8.143584251403809,,,MIG-a9aaa9b9-3415-5b83-baab-d52b391db3ac,"2,58",
ampere,0,vgg16_image,1g,1,sample,33,8.147871971130371,,,MIG-a9aaa9b9-3415-5b83-baab-d52b391db3ac,"2,58",
ampere,0,vgg16_image,1g,1,sample,34,8.14089584350586,,,MIG-a9aaa9b9-3415-5b83-baab-d52b391db3ac,"2,58",
ampere,0,vgg16_image,1g,1,sample,35,8.1461763381958,,,MIG-a9aaa9b9-3415-5b83-baab-d52b391db3ac,"2,58",
ampere,0,vgg16_image,1g,1,sample,36,8.150527954101562,,,MIG-a9aaa9b9-3415-5b83-baab-d52b391db3ac,"2,58",
ampere,0,vgg16_image,1g,1,sample,37,8.144096374511719,,,MIG-a9aaa9b9-3415-5b83-baab-d52b391db3ac,"2,58",
ampere,0,vgg16_image,1g,1,sample,38,8.141280174255371,,,MIG-a9aaa9b9-3415-5b83-baab-d52b391db3ac,"2,58",
ampere,0,vgg16_image,1g,1,sample,39,8.133119583129883,,,MIG-a9aaa9b9-3415-5b83-baab-d52b391db3ac,"2,58",
ampere,0,vgg16_image,1g,1,sample,40,8.132831573486328,,,MIG-a9aaa9b9-3415-5b83-baab-d52b391db3ac,"2,58",
ampere,0,vgg16_image,1g,1,sample,41,8.143903732299805,,,MIG-a9aaa9b9-3415-5b83-baab-d52b391db3ac,"2,58",
ampere,0,vgg16_image,1g,1,sample,42,8.144736289978027,,,MIG-a9aaa9b9-3415-5b83-baab-d52b391db3ac,"2,58",
ampere,0,vgg16_image,1g,1,sample,43,8.141216278076172,,,MIG-a9aaa9b9-3415-5b83-baab-d52b391db3ac,"2,58",
ampere,0,vgg16_image,1g,1,sample,44,8.144927978515625,,,MIG-a9aaa9b9-3415-5b83-baab-d52b391db3ac,"2,58",
ampere,0,vgg16_image,1g,1,sample,45,8.140192031860352,,,MIG-a9aaa9b9-3415-5b83-baab-d52b391db3ac,"2,58",
ampere,0,vgg16_image,1g,1,sample,46,8.145312309265137,,,MIG-a9aaa9b9-3415-5b83-baab-d52b391db3ac,"2,58",
ampere,0,vgg16_image,1g,1,sample,47,8.14352035522461,,,MIG-a9aaa9b9-3415-5b83-baab-d52b391db3ac,"2,58",
ampere,0,vgg16_image,1g,1,sample,48,8.140031814575195,,,MIG-a9aaa9b9-3415-5b83-baab-d52b391db3ac,"2,58",
ampere,0,vgg16_image,1g,1,sample,49,8.141023635864258,,,MIG-a9aaa9b9-3415-5b83-baab-d52b391db3ac,"2,58",
ampere,0,vgg16_image,1g,4,warmup,0,29.75014305114746,,,MIG-a9aaa9b9-3415-5b83-baab-d52b391db3ac,"2,58",
ampere,0,vgg16_image,1g,4,warmup,1,21.697343826293945,,,MIG-a9aaa9b9-3415-5b83-baab-d52b391db3ac,"2,58",
ampere,0,vgg16_image,1g,4,warmup,2,21.68720054626465,,,MIG-a9aaa9b9-3415-5b83-baab-d52b391db3ac,"2,58",
ampere,0,vgg16_image,1g,4,warmup,3,21.697023391723633,,,MIG-a9aaa9b9-3415-5b83-baab-d52b391db3ac,"2,58",
ampere,0,vgg16_image,1g,4,warmup,4,21.681631088256836,,,MIG-a9aaa9b9-3415-5b83-baab-d52b391db3ac,"2,58",
ampere,0,vgg16_image,1g,4,warmup,5,21.701120376586914,,,MIG-a9aaa9b9-3415-5b83-baab-d52b391db3ac,"2,58",
ampere,0,vgg16_image,1g,4,warmup,6,21.69055938720703,,,MIG-a9aaa9b9-3415-5b83-baab-d52b391db3ac,"2,58",
ampere,0,vgg16_image,1g,4,warmup,7,21.671648025512695,,,MIG-a9aaa9b9-3415-5b83-baab-d52b391db3ac,"2,58",
ampere,0,vgg16_image,1g,4,warmup,8,21.690431594848633,,,MIG-a9aaa9b9-3415-5b83-baab-d52b391db3ac,"2,58",
ampere,0,vgg16_image,1g,4,warmup,9,21.681983947753906,,,MIG-a9aaa9b9-3415-5b83-baab-d52b391db3ac,"2,58",
ampere,0,vgg16_image,1g,4,sample,0,21.69715118408203,,,MIG-a9aaa9b9-3415-5b83-baab-d52b391db3ac,"2,58",
ampere,0,vgg16_image,1g,4,sample,1,21.7043514251709,,,MIG-a9aaa9b9-3415-5b83-baab-d52b391db3ac,"2,58",
ampere,0,vgg16_image,1g,4,sample,2,21.68262481689453,,,MIG-a9aaa9b9-3415-5b83-baab-d52b391db3ac,"2,58",
ampere,0,vgg16_image,1g,4,sample,3,21.695039749145508,,,MIG-a9aaa9b9-3415-5b83-baab-d52b391db3ac,"2,58",
ampere,0,vgg16_image,1g,4,sample,4,21.696128845214844,,,MIG-a9aaa9b9-3415-5b83-baab-d52b391db3ac,"2,58",
ampere,0,vgg16_image,1g,4,sample,5,21.68707275390625,,,MIG-a9aaa9b9-3415-5b83-baab-d52b391db3ac,"2,58",
ampere,0,vgg16_image,1g,4,sample,6,21.69059181213379,,,MIG-a9aaa9b9-3415-5b83-baab-d52b391db3ac,"2,58",
ampere,0,vgg16_image,1g,4,sample,7,21.68979263305664,,,MIG-a9aaa9b9-3415-5b83-baab-d52b391db3ac,"2,58",
ampere,0,vgg16_image,1g,4,sample,8,21.693344116210938,,,MIG-a9aaa9b9-3415-5b83-baab-d52b391db3ac,"2,58",
ampere,0,vgg16_image,1g,4,sample,9,21.695680618286133,,,MIG-a9aaa9b9-3415-5b83-baab-d52b391db3ac,"2,58",
ampere,0,vgg16_image,1g,4,sample,10,21.678848266601562,,,MIG-a9aaa9b9-3415-5b83-baab-d52b391db3ac,"2,58",
ampere,0,vgg16_image,1g,4,sample,11,21.683231353759766,,,MIG-a9aaa9b9-3415-5b83-baab-d52b391db3ac,"2,58",
ampere,0,vgg16_image,1g,4,sample,12,21.681119918823242,,,MIG-a9aaa9b9-3415-5b83-baab-d52b391db3ac,"2,58",
ampere,0,vgg16_image,1g,4,sample,13,21.69696044921875,,,MIG-a9aaa9b9-3415-5b83-baab-d52b391db3ac,"2,58",
ampere,0,vgg16_image,1g,4,sample,14,21.684415817260742,,,MIG-a9aaa9b9-3415-5b83-baab-d52b391db3ac,"2,58",
ampere,0,vgg16_image,1g,4,sample,15,21.69308853149414,,,MIG-a9aaa9b9-3415-5b83-baab-d52b391db3ac,"2,58",
ampere,0,vgg16_image,1g,4,sample,16,21.68390464782715,,,MIG-a9aaa9b9-3415-5b83-baab-d52b391db3ac,"2,58",
ampere,0,vgg16_image,1g,4,sample,17,21.68560028076172,,,MIG-a9aaa9b9-3415-5b83-baab-d52b391db3ac,"2,58",
ampere,0,vgg16_image,1g,4,sample,18,21.677663803100586,,,MIG-a9aaa9b9-3415-5b83-baab-d52b391db3ac,"2,58",
ampere,0,vgg16_image,1g,4,sample,19,21.694047927856445,,,MIG-a9aaa9b9-3415-5b83-baab-d52b391db3ac,"2,58",
ampere,0,vgg16_image,1g,4,sample,20,21.67580795288086,,,MIG-a9aaa9b9-3415-5b83-baab-d52b391db3ac,"2,58",
ampere,0,vgg16_image,1g,4,sample,21,21.678720474243164,,,MIG-a9aaa9b9-3415-5b83-baab-d52b391db3ac,"2,58",
ampere,0,vgg16_image,1g,4,sample,22,21.6976318359375,,,MIG-a9aaa9b9-3415-5b83-baab-d52b391db3ac,"2,58",
ampere,0,vgg16_image,1g,4,sample,23,21.68627166748047,,,MIG-a9aaa9b9-3415-5b83-baab-d52b391db3ac,"2,58",
ampere,0,vgg16_image,1g,4,sample,24,21.700927734375,,,MIG-a9aaa9b9-3415-5b83-baab-d52b391db3ac,"2,58",
ampere,0,vgg16_image,1g,4,sample,25,21.688480377197266,,,MIG-a9aaa9b9-3415-5b83-baab-d52b391db3ac,"2,58",
ampere,0,vgg16_image,1g,4,sample,26,21.681087493896484,,,MIG-a9aaa9b9-3415-5b83-baab-d52b391db3ac,"2,58",
ampere,0,vgg16_image,1g,4,sample,27,21.689695358276367,,,MIG-a9aaa9b9-3415-5b83-baab-d52b391db3ac,"2,58",
ampere,0,vgg16_image,1g,4,sample,28,21.679231643676758,,,MIG-a9aaa9b9-3415-5b83-baab-d52b391db3ac,"2,58",
ampere,0,vgg16_image,1g,4,sample,29,21.69046401977539,,,MIG-a9aaa9b9-3415-5b83-baab-d52b391db3ac,"2,58",
ampere,0,vgg16_image,1g,4,sample,30,21.689983367919922,,,MIG-a9aaa9b9-3415-5b83-baab-d52b391db3ac,"2,58",
ampere,0,vgg16_image,1g,4,sample,31,21.70047950744629,,,MIG-a9aaa9b9-3415-5b83-baab-d52b391db3ac,"2,58",
ampere,0,vgg16_image,1g,4,sample,32,21.688095092773438,,,MIG-a9aaa9b9-3415-5b83-baab-d52b391db3ac,"2,58",
ampere,0,vgg16_image,1g,4,sample,33,21.709087371826172,,,MIG-a9aaa9b9-3415-5b83-baab-d52b391db3ac,"2,58",
ampere,0,vgg16_image,1g,4,sample,34,21.668607711791992,,,MIG-a9aaa9b9-3415-5b83-baab-d52b391db3ac,"2,58",
ampere,0,vgg16_image,1g,4,sample,35,21.686208724975586,,,MIG-a9aaa9b9-3415-5b83-baab-d52b391db3ac,"2,58",
ampere,0,vgg16_image,1g,4,sample,36,21.6889591217041,,,MIG-a9aaa9b9-3415-5b83-baab-d52b391db3ac,"2,58",
ampere,0,vgg16_image,1g,4,sample,37,21.673664093017578,,,MIG-a9aaa9b9-3415-5b83-baab-d52b391db3ac,"2,58",
ampere,0,vgg16_image,1g,4,sample,38,21.69024085998535,,,MIG-a9aaa9b9-3415-5b83-baab-d52b391db3ac,"2,58",
ampere,0,vgg16_image,1g,4,sample,39,21.704832077026367,,,MIG-a9aaa9b9-3415-5b83-baab-d52b391db3ac,"2,58",
ampere,0,vgg16_image,1g,4,sample,40,21.687456130981445,,,MIG-a9aaa9b9-3415-5b83-baab-d52b391db3ac,"2,58",
ampere,0,vgg16_image,1g,4,sample,41,21.7620792388916,,,MIG-a9aaa9b9-3415-5b83-baab-d52b391db3ac,"2,58",
ampere,0,vgg16_image,1g,4,sample,42,21.686975479125977,,,MIG-a9aaa9b9-3415-5b83-baab-d52b391db3ac,"2,58",
ampere,0,vgg16_image,1g,4,sample,43,21.701984405517578,,,MIG-a9aaa9b9-3415-5b83-baab-d52b391db3ac,"2,58",
ampere,0,vgg16_image,1g,4,sample,44,21.689760208129883,,,MIG-a9aaa9b9-3415-5b83-baab-d52b391db3ac,"2,58",
ampere,0,vgg16_image,1g,4,sample,45,21.692352294921875,,,MIG-a9aaa9b9-3415-5b83-baab-d52b391db3ac,"2,58",
ampere,0,vgg16_image,1g,4,sample,46,21.692832946777344,,,MIG-a9aaa9b9-3415-5b83-baab-d52b391db3ac,"2,58",
ampere,0,vgg16_image,1g,4,sample,47,21.679264068603516,,,MIG-a9aaa9b9-3415-5b83-baab-d52b391db3ac,"2,58",
ampere,0,vgg16_image,1g,4,sample,48,21.689056396484375,,,MIG-a9aaa9b9-3415-5b83-baab-d52b391db3ac,"2,58",
ampere,0,vgg16_image,1g,4,sample,49,21.69196891784668,,,MIG-a9aaa9b9-3415-5b83-baab-d52b391db3ac,"2,58",
ampere,0,vgg16_image,1g,16,warmup,0,68.87372589111328,,,MIG-a9aaa9b9-3415-5b83-baab-d52b391db3ac,"2,58",
ampere,0,vgg16_image,1g,16,warmup,1,67.0960922241211,,,MIG-a9aaa9b9-3415-5b83-baab-d52b391db3ac,"2,58",
ampere,0,vgg16_image,1g,16,warmup,2,67.03437042236328,,,MIG-a9aaa9b9-3415-5b83-baab-d52b391db3ac,"2,58",
ampere,0,vgg16_image,1g,16,warmup,3,67.040771484375,,,MIG-a9aaa9b9-3415-5b83-baab-d52b391db3ac,"2,58",
ampere,0,vgg16_image,1g,16,warmup,4,67.07273864746094,,,MIG-a9aaa9b9-3415-5b83-baab-d52b391db3ac,"2,58",
ampere,0,vgg16_image,1g,16,warmup,5,67.08124542236328,,,MIG-a9aaa9b9-3415-5b83-baab-d52b391db3ac,"2,58",
ampere,0,vgg16_image,1g,16,warmup,6,67.04966735839844,,,MIG-a9aaa9b9-3415-5b83-baab-d52b391db3ac,"2,58",
ampere,0,vgg16_image,1g,16,warmup,7,67.0864028930664,,,MIG-a9aaa9b9-3415-5b83-baab-d52b391db3ac,"2,58",
ampere,0,vgg16_image,1g,16,warmup,8,67.07020568847656,,,MIG-a9aaa9b9-3415-5b83-baab-d52b391db3ac,"2,58",
ampere,0,vgg16_image,1g,16,warmup,9,67.06867218017578,,,MIG-a9aaa9b9-3415-5b83-baab-d52b391db3ac,"2,58",
ampere,0,vgg16_image,1g,16,sample,0,67.04144287109375,,,MIG-a9aaa9b9-3415-5b83-baab-d52b391db3ac,"2,58",
ampere,0,vgg16_image,1g,16,sample,1,67.07373046875,,,MIG-a9aaa9b9-3415-5b83-baab-d52b391db3ac,"2,58",
ampere,0,vgg16_image,1g,16,sample,2,67.1052474975586,,,MIG-a9aaa9b9-3415-5b83-baab-d52b391db3ac,"2,58",
ampere,0,vgg16_image,1g,16,sample,3,67.12483215332031,,,MIG-a9aaa9b9-3415-5b83-baab-d52b391db3ac,"2,58",
ampere,0,vgg16_image,1g,16,sample,4,67.0976333618164,,,MIG-a9aaa9b9-3415-5b83-baab-d52b391db3ac,"2,58",
ampere,0,vgg16_image,1g,16,sample,5,67.09683227539062,,,MIG-a9aaa9b9-3415-5b83-baab-d52b391db3ac,"2,58",
ampere,0,vgg16_image,1g,16,sample,6,67.10326385498047,,,MIG-a9aaa9b9-3415-5b83-baab-d52b391db3ac,"2,58",
ampere,0,vgg16_image,1g,16,sample,7,67.09126281738281,,,MIG-a9aaa9b9-3415-5b83-baab-d52b391db3ac,"2,58",
ampere,0,vgg16_image,1g,16,sample,8,67.09465789794922,,,MIG-a9aaa9b9-3415-5b83-baab-d52b391db3ac,"2,58",
ampere,0,vgg16_image,1g,16,sample,9,67.08086395263672,,,MIG-a9aaa9b9-3415-5b83-baab-d52b391db3ac,"2,58",
ampere,0,vgg16_image,1g,16,sample,10,67.06988525390625,,,MIG-a9aaa9b9-3415-5b83-baab-d52b391db3ac,"2,58",
ampere,0,vgg16_image,1g,16,sample,11,67.07843017578125,,,MIG-a9aaa9b9-3415-5b83-baab-d52b391db3ac,"2,58",
ampere,0,vgg16_image,1g,16,sample,12,67.08796691894531,,,MIG-a9aaa9b9-3415-5b83-baab-d52b391db3ac,"2,58",
ampere,0,vgg16_image,1g,16,sample,13,67.09142303466797,,,MIG-a9aaa9b9-3415-5b83-baab-d52b391db3ac,"2,58",
ampere,0,vgg16_image,1g,16,sample,14,67.07215881347656,,,MIG-a9aaa9b9-3415-5b83-baab-d52b391db3ac,"2,58",
ampere,0,vgg16_image,1g,16,sample,15,67.10979461669922,,,MIG-a9aaa9b9-3415-5b83-baab-d52b391db3ac,"2,58",
ampere,0,vgg16_image,1g,16,sample,16,67.11660766601562,,,MIG-a9aaa9b9-3415-5b83-baab-d52b391db3ac,"2,58",
ampere,0,vgg16_image,1g,16,sample,17,67.07660675048828,,,MIG-a9aaa9b9-3415-5b83-baab-d52b391db3ac,"2,58",
ampere,0,vgg16_image,1g,16,sample,18,67.1082534790039,,,MIG-a9aaa9b9-3415-5b83-baab-d52b391db3ac,"2,58",
ampere,0,vgg16_image,1g,16,sample,19,67.0882568359375,,,MIG-a9aaa9b9-3415-5b83-baab-d52b391db3ac,"2,58",
ampere,0,vgg16_image,1g,16,sample,20,67.08329772949219,,,MIG-a9aaa9b9-3415-5b83-baab-d52b391db3ac,"2,58",
ampere,0,vgg16_image,1g,16,sample,21,67.0739517211914,,,MIG-a9aaa9b9-3415-5b83-baab-d52b391db3ac,"2,58",
ampere,0,vgg16_image,1g,16,sample,22,67.1197738647461,,,MIG-a9aaa9b9-3415-5b83-baab-d52b391db3ac,"2,58",
ampere,0,vgg16_image,1g,16,sample,23,67.08812713623047,,,MIG-a9aaa9b9-3415-5b83-baab-d52b391db3ac,"2,58",
ampere,0,vgg16_image,1g,16,sample,24,67.09616088867188,,,MIG-a9aaa9b9-3415-5b83-baab-d52b391db3ac,"2,58",
ampere,0,vgg16_image,1g,16,sample,25,67.06281280517578,,,MIG-a9aaa9b9-3415-5b83-baab-d52b391db3ac,"2,58",
ampere,0,vgg16_image,1g,16,sample,26,67.05270385742188,,,MIG-a9aaa9b9-3415-5b83-baab-d52b391db3ac,"2,58",
ampere,0,vgg16_image,1g,16,sample,27,67.05187225341797,,,MIG-a9aaa9b9-3415-5b83-baab-d52b391db3ac,"2,58",
ampere,0,vgg16_image,1g,16,sample,28,67.0890884399414,,,MIG-a9aaa9b9-3415-5b83-baab-d52b391db3ac,"2,58",
ampere,0,vgg16_image,1g,16,sample,29,67.0829086303711,,,MIG-a9aaa9b9-3415-5b83-baab-d52b391db3ac,"2,58",
ampere,0,vgg16_image,1g,16,sample,30,67.04425811767578,,,MIG-a9aaa9b9-3415-5b83-baab-d52b391db3ac,"2,58",
ampere,0,vgg16_image,1g,16,sample,31,67.09088134765625,,,MIG-a9aaa9b9-3415-5b83-baab-d52b391db3ac,"2,58",
ampere,0,vgg16_image,1g,16,sample,32,67.09523010253906,,,MIG-a9aaa9b9-3415-5b83-baab-d52b391db3ac,"2,58",
ampere,0,vgg16_image,1g,16,sample,33,67.0889892578125,,,MIG-a9aaa9b9-3415-5b83-baab-d52b391db3ac,"2,58",
ampere,0,vgg16_image,1g,16,sample,34,67.07625579833984,,,MIG-a9aaa9b9-3415-5b83-baab-d52b391db3ac,"2,58",
ampere,0,vgg16_image,1g,16,sample,35,67.12252807617188,,,MIG-a9aaa9b9-3415-5b83-baab-d52b391db3ac,"2,58",
ampere,0,vgg16_image,1g,16,sample,36,67.07305908203125,,,MIG-a9aaa9b9-3415-5b83-baab-d52b391db3ac,"2,58",
ampere,0,vgg16_image,1g,16,sample,37,67.1063003540039,,,MIG-a9aaa9b9-3415-5b83-baab-d52b391db3ac,"2,58",
ampere,0,vgg16_image,1g,16,sample,38,67.08985900878906,,,MIG-a9aaa9b9-3415-5b83-baab-d52b391db3ac,"2,58",
ampere,0,vgg16_image,1g,16,sample,39,67.0962905883789,,,MIG-a9aaa9b9-3415-5b83-baab-d52b391db3ac,"2,58",
ampere,0,vgg16_image,1g,16,sample,40,67.07154846191406,,,MIG-a9aaa9b9-3415-5b83-baab-d52b391db3ac,"2,58",
ampere,0,vgg16_image,1g,16,sample,41,67.09436798095703,,,MIG-a9aaa9b9-3415-5b83-baab-d52b391db3ac,"2,58",
ampere,0,vgg16_image,1g,16,sample,42,67.0733413696289,,,MIG-a9aaa9b9-3415-5b83-baab-d52b391db3ac,"2,58",
ampere,0,vgg16_image,1g,16,sample,43,67.05337524414062,,,MIG-a9aaa9b9-3415-5b83-baab-d52b391db3ac,"2,58",
ampere,0,vgg16_image,1g,16,sample,44,67.06739044189453,,,MIG-a9aaa9b9-3415-5b83-baab-d52b391db3ac,"2,58",
ampere,0,vgg16_image,1g,16,sample,45,67.1095962524414,,,MIG-a9aaa9b9-3415-5b83-baab-d52b391db3ac,"2,58",
ampere,0,vgg16_image,1g,16,sample,46,67.10041809082031,,,MIG-a9aaa9b9-3415-5b83-baab-d52b391db3ac,"2,58",
ampere,0,vgg16_image,1g,16,sample,47,67.08834838867188,,,MIG-a9aaa9b9-3415-5b83-baab-d52b391db3ac,"2,58",
ampere,0,vgg16_image,1g,16,sample,48,67.061279296875,,,MIG-a9aaa9b9-3415-5b83-baab-d52b391db3ac,"2,58",
ampere,0,vgg16_image,1g,16,sample,49,67.07670593261719,,,MIG-a9aaa9b9-3415-5b83-baab-d52b391db3ac,"2,58",
ampere,0,vgg16_image,1g,32,warmup,0,130.35830688476562,,,MIG-a9aaa9b9-3415-5b83-baab-d52b391db3ac,"2,58",
ampere,0,vgg16_image,1g,32,warmup,1,128.40663146972656,,,MIG-a9aaa9b9-3415-5b83-baab-d52b391db3ac,"2,58",
ampere,0,vgg16_image,1g,32,warmup,2,128.35049438476562,,,MIG-a9aaa9b9-3415-5b83-baab-d52b391db3ac,"2,58",
ampere,0,vgg16_image,1g,32,warmup,3,128.3825225830078,,,MIG-a9aaa9b9-3415-5b83-baab-d52b391db3ac,"2,58",
ampere,0,vgg16_image,1g,32,warmup,4,128.39068603515625,,,MIG-a9aaa9b9-3415-5b83-baab-d52b391db3ac,"2,58",
ampere,0,vgg16_image,1g,32,warmup,5,128.36416625976562,,,MIG-a9aaa9b9-3415-5b83-baab-d52b391db3ac,"2,58",
ampere,0,vgg16_image,1g,32,warmup,6,128.36642456054688,,,MIG-a9aaa9b9-3415-5b83-baab-d52b391db3ac,"2,58",
ampere,0,vgg16_image,1g,32,warmup,7,128.41891479492188,,,MIG-a9aaa9b9-3415-5b83-baab-d52b391db3ac,"2,58",
ampere,0,vgg16_image,1g,32,warmup,8,128.3588104248047,,,MIG-a9aaa9b9-3415-5b83-baab-d52b391db3ac,"2,58",
ampere,0,vgg16_image,1g,32,warmup,9,128.3736572265625,,,MIG-a9aaa9b9-3415-5b83-baab-d52b391db3ac,"2,58",
ampere,0,vgg16_image,1g,32,sample,0,128.3606414794922,,,MIG-a9aaa9b9-3415-5b83-baab-d52b391db3ac,"2,58",
ampere,0,vgg16_image,1g,32,sample,1,128.36277770996094,,,MIG-a9aaa9b9-3415-5b83-baab-d52b391db3ac,"2,58",
ampere,0,vgg16_image,1g,32,sample,2,128.3870086669922,,,MIG-a9aaa9b9-3415-5b83-baab-d52b391db3ac,"2,58",
ampere,0,vgg16_image,1g,32,sample,3,128.38621520996094,,,MIG-a9aaa9b9-3415-5b83-baab-d52b391db3ac,"2,58",
ampere,0,vgg16_image,1g,32,sample,4,128.42288208007812,,,MIG-a9aaa9b9-3415-5b83-baab-d52b391db3ac,"2,58",
ampere,0,vgg16_image,1g,32,sample,5,128.3856658935547,,,MIG-a9aaa9b9-3415-5b83-baab-d52b391db3ac,"2,58",
ampere,0,vgg16_image,1g,32,sample,6,128.43661499023438,,,MIG-a9aaa9b9-3415-5b83-baab-d52b391db3ac,"2,58",
ampere,0,vgg16_image,1g,32,sample,7,128.39144897460938,,,MIG-a9aaa9b9-3415-5b83-baab-d52b391db3ac,"2,58",
ampere,0,vgg16_image,1g,32,sample,8,128.39222717285156,,,MIG-a9aaa9b9-3415-5b83-baab-d52b391db3ac,"2,58",
ampere,0,vgg16_image,1g,32,sample,9,128.3504638671875,,,MIG-a9aaa9b9-3415-5b83-baab-d52b391db3ac,"2,58",
ampere,0,vgg16_image,1g,32,sample,10,128.3421173095703,,,MIG-a9aaa9b9-3415-5b83-baab-d52b391db3ac,"2,58",
ampere,0,vgg16_image,1g,32,sample,11,128.44015502929688,,,MIG-a9aaa9b9-3415-5b83-baab-d52b391db3ac,"2,58",
ampere,0,vgg16_image,1g,32,sample,12,128.410400390625,,,MIG-a9aaa9b9-3415-5b83-baab-d52b391db3ac,"2,58",
ampere,0,vgg16_image,1g,32,sample,13,128.39065551757812,,,MIG-a9aaa9b9-3415-5b83-baab-d52b391db3ac,"2,58",
ampere,0,vgg16_image,1g,32,sample,14,128.38560485839844,,,MIG-a9aaa9b9-3415-5b83-baab-d52b391db3ac,"2,58",
ampere,0,vgg16_image,1g,32,sample,15,128.38983154296875,,,MIG-a9aaa9b9-3415-5b83-baab-d52b391db3ac,"2,58",
ampere,0,vgg16_image,1g,32,sample,16,128.3311309814453,,,MIG-a9aaa9b9-3415-5b83-baab-d52b391db3ac,"2,58",
ampere,0,vgg16_image,1g,32,sample,17,128.4361572265625,,,MIG-a9aaa9b9-3415-5b83-baab-d52b391db3ac,"2,58",
ampere,0,vgg16_image,1g,32,sample,18,128.36941528320312,,,MIG-a9aaa9b9-3415-5b83-baab-d52b391db3ac,"2,58",
ampere,0,vgg16_image,1g,32,sample,19,128.36537170410156,,,MIG-a9aaa9b9-3415-5b83-baab-d52b391db3ac,"2,58",
ampere,0,vgg16_image,1g,32,sample,20,128.4568328857422,,,MIG-a9aaa9b9-3415-5b83-baab-d52b391db3ac,"2,58",
ampere,0,vgg16_image,1g,32,sample,21,128.3942413330078,,,MIG-a9aaa9b9-3415-5b83-baab-d52b391db3ac,"2,58",
ampere,0,vgg16_image,1g,32,sample,22,128.35037231445312,,,MIG-a9aaa9b9-3415-5b83-baab-d52b391db3ac,"2,58",
ampere,0,vgg16_image,1g,32,sample,23,128.36300659179688,,,MIG-a9aaa9b9-3415-5b83-baab-d52b391db3ac,"2,58",
ampere,0,vgg16_image,1g,32,sample,24,128.40237426757812,,,MIG-a9aaa9b9-3415-5b83-baab-d52b391db3ac,"2,58",
ampere,0,vgg16_image,1g,32,sample,25,128.3766326904297,,,MIG-a9aaa9b9-3415-5b83-baab-d52b391db3ac,"2,58",
ampere,0,vgg16_image,1g,32,sample,26,128.3573760986328,,,MIG-a9aaa9b9-3415-5b83-baab-d52b391db3ac,"2,58",
ampere,0,vgg16_image,1g,32,sample,27,128.3513641357422,,,MIG-a9aaa9b9-3415-5b83-baab-d52b391db3ac,"2,58",
ampere,0,vgg16_image,1g,32,sample,28,128.43209838867188,,,MIG-a9aaa9b9-3415-5b83-baab-d52b391db3ac,"2,58",
ampere,0,vgg16_image,1g,32,sample,29,128.4049530029297,,,MIG-a9aaa9b9-3415-5b83-baab-d52b391db3ac,"2,58",
ampere,0,vgg16_image,1g,32,sample,30,128.48448181152344,,,MIG-a9aaa9b9-3415-5b83-baab-d52b391db3ac,"2,58",
ampere,0,vgg16_image,1g,32,sample,31,128.3449249267578,,,MIG-a9aaa9b9-3415-5b83-baab-d52b391db3ac,"2,58",
ampere,0,vgg16_image,1g,32,sample,32,128.36416625976562,,,MIG-a9aaa9b9-3415-5b83-baab-d52b391db3ac,"2,58",
ampere,0,vgg16_image,1g,32,sample,33,128.35638427734375,,,MIG-a9aaa9b9-3415-5b83-baab-d52b391db3ac,"2,58",
ampere,0,vgg16_image,1g,32,sample,34,128.3488006591797,,,MIG-a9aaa9b9-3415-5b83-baab-d52b391db3ac,"2,58",
ampere,0,vgg16_image,1g,32,sample,35,128.4241943359375,,,MIG-a9aaa9b9-3415-5b83-baab-d52b391db3ac,"2,58",
ampere,0,vgg16_image,1g,32,sample,36,128.37094116210938,,,MIG-a9aaa9b9-3415-5b83-baab-d52b391db3ac,"2,58",
ampere,0,vgg16_image,1g,32,sample,37,128.37747192382812,,,MIG-a9aaa9b9-3415-5b83-baab-d52b391db3ac,"2,58",
ampere,0,vgg16_image,1g,32,sample,38,128.3675537109375,,,MIG-a9aaa9b9-3415-5b83-baab-d52b391db3ac,"2,58",
ampere,0,vgg16_image,1g,32,sample,39,128.35276794433594,,,MIG-a9aaa9b9-3415-5b83-baab-d52b391db3ac,"2,58",
ampere,0,vgg16_image,1g,32,sample,40,128.3497314453125,,,MIG-a9aaa9b9-3415-5b83-baab-d52b391db3ac,"2,58",
ampere,0,vgg16_image,1g,32,sample,41,128.34527587890625,,,MIG-a9aaa9b9-3415-5b83-baab-d52b391db3ac,"2,58",
ampere,0,vgg16_image,1g,32,sample,42,128.4119415283203,,,MIG-a9aaa9b9-3415-5b83-baab-d52b391db3ac,"2,58",
ampere,0,vgg16_image,1g,32,sample,43,128.43002319335938,,,MIG-a9aaa9b9-3415-5b83-baab-d52b391db3ac,"2,58",
ampere,0,vgg16_image,1g,32,sample,44,128.37161254882812,,,MIG-a9aaa9b9-3415-5b83-baab-d52b391db3ac,"2,58",
ampere,0,vgg16_image,1g,32,sample,45,128.3678436279297,,,MIG-a9aaa9b9-3415-5b83-baab-d52b391db3ac,"2,58",
ampere,0,vgg16_image,1g,32,sample,46,128.38800048828125,,,MIG-a9aaa9b9-3415-5b83-baab-d52b391db3ac,"2,58",
ampere,0,vgg16_image,1g,32,sample,47,128.39202880859375,,,MIG-a9aaa9b9-3415-5b83-baab-d52b391db3ac,"2,58",
ampere,0,vgg16_image,1g,32,sample,48,128.3632049560547,,,MIG-a9aaa9b9-3415-5b83-baab-d52b391db3ac,"2,58",
ampere,0,vgg16_image,1g,32,sample,49,128.37091064453125,,,MIG-a9aaa9b9-3415-5b83-baab-d52b391db3ac,"2,58",
ampere,0,vgg16_image,1g,64,warmup,0,304.2257385253906,,,MIG-a9aaa9b9-3415-5b83-baab-d52b391db3ac,"2,58",
ampere,0,vgg16_image,1g,64,warmup,1,255.70346069335938,,,MIG-a9aaa9b9-3415-5b83-baab-d52b391db3ac,"2,58",
ampere,0,vgg16_image,1g,64,warmup,2,255.76170349121094,,,MIG-a9aaa9b9-3415-5b83-baab-d52b391db3ac,"2,58",
ampere,0,vgg16_image,1g,64,warmup,3,255.62413024902344,,,MIG-a9aaa9b9-3415-5b83-baab-d52b391db3ac,"2,58",
ampere,0,vgg16_image,1g,64,warmup,4,255.71923828125,,,MIG-a9aaa9b9-3415-5b83-baab-d52b391db3ac,"2,58",
ampere,0,vgg16_image,1g,64,warmup,5,255.7421112060547,,,MIG-a9aaa9b9-3415-5b83-baab-d52b391db3ac,"2,58",
ampere,0,vgg16_image,1g,64,warmup,6,255.71551513671875,,,MIG-a9aaa9b9-3415-5b83-baab-d52b391db3ac,"2,58",
ampere,0,vgg16_image,1g,64,warmup,7,255.6425018310547,,,MIG-a9aaa9b9-3415-5b83-baab-d52b391db3ac,"2,58",
ampere,0,vgg16_image,1g,64,warmup,8,255.6336669921875,,,MIG-a9aaa9b9-3415-5b83-baab-d52b391db3ac,"2,58",
ampere,0,vgg16_image,1g,64,warmup,9,255.7081298828125,,,MIG-a9aaa9b9-3415-5b83-baab-d52b391db3ac,"2,58",
ampere,0,vgg16_image,1g,64,sample,0,255.73388671875,,,MIG-a9aaa9b9-3415-5b83-baab-d52b391db3ac,"2,58",
ampere,0,vgg16_image,1g,64,sample,1,255.62860107421875,,,MIG-a9aaa9b9-3415-5b83-baab-d52b391db3ac,"2,58",
ampere,0,vgg16_image,1g,64,sample,2,255.75094604492188,,,MIG-a9aaa9b9-3415-5b83-baab-d52b391db3ac,"2,58",
ampere,0,vgg16_image,1g,64,sample,3,255.67872619628906,,,MIG-a9aaa9b9-3415-5b83-baab-d52b391db3ac,"2,58",
ampere,0,vgg16_image,1g,64,sample,4,255.8245391845703,,,MIG-a9aaa9b9-3415-5b83-baab-d52b391db3ac,"2,58",
ampere,0,vgg16_image,1g,64,sample,5,255.71299743652344,,,MIG-a9aaa9b9-3415-5b83-baab-d52b391db3ac,"2,58",
ampere,0,vgg16_image,1g,64,sample,6,255.75926208496094,,,MIG-a9aaa9b9-3415-5b83-baab-d52b391db3ac,"2,58",
ampere,0,vgg16_image,1g,64,sample,7,255.72317504882812,,,MIG-a9aaa9b9-3415-5b83-baab-d52b391db3ac,"2,58",
ampere,0,vgg16_image,1g,64,sample,8,255.74290466308594,,,MIG-a9aaa9b9-3415-5b83-baab-d52b391db3ac,"2,58",
ampere,0,vgg16_image,1g,64,sample,9,255.69635009765625,,,MIG-a9aaa9b9-3415-5b83-baab-d52b391db3ac,"2,58",
ampere,0,vgg16_image,1g,64,sample,10,255.6903076171875,,,MIG-a9aaa9b9-3415-5b83-baab-d52b391db3ac,"2,58",
ampere,0,vgg16_image,1g,64,sample,11,255.7665557861328,,,MIG-a9aaa9b9-3415-5b83-baab-d52b391db3ac,"2,58",
ampere,0,vgg16_image,1g,64,sample,12,255.67196655273438,,,MIG-a9aaa9b9-3415-5b83-baab-d52b391db3ac,"2,58",
ampere,0,vgg16_image,1g,64,sample,13,255.76675415039062,,,MIG-a9aaa9b9-3415-5b83-baab-d52b391db3ac,"2,58",
ampere,0,vgg16_image,1g,64,sample,14,255.7637176513672,,,MIG-a9aaa9b9-3415-5b83-baab-d52b391db3ac,"2,58",
ampere,0,vgg16_image,1g,64,sample,15,255.72784423828125,,,MIG-a9aaa9b9-3415-5b83-baab-d52b391db3ac,"2,58",
ampere,0,vgg16_image,1g,64,sample,16,255.68739318847656,,,MIG-a9aaa9b9-3415-5b83-baab-d52b391db3ac,"2,58",
ampere,0,vgg16_image,1g,64,sample,17,255.70909118652344,,,MIG-a9aaa9b9-3415-5b83-baab-d52b391db3ac,"2,58",
ampere,0,vgg16_image,1g,64,sample,18,255.71507263183594,,,MIG-a9aaa9b9-3415-5b83-baab-d52b391db3ac,"2,58",
ampere,0,vgg16_image,1g,64,sample,19,255.77325439453125,,,MIG-a9aaa9b9-3415-5b83-baab-d52b391db3ac,"2,58",
ampere,0,vgg16_image,1g,64,sample,20,255.75881958007812,,,MIG-a9aaa9b9-3415-5b83-baab-d52b391db3ac,"2,58",
ampere,0,vgg16_image,1g,64,sample,21,255.67926025390625,,,MIG-a9aaa9b9-3415-5b83-baab-d52b391db3ac,"2,58",
ampere,0,vgg16_image,1g,64,sample,22,255.73231506347656,,,MIG-a9aaa9b9-3415-5b83-baab-d52b391db3ac,"2,58",
ampere,0,vgg16_image,1g,64,sample,23,255.6419219970703,,,MIG-a9aaa9b9-3415-5b83-baab-d52b391db3ac,"2,58",
ampere,0,vgg16_image,1g,64,sample,24,255.7322540283203,,,MIG-a9aaa9b9-3415-5b83-baab-d52b391db3ac,"2,58",
ampere,0,vgg16_image,1g,64,sample,25,255.7619171142578,,,MIG-a9aaa9b9-3415-5b83-baab-d52b391db3ac,"2,58",
ampere,0,vgg16_image,1g,64,sample,26,255.74124145507812,,,MIG-a9aaa9b9-3415-5b83-baab-d52b391db3ac,"2,58",
ampere,0,vgg16_image,1g,64,sample,27,255.68441772460938,,,MIG-a9aaa9b9-3415-5b83-baab-d52b391db3ac,"2,58",
ampere,0,vgg16_image,1g,64,sample,28,255.74569702148438,,,MIG-a9aaa9b9-3415-5b83-baab-d52b391db3ac,"2,58",
ampere,0,vgg16_image,1g,64,sample,29,255.70370483398438,,,MIG-a9aaa9b9-3415-5b83-baab-d52b391db3ac,"2,58",
ampere,0,vgg16_image,1g,64,sample,30,255.7328338623047,,,MIG-a9aaa9b9-3415-5b83-baab-d52b391db3ac,"2,58",
ampere,0,vgg16_image,1g,64,sample,31,255.74266052246094,,,MIG-a9aaa9b9-3415-5b83-baab-d52b391db3ac,"2,58",
ampere,0,vgg16_image,1g,64,sample,32,255.67762756347656,,,MIG-a9aaa9b9-3415-5b83-baab-d52b391db3ac,"2,58",
ampere,0,vgg16_image,1g,64,sample,33,255.6578826904297,,,MIG-a9aaa9b9-3415-5b83-baab-d52b391db3ac,"2,58",
ampere,0,vgg16_image,1g,64,sample,34,255.66943359375,,,MIG-a9aaa9b9-3415-5b83-baab-d52b391db3ac,"2,58",
ampere,0,vgg16_image,1g,64,sample,35,255.74191284179688,,,MIG-a9aaa9b9-3415-5b83-baab-d52b391db3ac,"2,58",
ampere,0,vgg16_image,1g,64,sample,36,255.6643829345703,,,MIG-a9aaa9b9-3415-5b83-baab-d52b391db3ac,"2,58",
ampere,0,vgg16_image,1g,64,sample,37,255.6427764892578,,,MIG-a9aaa9b9-3415-5b83-baab-d52b391db3ac,"2,58",
ampere,0,vgg16_image,1g,64,sample,38,255.7288360595703,,,MIG-a9aaa9b9-3415-5b83-baab-d52b391db3ac,"2,58",
ampere,0,vgg16_image,1g,64,sample,39,255.7394256591797,,,MIG-a9aaa9b9-3415-5b83-baab-d52b391db3ac,"2,58",
ampere,0,vgg16_image,1g,64,sample,40,255.69882202148438,,,MIG-a9aaa9b9-3415-5b83-baab-d52b391db3ac,"2,58",
ampere,0,vgg16_image,1g,64,sample,41,255.7150115966797,,,MIG-a9aaa9b9-3415-5b83-baab-d52b391db3ac,"2,58",
ampere,0,vgg16_image,1g,64,sample,42,255.7178497314453,,,MIG-a9aaa9b9-3415-5b83-baab-d52b391db3ac,"2,58",
ampere,0,vgg16_image,1g,64,sample,43,255.7159423828125,,,MIG-a9aaa9b9-3415-5b83-baab-d52b391db3ac,"2,58",
ampere,0,vgg16_image,1g,64,sample,44,255.65890502929688,,,MIG-a9aaa9b9-3415-5b83-baab-d52b391db3ac,"2,58",
ampere,0,vgg16_image,1g,64,sample,45,255.7566375732422,,,MIG-a9aaa9b9-3415-5b83-baab-d52b391db3ac,"2,58",
ampere,0,vgg16_image,1g,64,sample,46,255.71302795410156,,,MIG-a9aaa9b9-3415-5b83-baab-d52b391db3ac,"2,58",
ampere,0,vgg16_image,1g,64,sample,47,255.71881103515625,,,MIG-a9aaa9b9-3415-5b83-baab-d52b391db3ac,"2,58",
ampere,0,vgg16_image,1g,64,sample,48,255.77658081054688,,,MIG-a9aaa9b9-3415-5b83-baab-d52b391db3ac,"2,58",
ampere,0,vgg16_image,1g,64,sample,49,255.69334411621094,,,MIG-a9aaa9b9-3415-5b83-baab-d52b391db3ac,"2,58",
ampere,0,vit_base_image,1g,1,warmup,0,20.746816635131836,,,MIG-a9aaa9b9-3415-5b83-baab-d52b391db3ac,"2,58",
ampere,0,vit_base_image,1g,1,warmup,1,19.846464157104492,,,MIG-a9aaa9b9-3415-5b83-baab-d52b391db3ac,"2,58",
ampere,0,vit_base_image,1g,1,warmup,2,19.825727462768555,,,MIG-a9aaa9b9-3415-5b83-baab-d52b391db3ac,"2,58",
ampere,0,vit_base_image,1g,1,warmup,3,19.81599998474121,,,MIG-a9aaa9b9-3415-5b83-baab-d52b391db3ac,"2,58",
ampere,0,vit_base_image,1g,1,warmup,4,19.79974365234375,,,MIG-a9aaa9b9-3415-5b83-baab-d52b391db3ac,"2,58",
ampere,0,vit_base_image,1g,1,warmup,5,19.80998420715332,,,MIG-a9aaa9b9-3415-5b83-baab-d52b391db3ac,"2,58",
ampere,0,vit_base_image,1g,1,warmup,6,19.806367874145508,,,MIG-a9aaa9b9-3415-5b83-baab-d52b391db3ac,"2,58",
ampere,0,vit_base_image,1g,1,warmup,7,19.80281639099121,,,MIG-a9aaa9b9-3415-5b83-baab-d52b391db3ac,"2,58",
ampere,0,vit_base_image,1g,1,warmup,8,19.800479888916016,,,MIG-a9aaa9b9-3415-5b83-baab-d52b391db3ac,"2,58",
ampere,0,vit_base_image,1g,1,warmup,9,19.797632217407227,,,MIG-a9aaa9b9-3415-5b83-baab-d52b391db3ac,"2,58",
ampere,0,vit_base_image,1g,1,sample,0,19.81056022644043,,,MIG-a9aaa9b9-3415-5b83-baab-d52b391db3ac,"2,58",
ampere,0,vit_base_image,1g,1,sample,1,19.807680130004883,,,MIG-a9aaa9b9-3415-5b83-baab-d52b391db3ac,"2,58",
ampere,0,vit_base_image,1g,1,sample,2,19.799840927124023,,,MIG-a9aaa9b9-3415-5b83-baab-d52b391db3ac,"2,58",
ampere,0,vit_base_image,1g,1,sample,3,19.80352020263672,,,MIG-a9aaa9b9-3415-5b83-baab-d52b391db3ac,"2,58",
ampere,0,vit_base_image,1g,1,sample,4,19.805152893066406,,,MIG-a9aaa9b9-3415-5b83-baab-d52b391db3ac,"2,58",
ampere,0,vit_base_image,1g,1,sample,5,19.796703338623047,,,MIG-a9aaa9b9-3415-5b83-baab-d52b391db3ac,"2,58",
ampere,0,vit_base_image,1g,1,sample,6,19.814687728881836,,,MIG-a9aaa9b9-3415-5b83-baab-d52b391db3ac,"2,58",
ampere,0,vit_base_image,1g,1,sample,7,19.802047729492188,,,MIG-a9aaa9b9-3415-5b83-baab-d52b391db3ac,"2,58",
ampere,0,vit_base_image,1g,1,sample,8,19.807008743286133,,,MIG-a9aaa9b9-3415-5b83-baab-d52b391db3ac,"2,58",
ampere,0,vit_base_image,1g,1,sample,9,19.805280685424805,,,MIG-a9aaa9b9-3415-5b83-baab-d52b391db3ac,"2,58",
ampere,0,vit_base_image,1g,1,sample,10,19.805343627929688,,,MIG-a9aaa9b9-3415-5b83-baab-d52b391db3ac,"2,58",
ampere,0,vit_base_image,1g,1,sample,11,19.814271926879883,,,MIG-a9aaa9b9-3415-5b83-baab-d52b391db3ac,"2,58",
ampere,0,vit_base_image,1g,1,sample,12,19.795103073120117,,,MIG-a9aaa9b9-3415-5b83-baab-d52b391db3ac,"2,58",
ampere,0,vit_base_image,1g,1,sample,13,19.80281639099121,,,MIG-a9aaa9b9-3415-5b83-baab-d52b391db3ac,"2,58",
ampere,0,vit_base_image,1g,1,sample,14,19.797151565551758,,,MIG-a9aaa9b9-3415-5b83-baab-d52b391db3ac,"2,58",
ampere,0,vit_base_image,1g,1,sample,15,19.80940818786621,,,MIG-a9aaa9b9-3415-5b83-baab-d52b391db3ac,"2,58",
ampere,0,vit_base_image,1g,1,sample,16,19.789119720458984,,,MIG-a9aaa9b9-3415-5b83-baab-d52b391db3ac,"2,58",
ampere,0,vit_base_image,1g,1,sample,17,19.796735763549805,,,MIG-a9aaa9b9-3415-5b83-baab-d52b391db3ac,"2,58",
ampere,0,vit_base_image,1g,1,sample,18,19.976831436157227,,,MIG-a9aaa9b9-3415-5b83-baab-d52b391db3ac,"2,58",
ampere,0,vit_base_image,1g,1,sample,19,19.80169677734375,,,MIG-a9aaa9b9-3415-5b83-baab-d52b391db3ac,"2,58",
ampere,0,vit_base_image,1g,1,sample,20,19.813600540161133,,,MIG-a9aaa9b9-3415-5b83-baab-d52b391db3ac,"2,58",
ampere,0,vit_base_image,1g,1,sample,21,19.798879623413086,,,MIG-a9aaa9b9-3415-5b83-baab-d52b391db3ac,"2,58",
ampere,0,vit_base_image,1g,1,sample,22,19.8002872467041,,,MIG-a9aaa9b9-3415-5b83-baab-d52b391db3ac,"2,58",
ampere,0,vit_base_image,1g,1,sample,23,19.804351806640625,,,MIG-a9aaa9b9-3415-5b83-baab-d52b391db3ac,"2,58",
ampere,0,vit_base_image,1g,1,sample,24,19.79212760925293,,,MIG-a9aaa9b9-3415-5b83-baab-d52b391db3ac,"2,58",
ampere,0,vit_base_image,1g,1,sample,25,19.806943893432617,,,MIG-a9aaa9b9-3415-5b83-baab-d52b391db3ac,"2,58",
ampere,0,vit_base_image,1g,1,sample,26,19.796768188476562,,,MIG-a9aaa9b9-3415-5b83-baab-d52b391db3ac,"2,58",
ampere,0,vit_base_image,1g,1,sample,27,19.798240661621094,,,MIG-a9aaa9b9-3415-5b83-baab-d52b391db3ac,"2,58",
ampere,0,vit_base_image,1g,1,sample,28,19.800064086914062,,,MIG-a9aaa9b9-3415-5b83-baab-d52b391db3ac,"2,58",
ampere,0,vit_base_image,1g,1,sample,29,19.785215377807617,,,MIG-a9aaa9b9-3415-5b83-baab-d52b391db3ac,"2,58",
ampere,0,vit_base_image,1g,1,sample,30,19.806047439575195,,,MIG-a9aaa9b9-3415-5b83-baab-d52b391db3ac,"2,58",
ampere,0,vit_base_image,1g,1,sample,31,19.813695907592773,,,MIG-a9aaa9b9-3415-5b83-baab-d52b391db3ac,"2,58",
ampere,0,vit_base_image,1g,1,sample,32,19.78816032409668,,,MIG-a9aaa9b9-3415-5b83-baab-d52b391db3ac,"2,58",
ampere,0,vit_base_image,1g,1,sample,33,19.80931282043457,,,MIG-a9aaa9b9-3415-5b83-baab-d52b391db3ac,"2,58",
ampere,0,vit_base_image,1g,1,sample,34,19.793344497680664,,,MIG-a9aaa9b9-3415-5b83-baab-d52b391db3ac,"2,58",
ampere,0,vit_base_image,1g,1,sample,35,19.807968139648438,,,MIG-a9aaa9b9-3415-5b83-baab-d52b391db3ac,"2,58",
ampere,0,vit_base_image,1g,1,sample,36,19.80499267578125,,,MIG-a9aaa9b9-3415-5b83-baab-d52b391db3ac,"2,58",
ampere,0,vit_base_image,1g,1,sample,37,19.796096801757812,,,MIG-a9aaa9b9-3415-5b83-baab-d52b391db3ac,"2,58",
ampere,0,vit_base_image,1g,1,sample,38,19.798847198486328,,,MIG-a9aaa9b9-3415-5b83-baab-d52b391db3ac,"2,58",
ampere,0,vit_base_image,1g,1,sample,39,19.801664352416992,,,MIG-a9aaa9b9-3415-5b83-baab-d52b391db3ac,"2,58",
ampere,0,vit_base_image,1g,1,sample,40,19.799968719482422,,,MIG-a9aaa9b9-3415-5b83-baab-d52b391db3ac,"2,58",
ampere,0,vit_base_image,1g,1,sample,41,19.799455642700195,,,MIG-a9aaa9b9-3415-5b83-baab-d52b391db3ac,"2,58",
ampere,0,vit_base_image,1g,1,sample,42,19.799423217773438,,,MIG-a9aaa9b9-3415-5b83-baab-d52b391db3ac,"2,58",
ampere,0,vit_base_image,1g,1,sample,43,19.805376052856445,,,MIG-a9aaa9b9-3415-5b83-baab-d52b391db3ac,"2,58",
ampere,0,vit_base_image,1g,1,sample,44,19.798784255981445,,,MIG-a9aaa9b9-3415-5b83-baab-d52b391db3ac,"2,58",
ampere,0,vit_base_image,1g,1,sample,45,19.79097557067871,,,MIG-a9aaa9b9-3415-5b83-baab-d52b391db3ac,"2,58",
ampere,0,vit_base_image,1g,1,sample,46,19.791423797607422,,,MIG-a9aaa9b9-3415-5b83-baab-d52b391db3ac,"2,58",
ampere,0,vit_base_image,1g,1,sample,47,19.80134391784668,,,MIG-a9aaa9b9-3415-5b83-baab-d52b391db3ac,"2,58",
ampere,0,vit_base_image,1g,1,sample,48,19.806751251220703,,,MIG-a9aaa9b9-3415-5b83-baab-d52b391db3ac,"2,58",
ampere,0,vit_base_image,1g,1,sample,49,19.799455642700195,,,MIG-a9aaa9b9-3415-5b83-baab-d52b391db3ac,"2,58",
ampere,0,vit_base_image,1g,4,warmup,0,83.5448989868164,,,MIG-a9aaa9b9-3415-5b83-baab-d52b391db3ac,"2,58",
ampere,0,vit_base_image,1g,4,warmup,1,71.34540557861328,,,MIG-a9aaa9b9-3415-5b83-baab-d52b391db3ac,"2,58",
ampere,0,vit_base_image,1g,4,warmup,2,71.3583984375,,,MIG-a9aaa9b9-3415-5b83-baab-d52b391db3ac,"2,58",
ampere,0,vit_base_image,1g,4,warmup,3,71.36000061035156,,,MIG-a9aaa9b9-3415-5b83-baab-d52b391db3ac,"2,58",
ampere,0,vit_base_image,1g,4,warmup,4,71.3565444946289,,,MIG-a9aaa9b9-3415-5b83-baab-d52b391db3ac,"2,58",
ampere,0,vit_base_image,1g,4,warmup,5,71.3267822265625,,,MIG-a9aaa9b9-3415-5b83-baab-d52b391db3ac,"2,58",
ampere,0,vit_base_image,1g,4,warmup,6,71.33602905273438,,,MIG-a9aaa9b9-3415-5b83-baab-d52b391db3ac,"2,58",
ampere,0,vit_base_image,1g,4,warmup,7,71.34636688232422,,,MIG-a9aaa9b9-3415-5b83-baab-d52b391db3ac,"2,58",
ampere,0,vit_base_image,1g,4,warmup,8,71.35453033447266,,,MIG-a9aaa9b9-3415-5b83-baab-d52b391db3ac,"2,58",
ampere,0,vit_base_image,1g,4,warmup,9,71.34150695800781,,,MIG-a9aaa9b9-3415-5b83-baab-d52b391db3ac,"2,58",
ampere,0,vit_base_image,1g,4,sample,0,71.3658218383789,,,MIG-a9aaa9b9-3415-5b83-baab-d52b391db3ac,"2,58",
ampere,0,vit_base_image,1g,4,sample,1,71.3592300415039,,,MIG-a9aaa9b9-3415-5b83-baab-d52b391db3ac,"2,58",
ampere,0,vit_base_image,1g,4,sample,2,71.34188842773438,,,MIG-a9aaa9b9-3415-5b83-baab-d52b391db3ac,"2,58",
ampere,0,vit_base_image,1g,4,sample,3,71.33570861816406,,,MIG-a9aaa9b9-3415-5b83-baab-d52b391db3ac,"2,58",
ampere,0,vit_base_image,1g,4,sample,4,71.3361587524414,,,MIG-a9aaa9b9-3415-5b83-baab-d52b391db3ac,"2,58",
ampere,0,vit_base_image,1g,4,sample,5,71.34896087646484,,,MIG-a9aaa9b9-3415-5b83-baab-d52b391db3ac,"2,58",
ampere,0,vit_base_image,1g,4,sample,6,71.344482421875,,,MIG-a9aaa9b9-3415-5b83-baab-d52b391db3ac,"2,58",
ampere,0,vit_base_image,1g,4,sample,7,71.35913848876953,,,MIG-a9aaa9b9-3415-5b83-baab-d52b391db3ac,"2,58",
ampere,0,vit_base_image,1g,4,sample,8,71.33782196044922,,,MIG-a9aaa9b9-3415-5b83-baab-d52b391db3ac,"2,58",
ampere,0,vit_base_image,1g,4,sample,9,71.3635482788086,,,MIG-a9aaa9b9-3415-5b83-baab-d52b391db3ac,"2,58",
ampere,0,vit_base_image,1g,4,sample,10,71.35903930664062,,,MIG-a9aaa9b9-3415-5b83-baab-d52b391db3ac,"2,58",
ampere,0,vit_base_image,1g,4,sample,11,71.34770965576172,,,MIG-a9aaa9b9-3415-5b83-baab-d52b391db3ac,"2,58",
ampere,0,vit_base_image,1g,4,sample,12,71.34265899658203,,,MIG-a9aaa9b9-3415-5b83-baab-d52b391db3ac,"2,58",
ampere,0,vit_base_image,1g,4,sample,13,71.35395050048828,,,MIG-a9aaa9b9-3415-5b83-baab-d52b391db3ac,"2,58",
ampere,0,vit_base_image,1g,4,sample,14,71.35225677490234,,,MIG-a9aaa9b9-3415-5b83-baab-d52b391db3ac,"2,58",
ampere,0,vit_base_image,1g,4,sample,15,71.36886596679688,,,MIG-a9aaa9b9-3415-5b83-baab-d52b391db3ac,"2,58",
ampere,0,vit_base_image,1g,4,sample,16,71.3437728881836,,,MIG-a9aaa9b9-3415-5b83-baab-d52b391db3ac,"2,58",
ampere,0,vit_base_image,1g,4,sample,17,71.37017822265625,,,MIG-a9aaa9b9-3415-5b83-baab-d52b391db3ac,"2,58",
ampere,0,vit_base_image,1g,4,sample,18,71.34819030761719,,,MIG-a9aaa9b9-3415-5b83-baab-d52b391db3ac,"2,58",
ampere,0,vit_base_image,1g,4,sample,19,71.33763122558594,,,MIG-a9aaa9b9-3415-5b83-baab-d52b391db3ac,"2,58",
ampere,0,vit_base_image,1g,4,sample,20,71.34815979003906,,,MIG-a9aaa9b9-3415-5b83-baab-d52b391db3ac,"2,58",
ampere,0,vit_base_image,1g,4,sample,21,71.34246063232422,,,MIG-a9aaa9b9-3415-5b83-baab-d52b391db3ac,"2,58",
ampere,0,vit_base_image,1g,4,sample,22,71.33273315429688,,,MIG-a9aaa9b9-3415-5b83-baab-d52b391db3ac,"2,58",
ampere,0,vit_base_image,1g,4,sample,23,71.33385467529297,,,MIG-a9aaa9b9-3415-5b83-baab-d52b391db3ac,"2,58",
ampere,0,vit_base_image,1g,4,sample,24,71.3391342163086,,,MIG-a9aaa9b9-3415-5b83-baab-d52b391db3ac,"2,58",
ampere,0,vit_base_image,1g,4,sample,25,71.3388442993164,,,MIG-a9aaa9b9-3415-5b83-baab-d52b391db3ac,"2,58",
ampere,0,vit_base_image,1g,4,sample,26,71.34374237060547,,,MIG-a9aaa9b9-3415-5b83-baab-d52b391db3ac,"2,58",
ampere,0,vit_base_image,1g,4,sample,27,71.35359954833984,,,MIG-a9aaa9b9-3415-5b83-baab-d52b391db3ac,"2,58",
ampere,0,vit_base_image,1g,4,sample,28,71.4150390625,,,MIG-a9aaa9b9-3415-5b83-baab-d52b391db3ac,"2,58",
ampere,0,vit_base_image,1g,4,sample,29,71.333984375,,,MIG-a9aaa9b9-3415-5b83-baab-d52b391db3ac,"2,58",
ampere,0,vit_base_image,1g,4,sample,30,71.33631896972656,,,MIG-a9aaa9b9-3415-5b83-baab-d52b391db3ac,"2,58",
ampere,0,vit_base_image,1g,4,sample,31,71.37177276611328,,,MIG-a9aaa9b9-3415-5b83-baab-d52b391db3ac,"2,58",
ampere,0,vit_base_image,1g,4,sample,32,71.35600280761719,,,MIG-a9aaa9b9-3415-5b83-baab-d52b391db3ac,"2,58",
ampere,0,vit_base_image,1g,4,sample,33,71.35135650634766,,,MIG-a9aaa9b9-3415-5b83-baab-d52b391db3ac,"2,58",
ampere,0,vit_base_image,1g,4,sample,34,71.36691284179688,,,MIG-a9aaa9b9-3415-5b83-baab-d52b391db3ac,"2,58",
ampere,0,vit_base_image,1g,4,sample,35,71.35209655761719,,,MIG-a9aaa9b9-3415-5b83-baab-d52b391db3ac,"2,58",
ampere,0,vit_base_image,1g,4,sample,36,71.3620834350586,,,MIG-a9aaa9b9-3415-5b83-baab-d52b391db3ac,"2,58",
ampere,0,vit_base_image,1g,4,sample,37,71.34435272216797,,,MIG-a9aaa9b9-3415-5b83-baab-d52b391db3ac,"2,58",
ampere,0,vit_base_image,1g,4,sample,38,71.3315200805664,,,MIG-a9aaa9b9-3415-5b83-baab-d52b391db3ac,"2,58",
ampere,0,vit_base_image,1g,4,sample,39,71.34947204589844,,,MIG-a9aaa9b9-3415-5b83-baab-d52b391db3ac,"2,58",
ampere,0,vit_base_image,1g,4,sample,40,71.33958435058594,,,MIG-a9aaa9b9-3415-5b83-baab-d52b391db3ac,"2,58",
ampere,0,vit_base_image,1g,4,sample,41,71.32902526855469,,,MIG-a9aaa9b9-3415-5b83-baab-d52b391db3ac,"2,58",
ampere,0,vit_base_image,1g,4,sample,42,71.34194946289062,,,MIG-a9aaa9b9-3415-5b83-baab-d52b391db3ac,"2,58",
ampere,0,vit_base_image,1g,4,sample,43,71.34953308105469,,,MIG-a9aaa9b9-3415-5b83-baab-d52b391db3ac,"2,58",
ampere,0,vit_base_image,1g,4,sample,44,71.35177612304688,,,MIG-a9aaa9b9-3415-5b83-baab-d52b391db3ac,"2,58",
ampere,0,vit_base_image,1g,4,sample,45,71.33261108398438,,,MIG-a9aaa9b9-3415-5b83-baab-d52b391db3ac,"2,58",
ampere,0,vit_base_image,1g,4,sample,46,71.4302749633789,,,MIG-a9aaa9b9-3415-5b83-baab-d52b391db3ac,"2,58",
ampere,0,vit_base_image,1g,4,sample,47,71.34540557861328,,,MIG-a9aaa9b9-3415-5b83-baab-d52b391db3ac,"2,58",
ampere,0,vit_base_image,1g,4,sample,48,71.33363342285156,,,MIG-a9aaa9b9-3415-5b83-baab-d52b391db3ac,"2,58",
ampere,0,vit_base_image,1g,4,sample,49,71.3380126953125,,,MIG-a9aaa9b9-3415-5b83-baab-d52b391db3ac,"2,58",
ampere,0,vit_base_image,1g,16,warmup,0,255.2151336669922,,,MIG-a9aaa9b9-3415-5b83-baab-d52b391db3ac,"2,58",
ampere,0,vit_base_image,1g,16,warmup,1,253.32240295410156,,,MIG-a9aaa9b9-3415-5b83-baab-d52b391db3ac,"2,58",
ampere,0,vit_base_image,1g,16,warmup,2,253.3047637939453,,,MIG-a9aaa9b9-3415-5b83-baab-d52b391db3ac,"2,58",
ampere,0,vit_base_image,1g,16,warmup,3,253.3282928466797,,,MIG-a9aaa9b9-3415-5b83-baab-d52b391db3ac,"2,58",
ampere,0,vit_base_image,1g,16,warmup,4,253.3382110595703,,,MIG-a9aaa9b9-3415-5b83-baab-d52b391db3ac,"2,58",
ampere,0,vit_base_image,1g,16,warmup,5,253.29434204101562,,,MIG-a9aaa9b9-3415-5b83-baab-d52b391db3ac,"2,58",
ampere,0,vit_base_image,1g,16,warmup,6,253.29017639160156,,,MIG-a9aaa9b9-3415-5b83-baab-d52b391db3ac,"2,58",
ampere,0,vit_base_image,1g,16,warmup,7,253.33453369140625,,,MIG-a9aaa9b9-3415-5b83-baab-d52b391db3ac,"2,58",
ampere,0,vit_base_image,1g,16,warmup,8,253.30181884765625,,,MIG-a9aaa9b9-3415-5b83-baab-d52b391db3ac,"2,58",
ampere,0,vit_base_image,1g,16,warmup,9,253.2998046875,,,MIG-a9aaa9b9-3415-5b83-baab-d52b391db3ac,"2,58",
ampere,0,vit_base_image,1g,16,sample,0,253.32550048828125,,,MIG-a9aaa9b9-3415-5b83-baab-d52b391db3ac,"2,58",
ampere,0,vit_base_image,1g,16,sample,1,253.36329650878906,,,MIG-a9aaa9b9-3415-5b83-baab-d52b391db3ac,"2,58",
ampere,0,vit_base_image,1g,16,sample,2,253.32476806640625,,,MIG-a9aaa9b9-3415-5b83-baab-d52b391db3ac,"2,58",
ampere,0,vit_base_image,1g,16,sample,3,253.30496215820312,,,MIG-a9aaa9b9-3415-5b83-baab-d52b391db3ac,"2,58",
ampere,0,vit_base_image,1g,16,sample,4,253.30764770507812,,,MIG-a9aaa9b9-3415-5b83-baab-d52b391db3ac,"2,58",
ampere,0,vit_base_image,1g,16,sample,5,253.32652282714844,,,MIG-a9aaa9b9-3415-5b83-baab-d52b391db3ac,"2,58",
ampere,0,vit_base_image,1g,16,sample,6,253.3304901123047,,,MIG-a9aaa9b9-3415-5b83-baab-d52b391db3ac,"2,58",
ampere,0,vit_base_image,1g,16,sample,7,253.30589294433594,,,MIG-a9aaa9b9-3415-5b83-baab-d52b391db3ac,"2,58",
ampere,0,vit_base_image,1g,16,sample,8,253.421630859375,,,MIG-a9aaa9b9-3415-5b83-baab-d52b391db3ac,"2,58",
ampere,0,vit_base_image,1g,16,sample,9,253.3408660888672,,,MIG-a9aaa9b9-3415-5b83-baab-d52b391db3ac,"2,58",
ampere,0,vit_base_image,1g,16,sample,10,253.31149291992188,,,MIG-a9aaa9b9-3415-5b83-baab-d52b391db3ac,"2,58",
ampere,0,vit_base_image,1g,16,sample,11,253.3041534423828,,,MIG-a9aaa9b9-3415-5b83-baab-d52b391db3ac,"2,58",
ampere,0,vit_base_image,1g,16,sample,12,253.30316162109375,,,MIG-a9aaa9b9-3415-5b83-baab-d52b391db3ac,"2,58",
ampere,0,vit_base_image,1g,16,sample,13,253.32960510253906,,,MIG-a9aaa9b9-3415-5b83-baab-d52b391db3ac,"2,58",
ampere,0,vit_base_image,1g,16,sample,14,253.2900848388672,,,MIG-a9aaa9b9-3415-5b83-baab-d52b391db3ac,"2,58",
ampere,0,vit_base_image,1g,16,sample,15,253.3500518798828,,,MIG-a9aaa9b9-3415-5b83-baab-d52b391db3ac,"2,58",
ampere,0,vit_base_image,1g,16,sample,16,253.32444763183594,,,MIG-a9aaa9b9-3415-5b83-baab-d52b391db3ac,"2,58",
ampere,0,vit_base_image,1g,16,sample,17,253.3125762939453,,,MIG-a9aaa9b9-3415-5b83-baab-d52b391db3ac,"2,58",
ampere,0,vit_base_image,1g,16,sample,18,253.30767822265625,,,MIG-a9aaa9b9-3415-5b83-baab-d52b391db3ac,"2,58",
ampere,0,vit_base_image,1g,16,sample,19,253.28976440429688,,,MIG-a9aaa9b9-3415-5b83-baab-d52b391db3ac,"2,58",
ampere,0,vit_base_image,1g,16,sample,20,253.33958435058594,,,MIG-a9aaa9b9-3415-5b83-baab-d52b391db3ac,"2,58",
ampere,0,vit_base_image,1g,16,sample,21,253.3023681640625,,,MIG-a9aaa9b9-3415-5b83-baab-d52b391db3ac,"2,58",
ampere,0,vit_base_image,1g,16,sample,22,253.3065643310547,,,MIG-a9aaa9b9-3415-5b83-baab-d52b391db3ac,"2,58",
ampere,0,vit_base_image,1g,16,sample,23,253.33900451660156,,,MIG-a9aaa9b9-3415-5b83-baab-d52b391db3ac,"2,58",
ampere,0,vit_base_image,1g,16,sample,24,253.3389129638672,,,MIG-a9aaa9b9-3415-5b83-baab-d52b391db3ac,"2,58",
ampere,0,vit_base_image,1g,16,sample,25,253.3066864013672,,,MIG-a9aaa9b9-3415-5b83-baab-d52b391db3ac,"2,58",
ampere,0,vit_base_image,1g,16,sample,26,253.29551696777344,,,MIG-a9aaa9b9-3415-5b83-baab-d52b391db3ac,"2,58",
ampere,0,vit_base_image,1g,16,sample,27,253.3008270263672,,,MIG-a9aaa9b9-3415-5b83-baab-d52b391db3ac,"2,58",
ampere,0,vit_base_image,1g,16,sample,28,253.31817626953125,,,MIG-a9aaa9b9-3415-5b83-baab-d52b391db3ac,"2,58",
ampere,0,vit_base_image,1g,16,sample,29,253.3104248046875,,,MIG-a9aaa9b9-3415-5b83-baab-d52b391db3ac,"2,58",
ampere,0,vit_base_image,1g,16,sample,30,253.28311157226562,,,MIG-a9aaa9b9-3415-5b83-baab-d52b391db3ac,"2,58",
ampere,0,vit_base_image,1g,16,sample,31,253.2923583984375,,,MIG-a9aaa9b9-3415-5b83-baab-d52b391db3ac,"2,58",
ampere,0,vit_base_image,1g,16,sample,32,253.41664123535156,,,MIG-a9aaa9b9-3415-5b83-baab-d52b391db3ac,"2,58",
ampere,0,vit_base_image,1g,16,sample,33,253.3501434326172,,,MIG-a9aaa9b9-3415-5b83-baab-d52b391db3ac,"2,58",
ampere,0,vit_base_image,1g,16,sample,34,253.3272247314453,,,MIG-a9aaa9b9-3415-5b83-baab-d52b391db3ac,"2,58",
ampere,0,vit_base_image,1g,16,sample,35,253.30650329589844,,,MIG-a9aaa9b9-3415-5b83-baab-d52b391db3ac,"2,58",
ampere,0,vit_base_image,1g,16,sample,36,253.2896270751953,,,MIG-a9aaa9b9-3415-5b83-baab-d52b391db3ac,"2,58",
ampere,0,vit_base_image,1g,16,sample,37,253.29490661621094,,,MIG-a9aaa9b9-3415-5b83-baab-d52b391db3ac,"2,58",
ampere,0,vit_base_image,1g,16,sample,38,253.27369689941406,,,MIG-a9aaa9b9-3415-5b83-baab-d52b391db3ac,"2,58",
ampere,0,vit_base_image,1g,16,sample,39,253.2776641845703,,,MIG-a9aaa9b9-3415-5b83-baab-d52b391db3ac,"2,58",
ampere,0,vit_base_image,1g,16,sample,40,253.32162475585938,,,MIG-a9aaa9b9-3415-5b83-baab-d52b391db3ac,"2,58",
ampere,0,vit_base_image,1g,16,sample,41,253.35702514648438,,,MIG-a9aaa9b9-3415-5b83-baab-d52b391db3ac,"2,58",
ampere,0,vit_base_image,1g,16,sample,42,253.29168701171875,,,MIG-a9aaa9b9-3415-5b83-baab-d52b391db3ac,"2,58",
ampere,0,vit_base_image,1g,16,sample,43,253.28810119628906,,,MIG-a9aaa9b9-3415-5b83-baab-d52b391db3ac,"2,58",
ampere,0,vit_base_image,1g,16,sample,44,253.35414123535156,,,MIG-a9aaa9b9-3415-5b83-baab-d52b391db3ac,"2,58",
ampere,0,vit_base_image,1g,16,sample,45,253.3750457763672,,,MIG-a9aaa9b9-3415-5b83-baab-d52b391db3ac,"2,58",
ampere,0,vit_base_image,1g,16,sample,46,253.32467651367188,,,MIG-a9aaa9b9-3415-5b83-baab-d52b391db3ac,"2,58",
ampere,0,vit_base_image,1g,16,sample,47,253.29884338378906,,,MIG-a9aaa9b9-3415-5b83-baab-d52b391db3ac,"2,58",
ampere,0,vit_base_image,1g,16,sample,48,253.35308837890625,,,MIG-a9aaa9b9-3415-5b83-baab-d52b391db3ac,"2,58",
ampere,0,vit_base_image,1g,16,sample,49,253.30995178222656,,,MIG-a9aaa9b9-3415-5b83-baab-d52b391db3ac,"2,58",
ampere,0,vit_base_image,1g,32,warmup,0,501.2268371582031,,,MIG-a9aaa9b9-3415-5b83-baab-d52b391db3ac,"2,58",
ampere,0,vit_base_image,1g,32,warmup,1,499.574951171875,,,MIG-a9aaa9b9-3415-5b83-baab-d52b391db3ac,"2,58",
ampere,0,vit_base_image,1g,32,warmup,2,499.4956970214844,,,MIG-a9aaa9b9-3415-5b83-baab-d52b391db3ac,"2,58",
ampere,0,vit_base_image,1g,32,warmup,3,499.53857421875,,,MIG-a9aaa9b9-3415-5b83-baab-d52b391db3ac,"2,58",
ampere,0,vit_base_image,1g,32,warmup,4,499.6332092285156,,,MIG-a9aaa9b9-3415-5b83-baab-d52b391db3ac,"2,58",
ampere,0,vit_base_image,1g,32,warmup,5,499.49151611328125,,,MIG-a9aaa9b9-3415-5b83-baab-d52b391db3ac,"2,58",
ampere,0,vit_base_image,1g,32,warmup,6,499.6529541015625,,,MIG-a9aaa9b9-3415-5b83-baab-d52b391db3ac,"2,58",
ampere,0,vit_base_image,1g,32,warmup,7,499.6494445800781,,,MIG-a9aaa9b9-3415-5b83-baab-d52b391db3ac,"2,58",
ampere,0,vit_base_image,1g,32,warmup,8,499.5628662109375,,,MIG-a9aaa9b9-3415-5b83-baab-d52b391db3ac,"2,58",
ampere,0,vit_base_image,1g,32,warmup,9,499.47418212890625,,,MIG-a9aaa9b9-3415-5b83-baab-d52b391db3ac,"2,58",
ampere,0,vit_base_image,1g,32,sample,0,499.5854797363281,,,MIG-a9aaa9b9-3415-5b83-baab-d52b391db3ac,"2,58",
ampere,0,vit_base_image,1g,32,sample,1,499.4935607910156,,,MIG-a9aaa9b9-3415-5b83-baab-d52b391db3ac,"2,58",
ampere,0,vit_base_image,1g,32,sample,2,499.5226135253906,,,MIG-a9aaa9b9-3415-5b83-baab-d52b391db3ac,"2,58",
ampere,0,vit_base_image,1g,32,sample,3,499.5267028808594,,,MIG-a9aaa9b9-3415-5b83-baab-d52b391db3ac,"2,58",
ampere,0,vit_base_image,1g,32,sample,4,499.583740234375,,,MIG-a9aaa9b9-3415-5b83-baab-d52b391db3ac,"2,58",
ampere,0,vit_base_image,1g,32,sample,5,499.4654846191406,,,MIG-a9aaa9b9-3415-5b83-baab-d52b391db3ac,"2,58",
ampere,0,vit_base_image,1g,32,sample,6,499.5157165527344,,,MIG-a9aaa9b9-3415-5b83-baab-d52b391db3ac,"2,58",
ampere,0,vit_base_image,1g,32,sample,7,499.5469970703125,,,MIG-a9aaa9b9-3415-5b83-baab-d52b391db3ac,"2,58",
ampere,0,vit_base_image,1g,32,sample,8,499.62115478515625,,,MIG-a9aaa9b9-3415-5b83-baab-d52b391db3ac,"2,58",
ampere,0,vit_base_image,1g,32,sample,9,499.5083312988281,,,MIG-a9aaa9b9-3415-5b83-baab-d52b391db3ac,"2,58",
ampere,0,vit_base_image,1g,32,sample,10,499.5941162109375,,,MIG-a9aaa9b9-3415-5b83-baab-d52b391db3ac,"2,58",
ampere,0,vit_base_image,1g,32,sample,11,499.4716796875,,,MIG-a9aaa9b9-3415-5b83-baab-d52b391db3ac,"2,58",
ampere,0,vit_base_image,1g,32,sample,12,499.6216735839844,,,MIG-a9aaa9b9-3415-5b83-baab-d52b391db3ac,"2,58",
ampere,0,vit_base_image,1g,32,sample,13,499.5548095703125,,,MIG-a9aaa9b9-3415-5b83-baab-d52b391db3ac,"2,58",
ampere,0,vit_base_image,1g,32,sample,14,499.5621337890625,,,MIG-a9aaa9b9-3415-5b83-baab-d52b391db3ac,"2,58",
ampere,0,vit_base_image,1g,32,sample,15,499.38116455078125,,,MIG-a9aaa9b9-3415-5b83-baab-d52b391db3ac,"2,58",
ampere,0,vit_base_image,1g,32,sample,16,499.45367431640625,,,MIG-a9aaa9b9-3415-5b83-baab-d52b391db3ac,"2,58",
ampere,0,vit_base_image,1g,32,sample,17,499.5119934082031,,,MIG-a9aaa9b9-3415-5b83-baab-d52b391db3ac,"2,58",
ampere,0,vit_base_image,1g,32,sample,18,499.521728515625,,,MIG-a9aaa9b9-3415-5b83-baab-d52b391db3ac,"2,58",
ampere,0,vit_base_image,1g,32,sample,19,499.4793701171875,,,MIG-a9aaa9b9-3415-5b83-baab-d52b391db3ac,"2,58",
ampere,0,vit_base_image,1g,32,sample,20,499.51776123046875,,,MIG-a9aaa9b9-3415-5b83-baab-d52b391db3ac,"2,58",
ampere,0,vit_base_image,1g,32,sample,21,499.5577697753906,,,MIG-a9aaa9b9-3415-5b83-baab-d52b391db3ac,"2,58",
ampere,0,vit_base_image,1g,32,sample,22,499.45599365234375,,,MIG-a9aaa9b9-3415-5b83-baab-d52b391db3ac,"2,58",
ampere,0,vit_base_image,1g,32,sample,23,499.4554443359375,,,MIG-a9aaa9b9-3415-5b83-baab-d52b391db3ac,"2,58",
ampere,0,vit_base_image,1g,32,sample,24,499.51055908203125,,,MIG-a9aaa9b9-3415-5b83-baab-d52b391db3ac,"2,58",
ampere,0,vit_base_image,1g,32,sample,25,499.5914611816406,,,MIG-a9aaa9b9-3415-5b83-baab-d52b391db3ac,"2,58",
ampere,0,vit_base_image,1g,32,sample,26,499.55767822265625,,,MIG-a9aaa9b9-3415-5b83-baab-d52b391db3ac,"2,58",
ampere,0,vit_base_image,1g,32,sample,27,499.48370361328125,,,MIG-a9aaa9b9-3415-5b83-baab-d52b391db3ac,"2,58",
ampere,0,vit_base_image,1g,32,sample,28,499.69659423828125,,,MIG-a9aaa9b9-3415-5b83-baab-d52b391db3ac,"2,58",
ampere,0,vit_base_image,1g,32,sample,29,499.5474853515625,,,MIG-a9aaa9b9-3415-5b83-baab-d52b391db3ac,"2,58",
ampere,0,vit_base_image,1g,32,sample,30,499.56781005859375,,,MIG-a9aaa9b9-3415-5b83-baab-d52b391db3ac,"2,58",
ampere,0,vit_base_image,1g,32,sample,31,499.44146728515625,,,MIG-a9aaa9b9-3415-5b83-baab-d52b391db3ac,"2,58",
ampere,0,vit_base_image,1g,32,sample,32,499.6504211425781,,,MIG-a9aaa9b9-3415-5b83-baab-d52b391db3ac,"2,58",
ampere,0,vit_base_image,1g,32,sample,33,499.4913635253906,,,MIG-a9aaa9b9-3415-5b83-baab-d52b391db3ac,"2,58",
ampere,0,vit_base_image,1g,32,sample,34,499.5906066894531,,,MIG-a9aaa9b9-3415-5b83-baab-d52b391db3ac,"2,58",
ampere,0,vit_base_image,1g,32,sample,35,499.5594482421875,,,MIG-a9aaa9b9-3415-5b83-baab-d52b391db3ac,"2,58",
ampere,0,vit_base_image,1g,32,sample,36,499.5702819824219,,,MIG-a9aaa9b9-3415-5b83-baab-d52b391db3ac,"2,58",
ampere,0,vit_base_image,1g,32,sample,37,499.5641174316406,,,MIG-a9aaa9b9-3415-5b83-baab-d52b391db3ac,"2,58",
ampere,0,vit_base_image,1g,32,sample,38,499.58123779296875,,,MIG-a9aaa9b9-3415-5b83-baab-d52b391db3ac,"2,58",
ampere,0,vit_base_image,1g,32,sample,39,499.55487060546875,,,MIG-a9aaa9b9-3415-5b83-baab-d52b391db3ac,"2,58",
ampere,0,vit_base_image,1g,32,sample,40,499.617919921875,,,MIG-a9aaa9b9-3415-5b83-baab-d52b391db3ac,"2,58",
ampere,0,vit_base_image,1g,32,sample,41,499.542236328125,,,MIG-a9aaa9b9-3415-5b83-baab-d52b391db3ac,"2,58",
ampere,0,vit_base_image,1g,32,sample,42,499.5047302246094,,,MIG-a9aaa9b9-3415-5b83-baab-d52b391db3ac,"2,58",
ampere,0,vit_base_image,1g,32,sample,43,499.5140380859375,,,MIG-a9aaa9b9-3415-5b83-baab-d52b391db3ac,"2,58",
ampere,0,vit_base_image,1g,32,sample,44,499.7663879394531,,,MIG-a9aaa9b9-3415-5b83-baab-d52b391db3ac,"2,58",
ampere,0,vit_base_image,1g,32,sample,45,499.50958251953125,,,MIG-a9aaa9b9-3415-5b83-baab-d52b391db3ac,"2,58",
ampere,0,vit_base_image,1g,32,sample,46,499.617919921875,,,MIG-a9aaa9b9-3415-5b83-baab-d52b391db3ac,"2,58",
ampere,0,vit_base_image,1g,32,sample,47,499.50885009765625,,,MIG-a9aaa9b9-3415-5b83-baab-d52b391db3ac,"2,58",
ampere,0,vit_base_image,1g,32,sample,48,499.5928039550781,,,MIG-a9aaa9b9-3415-5b83-baab-d52b391db3ac,"2,58",
ampere,0,vit_base_image,1g,32,sample,49,499.5176696777344,,,MIG-a9aaa9b9-3415-5b83-baab-d52b391db3ac,"2,58",
ampere,0,vit_base_image,1g,64,warmup,0,983.0116577148438,,,MIG-a9aaa9b9-3415-5b83-baab-d52b391db3ac,"2,58",
ampere,0,vit_base_image,1g,64,warmup,1,981.610107421875,,,MIG-a9aaa9b9-3415-5b83-baab-d52b391db3ac,"2,58",
ampere,0,vit_base_image,1g,64,warmup,2,981.804443359375,,,MIG-a9aaa9b9-3415-5b83-baab-d52b391db3ac,"2,58",
ampere,0,vit_base_image,1g,64,warmup,3,981.5189208984375,,,MIG-a9aaa9b9-3415-5b83-baab-d52b391db3ac,"2,58",
ampere,0,vit_base_image,1g,64,warmup,4,981.5761108398438,,,MIG-a9aaa9b9-3415-5b83-baab-d52b391db3ac,"2,58",
ampere,0,vit_base_image,1g,64,warmup,5,981.479248046875,,,MIG-a9aaa9b9-3415-5b83-baab-d52b391db3ac,"2,58",
ampere,0,vit_base_image,1g,64,warmup,6,981.6158447265625,,,MIG-a9aaa9b9-3415-5b83-baab-d52b391db3ac,"2,58",
ampere,0,vit_base_image,1g,64,warmup,7,981.52392578125,,,MIG-a9aaa9b9-3415-5b83-baab-d52b391db3ac,"2,58",
ampere,0,vit_base_image,1g,64,warmup,8,981.634033203125,,,MIG-a9aaa9b9-3415-5b83-baab-d52b391db3ac,"2,58",
ampere,0,vit_base_image,1g,64,warmup,9,981.3474731445312,,,MIG-a9aaa9b9-3415-5b83-baab-d52b391db3ac,"2,58",
ampere,0,vit_base_image,1g,64,sample,0,981.611328125,,,MIG-a9aaa9b9-3415-5b83-baab-d52b391db3ac,"2,58",
ampere,0,vit_base_image,1g,64,sample,1,981.512451171875,,,MIG-a9aaa9b9-3415-5b83-baab-d52b391db3ac,"2,58",
ampere,0,vit_base_image,1g,64,sample,2,981.6237182617188,,,MIG-a9aaa9b9-3415-5b83-baab-d52b391db3ac,"2,58",
ampere,0,vit_base_image,1g,64,sample,3,981.6358032226562,,,MIG-a9aaa9b9-3415-5b83-baab-d52b391db3ac,"2,58",
ampere,0,vit_base_image,1g,64,sample,4,981.6093139648438,,,MIG-a9aaa9b9-3415-5b83-baab-d52b391db3ac,"2,58",
ampere,0,vit_base_image,1g,64,sample,5,981.711181640625,,,MIG-a9aaa9b9-3415-5b83-baab-d52b391db3ac,"2,58",
ampere,0,vit_base_image,1g,64,sample,6,981.7706298828125,,,MIG-a9aaa9b9-3415-5b83-baab-d52b391db3ac,"2,58",
ampere,0,vit_base_image,1g,64,sample,7,981.5406494140625,,,MIG-a9aaa9b9-3415-5b83-baab-d52b391db3ac,"2,58",
ampere,0,vit_base_image,1g,64,sample,8,981.7764282226562,,,MIG-a9aaa9b9-3415-5b83-baab-d52b391db3ac,"2,58",
ampere,0,vit_base_image,1g,64,sample,9,981.5860595703125,,,MIG-a9aaa9b9-3415-5b83-baab-d52b391db3ac,"2,58",
ampere,0,vit_base_image,1g,64,sample,10,981.6798095703125,,,MIG-a9aaa9b9-3415-5b83-baab-d52b391db3ac,"2,58",
ampere,0,vit_base_image,1g,64,sample,11,981.6148681640625,,,MIG-a9aaa9b9-3415-5b83-baab-d52b391db3ac,"2,58",
ampere,0,vit_base_image,1g,64,sample,12,981.6560668945312,,,MIG-a9aaa9b9-3415-5b83-baab-d52b391db3ac,"2,58",
ampere,0,vit_base_image,1g,64,sample,13,981.6876831054688,,,MIG-a9aaa9b9-3415-5b83-baab-d52b391db3ac,"2,58",
ampere,0,vit_base_image,1g,64,sample,14,981.5090942382812,,,MIG-a9aaa9b9-3415-5b83-baab-d52b391db3ac,"2,58",
ampere,0,vit_base_image,1g,64,sample,15,981.4737548828125,,,MIG-a9aaa9b9-3415-5b83-baab-d52b391db3ac,"2,58",
ampere,0,vit_base_image,1g,64,sample,16,981.6038208007812,,,MIG-a9aaa9b9-3415-5b83-baab-d52b391db3ac,"2,58",
ampere,0,vit_base_image,1g,64,sample,17,981.6275634765625,,,MIG-a9aaa9b9-3415-5b83-baab-d52b391db3ac,"2,58",
ampere,0,vit_base_image,1g,64,sample,18,981.6077270507812,,,MIG-a9aaa9b9-3415-5b83-baab-d52b391db3ac,"2,58",
ampere,0,vit_base_image,1g,64,sample,19,981.4821166992188,,,MIG-a9aaa9b9-3415-5b83-baab-d52b391db3ac,"2,58",
ampere,0,vit_base_image,1g,64,sample,20,981.68603515625,,,MIG-a9aaa9b9-3415-5b83-baab-d52b391db3ac,"2,58",
ampere,0,vit_base_image,1g,64,sample,21,981.6414184570312,,,MIG-a9aaa9b9-3415-5b83-baab-d52b391db3ac,"2,58",
ampere,0,vit_base_image,1g,64,sample,22,981.6658325195312,,,MIG-a9aaa9b9-3415-5b83-baab-d52b391db3ac,"2,58",
ampere,0,vit_base_image,1g,64,sample,23,981.4971313476562,,,MIG-a9aaa9b9-3415-5b83-baab-d52b391db3ac,"2,58",
ampere,0,vit_base_image,1g,64,sample,24,981.6975708007812,,,MIG-a9aaa9b9-3415-5b83-baab-d52b391db3ac,"2,58",
ampere,0,vit_base_image,1g,64,sample,25,981.6813354492188,,,MIG-a9aaa9b9-3415-5b83-baab-d52b391db3ac,"2,58",
ampere,0,vit_base_image,1g,64,sample,26,981.6724853515625,,,MIG-a9aaa9b9-3415-5b83-baab-d52b391db3ac,"2,58",
ampere,0,vit_base_image,1g,64,sample,27,981.65380859375,,,MIG-a9aaa9b9-3415-5b83-baab-d52b391db3ac,"2,58",
ampere,0,vit_base_image,1g,64,sample,28,981.8526611328125,,,MIG-a9aaa9b9-3415-5b83-baab-d52b391db3ac,"2,58",
ampere,0,vit_base_image,1g,64,sample,29,981.7106323242188,,,MIG-a9aaa9b9-3415-5b83-baab-d52b391db3ac,"2,58",
ampere,0,vit_base_image,1g,64,sample,30,981.8340454101562,,,MIG-a9aaa9b9-3415-5b83-baab-d52b391db3ac,"2,58",
ampere,0,vit_base_image,1g,64,sample,31,981.5407104492188,,,MIG-a9aaa9b9-3415-5b83-baab-d52b391db3ac,"2,58",
ampere,0,vit_base_image,1g,64,sample,32,981.6416625976562,,,MIG-a9aaa9b9-3415-5b83-baab-d52b391db3ac,"2,58",
ampere,0,vit_base_image,1g,64,sample,33,981.5297241210938,,,MIG-a9aaa9b9-3415-5b83-baab-d52b391db3ac,"2,58",
ampere,0,vit_base_image,1g,64,sample,34,981.7337036132812,,,MIG-a9aaa9b9-3415-5b83-baab-d52b391db3ac,"2,58",
ampere,0,vit_base_image,1g,64,sample,35,981.5133056640625,,,MIG-a9aaa9b9-3415-5b83-baab-d52b391db3ac,"2,58",
ampere,0,vit_base_image,1g,64,sample,36,981.6458129882812,,,MIG-a9aaa9b9-3415-5b83-baab-d52b391db3ac,"2,58",
ampere,0,vit_base_image,1g,64,sample,37,981.6889038085938,,,MIG-a9aaa9b9-3415-5b83-baab-d52b391db3ac,"2,58",
ampere,0,vit_base_image,1g,64,sample,38,981.6380615234375,,,MIG-a9aaa9b9-3415-5b83-baab-d52b391db3ac,"2,58",
ampere,0,vit_base_image,1g,64,sample,39,981.58642578125,,,MIG-a9aaa9b9-3415-5b83-baab-d52b391db3ac,"2,58",
ampere,0,vit_base_image,1g,64,sample,40,981.7374877929688,,,MIG-a9aaa9b9-3415-5b83-baab-d52b391db3ac,"2,58",
ampere,0,vit_base_image,1g,64,sample,41,981.7318115234375,,,MIG-a9aaa9b9-3415-5b83-baab-d52b391db3ac,"2,58",
ampere,0,vit_base_image,1g,64,sample,42,981.5667724609375,,,MIG-a9aaa9b9-3415-5b83-baab-d52b391db3ac,"2,58",
ampere,0,vit_base_image,1g,64,sample,43,981.5208129882812,,,MIG-a9aaa9b9-3415-5b83-baab-d52b391db3ac,"2,58",
ampere,0,vit_base_image,1g,64,sample,44,981.73486328125,,,MIG-a9aaa9b9-3415-5b83-baab-d52b391db3ac,"2,58",
ampere,0,vit_base_image,1g,64,sample,45,981.5321044921875,,,MIG-a9aaa9b9-3415-5b83-baab-d52b391db3ac,"2,58",
ampere,0,vit_base_image,1g,64,sample,46,981.7125244140625,,,MIG-a9aaa9b9-3415-5b83-baab-d52b391db3ac,"2,58",
ampere,0,vit_base_image,1g,64,sample,47,981.580078125,,,MIG-a9aaa9b9-3415-5b83-baab-d52b391db3ac,"2,58",
ampere,0,vit_base_image,1g,64,sample,48,981.528564453125,,,MIG-a9aaa9b9-3415-5b83-baab-d52b391db3ac,"2,58",
ampere,0,vit_base_image,1g,64,sample,49,981.5450439453125,,,MIG-a9aaa9b9-3415-5b83-baab-d52b391db3ac,"2,58",
ampere,0,gpt2_p512_o512,2g,1,warmup,0,5209.32080078125,22.123807907104492,10.151070436152926,MIG-cade9db1-1a5a-5d9c-8368-68caf14f4282,"2,58",
ampere,0,gpt2_p512_o512,2g,1,sample,0,5192.6796875,17.194175720214844,10.128151686457505,MIG-cade9db1-1a5a-5d9c-8368-68caf14f4282,"2,58",
ampere,0,gpt2_p512_o512,2g,1,sample,1,5180.26611328125,16.902591705322266,10.104429592125102,MIG-cade9db1-1a5a-5d9c-8368-68caf14f4282,"2,58",
ampere,0,gpt2_p512_o512,2g,1,sample,2,5188.5859375,16.909311294555664,10.120697898640792,MIG-cade9db1-1a5a-5d9c-8368-68caf14f4282,"2,58",
ampere,0,gpt2_p512_o512,2g,1,sample,3,5188.615234375,15.881823539733887,10.122765970323417,MIG-cade9db1-1a5a-5d9c-8368-68caf14f4282,"2,58",
ampere,0,gpt2_p512_o512,2g,1,sample,4,5173.39599609375,16.716703414916992,10.091348909351924,MIG-cade9db1-1a5a-5d9c-8368-68caf14f4282,"2,58",
ampere,0,gpt2_p512_o512,2g,1,sample,5,5201.50537109375,15.97766399383545,10.147803732093767,MIG-cade9db1-1a5a-5d9c-8368-68caf14f4282,"2,58",
ampere,0,gpt2_p512_o512,2g,1,sample,6,5163.55517578125,15.705344200134277,10.07407012051099,MIG-cade9db1-1a5a-5d9c-8368-68caf14f4282,"2,58",
ampere,0,gpt2_p512_o512,2g,1,sample,7,5169.17724609375,16.894336700439453,10.08274541955638,MIG-cade9db1-1a5a-5d9c-8368-68caf14f4282,"2,58",
ampere,0,gpt2_p512_o512,2g,1,sample,8,5178.02197265625,16.656320571899414,10.100519867092663,MIG-cade9db1-1a5a-5d9c-8368-68caf14f4282,"2,58",
ampere,0,gpt2_p512_o512,2g,1,sample,9,5177.8056640625,15.703807830810547,10.101960579709765,MIG-cade9db1-1a5a-5d9c-8368-68caf14f4282,"2,58",
ampere,0,gpt2_p64_o64,2g,1,warmup,0,646.5007934570312,20.140256881713867,9.942230739290752,MIG-cade9db1-1a5a-5d9c-8368-68caf14f4282,"2,58",
ampere,0,gpt2_p64_o64,2g,1,sample,0,638.6954345703125,12.626399993896484,9.937603723435174,MIG-cade9db1-1a5a-5d9c-8368-68caf14f4282,"2,58",
ampere,0,gpt2_p64_o64,2g,1,sample,1,635.3858032226562,11.059871673583984,9.909935421413845,MIG-cade9db1-1a5a-5d9c-8368-68caf14f4282,"2,58",
ampere,0,gpt2_p64_o64,2g,1,sample,2,645.5591430664062,11.0382719039917,10.071759859720865,MIG-cade9db1-1a5a-5d9c-8368-68caf14f4282,"2,58",
ampere,0,gpt2_p64_o64,2g,1,sample,3,636.8881225585938,11.202112197875977,9.931523973979647,MIG-cade9db1-1a5a-5d9c-8368-68caf14f4282,"2,58",
ampere,0,gpt2_p64_o64,2g,1,sample,4,646.2627563476562,19.802207946777344,9.94381822858538,MIG-cade9db1-1a5a-5d9c-8368-68caf14f4282,"2,58",
ampere,0,gpt2_p64_o64,2g,1,sample,5,635.250244140625,11.093088150024414,9.907256444295248,MIG-cade9db1-1a5a-5d9c-8368-68caf14f4282,"2,58",
ampere,0,gpt2_p64_o64,2g,1,sample,6,638.3265991210938,12.539648056030273,9.93312620738196,MIG-cade9db1-1a5a-5d9c-8368-68caf14f4282,"2,58",
ampere,0,gpt2_p64_o64,2g,1,sample,7,635.8722534179688,11.131360054016113,9.916522116888137,MIG-cade9db1-1a5a-5d9c-8368-68caf14f4282,"2,58",
ampere,0,gpt2_p64_o64,2g,1,sample,8,635.2155151367188,11.029727935791016,9.907710907951234,MIG-cade9db1-1a5a-5d9c-8368-68caf14f4282,"2,58",
ampere,0,gpt2_p64_o64,2g,1,sample,9,636.4827270507812,11.048319816589355,9.9275302735586,MIG-cade9db1-1a5a-5d9c-8368-68caf14f4282,"2,58",
ampere,0,llama_p1024_o128,2g,1,warmup,0,3810.655029296875,145.38153076171875,28.860421248308317,MIG-cade9db1-1a5a-5d9c-8368-68caf14f4282,"2,58",
ampere,0,llama_p1024_o128,2g,1,sample,0,3803.024169921875,141.91087341308594,28.827663752037708,MIG-cade9db1-1a5a-5d9c-8368-68caf14f4282,"2,58",
ampere,0,llama_p1024_o128,2g,1,sample,1,3804.326904296875,141.0010528564453,28.84508544441283,MIG-cade9db1-1a5a-5d9c-8368-68caf14f4282,"2,58",
ampere,0,llama_p1024_o128,2g,1,sample,2,3801.86376953125,141.10330200195312,28.824885571096825,MIG-cade9db1-1a5a-5d9c-8368-68caf14f4282,"2,58",
ampere,0,llama_p1024_o128,2g,1,sample,3,3804.63720703125,141.3771209716797,28.84456760676827,MIG-cade9db1-1a5a-5d9c-8368-68caf14f4282,"2,58",
ampere,0,llama_p1024_o128,2g,1,sample,4,3801.301025390625,141.14866638183594,28.820097315029834,MIG-cade9db1-1a5a-5d9c-8368-68caf14f4282,"2,58",
ampere,0,llama_p1024_o128,2g,1,sample,5,3806.83544921875,141.5109405517578,28.8608229028897,MIG-cade9db1-1a5a-5d9c-8368-68caf14f4282,"2,58",
ampere,0,llama_p1024_o128,2g,1,sample,6,3803.353759765625,141.08233642578125,28.83678286094365,MIG-cade9db1-1a5a-5d9c-8368-68caf14f4282,"2,58",
ampere,0,llama_p1024_o128,2g,1,sample,7,3801.63134765625,141.43624877929688,28.820433849424827,MIG-cade9db1-1a5a-5d9c-8368-68caf14f4282,"2,58",
ampere,0,llama_p1024_o128,2g,1,sample,8,3801.304931640625,141.23638916015625,28.819437342365894,MIG-cade9db1-1a5a-5d9c-8368-68caf14f4282,"2,58",
ampere,0,llama_p1024_o128,2g,1,sample,9,3801.846923828125,141.42105102539062,28.822250966950666,MIG-cade9db1-1a5a-5d9c-8368-68caf14f4282,"2,58",
ampere,0,llama_p2048_o64,2g,1,warmup,0,2404.1923828125,293.97943115234375,33.49544367714534,MIG-cade9db1-1a5a-5d9c-8368-68caf14f4282,"2,58",
ampere,0,llama_p2048_o64,2g,1,sample,0,2398.3623046875,289.9740295410156,33.46648055788071,MIG-cade9db1-1a5a-5d9c-8368-68caf14f4282,"2,58",
ampere,0,llama_p2048_o64,2g,1,sample,1,2396.736572265625,289.9188537597656,33.44155108739459,MIG-cade9db1-1a5a-5d9c-8368-68caf14f4282,"2,58",
ampere,0,llama_p2048_o64,2g,1,sample,2,2398.130126953125,289.8660583496094,33.46450902545263,MIG-cade9db1-1a5a-5d9c-8368-68caf14f4282,"2,58",
ampere,0,llama_p2048_o64,2g,1,sample,3,2397.0390625,290.0104675292969,33.444898332868306,MIG-cade9db1-1a5a-5d9c-8368-68caf14f4282,"2,58",
ampere,0,llama_p2048_o64,2g,1,sample,4,2397.0400390625,289.83306884765625,33.4477296859499,MIG-cade9db1-1a5a-5d9c-8368-68caf14f4282,"2,58",
ampere,0,llama_p2048_o64,2g,1,sample,5,2397.38427734375,290.39556884765625,33.44426521422371,MIG-cade9db1-1a5a-5d9c-8368-68caf14f4282,"2,58",
ampere,0,llama_p2048_o64,2g,1,sample,6,2398.514404296875,289.8346252441406,33.47110760401166,MIG-cade9db1-1a5a-5d9c-8368-68caf14f4282,"2,58",
ampere,0,llama_p2048_o64,2g,1,sample,7,2397.567138671875,290.4998779296875,33.445512075272816,MIG-cade9db1-1a5a-5d9c-8368-68caf14f4282,"2,58",
ampere,0,llama_p2048_o64,2g,1,sample,8,2397.434326171875,290.310302734375,33.446413070436506,MIG-cade9db1-1a5a-5d9c-8368-68caf14f4282,"2,58",
ampere,0,llama_p2048_o64,2g,1,sample,9,2396.513671875,289.84674072265625,33.43915763733879,MIG-cade9db1-1a5a-5d9c-8368-68caf14f4282,"2,58",
ampere,0,resnet50_image,2g,1,warmup,0,11.291487693786621,,,MIG-cade9db1-1a5a-5d9c-8368-68caf14f4282,"2,58",
ampere,0,resnet50_image,2g,1,warmup,1,4.383359909057617,,,MIG-cade9db1-1a5a-5d9c-8368-68caf14f4282,"2,58",
ampere,0,resnet50_image,2g,1,warmup,2,4.252768039703369,,,MIG-cade9db1-1a5a-5d9c-8368-68caf14f4282,"2,58",
ampere,0,resnet50_image,2g,1,warmup,3,4.2290239334106445,,,MIG-cade9db1-1a5a-5d9c-8368-68caf14f4282,"2,58",
ampere,0,resnet50_image,2g,1,warmup,4,4.260447978973389,,,MIG-cade9db1-1a5a-5d9c-8368-68caf14f4282,"2,58",
ampere,0,resnet50_image,2g,1,warmup,5,4.2323198318481445,,,MIG-cade9db1-1a5a-5d9c-8368-68caf14f4282,"2,58",
ampere,0,resnet50_image,2g,1,warmup,6,4.251711845397949,,,MIG-cade9db1-1a5a-5d9c-8368-68caf14f4282,"2,58",
ampere,0,resnet50_image,2g,1,warmup,7,4.240352153778076,,,MIG-cade9db1-1a5a-5d9c-8368-68caf14f4282,"2,58",
ampere,0,resnet50_image,2g,1,warmup,8,4.144063949584961,,,MIG-cade9db1-1a5a-5d9c-8368-68caf14f4282,"2,58",
ampere,0,resnet50_image,2g,1,warmup,9,4.2217278480529785,,,MIG-cade9db1-1a5a-5d9c-8368-68caf14f4282,"2,58",
ampere,0,resnet50_image,2g,1,sample,0,4.431647777557373,,,MIG-cade9db1-1a5a-5d9c-8368-68caf14f4282,"2,58",
ampere,0,resnet50_image,2g,1,sample,1,4.146975994110107,,,MIG-cade9db1-1a5a-5d9c-8368-68caf14f4282,"2,58",
ampere,0,resnet50_image,2g,1,sample,2,4.213503837585449,,,MIG-cade9db1-1a5a-5d9c-8368-68caf14f4282,"2,58",
ampere,0,resnet50_image,2g,1,sample,3,4.1615681648254395,,,MIG-cade9db1-1a5a-5d9c-8368-68caf14f4282,"2,58",
ampere,0,resnet50_image,2g,1,sample,4,4.2017598152160645,,,MIG-cade9db1-1a5a-5d9c-8368-68caf14f4282,"2,58",
ampere,0,resnet50_image,2g,1,sample,5,4.223904132843018,,,MIG-cade9db1-1a5a-5d9c-8368-68caf14f4282,"2,58",
ampere,0,resnet50_image,2g,1,sample,6,4.2008957862854,,,MIG-cade9db1-1a5a-5d9c-8368-68caf14f4282,"2,58",
ampere,0,resnet50_image,2g,1,sample,7,4.1526079177856445,,,MIG-cade9db1-1a5a-5d9c-8368-68caf14f4282,"2,58",
ampere,0,resnet50_image,2g,1,sample,8,4.224287986755371,,,MIG-cade9db1-1a5a-5d9c-8368-68caf14f4282,"2,58",
ampere,0,resnet50_image,2g,1,sample,9,4.155680179595947,,,MIG-cade9db1-1a5a-5d9c-8368-68caf14f4282,"2,58",
ampere,0,resnet50_image,2g,1,sample,10,4.225887775421143,,,MIG-cade9db1-1a5a-5d9c-8368-68caf14f4282,"2,58",
ampere,0,resnet50_image,2g,1,sample,11,4.2211198806762695,,,MIG-cade9db1-1a5a-5d9c-8368-68caf14f4282,"2,58",
ampere,0,resnet50_image,2g,1,sample,12,4.229663848876953,,,MIG-cade9db1-1a5a-5d9c-8368-68caf14f4282,"2,58",
ampere,0,resnet50_image,2g,1,sample,13,4.23203182220459,,,MIG-cade9db1-1a5a-5d9c-8368-68caf14f4282,"2,58",
ampere,0,resnet50_image,2g,1,sample,14,4.251711845397949,,,MIG-cade9db1-1a5a-5d9c-8368-68caf14f4282,"2,58",
ampere,0,resnet50_image,2g,1,sample,15,4.246272087097168,,,MIG-cade9db1-1a5a-5d9c-8368-68caf14f4282,"2,58",
ampere,0,resnet50_image,2g,1,sample,16,4.217855930328369,,,MIG-cade9db1-1a5a-5d9c-8368-68caf14f4282,"2,58",
ampere,0,resnet50_image,2g,1,sample,17,4.223455905914307,,,MIG-cade9db1-1a5a-5d9c-8368-68caf14f4282,"2,58",
ampere,0,resnet50_image,2g,1,sample,18,4.22822380065918,,,MIG-cade9db1-1a5a-5d9c-8368-68caf14f4282,"2,58",
ampere,0,resnet50_image,2g,1,sample,19,4.14415979385376,,,MIG-cade9db1-1a5a-5d9c-8368-68caf14f4282,"2,58",
ampere,0,resnet50_image,2g,1,sample,20,4.203648090362549,,,MIG-cade9db1-1a5a-5d9c-8368-68caf14f4282,"2,58",
ampere,0,resnet50_image,2g,1,sample,21,4.221248149871826,,,MIG-cade9db1-1a5a-5d9c-8368-68caf14f4282,"2,58",
ampere,0,resnet50_image,2g,1,sample,22,4.204671859741211,,,MIG-cade9db1-1a5a-5d9c-8368-68caf14f4282,"2,58",
ampere,0,resnet50_image,2g,1,sample,23,4.220032215118408,,,MIG-cade9db1-1a5a-5d9c-8368-68caf14f4282,"2,58",
ampere,0,resnet50_image,2g,1,sample,24,4.391295909881592,,,MIG-cade9db1-1a5a-5d9c-8368-68caf14f4282,"2,58",
ampere,0,resnet50_image,2g,1,sample,25,4.212287902832031,,,MIG-cade9db1-1a5a-5d9c-8368-68caf14f4282,"2,58",
ampere,0,resnet50_image,2g,1,sample,26,4.213568210601807,,,MIG-cade9db1-1a5a-5d9c-8368-68caf14f4282,"2,58",
ampere,0,resnet50_image,2g,1,sample,27,4.125311851501465,,,MIG-cade9db1-1a5a-5d9c-8368-68caf14f4282,"2,58",
ampere,0,resnet50_image,2g,1,sample,28,4.20959997177124,,,MIG-cade9db1-1a5a-5d9c-8368-68caf14f4282,"2,58",
ampere,0,resnet50_image,2g,1,sample,29,4.658080101013184,,,MIG-cade9db1-1a5a-5d9c-8368-68caf14f4282,"2,58",
ampere,0,resnet50_image,2g,1,sample,30,4.227327823638916,,,MIG-cade9db1-1a5a-5d9c-8368-68caf14f4282,"2,58",
ampere,0,resnet50_image,2g,1,sample,31,4.252096176147461,,,MIG-cade9db1-1a5a-5d9c-8368-68caf14f4282,"2,58",
ampere,0,resnet50_image,2g,1,sample,32,4.233503818511963,,,MIG-cade9db1-1a5a-5d9c-8368-68caf14f4282,"2,58",
ampere,0,resnet50_image,2g,1,sample,33,4.210815906524658,,,MIG-cade9db1-1a5a-5d9c-8368-68caf14f4282,"2,58",
ampere,0,resnet50_image,2g,1,sample,34,4.230879783630371,,,MIG-cade9db1-1a5a-5d9c-8368-68caf14f4282,"2,58",
ampere,0,resnet50_image,2g,1,sample,35,4.212255954742432,,,MIG-cade9db1-1a5a-5d9c-8368-68caf14f4282,"2,58",
ampere,0,resnet50_image,2g,1,sample,36,4.209536075592041,,,MIG-cade9db1-1a5a-5d9c-8368-68caf14f4282,"2,58",
ampere,0,resnet50_image,2g,1,sample,37,4.2045440673828125,,,MIG-cade9db1-1a5a-5d9c-8368-68caf14f4282,"2,58",
ampere,0,resnet50_image,2g,1,sample,38,4.2730560302734375,,,MIG-cade9db1-1a5a-5d9c-8368-68caf14f4282,"2,58",
ampere,0,resnet50_image,2g,1,sample,39,4.21449613571167,,,MIG-cade9db1-1a5a-5d9c-8368-68caf14f4282,"2,58",
ampere,0,resnet50_image,2g,1,sample,40,4.224575996398926,,,MIG-cade9db1-1a5a-5d9c-8368-68caf14f4282,"2,58",
ampere,0,resnet50_image,2g,1,sample,41,5.755648136138916,,,MIG-cade9db1-1a5a-5d9c-8368-68caf14f4282,"2,58",
ampere,0,resnet50_image,2g,1,sample,42,4.138559818267822,,,MIG-cade9db1-1a5a-5d9c-8368-68caf14f4282,"2,58",
ampere,0,resnet50_image,2g,1,sample,43,4.212031841278076,,,MIG-cade9db1-1a5a-5d9c-8368-68caf14f4282,"2,58",
ampere,0,resnet50_image,2g,1,sample,44,4.216864109039307,,,MIG-cade9db1-1a5a-5d9c-8368-68caf14f4282,"2,58",
ampere,0,resnet50_image,2g,1,sample,45,4.235712051391602,,,MIG-cade9db1-1a5a-5d9c-8368-68caf14f4282,"2,58",
ampere,0,resnet50_image,2g,1,sample,46,4.226655960083008,,,MIG-cade9db1-1a5a-5d9c-8368-68caf14f4282,"2,58",
ampere,0,resnet50_image,2g,1,sample,47,4.220160007476807,,,MIG-cade9db1-1a5a-5d9c-8368-68caf14f4282,"2,58",
ampere,0,resnet50_image,2g,1,sample,48,6.660031795501709,,,MIG-cade9db1-1a5a-5d9c-8368-68caf14f4282,"2,58",
ampere,0,resnet50_image,2g,1,sample,49,4.186240196228027,,,MIG-cade9db1-1a5a-5d9c-8368-68caf14f4282,"2,58",
ampere,0,resnet50_image,2g,4,warmup,0,34.64524841308594,,,MIG-cade9db1-1a5a-5d9c-8368-68caf14f4282,"2,58",
ampere,0,resnet50_image,2g,4,warmup,1,6.567008018493652,,,MIG-cade9db1-1a5a-5d9c-8368-68caf14f4282,"2,58",
ampere,0,resnet50_image,2g,4,warmup,2,6.547935962677002,,,MIG-cade9db1-1a5a-5d9c-8368-68caf14f4282,"2,58",
ampere,0,resnet50_image,2g,4,warmup,3,6.557375907897949,,,MIG-cade9db1-1a5a-5d9c-8368-68caf14f4282,"2,58",
ampere,0,resnet50_image,2g,4,warmup,4,6.550271987915039,,,MIG-cade9db1-1a5a-5d9c-8368-68caf14f4282,"2,58",
ampere,0,resnet50_image,2g,4,warmup,5,6.560192108154297,,,MIG-cade9db1-1a5a-5d9c-8368-68caf14f4282,"2,58",
ampere,0,resnet50_image,2g,4,warmup,6,6.553919792175293,,,MIG-cade9db1-1a5a-5d9c-8368-68caf14f4282,"2,58",
ampere,0,resnet50_image,2g,4,warmup,7,6.547008037567139,,,MIG-cade9db1-1a5a-5d9c-8368-68caf14f4282,"2,58",
ampere,0,resnet50_image,2g,4,warmup,8,6.552256107330322,,,MIG-cade9db1-1a5a-5d9c-8368-68caf14f4282,"2,58",
ampere,0,resnet50_image,2g,4,warmup,9,6.544608116149902,,,MIG-cade9db1-1a5a-5d9c-8368-68caf14f4282,"2,58",
ampere,0,resnet50_image,2g,4,sample,0,6.555071830749512,,,MIG-cade9db1-1a5a-5d9c-8368-68caf14f4282,"2,58",
ampere,0,resnet50_image,2g,4,sample,1,6.566175937652588,,,MIG-cade9db1-1a5a-5d9c-8368-68caf14f4282,"2,58",
ampere,0,resnet50_image,2g,4,sample,2,6.56879997253418,,,MIG-cade9db1-1a5a-5d9c-8368-68caf14f4282,"2,58",
ampere,0,resnet50_image,2g,4,sample,3,6.5635199546813965,,,MIG-cade9db1-1a5a-5d9c-8368-68caf14f4282,"2,58",
ampere,0,resnet50_image,2g,4,sample,4,6.559711933135986,,,MIG-cade9db1-1a5a-5d9c-8368-68caf14f4282,"2,58",
ampere,0,resnet50_image,2g,4,sample,5,6.564576148986816,,,MIG-cade9db1-1a5a-5d9c-8368-68caf14f4282,"2,58",
ampere,0,resnet50_image,2g,4,sample,6,6.560287952423096,,,MIG-cade9db1-1a5a-5d9c-8368-68caf14f4282,"2,58",
ampere,0,resnet50_image,2g,4,sample,7,6.566143989562988,,,MIG-cade9db1-1a5a-5d9c-8368-68caf14f4282,"2,58",
ampere,0,resnet50_image,2g,4,sample,8,6.553823947906494,,,MIG-cade9db1-1a5a-5d9c-8368-68caf14f4282,"2,58",
ampere,0,resnet50_image,2g,4,sample,9,7.022592067718506,,,MIG-cade9db1-1a5a-5d9c-8368-68caf14f4282,"2,58",
ampere,0,resnet50_image,2g,4,sample,10,6.56825590133667,,,MIG-cade9db1-1a5a-5d9c-8368-68caf14f4282,"2,58",
ampere,0,resnet50_image,2g,4,sample,11,6.56550407409668,,,MIG-cade9db1-1a5a-5d9c-8368-68caf14f4282,"2,58",
ampere,0,resnet50_image,2g,4,sample,12,6.5741119384765625,,,MIG-cade9db1-1a5a-5d9c-8368-68caf14f4282,"2,58",
ampere,0,resnet50_image,2g,4,sample,13,6.567488193511963,,,MIG-cade9db1-1a5a-5d9c-8368-68caf14f4282,"2,58",
ampere,0,resnet50_image,2g,4,sample,14,6.570079803466797,,,MIG-cade9db1-1a5a-5d9c-8368-68caf14f4282,"2,58",
ampere,0,resnet50_image,2g,4,sample,15,6.569727897644043,,,MIG-cade9db1-1a5a-5d9c-8368-68caf14f4282,"2,58",
ampere,0,resnet50_image,2g,4,sample,16,6.575263977050781,,,MIG-cade9db1-1a5a-5d9c-8368-68caf14f4282,"2,58",
ampere,0,resnet50_image,2g,4,sample,17,6.564511775970459,,,MIG-cade9db1-1a5a-5d9c-8368-68caf14f4282,"2,58",
ampere,0,resnet50_image,2g,4,sample,18,6.567359924316406,,,MIG-cade9db1-1a5a-5d9c-8368-68caf14f4282,"2,58",
ampere,0,resnet50_image,2g,4,sample,19,6.561215877532959,,,MIG-cade9db1-1a5a-5d9c-8368-68caf14f4282,"2,58",
ampere,0,resnet50_image,2g,4,sample,20,6.571008205413818,,,MIG-cade9db1-1a5a-5d9c-8368-68caf14f4282,"2,58",
ampere,0,resnet50_image,2g,4,sample,21,6.5693440437316895,,,MIG-cade9db1-1a5a-5d9c-8368-68caf14f4282,"2,58",
ampere,0,resnet50_image,2g,4,sample,22,6.564608097076416,,,MIG-cade9db1-1a5a-5d9c-8368-68caf14f4282,"2,58",
ampere,0,resnet50_image,2g,4,sample,23,6.575104236602783,,,MIG-cade9db1-1a5a-5d9c-8368-68caf14f4282,"2,58",
ampere,0,resnet50_image,2g,4,sample,24,6.5866241455078125,,,MIG-cade9db1-1a5a-5d9c-8368-68caf14f4282,"2,58",
ampere,0,resnet50_image,2g,4,sample,25,6.58841609954834,,,MIG-cade9db1-1a5a-5d9c-8368-68caf14f4282,"2,58",
ampere,0,resnet50_image,2g,4,sample,26,6.575456142425537,,,MIG-cade9db1-1a5a-5d9c-8368-68caf14f4282,"2,58",
ampere,0,resnet50_image,2g,4,sample,27,6.568607807159424,,,MIG-cade9db1-1a5a-5d9c-8368-68caf14f4282,"2,58",
ampere,0,resnet50_image,2g,4,sample,28,6.571328163146973,,,MIG-cade9db1-1a5a-5d9c-8368-68caf14f4282,"2,58",
ampere,0,resnet50_image,2g,4,sample,29,6.580416202545166,,,MIG-cade9db1-1a5a-5d9c-8368-68caf14f4282,"2,58",
ampere,0,resnet50_image,2g,4,sample,30,6.5576958656311035,,,MIG-cade9db1-1a5a-5d9c-8368-68caf14f4282,"2,58",
ampere,0,resnet50_image,2g,4,sample,31,6.575488090515137,,,MIG-cade9db1-1a5a-5d9c-8368-68caf14f4282,"2,58",
ampere,0,resnet50_image,2g,4,sample,32,6.568672180175781,,,MIG-cade9db1-1a5a-5d9c-8368-68caf14f4282,"2,58",
ampere,0,resnet50_image,2g,4,sample,33,6.569695949554443,,,MIG-cade9db1-1a5a-5d9c-8368-68caf14f4282,"2,58",
ampere,0,resnet50_image,2g,4,sample,34,6.562784194946289,,,MIG-cade9db1-1a5a-5d9c-8368-68caf14f4282,"2,58",
ampere,0,resnet50_image,2g,4,sample,35,6.5623040199279785,,,MIG-cade9db1-1a5a-5d9c-8368-68caf14f4282,"2,58",
ampere,0,resnet50_image,2g,4,sample,36,6.598688125610352,,,MIG-cade9db1-1a5a-5d9c-8368-68caf14f4282,"2,58",
ampere,0,resnet50_image,2g,4,sample,37,6.564159870147705,,,MIG-cade9db1-1a5a-5d9c-8368-68caf14f4282,"2,58",
ampere,0,resnet50_image,2g,4,sample,38,6.564544200897217,,,MIG-cade9db1-1a5a-5d9c-8368-68caf14f4282,"2,58",
ampere,0,resnet50_image,2g,4,sample,39,6.56217622756958,,,MIG-cade9db1-1a5a-5d9c-8368-68caf14f4282,"2,58",
ampere,0,resnet50_image,2g,4,sample,40,6.561984062194824,,,MIG-cade9db1-1a5a-5d9c-8368-68caf14f4282,"2,58",
ampere,0,resnet50_image,2g,4,sample,41,6.579584121704102,,,MIG-cade9db1-1a5a-5d9c-8368-68caf14f4282,"2,58",
ampere,0,resnet50_image,2g,4,sample,42,6.568384170532227,,,MIG-cade9db1-1a5a-5d9c-8368-68caf14f4282,"2,58",
ampere,0,resnet50_image,2g,4,sample,43,6.578847885131836,,,MIG-cade9db1-1a5a-5d9c-8368-68caf14f4282,"2,58",
ampere,0,resnet50_image,2g,4,sample,44,6.569888114929199,,,MIG-cade9db1-1a5a-5d9c-8368-68caf14f4282,"2,58",
ampere,0,resnet50_image,2g,4,sample,45,6.577119827270508,,,MIG-cade9db1-1a5a-5d9c-8368-68caf14f4282,"2,58",
ampere,0,resnet50_image,2g,4,sample,46,6.579648017883301,,,MIG-cade9db1-1a5a-5d9c-8368-68caf14f4282,"2,58",
ampere,0,resnet50_image,2g,4,sample,47,6.567168235778809,,,MIG-cade9db1-1a5a-5d9c-8368-68caf14f4282,"2,58",
ampere,0,resnet50_image,2g,4,sample,48,6.56063985824585,,,MIG-cade9db1-1a5a-5d9c-8368-68caf14f4282,"2,58",
ampere,0,resnet50_image,2g,4,sample,49,6.555232048034668,,,MIG-cade9db1-1a5a-5d9c-8368-68caf14f4282,"2,58",
ampere,0,resnet50_image,2g,16,warmup,0,26.115327835083008,,,MIG-cade9db1-1a5a-5d9c-8368-68caf14f4282,"2,58",
ampere,0,resnet50_image,2g,16,warmup,1,22.787519454956055,,,MIG-cade9db1-1a5a-5d9c-8368-68caf14f4282,"2,58",
ampere,0,resnet50_image,2g,16,warmup,2,22.802623748779297,,,MIG-cade9db1-1a5a-5d9c-8368-68caf14f4282,"2,58",
ampere,0,resnet50_image,2g,16,warmup,3,22.806495666503906,,,MIG-cade9db1-1a5a-5d9c-8368-68caf14f4282,"2,58",
ampere,0,resnet50_image,2g,16,warmup,4,22.795072555541992,,,MIG-cade9db1-1a5a-5d9c-8368-68caf14f4282,"2,58",
ampere,0,resnet50_image,2g,16,warmup,5,22.807872772216797,,,MIG-cade9db1-1a5a-5d9c-8368-68caf14f4282,"2,58",
ampere,0,resnet50_image,2g,16,warmup,6,22.789152145385742,,,MIG-cade9db1-1a5a-5d9c-8368-68caf14f4282,"2,58",
ampere,0,resnet50_image,2g,16,warmup,7,22.7903995513916,,,MIG-cade9db1-1a5a-5d9c-8368-68caf14f4282,"2,58",
ampere,0,resnet50_image,2g,16,warmup,8,22.803808212280273,,,MIG-cade9db1-1a5a-5d9c-8368-68caf14f4282,"2,58",
ampere,0,resnet50_image,2g,16,warmup,9,22.79417610168457,,,MIG-cade9db1-1a5a-5d9c-8368-68caf14f4282,"2,58",
ampere,0,resnet50_image,2g,16,sample,0,22.80633544921875,,,MIG-cade9db1-1a5a-5d9c-8368-68caf14f4282,"2,58",
ampere,0,resnet50_image,2g,16,sample,1,22.799264907836914,,,MIG-cade9db1-1a5a-5d9c-8368-68caf14f4282,"2,58",
ampere,0,resnet50_image,2g,16,sample,2,22.800512313842773,,,MIG-cade9db1-1a5a-5d9c-8368-68caf14f4282,"2,58",
ampere,0,resnet50_image,2g,16,sample,3,22.816320419311523,,,MIG-cade9db1-1a5a-5d9c-8368-68caf14f4282,"2,58",
ampere,0,resnet50_image,2g,16,sample,4,22.793983459472656,,,MIG-cade9db1-1a5a-5d9c-8368-68caf14f4282,"2,58",
ampere,0,resnet50_image,2g,16,sample,5,22.789344787597656,,,MIG-cade9db1-1a5a-5d9c-8368-68caf14f4282,"2,58",
ampere,0,resnet50_image,2g,16,sample,6,22.78838348388672,,,MIG-cade9db1-1a5a-5d9c-8368-68caf14f4282,"2,58",
ampere,0,resnet50_image,2g,16,sample,7,22.790464401245117,,,MIG-cade9db1-1a5a-5d9c-8368-68caf14f4282,"2,58",
ampere,0,resnet50_image,2g,16,sample,8,22.80156707763672,,,MIG-cade9db1-1a5a-5d9c-8368-68caf14f4282,"2,58",
ampere,0,resnet50_image,2g,16,sample,9,22.79155158996582,,,MIG-cade9db1-1a5a-5d9c-8368-68caf14f4282,"2,58",
ampere,0,resnet50_image,2g,16,sample,10,22.78544044494629,,,MIG-cade9db1-1a5a-5d9c-8368-68caf14f4282,"2,58",
ampere,0,resnet50_image,2g,16,sample,11,22.792736053466797,,,MIG-cade9db1-1a5a-5d9c-8368-68caf14f4282,"2,58",
ampere,0,resnet50_image,2g,16,sample,12,22.79689598083496,,,MIG-cade9db1-1a5a-5d9c-8368-68caf14f4282,"2,58",
ampere,0,resnet50_image,2g,16,sample,13,22.800512313842773,,,MIG-cade9db1-1a5a-5d9c-8368-68caf14f4282,"2,58",
ampere,0,resnet50_image,2g,16,sample,14,22.78281593322754,,,MIG-cade9db1-1a5a-5d9c-8368-68caf14f4282,"2,58",
ampere,0,resnet50_image,2g,16,sample,15,22.8470401763916,,,MIG-cade9db1-1a5a-5d9c-8368-68caf14f4282,"2,58",
ampere,0,resnet50_image,2g,16,sample,16,22.794464111328125,,,MIG-cade9db1-1a5a-5d9c-8368-68caf14f4282,"2,58",
ampere,0,resnet50_image,2g,16,sample,17,22.80022430419922,,,MIG-cade9db1-1a5a-5d9c-8368-68caf14f4282,"2,58",
ampere,0,resnet50_image,2g,16,sample,18,22.795711517333984,,,MIG-cade9db1-1a5a-5d9c-8368-68caf14f4282,"2,58",
ampere,0,resnet50_image,2g,16,sample,19,22.77961540222168,,,MIG-cade9db1-1a5a-5d9c-8368-68caf14f4282,"2,58",
ampere,0,resnet50_image,2g,16,sample,20,22.781024932861328,,,MIG-cade9db1-1a5a-5d9c-8368-68caf14f4282,"2,58",
ampere,0,resnet50_image,2g,16,sample,21,22.791967391967773,,,MIG-cade9db1-1a5a-5d9c-8368-68caf14f4282,"2,58",
ampere,0,resnet50_image,2g,16,sample,22,22.78339195251465,,,MIG-cade9db1-1a5a-5d9c-8368-68caf14f4282,"2,58",
ampere,0,resnet50_image,2g,16,sample,23,22.803104400634766,,,MIG-cade9db1-1a5a-5d9c-8368-68caf14f4282,"2,58",
ampere,0,resnet50_image,2g,16,sample,24,22.802560806274414,,,MIG-cade9db1-1a5a-5d9c-8368-68caf14f4282,"2,58",
ampere,0,resnet50_image,2g,16,sample,25,22.781984329223633,,,MIG-cade9db1-1a5a-5d9c-8368-68caf14f4282,"2,58",
ampere,0,resnet50_image,2g,16,sample,26,22.800064086914062,,,MIG-cade9db1-1a5a-5d9c-8368-68caf14f4282,"2,58",
ampere,0,resnet50_image,2g,16,sample,27,22.787168502807617,,,MIG-cade9db1-1a5a-5d9c-8368-68caf14f4282,"2,58",
ampere,0,resnet50_image,2g,16,sample,28,22.79360008239746,,,MIG-cade9db1-1a5a-5d9c-8368-68caf14f4282,"2,58",
ampere,0,resnet50_image,2g,16,sample,29,22.793920516967773,,,MIG-cade9db1-1a5a-5d9c-8368-68caf14f4282,"2,58",
ampere,0,resnet50_image,2g,16,sample,30,22.806432723999023,,,MIG-cade9db1-1a5a-5d9c-8368-68caf14f4282,"2,58",
ampere,0,resnet50_image,2g,16,sample,31,22.783903121948242,,,MIG-cade9db1-1a5a-5d9c-8368-68caf14f4282,"2,58",
ampere,0,resnet50_image,2g,16,sample,32,22.805856704711914,,,MIG-cade9db1-1a5a-5d9c-8368-68caf14f4282,"2,58",
ampere,0,resnet50_image,2g,16,sample,33,22.79078483581543,,,MIG-cade9db1-1a5a-5d9c-8368-68caf14f4282,"2,58",
ampere,0,resnet50_image,2g,16,sample,34,22.788959503173828,,,MIG-cade9db1-1a5a-5d9c-8368-68caf14f4282,"2,58",
ampere,0,resnet50_image,2g,16,sample,35,22.76358413696289,,,MIG-cade9db1-1a5a-5d9c-8368-68caf14f4282,"2,58",
ampere,0,resnet50_image,2g,16,sample,36,22.787744522094727,,,MIG-cade9db1-1a5a-5d9c-8368-68caf14f4282,"2,58",
ampere,0,resnet50_image,2g,16,sample,37,22.793535232543945,,,MIG-cade9db1-1a5a-5d9c-8368-68caf14f4282,"2,58",
ampere,0,resnet50_image,2g,16,sample,38,22.7873592376709,,,MIG-cade9db1-1a5a-5d9c-8368-68caf14f4282,"2,58",
ampere,0,resnet50_image,2g,16,sample,39,22.792543411254883,,,MIG-cade9db1-1a5a-5d9c-8368-68caf14f4282,"2,58",
ampere,0,resnet50_image,2g,16,sample,40,22.795520782470703,,,MIG-cade9db1-1a5a-5d9c-8368-68caf14f4282,"2,58",
ampere,0,resnet50_image,2g,16,sample,41,22.784095764160156,,,MIG-cade9db1-1a5a-5d9c-8368-68caf14f4282,"2,58",
ampere,0,resnet50_image,2g,16,sample,42,22.780895233154297,,,MIG-cade9db1-1a5a-5d9c-8368-68caf14f4282,"2,58",
ampere,0,resnet50_image,2g,16,sample,43,22.78553581237793,,,MIG-cade9db1-1a5a-5d9c-8368-68caf14f4282,"2,58",
ampere,0,resnet50_image,2g,16,sample,44,22.799968719482422,,,MIG-cade9db1-1a5a-5d9c-8368-68caf14f4282,"2,58",
ampere,0,resnet50_image,2g,16,sample,45,22.78214454650879,,,MIG-cade9db1-1a5a-5d9c-8368-68caf14f4282,"2,58",
ampere,0,resnet50_image,2g,16,sample,46,22.80415916442871,,,MIG-cade9db1-1a5a-5d9c-8368-68caf14f4282,"2,58",
ampere,0,resnet50_image,2g,16,sample,47,22.809568405151367,,,MIG-cade9db1-1a5a-5d9c-8368-68caf14f4282,"2,58",
ampere,0,resnet50_image,2g,16,sample,48,22.782079696655273,,,MIG-cade9db1-1a5a-5d9c-8368-68caf14f4282,"2,58",
ampere,0,resnet50_image,2g,16,sample,49,22.77280044555664,,,MIG-cade9db1-1a5a-5d9c-8368-68caf14f4282,"2,58",
ampere,0,resnet50_image,2g,32,warmup,0,45.05392074584961,,,MIG-cade9db1-1a5a-5d9c-8368-68caf14f4282,"2,58",
ampere,0,resnet50_image,2g,32,warmup,1,42.8856315612793,,,MIG-cade9db1-1a5a-5d9c-8368-68caf14f4282,"2,58",
ampere,0,resnet50_image,2g,32,warmup,2,42.86995315551758,,,MIG-cade9db1-1a5a-5d9c-8368-68caf14f4282,"2,58",
ampere,0,resnet50_image,2g,32,warmup,3,42.859745025634766,,,MIG-cade9db1-1a5a-5d9c-8368-68caf14f4282,"2,58",
ampere,0,resnet50_image,2g,32,warmup,4,42.8856315612793,,,MIG-cade9db1-1a5a-5d9c-8368-68caf14f4282,"2,58",
ampere,0,resnet50_image,2g,32,warmup,5,42.89952087402344,,,MIG-cade9db1-1a5a-5d9c-8368-68caf14f4282,"2,58",
ampere,0,resnet50_image,2g,32,warmup,6,42.86819076538086,,,MIG-cade9db1-1a5a-5d9c-8368-68caf14f4282,"2,58",
ampere,0,resnet50_image,2g,32,warmup,7,42.89430236816406,,,MIG-cade9db1-1a5a-5d9c-8368-68caf14f4282,"2,58",
ampere,0,resnet50_image,2g,32,warmup,8,42.871360778808594,,,MIG-cade9db1-1a5a-5d9c-8368-68caf14f4282,"2,58",
ampere,0,resnet50_image,2g,32,warmup,9,42.88230514526367,,,MIG-cade9db1-1a5a-5d9c-8368-68caf14f4282,"2,58",
ampere,0,resnet50_image,2g,32,sample,0,42.88691329956055,,,MIG-cade9db1-1a5a-5d9c-8368-68caf14f4282,"2,58",
ampere,0,resnet50_image,2g,32,sample,1,42.88297653198242,,,MIG-cade9db1-1a5a-5d9c-8368-68caf14f4282,"2,58",
ampere,0,resnet50_image,2g,32,sample,2,42.8928337097168,,,MIG-cade9db1-1a5a-5d9c-8368-68caf14f4282,"2,58",
ampere,0,resnet50_image,2g,32,sample,3,42.867679595947266,,,MIG-cade9db1-1a5a-5d9c-8368-68caf14f4282,"2,58",
ampere,0,resnet50_image,2g,32,sample,4,42.89081573486328,,,MIG-cade9db1-1a5a-5d9c-8368-68caf14f4282,"2,58",
ampere,0,resnet50_image,2g,32,sample,5,42.89267349243164,,,MIG-cade9db1-1a5a-5d9c-8368-68caf14f4282,"2,58",
ampere,0,resnet50_image,2g,32,sample,6,42.88742446899414,,,MIG-cade9db1-1a5a-5d9c-8368-68caf14f4282,"2,58",
ampere,0,resnet50_image,2g,32,sample,7,42.87324905395508,,,MIG-cade9db1-1a5a-5d9c-8368-68caf14f4282,"2,58",
ampere,0,resnet50_image,2g,32,sample,8,42.889503479003906,,,MIG-cade9db1-1a5a-5d9c-8368-68caf14f4282,"2,58",
ampere,0,resnet50_image,2g,32,sample,9,42.898494720458984,,,MIG-cade9db1-1a5a-5d9c-8368-68caf14f4282,"2,58",
ampere,0,resnet50_image,2g,32,sample,10,42.88035202026367,,,MIG-cade9db1-1a5a-5d9c-8368-68caf14f4282,"2,58",
ampere,0,resnet50_image,2g,32,sample,11,42.90108871459961,,,MIG-cade9db1-1a5a-5d9c-8368-68caf14f4282,"2,58",
ampere,0,resnet50_image,2g,32,sample,12,42.86207962036133,,,MIG-cade9db1-1a5a-5d9c-8368-68caf14f4282,"2,58",
ampere,0,resnet50_image,2g,32,sample,13,42.87251281738281,,,MIG-cade9db1-1a5a-5d9c-8368-68caf14f4282,"2,58",
ampere,0,resnet50_image,2g,32,sample,14,42.87071990966797,,,MIG-cade9db1-1a5a-5d9c-8368-68caf14f4282,"2,58",
ampere,0,resnet50_image,2g,32,sample,15,42.86800003051758,,,MIG-cade9db1-1a5a-5d9c-8368-68caf14f4282,"2,58",
ampere,0,resnet50_image,2g,32,sample,16,42.8520622253418,,,MIG-cade9db1-1a5a-5d9c-8368-68caf14f4282,"2,58",
ampere,0,resnet50_image,2g,32,sample,17,42.87311935424805,,,MIG-cade9db1-1a5a-5d9c-8368-68caf14f4282,"2,58",
ampere,0,resnet50_image,2g,32,sample,18,42.9172477722168,,,MIG-cade9db1-1a5a-5d9c-8368-68caf14f4282,"2,58",
ampere,0,resnet50_image,2g,32,sample,19,42.882015228271484,,,MIG-cade9db1-1a5a-5d9c-8368-68caf14f4282,"2,58",
ampere,0,resnet50_image,2g,32,sample,20,42.87740707397461,,,MIG-cade9db1-1a5a-5d9c-8368-68caf14f4282,"2,58",
ampere,0,resnet50_image,2g,32,sample,21,42.8870735168457,,,MIG-cade9db1-1a5a-5d9c-8368-68caf14f4282,"2,58",
ampere,0,resnet50_image,2g,32,sample,22,42.900447845458984,,,MIG-cade9db1-1a5a-5d9c-8368-68caf14f4282,"2,58",
ampere,0,resnet50_image,2g,32,sample,23,42.90943908691406,,,MIG-cade9db1-1a5a-5d9c-8368-68caf14f4282,"2,58",
ampere,0,resnet50_image,2g,32,sample,24,42.864192962646484,,,MIG-cade9db1-1a5a-5d9c-8368-68caf14f4282,"2,58",
ampere,0,resnet50_image,2g,32,sample,25,42.87286376953125,,,MIG-cade9db1-1a5a-5d9c-8368-68caf14f4282,"2,58",
ampere,0,resnet50_image,2g,32,sample,26,42.87187194824219,,,MIG-cade9db1-1a5a-5d9c-8368-68caf14f4282,"2,58",
ampere,0,resnet50_image,2g,32,sample,27,42.89593505859375,,,MIG-cade9db1-1a5a-5d9c-8368-68caf14f4282,"2,58",
ampere,0,resnet50_image,2g,32,sample,28,42.88336181640625,,,MIG-cade9db1-1a5a-5d9c-8368-68caf14f4282,"2,58",
ampere,0,resnet50_image,2g,32,sample,29,42.889278411865234,,,MIG-cade9db1-1a5a-5d9c-8368-68caf14f4282,"2,58",
ampere,0,resnet50_image,2g,32,sample,30,42.87913513183594,,,MIG-cade9db1-1a5a-5d9c-8368-68caf14f4282,"2,58",
ampere,0,resnet50_image,2g,32,sample,31,42.885440826416016,,,MIG-cade9db1-1a5a-5d9c-8368-68caf14f4282,"2,58",
ampere,0,resnet50_image,2g,32,sample,32,42.88972854614258,,,MIG-cade9db1-1a5a-5d9c-8368-68caf14f4282,"2,58",
ampere,0,resnet50_image,2g,32,sample,33,42.86172866821289,,,MIG-cade9db1-1a5a-5d9c-8368-68caf14f4282,"2,58",
ampere,0,resnet50_image,2g,32,sample,34,42.86832046508789,,,MIG-cade9db1-1a5a-5d9c-8368-68caf14f4282,"2,58",
ampere,0,resnet50_image,2g,32,sample,35,42.859073638916016,,,MIG-cade9db1-1a5a-5d9c-8368-68caf14f4282,"2,58",
ampere,0,resnet50_image,2g,32,sample,36,42.86272048950195,,,MIG-cade9db1-1a5a-5d9c-8368-68caf14f4282,"2,58",
ampere,0,resnet50_image,2g,32,sample,37,42.89372634887695,,,MIG-cade9db1-1a5a-5d9c-8368-68caf14f4282,"2,58",
ampere,0,resnet50_image,2g,32,sample,38,42.88159942626953,,,MIG-cade9db1-1a5a-5d9c-8368-68caf14f4282,"2,58",
ampere,0,resnet50_image,2g,32,sample,39,42.89628982543945,,,MIG-cade9db1-1a5a-5d9c-8368-68caf14f4282,"2,58",
ampere,0,resnet50_image,2g,32,sample,40,42.888160705566406,,,MIG-cade9db1-1a5a-5d9c-8368-68caf14f4282,"2,58",
ampere,0,resnet50_image,2g,32,sample,41,42.88713455200195,,,MIG-cade9db1-1a5a-5d9c-8368-68caf14f4282,"2,58",
ampere,0,resnet50_image,2g,32,sample,42,42.88022232055664,,,MIG-cade9db1-1a5a-5d9c-8368-68caf14f4282,"2,58",
ampere,0,resnet50_image,2g,32,sample,43,42.88896179199219,,,MIG-cade9db1-1a5a-5d9c-8368-68caf14f4282,"2,58",
ampere,0,resnet50_image,2g,32,sample,44,42.89952087402344,,,MIG-cade9db1-1a5a-5d9c-8368-68caf14f4282,"2,58",
ampere,0,resnet50_image,2g,32,sample,45,42.84844970703125,,,MIG-cade9db1-1a5a-5d9c-8368-68caf14f4282,"2,58",
ampere,0,resnet50_image,2g,32,sample,46,42.87615966796875,,,MIG-cade9db1-1a5a-5d9c-8368-68caf14f4282,"2,58",
ampere,0,resnet50_image,2g,32,sample,47,42.857505798339844,,,MIG-cade9db1-1a5a-5d9c-8368-68caf14f4282,"2,58",
ampere,0,resnet50_image,2g,32,sample,48,42.87321472167969,,,MIG-cade9db1-1a5a-5d9c-8368-68caf14f4282,"2,58",
ampere,0,resnet50_image,2g,32,sample,49,42.932735443115234,,,MIG-cade9db1-1a5a-5d9c-8368-68caf14f4282,"2,58",
ampere,0,resnet50_image,2g,64,warmup,0,83.95417785644531,,,MIG-cade9db1-1a5a-5d9c-8368-68caf14f4282,"2,58",
ampere,0,resnet50_image,2g,64,warmup,1,82.66105651855469,,,MIG-cade9db1-1a5a-5d9c-8368-68caf14f4282,"2,58",
ampere,0,resnet50_image,2g,64,warmup,2,82.6335678100586,,,MIG-cade9db1-1a5a-5d9c-8368-68caf14f4282,"2,58",
ampere,0,resnet50_image,2g,64,warmup,3,82.67798614501953,,,MIG-cade9db1-1a5a-5d9c-8368-68caf14f4282,"2,58",
ampere,0,resnet50_image,2g,64,warmup,4,82.61398315429688,,,MIG-cade9db1-1a5a-5d9c-8368-68caf14f4282,"2,58",
ampere,0,resnet50_image,2g,64,warmup,5,82.6379165649414,,,MIG-cade9db1-1a5a-5d9c-8368-68caf14f4282,"2,58",
ampere,0,resnet50_image,2g,64,warmup,6,82.61446380615234,,,MIG-cade9db1-1a5a-5d9c-8368-68caf14f4282,"2,58",
ampere,0,resnet50_image,2g,64,warmup,7,82.65241241455078,,,MIG-cade9db1-1a5a-5d9c-8368-68caf14f4282,"2,58",
ampere,0,resnet50_image,2g,64,warmup,8,82.69747161865234,,,MIG-cade9db1-1a5a-5d9c-8368-68caf14f4282,"2,58",
ampere,0,resnet50_image,2g,64,warmup,9,82.68160247802734,,,MIG-cade9db1-1a5a-5d9c-8368-68caf14f4282,"2,58",
ampere,0,resnet50_image,2g,64,sample,0,82.70130920410156,,,MIG-cade9db1-1a5a-5d9c-8368-68caf14f4282,"2,58",
ampere,0,resnet50_image,2g,64,sample,1,82.6464614868164,,,MIG-cade9db1-1a5a-5d9c-8368-68caf14f4282,"2,58",
ampere,0,resnet50_image,2g,64,sample,2,82.66633605957031,,,MIG-cade9db1-1a5a-5d9c-8368-68caf14f4282,"2,58",
ampere,0,resnet50_image,2g,64,sample,3,82.66214752197266,,,MIG-cade9db1-1a5a-5d9c-8368-68caf14f4282,"2,58",
ampere,0,resnet50_image,2g,64,sample,4,82.62992095947266,,,MIG-cade9db1-1a5a-5d9c-8368-68caf14f4282,"2,58",
ampere,0,resnet50_image,2g,64,sample,5,82.69894409179688,,,MIG-cade9db1-1a5a-5d9c-8368-68caf14f4282,"2,58",
ampere,0,resnet50_image,2g,64,sample,6,82.6440658569336,,,MIG-cade9db1-1a5a-5d9c-8368-68caf14f4282,"2,58",
ampere,0,resnet50_image,2g,64,sample,7,82.66297912597656,,,MIG-cade9db1-1a5a-5d9c-8368-68caf14f4282,"2,58",
ampere,0,resnet50_image,2g,64,sample,8,82.6710433959961,,,MIG-cade9db1-1a5a-5d9c-8368-68caf14f4282,"2,58",
ampere,0,resnet50_image,2g,64,sample,9,82.59481811523438,,,MIG-cade9db1-1a5a-5d9c-8368-68caf14f4282,"2,58",
ampere,0,resnet50_image,2g,64,sample,10,82.65325164794922,,,MIG-cade9db1-1a5a-5d9c-8368-68caf14f4282,"2,58",
ampere,0,resnet50_image,2g,64,sample,11,82.65213012695312,,,MIG-cade9db1-1a5a-5d9c-8368-68caf14f4282,"2,58",
ampere,0,resnet50_image,2g,64,sample,12,82.67286682128906,,,MIG-cade9db1-1a5a-5d9c-8368-68caf14f4282,"2,58",
ampere,0,resnet50_image,2g,64,sample,13,82.61583709716797,,,MIG-cade9db1-1a5a-5d9c-8368-68caf14f4282,"2,58",
ampere,0,resnet50_image,2g,64,sample,14,82.6028823852539,,,MIG-cade9db1-1a5a-5d9c-8368-68caf14f4282,"2,58",
ampere,0,resnet50_image,2g,64,sample,15,82.67391967773438,,,MIG-cade9db1-1a5a-5d9c-8368-68caf14f4282,"2,58",
ampere,0,resnet50_image,2g,64,sample,16,82.63664245605469,,,MIG-cade9db1-1a5a-5d9c-8368-68caf14f4282,"2,58",
ampere,0,resnet50_image,2g,64,sample,17,82.6596450805664,,,MIG-cade9db1-1a5a-5d9c-8368-68caf14f4282,"2,58",
ampere,0,resnet50_image,2g,64,sample,18,82.65245056152344,,,MIG-cade9db1-1a5a-5d9c-8368-68caf14f4282,"2,58",
ampere,0,resnet50_image,2g,64,sample,19,82.62425231933594,,,MIG-cade9db1-1a5a-5d9c-8368-68caf14f4282,"2,58",
ampere,0,resnet50_image,2g,64,sample,20,82.64002990722656,,,MIG-cade9db1-1a5a-5d9c-8368-68caf14f4282,"2,58",
ampere,0,resnet50_image,2g,64,sample,21,82.69420623779297,,,MIG-cade9db1-1a5a-5d9c-8368-68caf14f4282,"2,58",
ampere,0,resnet50_image,2g,64,sample,22,82.70301055908203,,,MIG-cade9db1-1a5a-5d9c-8368-68caf14f4282,"2,58",
ampere,0,resnet50_image,2g,64,sample,23,82.64857482910156,,,MIG-cade9db1-1a5a-5d9c-8368-68caf14f4282,"2,58",
ampere,0,resnet50_image,2g,64,sample,24,82.68560028076172,,,MIG-cade9db1-1a5a-5d9c-8368-68caf14f4282,"2,58",
ampere,0,resnet50_image,2g,64,sample,25,82.68323516845703,,,MIG-cade9db1-1a5a-5d9c-8368-68caf14f4282,"2,58",
ampere,0,resnet50_image,2g,64,sample,26,82.67718505859375,,,MIG-cade9db1-1a5a-5d9c-8368-68caf14f4282,"2,58",
ampere,0,resnet50_image,2g,64,sample,27,82.70556640625,,,MIG-cade9db1-1a5a-5d9c-8368-68caf14f4282,"2,58",
ampere,0,resnet50_image,2g,64,sample,28,82.63407897949219,,,MIG-cade9db1-1a5a-5d9c-8368-68caf14f4282,"2,58",
ampere,0,resnet50_image,2g,64,sample,29,82.65081787109375,,,MIG-cade9db1-1a5a-5d9c-8368-68caf14f4282,"2,58",
ampere,0,resnet50_image,2g,64,sample,30,82.62525177001953,,,MIG-cade9db1-1a5a-5d9c-8368-68caf14f4282,"2,58",
ampere,0,resnet50_image,2g,64,sample,31,82.69046020507812,,,MIG-cade9db1-1a5a-5d9c-8368-68caf14f4282,"2,58",
ampere,0,resnet50_image,2g,64,sample,32,82.6328353881836,,,MIG-cade9db1-1a5a-5d9c-8368-68caf14f4282,"2,58",
ampere,0,resnet50_image,2g,64,sample,33,82.67286682128906,,,MIG-cade9db1-1a5a-5d9c-8368-68caf14f4282,"2,58",
ampere,0,resnet50_image,2g,64,sample,34,82.6520004272461,,,MIG-cade9db1-1a5a-5d9c-8368-68caf14f4282,"2,58",
ampere,0,resnet50_image,2g,64,sample,35,82.62640380859375,,,MIG-cade9db1-1a5a-5d9c-8368-68caf14f4282,"2,58",
ampere,0,resnet50_image,2g,64,sample,36,82.67334747314453,,,MIG-cade9db1-1a5a-5d9c-8368-68caf14f4282,"2,58",
ampere,0,resnet50_image,2g,64,sample,37,82.67203521728516,,,MIG-cade9db1-1a5a-5d9c-8368-68caf14f4282,"2,58",
ampere,0,resnet50_image,2g,64,sample,38,82.62297821044922,,,MIG-cade9db1-1a5a-5d9c-8368-68caf14f4282,"2,58",
ampere,0,resnet50_image,2g,64,sample,39,82.66758728027344,,,MIG-cade9db1-1a5a-5d9c-8368-68caf14f4282,"2,58",
ampere,0,resnet50_image,2g,64,sample,40,82.66841888427734,,,MIG-cade9db1-1a5a-5d9c-8368-68caf14f4282,"2,58",
ampere,0,resnet50_image,2g,64,sample,41,82.63670349121094,,,MIG-cade9db1-1a5a-5d9c-8368-68caf14f4282,"2,58",
ampere,0,resnet50_image,2g,64,sample,42,82.6968994140625,,,MIG-cade9db1-1a5a-5d9c-8368-68caf14f4282,"2,58",
ampere,0,resnet50_image,2g,64,sample,43,82.65235137939453,,,MIG-cade9db1-1a5a-5d9c-8368-68caf14f4282,"2,58",
ampere,0,resnet50_image,2g,64,sample,44,82.6476821899414,,,MIG-cade9db1-1a5a-5d9c-8368-68caf14f4282,"2,58",
ampere,0,resnet50_image,2g,64,sample,45,82.65904235839844,,,MIG-cade9db1-1a5a-5d9c-8368-68caf14f4282,"2,58",
ampere,0,resnet50_image,2g,64,sample,46,82.63983917236328,,,MIG-cade9db1-1a5a-5d9c-8368-68caf14f4282,"2,58",
ampere,0,resnet50_image,2g,64,sample,47,82.67625427246094,,,MIG-cade9db1-1a5a-5d9c-8368-68caf14f4282,"2,58",
ampere,0,resnet50_image,2g,64,sample,48,82.6087646484375,,,MIG-cade9db1-1a5a-5d9c-8368-68caf14f4282,"2,58",
ampere,0,resnet50_image,2g,64,sample,49,82.58719635009766,,,MIG-cade9db1-1a5a-5d9c-8368-68caf14f4282,"2,58",
ampere,0,vgg16_image,2g,1,warmup,0,5.06547212600708,,,MIG-cade9db1-1a5a-5d9c-8368-68caf14f4282,"2,58",
ampere,0,vgg16_image,2g,1,warmup,1,4.2348480224609375,,,MIG-cade9db1-1a5a-5d9c-8368-68caf14f4282,"2,58",
ampere,0,vgg16_image,2g,1,warmup,2,4.179391860961914,,,MIG-cade9db1-1a5a-5d9c-8368-68caf14f4282,"2,58",
ampere,0,vgg16_image,2g,1,warmup,3,4.160575866699219,,,MIG-cade9db1-1a5a-5d9c-8368-68caf14f4282,"2,58",
ampere,0,vgg16_image,2g,1,warmup,4,4.170527935028076,,,MIG-cade9db1-1a5a-5d9c-8368-68caf14f4282,"2,58",
ampere,0,vgg16_image,2g,1,warmup,5,4.1684160232543945,,,MIG-cade9db1-1a5a-5d9c-8368-68caf14f4282,"2,58",
ampere,0,vgg16_image,2g,1,warmup,6,4.169343948364258,,,MIG-cade9db1-1a5a-5d9c-8368-68caf14f4282,"2,58",
ampere,0,vgg16_image,2g,1,warmup,7,4.158207893371582,,,MIG-cade9db1-1a5a-5d9c-8368-68caf14f4282,"2,58",
ampere,0,vgg16_image,2g,1,warmup,8,4.168352127075195,,,MIG-cade9db1-1a5a-5d9c-8368-68caf14f4282,"2,58",
ampere,0,vgg16_image,2g,1,warmup,9,4.1648640632629395,,,MIG-cade9db1-1a5a-5d9c-8368-68caf14f4282,"2,58",
ampere,0,vgg16_image,2g,1,sample,0,4.166016101837158,,,MIG-cade9db1-1a5a-5d9c-8368-68caf14f4282,"2,58",
ampere,0,vgg16_image,2g,1,sample,1,4.175295829772949,,,MIG-cade9db1-1a5a-5d9c-8368-68caf14f4282,"2,58",
ampere,0,vgg16_image,2g,1,sample,2,4.175136089324951,,,MIG-cade9db1-1a5a-5d9c-8368-68caf14f4282,"2,58",
ampere,0,vgg16_image,2g,1,sample,3,4.155519962310791,,,MIG-cade9db1-1a5a-5d9c-8368-68caf14f4282,"2,58",
ampere,0,vgg16_image,2g,1,sample,4,4.164703845977783,,,MIG-cade9db1-1a5a-5d9c-8368-68caf14f4282,"2,58",
ampere,0,vgg16_image,2g,1,sample,5,4.167679786682129,,,MIG-cade9db1-1a5a-5d9c-8368-68caf14f4282,"2,58",
ampere,0,vgg16_image,2g,1,sample,6,4.176127910614014,,,MIG-cade9db1-1a5a-5d9c-8368-68caf14f4282,"2,58",
ampere,0,vgg16_image,2g,1,sample,7,4.1644158363342285,,,MIG-cade9db1-1a5a-5d9c-8368-68caf14f4282,"2,58",
ampere,0,vgg16_image,2g,1,sample,8,4.175968170166016,,,MIG-cade9db1-1a5a-5d9c-8368-68caf14f4282,"2,58",
ampere,0,vgg16_image,2g,1,sample,9,4.167776107788086,,,MIG-cade9db1-1a5a-5d9c-8368-68caf14f4282,"2,58",
ampere,0,vgg16_image,2g,1,sample,10,4.181759834289551,,,MIG-cade9db1-1a5a-5d9c-8368-68caf14f4282,"2,58",
ampere,0,vgg16_image,2g,1,sample,11,4.175327777862549,,,MIG-cade9db1-1a5a-5d9c-8368-68caf14f4282,"2,58",
ampere,0,vgg16_image,2g,1,sample,12,4.293471813201904,,,MIG-cade9db1-1a5a-5d9c-8368-68caf14f4282,"2,58",
ampere,0,vgg16_image,2g,1,sample,13,4.164383888244629,,,MIG-cade9db1-1a5a-5d9c-8368-68caf14f4282,"2,58",
ampere,0,vgg16_image,2g,1,sample,14,4.179903984069824,,,MIG-cade9db1-1a5a-5d9c-8368-68caf14f4282,"2,58",
ampere,0,vgg16_image,2g,1,sample,15,4.168352127075195,,,MIG-cade9db1-1a5a-5d9c-8368-68caf14f4282,"2,58",
ampere,0,vgg16_image,2g,1,sample,16,4.177279949188232,,,MIG-cade9db1-1a5a-5d9c-8368-68caf14f4282,"2,58",
ampere,0,vgg16_image,2g,1,sample,17,4.173759937286377,,,MIG-cade9db1-1a5a-5d9c-8368-68caf14f4282,"2,58",
ampere,0,vgg16_image,2g,1,sample,18,4.178783893585205,,,MIG-cade9db1-1a5a-5d9c-8368-68caf14f4282,"2,58",
ampere,0,vgg16_image,2g,1,sample,19,4.166816234588623,,,MIG-cade9db1-1a5a-5d9c-8368-68caf14f4282,"2,58",
ampere,0,vgg16_image,2g,1,sample,20,4.179232120513916,,,MIG-cade9db1-1a5a-5d9c-8368-68caf14f4282,"2,58",
ampere,0,vgg16_image,2g,1,sample,21,4.166783809661865,,,MIG-cade9db1-1a5a-5d9c-8368-68caf14f4282,"2,58",
ampere,0,vgg16_image,2g,1,sample,22,4.180543899536133,,,MIG-cade9db1-1a5a-5d9c-8368-68caf14f4282,"2,58",
ampere,0,vgg16_image,2g,1,sample,23,4.169919967651367,,,MIG-cade9db1-1a5a-5d9c-8368-68caf14f4282,"2,58",
ampere,0,vgg16_image,2g,1,sample,24,4.174752235412598,,,MIG-cade9db1-1a5a-5d9c-8368-68caf14f4282,"2,58",
ampere,0,vgg16_image,2g,1,sample,25,4.160639762878418,,,MIG-cade9db1-1a5a-5d9c-8368-68caf14f4282,"2,58",
ampere,0,vgg16_image,2g,1,sample,26,4.182528018951416,,,MIG-cade9db1-1a5a-5d9c-8368-68caf14f4282,"2,58",
ampere,0,vgg16_image,2g,1,sample,27,4.1763200759887695,,,MIG-cade9db1-1a5a-5d9c-8368-68caf14f4282,"2,58",
ampere,0,vgg16_image,2g,1,sample,28,4.178783893585205,,,MIG-cade9db1-1a5a-5d9c-8368-68caf14f4282,"2,58",
ampere,0,vgg16_image,2g,1,sample,29,4.1802239418029785,,,MIG-cade9db1-1a5a-5d9c-8368-68caf14f4282,"2,58",
ampere,0,vgg16_image,2g,1,sample,30,4.176703929901123,,,MIG-cade9db1-1a5a-5d9c-8368-68caf14f4282,"2,58",
ampere,0,vgg16_image,2g,1,sample,31,4.175903797149658,,,MIG-cade9db1-1a5a-5d9c-8368-68caf14f4282,"2,58",
ampere,0,vgg16_image,2g,1,sample,32,4.157760143280029,,,MIG-cade9db1-1a5a-5d9c-8368-68caf14f4282,"2,58",
ampere,0,vgg16_image,2g,1,sample,33,4.1796159744262695,,,MIG-cade9db1-1a5a-5d9c-8368-68caf14f4282,"2,58",
ampere,0,vgg16_image,2g,1,sample,34,4.178016185760498,,,MIG-cade9db1-1a5a-5d9c-8368-68caf14f4282,"2,58",
ampere,0,vgg16_image,2g,1,sample,35,4.177184104919434,,,MIG-cade9db1-1a5a-5d9c-8368-68caf14f4282,"2,58",
ampere,0,vgg16_image,2g,1,sample,36,4.174816131591797,,,MIG-cade9db1-1a5a-5d9c-8368-68caf14f4282,"2,58",
ampere,0,vgg16_image,2g,1,sample,37,4.178431987762451,,,MIG-cade9db1-1a5a-5d9c-8368-68caf14f4282,"2,58",
ampere,0,vgg16_image,2g,1,sample,38,4.171520233154297,,,MIG-cade9db1-1a5a-5d9c-8368-68caf14f4282,"2,58",
ampere,0,vgg16_image,2g,1,sample,39,4.178431987762451,,,MIG-cade9db1-1a5a-5d9c-8368-68caf14f4282,"2,58",
ampere,0,vgg16_image,2g,1,sample,40,4.178944110870361,,,MIG-cade9db1-1a5a-5d9c-8368-68caf14f4282,"2,58",
ampere,0,vgg16_image,2g,1,sample,41,4.165984153747559,,,MIG-cade9db1-1a5a-5d9c-8368-68caf14f4282,"2,58",
ampere,0,vgg16_image,2g,1,sample,42,4.180448055267334,,,MIG-cade9db1-1a5a-5d9c-8368-68caf14f4282,"2,58",
ampere,0,vgg16_image,2g,1,sample,43,4.1711039543151855,,,MIG-cade9db1-1a5a-5d9c-8368-68caf14f4282,"2,58",
ampere,0,vgg16_image,2g,1,sample,44,4.176544189453125,,,MIG-cade9db1-1a5a-5d9c-8368-68caf14f4282,"2,58",
ampere,0,vgg16_image,2g,1,sample,45,4.176767826080322,,,MIG-cade9db1-1a5a-5d9c-8368-68caf14f4282,"2,58",
ampere,0,vgg16_image,2g,1,sample,46,4.181151866912842,,,MIG-cade9db1-1a5a-5d9c-8368-68caf14f4282,"2,58",
ampere,0,vgg16_image,2g,1,sample,47,4.1756157875061035,,,MIG-cade9db1-1a5a-5d9c-8368-68caf14f4282,"2,58",
ampere,0,vgg16_image,2g,1,sample,48,4.175039768218994,,,MIG-cade9db1-1a5a-5d9c-8368-68caf14f4282,"2,58",
ampere,0,vgg16_image,2g,1,sample,49,4.181888103485107,,,MIG-cade9db1-1a5a-5d9c-8368-68caf14f4282,"2,58",
ampere,0,vgg16_image,2g,4,warmup,0,25.045120239257812,,,MIG-cade9db1-1a5a-5d9c-8368-68caf14f4282,"2,58",
ampere,0,vgg16_image,2g,4,warmup,1,10.827903747558594,,,MIG-cade9db1-1a5a-5d9c-8368-68caf14f4282,"2,58",
ampere,0,vgg16_image,2g,4,warmup,2,10.810208320617676,,,MIG-cade9db1-1a5a-5d9c-8368-68caf14f4282,"2,58",
ampere,0,vgg16_image,2g,4,warmup,3,10.818400382995605,,,MIG-cade9db1-1a5a-5d9c-8368-68caf14f4282,"2,58",
ampere,0,vgg16_image,2g,4,warmup,4,10.810367584228516,,,MIG-cade9db1-1a5a-5d9c-8368-68caf14f4282,"2,58",
ampere,0,vgg16_image,2g,4,warmup,5,10.814528465270996,,,MIG-cade9db1-1a5a-5d9c-8368-68caf14f4282,"2,58",
ampere,0,vgg16_image,2g,4,warmup,6,10.802911758422852,,,MIG-cade9db1-1a5a-5d9c-8368-68caf14f4282,"2,58",
ampere,0,vgg16_image,2g,4,warmup,7,10.808639526367188,,,MIG-cade9db1-1a5a-5d9c-8368-68caf14f4282,"2,58",
ampere,0,vgg16_image,2g,4,warmup,8,10.803008079528809,,,MIG-cade9db1-1a5a-5d9c-8368-68caf14f4282,"2,58",
ampere,0,vgg16_image,2g,4,warmup,9,10.809632301330566,,,MIG-cade9db1-1a5a-5d9c-8368-68caf14f4282,"2,58",
ampere,0,vgg16_image,2g,4,sample,0,10.840191841125488,,,MIG-cade9db1-1a5a-5d9c-8368-68caf14f4282,"2,58",
ampere,0,vgg16_image,2g,4,sample,1,10.836735725402832,,,MIG-cade9db1-1a5a-5d9c-8368-68caf14f4282,"2,58",
ampere,0,vgg16_image,2g,4,sample,2,10.838784217834473,,,MIG-cade9db1-1a5a-5d9c-8368-68caf14f4282,"2,58",
ampere,0,vgg16_image,2g,4,sample,3,10.836607933044434,,,MIG-cade9db1-1a5a-5d9c-8368-68caf14f4282,"2,58",
ampere,0,vgg16_image,2g,4,sample,4,10.833344459533691,,,MIG-cade9db1-1a5a-5d9c-8368-68caf14f4282,"2,58",
ampere,0,vgg16_image,2g,4,sample,5,10.833919525146484,,,MIG-cade9db1-1a5a-5d9c-8368-68caf14f4282,"2,58",
ampere,0,vgg16_image,2g,4,sample,6,10.829728126525879,,,MIG-cade9db1-1a5a-5d9c-8368-68caf14f4282,"2,58",
ampere,0,vgg16_image,2g,4,sample,7,10.832287788391113,,,MIG-cade9db1-1a5a-5d9c-8368-68caf14f4282,"2,58",
ampere,0,vgg16_image,2g,4,sample,8,10.832096099853516,,,MIG-cade9db1-1a5a-5d9c-8368-68caf14f4282,"2,58",
ampere,0,vgg16_image,2g,4,sample,9,10.834239959716797,,,MIG-cade9db1-1a5a-5d9c-8368-68caf14f4282,"2,58",
ampere,0,vgg16_image,2g,4,sample,10,10.828319549560547,,,MIG-cade9db1-1a5a-5d9c-8368-68caf14f4282,"2,58",
ampere,0,vgg16_image,2g,4,sample,11,10.827808380126953,,,MIG-cade9db1-1a5a-5d9c-8368-68caf14f4282,"2,58",
ampere,0,vgg16_image,2g,4,sample,12,10.829055786132812,,,MIG-cade9db1-1a5a-5d9c-8368-68caf14f4282,"2,58",
ampere,0,vgg16_image,2g,4,sample,13,10.83897590637207,,,MIG-cade9db1-1a5a-5d9c-8368-68caf14f4282,"2,58",
ampere,0,vgg16_image,2g,4,sample,14,10.830016136169434,,,MIG-cade9db1-1a5a-5d9c-8368-68caf14f4282,"2,58",
ampere,0,vgg16_image,2g,4,sample,15,10.837568283081055,,,MIG-cade9db1-1a5a-5d9c-8368-68caf14f4282,"2,58",
ampere,0,vgg16_image,2g,4,sample,16,10.830944061279297,,,MIG-cade9db1-1a5a-5d9c-8368-68caf14f4282,"2,58",
ampere,0,vgg16_image,2g,4,sample,17,10.83296012878418,,,MIG-cade9db1-1a5a-5d9c-8368-68caf14f4282,"2,58",
ampere,0,vgg16_image,2g,4,sample,18,10.836607933044434,,,MIG-cade9db1-1a5a-5d9c-8368-68caf14f4282,"2,58",
ampere,0,vgg16_image,2g,4,sample,19,10.845952033996582,,,MIG-cade9db1-1a5a-5d9c-8368-68caf14f4282,"2,58",
ampere,0,vgg16_image,2g,4,sample,20,10.885055541992188,,,MIG-cade9db1-1a5a-5d9c-8368-68caf14f4282,"2,58",
ampere,0,vgg16_image,2g,4,sample,21,10.841728210449219,,,MIG-cade9db1-1a5a-5d9c-8368-68caf14f4282,"2,58",
ampere,0,vgg16_image,2g,4,sample,22,10.83619213104248,,,MIG-cade9db1-1a5a-5d9c-8368-68caf14f4282,"2,58",
ampere,0,vgg16_image,2g,4,sample,23,10.831232070922852,,,MIG-cade9db1-1a5a-5d9c-8368-68caf14f4282,"2,58",
ampere,0,vgg16_image,2g,4,sample,24,10.835136413574219,,,MIG-cade9db1-1a5a-5d9c-8368-68caf14f4282,"2,58",
ampere,0,vgg16_image,2g,4,sample,25,10.832287788391113,,,MIG-cade9db1-1a5a-5d9c-8368-68caf14f4282,"2,58",
ampere,0,vgg16_image,2g,4,sample,26,10.831456184387207,,,MIG-cade9db1-1a5a-5d9c-8368-68caf14f4282,"2,58",
ampere,0,vgg16_image,2g,4,sample,27,10.831904411315918,,,MIG-cade9db1-1a5a-5d9c-8368-68caf14f4282,"2,58",
ampere,0,vgg16_image,2g,4,sample,28,10.83574390411377,,,MIG-cade9db1-1a5a-5d9c-8368-68caf14f4282,"2,58",
ampere,0,vgg16_image,2g,4,sample,29,10.840224266052246,,,MIG-cade9db1-1a5a-5d9c-8368-68caf14f4282,"2,58",
ampere,0,vgg16_image,2g,4,sample,30,10.846719741821289,,,MIG-cade9db1-1a5a-5d9c-8368-68caf14f4282,"2,58",
ampere,0,vgg16_image,2g,4,sample,31,10.839967727661133,,,MIG-cade9db1-1a5a-5d9c-8368-68caf14f4282,"2,58",
ampere,0,vgg16_image,2g,4,sample,32,10.844256401062012,,,MIG-cade9db1-1a5a-5d9c-8368-68caf14f4282,"2,58",
ampere,0,vgg16_image,2g,4,sample,33,10.832096099853516,,,MIG-cade9db1-1a5a-5d9c-8368-68caf14f4282,"2,58",
ampere,0,vgg16_image,2g,4,sample,34,10.827360153198242,,,MIG-cade9db1-1a5a-5d9c-8368-68caf14f4282,"2,58",
ampere,0,vgg16_image,2g,4,sample,35,10.834431648254395,,,MIG-cade9db1-1a5a-5d9c-8368-68caf14f4282,"2,58",
ampere,0,vgg16_image,2g,4,sample,36,10.831199645996094,,,MIG-cade9db1-1a5a-5d9c-8368-68caf14f4282,"2,58",
ampere,0,vgg16_image,2g,4,sample,37,10.840448379516602,,,MIG-cade9db1-1a5a-5d9c-8368-68caf14f4282,"2,58",
ampere,0,vgg16_image,2g,4,sample,38,10.83238410949707,,,MIG-cade9db1-1a5a-5d9c-8368-68caf14f4282,"2,58",
ampere,0,vgg16_image,2g,4,sample,39,10.832991600036621,,,MIG-cade9db1-1a5a-5d9c-8368-68caf14f4282,"2,58",
ampere,0,vgg16_image,2g,4,sample,40,10.835583686828613,,,MIG-cade9db1-1a5a-5d9c-8368-68caf14f4282,"2,58",
ampere,0,vgg16_image,2g,4,sample,41,10.835552215576172,,,MIG-cade9db1-1a5a-5d9c-8368-68caf14f4282,"2,58",
ampere,0,vgg16_image,2g,4,sample,42,10.827327728271484,,,MIG-cade9db1-1a5a-5d9c-8368-68caf14f4282,"2,58",
ampere,0,vgg16_image,2g,4,sample,43,10.824992179870605,,,MIG-cade9db1-1a5a-5d9c-8368-68caf14f4282,"2,58",
ampere,0,vgg16_image,2g,4,sample,44,10.842047691345215,,,MIG-cade9db1-1a5a-5d9c-8368-68caf14f4282,"2,58",
ampere,0,vgg16_image,2g,4,sample,45,10.834464073181152,,,MIG-cade9db1-1a5a-5d9c-8368-68caf14f4282,"2,58",
ampere,0,vgg16_image,2g,4,sample,46,10.83516788482666,,,MIG-cade9db1-1a5a-5d9c-8368-68caf14f4282,"2,58",
ampere,0,vgg16_image,2g,4,sample,47,10.836544036865234,,,MIG-cade9db1-1a5a-5d9c-8368-68caf14f4282,"2,58",
ampere,0,vgg16_image,2g,4,sample,48,10.836223602294922,,,MIG-cade9db1-1a5a-5d9c-8368-68caf14f4282,"2,58",
ampere,0,vgg16_image,2g,4,sample,49,10.829952239990234,,,MIG-cade9db1-1a5a-5d9c-8368-68caf14f4282,"2,58",
ampere,0,vgg16_image,2g,16,warmup,0,35.18201446533203,,,MIG-cade9db1-1a5a-5d9c-8368-68caf14f4282,"2,58",
ampere,0,vgg16_image,2g,16,warmup,1,33.5497932434082,,,MIG-cade9db1-1a5a-5d9c-8368-68caf14f4282,"2,58",
ampere,0,vgg16_image,2g,16,warmup,2,33.53500747680664,,,MIG-cade9db1-1a5a-5d9c-8368-68caf14f4282,"2,58",
ampere,0,vgg16_image,2g,16,warmup,3,33.53968048095703,,,MIG-cade9db1-1a5a-5d9c-8368-68caf14f4282,"2,58",
ampere,0,vgg16_image,2g,16,warmup,4,33.54102325439453,,,MIG-cade9db1-1a5a-5d9c-8368-68caf14f4282,"2,58",
ampere,0,vgg16_image,2g,16,warmup,5,33.54054260253906,,,MIG-cade9db1-1a5a-5d9c-8368-68caf14f4282,"2,58",
ampere,0,vgg16_image,2g,16,warmup,6,33.527103424072266,,,MIG-cade9db1-1a5a-5d9c-8368-68caf14f4282,"2,58",
ampere,0,vgg16_image,2g,16,warmup,7,33.543296813964844,,,MIG-cade9db1-1a5a-5d9c-8368-68caf14f4282,"2,58",
ampere,0,vgg16_image,2g,16,warmup,8,33.528350830078125,,,MIG-cade9db1-1a5a-5d9c-8368-68caf14f4282,"2,58",
ampere,0,vgg16_image,2g,16,warmup,9,33.539039611816406,,,MIG-cade9db1-1a5a-5d9c-8368-68caf14f4282,"2,58",
ampere,0,vgg16_image,2g,16,sample,0,33.536094665527344,,,MIG-cade9db1-1a5a-5d9c-8368-68caf14f4282,"2,58",
ampere,0,vgg16_image,2g,16,sample,1,33.538753509521484,,,MIG-cade9db1-1a5a-5d9c-8368-68caf14f4282,"2,58",
ampere,0,vgg16_image,2g,16,sample,2,33.53529739379883,,,MIG-cade9db1-1a5a-5d9c-8368-68caf14f4282,"2,58",
ampere,0,vgg16_image,2g,16,sample,3,33.543582916259766,,,MIG-cade9db1-1a5a-5d9c-8368-68caf14f4282,"2,58",
ampere,0,vgg16_image,2g,16,sample,4,33.537086486816406,,,MIG-cade9db1-1a5a-5d9c-8368-68caf14f4282,"2,58",
ampere,0,vgg16_image,2g,16,sample,5,33.55673599243164,,,MIG-cade9db1-1a5a-5d9c-8368-68caf14f4282,"2,58",
ampere,0,vgg16_image,2g,16,sample,6,33.53104019165039,,,MIG-cade9db1-1a5a-5d9c-8368-68caf14f4282,"2,58",
ampere,0,vgg16_image,2g,16,sample,7,33.52124786376953,,,MIG-cade9db1-1a5a-5d9c-8368-68caf14f4282,"2,58",
ampere,0,vgg16_image,2g,16,sample,8,33.529632568359375,,,MIG-cade9db1-1a5a-5d9c-8368-68caf14f4282,"2,58",
ampere,0,vgg16_image,2g,16,sample,9,33.536224365234375,,,MIG-cade9db1-1a5a-5d9c-8368-68caf14f4282,"2,58",
ampere,0,vgg16_image,2g,16,sample,10,33.58009719848633,,,MIG-cade9db1-1a5a-5d9c-8368-68caf14f4282,"2,58",
ampere,0,vgg16_image,2g,16,sample,11,33.53116989135742,,,MIG-cade9db1-1a5a-5d9c-8368-68caf14f4282,"2,58",
ampere,0,vgg16_image,2g,16,sample,12,33.53532791137695,,,MIG-cade9db1-1a5a-5d9c-8368-68caf14f4282,"2,58",
ampere,0,vgg16_image,2g,16,sample,13,33.55344009399414,,,MIG-cade9db1-1a5a-5d9c-8368-68caf14f4282,"2,58",
ampere,0,vgg16_image,2g,16,sample,14,33.53907012939453,,,MIG-cade9db1-1a5a-5d9c-8368-68caf14f4282,"2,58",
ampere,0,vgg16_image,2g,16,sample,15,33.5327033996582,,,MIG-cade9db1-1a5a-5d9c-8368-68caf14f4282,"2,58",
ampere,0,vgg16_image,2g,16,sample,16,33.548160552978516,,,MIG-cade9db1-1a5a-5d9c-8368-68caf14f4282,"2,58",
ampere,0,vgg16_image,2g,16,sample,17,33.54937744140625,,,MIG-cade9db1-1a5a-5d9c-8368-68caf14f4282,"2,58",
ampere,0,vgg16_image,2g,16,sample,18,33.51824188232422,,,MIG-cade9db1-1a5a-5d9c-8368-68caf14f4282,"2,58",
ampere,0,vgg16_image,2g,16,sample,19,33.537025451660156,,,MIG-cade9db1-1a5a-5d9c-8368-68caf14f4282,"2,58",
ampere,0,vgg16_image,2g,16,sample,20,33.53948974609375,,,MIG-cade9db1-1a5a-5d9c-8368-68caf14f4282,"2,58",
ampere,0,vgg16_image,2g,16,sample,21,33.5285758972168,,,MIG-cade9db1-1a5a-5d9c-8368-68caf14f4282,"2,58",
ampere,0,vgg16_image,2g,16,sample,22,33.524383544921875,,,MIG-cade9db1-1a5a-5d9c-8368-68caf14f4282,"2,58",
ampere,0,vgg16_image,2g,16,sample,23,33.53676986694336,,,MIG-cade9db1-1a5a-5d9c-8368-68caf14f4282,"2,58",
ampere,0,vgg16_image,2g,16,sample,24,33.53392028808594,,,MIG-cade9db1-1a5a-5d9c-8368-68caf14f4282,"2,58",
ampere,0,vgg16_image,2g,16,sample,25,33.54761505126953,,,MIG-cade9db1-1a5a-5d9c-8368-68caf14f4282,"2,58",
ampere,0,vgg16_image,2g,16,sample,26,33.54608154296875,,,MIG-cade9db1-1a5a-5d9c-8368-68caf14f4282,"2,58",
ampere,0,vgg16_image,2g,16,sample,27,33.522911071777344,,,MIG-cade9db1-1a5a-5d9c-8368-68caf14f4282,"2,58",
ampere,0,vgg16_image,2g,16,sample,28,33.53433609008789,,,MIG-cade9db1-1a5a-5d9c-8368-68caf14f4282,"2,58",
ampere,0,vgg16_image,2g,16,sample,29,33.53596878051758,,,MIG-cade9db1-1a5a-5d9c-8368-68caf14f4282,"2,58",
ampere,0,vgg16_image,2g,16,sample,30,33.54560089111328,,,MIG-cade9db1-1a5a-5d9c-8368-68caf14f4282,"2,58",
ampere,0,vgg16_image,2g,16,sample,31,33.534847259521484,,,MIG-cade9db1-1a5a-5d9c-8368-68caf14f4282,"2,58",
ampere,0,vgg16_image,2g,16,sample,32,33.52703857421875,,,MIG-cade9db1-1a5a-5d9c-8368-68caf14f4282,"2,58",
ampere,0,vgg16_image,2g,16,sample,33,33.54127883911133,,,MIG-cade9db1-1a5a-5d9c-8368-68caf14f4282,"2,58",
ampere,0,vgg16_image,2g,16,sample,34,33.545982360839844,,,MIG-cade9db1-1a5a-5d9c-8368-68caf14f4282,"2,58",
ampere,0,vgg16_image,2g,16,sample,35,33.53337478637695,,,MIG-cade9db1-1a5a-5d9c-8368-68caf14f4282,"2,58",
ampere,0,vgg16_image,2g,16,sample,36,33.53305435180664,,,MIG-cade9db1-1a5a-5d9c-8368-68caf14f4282,"2,58",
ampere,0,vgg16_image,2g,16,sample,37,33.56537628173828,,,MIG-cade9db1-1a5a-5d9c-8368-68caf14f4282,"2,58",
ampere,0,vgg16_image,2g,16,sample,38,33.548927307128906,,,MIG-cade9db1-1a5a-5d9c-8368-68caf14f4282,"2,58",
ampere,0,vgg16_image,2g,16,sample,39,33.53456115722656,,,MIG-cade9db1-1a5a-5d9c-8368-68caf14f4282,"2,58",
ampere,0,vgg16_image,2g,16,sample,40,33.57747268676758,,,MIG-cade9db1-1a5a-5d9c-8368-68caf14f4282,"2,58",
ampere,0,vgg16_image,2g,16,sample,41,33.553951263427734,,,MIG-cade9db1-1a5a-5d9c-8368-68caf14f4282,"2,58",
ampere,0,vgg16_image,2g,16,sample,42,33.53718566894531,,,MIG-cade9db1-1a5a-5d9c-8368-68caf14f4282,"2,58",
ampere,0,vgg16_image,2g,16,sample,43,33.52998352050781,,,MIG-cade9db1-1a5a-5d9c-8368-68caf14f4282,"2,58",
ampere,0,vgg16_image,2g,16,sample,44,33.515968322753906,,,MIG-cade9db1-1a5a-5d9c-8368-68caf14f4282,"2,58",
ampere,0,vgg16_image,2g,16,sample,45,33.549312591552734,,,MIG-cade9db1-1a5a-5d9c-8368-68caf14f4282,"2,58",
ampere,0,vgg16_image,2g,16,sample,46,33.53615951538086,,,MIG-cade9db1-1a5a-5d9c-8368-68caf14f4282,"2,58",
ampere,0,vgg16_image,2g,16,sample,47,33.52694320678711,,,MIG-cade9db1-1a5a-5d9c-8368-68caf14f4282,"2,58",
ampere,0,vgg16_image,2g,16,sample,48,33.543006896972656,,,MIG-cade9db1-1a5a-5d9c-8368-68caf14f4282,"2,58",
ampere,0,vgg16_image,2g,16,sample,49,33.531776428222656,,,MIG-cade9db1-1a5a-5d9c-8368-68caf14f4282,"2,58",
ampere,0,vgg16_image,2g,32,warmup,0,66.0931167602539,,,MIG-cade9db1-1a5a-5d9c-8368-68caf14f4282,"2,58",
ampere,0,vgg16_image,2g,32,warmup,1,64.70832061767578,,,MIG-cade9db1-1a5a-5d9c-8368-68caf14f4282,"2,58",
ampere,0,vgg16_image,2g,32,warmup,2,64.70909118652344,,,MIG-cade9db1-1a5a-5d9c-8368-68caf14f4282,"2,58",
ampere,0,vgg16_image,2g,32,warmup,3,64.74905395507812,,,MIG-cade9db1-1a5a-5d9c-8368-68caf14f4282,"2,58",
ampere,0,vgg16_image,2g,32,warmup,4,64.7074203491211,,,MIG-cade9db1-1a5a-5d9c-8368-68caf14f4282,"2,58",
ampere,0,vgg16_image,2g,32,warmup,5,64.69120025634766,,,MIG-cade9db1-1a5a-5d9c-8368-68caf14f4282,"2,58",
ampere,0,vgg16_image,2g,32,warmup,6,64.71305847167969,,,MIG-cade9db1-1a5a-5d9c-8368-68caf14f4282,"2,58",
ampere,0,vgg16_image,2g,32,warmup,7,64.70172882080078,,,MIG-cade9db1-1a5a-5d9c-8368-68caf14f4282,"2,58",
ampere,0,vgg16_image,2g,32,warmup,8,64.697021484375,,,MIG-cade9db1-1a5a-5d9c-8368-68caf14f4282,"2,58",
ampere,0,vgg16_image,2g,32,warmup,9,64.7014389038086,,,MIG-cade9db1-1a5a-5d9c-8368-68caf14f4282,"2,58",
ampere,0,vgg16_image,2g,32,sample,0,64.70374298095703,,,MIG-cade9db1-1a5a-5d9c-8368-68caf14f4282,"2,58",
ampere,0,vgg16_image,2g,32,sample,1,64.69353485107422,,,MIG-cade9db1-1a5a-5d9c-8368-68caf14f4282,"2,58",
ampere,0,vgg16_image,2g,32,sample,2,64.68953704833984,,,MIG-cade9db1-1a5a-5d9c-8368-68caf14f4282,"2,58",
ampere,0,vgg16_image,2g,32,sample,3,64.69891357421875,,,MIG-cade9db1-1a5a-5d9c-8368-68caf14f4282,"2,58",
ampere,0,vgg16_image,2g,32,sample,4,64.70735931396484,,,MIG-cade9db1-1a5a-5d9c-8368-68caf14f4282,"2,58",
ampere,0,vgg16_image,2g,32,sample,5,64.757568359375,,,MIG-cade9db1-1a5a-5d9c-8368-68caf14f4282,"2,58",
ampere,0,vgg16_image,2g,32,sample,6,64.69586944580078,,,MIG-cade9db1-1a5a-5d9c-8368-68caf14f4282,"2,58",
ampere,0,vgg16_image,2g,32,sample,7,64.6961898803711,,,MIG-cade9db1-1a5a-5d9c-8368-68caf14f4282,"2,58",
ampere,0,vgg16_image,2g,32,sample,8,64.67910766601562,,,MIG-cade9db1-1a5a-5d9c-8368-68caf14f4282,"2,58",
ampere,0,vgg16_image,2g,32,sample,9,64.68041229248047,,,MIG-cade9db1-1a5a-5d9c-8368-68caf14f4282,"2,58",
ampere,0,vgg16_image,2g,32,sample,10,64.70223999023438,,,MIG-cade9db1-1a5a-5d9c-8368-68caf14f4282,"2,58",
ampere,0,vgg16_image,2g,32,sample,11,64.7026596069336,,,MIG-cade9db1-1a5a-5d9c-8368-68caf14f4282,"2,58",
ampere,0,vgg16_image,2g,32,sample,12,64.7287368774414,,,MIG-cade9db1-1a5a-5d9c-8368-68caf14f4282,"2,58",
ampere,0,vgg16_image,2g,32,sample,13,64.69091033935547,,,MIG-cade9db1-1a5a-5d9c-8368-68caf14f4282,"2,58",
ampere,0,vgg16_image,2g,32,sample,14,64.6998062133789,,,MIG-cade9db1-1a5a-5d9c-8368-68caf14f4282,"2,58",
ampere,0,vgg16_image,2g,32,sample,15,64.6849594116211,,,MIG-cade9db1-1a5a-5d9c-8368-68caf14f4282,"2,58",
ampere,0,vgg16_image,2g,32,sample,16,64.71670532226562,,,MIG-cade9db1-1a5a-5d9c-8368-68caf14f4282,"2,58",
ampere,0,vgg16_image,2g,32,sample,17,64.68569946289062,,,MIG-cade9db1-1a5a-5d9c-8368-68caf14f4282,"2,58",
ampere,0,vgg16_image,2g,32,sample,18,64.71839904785156,,,MIG-cade9db1-1a5a-5d9c-8368-68caf14f4282,"2,58",
ampere,0,vgg16_image,2g,32,sample,19,64.68070220947266,,,MIG-cade9db1-1a5a-5d9c-8368-68caf14f4282,"2,58",
ampere,0,vgg16_image,2g,32,sample,20,64.6783676147461,,,MIG-cade9db1-1a5a-5d9c-8368-68caf14f4282,"2,58",
ampere,0,vgg16_image,2g,32,sample,21,64.67654418945312,,,MIG-cade9db1-1a5a-5d9c-8368-68caf14f4282,"2,58",
ampere,0,vgg16_image,2g,32,sample,22,64.72777557373047,,,MIG-cade9db1-1a5a-5d9c-8368-68caf14f4282,"2,58",
ampere,0,vgg16_image,2g,32,sample,23,64.69452667236328,,,MIG-cade9db1-1a5a-5d9c-8368-68caf14f4282,"2,58",
ampere,0,vgg16_image,2g,32,sample,24,64.64947509765625,,,MIG-cade9db1-1a5a-5d9c-8368-68caf14f4282,"2,58",
ampere,0,vgg16_image,2g,32,sample,25,64.648193359375,,,MIG-cade9db1-1a5a-5d9c-8368-68caf14f4282,"2,58",
ampere,0,vgg16_image,2g,32,sample,26,64.74198150634766,,,MIG-cade9db1-1a5a-5d9c-8368-68caf14f4282,"2,58",
ampere,0,vgg16_image,2g,32,sample,27,64.66095733642578,,,MIG-cade9db1-1a5a-5d9c-8368-68caf14f4282,"2,58",
ampere,0,vgg16_image,2g,32,sample,28,64.66365051269531,,,MIG-cade9db1-1a5a-5d9c-8368-68caf14f4282,"2,58",
ampere,0,vgg16_image,2g,32,sample,29,64.68828582763672,,,MIG-cade9db1-1a5a-5d9c-8368-68caf14f4282,"2,58",
ampere,0,vgg16_image,2g,32,sample,30,64.65650939941406,,,MIG-cade9db1-1a5a-5d9c-8368-68caf14f4282,"2,58",
ampere,0,vgg16_image,2g,32,sample,31,64.64390563964844,,,MIG-cade9db1-1a5a-5d9c-8368-68caf14f4282,"2,58",
ampere,0,vgg16_image,2g,32,sample,32,64.6467514038086,,,MIG-cade9db1-1a5a-5d9c-8368-68caf14f4282,"2,58",
ampere,0,vgg16_image,2g,32,sample,33,64.65904235839844,,,MIG-cade9db1-1a5a-5d9c-8368-68caf14f4282,"2,58",
ampere,0,vgg16_image,2g,32,sample,34,64.64864349365234,,,MIG-cade9db1-1a5a-5d9c-8368-68caf14f4282,"2,58",
ampere,0,vgg16_image,2g,32,sample,35,64.65411376953125,,,MIG-cade9db1-1a5a-5d9c-8368-68caf14f4282,"2,58",
ampere,0,vgg16_image,2g,32,sample,36,64.63577270507812,,,MIG-cade9db1-1a5a-5d9c-8368-68caf14f4282,"2,58",
ampere,0,vgg16_image,2g,32,sample,37,64.67235565185547,,,MIG-cade9db1-1a5a-5d9c-8368-68caf14f4282,"2,58",
ampere,0,vgg16_image,2g,32,sample,38,64.65849304199219,,,MIG-cade9db1-1a5a-5d9c-8368-68caf14f4282,"2,58",
ampere,0,vgg16_image,2g,32,sample,39,64.69859313964844,,,MIG-cade9db1-1a5a-5d9c-8368-68caf14f4282,"2,58",
ampere,0,vgg16_image,2g,32,sample,40,64.6627197265625,,,MIG-cade9db1-1a5a-5d9c-8368-68caf14f4282,"2,58",
ampere,0,vgg16_image,2g,32,sample,41,64.66758728027344,,,MIG-cade9db1-1a5a-5d9c-8368-68caf14f4282,"2,58",
ampere,0,vgg16_image,2g,32,sample,42,64.64892578125,,,MIG-cade9db1-1a5a-5d9c-8368-68caf14f4282,"2,58",
ampere,0,vgg16_image,2g,32,sample,43,64.65030670166016,,,MIG-cade9db1-1a5a-5d9c-8368-68caf14f4282,"2,58",
ampere,0,vgg16_image,2g,32,sample,44,64.6435546875,,,MIG-cade9db1-1a5a-5d9c-8368-68caf14f4282,"2,58",
ampere,0,vgg16_image,2g,32,sample,45,64.6390380859375,,,MIG-cade9db1-1a5a-5d9c-8368-68caf14f4282,"2,58",
ampere,0,vgg16_image,2g,32,sample,46,64.68742370605469,,,MIG-cade9db1-1a5a-5d9c-8368-68caf14f4282,"2,58",
ampere,0,vgg16_image,2g,32,sample,47,64.63174438476562,,,MIG-cade9db1-1a5a-5d9c-8368-68caf14f4282,"2,58",
ampere,0,vgg16_image,2g,32,sample,48,64.65001678466797,,,MIG-cade9db1-1a5a-5d9c-8368-68caf14f4282,"2,58",
ampere,0,vgg16_image,2g,32,sample,49,64.6437759399414,,,MIG-cade9db1-1a5a-5d9c-8368-68caf14f4282,"2,58",
ampere,0,vgg16_image,2g,64,warmup,0,129.66067504882812,,,MIG-cade9db1-1a5a-5d9c-8368-68caf14f4282,"2,58",
ampere,0,vgg16_image,2g,64,warmup,1,127.56588745117188,,,MIG-cade9db1-1a5a-5d9c-8368-68caf14f4282,"2,58",
ampere,0,vgg16_image,2g,64,warmup,2,127.55532836914062,,,MIG-cade9db1-1a5a-5d9c-8368-68caf14f4282,"2,58",
ampere,0,vgg16_image,2g,64,warmup,3,127.54883575439453,,,MIG-cade9db1-1a5a-5d9c-8368-68caf14f4282,"2,58",
ampere,0,vgg16_image,2g,64,warmup,4,127.58454132080078,,,MIG-cade9db1-1a5a-5d9c-8368-68caf14f4282,"2,58",
ampere,0,vgg16_image,2g,64,warmup,5,127.55411529541016,,,MIG-cade9db1-1a5a-5d9c-8368-68caf14f4282,"2,58",
ampere,0,vgg16_image,2g,64,warmup,6,127.58985900878906,,,MIG-cade9db1-1a5a-5d9c-8368-68caf14f4282,"2,58",
ampere,0,vgg16_image,2g,64,warmup,7,127.58943939208984,,,MIG-cade9db1-1a5a-5d9c-8368-68caf14f4282,"2,58",
ampere,0,vgg16_image,2g,64,warmup,8,127.57398223876953,,,MIG-cade9db1-1a5a-5d9c-8368-68caf14f4282,"2,58",
ampere,0,vgg16_image,2g,64,warmup,9,127.54844665527344,,,MIG-cade9db1-1a5a-5d9c-8368-68caf14f4282,"2,58",
ampere,0,vgg16_image,2g,64,sample,0,127.5862045288086,,,MIG-cade9db1-1a5a-5d9c-8368-68caf14f4282,"2,58",
ampere,0,vgg16_image,2g,64,sample,1,127.6297607421875,,,MIG-cade9db1-1a5a-5d9c-8368-68caf14f4282,"2,58",
ampere,0,vgg16_image,2g,64,sample,2,127.56297302246094,,,MIG-cade9db1-1a5a-5d9c-8368-68caf14f4282,"2,58",
ampere,0,vgg16_image,2g,64,sample,3,127.55651092529297,,,MIG-cade9db1-1a5a-5d9c-8368-68caf14f4282,"2,58",
ampere,0,vgg16_image,2g,64,sample,4,127.5373764038086,,,MIG-cade9db1-1a5a-5d9c-8368-68caf14f4282,"2,58",
ampere,0,vgg16_image,2g,64,sample,5,127.55398559570312,,,MIG-cade9db1-1a5a-5d9c-8368-68caf14f4282,"2,58",
ampere,0,vgg16_image,2g,64,sample,6,127.53324890136719,,,MIG-cade9db1-1a5a-5d9c-8368-68caf14f4282,"2,58",
ampere,0,vgg16_image,2g,64,sample,7,127.55824279785156,,,MIG-cade9db1-1a5a-5d9c-8368-68caf14f4282,"2,58",
ampere,0,vgg16_image,2g,64,sample,8,127.55516815185547,,,MIG-cade9db1-1a5a-5d9c-8368-68caf14f4282,"2,58",
ampere,0,vgg16_image,2g,64,sample,9,127.58064270019531,,,MIG-cade9db1-1a5a-5d9c-8368-68caf14f4282,"2,58",
ampere,0,vgg16_image,2g,64,sample,10,127.60281372070312,,,MIG-cade9db1-1a5a-5d9c-8368-68caf14f4282,"2,58",
ampere,0,vgg16_image,2g,64,sample,11,127.58668518066406,,,MIG-cade9db1-1a5a-5d9c-8368-68caf14f4282,"2,58",
ampere,0,vgg16_image,2g,64,sample,12,127.56793975830078,,,MIG-cade9db1-1a5a-5d9c-8368-68caf14f4282,"2,58",
ampere,0,vgg16_image,2g,64,sample,13,127.5481948852539,,,MIG-cade9db1-1a5a-5d9c-8368-68caf14f4282,"2,58",
ampere,0,vgg16_image,2g,64,sample,14,127.55625915527344,,,MIG-cade9db1-1a5a-5d9c-8368-68caf14f4282,"2,58",
ampere,0,vgg16_image,2g,64,sample,15,127.67692565917969,,,MIG-cade9db1-1a5a-5d9c-8368-68caf14f4282,"2,58",
ampere,0,vgg16_image,2g,64,sample,16,127.55471801757812,,,MIG-cade9db1-1a5a-5d9c-8368-68caf14f4282,"2,58",
ampere,0,vgg16_image,2g,64,sample,17,127.61507415771484,,,MIG-cade9db1-1a5a-5d9c-8368-68caf14f4282,"2,58",
ampere,0,vgg16_image,2g,64,sample,18,127.57315063476562,,,MIG-cade9db1-1a5a-5d9c-8368-68caf14f4282,"2,58",
ampere,0,vgg16_image,2g,64,sample,19,127.56249237060547,,,MIG-cade9db1-1a5a-5d9c-8368-68caf14f4282,"2,58",
ampere,0,vgg16_image,2g,64,sample,20,127.56243133544922,,,MIG-cade9db1-1a5a-5d9c-8368-68caf14f4282,"2,58",
ampere,0,vgg16_image,2g,64,sample,21,127.58604431152344,,,MIG-cade9db1-1a5a-5d9c-8368-68caf14f4282,"2,58",
ampere,0,vgg16_image,2g,64,sample,22,127.57341003417969,,,MIG-cade9db1-1a5a-5d9c-8368-68caf14f4282,"2,58",
ampere,0,vgg16_image,2g,64,sample,23,127.59065246582031,,,MIG-cade9db1-1a5a-5d9c-8368-68caf14f4282,"2,58",
ampere,0,vgg16_image,2g,64,sample,24,127.56086730957031,,,MIG-cade9db1-1a5a-5d9c-8368-68caf14f4282,"2,58",
ampere,0,vgg16_image,2g,64,sample,25,127.59478759765625,,,MIG-cade9db1-1a5a-5d9c-8368-68caf14f4282,"2,58",
ampere,0,vgg16_image,2g,64,sample,26,127.56681823730469,,,MIG-cade9db1-1a5a-5d9c-8368-68caf14f4282,"2,58",
ampere,0,vgg16_image,2g,64,sample,27,127.57952117919922,,,MIG-cade9db1-1a5a-5d9c-8368-68caf14f4282,"2,58",
ampere,0,vgg16_image,2g,64,sample,28,127.6022720336914,,,MIG-cade9db1-1a5a-5d9c-8368-68caf14f4282,"2,58",
ampere,0,vgg16_image,2g,64,sample,29,127.56463623046875,,,MIG-cade9db1-1a5a-5d9c-8368-68caf14f4282,"2,58",
ampere,0,vgg16_image,2g,64,sample,30,127.57276916503906,,,MIG-cade9db1-1a5a-5d9c-8368-68caf14f4282,"2,58",
ampere,0,vgg16_image,2g,64,sample,31,127.57794952392578,,,MIG-cade9db1-1a5a-5d9c-8368-68caf14f4282,"2,58",
ampere,0,vgg16_image,2g,64,sample,32,127.60163116455078,,,MIG-cade9db1-1a5a-5d9c-8368-68caf14f4282,"2,58",
ampere,0,vgg16_image,2g,64,sample,33,127.59228515625,,,MIG-cade9db1-1a5a-5d9c-8368-68caf14f4282,"2,58",
ampere,0,vgg16_image,2g,64,sample,34,127.60601806640625,,,MIG-cade9db1-1a5a-5d9c-8368-68caf14f4282,"2,58",
ampere,0,vgg16_image,2g,64,sample,35,127.59977722167969,,,MIG-cade9db1-1a5a-5d9c-8368-68caf14f4282,"2,58",
ampere,0,vgg16_image,2g,64,sample,36,127.61622619628906,,,MIG-cade9db1-1a5a-5d9c-8368-68caf14f4282,"2,58",
ampere,0,vgg16_image,2g,64,sample,37,127.56259155273438,,,MIG-cade9db1-1a5a-5d9c-8368-68caf14f4282,"2,58",
ampere,0,vgg16_image,2g,64,sample,38,127.53062438964844,,,MIG-cade9db1-1a5a-5d9c-8368-68caf14f4282,"2,58",
ampere,0,vgg16_image,2g,64,sample,39,127.5633316040039,,,MIG-cade9db1-1a5a-5d9c-8368-68caf14f4282,"2,58",
ampere,0,vgg16_image,2g,64,sample,40,127.54061126708984,,,MIG-cade9db1-1a5a-5d9c-8368-68caf14f4282,"2,58",
ampere,0,vgg16_image,2g,64,sample,41,127.58780670166016,,,MIG-cade9db1-1a5a-5d9c-8368-68caf14f4282,"2,58",
ampere,0,vgg16_image,2g,64,sample,42,127.56893157958984,,,MIG-cade9db1-1a5a-5d9c-8368-68caf14f4282,"2,58",
ampere,0,vgg16_image,2g,64,sample,43,127.59523010253906,,,MIG-cade9db1-1a5a-5d9c-8368-68caf14f4282,"2,58",
ampere,0,vgg16_image,2g,64,sample,44,127.56253051757812,,,MIG-cade9db1-1a5a-5d9c-8368-68caf14f4282,"2,58",
ampere,0,vgg16_image,2g,64,sample,45,127.62397003173828,,,MIG-cade9db1-1a5a-5d9c-8368-68caf14f4282,"2,58",
ampere,0,vgg16_image,2g,64,sample,46,127.55260467529297,,,MIG-cade9db1-1a5a-5d9c-8368-68caf14f4282,"2,58",
ampere,0,vgg16_image,2g,64,sample,47,127.60518646240234,,,MIG-cade9db1-1a5a-5d9c-8368-68caf14f4282,"2,58",
ampere,0,vgg16_image,2g,64,sample,48,127.58057403564453,,,MIG-cade9db1-1a5a-5d9c-8368-68caf14f4282,"2,58",
ampere,0,vgg16_image,2g,64,sample,49,127.58134460449219,,,MIG-cade9db1-1a5a-5d9c-8368-68caf14f4282,"2,58",
ampere,0,vit_base_image,2g,1,warmup,0,12.680000305175781,,,MIG-cade9db1-1a5a-5d9c-8368-68caf14f4282,"2,58",
ampere,0,vit_base_image,2g,1,warmup,1,10.790559768676758,,,MIG-cade9db1-1a5a-5d9c-8368-68caf14f4282,"2,58",
ampere,0,vit_base_image,2g,1,warmup,2,10.725215911865234,,,MIG-cade9db1-1a5a-5d9c-8368-68caf14f4282,"2,58",
ampere,0,vit_base_image,2g,1,warmup,3,10.720288276672363,,,MIG-cade9db1-1a5a-5d9c-8368-68caf14f4282,"2,58",
ampere,0,vit_base_image,2g,1,warmup,4,10.71183967590332,,,MIG-cade9db1-1a5a-5d9c-8368-68caf14f4282,"2,58",
ampere,0,vit_base_image,2g,1,warmup,5,10.713600158691406,,,MIG-cade9db1-1a5a-5d9c-8368-68caf14f4282,"2,58",
ampere,0,vit_base_image,2g,1,warmup,6,10.709471702575684,,,MIG-cade9db1-1a5a-5d9c-8368-68caf14f4282,"2,58",
ampere,0,vit_base_image,2g,1,warmup,7,10.705856323242188,,,MIG-cade9db1-1a5a-5d9c-8368-68caf14f4282,"2,58",
ampere,0,vit_base_image,2g,1,warmup,8,10.704832077026367,,,MIG-cade9db1-1a5a-5d9c-8368-68caf14f4282,"2,58",
ampere,0,vit_base_image,2g,1,warmup,9,10.710335731506348,,,MIG-cade9db1-1a5a-5d9c-8368-68caf14f4282,"2,58",
ampere,0,vit_base_image,2g,1,sample,0,10.729791641235352,,,MIG-cade9db1-1a5a-5d9c-8368-68caf14f4282,"2,58",
ampere,0,vit_base_image,2g,1,sample,1,10.734016418457031,,,MIG-cade9db1-1a5a-5d9c-8368-68caf14f4282,"2,58",
ampere,0,vit_base_image,2g,1,sample,2,10.73305606842041,,,MIG-cade9db1-1a5a-5d9c-8368-68caf14f4282,"2,58",
ampere,0,vit_base_image,2g,1,sample,3,10.73641586303711,,,MIG-cade9db1-1a5a-5d9c-8368-68caf14f4282,"2,58",
ampere,0,vit_base_image,2g,1,sample,4,10.73084831237793,,,MIG-cade9db1-1a5a-5d9c-8368-68caf14f4282,"2,58",
ampere,0,vit_base_image,2g,1,sample,5,10.731712341308594,,,MIG-cade9db1-1a5a-5d9c-8368-68caf14f4282,"2,58",
ampere,0,vit_base_image,2g,1,sample,6,10.724063873291016,,,MIG-cade9db1-1a5a-5d9c-8368-68caf14f4282,"2,58",
ampere,0,vit_base_image,2g,1,sample,7,10.72655963897705,,,MIG-cade9db1-1a5a-5d9c-8368-68caf14f4282,"2,58",
ampere,0,vit_base_image,2g,1,sample,8,10.733440399169922,,,MIG-cade9db1-1a5a-5d9c-8368-68caf14f4282,"2,58",
ampere,0,vit_base_image,2g,1,sample,9,10.735872268676758,,,MIG-cade9db1-1a5a-5d9c-8368-68caf14f4282,"2,58",
ampere,0,vit_base_image,2g,1,sample,10,10.726367950439453,,,MIG-cade9db1-1a5a-5d9c-8368-68caf14f4282,"2,58",
ampere,0,vit_base_image,2g,1,sample,11,10.722368240356445,,,MIG-cade9db1-1a5a-5d9c-8368-68caf14f4282,"2,58",
ampere,0,vit_base_image,2g,1,sample,12,10.727583885192871,,,MIG-cade9db1-1a5a-5d9c-8368-68caf14f4282,"2,58",
ampere,0,vit_base_image,2g,1,sample,13,10.729536056518555,,,MIG-cade9db1-1a5a-5d9c-8368-68caf14f4282,"2,58",
ampere,0,vit_base_image,2g,1,sample,14,10.731040000915527,,,MIG-cade9db1-1a5a-5d9c-8368-68caf14f4282,"2,58",
ampere,0,vit_base_image,2g,1,sample,15,10.724767684936523,,,MIG-cade9db1-1a5a-5d9c-8368-68caf14f4282,"2,58",
ampere,0,vit_base_image,2g,1,sample,16,10.722944259643555,,,MIG-cade9db1-1a5a-5d9c-8368-68caf14f4282,"2,58",
ampere,0,vit_base_image,2g,1,sample,17,10.733152389526367,,,MIG-cade9db1-1a5a-5d9c-8368-68caf14f4282,"2,58",
ampere,0,vit_base_image,2g,1,sample,18,10.724736213684082,,,MIG-cade9db1-1a5a-5d9c-8368-68caf14f4282,"2,58",
ampere,0,vit_base_image,2g,1,sample,19,10.739839553833008,,,MIG-cade9db1-1a5a-5d9c-8368-68caf14f4282,"2,58",
ampere,0,vit_base_image,2g,1,sample,20,10.724032402038574,,,MIG-cade9db1-1a5a-5d9c-8368-68caf14f4282,"2,58",
ampere,0,vit_base_image,2g,1,sample,21,10.7324800491333,,,MIG-cade9db1-1a5a-5d9c-8368-68caf14f4282,"2,58",
ampere,0,vit_base_image,2g,1,sample,22,10.728192329406738,,,MIG-cade9db1-1a5a-5d9c-8368-68caf14f4282,"2,58",
ampere,0,vit_base_image,2g,1,sample,23,10.729151725769043,,,MIG-cade9db1-1a5a-5d9c-8368-68caf14f4282,"2,58",
ampere,0,vit_base_image,2g,1,sample,24,10.725536346435547,,,MIG-cade9db1-1a5a-5d9c-8368-68caf14f4282,"2,58",
ampere,0,vit_base_image,2g,1,sample,25,10.720352172851562,,,MIG-cade9db1-1a5a-5d9c-8368-68caf14f4282,"2,58",
ampere,0,vit_base_image,2g,1,sample,26,10.732992172241211,,,MIG-cade9db1-1a5a-5d9c-8368-68caf14f4282,"2,58",
ampere,0,vit_base_image,2g,1,sample,27,10.726112365722656,,,MIG-cade9db1-1a5a-5d9c-8368-68caf14f4282,"2,58",
ampere,0,vit_base_image,2g,1,sample,28,10.737279891967773,,,MIG-cade9db1-1a5a-5d9c-8368-68caf14f4282,"2,58",
ampere,0,vit_base_image,2g,1,sample,29,10.731072425842285,,,MIG-cade9db1-1a5a-5d9c-8368-68caf14f4282,"2,58",
ampere,0,vit_base_image,2g,1,sample,30,10.745023727416992,,,MIG-cade9db1-1a5a-5d9c-8368-68caf14f4282,"2,58",
ampere,0,vit_base_image,2g,1,sample,31,10.73084831237793,,,MIG-cade9db1-1a5a-5d9c-8368-68caf14f4282,"2,58",
ampere,0,vit_base_image,2g,1,sample,32,10.732224464416504,,,MIG-cade9db1-1a5a-5d9c-8368-68caf14f4282,"2,58",
ampere,0,vit_base_image,2g,1,sample,33,10.72544002532959,,,MIG-cade9db1-1a5a-5d9c-8368-68caf14f4282,"2,58",
ampere,0,vit_base_image,2g,1,sample,34,10.730560302734375,,,MIG-cade9db1-1a5a-5d9c-8368-68caf14f4282,"2,58",
ampere,0,vit_base_image,2g,1,sample,35,10.73641586303711,,,MIG-cade9db1-1a5a-5d9c-8368-68caf14f4282,"2,58",
ampere,0,vit_base_image,2g,1,sample,36,10.73193645477295,,,MIG-cade9db1-1a5a-5d9c-8368-68caf14f4282,"2,58",
ampere,0,vit_base_image,2g,1,sample,37,10.736224174499512,,,MIG-cade9db1-1a5a-5d9c-8368-68caf14f4282,"2,58",
ampere,0,vit_base_image,2g,1,sample,38,10.733983993530273,,,MIG-cade9db1-1a5a-5d9c-8368-68caf14f4282,"2,58",
ampere,0,vit_base_image,2g,1,sample,39,10.7359037399292,,,MIG-cade9db1-1a5a-5d9c-8368-68caf14f4282,"2,58",
ampere,0,vit_base_image,2g,1,sample,40,10.730143547058105,,,MIG-cade9db1-1a5a-5d9c-8368-68caf14f4282,"2,58",
ampere,0,vit_base_image,2g,1,sample,41,10.751423835754395,,,MIG-cade9db1-1a5a-5d9c-8368-68caf14f4282,"2,58",
ampere,0,vit_base_image,2g,1,sample,42,10.731103897094727,,,MIG-cade9db1-1a5a-5d9c-8368-68caf14f4282,"2,58",
ampere,0,vit_base_image,2g,1,sample,43,10.730400085449219,,,MIG-cade9db1-1a5a-5d9c-8368-68caf14f4282,"2,58",
ampere,0,vit_base_image,2g,1,sample,44,10.725760459899902,,,MIG-cade9db1-1a5a-5d9c-8368-68caf14f4282,"2,58",
ampere,0,vit_base_image,2g,1,sample,45,11.007295608520508,,,MIG-cade9db1-1a5a-5d9c-8368-68caf14f4282,"2,58",
ampere,0,vit_base_image,2g,1,sample,46,10.733407974243164,,,MIG-cade9db1-1a5a-5d9c-8368-68caf14f4282,"2,58",
ampere,0,vit_base_image,2g,1,sample,47,10.731488227844238,,,MIG-cade9db1-1a5a-5d9c-8368-68caf14f4282,"2,58",
ampere,0,vit_base_image,2g,1,sample,48,10.742143630981445,,,MIG-cade9db1-1a5a-5d9c-8368-68caf14f4282,"2,58",
ampere,0,vit_base_image,2g,1,sample,49,10.735008239746094,,,MIG-cade9db1-1a5a-5d9c-8368-68caf14f4282,"2,58",
ampere,0,vit_base_image,2g,4,warmup,0,49.914337158203125,,,MIG-cade9db1-1a5a-5d9c-8368-68caf14f4282,"2,58",
ampere,0,vit_base_image,2g,4,warmup,1,36.86483383178711,,,MIG-cade9db1-1a5a-5d9c-8368-68caf14f4282,"2,58",
ampere,0,vit_base_image,2g,4,warmup,2,36.894657135009766,,,MIG-cade9db1-1a5a-5d9c-8368-68caf14f4282,"2,58",
ampere,0,vit_base_image,2g,4,warmup,3,36.87491226196289,,,MIG-cade9db1-1a5a-5d9c-8368-68caf14f4282,"2,58",
ampere,0,vit_base_image,2g,4,warmup,4,36.88771057128906,,,MIG-cade9db1-1a5a-5d9c-8368-68caf14f4282,"2,58",
ampere,0,vit_base_image,2g,4,warmup,5,36.87811279296875,,,MIG-cade9db1-1a5a-5d9c-8368-68caf14f4282,"2,58",
ampere,0,vit_base_image,2g,4,warmup,6,36.87958526611328,,,MIG-cade9db1-1a5a-5d9c-8368-68caf14f4282,"2,58",
ampere,0,vit_base_image,2g,4,warmup,7,36.89766311645508,,,MIG-cade9db1-1a5a-5d9c-8368-68caf14f4282,"2,58",
ampere,0,vit_base_image,2g,4,warmup,8,36.89775848388672,,,MIG-cade9db1-1a5a-5d9c-8368-68caf14f4282,"2,58",
ampere,0,vit_base_image,2g,4,warmup,9,36.89110565185547,,,MIG-cade9db1-1a5a-5d9c-8368-68caf14f4282,"2,58",
ampere,0,vit_base_image,2g,4,sample,0,36.89100646972656,,,MIG-cade9db1-1a5a-5d9c-8368-68caf14f4282,"2,58",
ampere,0,vit_base_image,2g,4,sample,1,36.87692642211914,,,MIG-cade9db1-1a5a-5d9c-8368-68caf14f4282,"2,58",
ampere,0,vit_base_image,2g,4,sample,2,36.89059066772461,,,MIG-cade9db1-1a5a-5d9c-8368-68caf14f4282,"2,58",
ampere,0,vit_base_image,2g,4,sample,3,36.87625503540039,,,MIG-cade9db1-1a5a-5d9c-8368-68caf14f4282,"2,58",
ampere,0,vit_base_image,2g,4,sample,4,36.9035530090332,,,MIG-cade9db1-1a5a-5d9c-8368-68caf14f4282,"2,58",
ampere,0,vit_base_image,2g,4,sample,5,36.884769439697266,,,MIG-cade9db1-1a5a-5d9c-8368-68caf14f4282,"2,58",
ampere,0,vit_base_image,2g,4,sample,6,36.87081527709961,,,MIG-cade9db1-1a5a-5d9c-8368-68caf14f4282,"2,58",
ampere,0,vit_base_image,2g,4,sample,7,36.8939208984375,,,MIG-cade9db1-1a5a-5d9c-8368-68caf14f4282,"2,58",
ampere,0,vit_base_image,2g,4,sample,8,36.86912155151367,,,MIG-cade9db1-1a5a-5d9c-8368-68caf14f4282,"2,58",
ampere,0,vit_base_image,2g,4,sample,9,36.89865493774414,,,MIG-cade9db1-1a5a-5d9c-8368-68caf14f4282,"2,58",
ampere,0,vit_base_image,2g,4,sample,10,36.876129150390625,,,MIG-cade9db1-1a5a-5d9c-8368-68caf14f4282,"2,58",
ampere,0,vit_base_image,2g,4,sample,11,36.89888000488281,,,MIG-cade9db1-1a5a-5d9c-8368-68caf14f4282,"2,58",
ampere,0,vit_base_image,2g,4,sample,12,36.890689849853516,,,MIG-cade9db1-1a5a-5d9c-8368-68caf14f4282,"2,58",
ampere,0,vit_base_image,2g,4,sample,13,36.90217590332031,,,MIG-cade9db1-1a5a-5d9c-8368-68caf14f4282,"2,58",
ampere,0,vit_base_image,2g,4,sample,14,36.89603042602539,,,MIG-cade9db1-1a5a-5d9c-8368-68caf14f4282,"2,58",
ampere,0,vit_base_image,2g,4,sample,15,36.8902702331543,,,MIG-cade9db1-1a5a-5d9c-8368-68caf14f4282,"2,58",
ampere,0,vit_base_image,2g,4,sample,16,36.890655517578125,,,MIG-cade9db1-1a5a-5d9c-8368-68caf14f4282,"2,58",
ampere,0,vit_base_image,2g,4,sample,17,36.894622802734375,,,MIG-cade9db1-1a5a-5d9c-8368-68caf14f4282,"2,58",
ampere,0,vit_base_image,2g,4,sample,18,36.8961296081543,,,MIG-cade9db1-1a5a-5d9c-8368-68caf14f4282,"2,58",
ampere,0,vit_base_image,2g,4,sample,19,36.90131378173828,,,MIG-cade9db1-1a5a-5d9c-8368-68caf14f4282,"2,58",
ampere,0,vit_base_image,2g,4,sample,20,36.885406494140625,,,MIG-cade9db1-1a5a-5d9c-8368-68caf14f4282,"2,58",
ampere,0,vit_base_image,2g,4,sample,21,36.88467025756836,,,MIG-cade9db1-1a5a-5d9c-8368-68caf14f4282,"2,58",
ampere,0,vit_base_image,2g,4,sample,22,36.9147834777832,,,MIG-cade9db1-1a5a-5d9c-8368-68caf14f4282,"2,58",
ampere,0,vit_base_image,2g,4,sample,23,36.90016174316406,,,MIG-cade9db1-1a5a-5d9c-8368-68caf14f4282,"2,58",
ampere,0,vit_base_image,2g,4,sample,24,36.88556671142578,,,MIG-cade9db1-1a5a-5d9c-8368-68caf14f4282,"2,58",
ampere,0,vit_base_image,2g,4,sample,25,36.884830474853516,,,MIG-cade9db1-1a5a-5d9c-8368-68caf14f4282,"2,58",
ampere,0,vit_base_image,2g,4,sample,26,36.89875030517578,,,MIG-cade9db1-1a5a-5d9c-8368-68caf14f4282,"2,58",
ampere,0,vit_base_image,2g,4,sample,27,36.89692687988281,,,MIG-cade9db1-1a5a-5d9c-8368-68caf14f4282,"2,58",
ampere,0,vit_base_image,2g,4,sample,28,36.85686492919922,,,MIG-cade9db1-1a5a-5d9c-8368-68caf14f4282,"2,58",
ampere,0,vit_base_image,2g,4,sample,29,36.77062225341797,,,MIG-cade9db1-1a5a-5d9c-8368-68caf14f4282,"2,58",
ampere,0,vit_base_image,2g,4,sample,30,36.75727844238281,,,MIG-cade9db1-1a5a-5d9c-8368-68caf14f4282,"2,58",
ampere,0,vit_base_image,2g,4,sample,31,36.811038970947266,,,MIG-cade9db1-1a5a-5d9c-8368-68caf14f4282,"2,58",
ampere,0,vit_base_image,2g,4,sample,32,36.89539337158203,,,MIG-cade9db1-1a5a-5d9c-8368-68caf14f4282,"2,58",
ampere,0,vit_base_image,2g,4,sample,33,36.894432067871094,,,MIG-cade9db1-1a5a-5d9c-8368-68caf14f4282,"2,58",
ampere,0,vit_base_image,2g,4,sample,34,36.89116668701172,,,MIG-cade9db1-1a5a-5d9c-8368-68caf14f4282,"2,58",
ampere,0,vit_base_image,2g,4,sample,35,36.855712890625,,,MIG-cade9db1-1a5a-5d9c-8368-68caf14f4282,"2,58",
ampere,0,vit_base_image,2g,4,sample,36,36.89225769042969,,,MIG-cade9db1-1a5a-5d9c-8368-68caf14f4282,"2,58",
ampere,0,vit_base_image,2g,4,sample,37,36.859745025634766,,,MIG-cade9db1-1a5a-5d9c-8368-68caf14f4282,"2,58",
ampere,0,vit_base_image,2g,4,sample,38,36.87686538696289,,,MIG-cade9db1-1a5a-5d9c-8368-68caf14f4282,"2,58",
ampere,0,vit_base_image,2g,4,sample,39,36.87315368652344,,,MIG-cade9db1-1a5a-5d9c-8368-68caf14f4282,"2,58",
ampere,0,vit_base_image,2g,4,sample,40,36.8842887878418,,,MIG-cade9db1-1a5a-5d9c-8368-68caf14f4282,"2,58",
ampere,0,vit_base_image,2g,4,sample,41,36.89311981201172,,,MIG-cade9db1-1a5a-5d9c-8368-68caf14f4282,"2,58",
ampere,0,vit_base_image,2g,4,sample,42,36.9128303527832,,,MIG-cade9db1-1a5a-5d9c-8368-68caf14f4282,"2,58",
ampere,0,vit_base_image,2g,4,sample,43,36.92505645751953,,,MIG-cade9db1-1a5a-5d9c-8368-68caf14f4282,"2,58",
ampere,0,vit_base_image,2g,4,sample,44,36.889793395996094,,,MIG-cade9db1-1a5a-5d9c-8368-68caf14f4282,"2,58",
ampere,0,vit_base_image,2g,4,sample,45,36.904640197753906,,,MIG-cade9db1-1a5a-5d9c-8368-68caf14f4282,"2,58",
ampere,0,vit_base_image,2g,4,sample,46,36.86524963378906,,,MIG-cade9db1-1a5a-5d9c-8368-68caf14f4282,"2,58",
ampere,0,vit_base_image,2g,4,sample,47,36.88566589355469,,,MIG-cade9db1-1a5a-5d9c-8368-68caf14f4282,"2,58",
ampere,0,vit_base_image,2g,4,sample,48,36.88351821899414,,,MIG-cade9db1-1a5a-5d9c-8368-68caf14f4282,"2,58",
ampere,0,vit_base_image,2g,4,sample,49,36.87744140625,,,MIG-cade9db1-1a5a-5d9c-8368-68caf14f4282,"2,58",
ampere,0,vit_base_image,2g,16,warmup,0,133.24595642089844,,,MIG-cade9db1-1a5a-5d9c-8368-68caf14f4282,"2,58",
ampere,0,vit_base_image,2g,16,warmup,1,131.74041748046875,,,MIG-cade9db1-1a5a-5d9c-8368-68caf14f4282,"2,58",
ampere,0,vit_base_image,2g,16,warmup,2,131.7259521484375,,,MIG-cade9db1-1a5a-5d9c-8368-68caf14f4282,"2,58",
ampere,0,vit_base_image,2g,16,warmup,3,131.76025390625,,,MIG-cade9db1-1a5a-5d9c-8368-68caf14f4282,"2,58",
ampere,0,vit_base_image,2g,16,warmup,4,131.76083374023438,,,MIG-cade9db1-1a5a-5d9c-8368-68caf14f4282,"2,58",
ampere,0,vit_base_image,2g,16,warmup,5,131.75094604492188,,,MIG-cade9db1-1a5a-5d9c-8368-68caf14f4282,"2,58",
ampere,0,vit_base_image,2g,16,warmup,6,131.73155212402344,,,MIG-cade9db1-1a5a-5d9c-8368-68caf14f4282,"2,58",
ampere,0,vit_base_image,2g,16,warmup,7,131.74652099609375,,,MIG-cade9db1-1a5a-5d9c-8368-68caf14f4282,"2,58",
ampere,0,vit_base_image,2g,16,warmup,8,131.79306030273438,,,MIG-cade9db1-1a5a-5d9c-8368-68caf14f4282,"2,58",
ampere,0,vit_base_image,2g,16,warmup,9,131.7259521484375,,,MIG-cade9db1-1a5a-5d9c-8368-68caf14f4282,"2,58",
ampere,0,vit_base_image,2g,16,sample,0,131.76524353027344,,,MIG-cade9db1-1a5a-5d9c-8368-68caf14f4282,"2,58",
ampere,0,vit_base_image,2g,16,sample,1,131.8399658203125,,,MIG-cade9db1-1a5a-5d9c-8368-68caf14f4282,"2,58",
ampere,0,vit_base_image,2g,16,sample,2,131.77944946289062,,,MIG-cade9db1-1a5a-5d9c-8368-68caf14f4282,"2,58",
ampere,0,vit_base_image,2g,16,sample,3,131.7079315185547,,,MIG-cade9db1-1a5a-5d9c-8368-68caf14f4282,"2,58",
ampere,0,vit_base_image,2g,16,sample,4,131.7380828857422,,,MIG-cade9db1-1a5a-5d9c-8368-68caf14f4282,"2,58",
ampere,0,vit_base_image,2g,16,sample,5,131.7875213623047,,,MIG-cade9db1-1a5a-5d9c-8368-68caf14f4282,"2,58",
ampere,0,vit_base_image,2g,16,sample,6,131.78553771972656,,,MIG-cade9db1-1a5a-5d9c-8368-68caf14f4282,"2,58",
ampere,0,vit_base_image,2g,16,sample,7,131.77328491210938,,,MIG-cade9db1-1a5a-5d9c-8368-68caf14f4282,"2,58",
ampere,0,vit_base_image,2g,16,sample,8,131.85215759277344,,,MIG-cade9db1-1a5a-5d9c-8368-68caf14f4282,"2,58",
ampere,0,vit_base_image,2g,16,sample,9,131.83203125,,,MIG-cade9db1-1a5a-5d9c-8368-68caf14f4282,"2,58",
ampere,0,vit_base_image,2g,16,sample,10,131.81459045410156,,,MIG-cade9db1-1a5a-5d9c-8368-68caf14f4282,"2,58",
ampere,0,vit_base_image,2g,16,sample,11,131.77110290527344,,,MIG-cade9db1-1a5a-5d9c-8368-68caf14f4282,"2,58",
ampere,0,vit_base_image,2g,16,sample,12,131.75503540039062,,,MIG-cade9db1-1a5a-5d9c-8368-68caf14f4282,"2,58",
ampere,0,vit_base_image,2g,16,sample,13,131.76025390625,,,MIG-cade9db1-1a5a-5d9c-8368-68caf14f4282,"2,58",
ampere,0,vit_base_image,2g,16,sample,14,131.7169952392578,,,MIG-cade9db1-1a5a-5d9c-8368-68caf14f4282,"2,58",
ampere,0,vit_base_image,2g,16,sample,15,131.72589111328125,,,MIG-cade9db1-1a5a-5d9c-8368-68caf14f4282,"2,58",
ampere,0,vit_base_image,2g,16,sample,16,131.7821807861328,,,MIG-cade9db1-1a5a-5d9c-8368-68caf14f4282,"2,58",
ampere,0,vit_base_image,2g,16,sample,17,131.78518676757812,,,MIG-cade9db1-1a5a-5d9c-8368-68caf14f4282,"2,58",
ampere,0,vit_base_image,2g,16,sample,18,131.81788635253906,,,MIG-cade9db1-1a5a-5d9c-8368-68caf14f4282,"2,58",
ampere,0,vit_base_image,2g,16,sample,19,131.7691192626953,,,MIG-cade9db1-1a5a-5d9c-8368-68caf14f4282,"2,58",
ampere,0,vit_base_image,2g,16,sample,20,131.77622985839844,,,MIG-cade9db1-1a5a-5d9c-8368-68caf14f4282,"2,58",
ampere,0,vit_base_image,2g,16,sample,21,131.7717742919922,,,MIG-cade9db1-1a5a-5d9c-8368-68caf14f4282,"2,58",
ampere,0,vit_base_image,2g,16,sample,22,131.7373504638672,,,MIG-cade9db1-1a5a-5d9c-8368-68caf14f4282,"2,58",
ampere,0,vit_base_image,2g,16,sample,23,131.81298828125,,,MIG-cade9db1-1a5a-5d9c-8368-68caf14f4282,"2,58",
ampere,0,vit_base_image,2g,16,sample,24,131.76194763183594,,,MIG-cade9db1-1a5a-5d9c-8368-68caf14f4282,"2,58",
ampere,0,vit_base_image,2g,16,sample,25,131.7841339111328,,,MIG-cade9db1-1a5a-5d9c-8368-68caf14f4282,"2,58",
ampere,0,vit_base_image,2g,16,sample,26,131.8231964111328,,,MIG-cade9db1-1a5a-5d9c-8368-68caf14f4282,"2,58",
ampere,0,vit_base_image,2g,16,sample,27,131.80262756347656,,,MIG-cade9db1-1a5a-5d9c-8368-68caf14f4282,"2,58",
ampere,0,vit_base_image,2g,16,sample,28,131.80233764648438,,,MIG-cade9db1-1a5a-5d9c-8368-68caf14f4282,"2,58",
ampere,0,vit_base_image,2g,16,sample,29,131.85379028320312,,,MIG-cade9db1-1a5a-5d9c-8368-68caf14f4282,"2,58",
ampere,0,vit_base_image,2g,16,sample,30,131.88656616210938,,,MIG-cade9db1-1a5a-5d9c-8368-68caf14f4282,"2,58",
ampere,0,vit_base_image,2g,16,sample,31,131.90953063964844,,,MIG-cade9db1-1a5a-5d9c-8368-68caf14f4282,"2,58",
ampere,0,vit_base_image,2g,16,sample,32,131.85804748535156,,,MIG-cade9db1-1a5a-5d9c-8368-68caf14f4282,"2,58",
ampere,0,vit_base_image,2g,16,sample,33,131.83209228515625,,,MIG-cade9db1-1a5a-5d9c-8368-68caf14f4282,"2,58",
ampere,0,vit_base_image,2g,16,sample,34,131.8359375,,,MIG-cade9db1-1a5a-5d9c-8368-68caf14f4282,"2,58",
ampere,0,vit_base_image,2g,16,sample,35,131.8035888671875,,,MIG-cade9db1-1a5a-5d9c-8368-68caf14f4282,"2,58",
ampere,0,vit_base_image,2g,16,sample,36,131.79058837890625,,,MIG-cade9db1-1a5a-5d9c-8368-68caf14f4282,"2,58",
ampere,0,vit_base_image,2g,16,sample,37,131.76934814453125,,,MIG-cade9db1-1a5a-5d9c-8368-68caf14f4282,"2,58",
ampere,0,vit_base_image,2g,16,sample,38,131.8376007080078,,,MIG-cade9db1-1a5a-5d9c-8368-68caf14f4282,"2,58",
ampere,0,vit_base_image,2g,16,sample,39,131.86029052734375,,,MIG-cade9db1-1a5a-5d9c-8368-68caf14f4282,"2,58",
ampere,0,vit_base_image,2g,16,sample,40,131.7307891845703,,,MIG-cade9db1-1a5a-5d9c-8368-68caf14f4282,"2,58",
ampere,0,vit_base_image,2g,16,sample,41,131.80995178222656,,,MIG-cade9db1-1a5a-5d9c-8368-68caf14f4282,"2,58",
ampere,0,vit_base_image,2g,16,sample,42,131.84083557128906,,,MIG-cade9db1-1a5a-5d9c-8368-68caf14f4282,"2,58",
ampere,0,vit_base_image,2g,16,sample,43,131.8113250732422,,,MIG-cade9db1-1a5a-5d9c-8368-68caf14f4282,"2,58",
ampere,0,vit_base_image,2g,16,sample,44,131.903076171875,,,MIG-cade9db1-1a5a-5d9c-8368-68caf14f4282,"2,58",
ampere,0,vit_base_image,2g,16,sample,45,131.8059539794922,,,MIG-cade9db1-1a5a-5d9c-8368-68caf14f4282,"2,58",
ampere,0,vit_base_image,2g,16,sample,46,131.76797485351562,,,MIG-cade9db1-1a5a-5d9c-8368-68caf14f4282,"2,58",
ampere,0,vit_base_image,2g,16,sample,47,131.82205200195312,,,MIG-cade9db1-1a5a-5d9c-8368-68caf14f4282,"2,58",
ampere,0,vit_base_image,2g,16,sample,48,131.76882934570312,,,MIG-cade9db1-1a5a-5d9c-8368-68caf14f4282,"2,58",
ampere,0,vit_base_image,2g,16,sample,49,131.82928466796875,,,MIG-cade9db1-1a5a-5d9c-8368-68caf14f4282,"2,58",
ampere,0,vit_base_image,2g,32,warmup,0,255.01805114746094,,,MIG-cade9db1-1a5a-5d9c-8368-68caf14f4282,"2,58",
ampere,0,vit_base_image,2g,32,warmup,1,253.7809600830078,,,MIG-cade9db1-1a5a-5d9c-8368-68caf14f4282,"2,58",
ampere,0,vit_base_image,2g,32,warmup,2,253.8170928955078,,,MIG-cade9db1-1a5a-5d9c-8368-68caf14f4282,"2,58",
ampere,0,vit_base_image,2g,32,warmup,3,253.76007080078125,,,MIG-cade9db1-1a5a-5d9c-8368-68caf14f4282,"2,58",
ampere,0,vit_base_image,2g,32,warmup,4,253.74620056152344,,,MIG-cade9db1-1a5a-5d9c-8368-68caf14f4282,"2,58",
ampere,0,vit_base_image,2g,32,warmup,5,253.80067443847656,,,MIG-cade9db1-1a5a-5d9c-8368-68caf14f4282,"2,58",
ampere,0,vit_base_image,2g,32,warmup,6,253.74867248535156,,,MIG-cade9db1-1a5a-5d9c-8368-68caf14f4282,"2,58",
ampere,0,vit_base_image,2g,32,warmup,7,253.74444580078125,,,MIG-cade9db1-1a5a-5d9c-8368-68caf14f4282,"2,58",
ampere,0,vit_base_image,2g,32,warmup,8,253.7423095703125,,,MIG-cade9db1-1a5a-5d9c-8368-68caf14f4282,"2,58",
ampere,0,vit_base_image,2g,32,warmup,9,253.74339294433594,,,MIG-cade9db1-1a5a-5d9c-8368-68caf14f4282,"2,58",
ampere,0,vit_base_image,2g,32,sample,0,253.68092346191406,,,MIG-cade9db1-1a5a-5d9c-8368-68caf14f4282,"2,58",
ampere,0,vit_base_image,2g,32,sample,1,253.72589111328125,,,MIG-cade9db1-1a5a-5d9c-8368-68caf14f4282,"2,58",
ampere,0,vit_base_image,2g,32,sample,2,253.76019287109375,,,MIG-cade9db1-1a5a-5d9c-8368-68caf14f4282,"2,58",
ampere,0,vit_base_image,2g,32,sample,3,253.72860717773438,,,MIG-cade9db1-1a5a-5d9c-8368-68caf14f4282,"2,58",
ampere,0,vit_base_image,2g,32,sample,4,253.6905975341797,,,MIG-cade9db1-1a5a-5d9c-8368-68caf14f4282,"2,58",
ampere,0,vit_base_image,2g,32,sample,5,253.71498107910156,,,MIG-cade9db1-1a5a-5d9c-8368-68caf14f4282,"2,58",
ampere,0,vit_base_image,2g,32,sample,6,253.17913818359375,,,MIG-cade9db1-1a5a-5d9c-8368-68caf14f4282,"2,58",
ampere,0,vit_base_image,2g,32,sample,7,253.70425415039062,,,MIG-cade9db1-1a5a-5d9c-8368-68caf14f4282,"2,58",
ampere,0,vit_base_image,2g,32,sample,8,253.69171142578125,,,MIG-cade9db1-1a5a-5d9c-8368-68caf14f4282,"2,58",
ampere,0,vit_base_image,2g,32,sample,9,253.76646423339844,,,MIG-cade9db1-1a5a-5d9c-8368-68caf14f4282,"2,58",
ampere,0,vit_base_image,2g,32,sample,10,253.6593017578125,,,MIG-cade9db1-1a5a-5d9c-8368-68caf14f4282,"2,58",
ampere,0,vit_base_image,2g,32,sample,11,253.7225341796875,,,MIG-cade9db1-1a5a-5d9c-8368-68caf14f4282,"2,58",
ampere,0,vit_base_image,2g,32,sample,12,253.67977905273438,,,MIG-cade9db1-1a5a-5d9c-8368-68caf14f4282,"2,58",
ampere,0,vit_base_image,2g,32,sample,13,252.98800659179688,,,MIG-cade9db1-1a5a-5d9c-8368-68caf14f4282,"2,58",
ampere,0,vit_base_image,2g,32,sample,14,253.208984375,,,MIG-cade9db1-1a5a-5d9c-8368-68caf14f4282,"2,58",
ampere,0,vit_base_image,2g,32,sample,15,252.95504760742188,,,MIG-cade9db1-1a5a-5d9c-8368-68caf14f4282,"2,58",
ampere,0,vit_base_image,2g,32,sample,16,253.71836853027344,,,MIG-cade9db1-1a5a-5d9c-8368-68caf14f4282,"2,58",
ampere,0,vit_base_image,2g,32,sample,17,253.6249237060547,,,MIG-cade9db1-1a5a-5d9c-8368-68caf14f4282,"2,58",
ampere,0,vit_base_image,2g,32,sample,18,253.59146118164062,,,MIG-cade9db1-1a5a-5d9c-8368-68caf14f4282,"2,58",
ampere,0,vit_base_image,2g,32,sample,19,253.65872192382812,,,MIG-cade9db1-1a5a-5d9c-8368-68caf14f4282,"2,58",
ampere,0,vit_base_image,2g,32,sample,20,253.70387268066406,,,MIG-cade9db1-1a5a-5d9c-8368-68caf14f4282,"2,58",
ampere,0,vit_base_image,2g,32,sample,21,253.7589111328125,,,MIG-cade9db1-1a5a-5d9c-8368-68caf14f4282,"2,58",
ampere,0,vit_base_image,2g,32,sample,22,253.72470092773438,,,MIG-cade9db1-1a5a-5d9c-8368-68caf14f4282,"2,58",
ampere,0,vit_base_image,2g,32,sample,23,253.34825134277344,,,MIG-cade9db1-1a5a-5d9c-8368-68caf14f4282,"2,58",
ampere,0,vit_base_image,2g,32,sample,24,253.3040008544922,,,MIG-cade9db1-1a5a-5d9c-8368-68caf14f4282,"2,58",
ampere,0,vit_base_image,2g,32,sample,25,253.5916748046875,,,MIG-cade9db1-1a5a-5d9c-8368-68caf14f4282,"2,58",
ampere,0,vit_base_image,2g,32,sample,26,253.7247314453125,,,MIG-cade9db1-1a5a-5d9c-8368-68caf14f4282,"2,58",
ampere,0,vit_base_image,2g,32,sample,27,253.25389099121094,,,MIG-cade9db1-1a5a-5d9c-8368-68caf14f4282,"2,58",
ampere,0,vit_base_image,2g,32,sample,28,253.37030029296875,,,MIG-cade9db1-1a5a-5d9c-8368-68caf14f4282,"2,58",
ampere,0,vit_base_image,2g,32,sample,29,252.7933807373047,,,MIG-cade9db1-1a5a-5d9c-8368-68caf14f4282,"2,58",
ampere,0,vit_base_image,2g,32,sample,30,253.68844604492188,,,MIG-cade9db1-1a5a-5d9c-8368-68caf14f4282,"2,58",
ampere,0,vit_base_image,2g,32,sample,31,252.90396118164062,,,MIG-cade9db1-1a5a-5d9c-8368-68caf14f4282,"2,58",
ampere,0,vit_base_image,2g,32,sample,32,253.7241973876953,,,MIG-cade9db1-1a5a-5d9c-8368-68caf14f4282,"2,58",
ampere,0,vit_base_image,2g,32,sample,33,253.73577880859375,,,MIG-cade9db1-1a5a-5d9c-8368-68caf14f4282,"2,58",
ampere,0,vit_base_image,2g,32,sample,34,252.9373779296875,,,MIG-cade9db1-1a5a-5d9c-8368-68caf14f4282,"2,58",
ampere,0,vit_base_image,2g,32,sample,35,252.69532775878906,,,MIG-cade9db1-1a5a-5d9c-8368-68caf14f4282,"2,58",
ampere,0,vit_base_image,2g,32,sample,36,253.39840698242188,,,MIG-cade9db1-1a5a-5d9c-8368-68caf14f4282,"2,58",
ampere,0,vit_base_image,2g,32,sample,37,252.91036987304688,,,MIG-cade9db1-1a5a-5d9c-8368-68caf14f4282,"2,58",
ampere,0,vit_base_image,2g,32,sample,38,253.35923767089844,,,MIG-cade9db1-1a5a-5d9c-8368-68caf14f4282,"2,58",
ampere,0,vit_base_image,2g,32,sample,39,252.76470947265625,,,MIG-cade9db1-1a5a-5d9c-8368-68caf14f4282,"2,58",
ampere,0,vit_base_image,2g,32,sample,40,253.0587158203125,,,MIG-cade9db1-1a5a-5d9c-8368-68caf14f4282,"2,58",
ampere,0,vit_base_image,2g,32,sample,41,253.1095733642578,,,MIG-cade9db1-1a5a-5d9c-8368-68caf14f4282,"2,58",
ampere,0,vit_base_image,2g,32,sample,42,253.4780731201172,,,MIG-cade9db1-1a5a-5d9c-8368-68caf14f4282,"2,58",
ampere,0,vit_base_image,2g,32,sample,43,253.63414001464844,,,MIG-cade9db1-1a5a-5d9c-8368-68caf14f4282,"2,58",
ampere,0,vit_base_image,2g,32,sample,44,253.67372131347656,,,MIG-cade9db1-1a5a-5d9c-8368-68caf14f4282,"2,58",
ampere,0,vit_base_image,2g,32,sample,45,253.63174438476562,,,MIG-cade9db1-1a5a-5d9c-8368-68caf14f4282,"2,58",
ampere,0,vit_base_image,2g,32,sample,46,253.6881561279297,,,MIG-cade9db1-1a5a-5d9c-8368-68caf14f4282,"2,58",
ampere,0,vit_base_image,2g,32,sample,47,253.0581512451172,,,MIG-cade9db1-1a5a-5d9c-8368-68caf14f4282,"2,58",
ampere,0,vit_base_image,2g,32,sample,48,253.43641662597656,,,MIG-cade9db1-1a5a-5d9c-8368-68caf14f4282,"2,58",
ampere,0,vit_base_image,2g,32,sample,49,252.90371704101562,,,MIG-cade9db1-1a5a-5d9c-8368-68caf14f4282,"2,58",
ampere,0,vit_base_image,2g,64,warmup,0,499.90167236328125,,,MIG-cade9db1-1a5a-5d9c-8368-68caf14f4282,"2,58",
ampere,0,vit_base_image,2g,64,warmup,1,498.3025817871094,,,MIG-cade9db1-1a5a-5d9c-8368-68caf14f4282,"2,58",
ampere,0,vit_base_image,2g,64,warmup,2,499.17681884765625,,,MIG-cade9db1-1a5a-5d9c-8368-68caf14f4282,"2,58",
ampere,0,vit_base_image,2g,64,warmup,3,499.0848388671875,,,MIG-cade9db1-1a5a-5d9c-8368-68caf14f4282,"2,58",
ampere,0,vit_base_image,2g,64,warmup,4,499.1748352050781,,,MIG-cade9db1-1a5a-5d9c-8368-68caf14f4282,"2,58",
ampere,0,vit_base_image,2g,64,warmup,5,499.3293151855469,,,MIG-cade9db1-1a5a-5d9c-8368-68caf14f4282,"2,58",
ampere,0,vit_base_image,2g,64,warmup,6,499.3171081542969,,,MIG-cade9db1-1a5a-5d9c-8368-68caf14f4282,"2,58",
ampere,0,vit_base_image,2g,64,warmup,7,499.1970520019531,,,MIG-cade9db1-1a5a-5d9c-8368-68caf14f4282,"2,58",
ampere,0,vit_base_image,2g,64,warmup,8,499.0531921386719,,,MIG-cade9db1-1a5a-5d9c-8368-68caf14f4282,"2,58",
ampere,0,vit_base_image,2g,64,warmup,9,498.9791564941406,,,MIG-cade9db1-1a5a-5d9c-8368-68caf14f4282,"2,58",
ampere,0,vit_base_image,2g,64,sample,0,499.1856994628906,,,MIG-cade9db1-1a5a-5d9c-8368-68caf14f4282,"2,58",
ampere,0,vit_base_image,2g,64,sample,1,498.9709167480469,,,MIG-cade9db1-1a5a-5d9c-8368-68caf14f4282,"2,58",
ampere,0,vit_base_image,2g,64,sample,2,499.11395263671875,,,MIG-cade9db1-1a5a-5d9c-8368-68caf14f4282,"2,58",
ampere,0,vit_base_image,2g,64,sample,3,499.12408447265625,,,MIG-cade9db1-1a5a-5d9c-8368-68caf14f4282,"2,58",
ampere,0,vit_base_image,2g,64,sample,4,499.40313720703125,,,MIG-cade9db1-1a5a-5d9c-8368-68caf14f4282,"2,58",
ampere,0,vit_base_image,2g,64,sample,5,499.1792907714844,,,MIG-cade9db1-1a5a-5d9c-8368-68caf14f4282,"2,58",
ampere,0,vit_base_image,2g,64,sample,6,499.29119873046875,,,MIG-cade9db1-1a5a-5d9c-8368-68caf14f4282,"2,58",
ampere,0,vit_base_image,2g,64,sample,7,499.28277587890625,,,MIG-cade9db1-1a5a-5d9c-8368-68caf14f4282,"2,58",
ampere,0,vit_base_image,2g,64,sample,8,499.10174560546875,,,MIG-cade9db1-1a5a-5d9c-8368-68caf14f4282,"2,58",
ampere,0,vit_base_image,2g,64,sample,9,499.2104187011719,,,MIG-cade9db1-1a5a-5d9c-8368-68caf14f4282,"2,58",
ampere,0,vit_base_image,2g,64,sample,10,499.0067443847656,,,MIG-cade9db1-1a5a-5d9c-8368-68caf14f4282,"2,58",
ampere,0,vit_base_image,2g,64,sample,11,499.00140380859375,,,MIG-cade9db1-1a5a-5d9c-8368-68caf14f4282,"2,58",
ampere,0,vit_base_image,2g,64,sample,12,499.1795349121094,,,MIG-cade9db1-1a5a-5d9c-8368-68caf14f4282,"2,58",
ampere,0,vit_base_image,2g,64,sample,13,499.253173828125,,,MIG-cade9db1-1a5a-5d9c-8368-68caf14f4282,"2,58",
ampere,0,vit_base_image,2g,64,sample,14,498.4201354980469,,,MIG-cade9db1-1a5a-5d9c-8368-68caf14f4282,"2,58",
ampere,0,vit_base_image,2g,64,sample,15,498.2325134277344,,,MIG-cade9db1-1a5a-5d9c-8368-68caf14f4282,"2,58",
ampere,0,vit_base_image,2g,64,sample,16,499.3020935058594,,,MIG-cade9db1-1a5a-5d9c-8368-68caf14f4282,"2,58",
ampere,0,vit_base_image,2g,64,sample,17,499.0603332519531,,,MIG-cade9db1-1a5a-5d9c-8368-68caf14f4282,"2,58",
ampere,0,vit_base_image,2g,64,sample,18,497.95135498046875,,,MIG-cade9db1-1a5a-5d9c-8368-68caf14f4282,"2,58",
ampere,0,vit_base_image,2g,64,sample,19,497.9877014160156,,,MIG-cade9db1-1a5a-5d9c-8368-68caf14f4282,"2,58",
ampere,0,vit_base_image,2g,64,sample,20,499.019775390625,,,MIG-cade9db1-1a5a-5d9c-8368-68caf14f4282,"2,58",
ampere,0,vit_base_image,2g,64,sample,21,499.403076171875,,,MIG-cade9db1-1a5a-5d9c-8368-68caf14f4282,"2,58",
ampere,0,vit_base_image,2g,64,sample,22,499.3799743652344,,,MIG-cade9db1-1a5a-5d9c-8368-68caf14f4282,"2,58",
ampere,0,vit_base_image,2g,64,sample,23,499.30352783203125,,,MIG-cade9db1-1a5a-5d9c-8368-68caf14f4282,"2,58",
ampere,0,vit_base_image,2g,64,sample,24,498.3815612792969,,,MIG-cade9db1-1a5a-5d9c-8368-68caf14f4282,"2,58",
ampere,0,vit_base_image,2g,64,sample,25,498.806884765625,,,MIG-cade9db1-1a5a-5d9c-8368-68caf14f4282,"2,58",
ampere,0,vit_base_image,2g,64,sample,26,498.05322265625,,,MIG-cade9db1-1a5a-5d9c-8368-68caf14f4282,"2,58",
ampere,0,vit_base_image,2g,64,sample,27,498.0048828125,,,MIG-cade9db1-1a5a-5d9c-8368-68caf14f4282,"2,58",
ampere,0,vit_base_image,2g,64,sample,28,497.9444580078125,,,MIG-cade9db1-1a5a-5d9c-8368-68caf14f4282,"2,58",
ampere,0,vit_base_image,2g,64,sample,29,498.57965087890625,,,MIG-cade9db1-1a5a-5d9c-8368-68caf14f4282,"2,58",
ampere,0,vit_base_image,2g,64,sample,30,498.9221496582031,,,MIG-cade9db1-1a5a-5d9c-8368-68caf14f4282,"2,58",
ampere,0,vit_base_image,2g,64,sample,31,499.0025634765625,,,MIG-cade9db1-1a5a-5d9c-8368-68caf14f4282,"2,58",
ampere,0,vit_base_image,2g,64,sample,32,498.385009765625,,,MIG-cade9db1-1a5a-5d9c-8368-68caf14f4282,"2,58",
ampere,0,vit_base_image,2g,64,sample,33,497.9405212402344,,,MIG-cade9db1-1a5a-5d9c-8368-68caf14f4282,"2,58",
ampere,0,vit_base_image,2g,64,sample,34,498.0608215332031,,,MIG-cade9db1-1a5a-5d9c-8368-68caf14f4282,"2,58",
ampere,0,vit_base_image,2g,64,sample,35,498.6667785644531,,,MIG-cade9db1-1a5a-5d9c-8368-68caf14f4282,"2,58",
ampere,0,vit_base_image,2g,64,sample,36,498.2559509277344,,,MIG-cade9db1-1a5a-5d9c-8368-68caf14f4282,"2,58",
ampere,0,vit_base_image,2g,64,sample,37,498.39874267578125,,,MIG-cade9db1-1a5a-5d9c-8368-68caf14f4282,"2,58",
ampere,0,vit_base_image,2g,64,sample,38,498.4969177246094,,,MIG-cade9db1-1a5a-5d9c-8368-68caf14f4282,"2,58",
ampere,0,vit_base_image,2g,64,sample,39,499.1820068359375,,,MIG-cade9db1-1a5a-5d9c-8368-68caf14f4282,"2,58",
ampere,0,vit_base_image,2g,64,sample,40,499.2563781738281,,,MIG-cade9db1-1a5a-5d9c-8368-68caf14f4282,"2,58",
ampere,0,vit_base_image,2g,64,sample,41,498.53607177734375,,,MIG-cade9db1-1a5a-5d9c-8368-68caf14f4282,"2,58",
ampere,0,vit_base_image,2g,64,sample,42,499.2237548828125,,,MIG-cade9db1-1a5a-5d9c-8368-68caf14f4282,"2,58",
ampere,0,vit_base_image,2g,64,sample,43,498.39776611328125,,,MIG-cade9db1-1a5a-5d9c-8368-68caf14f4282,"2,58",
ampere,0,vit_base_image,2g,64,sample,44,498.3852233886719,,,MIG-cade9db1-1a5a-5d9c-8368-68caf14f4282,"2,58",
ampere,0,vit_base_image,2g,64,sample,45,498.402587890625,,,MIG-cade9db1-1a5a-5d9c-8368-68caf14f4282,"2,58",
ampere,0,vit_base_image,2g,64,sample,46,498.520263671875,,,MIG-cade9db1-1a5a-5d9c-8368-68caf14f4282,"2,58",
ampere,0,vit_base_image,2g,64,sample,47,498.43487548828125,,,MIG-cade9db1-1a5a-5d9c-8368-68caf14f4282,"2,58",
ampere,0,vit_base_image,2g,64,sample,48,499.1886291503906,,,MIG-cade9db1-1a5a-5d9c-8368-68caf14f4282,"2,58",
ampere,0,vit_base_image,2g,64,sample,49,498.5080871582031,,,MIG-cade9db1-1a5a-5d9c-8368-68caf14f4282,"2,58",
ampere,0,gpt2_p512_o512,3g,1,warmup,0,5186.84033203125,21.602975845336914,10.108096587447971,MIG-3db685b2-8ae5-5373-81b1-74ea5481f2e1,"2,58",
ampere,0,gpt2_p512_o512,3g,1,sample,0,5160.91455078125,13.960479736328125,10.072317164471471,MIG-3db685b2-8ae5-5373-81b1-74ea5481f2e1,"2,58",
ampere,0,gpt2_p512_o512,3g,1,sample,1,5157.8369140625,14.694656372070312,10.064857647143699,MIG-3db685b2-8ae5-5373-81b1-74ea5481f2e1,"2,58",
ampere,0,gpt2_p512_o512,3g,1,sample,2,5148.37451171875,13.256223678588867,10.049155162505208,MIG-3db685b2-8ae5-5373-81b1-74ea5481f2e1,"2,58",
ampere,0,gpt2_p512_o512,3g,1,sample,3,5157.0986328125,13.313183784484863,10.066116338606683,MIG-3db685b2-8ae5-5373-81b1-74ea5481f2e1,"2,58",
ampere,0,gpt2_p512_o512,3g,1,sample,4,5149.6953125,13.760992050170898,10.050752094813756,MIG-3db685b2-8ae5-5373-81b1-74ea5481f2e1,"2,58",
ampere,0,gpt2_p512_o512,3g,1,sample,5,5146.97412109375,14.777600288391113,10.04343741840579,MIG-3db685b2-8ae5-5373-81b1-74ea5481f2e1,"2,58",
ampere,0,gpt2_p512_o512,3g,1,sample,6,5171.21826171875,13.756416320800781,10.092880323675047,MIG-3db685b2-8ae5-5373-81b1-74ea5481f2e1,"2,58",
ampere,0,gpt2_p512_o512,3g,1,sample,7,5148.99267578125,13.47599983215332,10.049934786593145,MIG-3db685b2-8ae5-5373-81b1-74ea5481f2e1,"2,58",
ampere,0,gpt2_p512_o512,3g,1,sample,8,5128.62548828125,14.256768226623535,10.008549354314338,MIG-3db685b2-8ae5-5373-81b1-74ea5481f2e1,"2,58",
ampere,0,gpt2_p512_o512,3g,1,sample,9,5151.92236328125,14.689023971557617,10.053294206085504,MIG-3db685b2-8ae5-5373-81b1-74ea5481f2e1,"2,58",
ampere,0,gpt2_p64_o64,3g,1,warmup,0,643.0319213867188,19.724576950073242,9.893767372010247,MIG-3db685b2-8ae5-5373-81b1-74ea5481f2e1,"2,58",
ampere,0,gpt2_p64_o64,3g,1,sample,0,631.6815185546875,12.437919616699219,9.829263475206163,MIG-3db685b2-8ae5-5373-81b1-74ea5481f2e1,"2,58",
ampere,0,gpt2_p64_o64,3g,1,sample,1,628.715576171875,10.591744422912598,9.811489392840674,MIG-3db685b2-8ae5-5373-81b1-74ea5481f2e1,"2,58",
ampere,0,gpt2_p64_o64,3g,1,sample,2,632.786865234375,13.707776069641113,9.82665220896403,MIG-3db685b2-8ae5-5373-81b1-74ea5481f2e1,"2,58",
ampere,0,gpt2_p64_o64,3g,1,sample,3,632.5162353515625,12.516768455505371,9.841261379302495,MIG-3db685b2-8ae5-5373-81b1-74ea5481f2e1,"2,58",
ampere,0,gpt2_p64_o64,3g,1,sample,4,630.23486328125,11.226880073547363,9.825523542979408,MIG-3db685b2-8ae5-5373-81b1-74ea5481f2e1,"2,58",
ampere,0,gpt2_p64_o64,3g,1,sample,5,632.6075439453125,12.655327796936035,9.840511367434548,MIG-3db685b2-8ae5-5373-81b1-74ea5481f2e1,"2,58",
ampere,0,gpt2_p64_o64,3g,1,sample,6,631.6471557617188,12.178720474243164,9.832832306150406,MIG-3db685b2-8ae5-5373-81b1-74ea5481f2e1,"2,58",
ampere,0,gpt2_p64_o64,3g,1,sample,7,629.9186401367188,12.191807746887207,9.805187815711612,MIG-3db685b2-8ae5-5373-81b1-74ea5481f2e1,"2,58",
ampere,0,gpt2_p64_o64,3g,1,sample,8,627.9486694335938,10.627936363220215,9.798741794767833,MIG-3db685b2-8ae5-5373-81b1-74ea5481f2e1,"2,58",
ampere,0,gpt2_p64_o64,3g,1,sample,9,629.6771850585938,10.582176208496094,9.826904902382502,MIG-3db685b2-8ae5-5373-81b1-74ea5481f2e1,"2,58",
ampere,0,llama_p1024_o128,3g,1,warmup,0,2701.870849609375,96.87139129638672,20.511806758369985,MIG-3db685b2-8ae5-5373-81b1-74ea5481f2e1,"2,58",
ampere,0,llama_p1024_o128,3g,1,sample,0,2682.710205078125,89.31046295166016,20.420470410444604,MIG-3db685b2-8ae5-5373-81b1-74ea5481f2e1,"2,58",
ampere,0,llama_p1024_o128,3g,1,sample,1,2692.8232421875,89.42569732666016,20.499193266620786,MIG-3db685b2-8ae5-5373-81b1-74ea5481f2e1,"2,58",
ampere,0,llama_p1024_o128,3g,1,sample,2,2697.20263671875,89.07087707519531,20.536470548374446,MIG-3db685b2-8ae5-5373-81b1-74ea5481f2e1,"2,58",
ampere,0,llama_p1024_o128,3g,1,sample,3,2691.949951171875,89.4546890258789,20.49208867831493,MIG-3db685b2-8ae5-5373-81b1-74ea5481f2e1,"2,58",
ampere,0,llama_p1024_o128,3g,1,sample,4,2699.947021484375,89.3440933227539,20.55592856820174,MIG-3db685b2-8ae5-5373-81b1-74ea5481f2e1,"2,58",
ampere,0,llama_p1024_o128,3g,1,sample,5,2693.1416015625,88.94729614257812,20.50546697181041,MIG-3db685b2-8ae5-5373-81b1-74ea5481f2e1,"2,58",
ampere,0,llama_p1024_o128,3g,1,sample,6,2693.0126953125,89.74918365478516,20.49813788706862,MIG-3db685b2-8ae5-5373-81b1-74ea5481f2e1,"2,58",
ampere,0,llama_p1024_o128,3g,1,sample,7,2685.662841796875,89.724609375,20.44045852300689,MIG-3db685b2-8ae5-5373-81b1-74ea5481f2e1,"2,58",
ampere,0,llama_p1024_o128,3g,1,sample,8,2681.6650390625,89.62000274658203,20.40980343555841,MIG-3db685b2-8ae5-5373-81b1-74ea5481f2e1,"2,58",
ampere,0,llama_p1024_o128,3g,1,sample,9,2684.324462890625,89.65062713623047,20.43050264373539,MIG-3db685b2-8ae5-5373-81b1-74ea5481f2e1,"2,58",
ampere,0,llama_p2048_o64,3g,1,warmup,0,1499.2310791015625,183.65423583984375,20.882172115265377,MIG-3db685b2-8ae5-5373-81b1-74ea5481f2e1,"2,58",
ampere,0,llama_p2048_o64,3g,1,sample,0,1492.7861328125,178.01504516601562,20.86938234359499,MIG-3db685b2-8ae5-5373-81b1-74ea5481f2e1,"2,58",
ampere,0,llama_p2048_o64,3g,1,sample,1,1483.3448486328125,177.66908264160156,20.72501215859065,MIG-3db685b2-8ae5-5373-81b1-74ea5481f2e1,"2,58",
ampere,0,llama_p2048_o64,3g,1,sample,2,1482.659912109375,177.62486267089844,20.714842054578995,MIG-3db685b2-8ae5-5373-81b1-74ea5481f2e1,"2,58",
ampere,0,llama_p2048_o64,3g,1,sample,3,1486.1331787109375,178.2183380126953,20.760553026956224,MIG-3db685b2-8ae5-5373-81b1-74ea5481f2e1,"2,58",
ampere,0,llama_p2048_o64,3g,1,sample,4,1484.5491943359375,177.80645751953125,20.74194820343502,MIG-3db685b2-8ae5-5373-81b1-74ea5481f2e1,"2,58",
ampere,0,llama_p2048_o64,3g,1,sample,5,1483.43408203125,178.09263610839844,20.719705490838912,MIG-3db685b2-8ae5-5373-81b1-74ea5481f2e1,"2,58",
ampere,0,llama_p2048_o64,3g,1,sample,6,1484.6331787109375,178.0972137451172,20.738666110568577,MIG-3db685b2-8ae5-5373-81b1-74ea5481f2e1,"2,58",
ampere,0,llama_p2048_o64,3g,1,sample,7,1482.16796875,177.88697814941406,20.702872866675968,MIG-3db685b2-8ae5-5373-81b1-74ea5481f2e1,"2,58",
ampere,0,llama_p2048_o64,3g,1,sample,8,1485.6463623046875,177.11465454101562,20.77034456767733,MIG-3db685b2-8ae5-5373-81b1-74ea5481f2e1,"2,58",
ampere,0,llama_p2048_o64,3g,1,sample,9,1483.224853515625,177.1577911376953,20.73122321234809,MIG-3db685b2-8ae5-5373-81b1-74ea5481f2e1,"2,58",
ampere,0,resnet50_image,3g,1,warmup,0,11.22486400604248,,,MIG-3db685b2-8ae5-5373-81b1-74ea5481f2e1,"2,58",
ampere,0,resnet50_image,3g,1,warmup,1,4.394432067871094,,,MIG-3db685b2-8ae5-5373-81b1-74ea5481f2e1,"2,58",
ampere,0,resnet50_image,3g,1,warmup,2,4.2590718269348145,,,MIG-3db685b2-8ae5-5373-81b1-74ea5481f2e1,"2,58",
ampere,0,resnet50_image,3g,1,warmup,3,4.234655857086182,,,MIG-3db685b2-8ae5-5373-81b1-74ea5481f2e1,"2,58",
ampere,0,resnet50_image,3g,1,warmup,4,4.243616104125977,,,MIG-3db685b2-8ae5-5373-81b1-74ea5481f2e1,"2,58",
ampere,0,resnet50_image,3g,1,warmup,5,4.234432220458984,,,MIG-3db685b2-8ae5-5373-81b1-74ea5481f2e1,"2,58",
ampere,0,resnet50_image,3g,1,warmup,6,4.248479843139648,,,MIG-3db685b2-8ae5-5373-81b1-74ea5481f2e1,"2,58",
ampere,0,resnet50_image,3g,1,warmup,7,4.230688095092773,,,MIG-3db685b2-8ae5-5373-81b1-74ea5481f2e1,"2,58",
ampere,0,resnet50_image,3g,1,warmup,8,4.238239765167236,,,MIG-3db685b2-8ae5-5373-81b1-74ea5481f2e1,"2,58",
ampere,0,resnet50_image,3g,1,warmup,9,4.195551872253418,,,MIG-3db685b2-8ae5-5373-81b1-74ea5481f2e1,"2,58",
ampere,0,resnet50_image,3g,1,sample,0,5.100895881652832,,,MIG-3db685b2-8ae5-5373-81b1-74ea5481f2e1,"2,58",
ampere,0,resnet50_image,3g,1,sample,1,5.11030387878418,,,MIG-3db685b2-8ae5-5373-81b1-74ea5481f2e1,"2,58",
ampere,0,resnet50_image,3g,1,sample,2,4.226687908172607,,,MIG-3db685b2-8ae5-5373-81b1-74ea5481f2e1,"2,58",
ampere,0,resnet50_image,3g,1,sample,3,4.2802557945251465,,,MIG-3db685b2-8ae5-5373-81b1-74ea5481f2e1,"2,58",
ampere,0,resnet50_image,3g,1,sample,4,4.224160194396973,,,MIG-3db685b2-8ae5-5373-81b1-74ea5481f2e1,"2,58",
ampere,0,resnet50_image,3g,1,sample,5,4.1999359130859375,,,MIG-3db685b2-8ae5-5373-81b1-74ea5481f2e1,"2,58",
ampere,0,resnet50_image,3g,1,sample,6,4.23689603805542,,,MIG-3db685b2-8ae5-5373-81b1-74ea5481f2e1,"2,58",
ampere,0,resnet50_image,3g,1,sample,7,4.146495819091797,,,MIG-3db685b2-8ae5-5373-81b1-74ea5481f2e1,"2,58",
ampere,0,resnet50_image,3g,1,sample,8,4.205215930938721,,,MIG-3db685b2-8ae5-5373-81b1-74ea5481f2e1,"2,58",
ampere,0,resnet50_image,3g,1,sample,9,4.15283203125,,,MIG-3db685b2-8ae5-5373-81b1-74ea5481f2e1,"2,58",
ampere,0,resnet50_image,3g,1,sample,10,4.222239971160889,,,MIG-3db685b2-8ae5-5373-81b1-74ea5481f2e1,"2,58",
ampere,0,resnet50_image,3g,1,sample,11,4.216639995574951,,,MIG-3db685b2-8ae5-5373-81b1-74ea5481f2e1,"2,58",
ampere,0,resnet50_image,3g,1,sample,12,4.206592082977295,,,MIG-3db685b2-8ae5-5373-81b1-74ea5481f2e1,"2,58",
ampere,0,resnet50_image,3g,1,sample,13,4.218048095703125,,,MIG-3db685b2-8ae5-5373-81b1-74ea5481f2e1,"2,58",
ampere,0,resnet50_image,3g,1,sample,14,4.206175804138184,,,MIG-3db685b2-8ae5-5373-81b1-74ea5481f2e1,"2,58",
ampere,0,resnet50_image,3g,1,sample,15,4.214015960693359,,,MIG-3db685b2-8ae5-5373-81b1-74ea5481f2e1,"2,58",
ampere,0,resnet50_image,3g,1,sample,16,4.226431846618652,,,MIG-3db685b2-8ae5-5373-81b1-74ea5481f2e1,"2,58",
ampere,0,resnet50_image,3g,1,sample,17,4.176544189453125,,,MIG-3db685b2-8ae5-5373-81b1-74ea5481f2e1,"2,58",
ampere,0,resnet50_image,3g,1,sample,18,4.219935894012451,,,MIG-3db685b2-8ae5-5373-81b1-74ea5481f2e1,"2,58",
ampere,0,resnet50_image,3g,1,sample,19,4.2169599533081055,,,MIG-3db685b2-8ae5-5373-81b1-74ea5481f2e1,"2,58",
ampere,0,resnet50_image,3g,1,sample,20,4.211487770080566,,,MIG-3db685b2-8ae5-5373-81b1-74ea5481f2e1,"2,58",
ampere,0,resnet50_image,3g,1,sample,21,4.2321600914001465,,,MIG-3db685b2-8ae5-5373-81b1-74ea5481f2e1,"2,58",
ampere,0,resnet50_image,3g,1,sample,22,4.224192142486572,,,MIG-3db685b2-8ae5-5373-81b1-74ea5481f2e1,"2,58",
ampere,0,resnet50_image,3g,1,sample,23,4.218527793884277,,,MIG-3db685b2-8ae5-5373-81b1-74ea5481f2e1,"2,58",
ampere,0,resnet50_image,3g,1,sample,24,4.252384185791016,,,MIG-3db685b2-8ae5-5373-81b1-74ea5481f2e1,"2,58",
ampere,0,resnet50_image,3g,1,sample,25,4.238719940185547,,,MIG-3db685b2-8ae5-5373-81b1-74ea5481f2e1,"2,58",
ampere,0,resnet50_image,3g,1,sample,26,4.226687908172607,,,MIG-3db685b2-8ae5-5373-81b1-74ea5481f2e1,"2,58",
ampere,0,resnet50_image,3g,1,sample,27,4.215456008911133,,,MIG-3db685b2-8ae5-5373-81b1-74ea5481f2e1,"2,58",
ampere,0,resnet50_image,3g,1,sample,28,4.227839946746826,,,MIG-3db685b2-8ae5-5373-81b1-74ea5481f2e1,"2,58",
ampere,0,resnet50_image,3g,1,sample,29,4.1617279052734375,,,MIG-3db685b2-8ae5-5373-81b1-74ea5481f2e1,"2,58",
ampere,0,resnet50_image,3g,1,sample,30,4.216032028198242,,,MIG-3db685b2-8ae5-5373-81b1-74ea5481f2e1,"2,58",
ampere,0,resnet50_image,3g,1,sample,31,4.148863792419434,,,MIG-3db685b2-8ae5-5373-81b1-74ea5481f2e1,"2,58",
ampere,0,resnet50_image,3g,1,sample,32,4.226624011993408,,,MIG-3db685b2-8ae5-5373-81b1-74ea5481f2e1,"2,58",
ampere,0,resnet50_image,3g,1,sample,33,4.230688095092773,,,MIG-3db685b2-8ae5-5373-81b1-74ea5481f2e1,"2,58",
ampere,0,resnet50_image,3g,1,sample,34,4.229311943054199,,,MIG-3db685b2-8ae5-5373-81b1-74ea5481f2e1,"2,58",
ampere,0,resnet50_image,3g,1,sample,35,4.224127769470215,,,MIG-3db685b2-8ae5-5373-81b1-74ea5481f2e1,"2,58",
ampere,0,resnet50_image,3g,1,sample,36,4.234720230102539,,,MIG-3db685b2-8ae5-5373-81b1-74ea5481f2e1,"2,58",
ampere,0,resnet50_image,3g,1,sample,37,4.169600009918213,,,MIG-3db685b2-8ae5-5373-81b1-74ea5481f2e1,"2,58",
ampere,0,resnet50_image,3g,1,sample,38,4.231679916381836,,,MIG-3db685b2-8ae5-5373-81b1-74ea5481f2e1,"2,58",
ampere,0,resnet50_image,3g,1,sample,39,4.2336320877075195,,,MIG-3db685b2-8ae5-5373-81b1-74ea5481f2e1,"2,58",
ampere,0,resnet50_image,3g,1,sample,40,4.228511810302734,,,MIG-3db685b2-8ae5-5373-81b1-74ea5481f2e1,"2,58",
ampere,0,resnet50_image,3g,1,sample,41,4.285952091217041,,,MIG-3db685b2-8ae5-5373-81b1-74ea5481f2e1,"2,58",
ampere,0,resnet50_image,3g,1,sample,42,6.633376121520996,,,MIG-3db685b2-8ae5-5373-81b1-74ea5481f2e1,"2,58",
ampere,0,resnet50_image,3g,1,sample,43,4.283584117889404,,,MIG-3db685b2-8ae5-5373-81b1-74ea5481f2e1,"2,58",
ampere,0,resnet50_image,3g,1,sample,44,4.231647968292236,,,MIG-3db685b2-8ae5-5373-81b1-74ea5481f2e1,"2,58",
ampere,0,resnet50_image,3g,1,sample,45,4.147488117218018,,,MIG-3db685b2-8ae5-5373-81b1-74ea5481f2e1,"2,58",
ampere,0,resnet50_image,3g,1,sample,46,4.236192226409912,,,MIG-3db685b2-8ae5-5373-81b1-74ea5481f2e1,"2,58",
ampere,0,resnet50_image,3g,1,sample,47,4.166016101837158,,,MIG-3db685b2-8ae5-5373-81b1-74ea5481f2e1,"2,58",
ampere,0,resnet50_image,3g,1,sample,48,4.2259521484375,,,MIG-3db685b2-8ae5-5373-81b1-74ea5481f2e1,"2,58",
ampere,0,resnet50_image,3g,1,sample,49,4.219423770904541,,,MIG-3db685b2-8ae5-5373-81b1-74ea5481f2e1,"2,58",
ampere,0,resnet50_image,3g,4,warmup,0,35.088191986083984,,,MIG-3db685b2-8ae5-5373-81b1-74ea5481f2e1,"2,58",
ampere,0,resnet50_image,3g,4,warmup,1,4.471456050872803,,,MIG-3db685b2-8ae5-5373-81b1-74ea5481f2e1,"2,58",
ampere,0,resnet50_image,3g,4,warmup,2,4.476928234100342,,,MIG-3db685b2-8ae5-5373-81b1-74ea5481f2e1,"2,58",
ampere,0,resnet50_image,3g,4,warmup,3,4.396607875823975,,,MIG-3db685b2-8ae5-5373-81b1-74ea5481f2e1,"2,58",
ampere,0,resnet50_image,3g,4,warmup,4,4.416672229766846,,,MIG-3db685b2-8ae5-5373-81b1-74ea5481f2e1,"2,58",
ampere,0,resnet50_image,3g,4,warmup,5,4.4516801834106445,,,MIG-3db685b2-8ae5-5373-81b1-74ea5481f2e1,"2,58",
ampere,0,resnet50_image,3g,4,warmup,6,4.410560131072998,,,MIG-3db685b2-8ae5-5373-81b1-74ea5481f2e1,"2,58",
ampere,0,resnet50_image,3g,4,warmup,7,4.470208168029785,,,MIG-3db685b2-8ae5-5373-81b1-74ea5481f2e1,"2,58",
ampere,0,resnet50_image,3g,4,warmup,8,4.423423767089844,,,MIG-3db685b2-8ae5-5373-81b1-74ea5481f2e1,"2,58",
ampere,0,resnet50_image,3g,4,warmup,9,4.45849609375,,,MIG-3db685b2-8ae5-5373-81b1-74ea5481f2e1,"2,58",
ampere,0,resnet50_image,3g,4,sample,0,4.858463764190674,,,MIG-3db685b2-8ae5-5373-81b1-74ea5481f2e1,"2,58",
ampere,0,resnet50_image,3g,4,sample,1,5.311232089996338,,,MIG-3db685b2-8ae5-5373-81b1-74ea5481f2e1,"2,58",
ampere,0,resnet50_image,3g,4,sample,2,4.4456000328063965,,,MIG-3db685b2-8ae5-5373-81b1-74ea5481f2e1,"2,58",
ampere,0,resnet50_image,3g,4,sample,3,4.45468807220459,,,MIG-3db685b2-8ae5-5373-81b1-74ea5481f2e1,"2,58",
ampere,0,resnet50_image,3g,4,sample,4,4.44371223449707,,,MIG-3db685b2-8ae5-5373-81b1-74ea5481f2e1,"2,58",
ampere,0,resnet50_image,3g,4,sample,5,4.414175987243652,,,MIG-3db685b2-8ae5-5373-81b1-74ea5481f2e1,"2,58",
ampere,0,resnet50_image,3g,4,sample,6,5.858943939208984,,,MIG-3db685b2-8ae5-5373-81b1-74ea5481f2e1,"2,58",
ampere,0,resnet50_image,3g,4,sample,7,4.450911998748779,,,MIG-3db685b2-8ae5-5373-81b1-74ea5481f2e1,"2,58",
ampere,0,resnet50_image,3g,4,sample,8,4.444096088409424,,,MIG-3db685b2-8ae5-5373-81b1-74ea5481f2e1,"2,58",
ampere,0,resnet50_image,3g,4,sample,9,4.394176006317139,,,MIG-3db685b2-8ae5-5373-81b1-74ea5481f2e1,"2,58",
ampere,0,resnet50_image,3g,4,sample,10,4.443039894104004,,,MIG-3db685b2-8ae5-5373-81b1-74ea5481f2e1,"2,58",
ampere,0,resnet50_image,3g,4,sample,11,4.39785623550415,,,MIG-3db685b2-8ae5-5373-81b1-74ea5481f2e1,"2,58",
ampere,0,resnet50_image,3g,4,sample,12,4.429152011871338,,,MIG-3db685b2-8ae5-5373-81b1-74ea5481f2e1,"2,58",
ampere,0,resnet50_image,3g,4,sample,13,4.449632167816162,,,MIG-3db685b2-8ae5-5373-81b1-74ea5481f2e1,"2,58",
ampere,0,resnet50_image,3g,4,sample,14,4.452064037322998,,,MIG-3db685b2-8ae5-5373-81b1-74ea5481f2e1,"2,58",
ampere,0,resnet50_image,3g,4,sample,15,4.379807949066162,,,MIG-3db685b2-8ae5-5373-81b1-74ea5481f2e1,"2,58",
ampere,0,resnet50_image,3g,4,sample,16,4.440127849578857,,,MIG-3db685b2-8ae5-5373-81b1-74ea5481f2e1,"2,58",
ampere,0,resnet50_image,3g,4,sample,17,4.3970561027526855,,,MIG-3db685b2-8ae5-5373-81b1-74ea5481f2e1,"2,58",
ampere,0,resnet50_image,3g,4,sample,18,4.455391883850098,,,MIG-3db685b2-8ae5-5373-81b1-74ea5481f2e1,"2,58",
ampere,0,resnet50_image,3g,4,sample,19,4.4510722160339355,,,MIG-3db685b2-8ae5-5373-81b1-74ea5481f2e1,"2,58",
ampere,0,resnet50_image,3g,4,sample,20,4.477920055389404,,,MIG-3db685b2-8ae5-5373-81b1-74ea5481f2e1,"2,58",
ampere,0,resnet50_image,3g,4,sample,21,4.464384078979492,,,MIG-3db685b2-8ae5-5373-81b1-74ea5481f2e1,"2,58",
ampere,0,resnet50_image,3g,4,sample,22,4.390624046325684,,,MIG-3db685b2-8ae5-5373-81b1-74ea5481f2e1,"2,58",
ampere,0,resnet50_image,3g,4,sample,23,4.456096172332764,,,MIG-3db685b2-8ae5-5373-81b1-74ea5481f2e1,"2,58",
ampere,0,resnet50_image,3g,4,sample,24,4.403071880340576,,,MIG-3db685b2-8ae5-5373-81b1-74ea5481f2e1,"2,58",
ampere,0,resnet50_image,3g,4,sample,25,4.481344223022461,,,MIG-3db685b2-8ae5-5373-81b1-74ea5481f2e1,"2,58",
ampere,0,resnet50_image,3g,4,sample,26,4.417183876037598,,,MIG-3db685b2-8ae5-5373-81b1-74ea5481f2e1,"2,58",
ampere,0,resnet50_image,3g,4,sample,27,4.4495038986206055,,,MIG-3db685b2-8ae5-5373-81b1-74ea5481f2e1,"2,58",
ampere,0,resnet50_image,3g,4,sample,28,4.43887996673584,,,MIG-3db685b2-8ae5-5373-81b1-74ea5481f2e1,"2,58",
ampere,0,resnet50_image,3g,4,sample,29,4.413311958312988,,,MIG-3db685b2-8ae5-5373-81b1-74ea5481f2e1,"2,58",
ampere,0,resnet50_image,3g,4,sample,30,4.450592041015625,,,MIG-3db685b2-8ae5-5373-81b1-74ea5481f2e1,"2,58",
ampere,0,resnet50_image,3g,4,sample,31,4.405727863311768,,,MIG-3db685b2-8ae5-5373-81b1-74ea5481f2e1,"2,58",
ampere,0,resnet50_image,3g,4,sample,32,4.440832138061523,,,MIG-3db685b2-8ae5-5373-81b1-74ea5481f2e1,"2,58",
ampere,0,resnet50_image,3g,4,sample,33,4.445504188537598,,,MIG-3db685b2-8ae5-5373-81b1-74ea5481f2e1,"2,58",
ampere,0,resnet50_image,3g,4,sample,34,4.453760147094727,,,MIG-3db685b2-8ae5-5373-81b1-74ea5481f2e1,"2,58",
ampere,0,resnet50_image,3g,4,sample,35,4.434879779815674,,,MIG-3db685b2-8ae5-5373-81b1-74ea5481f2e1,"2,58",
ampere,0,resnet50_image,3g,4,sample,36,4.437119960784912,,,MIG-3db685b2-8ae5-5373-81b1-74ea5481f2e1,"2,58",
ampere,0,resnet50_image,3g,4,sample,37,4.460639953613281,,,MIG-3db685b2-8ae5-5373-81b1-74ea5481f2e1,"2,58",
ampere,0,resnet50_image,3g,4,sample,38,4.422239780426025,,,MIG-3db685b2-8ae5-5373-81b1-74ea5481f2e1,"2,58",
ampere,0,resnet50_image,3g,4,sample,39,4.452223777770996,,,MIG-3db685b2-8ae5-5373-81b1-74ea5481f2e1,"2,58",
ampere,0,resnet50_image,3g,4,sample,40,4.445312023162842,,,MIG-3db685b2-8ae5-5373-81b1-74ea5481f2e1,"2,58",
ampere,0,resnet50_image,3g,4,sample,41,4.469567775726318,,,MIG-3db685b2-8ae5-5373-81b1-74ea5481f2e1,"2,58",
ampere,0,resnet50_image,3g,4,sample,42,4.4501118659973145,,,MIG-3db685b2-8ae5-5373-81b1-74ea5481f2e1,"2,58",
ampere,0,resnet50_image,3g,4,sample,43,4.398848056793213,,,MIG-3db685b2-8ae5-5373-81b1-74ea5481f2e1,"2,58",
ampere,0,resnet50_image,3g,4,sample,44,4.444928169250488,,,MIG-3db685b2-8ae5-5373-81b1-74ea5481f2e1,"2,58",
ampere,0,resnet50_image,3g,4,sample,45,4.3935041427612305,,,MIG-3db685b2-8ae5-5373-81b1-74ea5481f2e1,"2,58",
ampere,0,resnet50_image,3g,4,sample,46,4.431615829467773,,,MIG-3db685b2-8ae5-5373-81b1-74ea5481f2e1,"2,58",
ampere,0,resnet50_image,3g,4,sample,47,4.402336120605469,,,MIG-3db685b2-8ae5-5373-81b1-74ea5481f2e1,"2,58",
ampere,0,resnet50_image,3g,4,sample,48,9.448831558227539,,,MIG-3db685b2-8ae5-5373-81b1-74ea5481f2e1,"2,58",
ampere,0,resnet50_image,3g,4,sample,49,6.446944236755371,,,MIG-3db685b2-8ae5-5373-81b1-74ea5481f2e1,"2,58",
ampere,0,resnet50_image,3g,16,warmup,0,25.31532859802246,,,MIG-3db685b2-8ae5-5373-81b1-74ea5481f2e1,"2,58",
ampere,0,resnet50_image,3g,16,warmup,1,13.111007690429688,,,MIG-3db685b2-8ae5-5373-81b1-74ea5481f2e1,"2,58",
ampere,0,resnet50_image,3g,16,warmup,2,13.122207641601562,,,MIG-3db685b2-8ae5-5373-81b1-74ea5481f2e1,"2,58",
ampere,0,resnet50_image,3g,16,warmup,3,13.125856399536133,,,MIG-3db685b2-8ae5-5373-81b1-74ea5481f2e1,"2,58",
ampere,0,resnet50_image,3g,16,warmup,4,13.115679740905762,,,MIG-3db685b2-8ae5-5373-81b1-74ea5481f2e1,"2,58",
ampere,0,resnet50_image,3g,16,warmup,5,13.121664047241211,,,MIG-3db685b2-8ae5-5373-81b1-74ea5481f2e1,"2,58",
ampere,0,resnet50_image,3g,16,warmup,6,13.138239860534668,,,MIG-3db685b2-8ae5-5373-81b1-74ea5481f2e1,"2,58",
ampere,0,resnet50_image,3g,16,warmup,7,13.14412784576416,,,MIG-3db685b2-8ae5-5373-81b1-74ea5481f2e1,"2,58",
ampere,0,resnet50_image,3g,16,warmup,8,13.140800476074219,,,MIG-3db685b2-8ae5-5373-81b1-74ea5481f2e1,"2,58",
ampere,0,resnet50_image,3g,16,warmup,9,13.138976097106934,,,MIG-3db685b2-8ae5-5373-81b1-74ea5481f2e1,"2,58",
ampere,0,resnet50_image,3g,16,sample,0,13.158464431762695,,,MIG-3db685b2-8ae5-5373-81b1-74ea5481f2e1,"2,58",
ampere,0,resnet50_image,3g,16,sample,1,13.141695976257324,,,MIG-3db685b2-8ae5-5373-81b1-74ea5481f2e1,"2,58",
ampere,0,resnet50_image,3g,16,sample,2,13.141535758972168,,,MIG-3db685b2-8ae5-5373-81b1-74ea5481f2e1,"2,58",
ampere,0,resnet50_image,3g,16,sample,3,13.129183769226074,,,MIG-3db685b2-8ae5-5373-81b1-74ea5481f2e1,"2,58",
ampere,0,resnet50_image,3g,16,sample,4,13.141311645507812,,,MIG-3db685b2-8ae5-5373-81b1-74ea5481f2e1,"2,58",
ampere,0,resnet50_image,3g,16,sample,5,13.144607543945312,,,MIG-3db685b2-8ae5-5373-81b1-74ea5481f2e1,"2,58",
ampere,0,resnet50_image,3g,16,sample,6,13.13424015045166,,,MIG-3db685b2-8ae5-5373-81b1-74ea5481f2e1,"2,58",
ampere,0,resnet50_image,3g,16,sample,7,13.130816459655762,,,MIG-3db685b2-8ae5-5373-81b1-74ea5481f2e1,"2,58",
ampere,0,resnet50_image,3g,16,sample,8,13.141119956970215,,,MIG-3db685b2-8ae5-5373-81b1-74ea5481f2e1,"2,58",
ampere,0,resnet50_image,3g,16,sample,9,13.133343696594238,,,MIG-3db685b2-8ae5-5373-81b1-74ea5481f2e1,"2,58",
ampere,0,resnet50_image,3g,16,sample,10,13.14367961883545,,,MIG-3db685b2-8ae5-5373-81b1-74ea5481f2e1,"2,58",
ampere,0,resnet50_image,3g,16,sample,11,13.141535758972168,,,MIG-3db685b2-8ae5-5373-81b1-74ea5481f2e1,"2,58",
ampere,0,resnet50_image,3g,16,sample,12,13.13161563873291,,,MIG-3db685b2-8ae5-5373-81b1-74ea5481f2e1,"2,58",
ampere,0,resnet50_image,3g,16,sample,13,13.144255638122559,,,MIG-3db685b2-8ae5-5373-81b1-74ea5481f2e1,"2,58",
ampere,0,resnet50_image,3g,16,sample,14,13.136639595031738,,,MIG-3db685b2-8ae5-5373-81b1-74ea5481f2e1,"2,58",
ampere,0,resnet50_image,3g,16,sample,15,13.137375831604004,,,MIG-3db685b2-8ae5-5373-81b1-74ea5481f2e1,"2,58",
ampere,0,resnet50_image,3g,16,sample,16,13.143360137939453,,,MIG-3db685b2-8ae5-5373-81b1-74ea5481f2e1,"2,58",
ampere,0,resnet50_image,3g,16,sample,17,13.139776229858398,,,MIG-3db685b2-8ae5-5373-81b1-74ea5481f2e1,"2,58",
ampere,0,resnet50_image,3g,16,sample,18,13.137344360351562,,,MIG-3db685b2-8ae5-5373-81b1-74ea5481f2e1,"2,58",
ampere,0,resnet50_image,3g,16,sample,19,13.145983695983887,,,MIG-3db685b2-8ae5-5373-81b1-74ea5481f2e1,"2,58",
ampere,0,resnet50_image,3g,16,sample,20,13.14361572265625,,,MIG-3db685b2-8ae5-5373-81b1-74ea5481f2e1,"2,58",
ampere,0,resnet50_image,3g,16,sample,21,13.140447616577148,,,MIG-3db685b2-8ae5-5373-81b1-74ea5481f2e1,"2,58",
ampere,0,resnet50_image,3g,16,sample,22,13.13811206817627,,,MIG-3db685b2-8ae5-5373-81b1-74ea5481f2e1,"2,58",
ampere,0,resnet50_image,3g,16,sample,23,13.135519981384277,,,MIG-3db685b2-8ae5-5373-81b1-74ea5481f2e1,"2,58",
ampere,0,resnet50_image,3g,16,sample,24,13.139583587646484,,,MIG-3db685b2-8ae5-5373-81b1-74ea5481f2e1,"2,58",
ampere,0,resnet50_image,3g,16,sample,25,13.13856029510498,,,MIG-3db685b2-8ae5-5373-81b1-74ea5481f2e1,"2,58",
ampere,0,resnet50_image,3g,16,sample,26,13.140480041503906,,,MIG-3db685b2-8ae5-5373-81b1-74ea5481f2e1,"2,58",
ampere,0,resnet50_image,3g,16,sample,27,13.135680198669434,,,MIG-3db685b2-8ae5-5373-81b1-74ea5481f2e1,"2,58",
ampere,0,resnet50_image,3g,16,sample,28,13.144576072692871,,,MIG-3db685b2-8ae5-5373-81b1-74ea5481f2e1,"2,58",
ampere,0,resnet50_image,3g,16,sample,29,13.14031982421875,,,MIG-3db685b2-8ae5-5373-81b1-74ea5481f2e1,"2,58",
ampere,0,resnet50_image,3g,16,sample,30,13.135807991027832,,,MIG-3db685b2-8ae5-5373-81b1-74ea5481f2e1,"2,58",
ampere,0,resnet50_image,3g,16,sample,31,13.136063575744629,,,MIG-3db685b2-8ae5-5373-81b1-74ea5481f2e1,"2,58",
ampere,0,resnet50_image,3g,16,sample,32,13.148320198059082,,,MIG-3db685b2-8ae5-5373-81b1-74ea5481f2e1,"2,58",
ampere,0,resnet50_image,3g,16,sample,33,13.13907241821289,,,MIG-3db685b2-8ae5-5373-81b1-74ea5481f2e1,"2,58",
ampere,0,resnet50_image,3g,16,sample,34,13.134592056274414,,,MIG-3db685b2-8ae5-5373-81b1-74ea5481f2e1,"2,58",
ampere,0,resnet50_image,3g,16,sample,35,13.138400077819824,,,MIG-3db685b2-8ae5-5373-81b1-74ea5481f2e1,"2,58",
ampere,0,resnet50_image,3g,16,sample,36,13.1430082321167,,,MIG-3db685b2-8ae5-5373-81b1-74ea5481f2e1,"2,58",
ampere,0,resnet50_image,3g,16,sample,37,13.147808074951172,,,MIG-3db685b2-8ae5-5373-81b1-74ea5481f2e1,"2,58",
ampere,0,resnet50_image,3g,16,sample,38,13.15011215209961,,,MIG-3db685b2-8ae5-5373-81b1-74ea5481f2e1,"2,58",
ampere,0,resnet50_image,3g,16,sample,39,13.192607879638672,,,MIG-3db685b2-8ae5-5373-81b1-74ea5481f2e1,"2,58",
ampere,0,resnet50_image,3g,16,sample,40,13.142271995544434,,,MIG-3db685b2-8ae5-5373-81b1-74ea5481f2e1,"2,58",
ampere,0,resnet50_image,3g,16,sample,41,13.142335891723633,,,MIG-3db685b2-8ae5-5373-81b1-74ea5481f2e1,"2,58",
ampere,0,resnet50_image,3g,16,sample,42,13.14355182647705,,,MIG-3db685b2-8ae5-5373-81b1-74ea5481f2e1,"2,58",
ampere,0,resnet50_image,3g,16,sample,43,13.138815879821777,,,MIG-3db685b2-8ae5-5373-81b1-74ea5481f2e1,"2,58",
ampere,0,resnet50_image,3g,16,sample,44,13.137727737426758,,,MIG-3db685b2-8ae5-5373-81b1-74ea5481f2e1,"2,58",
ampere,0,resnet50_image,3g,16,sample,45,13.1428804397583,,,MIG-3db685b2-8ae5-5373-81b1-74ea5481f2e1,"2,58",
ampere,0,resnet50_image,3g,16,sample,46,13.146528244018555,,,MIG-3db685b2-8ae5-5373-81b1-74ea5481f2e1,"2,58",
ampere,0,resnet50_image,3g,16,sample,47,13.142687797546387,,,MIG-3db685b2-8ae5-5373-81b1-74ea5481f2e1,"2,58",
ampere,0,resnet50_image,3g,16,sample,48,13.13203239440918,,,MIG-3db685b2-8ae5-5373-81b1-74ea5481f2e1,"2,58",
ampere,0,resnet50_image,3g,16,sample,49,13.150752067565918,,,MIG-3db685b2-8ae5-5373-81b1-74ea5481f2e1,"2,58",
ampere,0,resnet50_image,3g,32,warmup,0,28.993183135986328,,,MIG-3db685b2-8ae5-5373-81b1-74ea5481f2e1,"2,58",
ampere,0,resnet50_image,3g,32,warmup,1,24.39971160888672,,,MIG-3db685b2-8ae5-5373-81b1-74ea5481f2e1,"2,58",
ampere,0,resnet50_image,3g,32,warmup,2,24.392192840576172,,,MIG-3db685b2-8ae5-5373-81b1-74ea5481f2e1,"2,58",
ampere,0,resnet50_image,3g,32,warmup,3,24.399616241455078,,,MIG-3db685b2-8ae5-5373-81b1-74ea5481f2e1,"2,58",
ampere,0,resnet50_image,3g,32,warmup,4,24.403392791748047,,,MIG-3db685b2-8ae5-5373-81b1-74ea5481f2e1,"2,58",
ampere,0,resnet50_image,3g,32,warmup,5,24.396480560302734,,,MIG-3db685b2-8ae5-5373-81b1-74ea5481f2e1,"2,58",
ampere,0,resnet50_image,3g,32,warmup,6,24.395360946655273,,,MIG-3db685b2-8ae5-5373-81b1-74ea5481f2e1,"2,58",
ampere,0,resnet50_image,3g,32,warmup,7,24.389535903930664,,,MIG-3db685b2-8ae5-5373-81b1-74ea5481f2e1,"2,58",
ampere,0,resnet50_image,3g,32,warmup,8,24.390880584716797,,,MIG-3db685b2-8ae5-5373-81b1-74ea5481f2e1,"2,58",
ampere,0,resnet50_image,3g,32,warmup,9,24.389759063720703,,,MIG-3db685b2-8ae5-5373-81b1-74ea5481f2e1,"2,58",
ampere,0,resnet50_image,3g,32,sample,0,24.402847290039062,,,MIG-3db685b2-8ae5-5373-81b1-74ea5481f2e1,"2,58",
ampere,0,resnet50_image,3g,32,sample,1,24.398080825805664,,,MIG-3db685b2-8ae5-5373-81b1-74ea5481f2e1,"2,58",
ampere,0,resnet50_image,3g,32,sample,2,24.384096145629883,,,MIG-3db685b2-8ae5-5373-81b1-74ea5481f2e1,"2,58",
ampere,0,resnet50_image,3g,32,sample,3,24.39139175415039,,,MIG-3db685b2-8ae5-5373-81b1-74ea5481f2e1,"2,58",
ampere,0,resnet50_image,3g,32,sample,4,24.394304275512695,,,MIG-3db685b2-8ae5-5373-81b1-74ea5481f2e1,"2,58",
ampere,0,resnet50_image,3g,32,sample,5,24.38262367248535,,,MIG-3db685b2-8ae5-5373-81b1-74ea5481f2e1,"2,58",
ampere,0,resnet50_image,3g,32,sample,6,24.396448135375977,,,MIG-3db685b2-8ae5-5373-81b1-74ea5481f2e1,"2,58",
ampere,0,resnet50_image,3g,32,sample,7,24.390047073364258,,,MIG-3db685b2-8ae5-5373-81b1-74ea5481f2e1,"2,58",
ampere,0,resnet50_image,3g,32,sample,8,24.38915252685547,,,MIG-3db685b2-8ae5-5373-81b1-74ea5481f2e1,"2,58",
ampere,0,resnet50_image,3g,32,sample,9,24.391807556152344,,,MIG-3db685b2-8ae5-5373-81b1-74ea5481f2e1,"2,58",
ampere,0,resnet50_image,3g,32,sample,10,24.401119232177734,,,MIG-3db685b2-8ae5-5373-81b1-74ea5481f2e1,"2,58",
ampere,0,resnet50_image,3g,32,sample,11,24.391359329223633,,,MIG-3db685b2-8ae5-5373-81b1-74ea5481f2e1,"2,58",
ampere,0,resnet50_image,3g,32,sample,12,24.396127700805664,,,MIG-3db685b2-8ae5-5373-81b1-74ea5481f2e1,"2,58",
ampere,0,resnet50_image,3g,32,sample,13,24.382112503051758,,,MIG-3db685b2-8ae5-5373-81b1-74ea5481f2e1,"2,58",
ampere,0,resnet50_image,3g,32,sample,14,24.391551971435547,,,MIG-3db685b2-8ae5-5373-81b1-74ea5481f2e1,"2,58",
ampere,0,resnet50_image,3g,32,sample,15,24.383167266845703,,,MIG-3db685b2-8ae5-5373-81b1-74ea5481f2e1,"2,58",
ampere,0,resnet50_image,3g,32,sample,16,24.39049530029297,,,MIG-3db685b2-8ae5-5373-81b1-74ea5481f2e1,"2,58",
ampere,0,resnet50_image,3g,32,sample,17,24.389280319213867,,,MIG-3db685b2-8ae5-5373-81b1-74ea5481f2e1,"2,58",
ampere,0,resnet50_image,3g,32,sample,18,24.385440826416016,,,MIG-3db685b2-8ae5-5373-81b1-74ea5481f2e1,"2,58",
ampere,0,resnet50_image,3g,32,sample,19,24.388256072998047,,,MIG-3db685b2-8ae5-5373-81b1-74ea5481f2e1,"2,58",
ampere,0,resnet50_image,3g,32,sample,20,24.394752502441406,,,MIG-3db685b2-8ae5-5373-81b1-74ea5481f2e1,"2,58",
ampere,0,resnet50_image,3g,32,sample,21,24.401695251464844,,,MIG-3db685b2-8ae5-5373-81b1-74ea5481f2e1,"2,58",
ampere,0,resnet50_image,3g,32,sample,22,24.386943817138672,,,MIG-3db685b2-8ae5-5373-81b1-74ea5481f2e1,"2,58",
ampere,0,resnet50_image,3g,32,sample,23,24.39142417907715,,,MIG-3db685b2-8ae5-5373-81b1-74ea5481f2e1,"2,58",
ampere,0,resnet50_image,3g,32,sample,24,24.39619255065918,,,MIG-3db685b2-8ae5-5373-81b1-74ea5481f2e1,"2,58",
ampere,0,resnet50_image,3g,32,sample,25,24.414592742919922,,,MIG-3db685b2-8ae5-5373-81b1-74ea5481f2e1,"2,58",
ampere,0,resnet50_image,3g,32,sample,26,24.396032333374023,,,MIG-3db685b2-8ae5-5373-81b1-74ea5481f2e1,"2,58",
ampere,0,resnet50_image,3g,32,sample,27,24.3822078704834,,,MIG-3db685b2-8ae5-5373-81b1-74ea5481f2e1,"2,58",
ampere,0,resnet50_image,3g,32,sample,28,24.396703720092773,,,MIG-3db685b2-8ae5-5373-81b1-74ea5481f2e1,"2,58",
ampere,0,resnet50_image,3g,32,sample,29,24.388063430786133,,,MIG-3db685b2-8ae5-5373-81b1-74ea5481f2e1,"2,58",
ampere,0,resnet50_image,3g,32,sample,30,24.399616241455078,,,MIG-3db685b2-8ae5-5373-81b1-74ea5481f2e1,"2,58",
ampere,0,resnet50_image,3g,32,sample,31,24.384191513061523,,,MIG-3db685b2-8ae5-5373-81b1-74ea5481f2e1,"2,58",
ampere,0,resnet50_image,3g,32,sample,32,24.392000198364258,,,MIG-3db685b2-8ae5-5373-81b1-74ea5481f2e1,"2,58",
ampere,0,resnet50_image,3g,32,sample,33,24.383935928344727,,,MIG-3db685b2-8ae5-5373-81b1-74ea5481f2e1,"2,58",
ampere,0,resnet50_image,3g,32,sample,34,24.390432357788086,,,MIG-3db685b2-8ae5-5373-81b1-74ea5481f2e1,"2,58",
ampere,0,resnet50_image,3g,32,sample,35,24.39263916015625,,,MIG-3db685b2-8ae5-5373-81b1-74ea5481f2e1,"2,58",
ampere,0,resnet50_image,3g,32,sample,36,24.402368545532227,,,MIG-3db685b2-8ae5-5373-81b1-74ea5481f2e1,"2,58",
ampere,0,resnet50_image,3g,32,sample,37,24.392927169799805,,,MIG-3db685b2-8ae5-5373-81b1-74ea5481f2e1,"2,58",
ampere,0,resnet50_image,3g,32,sample,38,24.391904830932617,,,MIG-3db685b2-8ae5-5373-81b1-74ea5481f2e1,"2,58",
ampere,0,resnet50_image,3g,32,sample,39,24.38844871520996,,,MIG-3db685b2-8ae5-5373-81b1-74ea5481f2e1,"2,58",
ampere,0,resnet50_image,3g,32,sample,40,24.391040802001953,,,MIG-3db685b2-8ae5-5373-81b1-74ea5481f2e1,"2,58",
ampere,0,resnet50_image,3g,32,sample,41,24.39142417907715,,,MIG-3db685b2-8ae5-5373-81b1-74ea5481f2e1,"2,58",
ampere,0,resnet50_image,3g,32,sample,42,24.390527725219727,,,MIG-3db685b2-8ae5-5373-81b1-74ea5481f2e1,"2,58",
ampere,0,resnet50_image,3g,32,sample,43,24.397600173950195,,,MIG-3db685b2-8ae5-5373-81b1-74ea5481f2e1,"2,58",
ampere,0,resnet50_image,3g,32,sample,44,24.40006446838379,,,MIG-3db685b2-8ae5-5373-81b1-74ea5481f2e1,"2,58",
ampere,0,resnet50_image,3g,32,sample,45,24.394367218017578,,,MIG-3db685b2-8ae5-5373-81b1-74ea5481f2e1,"2,58",
ampere,0,resnet50_image,3g,32,sample,46,24.40559959411621,,,MIG-3db685b2-8ae5-5373-81b1-74ea5481f2e1,"2,58",
ampere,0,resnet50_image,3g,32,sample,47,24.391008377075195,,,MIG-3db685b2-8ae5-5373-81b1-74ea5481f2e1,"2,58",
ampere,0,resnet50_image,3g,32,sample,48,24.40127944946289,,,MIG-3db685b2-8ae5-5373-81b1-74ea5481f2e1,"2,58",
ampere,0,resnet50_image,3g,32,sample,49,24.390079498291016,,,MIG-3db685b2-8ae5-5373-81b1-74ea5481f2e1,"2,58",
ampere,0,resnet50_image,3g,64,warmup,0,47.44345474243164,,,MIG-3db685b2-8ae5-5373-81b1-74ea5481f2e1,"2,58",
ampere,0,resnet50_image,3g,64,warmup,1,46.4317741394043,,,MIG-3db685b2-8ae5-5373-81b1-74ea5481f2e1,"2,58",
ampere,0,resnet50_image,3g,64,warmup,2,46.404319763183594,,,MIG-3db685b2-8ae5-5373-81b1-74ea5481f2e1,"2,58",
ampere,0,resnet50_image,3g,64,warmup,3,46.41254425048828,,,MIG-3db685b2-8ae5-5373-81b1-74ea5481f2e1,"2,58",
ampere,0,resnet50_image,3g,64,warmup,4,46.41632080078125,,,MIG-3db685b2-8ae5-5373-81b1-74ea5481f2e1,"2,58",
ampere,0,resnet50_image,3g,64,warmup,5,46.39984130859375,,,MIG-3db685b2-8ae5-5373-81b1-74ea5481f2e1,"2,58",
ampere,0,resnet50_image,3g,64,warmup,6,46.40732955932617,,,MIG-3db685b2-8ae5-5373-81b1-74ea5481f2e1,"2,58",
ampere,0,resnet50_image,3g,64,warmup,7,46.39030456542969,,,MIG-3db685b2-8ae5-5373-81b1-74ea5481f2e1,"2,58",
ampere,0,resnet50_image,3g,64,warmup,8,46.41212844848633,,,MIG-3db685b2-8ae5-5373-81b1-74ea5481f2e1,"2,58",
ampere,0,resnet50_image,3g,64,warmup,9,46.44755172729492,,,MIG-3db685b2-8ae5-5373-81b1-74ea5481f2e1,"2,58",
ampere,0,resnet50_image,3g,64,sample,0,46.4384651184082,,,MIG-3db685b2-8ae5-5373-81b1-74ea5481f2e1,"2,58",
ampere,0,resnet50_image,3g,64,sample,1,46.41836929321289,,,MIG-3db685b2-8ae5-5373-81b1-74ea5481f2e1,"2,58",
ampere,0,resnet50_image,3g,64,sample,2,46.429569244384766,,,MIG-3db685b2-8ae5-5373-81b1-74ea5481f2e1,"2,58",
ampere,0,resnet50_image,3g,64,sample,3,46.40367889404297,,,MIG-3db685b2-8ae5-5373-81b1-74ea5481f2e1,"2,58",
ampere,0,resnet50_image,3g,64,sample,4,46.41075134277344,,,MIG-3db685b2-8ae5-5373-81b1-74ea5481f2e1,"2,58",
ampere,0,resnet50_image,3g,64,sample,5,46.40687942504883,,,MIG-3db685b2-8ae5-5373-81b1-74ea5481f2e1,"2,58",
ampere,0,resnet50_image,3g,64,sample,6,46.41212844848633,,,MIG-3db685b2-8ae5-5373-81b1-74ea5481f2e1,"2,58",
ampere,0,resnet50_image,3g,64,sample,7,46.40371322631836,,,MIG-3db685b2-8ae5-5373-81b1-74ea5481f2e1,"2,58",
ampere,0,resnet50_image,3g,64,sample,8,46.415103912353516,,,MIG-3db685b2-8ae5-5373-81b1-74ea5481f2e1,"2,58",
ampere,0,resnet50_image,3g,64,sample,9,46.42323303222656,,,MIG-3db685b2-8ae5-5373-81b1-74ea5481f2e1,"2,58",
ampere,0,resnet50_image,3g,64,sample,10,46.38761520385742,,,MIG-3db685b2-8ae5-5373-81b1-74ea5481f2e1,"2,58",
ampere,0,resnet50_image,3g,64,sample,11,46.408607482910156,,,MIG-3db685b2-8ae5-5373-81b1-74ea5481f2e1,"2,58",
ampere,0,resnet50_image,3g,64,sample,12,46.423038482666016,,,MIG-3db685b2-8ae5-5373-81b1-74ea5481f2e1,"2,58",
ampere,0,resnet50_image,3g,64,sample,13,46.41017532348633,,,MIG-3db685b2-8ae5-5373-81b1-74ea5481f2e1,"2,58",
ampere,0,resnet50_image,3g,64,sample,14,46.420448303222656,,,MIG-3db685b2-8ae5-5373-81b1-74ea5481f2e1,"2,58",
ampere,0,resnet50_image,3g,64,sample,15,46.41455841064453,,,MIG-3db685b2-8ae5-5373-81b1-74ea5481f2e1,"2,58",
ampere,0,resnet50_image,3g,64,sample,16,46.42428970336914,,,MIG-3db685b2-8ae5-5373-81b1-74ea5481f2e1,"2,58",
ampere,0,resnet50_image,3g,64,sample,17,46.404415130615234,,,MIG-3db685b2-8ae5-5373-81b1-74ea5481f2e1,"2,58",
ampere,0,resnet50_image,3g,64,sample,18,46.411808013916016,,,MIG-3db685b2-8ae5-5373-81b1-74ea5481f2e1,"2,58",
ampere,0,resnet50_image,3g,64,sample,19,46.415489196777344,,,MIG-3db685b2-8ae5-5373-81b1-74ea5481f2e1,"2,58",
ampere,0,resnet50_image,3g,64,sample,20,46.42300796508789,,,MIG-3db685b2-8ae5-5373-81b1-74ea5481f2e1,"2,58",
ampere,0,resnet50_image,3g,64,sample,21,46.4117431640625,,,MIG-3db685b2-8ae5-5373-81b1-74ea5481f2e1,"2,58",
ampere,0,resnet50_image,3g,64,sample,22,46.421791076660156,,,MIG-3db685b2-8ae5-5373-81b1-74ea5481f2e1,"2,58",
ampere,0,resnet50_image,3g,64,sample,23,46.41747283935547,,,MIG-3db685b2-8ae5-5373-81b1-74ea5481f2e1,"2,58",
ampere,0,resnet50_image,3g,64,sample,24,46.410526275634766,,,MIG-3db685b2-8ae5-5373-81b1-74ea5481f2e1,"2,58",
ampere,0,resnet50_image,3g,64,sample,25,46.41030502319336,,,MIG-3db685b2-8ae5-5373-81b1-74ea5481f2e1,"2,58",
ampere,0,resnet50_image,3g,64,sample,26,46.40310287475586,,,MIG-3db685b2-8ae5-5373-81b1-74ea5481f2e1,"2,58",
ampere,0,resnet50_image,3g,64,sample,27,46.48419189453125,,,MIG-3db685b2-8ae5-5373-81b1-74ea5481f2e1,"2,58",
ampere,0,resnet50_image,3g,64,sample,28,46.420833587646484,,,MIG-3db685b2-8ae5-5373-81b1-74ea5481f2e1,"2,58",
ampere,0,resnet50_image,3g,64,sample,29,46.420928955078125,,,MIG-3db685b2-8ae5-5373-81b1-74ea5481f2e1,"2,58",
ampere,0,resnet50_image,3g,64,sample,30,46.41347122192383,,,MIG-3db685b2-8ae5-5373-81b1-74ea5481f2e1,"2,58",
ampere,0,resnet50_image,3g,64,sample,31,46.40752029418945,,,MIG-3db685b2-8ae5-5373-81b1-74ea5481f2e1,"2,58",
ampere,0,resnet50_image,3g,64,sample,32,46.42144012451172,,,MIG-3db685b2-8ae5-5373-81b1-74ea5481f2e1,"2,58",
ampere,0,resnet50_image,3g,64,sample,33,46.415584564208984,,,MIG-3db685b2-8ae5-5373-81b1-74ea5481f2e1,"2,58",
ampere,0,resnet50_image,3g,64,sample,34,46.41132736206055,,,MIG-3db685b2-8ae5-5373-81b1-74ea5481f2e1,"2,58",
ampere,0,resnet50_image,3g,64,sample,35,46.41654586791992,,,MIG-3db685b2-8ae5-5373-81b1-74ea5481f2e1,"2,58",
ampere,0,resnet50_image,3g,64,sample,36,46.42256164550781,,,MIG-3db685b2-8ae5-5373-81b1-74ea5481f2e1,"2,58",
ampere,0,resnet50_image,3g,64,sample,37,46.42086410522461,,,MIG-3db685b2-8ae5-5373-81b1-74ea5481f2e1,"2,58",
ampere,0,resnet50_image,3g,64,sample,38,46.42182540893555,,,MIG-3db685b2-8ae5-5373-81b1-74ea5481f2e1,"2,58",
ampere,0,resnet50_image,3g,64,sample,39,46.434814453125,,,MIG-3db685b2-8ae5-5373-81b1-74ea5481f2e1,"2,58",
ampere,0,resnet50_image,3g,64,sample,40,46.40086364746094,,,MIG-3db685b2-8ae5-5373-81b1-74ea5481f2e1,"2,58",
ampere,0,resnet50_image,3g,64,sample,41,46.41584014892578,,,MIG-3db685b2-8ae5-5373-81b1-74ea5481f2e1,"2,58",
ampere,0,resnet50_image,3g,64,sample,42,46.41737747192383,,,MIG-3db685b2-8ae5-5373-81b1-74ea5481f2e1,"2,58",
ampere,0,resnet50_image,3g,64,sample,43,46.404640197753906,,,MIG-3db685b2-8ae5-5373-81b1-74ea5481f2e1,"2,58",
ampere,0,resnet50_image,3g,64,sample,44,46.411136627197266,,,MIG-3db685b2-8ae5-5373-81b1-74ea5481f2e1,"2,58",
ampere,0,resnet50_image,3g,64,sample,45,46.41619110107422,,,MIG-3db685b2-8ae5-5373-81b1-74ea5481f2e1,"2,58",
ampere,0,resnet50_image,3g,64,sample,46,46.40633773803711,,,MIG-3db685b2-8ae5-5373-81b1-74ea5481f2e1,"2,58",
ampere,0,resnet50_image,3g,64,sample,47,46.42121505737305,,,MIG-3db685b2-8ae5-5373-81b1-74ea5481f2e1,"2,58",
ampere,0,resnet50_image,3g,64,sample,48,46.39673614501953,,,MIG-3db685b2-8ae5-5373-81b1-74ea5481f2e1,"2,58",
ampere,0,resnet50_image,3g,64,sample,49,46.41001510620117,,,MIG-3db685b2-8ae5-5373-81b1-74ea5481f2e1,"2,58",
ampere,0,vgg16_image,3g,1,warmup,0,4.318816184997559,,,MIG-3db685b2-8ae5-5373-81b1-74ea5481f2e1,"2,58",
ampere,0,vgg16_image,3g,1,warmup,1,2.591520071029663,,,MIG-3db685b2-8ae5-5373-81b1-74ea5481f2e1,"2,58",
ampere,0,vgg16_image,3g,1,warmup,2,2.575968027114868,,,MIG-3db685b2-8ae5-5373-81b1-74ea5481f2e1,"2,58",
ampere,0,vgg16_image,3g,1,warmup,3,2.558527946472168,,,MIG-3db685b2-8ae5-5373-81b1-74ea5481f2e1,"2,58",
ampere,0,vgg16_image,3g,1,warmup,4,2.564095973968506,,,MIG-3db685b2-8ae5-5373-81b1-74ea5481f2e1,"2,58",
ampere,0,vgg16_image,3g,1,warmup,5,2.562175989151001,,,MIG-3db685b2-8ae5-5373-81b1-74ea5481f2e1,"2,58",
ampere,0,vgg16_image,3g,1,warmup,6,2.564608097076416,,,MIG-3db685b2-8ae5-5373-81b1-74ea5481f2e1,"2,58",
ampere,0,vgg16_image,3g,1,warmup,7,2.5534720420837402,,,MIG-3db685b2-8ae5-5373-81b1-74ea5481f2e1,"2,58",
ampere,0,vgg16_image,3g,1,warmup,8,2.5653440952301025,,,MIG-3db685b2-8ae5-5373-81b1-74ea5481f2e1,"2,58",
ampere,0,vgg16_image,3g,1,warmup,9,2.5518081188201904,,,MIG-3db685b2-8ae5-5373-81b1-74ea5481f2e1,"2,58",
ampere,0,vgg16_image,3g,1,sample,0,2.567456007003784,,,MIG-3db685b2-8ae5-5373-81b1-74ea5481f2e1,"2,58",
ampere,0,vgg16_image,3g,1,sample,1,2.5685760974884033,,,MIG-3db685b2-8ae5-5373-81b1-74ea5481f2e1,"2,58",
ampere,0,vgg16_image,3g,1,sample,2,2.5644800662994385,,,MIG-3db685b2-8ae5-5373-81b1-74ea5481f2e1,"2,58",
ampere,0,vgg16_image,3g,1,sample,3,2.563839912414551,,,MIG-3db685b2-8ae5-5373-81b1-74ea5481f2e1,"2,58",
ampere,0,vgg16_image,3g,1,sample,4,2.5648000240325928,,,MIG-3db685b2-8ae5-5373-81b1-74ea5481f2e1,"2,58",
ampere,0,vgg16_image,3g,1,sample,5,2.556544065475464,,,MIG-3db685b2-8ae5-5373-81b1-74ea5481f2e1,"2,58",
ampere,0,vgg16_image,3g,1,sample,6,2.7974720001220703,,,MIG-3db685b2-8ae5-5373-81b1-74ea5481f2e1,"2,58",
ampere,0,vgg16_image,3g,1,sample,7,2.9356799125671387,,,MIG-3db685b2-8ae5-5373-81b1-74ea5481f2e1,"2,58",
ampere,0,vgg16_image,3g,1,sample,8,4.061215877532959,,,MIG-3db685b2-8ae5-5373-81b1-74ea5481f2e1,"2,58",
ampere,0,vgg16_image,3g,1,sample,9,3.6036159992218018,,,MIG-3db685b2-8ae5-5373-81b1-74ea5481f2e1,"2,58",
ampere,0,vgg16_image,3g,1,sample,10,4.044320106506348,,,MIG-3db685b2-8ae5-5373-81b1-74ea5481f2e1,"2,58",
ampere,0,vgg16_image,3g,1,sample,11,4.0764479637146,,,MIG-3db685b2-8ae5-5373-81b1-74ea5481f2e1,"2,58",
ampere,0,vgg16_image,3g,1,sample,12,3.6880319118499756,,,MIG-3db685b2-8ae5-5373-81b1-74ea5481f2e1,"2,58",
ampere,0,vgg16_image,3g,1,sample,13,4.060512065887451,,,MIG-3db685b2-8ae5-5373-81b1-74ea5481f2e1,"2,58",
ampere,0,vgg16_image,3g,1,sample,14,4.050111770629883,,,MIG-3db685b2-8ae5-5373-81b1-74ea5481f2e1,"2,58",
ampere,0,vgg16_image,3g,1,sample,15,4.029119968414307,,,MIG-3db685b2-8ae5-5373-81b1-74ea5481f2e1,"2,58",
ampere,0,vgg16_image,3g,1,sample,16,3.278559923171997,,,MIG-3db685b2-8ae5-5373-81b1-74ea5481f2e1,"2,58",
ampere,0,vgg16_image,3g,1,sample,17,2.6674559116363525,,,MIG-3db685b2-8ae5-5373-81b1-74ea5481f2e1,"2,58",
ampere,0,vgg16_image,3g,1,sample,18,2.596544027328491,,,MIG-3db685b2-8ae5-5373-81b1-74ea5481f2e1,"2,58",
ampere,0,vgg16_image,3g,1,sample,19,2.5967679023742676,,,MIG-3db685b2-8ae5-5373-81b1-74ea5481f2e1,"2,58",
ampere,0,vgg16_image,3g,1,sample,20,2.578336000442505,,,MIG-3db685b2-8ae5-5373-81b1-74ea5481f2e1,"2,58",
ampere,0,vgg16_image,3g,1,sample,21,2.5641279220581055,,,MIG-3db685b2-8ae5-5373-81b1-74ea5481f2e1,"2,58",
ampere,0,vgg16_image,3g,1,sample,22,2.5544960498809814,,,MIG-3db685b2-8ae5-5373-81b1-74ea5481f2e1,"2,58",
ampere,0,vgg16_image,3g,1,sample,23,2.564448118209839,,,MIG-3db685b2-8ae5-5373-81b1-74ea5481f2e1,"2,58",
ampere,0,vgg16_image,3g,1,sample,24,2.5498239994049072,,,MIG-3db685b2-8ae5-5373-81b1-74ea5481f2e1,"2,58",
ampere,0,vgg16_image,3g,1,sample,25,2.5662078857421875,,,MIG-3db685b2-8ae5-5373-81b1-74ea5481f2e1,"2,58",
ampere,0,vgg16_image,3g,1,sample,26,2.5674240589141846,,,MIG-3db685b2-8ae5-5373-81b1-74ea5481f2e1,"2,58",
ampere,0,vgg16_image,3g,1,sample,27,2.5669760704040527,,,MIG-3db685b2-8ae5-5373-81b1-74ea5481f2e1,"2,58",
ampere,0,vgg16_image,3g,1,sample,28,2.563136100769043,,,MIG-3db685b2-8ae5-5373-81b1-74ea5481f2e1,"2,58",
ampere,0,vgg16_image,3g,1,sample,29,2.5631680488586426,,,MIG-3db685b2-8ae5-5373-81b1-74ea5481f2e1,"2,58",
ampere,0,vgg16_image,3g,1,sample,30,2.5669760704040527,,,MIG-3db685b2-8ae5-5373-81b1-74ea5481f2e1,"2,58",
ampere,0,vgg16_image,3g,1,sample,31,2.5637118816375732,,,MIG-3db685b2-8ae5-5373-81b1-74ea5481f2e1,"2,58",
ampere,0,vgg16_image,3g,1,sample,32,2.561824083328247,,,MIG-3db685b2-8ae5-5373-81b1-74ea5481f2e1,"2,58",
ampere,0,vgg16_image,3g,1,sample,33,2.5643200874328613,,,MIG-3db685b2-8ae5-5373-81b1-74ea5481f2e1,"2,58",
ampere,0,vgg16_image,3g,1,sample,34,2.5654079914093018,,,MIG-3db685b2-8ae5-5373-81b1-74ea5481f2e1,"2,58",
ampere,0,vgg16_image,3g,1,sample,35,2.5694079399108887,,,MIG-3db685b2-8ae5-5373-81b1-74ea5481f2e1,"2,58",
ampere,0,vgg16_image,3g,1,sample,36,2.5664639472961426,,,MIG-3db685b2-8ae5-5373-81b1-74ea5481f2e1,"2,58",
ampere,0,vgg16_image,3g,1,sample,37,2.5654079914093018,,,MIG-3db685b2-8ae5-5373-81b1-74ea5481f2e1,"2,58",
ampere,0,vgg16_image,3g,1,sample,38,2.5632638931274414,,,MIG-3db685b2-8ae5-5373-81b1-74ea5481f2e1,"2,58",
ampere,0,vgg16_image,3g,1,sample,39,2.5645759105682373,,,MIG-3db685b2-8ae5-5373-81b1-74ea5481f2e1,"2,58",
ampere,0,vgg16_image,3g,1,sample,40,2.5578560829162598,,,MIG-3db685b2-8ae5-5373-81b1-74ea5481f2e1,"2,58",
ampere,0,vgg16_image,3g,1,sample,41,2.5648000240325928,,,MIG-3db685b2-8ae5-5373-81b1-74ea5481f2e1,"2,58",
ampere,0,vgg16_image,3g,1,sample,42,2.5593600273132324,,,MIG-3db685b2-8ae5-5373-81b1-74ea5481f2e1,"2,58",
ampere,0,vgg16_image,3g,1,sample,43,2.568959951400757,,,MIG-3db685b2-8ae5-5373-81b1-74ea5481f2e1,"2,58",
ampere,0,vgg16_image,3g,1,sample,44,2.559999942779541,,,MIG-3db685b2-8ae5-5373-81b1-74ea5481f2e1,"2,58",
ampere,0,vgg16_image,3g,1,sample,45,2.5612480640411377,,,MIG-3db685b2-8ae5-5373-81b1-74ea5481f2e1,"2,58",
ampere,0,vgg16_image,3g,1,sample,46,2.5523200035095215,,,MIG-3db685b2-8ae5-5373-81b1-74ea5481f2e1,"2,58",
ampere,0,vgg16_image,3g,1,sample,47,2.560447931289673,,,MIG-3db685b2-8ae5-5373-81b1-74ea5481f2e1,"2,58",
ampere,0,vgg16_image,3g,1,sample,48,2.550528049468994,,,MIG-3db685b2-8ae5-5373-81b1-74ea5481f2e1,"2,58",
ampere,0,vgg16_image,3g,1,sample,49,2.5637760162353516,,,MIG-3db685b2-8ae5-5373-81b1-74ea5481f2e1,"2,58",
ampere,0,vgg16_image,3g,4,warmup,0,25.30512046813965,,,MIG-3db685b2-8ae5-5373-81b1-74ea5481f2e1,"2,58",
ampere,0,vgg16_image,3g,4,warmup,1,6.531936168670654,,,MIG-3db685b2-8ae5-5373-81b1-74ea5481f2e1,"2,58",
ampere,0,vgg16_image,3g,4,warmup,2,6.532576084136963,,,MIG-3db685b2-8ae5-5373-81b1-74ea5481f2e1,"2,58",
ampere,0,vgg16_image,3g,4,warmup,3,6.51804780960083,,,MIG-3db685b2-8ae5-5373-81b1-74ea5481f2e1,"2,58",
ampere,0,vgg16_image,3g,4,warmup,4,6.531487941741943,,,MIG-3db685b2-8ae5-5373-81b1-74ea5481f2e1,"2,58",
ampere,0,vgg16_image,3g,4,warmup,5,6.523903846740723,,,MIG-3db685b2-8ae5-5373-81b1-74ea5481f2e1,"2,58",
ampere,0,vgg16_image,3g,4,warmup,6,6.532512187957764,,,MIG-3db685b2-8ae5-5373-81b1-74ea5481f2e1,"2,58",
ampere,0,vgg16_image,3g,4,warmup,7,6.522528171539307,,,MIG-3db685b2-8ae5-5373-81b1-74ea5481f2e1,"2,58",
ampere,0,vgg16_image,3g,4,warmup,8,6.527679920196533,,,MIG-3db685b2-8ae5-5373-81b1-74ea5481f2e1,"2,58",
ampere,0,vgg16_image,3g,4,warmup,9,6.524064064025879,,,MIG-3db685b2-8ae5-5373-81b1-74ea5481f2e1,"2,58",
ampere,0,vgg16_image,3g,4,sample,0,6.541823863983154,,,MIG-3db685b2-8ae5-5373-81b1-74ea5481f2e1,"2,58",
ampere,0,vgg16_image,3g,4,sample,1,6.531040191650391,,,MIG-3db685b2-8ae5-5373-81b1-74ea5481f2e1,"2,58",
ampere,0,vgg16_image,3g,4,sample,2,6.51635217666626,,,MIG-3db685b2-8ae5-5373-81b1-74ea5481f2e1,"2,58",
ampere,0,vgg16_image,3g,4,sample,3,6.528768062591553,,,MIG-3db685b2-8ae5-5373-81b1-74ea5481f2e1,"2,58",
ampere,0,vgg16_image,3g,4,sample,4,6.536032199859619,,,MIG-3db685b2-8ae5-5373-81b1-74ea5481f2e1,"2,58",
ampere,0,vgg16_image,3g,4,sample,5,6.541344165802002,,,MIG-3db685b2-8ae5-5373-81b1-74ea5481f2e1,"2,58",
ampere,0,vgg16_image,3g,4,sample,6,6.529344081878662,,,MIG-3db685b2-8ae5-5373-81b1-74ea5481f2e1,"2,58",
ampere,0,vgg16_image,3g,4,sample,7,6.545760154724121,,,MIG-3db685b2-8ae5-5373-81b1-74ea5481f2e1,"2,58",
ampere,0,vgg16_image,3g,4,sample,8,6.539775848388672,,,MIG-3db685b2-8ae5-5373-81b1-74ea5481f2e1,"2,58",
ampere,0,vgg16_image,3g,4,sample,9,6.5357441902160645,,,MIG-3db685b2-8ae5-5373-81b1-74ea5481f2e1,"2,58",
ampere,0,vgg16_image,3g,4,sample,10,6.542079925537109,,,MIG-3db685b2-8ae5-5373-81b1-74ea5481f2e1,"2,58",
ampere,0,vgg16_image,3g,4,sample,11,6.5332159996032715,,,MIG-3db685b2-8ae5-5373-81b1-74ea5481f2e1,"2,58",
ampere,0,vgg16_image,3g,4,sample,12,6.544544219970703,,,MIG-3db685b2-8ae5-5373-81b1-74ea5481f2e1,"2,58",
ampere,0,vgg16_image,3g,4,sample,13,6.530655860900879,,,MIG-3db685b2-8ae5-5373-81b1-74ea5481f2e1,"2,58",
ampere,0,vgg16_image,3g,4,sample,14,6.536928176879883,,,MIG-3db685b2-8ae5-5373-81b1-74ea5481f2e1,"2,58",
ampere,0,vgg16_image,3g,4,sample,15,6.537087917327881,,,MIG-3db685b2-8ae5-5373-81b1-74ea5481f2e1,"2,58",
ampere,0,vgg16_image,3g,4,sample,16,6.533055782318115,,,MIG-3db685b2-8ae5-5373-81b1-74ea5481f2e1,"2,58",
ampere,0,vgg16_image,3g,4,sample,17,6.538400173187256,,,MIG-3db685b2-8ae5-5373-81b1-74ea5481f2e1,"2,58",
ampere,0,vgg16_image,3g,4,sample,18,6.53331184387207,,,MIG-3db685b2-8ae5-5373-81b1-74ea5481f2e1,"2,58",
ampere,0,vgg16_image,3g,4,sample,19,6.54969596862793,,,MIG-3db685b2-8ae5-5373-81b1-74ea5481f2e1,"2,58",
ampere,0,vgg16_image,3g,4,sample,20,6.547327995300293,,,MIG-3db685b2-8ae5-5373-81b1-74ea5481f2e1,"2,58",
ampere,0,vgg16_image,3g,4,sample,21,6.536704063415527,,,MIG-3db685b2-8ae5-5373-81b1-74ea5481f2e1,"2,58",
ampere,0,vgg16_image,3g,4,sample,22,6.535776138305664,,,MIG-3db685b2-8ae5-5373-81b1-74ea5481f2e1,"2,58",
ampere,0,vgg16_image,3g,4,sample,23,6.532864093780518,,,MIG-3db685b2-8ae5-5373-81b1-74ea5481f2e1,"2,58",
ampere,0,vgg16_image,3g,4,sample,24,6.553343772888184,,,MIG-3db685b2-8ae5-5373-81b1-74ea5481f2e1,"2,58",
ampere,0,vgg16_image,3g,4,sample,25,6.5391998291015625,,,MIG-3db685b2-8ae5-5373-81b1-74ea5481f2e1,"2,58",
ampere,0,vgg16_image,3g,4,sample,26,6.536320209503174,,,MIG-3db685b2-8ae5-5373-81b1-74ea5481f2e1,"2,58",
ampere,0,vgg16_image,3g,4,sample,27,6.53715181350708,,,MIG-3db685b2-8ae5-5373-81b1-74ea5481f2e1,"2,58",
ampere,0,vgg16_image,3g,4,sample,28,6.531839847564697,,,MIG-3db685b2-8ae5-5373-81b1-74ea5481f2e1,"2,58",
ampere,0,vgg16_image,3g,4,sample,29,6.530623912811279,,,MIG-3db685b2-8ae5-5373-81b1-74ea5481f2e1,"2,58",
ampere,0,vgg16_image,3g,4,sample,30,6.528287887573242,,,MIG-3db685b2-8ae5-5373-81b1-74ea5481f2e1,"2,58",
ampere,0,vgg16_image,3g,4,sample,31,6.5386881828308105,,,MIG-3db685b2-8ae5-5373-81b1-74ea5481f2e1,"2,58",
ampere,0,vgg16_image,3g,4,sample,32,6.545536041259766,,,MIG-3db685b2-8ae5-5373-81b1-74ea5481f2e1,"2,58",
ampere,0,vgg16_image,3g,4,sample,33,6.537888050079346,,,MIG-3db685b2-8ae5-5373-81b1-74ea5481f2e1,"2,58",
ampere,0,vgg16_image,3g,4,sample,34,6.5293121337890625,,,MIG-3db685b2-8ae5-5373-81b1-74ea5481f2e1,"2,58",
ampere,0,vgg16_image,3g,4,sample,35,6.536223888397217,,,MIG-3db685b2-8ae5-5373-81b1-74ea5481f2e1,"2,58",
ampere,0,vgg16_image,3g,4,sample,36,6.535039901733398,,,MIG-3db685b2-8ae5-5373-81b1-74ea5481f2e1,"2,58",
ampere,0,vgg16_image,3g,4,sample,37,6.527967929840088,,,MIG-3db685b2-8ae5-5373-81b1-74ea5481f2e1,"2,58",
ampere,0,vgg16_image,3g,4,sample,38,6.540639877319336,,,MIG-3db685b2-8ae5-5373-81b1-74ea5481f2e1,"2,58",
ampere,0,vgg16_image,3g,4,sample,39,6.5386881828308105,,,MIG-3db685b2-8ae5-5373-81b1-74ea5481f2e1,"2,58",
ampere,0,vgg16_image,3g,4,sample,40,6.536159992218018,,,MIG-3db685b2-8ae5-5373-81b1-74ea5481f2e1,"2,58",
ampere,0,vgg16_image,3g,4,sample,41,6.533664226531982,,,MIG-3db685b2-8ae5-5373-81b1-74ea5481f2e1,"2,58",
ampere,0,vgg16_image,3g,4,sample,42,6.537759780883789,,,MIG-3db685b2-8ae5-5373-81b1-74ea5481f2e1,"2,58",
ampere,0,vgg16_image,3g,4,sample,43,6.540736198425293,,,MIG-3db685b2-8ae5-5373-81b1-74ea5481f2e1,"2,58",
ampere,0,vgg16_image,3g,4,sample,44,6.530496120452881,,,MIG-3db685b2-8ae5-5373-81b1-74ea5481f2e1,"2,58",
ampere,0,vgg16_image,3g,4,sample,45,6.540863990783691,,,MIG-3db685b2-8ae5-5373-81b1-74ea5481f2e1,"2,58",
ampere,0,vgg16_image,3g,4,sample,46,6.532095909118652,,,MIG-3db685b2-8ae5-5373-81b1-74ea5481f2e1,"2,58",
ampere,0,vgg16_image,3g,4,sample,47,6.539423942565918,,,MIG-3db685b2-8ae5-5373-81b1-74ea5481f2e1,"2,58",
ampere,0,vgg16_image,3g,4,sample,48,6.533152103424072,,,MIG-3db685b2-8ae5-5373-81b1-74ea5481f2e1,"2,58",
ampere,0,vgg16_image,3g,4,sample,49,6.5357441902160645,,,MIG-3db685b2-8ae5-5373-81b1-74ea5481f2e1,"2,58",
ampere,0,vgg16_image,3g,16,warmup,0,24.052448272705078,,,MIG-3db685b2-8ae5-5373-81b1-74ea5481f2e1,"2,58",
ampere,0,vgg16_image,3g,16,warmup,1,20.626815795898438,,,MIG-3db685b2-8ae5-5373-81b1-74ea5481f2e1,"2,58",
ampere,0,vgg16_image,3g,16,warmup,2,20.61894416809082,,,MIG-3db685b2-8ae5-5373-81b1-74ea5481f2e1,"2,58",
ampere,0,vgg16_image,3g,16,warmup,3,20.619232177734375,,,MIG-3db685b2-8ae5-5373-81b1-74ea5481f2e1,"2,58",
ampere,0,vgg16_image,3g,16,warmup,4,20.621536254882812,,,MIG-3db685b2-8ae5-5373-81b1-74ea5481f2e1,"2,58",
ampere,0,vgg16_image,3g,16,warmup,5,20.61644744873047,,,MIG-3db685b2-8ae5-5373-81b1-74ea5481f2e1,"2,58",
ampere,0,vgg16_image,3g,16,warmup,6,20.61382484436035,,,MIG-3db685b2-8ae5-5373-81b1-74ea5481f2e1,"2,58",
ampere,0,vgg16_image,3g,16,warmup,7,20.613183975219727,,,MIG-3db685b2-8ae5-5373-81b1-74ea5481f2e1,"2,58",
ampere,0,vgg16_image,3g,16,warmup,8,20.618207931518555,,,MIG-3db685b2-8ae5-5373-81b1-74ea5481f2e1,"2,58",
ampere,0,vgg16_image,3g,16,warmup,9,20.615615844726562,,,MIG-3db685b2-8ae5-5373-81b1-74ea5481f2e1,"2,58",
ampere,0,vgg16_image,3g,16,sample,0,20.638944625854492,,,MIG-3db685b2-8ae5-5373-81b1-74ea5481f2e1,"2,58",
ampere,0,vgg16_image,3g,16,sample,1,20.63155174255371,,,MIG-3db685b2-8ae5-5373-81b1-74ea5481f2e1,"2,58",
ampere,0,vgg16_image,3g,16,sample,2,20.628063201904297,,,MIG-3db685b2-8ae5-5373-81b1-74ea5481f2e1,"2,58",
ampere,0,vgg16_image,3g,16,sample,3,20.619583129882812,,,MIG-3db685b2-8ae5-5373-81b1-74ea5481f2e1,"2,58",
ampere,0,vgg16_image,3g,16,sample,4,20.62396812438965,,,MIG-3db685b2-8ae5-5373-81b1-74ea5481f2e1,"2,58",
ampere,0,vgg16_image,3g,16,sample,5,20.62188720703125,,,MIG-3db685b2-8ae5-5373-81b1-74ea5481f2e1,"2,58",
ampere,0,vgg16_image,3g,16,sample,6,20.618816375732422,,,MIG-3db685b2-8ae5-5373-81b1-74ea5481f2e1,"2,58",
ampere,0,vgg16_image,3g,16,sample,7,20.622848510742188,,,MIG-3db685b2-8ae5-5373-81b1-74ea5481f2e1,"2,58",
ampere,0,vgg16_image,3g,16,sample,8,20.617504119873047,,,MIG-3db685b2-8ae5-5373-81b1-74ea5481f2e1,"2,58",
ampere,0,vgg16_image,3g,16,sample,9,20.6231689453125,,,MIG-3db685b2-8ae5-5373-81b1-74ea5481f2e1,"2,58",
ampere,0,vgg16_image,3g,16,sample,10,20.620223999023438,,,MIG-3db685b2-8ae5-5373-81b1-74ea5481f2e1,"2,58",
ampere,0,vgg16_image,3g,16,sample,11,20.622495651245117,,,MIG-3db685b2-8ae5-5373-81b1-74ea5481f2e1,"2,58",
ampere,0,vgg16_image,3g,16,sample,12,20.618303298950195,,,MIG-3db685b2-8ae5-5373-81b1-74ea5481f2e1,"2,58",
ampere,0,vgg16_image,3g,16,sample,13,20.620319366455078,,,MIG-3db685b2-8ae5-5373-81b1-74ea5481f2e1,"2,58",
ampere,0,vgg16_image,3g,16,sample,14,20.61689567565918,,,MIG-3db685b2-8ae5-5373-81b1-74ea5481f2e1,"2,58",
ampere,0,vgg16_image,3g,16,sample,15,20.61801528930664,,,MIG-3db685b2-8ae5-5373-81b1-74ea5481f2e1,"2,58",
ampere,0,vgg16_image,3g,16,sample,16,20.625343322753906,,,MIG-3db685b2-8ae5-5373-81b1-74ea5481f2e1,"2,58",
ampere,0,vgg16_image,3g,16,sample,17,20.618879318237305,,,MIG-3db685b2-8ae5-5373-81b1-74ea5481f2e1,"2,58",
ampere,0,vgg16_image,3g,16,sample,18,20.61961555480957,,,MIG-3db685b2-8ae5-5373-81b1-74ea5481f2e1,"2,58",
ampere,0,vgg16_image,3g,16,sample,19,20.617088317871094,,,MIG-3db685b2-8ae5-5373-81b1-74ea5481f2e1,"2,58",
ampere,0,vgg16_image,3g,16,sample,20,20.612415313720703,,,MIG-3db685b2-8ae5-5373-81b1-74ea5481f2e1,"2,58",
ampere,0,vgg16_image,3g,16,sample,21,20.626079559326172,,,MIG-3db685b2-8ae5-5373-81b1-74ea5481f2e1,"2,58",
ampere,0,vgg16_image,3g,16,sample,22,20.621055603027344,,,MIG-3db685b2-8ae5-5373-81b1-74ea5481f2e1,"2,58",
ampere,0,vgg16_image,3g,16,sample,23,20.613311767578125,,,MIG-3db685b2-8ae5-5373-81b1-74ea5481f2e1,"2,58",
ampere,0,vgg16_image,3g,16,sample,24,20.61510467529297,,,MIG-3db685b2-8ae5-5373-81b1-74ea5481f2e1,"2,58",
ampere,0,vgg16_image,3g,16,sample,25,20.623872756958008,,,MIG-3db685b2-8ae5-5373-81b1-74ea5481f2e1,"2,58",
ampere,0,vgg16_image,3g,16,sample,26,20.614559173583984,,,MIG-3db685b2-8ae5-5373-81b1-74ea5481f2e1,"2,58",
ampere,0,vgg16_image,3g,16,sample,27,20.62054443359375,,,MIG-3db685b2-8ae5-5373-81b1-74ea5481f2e1,"2,58",
ampere,0,vgg16_image,3g,16,sample,28,20.622943878173828,,,MIG-3db685b2-8ae5-5373-81b1-74ea5481f2e1,"2,58",
ampere,0,vgg16_image,3g,16,sample,29,20.622079849243164,,,MIG-3db685b2-8ae5-5373-81b1-74ea5481f2e1,"2,58",
ampere,0,vgg16_image,3g,16,sample,30,20.621408462524414,,,MIG-3db685b2-8ae5-5373-81b1-74ea5481f2e1,"2,58",
ampere,0,vgg16_image,3g,16,sample,31,20.619264602661133,,,MIG-3db685b2-8ae5-5373-81b1-74ea5481f2e1,"2,58",
ampere,0,vgg16_image,3g,16,sample,32,20.618335723876953,,,MIG-3db685b2-8ae5-5373-81b1-74ea5481f2e1,"2,58",
ampere,0,vgg16_image,3g,16,sample,33,20.61680030822754,,,MIG-3db685b2-8ae5-5373-81b1-74ea5481f2e1,"2,58",
ampere,0,vgg16_image,3g,16,sample,34,20.61840057373047,,,MIG-3db685b2-8ae5-5373-81b1-74ea5481f2e1,"2,58",
ampere,0,vgg16_image,3g,16,sample,35,20.62259292602539,,,MIG-3db685b2-8ae5-5373-81b1-74ea5481f2e1,"2,58",
ampere,0,vgg16_image,3g,16,sample,36,20.61337661743164,,,MIG-3db685b2-8ae5-5373-81b1-74ea5481f2e1,"2,58",
ampere,0,vgg16_image,3g,16,sample,37,20.624351501464844,,,MIG-3db685b2-8ae5-5373-81b1-74ea5481f2e1,"2,58",
ampere,0,vgg16_image,3g,16,sample,38,20.621728897094727,,,MIG-3db685b2-8ae5-5373-81b1-74ea5481f2e1,"2,58",
ampere,0,vgg16_image,3g,16,sample,39,20.698463439941406,,,MIG-3db685b2-8ae5-5373-81b1-74ea5481f2e1,"2,58",
ampere,0,vgg16_image,3g,16,sample,40,20.615264892578125,,,MIG-3db685b2-8ae5-5373-81b1-74ea5481f2e1,"2,58",
ampere,0,vgg16_image,3g,16,sample,41,20.621856689453125,,,MIG-3db685b2-8ae5-5373-81b1-74ea5481f2e1,"2,58",
ampere,0,vgg16_image,3g,16,sample,42,20.61680030822754,,,MIG-3db685b2-8ae5-5373-81b1-74ea5481f2e1,"2,58",
ampere,0,vgg16_image,3g,16,sample,43,20.623552322387695,,,MIG-3db685b2-8ae5-5373-81b1-74ea5481f2e1,"2,58",
ampere,0,vgg16_image,3g,16,sample,44,20.623680114746094,,,MIG-3db685b2-8ae5-5373-81b1-74ea5481f2e1,"2,58",
ampere,0,vgg16_image,3g,16,sample,45,20.61827278137207,,,MIG-3db685b2-8ae5-5373-81b1-74ea5481f2e1,"2,58",
ampere,0,vgg16_image,3g,16,sample,46,20.624256134033203,,,MIG-3db685b2-8ae5-5373-81b1-74ea5481f2e1,"2,58",
ampere,0,vgg16_image,3g,16,sample,47,20.61859130859375,,,MIG-3db685b2-8ae5-5373-81b1-74ea5481f2e1,"2,58",
ampere,0,vgg16_image,3g,16,sample,48,20.61996841430664,,,MIG-3db685b2-8ae5-5373-81b1-74ea5481f2e1,"2,58",
ampere,0,vgg16_image,3g,16,sample,49,20.61676788330078,,,MIG-3db685b2-8ae5-5373-81b1-74ea5481f2e1,"2,58",
ampere,0,vgg16_image,3g,32,warmup,0,40.12006378173828,,,MIG-3db685b2-8ae5-5373-81b1-74ea5481f2e1,"2,58",
ampere,0,vgg16_image,3g,32,warmup,1,38.50358581542969,,,MIG-3db685b2-8ae5-5373-81b1-74ea5481f2e1,"2,58",
ampere,0,vgg16_image,3g,32,warmup,2,38.51366424560547,,,MIG-3db685b2-8ae5-5373-81b1-74ea5481f2e1,"2,58",
ampere,0,vgg16_image,3g,32,warmup,3,38.50614547729492,,,MIG-3db685b2-8ae5-5373-81b1-74ea5481f2e1,"2,58",
ampere,0,vgg16_image,3g,32,warmup,4,38.51017761230469,,,MIG-3db685b2-8ae5-5373-81b1-74ea5481f2e1,"2,58",
ampere,0,vgg16_image,3g,32,warmup,5,38.49814224243164,,,MIG-3db685b2-8ae5-5373-81b1-74ea5481f2e1,"2,58",
ampere,0,vgg16_image,3g,32,warmup,6,38.498783111572266,,,MIG-3db685b2-8ae5-5373-81b1-74ea5481f2e1,"2,58",
ampere,0,vgg16_image,3g,32,warmup,7,38.49270248413086,,,MIG-3db685b2-8ae5-5373-81b1-74ea5481f2e1,"2,58",
ampere,0,vgg16_image,3g,32,warmup,8,38.48796844482422,,,MIG-3db685b2-8ae5-5373-81b1-74ea5481f2e1,"2,58",
ampere,0,vgg16_image,3g,32,warmup,9,38.50096130371094,,,MIG-3db685b2-8ae5-5373-81b1-74ea5481f2e1,"2,58",
ampere,0,vgg16_image,3g,32,sample,0,38.500160217285156,,,MIG-3db685b2-8ae5-5373-81b1-74ea5481f2e1,"2,58",
ampere,0,vgg16_image,3g,32,sample,1,38.49350357055664,,,MIG-3db685b2-8ae5-5373-81b1-74ea5481f2e1,"2,58",
ampere,0,vgg16_image,3g,32,sample,2,38.50841522216797,,,MIG-3db685b2-8ae5-5373-81b1-74ea5481f2e1,"2,58",
ampere,0,vgg16_image,3g,32,sample,3,38.50361633300781,,,MIG-3db685b2-8ae5-5373-81b1-74ea5481f2e1,"2,58",
ampere,0,vgg16_image,3g,32,sample,4,38.488704681396484,,,MIG-3db685b2-8ae5-5373-81b1-74ea5481f2e1,"2,58",
ampere,0,vgg16_image,3g,32,sample,5,38.4917106628418,,,MIG-3db685b2-8ae5-5373-81b1-74ea5481f2e1,"2,58",
ampere,0,vgg16_image,3g,32,sample,6,38.50787353515625,,,MIG-3db685b2-8ae5-5373-81b1-74ea5481f2e1,"2,58",
ampere,0,vgg16_image,3g,32,sample,7,38.50457763671875,,,MIG-3db685b2-8ae5-5373-81b1-74ea5481f2e1,"2,58",
ampere,0,vgg16_image,3g,32,sample,8,38.50089645385742,,,MIG-3db685b2-8ae5-5373-81b1-74ea5481f2e1,"2,58",
ampere,0,vgg16_image,3g,32,sample,9,38.5098876953125,,,MIG-3db685b2-8ae5-5373-81b1-74ea5481f2e1,"2,58",
ampere,0,vgg16_image,3g,32,sample,10,38.51023864746094,,,MIG-3db685b2-8ae5-5373-81b1-74ea5481f2e1,"2,58",
ampere,0,vgg16_image,3g,32,sample,11,38.50080108642578,,,MIG-3db685b2-8ae5-5373-81b1-74ea5481f2e1,"2,58",
ampere,0,vgg16_image,3g,32,sample,12,38.5129280090332,,,MIG-3db685b2-8ae5-5373-81b1-74ea5481f2e1,"2,58",
ampere,0,vgg16_image,3g,32,sample,13,38.508384704589844,,,MIG-3db685b2-8ae5-5373-81b1-74ea5481f2e1,"2,58",
ampere,0,vgg16_image,3g,32,sample,14,38.50019073486328,,,MIG-3db685b2-8ae5-5373-81b1-74ea5481f2e1,"2,58",
ampere,0,vgg16_image,3g,32,sample,15,38.50320053100586,,,MIG-3db685b2-8ae5-5373-81b1-74ea5481f2e1,"2,58",
ampere,0,vgg16_image,3g,32,sample,16,38.505313873291016,,,MIG-3db685b2-8ae5-5373-81b1-74ea5481f2e1,"2,58",
ampere,0,vgg16_image,3g,32,sample,17,38.50678253173828,,,MIG-3db685b2-8ae5-5373-81b1-74ea5481f2e1,"2,58",
ampere,0,vgg16_image,3g,32,sample,18,38.51919937133789,,,MIG-3db685b2-8ae5-5373-81b1-74ea5481f2e1,"2,58",
ampere,0,vgg16_image,3g,32,sample,19,38.5032958984375,,,MIG-3db685b2-8ae5-5373-81b1-74ea5481f2e1,"2,58",
ampere,0,vgg16_image,3g,32,sample,20,38.50175857543945,,,MIG-3db685b2-8ae5-5373-81b1-74ea5481f2e1,"2,58",
ampere,0,vgg16_image,3g,32,sample,21,38.502559661865234,,,MIG-3db685b2-8ae5-5373-81b1-74ea5481f2e1,"2,58",
ampere,0,vgg16_image,3g,32,sample,22,38.49827194213867,,,MIG-3db685b2-8ae5-5373-81b1-74ea5481f2e1,"2,58",
ampere,0,vgg16_image,3g,32,sample,23,38.49689483642578,,,MIG-3db685b2-8ae5-5373-81b1-74ea5481f2e1,"2,58",
ampere,0,vgg16_image,3g,32,sample,24,38.49679946899414,,,MIG-3db685b2-8ae5-5373-81b1-74ea5481f2e1,"2,58",
ampere,0,vgg16_image,3g,32,sample,25,38.501312255859375,,,MIG-3db685b2-8ae5-5373-81b1-74ea5481f2e1,"2,58",
ampere,0,vgg16_image,3g,32,sample,26,38.49708938598633,,,MIG-3db685b2-8ae5-5373-81b1-74ea5481f2e1,"2,58",
ampere,0,vgg16_image,3g,32,sample,27,38.4950065612793,,,MIG-3db685b2-8ae5-5373-81b1-74ea5481f2e1,"2,58",
ampere,0,vgg16_image,3g,32,sample,28,38.500736236572266,,,MIG-3db685b2-8ae5-5373-81b1-74ea5481f2e1,"2,58",
ampere,0,vgg16_image,3g,32,sample,29,38.50627136230469,,,MIG-3db685b2-8ae5-5373-81b1-74ea5481f2e1,"2,58",
ampere,0,vgg16_image,3g,32,sample,30,38.49702453613281,,,MIG-3db685b2-8ae5-5373-81b1-74ea5481f2e1,"2,58",
ampere,0,vgg16_image,3g,32,sample,31,38.50048065185547,,,MIG-3db685b2-8ae5-5373-81b1-74ea5481f2e1,"2,58",
ampere,0,vgg16_image,3g,32,sample,32,38.50262451171875,,,MIG-3db685b2-8ae5-5373-81b1-74ea5481f2e1,"2,58",
ampere,0,vgg16_image,3g,32,sample,33,38.49808120727539,,,MIG-3db685b2-8ae5-5373-81b1-74ea5481f2e1,"2,58",
ampere,0,vgg16_image,3g,32,sample,34,38.51011276245117,,,MIG-3db685b2-8ae5-5373-81b1-74ea5481f2e1,"2,58",
ampere,0,vgg16_image,3g,32,sample,35,38.50636672973633,,,MIG-3db685b2-8ae5-5373-81b1-74ea5481f2e1,"2,58",
ampere,0,vgg16_image,3g,32,sample,36,38.53900909423828,,,MIG-3db685b2-8ae5-5373-81b1-74ea5481f2e1,"2,58",
ampere,0,vgg16_image,3g,32,sample,37,38.51161575317383,,,MIG-3db685b2-8ae5-5373-81b1-74ea5481f2e1,"2,58",
ampere,0,vgg16_image,3g,32,sample,38,38.50636672973633,,,MIG-3db685b2-8ae5-5373-81b1-74ea5481f2e1,"2,58",
ampere,0,vgg16_image,3g,32,sample,39,38.50617599487305,,,MIG-3db685b2-8ae5-5373-81b1-74ea5481f2e1,"2,58",
ampere,0,vgg16_image,3g,32,sample,40,38.509342193603516,,,MIG-3db685b2-8ae5-5373-81b1-74ea5481f2e1,"2,58",
ampere,0,vgg16_image,3g,32,sample,41,38.49929428100586,,,MIG-3db685b2-8ae5-5373-81b1-74ea5481f2e1,"2,58",
ampere,0,vgg16_image,3g,32,sample,42,38.50873565673828,,,MIG-3db685b2-8ae5-5373-81b1-74ea5481f2e1,"2,58",
ampere,0,vgg16_image,3g,32,sample,43,38.496543884277344,,,MIG-3db685b2-8ae5-5373-81b1-74ea5481f2e1,"2,58",
ampere,0,vgg16_image,3g,32,sample,44,38.494110107421875,,,MIG-3db685b2-8ae5-5373-81b1-74ea5481f2e1,"2,58",
ampere,0,vgg16_image,3g,32,sample,45,38.500545501708984,,,MIG-3db685b2-8ae5-5373-81b1-74ea5481f2e1,"2,58",
ampere,0,vgg16_image,3g,32,sample,46,38.494625091552734,,,MIG-3db685b2-8ae5-5373-81b1-74ea5481f2e1,"2,58",
ampere,0,vgg16_image,3g,32,sample,47,38.50572967529297,,,MIG-3db685b2-8ae5-5373-81b1-74ea5481f2e1,"2,58",
ampere,0,vgg16_image,3g,32,sample,48,38.4958381652832,,,MIG-3db685b2-8ae5-5373-81b1-74ea5481f2e1,"2,58",
ampere,0,vgg16_image,3g,32,sample,49,38.50783920288086,,,MIG-3db685b2-8ae5-5373-81b1-74ea5481f2e1,"2,58",
ampere,0,vgg16_image,3g,64,warmup,0,78.18236541748047,,,MIG-3db685b2-8ae5-5373-81b1-74ea5481f2e1,"2,58",
ampere,0,vgg16_image,3g,64,warmup,1,76.73680114746094,,,MIG-3db685b2-8ae5-5373-81b1-74ea5481f2e1,"2,58",
ampere,0,vgg16_image,3g,64,warmup,2,76.74838256835938,,,MIG-3db685b2-8ae5-5373-81b1-74ea5481f2e1,"2,58",
ampere,0,vgg16_image,3g,64,warmup,3,76.74588775634766,,,MIG-3db685b2-8ae5-5373-81b1-74ea5481f2e1,"2,58",
ampere,0,vgg16_image,3g,64,warmup,4,76.7465591430664,,,MIG-3db685b2-8ae5-5373-81b1-74ea5481f2e1,"2,58",
ampere,0,vgg16_image,3g,64,warmup,5,76.7558364868164,,,MIG-3db685b2-8ae5-5373-81b1-74ea5481f2e1,"2,58",
ampere,0,vgg16_image,3g,64,warmup,6,76.74915313720703,,,MIG-3db685b2-8ae5-5373-81b1-74ea5481f2e1,"2,58",
ampere,0,vgg16_image,3g,64,warmup,7,76.78387451171875,,,MIG-3db685b2-8ae5-5373-81b1-74ea5481f2e1,"2,58",
ampere,0,vgg16_image,3g,64,warmup,8,76.7456283569336,,,MIG-3db685b2-8ae5-5373-81b1-74ea5481f2e1,"2,58",
ampere,0,vgg16_image,3g,64,warmup,9,76.76691436767578,,,MIG-3db685b2-8ae5-5373-81b1-74ea5481f2e1,"2,58",
ampere,0,vgg16_image,3g,64,sample,0,76.81839752197266,,,MIG-3db685b2-8ae5-5373-81b1-74ea5481f2e1,"2,58",
ampere,0,vgg16_image,3g,64,sample,1,76.74642944335938,,,MIG-3db685b2-8ae5-5373-81b1-74ea5481f2e1,"2,58",
ampere,0,vgg16_image,3g,64,sample,2,76.73545837402344,,,MIG-3db685b2-8ae5-5373-81b1-74ea5481f2e1,"2,58",
ampere,0,vgg16_image,3g,64,sample,3,76.73859405517578,,,MIG-3db685b2-8ae5-5373-81b1-74ea5481f2e1,"2,58",
ampere,0,vgg16_image,3g,64,sample,4,76.74908447265625,,,MIG-3db685b2-8ae5-5373-81b1-74ea5481f2e1,"2,58",
ampere,0,vgg16_image,3g,64,sample,5,76.75081634521484,,,MIG-3db685b2-8ae5-5373-81b1-74ea5481f2e1,"2,58",
ampere,0,vgg16_image,3g,64,sample,6,76.75830078125,,,MIG-3db685b2-8ae5-5373-81b1-74ea5481f2e1,"2,58",
ampere,0,vgg16_image,3g,64,sample,7,76.75331115722656,,,MIG-3db685b2-8ae5-5373-81b1-74ea5481f2e1,"2,58",
ampere,0,vgg16_image,3g,64,sample,8,76.74518585205078,,,MIG-3db685b2-8ae5-5373-81b1-74ea5481f2e1,"2,58",
ampere,0,vgg16_image,3g,64,sample,9,76.72835540771484,,,MIG-3db685b2-8ae5-5373-81b1-74ea5481f2e1,"2,58",
ampere,0,vgg16_image,3g,64,sample,10,76.75257873535156,,,MIG-3db685b2-8ae5-5373-81b1-74ea5481f2e1,"2,58",
ampere,0,vgg16_image,3g,64,sample,11,76.7531509399414,,,MIG-3db685b2-8ae5-5373-81b1-74ea5481f2e1,"2,58",
ampere,0,vgg16_image,3g,64,sample,12,76.75385284423828,,,MIG-3db685b2-8ae5-5373-81b1-74ea5481f2e1,"2,58",
ampere,0,vgg16_image,3g,64,sample,13,76.77616119384766,,,MIG-3db685b2-8ae5-5373-81b1-74ea5481f2e1,"2,58",
ampere,0,vgg16_image,3g,64,sample,14,76.74928283691406,,,MIG-3db685b2-8ae5-5373-81b1-74ea5481f2e1,"2,58",
ampere,0,vgg16_image,3g,64,sample,15,76.74169921875,,,MIG-3db685b2-8ae5-5373-81b1-74ea5481f2e1,"2,58",
ampere,0,vgg16_image,3g,64,sample,16,76.74358367919922,,,MIG-3db685b2-8ae5-5373-81b1-74ea5481f2e1,"2,58",
ampere,0,vgg16_image,3g,64,sample,17,76.84486389160156,,,MIG-3db685b2-8ae5-5373-81b1-74ea5481f2e1,"2,58",
ampere,0,vgg16_image,3g,64,sample,18,76.75360107421875,,,MIG-3db685b2-8ae5-5373-81b1-74ea5481f2e1,"2,58",
ampere,0,vgg16_image,3g,64,sample,19,76.75446319580078,,,MIG-3db685b2-8ae5-5373-81b1-74ea5481f2e1,"2,58",
ampere,0,vgg16_image,3g,64,sample,20,76.78697967529297,,,MIG-3db685b2-8ae5-5373-81b1-74ea5481f2e1,"2,58",
ampere,0,vgg16_image,3g,64,sample,21,76.76640319824219,,,MIG-3db685b2-8ae5-5373-81b1-74ea5481f2e1,"2,58",
ampere,0,vgg16_image,3g,64,sample,22,76.77037048339844,,,MIG-3db685b2-8ae5-5373-81b1-74ea5481f2e1,"2,58",
ampere,0,vgg16_image,3g,64,sample,23,76.7548828125,,,MIG-3db685b2-8ae5-5373-81b1-74ea5481f2e1,"2,58",
ampere,0,vgg16_image,3g,64,sample,24,76.75885009765625,,,MIG-3db685b2-8ae5-5373-81b1-74ea5481f2e1,"2,58",
ampere,0,vgg16_image,3g,64,sample,25,76.75759887695312,,,MIG-3db685b2-8ae5-5373-81b1-74ea5481f2e1,"2,58",
ampere,0,vgg16_image,3g,64,sample,26,76.7525405883789,,,MIG-3db685b2-8ae5-5373-81b1-74ea5481f2e1,"2,58",
ampere,0,vgg16_image,3g,64,sample,27,76.74947357177734,,,MIG-3db685b2-8ae5-5373-81b1-74ea5481f2e1,"2,58",
ampere,0,vgg16_image,3g,64,sample,28,76.76793670654297,,,MIG-3db685b2-8ae5-5373-81b1-74ea5481f2e1,"2,58",
ampere,0,vgg16_image,3g,64,sample,29,76.76412963867188,,,MIG-3db685b2-8ae5-5373-81b1-74ea5481f2e1,"2,58",
ampere,0,vgg16_image,3g,64,sample,30,76.78221130371094,,,MIG-3db685b2-8ae5-5373-81b1-74ea5481f2e1,"2,58",
ampere,0,vgg16_image,3g,64,sample,31,76.77362823486328,,,MIG-3db685b2-8ae5-5373-81b1-74ea5481f2e1,"2,58",
ampere,0,vgg16_image,3g,64,sample,32,76.76569366455078,,,MIG-3db685b2-8ae5-5373-81b1-74ea5481f2e1,"2,58",
ampere,0,vgg16_image,3g,64,sample,33,76.7495346069336,,,MIG-3db685b2-8ae5-5373-81b1-74ea5481f2e1,"2,58",
ampere,0,vgg16_image,3g,64,sample,34,76.7840347290039,,,MIG-3db685b2-8ae5-5373-81b1-74ea5481f2e1,"2,58",
ampere,0,vgg16_image,3g,64,sample,35,76.75459289550781,,,MIG-3db685b2-8ae5-5373-81b1-74ea5481f2e1,"2,58",
ampere,0,vgg16_image,3g,64,sample,36,76.75888061523438,,,MIG-3db685b2-8ae5-5373-81b1-74ea5481f2e1,"2,58",
ampere,0,vgg16_image,3g,64,sample,37,76.76697540283203,,,MIG-3db685b2-8ae5-5373-81b1-74ea5481f2e1,"2,58",
ampere,0,vgg16_image,3g,64,sample,38,76.764892578125,,,MIG-3db685b2-8ae5-5373-81b1-74ea5481f2e1,"2,58",
ampere,0,vgg16_image,3g,64,sample,39,76.77481842041016,,,MIG-3db685b2-8ae5-5373-81b1-74ea5481f2e1,"2,58",
ampere,0,vgg16_image,3g,64,sample,40,76.75990295410156,,,MIG-3db685b2-8ae5-5373-81b1-74ea5481f2e1,"2,58",
ampere,0,vgg16_image,3g,64,sample,41,76.77222442626953,,,MIG-3db685b2-8ae5-5373-81b1-74ea5481f2e1,"2,58",
ampere,0,vgg16_image,3g,64,sample,42,76.75628662109375,,,MIG-3db685b2-8ae5-5373-81b1-74ea5481f2e1,"2,58",
ampere,0,vgg16_image,3g,64,sample,43,76.7649917602539,,,MIG-3db685b2-8ae5-5373-81b1-74ea5481f2e1,"2,58",
ampere,0,vgg16_image,3g,64,sample,44,76.77891540527344,,,MIG-3db685b2-8ae5-5373-81b1-74ea5481f2e1,"2,58",
ampere,0,vgg16_image,3g,64,sample,45,76.75785827636719,,,MIG-3db685b2-8ae5-5373-81b1-74ea5481f2e1,"2,58",
ampere,0,vgg16_image,3g,64,sample,46,76.78425598144531,,,MIG-3db685b2-8ae5-5373-81b1-74ea5481f2e1,"2,58",
ampere,0,vgg16_image,3g,64,sample,47,76.77772521972656,,,MIG-3db685b2-8ae5-5373-81b1-74ea5481f2e1,"2,58",
ampere,0,vgg16_image,3g,64,sample,48,76.76557159423828,,,MIG-3db685b2-8ae5-5373-81b1-74ea5481f2e1,"2,58",
ampere,0,vgg16_image,3g,64,sample,49,76.74771118164062,,,MIG-3db685b2-8ae5-5373-81b1-74ea5481f2e1,"2,58",
ampere,0,vit_base_image,3g,1,warmup,0,10.369855880737305,,,MIG-3db685b2-8ae5-5373-81b1-74ea5481f2e1,"2,58",
ampere,0,vit_base_image,3g,1,warmup,1,7.616640090942383,,,MIG-3db685b2-8ae5-5373-81b1-74ea5481f2e1,"2,58",
ampere,0,vit_base_image,3g,1,warmup,2,7.553088188171387,,,MIG-3db685b2-8ae5-5373-81b1-74ea5481f2e1,"2,58",
ampere,0,vit_base_image,3g,1,warmup,3,7.533152103424072,,,MIG-3db685b2-8ae5-5373-81b1-74ea5481f2e1,"2,58",
ampere,0,vit_base_image,3g,1,warmup,4,7.5221757888793945,,,MIG-3db685b2-8ae5-5373-81b1-74ea5481f2e1,"2,58",
ampere,0,vit_base_image,3g,1,warmup,5,7.5365118980407715,,,MIG-3db685b2-8ae5-5373-81b1-74ea5481f2e1,"2,58",
ampere,0,vit_base_image,3g,1,warmup,6,7.525216102600098,,,MIG-3db685b2-8ae5-5373-81b1-74ea5481f2e1,"2,58",
ampere,0,vit_base_image,3g,1,warmup,7,7.512095928192139,,,MIG-3db685b2-8ae5-5373-81b1-74ea5481f2e1,"2,58",
ampere,0,vit_base_image,3g,1,warmup,8,7.505119800567627,,,MIG-3db685b2-8ae5-5373-81b1-74ea5481f2e1,"2,58",
ampere,0,vit_base_image,3g,1,warmup,9,7.515456199645996,,,MIG-3db685b2-8ae5-5373-81b1-74ea5481f2e1,"2,58",
ampere,0,vit_base_image,3g,1,sample,0,7.558464050292969,,,MIG-3db685b2-8ae5-5373-81b1-74ea5481f2e1,"2,58",
ampere,0,vit_base_image,3g,1,sample,1,7.523744106292725,,,MIG-3db685b2-8ae5-5373-81b1-74ea5481f2e1,"2,58",
ampere,0,vit_base_image,3g,1,sample,2,7.519264221191406,,,MIG-3db685b2-8ae5-5373-81b1-74ea5481f2e1,"2,58",
ampere,0,vit_base_image,3g,1,sample,3,7.560512065887451,,,MIG-3db685b2-8ae5-5373-81b1-74ea5481f2e1,"2,58",
ampere,0,vit_base_image,3g,1,sample,4,7.526432037353516,,,MIG-3db685b2-8ae5-5373-81b1-74ea5481f2e1,"2,58",
ampere,0,vit_base_image,3g,1,sample,5,7.522784233093262,,,MIG-3db685b2-8ae5-5373-81b1-74ea5481f2e1,"2,58",
ampere,0,vit_base_image,3g,1,sample,6,7.5414719581604,,,MIG-3db685b2-8ae5-5373-81b1-74ea5481f2e1,"2,58",
ampere,0,vit_base_image,3g,1,sample,7,7.5576958656311035,,,MIG-3db685b2-8ae5-5373-81b1-74ea5481f2e1,"2,58",
ampere,0,vit_base_image,3g,1,sample,8,7.555520057678223,,,MIG-3db685b2-8ae5-5373-81b1-74ea5481f2e1,"2,58",
ampere,0,vit_base_image,3g,1,sample,9,7.547935962677002,,,MIG-3db685b2-8ae5-5373-81b1-74ea5481f2e1,"2,58",
ampere,0,vit_base_image,3g,1,sample,10,7.547391891479492,,,MIG-3db685b2-8ae5-5373-81b1-74ea5481f2e1,"2,58",
ampere,0,vit_base_image,3g,1,sample,11,7.551167964935303,,,MIG-3db685b2-8ae5-5373-81b1-74ea5481f2e1,"2,58",
ampere,0,vit_base_image,3g,1,sample,12,7.544544219970703,,,MIG-3db685b2-8ae5-5373-81b1-74ea5481f2e1,"2,58",
ampere,0,vit_base_image,3g,1,sample,13,7.545536041259766,,,MIG-3db685b2-8ae5-5373-81b1-74ea5481f2e1,"2,58",
ampere,0,vit_base_image,3g,1,sample,14,7.554143905639648,,,MIG-3db685b2-8ae5-5373-81b1-74ea5481f2e1,"2,58",
ampere,0,vit_base_image,3g,1,sample,15,7.551231861114502,,,MIG-3db685b2-8ae5-5373-81b1-74ea5481f2e1,"2,58",
ampere,0,vit_base_image,3g,1,sample,16,7.548096179962158,,,MIG-3db685b2-8ae5-5373-81b1-74ea5481f2e1,"2,58",
ampere,0,vit_base_image,3g,1,sample,17,7.545119762420654,,,MIG-3db685b2-8ae5-5373-81b1-74ea5481f2e1,"2,58",
ampere,0,vit_base_image,3g,1,sample,18,7.549471855163574,,,MIG-3db685b2-8ae5-5373-81b1-74ea5481f2e1,"2,58",
ampere,0,vit_base_image,3g,1,sample,19,7.537888050079346,,,MIG-3db685b2-8ae5-5373-81b1-74ea5481f2e1,"2,58",
ampere,0,vit_base_image,3g,1,sample,20,7.548863887786865,,,MIG-3db685b2-8ae5-5373-81b1-74ea5481f2e1,"2,58",
ampere,0,vit_base_image,3g,1,sample,21,7.546815872192383,,,MIG-3db685b2-8ae5-5373-81b1-74ea5481f2e1,"2,58",
ampere,0,vit_base_image,3g,1,sample,22,7.543551921844482,,,MIG-3db685b2-8ae5-5373-81b1-74ea5481f2e1,"2,58",
ampere,0,vit_base_image,3g,1,sample,23,7.546144008636475,,,MIG-3db685b2-8ae5-5373-81b1-74ea5481f2e1,"2,58",
ampere,0,vit_base_image,3g,1,sample,24,7.541376113891602,,,MIG-3db685b2-8ae5-5373-81b1-74ea5481f2e1,"2,58",
ampere,0,vit_base_image,3g,1,sample,25,7.536640167236328,,,MIG-3db685b2-8ae5-5373-81b1-74ea5481f2e1,"2,58",
ampere,0,vit_base_image,3g,1,sample,26,7.544384002685547,,,MIG-3db685b2-8ae5-5373-81b1-74ea5481f2e1,"2,58",
ampere,0,vit_base_image,3g,1,sample,27,7.536960124969482,,,MIG-3db685b2-8ae5-5373-81b1-74ea5481f2e1,"2,58",
ampere,0,vit_base_image,3g,1,sample,28,7.536543846130371,,,MIG-3db685b2-8ae5-5373-81b1-74ea5481f2e1,"2,58",
ampere,0,vit_base_image,3g,1,sample,29,7.5392961502075195,,,MIG-3db685b2-8ae5-5373-81b1-74ea5481f2e1,"2,58",
ampere,0,vit_base_image,3g,1,sample,30,7.546304225921631,,,MIG-3db685b2-8ae5-5373-81b1-74ea5481f2e1,"2,58",
ampere,0,vit_base_image,3g,1,sample,31,7.548672199249268,,,MIG-3db685b2-8ae5-5373-81b1-74ea5481f2e1,"2,58",
ampere,0,vit_base_image,3g,1,sample,32,7.550623893737793,,,MIG-3db685b2-8ae5-5373-81b1-74ea5481f2e1,"2,58",
ampere,0,vit_base_image,3g,1,sample,33,7.510464191436768,,,MIG-3db685b2-8ae5-5373-81b1-74ea5481f2e1,"2,58",
ampere,0,vit_base_image,3g,1,sample,34,7.51200008392334,,,MIG-3db685b2-8ae5-5373-81b1-74ea5481f2e1,"2,58",
ampere,0,vit_base_image,3g,1,sample,35,7.506112098693848,,,MIG-3db685b2-8ae5-5373-81b1-74ea5481f2e1,"2,58",
ampere,0,vit_base_image,3g,1,sample,36,7.504000186920166,,,MIG-3db685b2-8ae5-5373-81b1-74ea5481f2e1,"2,58",
ampere,0,vit_base_image,3g,1,sample,37,7.5116801261901855,,,MIG-3db685b2-8ae5-5373-81b1-74ea5481f2e1,"2,58",
ampere,0,vit_base_image,3g,1,sample,38,7.500415802001953,,,MIG-3db685b2-8ae5-5373-81b1-74ea5481f2e1,"2,58",
ampere,0,vit_base_image,3g,1,sample,39,7.503583908081055,,,MIG-3db685b2-8ae5-5373-81b1-74ea5481f2e1,"2,58",
ampere,0,vit_base_image,3g,1,sample,40,7.501376152038574,,,MIG-3db685b2-8ae5-5373-81b1-74ea5481f2e1,"2,58",
ampere,0,vit_base_image,3g,1,sample,41,7.498367786407471,,,MIG-3db685b2-8ae5-5373-81b1-74ea5481f2e1,"2,58",
ampere,0,vit_base_image,3g,1,sample,42,7.504799842834473,,,MIG-3db685b2-8ae5-5373-81b1-74ea5481f2e1,"2,58",
ampere,0,vit_base_image,3g,1,sample,43,7.505727767944336,,,MIG-3db685b2-8ae5-5373-81b1-74ea5481f2e1,"2,58",
ampere,0,vit_base_image,3g,1,sample,44,7.508224010467529,,,MIG-3db685b2-8ae5-5373-81b1-74ea5481f2e1,"2,58",
ampere,0,vit_base_image,3g,1,sample,45,7.509471893310547,,,MIG-3db685b2-8ae5-5373-81b1-74ea5481f2e1,"2,58",
ampere,0,vit_base_image,3g,1,sample,46,7.508448123931885,,,MIG-3db685b2-8ae5-5373-81b1-74ea5481f2e1,"2,58",
ampere,0,vit_base_image,3g,1,sample,47,7.506783962249756,,,MIG-3db685b2-8ae5-5373-81b1-74ea5481f2e1,"2,58",
ampere,0,vit_base_image,3g,1,sample,48,7.515232086181641,,,MIG-3db685b2-8ae5-5373-81b1-74ea5481f2e1,"2,58",
ampere,0,vit_base_image,3g,1,sample,49,7.509024143218994,,,MIG-3db685b2-8ae5-5373-81b1-74ea5481f2e1,"2,58",
ampere,0,vit_base_image,3g,4,warmup,0,36.45872116088867,,,MIG-3db685b2-8ae5-5373-81b1-74ea5481f2e1,"2,58",
ampere,0,vit_base_image,3g,4,warmup,1,25.35139274597168,,,MIG-3db685b2-8ae5-5373-81b1-74ea5481f2e1,"2,58",
ampere,0,vit_base_image,3g,4,warmup,2,25.363967895507812,,,MIG-3db685b2-8ae5-5373-81b1-74ea5481f2e1,"2,58",
ampere,0,vit_base_image,3g,4,warmup,3,25.349952697753906,,,MIG-3db685b2-8ae5-5373-81b1-74ea5481f2e1,"2,58",
ampere,0,vit_base_image,3g,4,warmup,4,25.33417510986328,,,MIG-3db685b2-8ae5-5373-81b1-74ea5481f2e1,"2,58",
ampere,0,vit_base_image,3g,4,warmup,5,25.63580894470215,,,MIG-3db685b2-8ae5-5373-81b1-74ea5481f2e1,"2,58",
ampere,0,vit_base_image,3g,4,warmup,6,25.496639251708984,,,MIG-3db685b2-8ae5-5373-81b1-74ea5481f2e1,"2,58",
ampere,0,vit_base_image,3g,4,warmup,7,25.49180793762207,,,MIG-3db685b2-8ae5-5373-81b1-74ea5481f2e1,"2,58",
ampere,0,vit_base_image,3g,4,warmup,8,25.501663208007812,,,MIG-3db685b2-8ae5-5373-81b1-74ea5481f2e1,"2,58",
ampere,0,vit_base_image,3g,4,warmup,9,25.50364875793457,,,MIG-3db685b2-8ae5-5373-81b1-74ea5481f2e1,"2,58",
ampere,0,vit_base_image,3g,4,sample,0,25.50943946838379,,,MIG-3db685b2-8ae5-5373-81b1-74ea5481f2e1,"2,58",
ampere,0,vit_base_image,3g,4,sample,1,25.4998722076416,,,MIG-3db685b2-8ae5-5373-81b1-74ea5481f2e1,"2,58",
ampere,0,vit_base_image,3g,4,sample,2,25.50182342529297,,,MIG-3db685b2-8ae5-5373-81b1-74ea5481f2e1,"2,58",
ampere,0,vit_base_image,3g,4,sample,3,25.34671974182129,,,MIG-3db685b2-8ae5-5373-81b1-74ea5481f2e1,"2,58",
ampere,0,vit_base_image,3g,4,sample,4,25.340736389160156,,,MIG-3db685b2-8ae5-5373-81b1-74ea5481f2e1,"2,58",
ampere,0,vit_base_image,3g,4,sample,5,25.34160041809082,,,MIG-3db685b2-8ae5-5373-81b1-74ea5481f2e1,"2,58",
ampere,0,vit_base_image,3g,4,sample,6,25.349184036254883,,,MIG-3db685b2-8ae5-5373-81b1-74ea5481f2e1,"2,58",
ampere,0,vit_base_image,3g,4,sample,7,25.342464447021484,,,MIG-3db685b2-8ae5-5373-81b1-74ea5481f2e1,"2,58",
ampere,0,vit_base_image,3g,4,sample,8,25.35856056213379,,,MIG-3db685b2-8ae5-5373-81b1-74ea5481f2e1,"2,58",
ampere,0,vit_base_image,3g,4,sample,9,25.3371524810791,,,MIG-3db685b2-8ae5-5373-81b1-74ea5481f2e1,"2,58",
ampere,0,vit_base_image,3g,4,sample,10,25.365312576293945,,,MIG-3db685b2-8ae5-5373-81b1-74ea5481f2e1,"2,58",
ampere,0,vit_base_image,3g,4,sample,11,25.501792907714844,,,MIG-3db685b2-8ae5-5373-81b1-74ea5481f2e1,"2,58",
ampere,0,vit_base_image,3g,4,sample,12,25.509567260742188,,,MIG-3db685b2-8ae5-5373-81b1-74ea5481f2e1,"2,58",
ampere,0,vit_base_image,3g,4,sample,13,25.50307273864746,,,MIG-3db685b2-8ae5-5373-81b1-74ea5481f2e1,"2,58",
ampere,0,vit_base_image,3g,4,sample,14,25.500991821289062,,,MIG-3db685b2-8ae5-5373-81b1-74ea5481f2e1,"2,58",
ampere,0,vit_base_image,3g,4,sample,15,25.501920700073242,,,MIG-3db685b2-8ae5-5373-81b1-74ea5481f2e1,"2,58",
ampere,0,vit_base_image,3g,4,sample,16,25.496416091918945,,,MIG-3db685b2-8ae5-5373-81b1-74ea5481f2e1,"2,58",
ampere,0,vit_base_image,3g,4,sample,17,25.501184463500977,,,MIG-3db685b2-8ae5-5373-81b1-74ea5481f2e1,"2,58",
ampere,0,vit_base_image,3g,4,sample,18,25.43929672241211,,,MIG-3db685b2-8ae5-5373-81b1-74ea5481f2e1,"2,58",
ampere,0,vit_base_image,3g,4,sample,19,25.34342384338379,,,MIG-3db685b2-8ae5-5373-81b1-74ea5481f2e1,"2,58",
ampere,0,vit_base_image,3g,4,sample,20,25.331520080566406,,,MIG-3db685b2-8ae5-5373-81b1-74ea5481f2e1,"2,58",
ampere,0,vit_base_image,3g,4,sample,21,25.34604835510254,,,MIG-3db685b2-8ae5-5373-81b1-74ea5481f2e1,"2,58",
ampere,0,vit_base_image,3g,4,sample,22,25.409183502197266,,,MIG-3db685b2-8ae5-5373-81b1-74ea5481f2e1,"2,58",
ampere,0,vit_base_image,3g,4,sample,23,25.506624221801758,,,MIG-3db685b2-8ae5-5373-81b1-74ea5481f2e1,"2,58",
ampere,0,vit_base_image,3g,4,sample,24,25.51024055480957,,,MIG-3db685b2-8ae5-5373-81b1-74ea5481f2e1,"2,58",
ampere,0,vit_base_image,3g,4,sample,25,25.50307273864746,,,MIG-3db685b2-8ae5-5373-81b1-74ea5481f2e1,"2,58",
ampere,0,vit_base_image,3g,4,sample,26,25.49724769592285,,,MIG-3db685b2-8ae5-5373-81b1-74ea5481f2e1,"2,58",
ampere,0,vit_base_image,3g,4,sample,27,25.49955177307129,,,MIG-3db685b2-8ae5-5373-81b1-74ea5481f2e1,"2,58",
ampere,0,vit_base_image,3g,4,sample,28,25.507871627807617,,,MIG-3db685b2-8ae5-5373-81b1-74ea5481f2e1,"2,58",
ampere,0,vit_base_image,3g,4,sample,29,25.511871337890625,,,MIG-3db685b2-8ae5-5373-81b1-74ea5481f2e1,"2,58",
ampere,0,vit_base_image,3g,4,sample,30,25.409055709838867,,,MIG-3db685b2-8ae5-5373-81b1-74ea5481f2e1,"2,58",
ampere,0,vit_base_image,3g,4,sample,31,25.352319717407227,,,MIG-3db685b2-8ae5-5373-81b1-74ea5481f2e1,"2,58",
ampere,0,vit_base_image,3g,4,sample,32,25.34921646118164,,,MIG-3db685b2-8ae5-5373-81b1-74ea5481f2e1,"2,58",
ampere,0,vit_base_image,3g,4,sample,33,25.340768814086914,,,MIG-3db685b2-8ae5-5373-81b1-74ea5481f2e1,"2,58",
ampere,0,vit_base_image,3g,4,sample,34,25.433183670043945,,,MIG-3db685b2-8ae5-5373-81b1-74ea5481f2e1,"2,58",
ampere,0,vit_base_image,3g,4,sample,35,25.501375198364258,,,MIG-3db685b2-8ae5-5373-81b1-74ea5481f2e1,"2,58",
ampere,0,vit_base_image,3g,4,sample,36,25.496288299560547,,,MIG-3db685b2-8ae5-5373-81b1-74ea5481f2e1,"2,58",
ampere,0,vit_base_image,3g,4,sample,37,25.517343521118164,,,MIG-3db685b2-8ae5-5373-81b1-74ea5481f2e1,"2,58",
ampere,0,vit_base_image,3g,4,sample,38,25.509408950805664,,,MIG-3db685b2-8ae5-5373-81b1-74ea5481f2e1,"2,58",
ampere,0,vit_base_image,3g,4,sample,39,25.507007598876953,,,MIG-3db685b2-8ae5-5373-81b1-74ea5481f2e1,"2,58",
ampere,0,vit_base_image,3g,4,sample,40,25.505695343017578,,,MIG-3db685b2-8ae5-5373-81b1-74ea5481f2e1,"2,58",
ampere,0,vit_base_image,3g,4,sample,41,25.498655319213867,,,MIG-3db685b2-8ae5-5373-81b1-74ea5481f2e1,"2,58",
ampere,0,vit_base_image,3g,4,sample,42,25.38595199584961,,,MIG-3db685b2-8ae5-5373-81b1-74ea5481f2e1,"2,58",
ampere,0,vit_base_image,3g,4,sample,43,25.34332847595215,,,MIG-3db685b2-8ae5-5373-81b1-74ea5481f2e1,"2,58",
ampere,0,vit_base_image,3g,4,sample,44,25.336320877075195,,,MIG-3db685b2-8ae5-5373-81b1-74ea5481f2e1,"2,58",
ampere,0,vit_base_image,3g,4,sample,45,25.352415084838867,,,MIG-3db685b2-8ae5-5373-81b1-74ea5481f2e1,"2,58",
ampere,0,vit_base_image,3g,4,sample,46,25.45964813232422,,,MIG-3db685b2-8ae5-5373-81b1-74ea5481f2e1,"2,58",
ampere,0,vit_base_image,3g,4,sample,47,25.49715232849121,,,MIG-3db685b2-8ae5-5373-81b1-74ea5481f2e1,"2,58",
ampere,0,vit_base_image,3g,4,sample,48,25.4967041015625,,,MIG-3db685b2-8ae5-5373-81b1-74ea5481f2e1,"2,58",
ampere,0,vit_base_image,3g,4,sample,49,25.492799758911133,,,MIG-3db685b2-8ae5-5373-81b1-74ea5481f2e1,"2,58",
ampere,0,vit_base_image,3g,16,warmup,0,88.43836975097656,,,MIG-3db685b2-8ae5-5373-81b1-74ea5481f2e1,"2,58",
ampere,0,vit_base_image,3g,16,warmup,1,86.02118682861328,,,MIG-3db685b2-8ae5-5373-81b1-74ea5481f2e1,"2,58",
ampere,0,vit_base_image,3g,16,warmup,2,86.48716735839844,,,MIG-3db685b2-8ae5-5373-81b1-74ea5481f2e1,"2,58",
ampere,0,vit_base_image,3g,16,warmup,3,86.50032043457031,,,MIG-3db685b2-8ae5-5373-81b1-74ea5481f2e1,"2,58",
ampere,0,vit_base_image,3g,16,warmup,4,86.51312255859375,,,MIG-3db685b2-8ae5-5373-81b1-74ea5481f2e1,"2,58",
ampere,0,vit_base_image,3g,16,warmup,5,86.46896362304688,,,MIG-3db685b2-8ae5-5373-81b1-74ea5481f2e1,"2,58",
ampere,0,vit_base_image,3g,16,warmup,6,86.46784210205078,,,MIG-3db685b2-8ae5-5373-81b1-74ea5481f2e1,"2,58",
ampere,0,vit_base_image,3g,16,warmup,7,86.51513671875,,,MIG-3db685b2-8ae5-5373-81b1-74ea5481f2e1,"2,58",
ampere,0,vit_base_image,3g,16,warmup,8,86.4585952758789,,,MIG-3db685b2-8ae5-5373-81b1-74ea5481f2e1,"2,58",
ampere,0,vit_base_image,3g,16,warmup,9,86.47357177734375,,,MIG-3db685b2-8ae5-5373-81b1-74ea5481f2e1,"2,58",
ampere,0,vit_base_image,3g,16,sample,0,86.5159683227539,,,MIG-3db685b2-8ae5-5373-81b1-74ea5481f2e1,"2,58",
ampere,0,vit_base_image,3g,16,sample,1,86.47654724121094,,,MIG-3db685b2-8ae5-5373-81b1-74ea5481f2e1,"2,58",
ampere,0,vit_base_image,3g,16,sample,2,86.47666931152344,,,MIG-3db685b2-8ae5-5373-81b1-74ea5481f2e1,"2,58",
ampere,0,vit_base_image,3g,16,sample,3,86.49763488769531,,,MIG-3db685b2-8ae5-5373-81b1-74ea5481f2e1,"2,58",
ampere,0,vit_base_image,3g,16,sample,4,86.51103973388672,,,MIG-3db685b2-8ae5-5373-81b1-74ea5481f2e1,"2,58",
ampere,0,vit_base_image,3g,16,sample,5,86.48057556152344,,,MIG-3db685b2-8ae5-5373-81b1-74ea5481f2e1,"2,58",
ampere,0,vit_base_image,3g,16,sample,6,86.4684829711914,,,MIG-3db685b2-8ae5-5373-81b1-74ea5481f2e1,"2,58",
ampere,0,vit_base_image,3g,16,sample,7,86.4816665649414,,,MIG-3db685b2-8ae5-5373-81b1-74ea5481f2e1,"2,58",
ampere,0,vit_base_image,3g,16,sample,8,86.508544921875,,,MIG-3db685b2-8ae5-5373-81b1-74ea5481f2e1,"2,58",
ampere,0,vit_base_image,3g,16,sample,9,86.49014282226562,,,MIG-3db685b2-8ae5-5373-81b1-74ea5481f2e1,"2,58",
ampere,0,vit_base_image,3g,16,sample,10,86.47456359863281,,,MIG-3db685b2-8ae5-5373-81b1-74ea5481f2e1,"2,58",
ampere,0,vit_base_image,3g,16,sample,11,86.49251556396484,,,MIG-3db685b2-8ae5-5373-81b1-74ea5481f2e1,"2,58",
ampere,0,vit_base_image,3g,16,sample,12,86.5064926147461,,,MIG-3db685b2-8ae5-5373-81b1-74ea5481f2e1,"2,58",
ampere,0,vit_base_image,3g,16,sample,13,86.51324462890625,,,MIG-3db685b2-8ae5-5373-81b1-74ea5481f2e1,"2,58",
ampere,0,vit_base_image,3g,16,sample,14,86.47545623779297,,,MIG-3db685b2-8ae5-5373-81b1-74ea5481f2e1,"2,58",
ampere,0,vit_base_image,3g,16,sample,15,86.52198028564453,,,MIG-3db685b2-8ae5-5373-81b1-74ea5481f2e1,"2,58",
ampere,0,vit_base_image,3g,16,sample,16,86.48540496826172,,,MIG-3db685b2-8ae5-5373-81b1-74ea5481f2e1,"2,58",
ampere,0,vit_base_image,3g,16,sample,17,86.47369384765625,,,MIG-3db685b2-8ae5-5373-81b1-74ea5481f2e1,"2,58",
ampere,0,vit_base_image,3g,16,sample,18,86.49158477783203,,,MIG-3db685b2-8ae5-5373-81b1-74ea5481f2e1,"2,58",
ampere,0,vit_base_image,3g,16,sample,19,86.49286651611328,,,MIG-3db685b2-8ae5-5373-81b1-74ea5481f2e1,"2,58",
ampere,0,vit_base_image,3g,16,sample,20,86.47366333007812,,,MIG-3db685b2-8ae5-5373-81b1-74ea5481f2e1,"2,58",
ampere,0,vit_base_image,3g,16,sample,21,86.50527954101562,,,MIG-3db685b2-8ae5-5373-81b1-74ea5481f2e1,"2,58",
ampere,0,vit_base_image,3g,16,sample,22,86.50182342529297,,,MIG-3db685b2-8ae5-5373-81b1-74ea5481f2e1,"2,58",
ampere,0,vit_base_image,3g,16,sample,23,86.47929382324219,,,MIG-3db685b2-8ae5-5373-81b1-74ea5481f2e1,"2,58",
ampere,0,vit_base_image,3g,16,sample,24,86.48870086669922,,,MIG-3db685b2-8ae5-5373-81b1-74ea5481f2e1,"2,58",
ampere,0,vit_base_image,3g,16,sample,25,86.48281860351562,,,MIG-3db685b2-8ae5-5373-81b1-74ea5481f2e1,"2,58",
ampere,0,vit_base_image,3g,16,sample,26,86.48051452636719,,,MIG-3db685b2-8ae5-5373-81b1-74ea5481f2e1,"2,58",
ampere,0,vit_base_image,3g,16,sample,27,86.48124694824219,,,MIG-3db685b2-8ae5-5373-81b1-74ea5481f2e1,"2,58",
ampere,0,vit_base_image,3g,16,sample,28,86.55811309814453,,,MIG-3db685b2-8ae5-5373-81b1-74ea5481f2e1,"2,58",
ampere,0,vit_base_image,3g,16,sample,29,86.49193572998047,,,MIG-3db685b2-8ae5-5373-81b1-74ea5481f2e1,"2,58",
ampere,0,vit_base_image,3g,16,sample,30,86.47427368164062,,,MIG-3db685b2-8ae5-5373-81b1-74ea5481f2e1,"2,58",
ampere,0,vit_base_image,3g,16,sample,31,86.4494400024414,,,MIG-3db685b2-8ae5-5373-81b1-74ea5481f2e1,"2,58",
ampere,0,vit_base_image,3g,16,sample,32,86.46656036376953,,,MIG-3db685b2-8ae5-5373-81b1-74ea5481f2e1,"2,58",
ampere,0,vit_base_image,3g,16,sample,33,86.4902114868164,,,MIG-3db685b2-8ae5-5373-81b1-74ea5481f2e1,"2,58",
ampere,0,vit_base_image,3g,16,sample,34,86.51673889160156,,,MIG-3db685b2-8ae5-5373-81b1-74ea5481f2e1,"2,58",
ampere,0,vit_base_image,3g,16,sample,35,86.50969696044922,,,MIG-3db685b2-8ae5-5373-81b1-74ea5481f2e1,"2,58",
ampere,0,vit_base_image,3g,16,sample,36,86.46908569335938,,,MIG-3db685b2-8ae5-5373-81b1-74ea5481f2e1,"2,58",
ampere,0,vit_base_image,3g,16,sample,37,86.48889923095703,,,MIG-3db685b2-8ae5-5373-81b1-74ea5481f2e1,"2,58",
ampere,0,vit_base_image,3g,16,sample,38,86.5167007446289,,,MIG-3db685b2-8ae5-5373-81b1-74ea5481f2e1,"2,58",
ampere,0,vit_base_image,3g,16,sample,39,86.50768280029297,,,MIG-3db685b2-8ae5-5373-81b1-74ea5481f2e1,"2,58",
ampere,0,vit_base_image,3g,16,sample,40,86.38803100585938,,,MIG-3db685b2-8ae5-5373-81b1-74ea5481f2e1,"2,58",
ampere,0,vit_base_image,3g,16,sample,41,86.0337905883789,,,MIG-3db685b2-8ae5-5373-81b1-74ea5481f2e1,"2,58",
ampere,0,vit_base_image,3g,16,sample,42,86.49263763427734,,,MIG-3db685b2-8ae5-5373-81b1-74ea5481f2e1,"2,58",
ampere,0,vit_base_image,3g,16,sample,43,86.50899505615234,,,MIG-3db685b2-8ae5-5373-81b1-74ea5481f2e1,"2,58",
ampere,0,vit_base_image,3g,16,sample,44,86.4695053100586,,,MIG-3db685b2-8ae5-5373-81b1-74ea5481f2e1,"2,58",
ampere,0,vit_base_image,3g,16,sample,45,86.44143676757812,,,MIG-3db685b2-8ae5-5373-81b1-74ea5481f2e1,"2,58",
ampere,0,vit_base_image,3g,16,sample,46,86.44790649414062,,,MIG-3db685b2-8ae5-5373-81b1-74ea5481f2e1,"2,58",
ampere,0,vit_base_image,3g,16,sample,47,86.4625244140625,,,MIG-3db685b2-8ae5-5373-81b1-74ea5481f2e1,"2,58",
ampere,0,vit_base_image,3g,16,sample,48,86.44041442871094,,,MIG-3db685b2-8ae5-5373-81b1-74ea5481f2e1,"2,58",
ampere,0,vit_base_image,3g,16,sample,49,86.44671630859375,,,MIG-3db685b2-8ae5-5373-81b1-74ea5481f2e1,"2,58",
ampere,0,vit_base_image,3g,32,warmup,0,169.9332733154297,,,MIG-3db685b2-8ae5-5373-81b1-74ea5481f2e1,"2,58",
ampere,0,vit_base_image,3g,32,warmup,1,168.5636749267578,,,MIG-3db685b2-8ae5-5373-81b1-74ea5481f2e1,"2,58",
ampere,0,vit_base_image,3g,32,warmup,2,168.59910583496094,,,MIG-3db685b2-8ae5-5373-81b1-74ea5481f2e1,"2,58",
ampere,0,vit_base_image,3g,32,warmup,3,168.55926513671875,,,MIG-3db685b2-8ae5-5373-81b1-74ea5481f2e1,"2,58",
ampere,0,vit_base_image,3g,32,warmup,4,168.6024627685547,,,MIG-3db685b2-8ae5-5373-81b1-74ea5481f2e1,"2,58",
ampere,0,vit_base_image,3g,32,warmup,5,168.6259765625,,,MIG-3db685b2-8ae5-5373-81b1-74ea5481f2e1,"2,58",
ampere,0,vit_base_image,3g,32,warmup,6,168.6188507080078,,,MIG-3db685b2-8ae5-5373-81b1-74ea5481f2e1,"2,58",
ampere,0,vit_base_image,3g,32,warmup,7,168.66549682617188,,,MIG-3db685b2-8ae5-5373-81b1-74ea5481f2e1,"2,58",
ampere,0,vit_base_image,3g,32,warmup,8,168.57443237304688,,,MIG-3db685b2-8ae5-5373-81b1-74ea5481f2e1,"2,58",
ampere,0,vit_base_image,3g,32,warmup,9,168.63491821289062,,,MIG-3db685b2-8ae5-5373-81b1-74ea5481f2e1,"2,58",
ampere,0,vit_base_image,3g,32,sample,0,168.33990478515625,,,MIG-3db685b2-8ae5-5373-81b1-74ea5481f2e1,"2,58",
ampere,0,vit_base_image,3g,32,sample,1,168.4969024658203,,,MIG-3db685b2-8ae5-5373-81b1-74ea5481f2e1,"2,58",
ampere,0,vit_base_image,3g,32,sample,2,168.63430786132812,,,MIG-3db685b2-8ae5-5373-81b1-74ea5481f2e1,"2,58",
ampere,0,vit_base_image,3g,32,sample,3,168.6537628173828,,,MIG-3db685b2-8ae5-5373-81b1-74ea5481f2e1,"2,58",
ampere,0,vit_base_image,3g,32,sample,4,168.62240600585938,,,MIG-3db685b2-8ae5-5373-81b1-74ea5481f2e1,"2,58",
ampere,0,vit_base_image,3g,32,sample,5,168.146240234375,,,MIG-3db685b2-8ae5-5373-81b1-74ea5481f2e1,"2,58",
ampere,0,vit_base_image,3g,32,sample,6,168.611328125,,,MIG-3db685b2-8ae5-5373-81b1-74ea5481f2e1,"2,58",
ampere,0,vit_base_image,3g,32,sample,7,168.7216033935547,,,MIG-3db685b2-8ae5-5373-81b1-74ea5481f2e1,"2,58",
ampere,0,vit_base_image,3g,32,sample,8,168.65362548828125,,,MIG-3db685b2-8ae5-5373-81b1-74ea5481f2e1,"2,58",
ampere,0,vit_base_image,3g,32,sample,9,168.65798950195312,,,MIG-3db685b2-8ae5-5373-81b1-74ea5481f2e1,"2,58",
ampere,0,vit_base_image,3g,32,sample,10,168.4706268310547,,,MIG-3db685b2-8ae5-5373-81b1-74ea5481f2e1,"2,58",
ampere,0,vit_base_image,3g,32,sample,11,168.33750915527344,,,MIG-3db685b2-8ae5-5373-81b1-74ea5481f2e1,"2,58",
ampere,0,vit_base_image,3g,32,sample,12,168.6227264404297,,,MIG-3db685b2-8ae5-5373-81b1-74ea5481f2e1,"2,58",
ampere,0,vit_base_image,3g,32,sample,13,167.89974975585938,,,MIG-3db685b2-8ae5-5373-81b1-74ea5481f2e1,"2,58",
ampere,0,vit_base_image,3g,32,sample,14,168.4187774658203,,,MIG-3db685b2-8ae5-5373-81b1-74ea5481f2e1,"2,58",
ampere,0,vit_base_image,3g,32,sample,15,168.27069091796875,,,MIG-3db685b2-8ae5-5373-81b1-74ea5481f2e1,"2,58",
ampere,0,vit_base_image,3g,32,sample,16,168.01280212402344,,,MIG-3db685b2-8ae5-5373-81b1-74ea5481f2e1,"2,58",
ampere,0,vit_base_image,3g,32,sample,17,168.6514892578125,,,MIG-3db685b2-8ae5-5373-81b1-74ea5481f2e1,"2,58",
ampere,0,vit_base_image,3g,32,sample,18,168.24143981933594,,,MIG-3db685b2-8ae5-5373-81b1-74ea5481f2e1,"2,58",
ampere,0,vit_base_image,3g,32,sample,19,167.8173065185547,,,MIG-3db685b2-8ae5-5373-81b1-74ea5481f2e1,"2,58",
ampere,0,vit_base_image,3g,32,sample,20,168.46835327148438,,,MIG-3db685b2-8ae5-5373-81b1-74ea5481f2e1,"2,58",
ampere,0,vit_base_image,3g,32,sample,21,168.22186279296875,,,MIG-3db685b2-8ae5-5373-81b1-74ea5481f2e1,"2,58",
ampere,0,vit_base_image,3g,32,sample,22,167.78431701660156,,,MIG-3db685b2-8ae5-5373-81b1-74ea5481f2e1,"2,58",
ampere,0,vit_base_image,3g,32,sample,23,168.43295288085938,,,MIG-3db685b2-8ae5-5373-81b1-74ea5481f2e1,"2,58",
ampere,0,vit_base_image,3g,32,sample,24,168.19503784179688,,,MIG-3db685b2-8ae5-5373-81b1-74ea5481f2e1,"2,58",
ampere,0,vit_base_image,3g,32,sample,25,168.13250732421875,,,MIG-3db685b2-8ae5-5373-81b1-74ea5481f2e1,"2,58",
ampere,0,vit_base_image,3g,32,sample,26,168.71658325195312,,,MIG-3db685b2-8ae5-5373-81b1-74ea5481f2e1,"2,58",
ampere,0,vit_base_image,3g,32,sample,27,168.6708526611328,,,MIG-3db685b2-8ae5-5373-81b1-74ea5481f2e1,"2,58",
ampere,0,vit_base_image,3g,32,sample,28,168.62416076660156,,,MIG-3db685b2-8ae5-5373-81b1-74ea5481f2e1,"2,58",
ampere,0,vit_base_image,3g,32,sample,29,168.65475463867188,,,MIG-3db685b2-8ae5-5373-81b1-74ea5481f2e1,"2,58",
ampere,0,vit_base_image,3g,32,sample,30,168.69430541992188,,,MIG-3db685b2-8ae5-5373-81b1-74ea5481f2e1,"2,58",
ampere,0,vit_base_image,3g,32,sample,31,168.69602966308594,,,MIG-3db685b2-8ae5-5373-81b1-74ea5481f2e1,"2,58",
ampere,0,vit_base_image,3g,32,sample,32,168.68214416503906,,,MIG-3db685b2-8ae5-5373-81b1-74ea5481f2e1,"2,58",
ampere,0,vit_base_image,3g,32,sample,33,168.14682006835938,,,MIG-3db685b2-8ae5-5373-81b1-74ea5481f2e1,"2,58",
ampere,0,vit_base_image,3g,32,sample,34,168.6565704345703,,,MIG-3db685b2-8ae5-5373-81b1-74ea5481f2e1,"2,58",
ampere,0,vit_base_image,3g,32,sample,35,167.9383087158203,,,MIG-3db685b2-8ae5-5373-81b1-74ea5481f2e1,"2,58",
ampere,0,vit_base_image,3g,32,sample,36,167.7809600830078,,,MIG-3db685b2-8ae5-5373-81b1-74ea5481f2e1,"2,58",
ampere,0,vit_base_image,3g,32,sample,37,168.20220947265625,,,MIG-3db685b2-8ae5-5373-81b1-74ea5481f2e1,"2,58",
ampere,0,vit_base_image,3g,32,sample,38,168.63763427734375,,,MIG-3db685b2-8ae5-5373-81b1-74ea5481f2e1,"2,58",
ampere,0,vit_base_image,3g,32,sample,39,168.6208038330078,,,MIG-3db685b2-8ae5-5373-81b1-74ea5481f2e1,"2,58",
ampere,0,vit_base_image,3g,32,sample,40,168.21673583984375,,,MIG-3db685b2-8ae5-5373-81b1-74ea5481f2e1,"2,58",
ampere,0,vit_base_image,3g,32,sample,41,168.68336486816406,,,MIG-3db685b2-8ae5-5373-81b1-74ea5481f2e1,"2,58",
ampere,0,vit_base_image,3g,32,sample,42,168.60079956054688,,,MIG-3db685b2-8ae5-5373-81b1-74ea5481f2e1,"2,58",
ampere,0,vit_base_image,3g,32,sample,43,167.88978576660156,,,MIG-3db685b2-8ae5-5373-81b1-74ea5481f2e1,"2,58",
ampere,0,vit_base_image,3g,32,sample,44,167.8131866455078,,,MIG-3db685b2-8ae5-5373-81b1-74ea5481f2e1,"2,58",
ampere,0,vit_base_image,3g,32,sample,45,168.45132446289062,,,MIG-3db685b2-8ae5-5373-81b1-74ea5481f2e1,"2,58",
ampere,0,vit_base_image,3g,32,sample,46,168.27459716796875,,,MIG-3db685b2-8ae5-5373-81b1-74ea5481f2e1,"2,58",
ampere,0,vit_base_image,3g,32,sample,47,167.80184936523438,,,MIG-3db685b2-8ae5-5373-81b1-74ea5481f2e1,"2,58",
ampere,0,vit_base_image,3g,32,sample,48,168.3093719482422,,,MIG-3db685b2-8ae5-5373-81b1-74ea5481f2e1,"2,58",
ampere,0,vit_base_image,3g,32,sample,49,167.8297576904297,,,MIG-3db685b2-8ae5-5373-81b1-74ea5481f2e1,"2,58",
ampere,0,vit_base_image,3g,64,warmup,0,330.3027648925781,,,MIG-3db685b2-8ae5-5373-81b1-74ea5481f2e1,"2,58",
ampere,0,vit_base_image,3g,64,warmup,1,329.16900634765625,,,MIG-3db685b2-8ae5-5373-81b1-74ea5481f2e1,"2,58",
ampere,0,vit_base_image,3g,64,warmup,2,329.2393798828125,,,MIG-3db685b2-8ae5-5373-81b1-74ea5481f2e1,"2,58",
ampere,0,vit_base_image,3g,64,warmup,3,328.6551208496094,,,MIG-3db685b2-8ae5-5373-81b1-74ea5481f2e1,"2,58",
ampere,0,vit_base_image,3g,64,warmup,4,329.0657958984375,,,MIG-3db685b2-8ae5-5373-81b1-74ea5481f2e1,"2,58",
ampere,0,vit_base_image,3g,64,warmup,5,328.8821105957031,,,MIG-3db685b2-8ae5-5373-81b1-74ea5481f2e1,"2,58",
ampere,0,vit_base_image,3g,64,warmup,6,328.751220703125,,,MIG-3db685b2-8ae5-5373-81b1-74ea5481f2e1,"2,58",
ampere,0,vit_base_image,3g,64,warmup,7,328.5950012207031,,,MIG-3db685b2-8ae5-5373-81b1-74ea5481f2e1,"2,58",
ampere,0,vit_base_image,3g,64,warmup,8,328.5857849121094,,,MIG-3db685b2-8ae5-5373-81b1-74ea5481f2e1,"2,58",
ampere,0,vit_base_image,3g,64,warmup,9,329.3502502441406,,,MIG-3db685b2-8ae5-5373-81b1-74ea5481f2e1,"2,58",
ampere,0,vit_base_image,3g,64,sample,0,328.6885070800781,,,MIG-3db685b2-8ae5-5373-81b1-74ea5481f2e1,"2,58",
ampere,0,vit_base_image,3g,64,sample,1,329.0607604980469,,,MIG-3db685b2-8ae5-5373-81b1-74ea5481f2e1,"2,58",
ampere,0,vit_base_image,3g,64,sample,2,329.54302978515625,,,MIG-3db685b2-8ae5-5373-81b1-74ea5481f2e1,"2,58",
ampere,0,vit_base_image,3g,64,sample,3,328.63641357421875,,,MIG-3db685b2-8ae5-5373-81b1-74ea5481f2e1,"2,58",
ampere,0,vit_base_image,3g,64,sample,4,329.3943176269531,,,MIG-3db685b2-8ae5-5373-81b1-74ea5481f2e1,"2,58",
ampere,0,vit_base_image,3g,64,sample,5,329.1829528808594,,,MIG-3db685b2-8ae5-5373-81b1-74ea5481f2e1,"2,58",
ampere,0,vit_base_image,3g,64,sample,6,330.2570495605469,,,MIG-3db685b2-8ae5-5373-81b1-74ea5481f2e1,"2,58",
ampere,0,vit_base_image,3g,64,sample,7,329.1339111328125,,,MIG-3db685b2-8ae5-5373-81b1-74ea5481f2e1,"2,58",
ampere,0,vit_base_image,3g,64,sample,8,329.255126953125,,,MIG-3db685b2-8ae5-5373-81b1-74ea5481f2e1,"2,58",
ampere,0,vit_base_image,3g,64,sample,9,329.46484375,,,MIG-3db685b2-8ae5-5373-81b1-74ea5481f2e1,"2,58",
ampere,0,vit_base_image,3g,64,sample,10,329.4560241699219,,,MIG-3db685b2-8ae5-5373-81b1-74ea5481f2e1,"2,58",
ampere,0,vit_base_image,3g,64,sample,11,329.6307373046875,,,MIG-3db685b2-8ae5-5373-81b1-74ea5481f2e1,"2,58",
ampere,0,vit_base_image,3g,64,sample,12,329.2413024902344,,,MIG-3db685b2-8ae5-5373-81b1-74ea5481f2e1,"2,58",
ampere,0,vit_base_image,3g,64,sample,13,329.167236328125,,,MIG-3db685b2-8ae5-5373-81b1-74ea5481f2e1,"2,58",
ampere,0,vit_base_image,3g,64,sample,14,329.3203430175781,,,MIG-3db685b2-8ae5-5373-81b1-74ea5481f2e1,"2,58",
ampere,0,vit_base_image,3g,64,sample,15,329.59429931640625,,,MIG-3db685b2-8ae5-5373-81b1-74ea5481f2e1,"2,58",
ampere,0,vit_base_image,3g,64,sample,16,329.5953369140625,,,MIG-3db685b2-8ae5-5373-81b1-74ea5481f2e1,"2,58",
ampere,0,vit_base_image,3g,64,sample,17,329.4720764160156,,,MIG-3db685b2-8ae5-5373-81b1-74ea5481f2e1,"2,58",
ampere,0,vit_base_image,3g,64,sample,18,329.2739562988281,,,MIG-3db685b2-8ae5-5373-81b1-74ea5481f2e1,"2,58",
ampere,0,vit_base_image,3g,64,sample,19,329.2792663574219,,,MIG-3db685b2-8ae5-5373-81b1-74ea5481f2e1,"2,58",
ampere,0,vit_base_image,3g,64,sample,20,329.54412841796875,,,MIG-3db685b2-8ae5-5373-81b1-74ea5481f2e1,"2,58",
ampere,0,vit_base_image,3g,64,sample,21,329.62042236328125,,,MIG-3db685b2-8ae5-5373-81b1-74ea5481f2e1,"2,58",
ampere,0,vit_base_image,3g,64,sample,22,329.14166259765625,,,MIG-3db685b2-8ae5-5373-81b1-74ea5481f2e1,"2,58",
ampere,0,vit_base_image,3g,64,sample,23,329.2439880371094,,,MIG-3db685b2-8ae5-5373-81b1-74ea5481f2e1,"2,58",
ampere,0,vit_base_image,3g,64,sample,24,329.48968505859375,,,MIG-3db685b2-8ae5-5373-81b1-74ea5481f2e1,"2,58",
ampere,0,vit_base_image,3g,64,sample,25,329.59051513671875,,,MIG-3db685b2-8ae5-5373-81b1-74ea5481f2e1,"2,58",
ampere,0,vit_base_image,3g,64,sample,26,328.5939025878906,,,MIG-3db685b2-8ae5-5373-81b1-74ea5481f2e1,"2,58",
ampere,0,vit_base_image,3g,64,sample,27,329.5331115722656,,,MIG-3db685b2-8ae5-5373-81b1-74ea5481f2e1,"2,58",
ampere,0,vit_base_image,3g,64,sample,28,329.34173583984375,,,MIG-3db685b2-8ae5-5373-81b1-74ea5481f2e1,"2,58",
ampere,0,vit_base_image,3g,64,sample,29,329.1958923339844,,,MIG-3db685b2-8ae5-5373-81b1-74ea5481f2e1,"2,58",
ampere,0,vit_base_image,3g,64,sample,30,329.1659851074219,,,MIG-3db685b2-8ae5-5373-81b1-74ea5481f2e1,"2,58",
ampere,0,vit_base_image,3g,64,sample,31,329.51251220703125,,,MIG-3db685b2-8ae5-5373-81b1-74ea5481f2e1,"2,58",
ampere,0,vit_base_image,3g,64,sample,32,329.5176696777344,,,MIG-3db685b2-8ae5-5373-81b1-74ea5481f2e1,"2,58",
ampere,0,vit_base_image,3g,64,sample,33,328.63262939453125,,,MIG-3db685b2-8ae5-5373-81b1-74ea5481f2e1,"2,58",
ampere,0,vit_base_image,3g,64,sample,34,329.59307861328125,,,MIG-3db685b2-8ae5-5373-81b1-74ea5481f2e1,"2,58",
ampere,0,vit_base_image,3g,64,sample,35,329.05596923828125,,,MIG-3db685b2-8ae5-5373-81b1-74ea5481f2e1,"2,58",
ampere,0,vit_base_image,3g,64,sample,36,329.54010009765625,,,MIG-3db685b2-8ae5-5373-81b1-74ea5481f2e1,"2,58",
ampere,0,vit_base_image,3g,64,sample,37,329.1199035644531,,,MIG-3db685b2-8ae5-5373-81b1-74ea5481f2e1,"2,58",
ampere,0,vit_base_image,3g,64,sample,38,329.12835693359375,,,MIG-3db685b2-8ae5-5373-81b1-74ea5481f2e1,"2,58",
ampere,0,vit_base_image,3g,64,sample,39,329.34320068359375,,,MIG-3db685b2-8ae5-5373-81b1-74ea5481f2e1,"2,58",
ampere,0,vit_base_image,3g,64,sample,40,329.4776306152344,,,MIG-3db685b2-8ae5-5373-81b1-74ea5481f2e1,"2,58",
ampere,0,vit_base_image,3g,64,sample,41,329.4783630371094,,,MIG-3db685b2-8ae5-5373-81b1-74ea5481f2e1,"2,58",
ampere,0,vit_base_image,3g,64,sample,42,329.4218444824219,,,MIG-3db685b2-8ae5-5373-81b1-74ea5481f2e1,"2,58",
ampere,0,vit_base_image,3g,64,sample,43,329.0856018066406,,,MIG-3db685b2-8ae5-5373-81b1-74ea5481f2e1,"2,58",
ampere,0,vit_base_image,3g,64,sample,44,329.1731262207031,,,MIG-3db685b2-8ae5-5373-81b1-74ea5481f2e1,"2,58",
ampere,0,vit_base_image,3g,64,sample,45,329.5351867675781,,,MIG-3db685b2-8ae5-5373-81b1-74ea5481f2e1,"2,58",
ampere,0,vit_base_image,3g,64,sample,46,329.436767578125,,,MIG-3db685b2-8ae5-5373-81b1-74ea5481f2e1,"2,58",
ampere,0,vit_base_image,3g,64,sample,47,329.6347961425781,,,MIG-3db685b2-8ae5-5373-81b1-74ea5481f2e1,"2,58",
ampere,0,vit_base_image,3g,64,sample,48,329.2023620605469,,,MIG-3db685b2-8ae5-5373-81b1-74ea5481f2e1,"2,58",
ampere,0,vit_base_image,3g,64,sample,49,329.1201477050781,,,MIG-3db685b2-8ae5-5373-81b1-74ea5481f2e1,"2,58",
ampere,0,gpt2_p512_o512,4g,1,warmup,0,5196.82373046875,20.3786563873291,10.130029499180862,MIG-3db685b2-8ae5-5373-81b1-74ea5481f2e1,"2,58",
ampere,0,gpt2_p512_o512,4g,1,sample,0,5198.02734375,13.412991523742676,10.146016344865474,MIG-3db685b2-8ae5-5373-81b1-74ea5481f2e1,"2,58",
ampere,0,gpt2_p512_o512,4g,1,sample,1,5186.70263671875,13.404064178466797,10.123871961918363,MIG-3db685b2-8ae5-5373-81b1-74ea5481f2e1,"2,58",
ampere,0,gpt2_p512_o512,4g,1,sample,2,5189.03662109375,12.925536155700684,10.12937590007446,MIG-3db685b2-8ae5-5373-81b1-74ea5481f2e1,"2,58",
ampere,0,gpt2_p512_o512,4g,1,sample,3,5196.59375,13.330911636352539,10.14337150364706,MIG-3db685b2-8ae5-5373-81b1-74ea5481f2e1,"2,58",
ampere,0,gpt2_p512_o512,4g,1,sample,4,5179.90185546875,14.163935661315918,10.109076164006721,MIG-3db685b2-8ae5-5373-81b1-74ea5481f2e1,"2,58",
ampere,0,gpt2_p512_o512,4g,1,sample,5,5178.0107421875,13.637184143066406,10.106406180126093,MIG-3db685b2-8ae5-5373-81b1-74ea5481f2e1,"2,58",
ampere,0,gpt2_p512_o512,4g,1,sample,6,5179.37060546875,12.177215576171875,10.11192444205984,MIG-3db685b2-8ae5-5373-81b1-74ea5481f2e1,"2,58",
ampere,0,gpt2_p512_o512,4g,1,sample,7,5181.3125,13.410880088806152,10.113310410785115,MIG-3db685b2-8ae5-5373-81b1-74ea5481f2e1,"2,58",
ampere,0,gpt2_p512_o512,4g,1,sample,8,5155.22607421875,13.779680252075195,10.061538931441634,MIG-3db685b2-8ae5-5373-81b1-74ea5481f2e1,"2,58",
ampere,0,gpt2_p512_o512,4g,1,sample,9,5181.1689453125,13.914848327636719,10.112043242631826,MIG-3db685b2-8ae5-5373-81b1-74ea5481f2e1,"2,58",
ampere,0,gpt2_p64_o64,4g,1,warmup,0,652.607666015625,20.3056640625,10.036539713541666,MIG-3db685b2-8ae5-5373-81b1-74ea5481f2e1,"2,58",
ampere,0,gpt2_p64_o64,4g,1,sample,0,645.89501953125,12.478015899658203,10.054238152882409,MIG-3db685b2-8ae5-5373-81b1-74ea5481f2e1,"2,58",
ampere,0,gpt2_p64_o64,4g,1,sample,1,644.1863403320312,10.928511619567871,10.051711566864498,MIG-3db685b2-8ae5-5373-81b1-74ea5481f2e1,"2,58",
ampere,0,gpt2_p64_o64,4g,1,sample,2,644.9917602539062,11.122976303100586,10.061409269060407,MIG-3db685b2-8ae5-5373-81b1-74ea5481f2e1,"2,58",
ampere,0,gpt2_p64_o64,4g,1,sample,3,644.3519897460938,12.716320037841797,10.025963011242094,MIG-3db685b2-8ae5-5373-81b1-74ea5481f2e1,"2,58",
ampere,0,gpt2_p64_o64,4g,1,sample,4,641.9667358398438,12.525952339172363,9.991123547629705,MIG-3db685b2-8ae5-5373-81b1-74ea5481f2e1,"2,58",
ampere,0,gpt2_p64_o64,4g,1,sample,5,643.48046875,12.045087814331055,10.022783824375697,MIG-3db685b2-8ae5-5373-81b1-74ea5481f2e1,"2,58",
ampere,0,gpt2_p64_o64,4g,1,sample,6,639.6983642578125,10.857824325561523,9.981595871940492,MIG-3db685b2-8ae5-5373-81b1-74ea5481f2e1,"2,58",
ampere,0,gpt2_p64_o64,4g,1,sample,7,643.5786743164062,12.549759864807129,10.016331975422208,MIG-3db685b2-8ae5-5373-81b1-74ea5481f2e1,"2,58",
ampere,0,gpt2_p64_o64,4g,1,sample,8,647.945556640625,19.091455459594727,9.981811129857624,MIG-3db685b2-8ae5-5373-81b1-74ea5481f2e1,"2,58",
ampere,0,gpt2_p64_o64,4g,1,sample,9,643.8553466796875,10.831999778747559,10.047989633348253,MIG-3db685b2-8ae5-5373-81b1-74ea5481f2e1,"2,58",
ampere,0,llama_p1024_o128,4g,1,warmup,0,2678.343994140625,75.70342254638672,20.493232847198726,MIG-3db685b2-8ae5-5373-81b1-74ea5481f2e1,"2,58",
ampere,0,llama_p1024_o128,4g,1,sample,0,2672.5419921875,70.41619110107422,20.48917953611359,MIG-3db685b2-8ae5-5373-81b1-74ea5481f2e1,"2,58",
ampere,0,llama_p1024_o128,4g,1,sample,1,2670.454345703125,70.25004577636719,20.474049605722502,MIG-3db685b2-8ae5-5373-81b1-74ea5481f2e1,"2,58",
ampere,0,llama_p1024_o128,4g,1,sample,2,2673.80126953125,70.71238708496094,20.49676285390779,MIG-3db685b2-8ae5-5373-81b1-74ea5481f2e1,"2,58",
ampere,0,llama_p1024_o128,4g,1,sample,3,2668.372802734375,70.89459228515625,20.452584334245817,MIG-3db685b2-8ae5-5373-81b1-74ea5481f2e1,"2,58",
ampere,0,llama_p1024_o128,4g,1,sample,4,2680.20703125,70.15296173095703,20.55160684660664,MIG-3db685b2-8ae5-5373-81b1-74ea5481f2e1,"2,58",
ampere,0,llama_p1024_o128,4g,1,sample,5,2672.3017578125,70.91088104248047,20.483392730472595,MIG-3db685b2-8ae5-5373-81b1-74ea5481f2e1,"2,58",
ampere,0,llama_p1024_o128,4g,1,sample,6,2674.82958984375,71.77072143554688,20.496526522899238,MIG-3db685b2-8ae5-5373-81b1-74ea5481f2e1,"2,58",
ampere,0,llama_p1024_o128,4g,1,sample,7,2666.972412109375,70.79007720947266,20.44238058976301,MIG-3db685b2-8ae5-5373-81b1-74ea5481f2e1,"2,58",
ampere,0,llama_p1024_o128,4g,1,sample,8,2663.68359375,70.59951782226562,20.41798484982468,MIG-3db685b2-8ae5-5373-81b1-74ea5481f2e1,"2,58",
ampere,0,llama_p1024_o128,4g,1,sample,9,2664.073486328125,70.43814086914062,20.42232555479515,MIG-3db685b2-8ae5-5373-81b1-74ea5481f2e1,"2,58",
ampere,0,llama_p2048_o64,4g,1,warmup,0,1466.4327392578125,146.99591064453125,20.94344172402034,MIG-3db685b2-8ae5-5373-81b1-74ea5481f2e1,"2,58",
ampere,0,llama_p2048_o64,4g,1,sample,0,1452.1229248046875,142.4989471435547,20.787682185097346,MIG-3db685b2-8ae5-5373-81b1-74ea5481f2e1,"2,58",
ampere,0,llama_p2048_o64,4g,1,sample,1,1452.515380859375,142.7568359375,20.789818173363095,MIG-3db685b2-8ae5-5373-81b1-74ea5481f2e1,"2,58",
ampere,0,llama_p2048_o64,4g,1,sample,2,1454.41748046875,142.08985900878906,20.830597166031126,MIG-3db685b2-8ae5-5373-81b1-74ea5481f2e1,"2,58",
ampere,0,llama_p2048_o64,4g,1,sample,3,1455.771240234375,142.5734405517578,20.844409518771702,MIG-3db685b2-8ae5-5373-81b1-74ea5481f2e1,"2,58",
ampere,0,llama_p2048_o64,4g,1,sample,4,1456.047607421875,143.8502655029297,20.828529236808656,MIG-3db685b2-8ae5-5373-81b1-74ea5481f2e1,"2,58",
ampere,0,llama_p2048_o64,4g,1,sample,5,1454.15185546875,143.43589782714844,20.805015200660343,MIG-3db685b2-8ae5-5373-81b1-74ea5481f2e1,"2,58",
ampere,0,llama_p2048_o64,4g,1,sample,6,1450.9417724609375,143.4483184814453,20.75386434888083,MIG-3db685b2-8ae5-5373-81b1-74ea5481f2e1,"2,58",
ampere,0,llama_p2048_o64,4g,1,sample,7,1452.960693359375,144.67832946777344,20.76638672843812,MIG-3db685b2-8ae5-5373-81b1-74ea5481f2e1,"2,58",
ampere,0,llama_p2048_o64,4g,1,sample,8,1453.105712890625,143.3882598876953,20.789165920681423,MIG-3db685b2-8ae5-5373-81b1-74ea5481f2e1,"2,58",
ampere,0,llama_p2048_o64,4g,1,sample,9,1454.3902587890625,143.7620086669922,20.80362301781064,MIG-3db685b2-8ae5-5373-81b1-74ea5481f2e1,"2,58",
ampere,0,resnet50_image,4g,1,warmup,0,11.665216445922852,,,MIG-3db685b2-8ae5-5373-81b1-74ea5481f2e1,"2,58",
ampere,0,resnet50_image,4g,1,warmup,1,4.337952136993408,,,MIG-3db685b2-8ae5-5373-81b1-74ea5481f2e1,"2,58",
ampere,0,resnet50_image,4g,1,warmup,2,4.244607925415039,,,MIG-3db685b2-8ae5-5373-81b1-74ea5481f2e1,"2,58",
ampere,0,resnet50_image,4g,1,warmup,3,4.184415817260742,,,MIG-3db685b2-8ae5-5373-81b1-74ea5481f2e1,"2,58",
ampere,0,resnet50_image,4g,1,warmup,4,4.246975898742676,,,MIG-3db685b2-8ae5-5373-81b1-74ea5481f2e1,"2,58",
ampere,0,resnet50_image,4g,1,warmup,5,4.231167793273926,,,MIG-3db685b2-8ae5-5373-81b1-74ea5481f2e1,"2,58",
ampere,0,resnet50_image,4g,1,warmup,6,4.220799922943115,,,MIG-3db685b2-8ae5-5373-81b1-74ea5481f2e1,"2,58",
ampere,0,resnet50_image,4g,1,warmup,7,4.1966400146484375,,,MIG-3db685b2-8ae5-5373-81b1-74ea5481f2e1,"2,58",
ampere,0,resnet50_image,4g,1,warmup,8,4.193471908569336,,,MIG-3db685b2-8ae5-5373-81b1-74ea5481f2e1,"2,58",
ampere,0,resnet50_image,4g,1,warmup,9,4.151648044586182,,,MIG-3db685b2-8ae5-5373-81b1-74ea5481f2e1,"2,58",
ampere,0,resnet50_image,4g,1,sample,0,4.244959831237793,,,MIG-3db685b2-8ae5-5373-81b1-74ea5481f2e1,"2,58",
ampere,0,resnet50_image,4g,1,sample,1,4.154208183288574,,,MIG-3db685b2-8ae5-5373-81b1-74ea5481f2e1,"2,58",
ampere,0,resnet50_image,4g,1,sample,2,4.209568023681641,,,MIG-3db685b2-8ae5-5373-81b1-74ea5481f2e1,"2,58",
ampere,0,resnet50_image,4g,1,sample,3,4.173696041107178,,,MIG-3db685b2-8ae5-5373-81b1-74ea5481f2e1,"2,58",
ampere,0,resnet50_image,4g,1,sample,4,4.22489595413208,,,MIG-3db685b2-8ae5-5373-81b1-74ea5481f2e1,"2,58",
ampere,0,resnet50_image,4g,1,sample,5,4.167327880859375,,,MIG-3db685b2-8ae5-5373-81b1-74ea5481f2e1,"2,58",
ampere,0,resnet50_image,4g,1,sample,6,4.205567836761475,,,MIG-3db685b2-8ae5-5373-81b1-74ea5481f2e1,"2,58",
ampere,0,resnet50_image,4g,1,sample,7,4.205952167510986,,,MIG-3db685b2-8ae5-5373-81b1-74ea5481f2e1,"2,58",
ampere,0,resnet50_image,4g,1,sample,8,4.2123517990112305,,,MIG-3db685b2-8ae5-5373-81b1-74ea5481f2e1,"2,58",
ampere,0,resnet50_image,4g,1,sample,9,4.198304176330566,,,MIG-3db685b2-8ae5-5373-81b1-74ea5481f2e1,"2,58",
ampere,0,resnet50_image,4g,1,sample,10,4.2093119621276855,,,MIG-3db685b2-8ae5-5373-81b1-74ea5481f2e1,"2,58",
ampere,0,resnet50_image,4g,1,sample,11,4.208223819732666,,,MIG-3db685b2-8ae5-5373-81b1-74ea5481f2e1,"2,58",
ampere,0,resnet50_image,4g,1,sample,12,4.223135948181152,,,MIG-3db685b2-8ae5-5373-81b1-74ea5481f2e1,"2,58",
ampere,0,resnet50_image,4g,1,sample,13,4.206655979156494,,,MIG-3db685b2-8ae5-5373-81b1-74ea5481f2e1,"2,58",
ampere,0,resnet50_image,4g,1,sample,14,4.212512016296387,,,MIG-3db685b2-8ae5-5373-81b1-74ea5481f2e1,"2,58",
ampere,0,resnet50_image,4g,1,sample,15,4.211359977722168,,,MIG-3db685b2-8ae5-5373-81b1-74ea5481f2e1,"2,58",
ampere,0,resnet50_image,4g,1,sample,16,4.213632106781006,,,MIG-3db685b2-8ae5-5373-81b1-74ea5481f2e1,"2,58",
ampere,0,resnet50_image,4g,1,sample,17,4.2205119132995605,,,MIG-3db685b2-8ae5-5373-81b1-74ea5481f2e1,"2,58",
ampere,0,resnet50_image,4g,1,sample,18,4.254271984100342,,,MIG-3db685b2-8ae5-5373-81b1-74ea5481f2e1,"2,58",
ampere,0,resnet50_image,4g,1,sample,19,4.217440128326416,,,MIG-3db685b2-8ae5-5373-81b1-74ea5481f2e1,"2,58",
ampere,0,resnet50_image,4g,1,sample,20,4.163680076599121,,,MIG-3db685b2-8ae5-5373-81b1-74ea5481f2e1,"2,58",
ampere,0,resnet50_image,4g,1,sample,21,4.227712154388428,,,MIG-3db685b2-8ae5-5373-81b1-74ea5481f2e1,"2,58",
ampere,0,resnet50_image,4g,1,sample,22,4.198239803314209,,,MIG-3db685b2-8ae5-5373-81b1-74ea5481f2e1,"2,58",
ampere,0,resnet50_image,4g,1,sample,23,4.230144023895264,,,MIG-3db685b2-8ae5-5373-81b1-74ea5481f2e1,"2,58",
ampere,0,resnet50_image,4g,1,sample,24,4.210815906524658,,,MIG-3db685b2-8ae5-5373-81b1-74ea5481f2e1,"2,58",
ampere,0,resnet50_image,4g,1,sample,25,4.204607963562012,,,MIG-3db685b2-8ae5-5373-81b1-74ea5481f2e1,"2,58",
ampere,0,resnet50_image,4g,1,sample,26,4.2254719734191895,,,MIG-3db685b2-8ae5-5373-81b1-74ea5481f2e1,"2,58",
ampere,0,resnet50_image,4g,1,sample,27,4.204895973205566,,,MIG-3db685b2-8ae5-5373-81b1-74ea5481f2e1,"2,58",
ampere,0,resnet50_image,4g,1,sample,28,4.2259202003479,,,MIG-3db685b2-8ae5-5373-81b1-74ea5481f2e1,"2,58",
ampere,0,resnet50_image,4g,1,sample,29,4.226751804351807,,,MIG-3db685b2-8ae5-5373-81b1-74ea5481f2e1,"2,58",
ampere,0,resnet50_image,4g,1,sample,30,4.227615833282471,,,MIG-3db685b2-8ae5-5373-81b1-74ea5481f2e1,"2,58",
ampere,0,resnet50_image,4g,1,sample,31,4.21724796295166,,,MIG-3db685b2-8ae5-5373-81b1-74ea5481f2e1,"2,58",
ampere,0,resnet50_image,4g,1,sample,32,4.2136640548706055,,,MIG-3db685b2-8ae5-5373-81b1-74ea5481f2e1,"2,58",
ampere,0,resnet50_image,4g,1,sample,33,4.216447830200195,,,MIG-3db685b2-8ae5-5373-81b1-74ea5481f2e1,"2,58",
ampere,0,resnet50_image,4g,1,sample,34,4.180287837982178,,,MIG-3db685b2-8ae5-5373-81b1-74ea5481f2e1,"2,58",
ampere,0,resnet50_image,4g,1,sample,35,4.244128227233887,,,MIG-3db685b2-8ae5-5373-81b1-74ea5481f2e1,"2,58",
ampere,0,resnet50_image,4g,1,sample,36,4.2524800300598145,,,MIG-3db685b2-8ae5-5373-81b1-74ea5481f2e1,"2,58",
ampere,0,resnet50_image,4g,1,sample,37,4.390880107879639,,,MIG-3db685b2-8ae5-5373-81b1-74ea5481f2e1,"2,58",
ampere,0,resnet50_image,4g,1,sample,38,4.162975788116455,,,MIG-3db685b2-8ae5-5373-81b1-74ea5481f2e1,"2,58",
ampere,0,resnet50_image,4g,1,sample,39,4.224480152130127,,,MIG-3db685b2-8ae5-5373-81b1-74ea5481f2e1,"2,58",
ampere,0,resnet50_image,4g,1,sample,40,4.234272003173828,,,MIG-3db685b2-8ae5-5373-81b1-74ea5481f2e1,"2,58",
ampere,0,resnet50_image,4g,1,sample,41,4.216032028198242,,,MIG-3db685b2-8ae5-5373-81b1-74ea5481f2e1,"2,58",
ampere,0,resnet50_image,4g,1,sample,42,6.6142401695251465,,,MIG-3db685b2-8ae5-5373-81b1-74ea5481f2e1,"2,58",
ampere,0,resnet50_image,4g,1,sample,43,4.239520072937012,,,MIG-3db685b2-8ae5-5373-81b1-74ea5481f2e1,"2,58",
ampere,0,resnet50_image,4g,1,sample,44,4.213376045227051,,,MIG-3db685b2-8ae5-5373-81b1-74ea5481f2e1,"2,58",
ampere,0,resnet50_image,4g,1,sample,45,4.222591876983643,,,MIG-3db685b2-8ae5-5373-81b1-74ea5481f2e1,"2,58",
ampere,0,resnet50_image,4g,1,sample,46,4.218048095703125,,,MIG-3db685b2-8ae5-5373-81b1-74ea5481f2e1,"2,58",
ampere,0,resnet50_image,4g,1,sample,47,4.206560134887695,,,MIG-3db685b2-8ae5-5373-81b1-74ea5481f2e1,"2,58",
ampere,0,resnet50_image,4g,1,sample,48,4.222527980804443,,,MIG-3db685b2-8ae5-5373-81b1-74ea5481f2e1,"2,58",
ampere,0,resnet50_image,4g,1,sample,49,4.187295913696289,,,MIG-3db685b2-8ae5-5373-81b1-74ea5481f2e1,"2,58",
ampere,0,resnet50_image,4g,4,warmup,0,32.65372848510742,,,MIG-3db685b2-8ae5-5373-81b1-74ea5481f2e1,"2,58",
ampere,0,resnet50_image,4g,4,warmup,1,4.277120113372803,,,MIG-3db685b2-8ae5-5373-81b1-74ea5481f2e1,"2,58",
ampere,0,resnet50_image,4g,4,warmup,2,4.267168045043945,,,MIG-3db685b2-8ae5-5373-81b1-74ea5481f2e1,"2,58",
ampere,0,resnet50_image,4g,4,warmup,3,4.265535831451416,,,MIG-3db685b2-8ae5-5373-81b1-74ea5481f2e1,"2,58",
ampere,0,resnet50_image,4g,4,warmup,4,4.257631778717041,,,MIG-3db685b2-8ae5-5373-81b1-74ea5481f2e1,"2,58",
ampere,0,resnet50_image,4g,4,warmup,5,4.280735969543457,,,MIG-3db685b2-8ae5-5373-81b1-74ea5481f2e1,"2,58",
ampere,0,resnet50_image,4g,4,warmup,6,4.2606401443481445,,,MIG-3db685b2-8ae5-5373-81b1-74ea5481f2e1,"2,58",
ampere,0,resnet50_image,4g,4,warmup,7,4.256383895874023,,,MIG-3db685b2-8ae5-5373-81b1-74ea5481f2e1,"2,58",
ampere,0,resnet50_image,4g,4,warmup,8,4.291967868804932,,,MIG-3db685b2-8ae5-5373-81b1-74ea5481f2e1,"2,58",
ampere,0,resnet50_image,4g,4,warmup,9,4.208064079284668,,,MIG-3db685b2-8ae5-5373-81b1-74ea5481f2e1,"2,58",
ampere,0,resnet50_image,4g,4,sample,0,4.284383773803711,,,MIG-3db685b2-8ae5-5373-81b1-74ea5481f2e1,"2,58",
ampere,0,resnet50_image,4g,4,sample,1,4.208064079284668,,,MIG-3db685b2-8ae5-5373-81b1-74ea5481f2e1,"2,58",
ampere,0,resnet50_image,4g,4,sample,2,4.268799781799316,,,MIG-3db685b2-8ae5-5373-81b1-74ea5481f2e1,"2,58",
ampere,0,resnet50_image,4g,4,sample,3,4.2442240715026855,,,MIG-3db685b2-8ae5-5373-81b1-74ea5481f2e1,"2,58",
ampere,0,resnet50_image,4g,4,sample,4,6.10643196105957,,,MIG-3db685b2-8ae5-5373-81b1-74ea5481f2e1,"2,58",
ampere,0,resnet50_image,4g,4,sample,5,6.369279861450195,,,MIG-3db685b2-8ae5-5373-81b1-74ea5481f2e1,"2,58",
ampere,0,resnet50_image,4g,4,sample,6,4.2599358558654785,,,MIG-3db685b2-8ae5-5373-81b1-74ea5481f2e1,"2,58",
ampere,0,resnet50_image,4g,4,sample,7,4.2718400955200195,,,MIG-3db685b2-8ae5-5373-81b1-74ea5481f2e1,"2,58",
ampere,0,resnet50_image,4g,4,sample,8,4.208896160125732,,,MIG-3db685b2-8ae5-5373-81b1-74ea5481f2e1,"2,58",
ampere,0,resnet50_image,4g,4,sample,9,4.247104167938232,,,MIG-3db685b2-8ae5-5373-81b1-74ea5481f2e1,"2,58",
ampere,0,resnet50_image,4g,4,sample,10,4.270688056945801,,,MIG-3db685b2-8ae5-5373-81b1-74ea5481f2e1,"2,58",
ampere,0,resnet50_image,4g,4,sample,11,4.236447811126709,,,MIG-3db685b2-8ae5-5373-81b1-74ea5481f2e1,"2,58",
ampere,0,resnet50_image,4g,4,sample,12,4.271423816680908,,,MIG-3db685b2-8ae5-5373-81b1-74ea5481f2e1,"2,58",
ampere,0,resnet50_image,4g,4,sample,13,4.230207920074463,,,MIG-3db685b2-8ae5-5373-81b1-74ea5481f2e1,"2,58",
ampere,0,resnet50_image,4g,4,sample,14,4.283711910247803,,,MIG-3db685b2-8ae5-5373-81b1-74ea5481f2e1,"2,58",
ampere,0,resnet50_image,4g,4,sample,15,4.2888641357421875,,,MIG-3db685b2-8ae5-5373-81b1-74ea5481f2e1,"2,58",
ampere,0,resnet50_image,4g,4,sample,16,4.205855846405029,,,MIG-3db685b2-8ae5-5373-81b1-74ea5481f2e1,"2,58",
ampere,0,resnet50_image,4g,4,sample,17,4.2908477783203125,,,MIG-3db685b2-8ae5-5373-81b1-74ea5481f2e1,"2,58",
ampere,0,resnet50_image,4g,4,sample,18,4.237823963165283,,,MIG-3db685b2-8ae5-5373-81b1-74ea5481f2e1,"2,58",
ampere,0,resnet50_image,4g,4,sample,19,4.296288013458252,,,MIG-3db685b2-8ae5-5373-81b1-74ea5481f2e1,"2,58",
ampere,0,resnet50_image,4g,4,sample,20,4.224192142486572,,,MIG-3db685b2-8ae5-5373-81b1-74ea5481f2e1,"2,58",
ampere,0,resnet50_image,4g,4,sample,21,4.263455867767334,,,MIG-3db685b2-8ae5-5373-81b1-74ea5481f2e1,"2,58",
ampere,0,resnet50_image,4g,4,sample,22,4.263455867767334,,,MIG-3db685b2-8ae5-5373-81b1-74ea5481f2e1,"2,58",
ampere,0,resnet50_image,4g,4,sample,23,4.274303913116455,,,MIG-3db685b2-8ae5-5373-81b1-74ea5481f2e1,"2,58",
ampere,0,resnet50_image,4g,4,sample,24,4.265247821807861,,,MIG-3db685b2-8ae5-5373-81b1-74ea5481f2e1,"2,58",
ampere,0,resnet50_image,4g,4,sample,25,4.255231857299805,,,MIG-3db685b2-8ae5-5373-81b1-74ea5481f2e1,"2,58",
ampere,0,resnet50_image,4g,4,sample,26,4.19382381439209,,,MIG-3db685b2-8ae5-5373-81b1-74ea5481f2e1,"2,58",
ampere,0,resnet50_image,4g,4,sample,27,4.265024185180664,,,MIG-3db685b2-8ae5-5373-81b1-74ea5481f2e1,"2,58",
ampere,0,resnet50_image,4g,4,sample,28,4.20143985748291,,,MIG-3db685b2-8ae5-5373-81b1-74ea5481f2e1,"2,58",
ampere,0,resnet50_image,4g,4,sample,29,4.259615898132324,,,MIG-3db685b2-8ae5-5373-81b1-74ea5481f2e1,"2,58",
ampere,0,resnet50_image,4g,4,sample,30,4.204415798187256,,,MIG-3db685b2-8ae5-5373-81b1-74ea5481f2e1,"2,58",
ampere,0,resnet50_image,4g,4,sample,31,4.267871856689453,,,MIG-3db685b2-8ae5-5373-81b1-74ea5481f2e1,"2,58",
ampere,0,resnet50_image,4g,4,sample,32,4.260608196258545,,,MIG-3db685b2-8ae5-5373-81b1-74ea5481f2e1,"2,58",
ampere,0,resnet50_image,4g,4,sample,33,4.28275203704834,,,MIG-3db685b2-8ae5-5373-81b1-74ea5481f2e1,"2,58",
ampere,0,resnet50_image,4g,4,sample,34,4.212639808654785,,,MIG-3db685b2-8ae5-5373-81b1-74ea5481f2e1,"2,58",
ampere,0,resnet50_image,4g,4,sample,35,4.258336067199707,,,MIG-3db685b2-8ae5-5373-81b1-74ea5481f2e1,"2,58",
ampere,0,resnet50_image,4g,4,sample,36,4.267744064331055,,,MIG-3db685b2-8ae5-5373-81b1-74ea5481f2e1,"2,58",
ampere,0,resnet50_image,4g,4,sample,37,4.278687953948975,,,MIG-3db685b2-8ae5-5373-81b1-74ea5481f2e1,"2,58",
ampere,0,resnet50_image,4g,4,sample,38,4.246784210205078,,,MIG-3db685b2-8ae5-5373-81b1-74ea5481f2e1,"2,58",
ampere,0,resnet50_image,4g,4,sample,39,4.273024082183838,,,MIG-3db685b2-8ae5-5373-81b1-74ea5481f2e1,"2,58",
ampere,0,resnet50_image,4g,4,sample,40,4.348639965057373,,,MIG-3db685b2-8ae5-5373-81b1-74ea5481f2e1,"2,58",
ampere,0,resnet50_image,4g,4,sample,41,4.221792221069336,,,MIG-3db685b2-8ae5-5373-81b1-74ea5481f2e1,"2,58",
ampere,0,resnet50_image,4g,4,sample,42,4.254303932189941,,,MIG-3db685b2-8ae5-5373-81b1-74ea5481f2e1,"2,58",
ampere,0,resnet50_image,4g,4,sample,43,4.190336227416992,,,MIG-3db685b2-8ae5-5373-81b1-74ea5481f2e1,"2,58",
ampere,0,resnet50_image,4g,4,sample,44,4.29315185546875,,,MIG-3db685b2-8ae5-5373-81b1-74ea5481f2e1,"2,58",
ampere,0,resnet50_image,4g,4,sample,45,4.212543964385986,,,MIG-3db685b2-8ae5-5373-81b1-74ea5481f2e1,"2,58",
ampere,0,resnet50_image,4g,4,sample,46,4.225567817687988,,,MIG-3db685b2-8ae5-5373-81b1-74ea5481f2e1,"2,58",
ampere,0,resnet50_image,4g,4,sample,47,4.397791862487793,,,MIG-3db685b2-8ae5-5373-81b1-74ea5481f2e1,"2,58",
ampere,0,resnet50_image,4g,4,sample,48,4.315135955810547,,,MIG-3db685b2-8ae5-5373-81b1-74ea5481f2e1,"2,58",
ampere,0,resnet50_image,4g,4,sample,49,4.2863359451293945,,,MIG-3db685b2-8ae5-5373-81b1-74ea5481f2e1,"2,58",
ampere,0,resnet50_image,4g,16,warmup,0,25.246559143066406,,,MIG-3db685b2-8ae5-5373-81b1-74ea5481f2e1,"2,58",
ampere,0,resnet50_image,4g,16,warmup,1,11.2739839553833,,,MIG-3db685b2-8ae5-5373-81b1-74ea5481f2e1,"2,58",
ampere,0,resnet50_image,4g,16,warmup,2,11.273759841918945,,,MIG-3db685b2-8ae5-5373-81b1-74ea5481f2e1,"2,58",
ampere,0,resnet50_image,4g,16,warmup,3,11.270463943481445,,,MIG-3db685b2-8ae5-5373-81b1-74ea5481f2e1,"2,58",
ampere,0,resnet50_image,4g,16,warmup,4,11.281472206115723,,,MIG-3db685b2-8ae5-5373-81b1-74ea5481f2e1,"2,58",
ampere,0,resnet50_image,4g,16,warmup,5,11.278656005859375,,,MIG-3db685b2-8ae5-5373-81b1-74ea5481f2e1,"2,58",
ampere,0,resnet50_image,4g,16,warmup,6,11.274368286132812,,,MIG-3db685b2-8ae5-5373-81b1-74ea5481f2e1,"2,58",
ampere,0,resnet50_image,4g,16,warmup,7,11.27347183227539,,,MIG-3db685b2-8ae5-5373-81b1-74ea5481f2e1,"2,58",
ampere,0,resnet50_image,4g,16,warmup,8,11.282560348510742,,,MIG-3db685b2-8ae5-5373-81b1-74ea5481f2e1,"2,58",
ampere,0,resnet50_image,4g,16,warmup,9,11.273247718811035,,,MIG-3db685b2-8ae5-5373-81b1-74ea5481f2e1,"2,58",
ampere,0,resnet50_image,4g,16,sample,0,11.2706880569458,,,MIG-3db685b2-8ae5-5373-81b1-74ea5481f2e1,"2,58",
ampere,0,resnet50_image,4g,16,sample,1,11.263872146606445,,,MIG-3db685b2-8ae5-5373-81b1-74ea5481f2e1,"2,58",
ampere,0,resnet50_image,4g,16,sample,2,11.266016006469727,,,MIG-3db685b2-8ae5-5373-81b1-74ea5481f2e1,"2,58",
ampere,0,resnet50_image,4g,16,sample,3,11.269311904907227,,,MIG-3db685b2-8ae5-5373-81b1-74ea5481f2e1,"2,58",
ampere,0,resnet50_image,4g,16,sample,4,11.271007537841797,,,MIG-3db685b2-8ae5-5373-81b1-74ea5481f2e1,"2,58",
ampere,0,resnet50_image,4g,16,sample,5,11.280256271362305,,,MIG-3db685b2-8ae5-5373-81b1-74ea5481f2e1,"2,58",
ampere,0,resnet50_image,4g,16,sample,6,11.281184196472168,,,MIG-3db685b2-8ae5-5373-81b1-74ea5481f2e1,"2,58",
ampere,0,resnet50_image,4g,16,sample,7,11.266464233398438,,,MIG-3db685b2-8ae5-5373-81b1-74ea5481f2e1,"2,58",
ampere,0,resnet50_image,4g,16,sample,8,11.273920059204102,,,MIG-3db685b2-8ae5-5373-81b1-74ea5481f2e1,"2,58",
ampere,0,resnet50_image,4g,16,sample,9,11.270912170410156,,,MIG-3db685b2-8ae5-5373-81b1-74ea5481f2e1,"2,58",
ampere,0,resnet50_image,4g,16,sample,10,11.272031784057617,,,MIG-3db685b2-8ae5-5373-81b1-74ea5481f2e1,"2,58",
ampere,0,resnet50_image,4g,16,sample,11,11.273152351379395,,,MIG-3db685b2-8ae5-5373-81b1-74ea5481f2e1,"2,58",
ampere,0,resnet50_image,4g,16,sample,12,11.274399757385254,,,MIG-3db685b2-8ae5-5373-81b1-74ea5481f2e1,"2,58",
ampere,0,resnet50_image,4g,16,sample,13,11.272255897521973,,,MIG-3db685b2-8ae5-5373-81b1-74ea5481f2e1,"2,58",
ampere,0,resnet50_image,4g,16,sample,14,11.270303726196289,,,MIG-3db685b2-8ae5-5373-81b1-74ea5481f2e1,"2,58",
ampere,0,resnet50_image,4g,16,sample,15,11.276351928710938,,,MIG-3db685b2-8ae5-5373-81b1-74ea5481f2e1,"2,58",
ampere,0,resnet50_image,4g,16,sample,16,11.265503883361816,,,MIG-3db685b2-8ae5-5373-81b1-74ea5481f2e1,"2,58",
ampere,0,resnet50_image,4g,16,sample,17,11.263263702392578,,,MIG-3db685b2-8ae5-5373-81b1-74ea5481f2e1,"2,58",
ampere,0,resnet50_image,4g,16,sample,18,11.268128395080566,,,MIG-3db685b2-8ae5-5373-81b1-74ea5481f2e1,"2,58",
ampere,0,resnet50_image,4g,16,sample,19,11.269184112548828,,,MIG-3db685b2-8ae5-5373-81b1-74ea5481f2e1,"2,58",
ampere,0,resnet50_image,4g,16,sample,20,11.282208442687988,,,MIG-3db685b2-8ae5-5373-81b1-74ea5481f2e1,"2,58",
ampere,0,resnet50_image,4g,16,sample,21,11.267935752868652,,,MIG-3db685b2-8ae5-5373-81b1-74ea5481f2e1,"2,58",
ampere,0,resnet50_image,4g,16,sample,22,11.2708158493042,,,MIG-3db685b2-8ae5-5373-81b1-74ea5481f2e1,"2,58",
ampere,0,resnet50_image,4g,16,sample,23,11.270591735839844,,,MIG-3db685b2-8ae5-5373-81b1-74ea5481f2e1,"2,58",
ampere,0,resnet50_image,4g,16,sample,24,11.279840469360352,,,MIG-3db685b2-8ae5-5373-81b1-74ea5481f2e1,"2,58",
ampere,0,resnet50_image,4g,16,sample,25,11.277888298034668,,,MIG-3db685b2-8ae5-5373-81b1-74ea5481f2e1,"2,58",
ampere,0,resnet50_image,4g,16,sample,26,11.26467227935791,,,MIG-3db685b2-8ae5-5373-81b1-74ea5481f2e1,"2,58",
ampere,0,resnet50_image,4g,16,sample,27,11.266016006469727,,,MIG-3db685b2-8ae5-5373-81b1-74ea5481f2e1,"2,58",
ampere,0,resnet50_image,4g,16,sample,28,11.27785587310791,,,MIG-3db685b2-8ae5-5373-81b1-74ea5481f2e1,"2,58",
ampere,0,resnet50_image,4g,16,sample,29,11.261119842529297,,,MIG-3db685b2-8ae5-5373-81b1-74ea5481f2e1,"2,58",
ampere,0,resnet50_image,4g,16,sample,30,11.267104148864746,,,MIG-3db685b2-8ae5-5373-81b1-74ea5481f2e1,"2,58",
ampere,0,resnet50_image,4g,16,sample,31,11.27184009552002,,,MIG-3db685b2-8ae5-5373-81b1-74ea5481f2e1,"2,58",
ampere,0,resnet50_image,4g,16,sample,32,11.282048225402832,,,MIG-3db685b2-8ae5-5373-81b1-74ea5481f2e1,"2,58",
ampere,0,resnet50_image,4g,16,sample,33,11.276191711425781,,,MIG-3db685b2-8ae5-5373-81b1-74ea5481f2e1,"2,58",
ampere,0,resnet50_image,4g,16,sample,34,11.26364803314209,,,MIG-3db685b2-8ae5-5373-81b1-74ea5481f2e1,"2,58",
ampere,0,resnet50_image,4g,16,sample,35,11.272735595703125,,,MIG-3db685b2-8ae5-5373-81b1-74ea5481f2e1,"2,58",
ampere,0,resnet50_image,4g,16,sample,36,11.271424293518066,,,MIG-3db685b2-8ae5-5373-81b1-74ea5481f2e1,"2,58",
ampere,0,resnet50_image,4g,16,sample,37,11.284223556518555,,,MIG-3db685b2-8ae5-5373-81b1-74ea5481f2e1,"2,58",
ampere,0,resnet50_image,4g,16,sample,38,11.278464317321777,,,MIG-3db685b2-8ae5-5373-81b1-74ea5481f2e1,"2,58",
ampere,0,resnet50_image,4g,16,sample,39,11.274368286132812,,,MIG-3db685b2-8ae5-5373-81b1-74ea5481f2e1,"2,58",
ampere,0,resnet50_image,4g,16,sample,40,11.289759635925293,,,MIG-3db685b2-8ae5-5373-81b1-74ea5481f2e1,"2,58",
ampere,0,resnet50_image,4g,16,sample,41,11.264512062072754,,,MIG-3db685b2-8ae5-5373-81b1-74ea5481f2e1,"2,58",
ampere,0,resnet50_image,4g,16,sample,42,11.276351928710938,,,MIG-3db685b2-8ae5-5373-81b1-74ea5481f2e1,"2,58",
ampere,0,resnet50_image,4g,16,sample,43,11.268256187438965,,,MIG-3db685b2-8ae5-5373-81b1-74ea5481f2e1,"2,58",
ampere,0,resnet50_image,4g,16,sample,44,11.271295547485352,,,MIG-3db685b2-8ae5-5373-81b1-74ea5481f2e1,"2,58",
ampere,0,resnet50_image,4g,16,sample,45,11.27337646484375,,,MIG-3db685b2-8ae5-5373-81b1-74ea5481f2e1,"2,58",
ampere,0,resnet50_image,4g,16,sample,46,11.264191627502441,,,MIG-3db685b2-8ae5-5373-81b1-74ea5481f2e1,"2,58",
ampere,0,resnet50_image,4g,16,sample,47,11.263968467712402,,,MIG-3db685b2-8ae5-5373-81b1-74ea5481f2e1,"2,58",
ampere,0,resnet50_image,4g,16,sample,48,11.269632339477539,,,MIG-3db685b2-8ae5-5373-81b1-74ea5481f2e1,"2,58",
ampere,0,resnet50_image,4g,16,sample,49,11.279007911682129,,,MIG-3db685b2-8ae5-5373-81b1-74ea5481f2e1,"2,58",
ampere,0,resnet50_image,4g,32,warmup,0,25.771839141845703,,,MIG-3db685b2-8ae5-5373-81b1-74ea5481f2e1,"2,58",
ampere,0,resnet50_image,4g,32,warmup,1,21.550880432128906,,,MIG-3db685b2-8ae5-5373-81b1-74ea5481f2e1,"2,58",
ampere,0,resnet50_image,4g,32,warmup,2,21.5447998046875,,,MIG-3db685b2-8ae5-5373-81b1-74ea5481f2e1,"2,58",
ampere,0,resnet50_image,4g,32,warmup,3,21.546112060546875,,,MIG-3db685b2-8ae5-5373-81b1-74ea5481f2e1,"2,58",
ampere,0,resnet50_image,4g,32,warmup,4,21.52521514892578,,,MIG-3db685b2-8ae5-5373-81b1-74ea5481f2e1,"2,58",
ampere,0,resnet50_image,4g,32,warmup,5,21.53811264038086,,,MIG-3db685b2-8ae5-5373-81b1-74ea5481f2e1,"2,58",
ampere,0,resnet50_image,4g,32,warmup,6,21.538047790527344,,,MIG-3db685b2-8ae5-5373-81b1-74ea5481f2e1,"2,58",
ampere,0,resnet50_image,4g,32,warmup,7,21.537599563598633,,,MIG-3db685b2-8ae5-5373-81b1-74ea5481f2e1,"2,58",
ampere,0,resnet50_image,4g,32,warmup,8,21.528928756713867,,,MIG-3db685b2-8ae5-5373-81b1-74ea5481f2e1,"2,58",
ampere,0,resnet50_image,4g,32,warmup,9,21.540864944458008,,,MIG-3db685b2-8ae5-5373-81b1-74ea5481f2e1,"2,58",
ampere,0,resnet50_image,4g,32,sample,0,21.54630470275879,,,MIG-3db685b2-8ae5-5373-81b1-74ea5481f2e1,"2,58",
ampere,0,resnet50_image,4g,32,sample,1,21.533472061157227,,,MIG-3db685b2-8ae5-5373-81b1-74ea5481f2e1,"2,58",
ampere,0,resnet50_image,4g,32,sample,2,21.52979278564453,,,MIG-3db685b2-8ae5-5373-81b1-74ea5481f2e1,"2,58",
ampere,0,resnet50_image,4g,32,sample,3,21.530719757080078,,,MIG-3db685b2-8ae5-5373-81b1-74ea5481f2e1,"2,58",
ampere,0,resnet50_image,4g,32,sample,4,21.520639419555664,,,MIG-3db685b2-8ae5-5373-81b1-74ea5481f2e1,"2,58",
ampere,0,resnet50_image,4g,32,sample,5,21.538463592529297,,,MIG-3db685b2-8ae5-5373-81b1-74ea5481f2e1,"2,58",
ampere,0,resnet50_image,4g,32,sample,6,21.5402889251709,,,MIG-3db685b2-8ae5-5373-81b1-74ea5481f2e1,"2,58",
ampere,0,resnet50_image,4g,32,sample,7,21.538623809814453,,,MIG-3db685b2-8ae5-5373-81b1-74ea5481f2e1,"2,58",
ampere,0,resnet50_image,4g,32,sample,8,21.523263931274414,,,MIG-3db685b2-8ae5-5373-81b1-74ea5481f2e1,"2,58",
ampere,0,resnet50_image,4g,32,sample,9,21.532896041870117,,,MIG-3db685b2-8ae5-5373-81b1-74ea5481f2e1,"2,58",
ampere,0,resnet50_image,4g,32,sample,10,21.537919998168945,,,MIG-3db685b2-8ae5-5373-81b1-74ea5481f2e1,"2,58",
ampere,0,resnet50_image,4g,32,sample,11,21.550655364990234,,,MIG-3db685b2-8ae5-5373-81b1-74ea5481f2e1,"2,58",
ampere,0,resnet50_image,4g,32,sample,12,21.519775390625,,,MIG-3db685b2-8ae5-5373-81b1-74ea5481f2e1,"2,58",
ampere,0,resnet50_image,4g,32,sample,13,21.53094482421875,,,MIG-3db685b2-8ae5-5373-81b1-74ea5481f2e1,"2,58",
ampere,0,resnet50_image,4g,32,sample,14,21.547359466552734,,,MIG-3db685b2-8ae5-5373-81b1-74ea5481f2e1,"2,58",
ampere,0,resnet50_image,4g,32,sample,15,21.530975341796875,,,MIG-3db685b2-8ae5-5373-81b1-74ea5481f2e1,"2,58",
ampere,0,resnet50_image,4g,32,sample,16,21.525312423706055,,,MIG-3db685b2-8ae5-5373-81b1-74ea5481f2e1,"2,58",
ampere,0,resnet50_image,4g,32,sample,17,21.547456741333008,,,MIG-3db685b2-8ae5-5373-81b1-74ea5481f2e1,"2,58",
ampere,0,resnet50_image,4g,32,sample,18,21.54252815246582,,,MIG-3db685b2-8ae5-5373-81b1-74ea5481f2e1,"2,58",
ampere,0,resnet50_image,4g,32,sample,19,21.522367477416992,,,MIG-3db685b2-8ae5-5373-81b1-74ea5481f2e1,"2,58",
ampere,0,resnet50_image,4g,32,sample,20,21.533695220947266,,,MIG-3db685b2-8ae5-5373-81b1-74ea5481f2e1,"2,58",
ampere,0,resnet50_image,4g,32,sample,21,21.536096572875977,,,MIG-3db685b2-8ae5-5373-81b1-74ea5481f2e1,"2,58",
ampere,0,resnet50_image,4g,32,sample,22,21.521760940551758,,,MIG-3db685b2-8ae5-5373-81b1-74ea5481f2e1,"2,58",
ampere,0,resnet50_image,4g,32,sample,23,21.545759201049805,,,MIG-3db685b2-8ae5-5373-81b1-74ea5481f2e1,"2,58",
ampere,0,resnet50_image,4g,32,sample,24,21.53049659729004,,,MIG-3db685b2-8ae5-5373-81b1-74ea5481f2e1,"2,58",
ampere,0,resnet50_image,4g,32,sample,25,21.543487548828125,,,MIG-3db685b2-8ae5-5373-81b1-74ea5481f2e1,"2,58",
ampere,0,resnet50_image,4g,32,sample,26,21.529216766357422,,,MIG-3db685b2-8ae5-5373-81b1-74ea5481f2e1,"2,58",
ampere,0,resnet50_image,4g,32,sample,27,21.54092788696289,,,MIG-3db685b2-8ae5-5373-81b1-74ea5481f2e1,"2,58",
ampere,0,resnet50_image,4g,32,sample,28,21.547744750976562,,,MIG-3db685b2-8ae5-5373-81b1-74ea5481f2e1,"2,58",
ampere,0,resnet50_image,4g,32,sample,29,21.535808563232422,,,MIG-3db685b2-8ae5-5373-81b1-74ea5481f2e1,"2,58",
ampere,0,resnet50_image,4g,32,sample,30,21.53273582458496,,,MIG-3db685b2-8ae5-5373-81b1-74ea5481f2e1,"2,58",
ampere,0,resnet50_image,4g,32,sample,31,21.521888732910156,,,MIG-3db685b2-8ae5-5373-81b1-74ea5481f2e1,"2,58",
ampere,0,resnet50_image,4g,32,sample,32,21.541824340820312,,,MIG-3db685b2-8ae5-5373-81b1-74ea5481f2e1,"2,58",
ampere,0,resnet50_image,4g,32,sample,33,21.526111602783203,,,MIG-3db685b2-8ae5-5373-81b1-74ea5481f2e1,"2,58",
ampere,0,resnet50_image,4g,32,sample,34,21.550464630126953,,,MIG-3db685b2-8ae5-5373-81b1-74ea5481f2e1,"2,58",
ampere,0,resnet50_image,4g,32,sample,35,21.523967742919922,,,MIG-3db685b2-8ae5-5373-81b1-74ea5481f2e1,"2,58",
ampere,0,resnet50_image,4g,32,sample,36,21.575551986694336,,,MIG-3db685b2-8ae5-5373-81b1-74ea5481f2e1,"2,58",
ampere,0,resnet50_image,4g,32,sample,37,21.533727645874023,,,MIG-3db685b2-8ae5-5373-81b1-74ea5481f2e1,"2,58",
ampere,0,resnet50_image,4g,32,sample,38,21.525983810424805,,,MIG-3db685b2-8ae5-5373-81b1-74ea5481f2e1,"2,58",
ampere,0,resnet50_image,4g,32,sample,39,21.520383834838867,,,MIG-3db685b2-8ae5-5373-81b1-74ea5481f2e1,"2,58",
ampere,0,resnet50_image,4g,32,sample,40,21.52979278564453,,,MIG-3db685b2-8ae5-5373-81b1-74ea5481f2e1,"2,58",
ampere,0,resnet50_image,4g,32,sample,41,21.53107261657715,,,MIG-3db685b2-8ae5-5373-81b1-74ea5481f2e1,"2,58",
ampere,0,resnet50_image,4g,32,sample,42,21.53660774230957,,,MIG-3db685b2-8ae5-5373-81b1-74ea5481f2e1,"2,58",
ampere,0,resnet50_image,4g,32,sample,43,21.543712615966797,,,MIG-3db685b2-8ae5-5373-81b1-74ea5481f2e1,"2,58",
ampere,0,resnet50_image,4g,32,sample,44,21.52908706665039,,,MIG-3db685b2-8ae5-5373-81b1-74ea5481f2e1,"2,58",
ampere,0,resnet50_image,4g,32,sample,45,21.53424072265625,,,MIG-3db685b2-8ae5-5373-81b1-74ea5481f2e1,"2,58",
ampere,0,resnet50_image,4g,32,sample,46,21.526432037353516,,,MIG-3db685b2-8ae5-5373-81b1-74ea5481f2e1,"2,58",
ampere,0,resnet50_image,4g,32,sample,47,21.535871505737305,,,MIG-3db685b2-8ae5-5373-81b1-74ea5481f2e1,"2,58",
ampere,0,resnet50_image,4g,32,sample,48,21.52332878112793,,,MIG-3db685b2-8ae5-5373-81b1-74ea5481f2e1,"2,58",
ampere,0,resnet50_image,4g,32,sample,49,21.542783737182617,,,MIG-3db685b2-8ae5-5373-81b1-74ea5481f2e1,"2,58",
ampere,0,resnet50_image,4g,64,warmup,0,43.02409744262695,,,MIG-3db685b2-8ae5-5373-81b1-74ea5481f2e1,"2,58",
ampere,0,resnet50_image,4g,64,warmup,1,41.639137268066406,,,MIG-3db685b2-8ae5-5373-81b1-74ea5481f2e1,"2,58",
ampere,0,resnet50_image,4g,64,warmup,2,41.63945770263672,,,MIG-3db685b2-8ae5-5373-81b1-74ea5481f2e1,"2,58",
ampere,0,resnet50_image,4g,64,warmup,3,41.65635299682617,,,MIG-3db685b2-8ae5-5373-81b1-74ea5481f2e1,"2,58",
ampere,0,resnet50_image,4g,64,warmup,4,41.637760162353516,,,MIG-3db685b2-8ae5-5373-81b1-74ea5481f2e1,"2,58",
ampere,0,resnet50_image,4g,64,warmup,5,41.60755157470703,,,MIG-3db685b2-8ae5-5373-81b1-74ea5481f2e1,"2,58",
ampere,0,resnet50_image,4g,64,warmup,6,41.62473678588867,,,MIG-3db685b2-8ae5-5373-81b1-74ea5481f2e1,"2,58",
ampere,0,resnet50_image,4g,64,warmup,7,41.63407897949219,,,MIG-3db685b2-8ae5-5373-81b1-74ea5481f2e1,"2,58",
ampere,0,resnet50_image,4g,64,warmup,8,41.61484909057617,,,MIG-3db685b2-8ae5-5373-81b1-74ea5481f2e1,"2,58",
ampere,0,resnet50_image,4g,64,warmup,9,41.636512756347656,,,MIG-3db685b2-8ae5-5373-81b1-74ea5481f2e1,"2,58",
ampere,0,resnet50_image,4g,64,sample,0,41.62483215332031,,,MIG-3db685b2-8ae5-5373-81b1-74ea5481f2e1,"2,58",
ampere,0,resnet50_image,4g,64,sample,1,41.63292694091797,,,MIG-3db685b2-8ae5-5373-81b1-74ea5481f2e1,"2,58",
ampere,0,resnet50_image,4g,64,sample,2,41.63993453979492,,,MIG-3db685b2-8ae5-5373-81b1-74ea5481f2e1,"2,58",
ampere,0,resnet50_image,4g,64,sample,3,41.64729690551758,,,MIG-3db685b2-8ae5-5373-81b1-74ea5481f2e1,"2,58",
ampere,0,resnet50_image,4g,64,sample,4,41.623870849609375,,,MIG-3db685b2-8ae5-5373-81b1-74ea5481f2e1,"2,58",
ampere,0,resnet50_image,4g,64,sample,5,41.617984771728516,,,MIG-3db685b2-8ae5-5373-81b1-74ea5481f2e1,"2,58",
ampere,0,resnet50_image,4g,64,sample,6,41.61494445800781,,,MIG-3db685b2-8ae5-5373-81b1-74ea5481f2e1,"2,58",
ampere,0,resnet50_image,4g,64,sample,7,41.66611099243164,,,MIG-3db685b2-8ae5-5373-81b1-74ea5481f2e1,"2,58",
ampere,0,resnet50_image,4g,64,sample,8,41.623809814453125,,,MIG-3db685b2-8ae5-5373-81b1-74ea5481f2e1,"2,58",
ampere,0,resnet50_image,4g,64,sample,9,41.63347244262695,,,MIG-3db685b2-8ae5-5373-81b1-74ea5481f2e1,"2,58",
ampere,0,resnet50_image,4g,64,sample,10,41.621150970458984,,,MIG-3db685b2-8ae5-5373-81b1-74ea5481f2e1,"2,58",
ampere,0,resnet50_image,4g,64,sample,11,41.609825134277344,,,MIG-3db685b2-8ae5-5373-81b1-74ea5481f2e1,"2,58",
ampere,0,resnet50_image,4g,64,sample,12,41.618080139160156,,,MIG-3db685b2-8ae5-5373-81b1-74ea5481f2e1,"2,58",
ampere,0,resnet50_image,4g,64,sample,13,41.61286544799805,,,MIG-3db685b2-8ae5-5373-81b1-74ea5481f2e1,"2,58",
ampere,0,resnet50_image,4g,64,sample,14,41.627838134765625,,,MIG-3db685b2-8ae5-5373-81b1-74ea5481f2e1,"2,58",
ampere,0,resnet50_image,4g,64,sample,15,41.62623977661133,,,MIG-3db685b2-8ae5-5373-81b1-74ea5481f2e1,"2,58",
ampere,0,resnet50_image,4g,64,sample,16,41.63481521606445,,,MIG-3db685b2-8ae5-5373-81b1-74ea5481f2e1,"2,58",
ampere,0,resnet50_image,4g,64,sample,17,41.6385612487793,,,MIG-3db685b2-8ae5-5373-81b1-74ea5481f2e1,"2,58",
ampere,0,resnet50_image,4g,64,sample,18,41.643585205078125,,,MIG-3db685b2-8ae5-5373-81b1-74ea5481f2e1,"2,58",
ampere,0,resnet50_image,4g,64,sample,19,41.624542236328125,,,MIG-3db685b2-8ae5-5373-81b1-74ea5481f2e1,"2,58",
ampere,0,resnet50_image,4g,64,sample,20,41.636192321777344,,,MIG-3db685b2-8ae5-5373-81b1-74ea5481f2e1,"2,58",
ampere,0,resnet50_image,4g,64,sample,21,41.63014221191406,,,MIG-3db685b2-8ae5-5373-81b1-74ea5481f2e1,"2,58",
ampere,0,resnet50_image,4g,64,sample,22,41.62278366088867,,,MIG-3db685b2-8ae5-5373-81b1-74ea5481f2e1,"2,58",
ampere,0,resnet50_image,4g,64,sample,23,41.63340759277344,,,MIG-3db685b2-8ae5-5373-81b1-74ea5481f2e1,"2,58",
ampere,0,resnet50_image,4g,64,sample,24,41.6187858581543,,,MIG-3db685b2-8ae5-5373-81b1-74ea5481f2e1,"2,58",
ampere,0,resnet50_image,4g,64,sample,25,41.61475372314453,,,MIG-3db685b2-8ae5-5373-81b1-74ea5481f2e1,"2,58",
ampere,0,resnet50_image,4g,64,sample,26,41.63587188720703,,,MIG-3db685b2-8ae5-5373-81b1-74ea5481f2e1,"2,58",
ampere,0,resnet50_image,4g,64,sample,27,41.63212966918945,,,MIG-3db685b2-8ae5-5373-81b1-74ea5481f2e1,"2,58",
ampere,0,resnet50_image,4g,64,sample,28,41.635807037353516,,,MIG-3db685b2-8ae5-5373-81b1-74ea5481f2e1,"2,58",
ampere,0,resnet50_image,4g,64,sample,29,41.64534378051758,,,MIG-3db685b2-8ae5-5373-81b1-74ea5481f2e1,"2,58",
ampere,0,resnet50_image,4g,64,sample,30,41.63257598876953,,,MIG-3db685b2-8ae5-5373-81b1-74ea5481f2e1,"2,58",
ampere,0,resnet50_image,4g,64,sample,31,41.639583587646484,,,MIG-3db685b2-8ae5-5373-81b1-74ea5481f2e1,"2,58",
ampere,0,resnet50_image,4g,64,sample,32,41.62499237060547,,,MIG-3db685b2-8ae5-5373-81b1-74ea5481f2e1,"2,58",
ampere,0,resnet50_image,4g,64,sample,33,41.62723159790039,,,MIG-3db685b2-8ae5-5373-81b1-74ea5481f2e1,"2,58",
ampere,0,resnet50_image,4g,64,sample,34,41.61897659301758,,,MIG-3db685b2-8ae5-5373-81b1-74ea5481f2e1,"2,58",
ampere,0,resnet50_image,4g,64,sample,35,41.638431549072266,,,MIG-3db685b2-8ae5-5373-81b1-74ea5481f2e1,"2,58",
ampere,0,resnet50_image,4g,64,sample,36,41.62144088745117,,,MIG-3db685b2-8ae5-5373-81b1-74ea5481f2e1,"2,58",
ampere,0,resnet50_image,4g,64,sample,37,41.63654327392578,,,MIG-3db685b2-8ae5-5373-81b1-74ea5481f2e1,"2,58",
ampere,0,resnet50_image,4g,64,sample,38,41.702720642089844,,,MIG-3db685b2-8ae5-5373-81b1-74ea5481f2e1,"2,58",
ampere,0,resnet50_image,4g,64,sample,39,41.63190460205078,,,MIG-3db685b2-8ae5-5373-81b1-74ea5481f2e1,"2,58",
ampere,0,resnet50_image,4g,64,sample,40,41.6143684387207,,,MIG-3db685b2-8ae5-5373-81b1-74ea5481f2e1,"2,58",
ampere,0,resnet50_image,4g,64,sample,41,41.623870849609375,,,MIG-3db685b2-8ae5-5373-81b1-74ea5481f2e1,"2,58",
ampere,0,resnet50_image,4g,64,sample,42,41.61939239501953,,,MIG-3db685b2-8ae5-5373-81b1-74ea5481f2e1,"2,58",
ampere,0,resnet50_image,4g,64,sample,43,41.62822341918945,,,MIG-3db685b2-8ae5-5373-81b1-74ea5481f2e1,"2,58",
ampere,0,resnet50_image,4g,64,sample,44,41.642879486083984,,,MIG-3db685b2-8ae5-5373-81b1-74ea5481f2e1,"2,58",
ampere,0,resnet50_image,4g,64,sample,45,41.62598419189453,,,MIG-3db685b2-8ae5-5373-81b1-74ea5481f2e1,"2,58",
ampere,0,resnet50_image,4g,64,sample,46,41.616798400878906,,,MIG-3db685b2-8ae5-5373-81b1-74ea5481f2e1,"2,58",
ampere,0,resnet50_image,4g,64,sample,47,41.638240814208984,,,MIG-3db685b2-8ae5-5373-81b1-74ea5481f2e1,"2,58",
ampere,0,resnet50_image,4g,64,sample,48,41.62432098388672,,,MIG-3db685b2-8ae5-5373-81b1-74ea5481f2e1,"2,58",
ampere,0,resnet50_image,4g,64,sample,49,41.635616302490234,,,MIG-3db685b2-8ae5-5373-81b1-74ea5481f2e1,"2,58",
ampere,0,vgg16_image,4g,1,warmup,0,4.292416095733643,,,MIG-3db685b2-8ae5-5373-81b1-74ea5481f2e1,"2,58",
ampere,0,vgg16_image,4g,1,warmup,1,2.2082560062408447,,,MIG-3db685b2-8ae5-5373-81b1-74ea5481f2e1,"2,58",
ampere,0,vgg16_image,4g,1,warmup,2,2.165855884552002,,,MIG-3db685b2-8ae5-5373-81b1-74ea5481f2e1,"2,58",
ampere,0,vgg16_image,4g,1,warmup,3,2.147775888442993,,,MIG-3db685b2-8ae5-5373-81b1-74ea5481f2e1,"2,58",
ampere,0,vgg16_image,4g,1,warmup,4,2.1622400283813477,,,MIG-3db685b2-8ae5-5373-81b1-74ea5481f2e1,"2,58",
ampere,0,vgg16_image,4g,1,warmup,5,2.1473278999328613,,,MIG-3db685b2-8ae5-5373-81b1-74ea5481f2e1,"2,58",
ampere,0,vgg16_image,4g,1,warmup,6,2.1601920127868652,,,MIG-3db685b2-8ae5-5373-81b1-74ea5481f2e1,"2,58",
ampere,0,vgg16_image,4g,1,warmup,7,2.1665918827056885,,,MIG-3db685b2-8ae5-5373-81b1-74ea5481f2e1,"2,58",
ampere,0,vgg16_image,4g,1,warmup,8,2.189824104309082,,,MIG-3db685b2-8ae5-5373-81b1-74ea5481f2e1,"2,58",
ampere,0,vgg16_image,4g,1,warmup,9,2.16428804397583,,,MIG-3db685b2-8ae5-5373-81b1-74ea5481f2e1,"2,58",
ampere,0,vgg16_image,4g,1,sample,0,2.158143997192383,,,MIG-3db685b2-8ae5-5373-81b1-74ea5481f2e1,"2,58",
ampere,0,vgg16_image,4g,1,sample,1,2.1474881172180176,,,MIG-3db685b2-8ae5-5373-81b1-74ea5481f2e1,"2,58",
ampere,0,vgg16_image,4g,1,sample,2,2.159712076187134,,,MIG-3db685b2-8ae5-5373-81b1-74ea5481f2e1,"2,58",
ampere,0,vgg16_image,4g,1,sample,3,2.162208080291748,,,MIG-3db685b2-8ae5-5373-81b1-74ea5481f2e1,"2,58",
ampere,0,vgg16_image,4g,1,sample,4,2.1547839641571045,,,MIG-3db685b2-8ae5-5373-81b1-74ea5481f2e1,"2,58",
ampere,0,vgg16_image,4g,1,sample,5,2.1525440216064453,,,MIG-3db685b2-8ae5-5373-81b1-74ea5481f2e1,"2,58",
ampere,0,vgg16_image,4g,1,sample,6,2.4667201042175293,,,MIG-3db685b2-8ae5-5373-81b1-74ea5481f2e1,"2,58",
ampere,0,vgg16_image,4g,1,sample,7,2.148576021194458,,,MIG-3db685b2-8ae5-5373-81b1-74ea5481f2e1,"2,58",
ampere,0,vgg16_image,4g,1,sample,8,2.1631040573120117,,,MIG-3db685b2-8ae5-5373-81b1-74ea5481f2e1,"2,58",
ampere,0,vgg16_image,4g,1,sample,9,2.144416093826294,,,MIG-3db685b2-8ae5-5373-81b1-74ea5481f2e1,"2,58",
ampere,0,vgg16_image,4g,1,sample,10,2.159359931945801,,,MIG-3db685b2-8ae5-5373-81b1-74ea5481f2e1,"2,58",
ampere,0,vgg16_image,4g,1,sample,11,2.1517438888549805,,,MIG-3db685b2-8ae5-5373-81b1-74ea5481f2e1,"2,58",
ampere,0,vgg16_image,4g,1,sample,12,2.1599678993225098,,,MIG-3db685b2-8ae5-5373-81b1-74ea5481f2e1,"2,58",
ampere,0,vgg16_image,4g,1,sample,13,2.151711940765381,,,MIG-3db685b2-8ae5-5373-81b1-74ea5481f2e1,"2,58",
ampere,0,vgg16_image,4g,1,sample,14,2.170464038848877,,,MIG-3db685b2-8ae5-5373-81b1-74ea5481f2e1,"2,58",
ampere,0,vgg16_image,4g,1,sample,15,2.1501760482788086,,,MIG-3db685b2-8ae5-5373-81b1-74ea5481f2e1,"2,58",
ampere,0,vgg16_image,4g,1,sample,16,2.1678080558776855,,,MIG-3db685b2-8ae5-5373-81b1-74ea5481f2e1,"2,58",
ampere,0,vgg16_image,4g,1,sample,17,2.147007942199707,,,MIG-3db685b2-8ae5-5373-81b1-74ea5481f2e1,"2,58",
ampere,0,vgg16_image,4g,1,sample,18,2.1629440784454346,,,MIG-3db685b2-8ae5-5373-81b1-74ea5481f2e1,"2,58",
ampere,0,vgg16_image,4g,1,sample,19,2.1470398902893066,,,MIG-3db685b2-8ae5-5373-81b1-74ea5481f2e1,"2,58",
ampere,0,vgg16_image,4g,1,sample,20,2.4319040775299072,,,MIG-3db685b2-8ae5-5373-81b1-74ea5481f2e1,"2,58",
ampere,0,vgg16_image,4g,1,sample,21,2.1447360515594482,,,MIG-3db685b2-8ae5-5373-81b1-74ea5481f2e1,"2,58",
ampere,0,vgg16_image,4g,1,sample,22,2.30019211769104,,,MIG-3db685b2-8ae5-5373-81b1-74ea5481f2e1,"2,58",
ampere,0,vgg16_image,4g,1,sample,23,2.149183988571167,,,MIG-3db685b2-8ae5-5373-81b1-74ea5481f2e1,"2,58",
ampere,0,vgg16_image,4g,1,sample,24,2.166048049926758,,,MIG-3db685b2-8ae5-5373-81b1-74ea5481f2e1,"2,58",
ampere,0,vgg16_image,4g,1,sample,25,2.1486079692840576,,,MIG-3db685b2-8ae5-5373-81b1-74ea5481f2e1,"2,58",
ampere,0,vgg16_image,4g,1,sample,26,2.156383991241455,,,MIG-3db685b2-8ae5-5373-81b1-74ea5481f2e1,"2,58",
ampere,0,vgg16_image,4g,1,sample,27,2.144416093826294,,,MIG-3db685b2-8ae5-5373-81b1-74ea5481f2e1,"2,58",
ampere,0,vgg16_image,4g,1,sample,28,2.159264087677002,,,MIG-3db685b2-8ae5-5373-81b1-74ea5481f2e1,"2,58",
ampere,0,vgg16_image,4g,1,sample,29,2.1616640090942383,,,MIG-3db685b2-8ae5-5373-81b1-74ea5481f2e1,"2,58",
ampere,0,vgg16_image,4g,1,sample,30,2.1618239879608154,,,MIG-3db685b2-8ae5-5373-81b1-74ea5481f2e1,"2,58",
ampere,0,vgg16_image,4g,1,sample,31,2.1462080478668213,,,MIG-3db685b2-8ae5-5373-81b1-74ea5481f2e1,"2,58",
ampere,0,vgg16_image,4g,1,sample,32,2.176608085632324,,,MIG-3db685b2-8ae5-5373-81b1-74ea5481f2e1,"2,58",
ampere,0,vgg16_image,4g,1,sample,33,2.156224012374878,,,MIG-3db685b2-8ae5-5373-81b1-74ea5481f2e1,"2,58",
ampere,0,vgg16_image,4g,1,sample,34,2.154848098754883,,,MIG-3db685b2-8ae5-5373-81b1-74ea5481f2e1,"2,58",
ampere,0,vgg16_image,4g,1,sample,35,2.1440320014953613,,,MIG-3db685b2-8ae5-5373-81b1-74ea5481f2e1,"2,58",
ampere,0,vgg16_image,4g,1,sample,36,2.1573119163513184,,,MIG-3db685b2-8ae5-5373-81b1-74ea5481f2e1,"2,58",
ampere,0,vgg16_image,4g,1,sample,37,2.148927927017212,,,MIG-3db685b2-8ae5-5373-81b1-74ea5481f2e1,"2,58",
ampere,0,vgg16_image,4g,1,sample,38,2.1601920127868652,,,MIG-3db685b2-8ae5-5373-81b1-74ea5481f2e1,"2,58",
ampere,0,vgg16_image,4g,1,sample,39,2.1456639766693115,,,MIG-3db685b2-8ae5-5373-81b1-74ea5481f2e1,"2,58",
ampere,0,vgg16_image,4g,1,sample,40,2.1570560932159424,,,MIG-3db685b2-8ae5-5373-81b1-74ea5481f2e1,"2,58",
ampere,0,vgg16_image,4g,1,sample,41,2.1449599266052246,,,MIG-3db685b2-8ae5-5373-81b1-74ea5481f2e1,"2,58",
ampere,0,vgg16_image,4g,1,sample,42,2.1631999015808105,,,MIG-3db685b2-8ae5-5373-81b1-74ea5481f2e1,"2,58",
ampere,0,vgg16_image,4g,1,sample,43,2.143807888031006,,,MIG-3db685b2-8ae5-5373-81b1-74ea5481f2e1,"2,58",
ampere,0,vgg16_image,4g,1,sample,44,2.159264087677002,,,MIG-3db685b2-8ae5-5373-81b1-74ea5481f2e1,"2,58",
ampere,0,vgg16_image,4g,1,sample,45,2.1425280570983887,,,MIG-3db685b2-8ae5-5373-81b1-74ea5481f2e1,"2,58",
ampere,0,vgg16_image,4g,1,sample,46,2.159264087677002,,,MIG-3db685b2-8ae5-5373-81b1-74ea5481f2e1,"2,58",
ampere,0,vgg16_image,4g,1,sample,47,2.1455039978027344,,,MIG-3db685b2-8ae5-5373-81b1-74ea5481f2e1,"2,58",
ampere,0,vgg16_image,4g,1,sample,48,2.1549439430236816,,,MIG-3db685b2-8ae5-5373-81b1-74ea5481f2e1,"2,58",
ampere,0,vgg16_image,4g,1,sample,49,2.1482560634613037,,,MIG-3db685b2-8ae5-5373-81b1-74ea5481f2e1,"2,58",
ampere,0,vgg16_image,4g,4,warmup,0,20.611648559570312,,,MIG-3db685b2-8ae5-5373-81b1-74ea5481f2e1,"2,58",
ampere,0,vgg16_image,4g,4,warmup,1,5.150239944458008,,,MIG-3db685b2-8ae5-5373-81b1-74ea5481f2e1,"2,58",
ampere,0,vgg16_image,4g,4,warmup,2,5.15715217590332,,,MIG-3db685b2-8ae5-5373-81b1-74ea5481f2e1,"2,58",
ampere,0,vgg16_image,4g,4,warmup,3,5.158112049102783,,,MIG-3db685b2-8ae5-5373-81b1-74ea5481f2e1,"2,58",
ampere,0,vgg16_image,4g,4,warmup,4,5.162720203399658,,,MIG-3db685b2-8ae5-5373-81b1-74ea5481f2e1,"2,58",
ampere,0,vgg16_image,4g,4,warmup,5,5.151968002319336,,,MIG-3db685b2-8ae5-5373-81b1-74ea5481f2e1,"2,58",
ampere,0,vgg16_image,4g,4,warmup,6,5.148064136505127,,,MIG-3db685b2-8ae5-5373-81b1-74ea5481f2e1,"2,58",
ampere,0,vgg16_image,4g,4,warmup,7,5.157504081726074,,,MIG-3db685b2-8ae5-5373-81b1-74ea5481f2e1,"2,58",
ampere,0,vgg16_image,4g,4,warmup,8,5.161215782165527,,,MIG-3db685b2-8ae5-5373-81b1-74ea5481f2e1,"2,58",
ampere,0,vgg16_image,4g,4,warmup,9,5.140575885772705,,,MIG-3db685b2-8ae5-5373-81b1-74ea5481f2e1,"2,58",
ampere,0,vgg16_image,4g,4,sample,0,5.149375915527344,,,MIG-3db685b2-8ae5-5373-81b1-74ea5481f2e1,"2,58",
ampere,0,vgg16_image,4g,4,sample,1,5.16480016708374,,,MIG-3db685b2-8ae5-5373-81b1-74ea5481f2e1,"2,58",
ampere,0,vgg16_image,4g,4,sample,2,5.158304214477539,,,MIG-3db685b2-8ae5-5373-81b1-74ea5481f2e1,"2,58",
ampere,0,vgg16_image,4g,4,sample,3,5.164544105529785,,,MIG-3db685b2-8ae5-5373-81b1-74ea5481f2e1,"2,58",
ampere,0,vgg16_image,4g,4,sample,4,5.154272079467773,,,MIG-3db685b2-8ae5-5373-81b1-74ea5481f2e1,"2,58",
ampere,0,vgg16_image,4g,4,sample,5,5.296256065368652,,,MIG-3db685b2-8ae5-5373-81b1-74ea5481f2e1,"2,58",
ampere,0,vgg16_image,4g,4,sample,6,5.148608207702637,,,MIG-3db685b2-8ae5-5373-81b1-74ea5481f2e1,"2,58",
ampere,0,vgg16_image,4g,4,sample,7,5.146656036376953,,,MIG-3db685b2-8ae5-5373-81b1-74ea5481f2e1,"2,58",
ampere,0,vgg16_image,4g,4,sample,8,5.135392189025879,,,MIG-3db685b2-8ae5-5373-81b1-74ea5481f2e1,"2,58",
ampere,0,vgg16_image,4g,4,sample,9,5.149888038635254,,,MIG-3db685b2-8ae5-5373-81b1-74ea5481f2e1,"2,58",
ampere,0,vgg16_image,4g,4,sample,10,5.13424015045166,,,MIG-3db685b2-8ae5-5373-81b1-74ea5481f2e1,"2,58",
ampere,0,vgg16_image,4g,4,sample,11,5.159520149230957,,,MIG-3db685b2-8ae5-5373-81b1-74ea5481f2e1,"2,58",
ampere,0,vgg16_image,4g,4,sample,12,5.137472152709961,,,MIG-3db685b2-8ae5-5373-81b1-74ea5481f2e1,"2,58",
ampere,0,vgg16_image,4g,4,sample,13,5.152639865875244,,,MIG-3db685b2-8ae5-5373-81b1-74ea5481f2e1,"2,58",
ampere,0,vgg16_image,4g,4,sample,14,5.144415855407715,,,MIG-3db685b2-8ae5-5373-81b1-74ea5481f2e1,"2,58",
ampere,0,vgg16_image,4g,4,sample,15,5.150144100189209,,,MIG-3db685b2-8ae5-5373-81b1-74ea5481f2e1,"2,58",
ampere,0,vgg16_image,4g,4,sample,16,5.1375041007995605,,,MIG-3db685b2-8ae5-5373-81b1-74ea5481f2e1,"2,58",
ampere,0,vgg16_image,4g,4,sample,17,5.1561598777771,,,MIG-3db685b2-8ae5-5373-81b1-74ea5481f2e1,"2,58",
ampere,0,vgg16_image,4g,4,sample,18,5.151328086853027,,,MIG-3db685b2-8ae5-5373-81b1-74ea5481f2e1,"2,58",
ampere,0,vgg16_image,4g,4,sample,19,5.153279781341553,,,MIG-3db685b2-8ae5-5373-81b1-74ea5481f2e1,"2,58",
ampere,0,vgg16_image,4g,4,sample,20,5.144512176513672,,,MIG-3db685b2-8ae5-5373-81b1-74ea5481f2e1,"2,58",
ampere,0,vgg16_image,4g,4,sample,21,5.151936054229736,,,MIG-3db685b2-8ae5-5373-81b1-74ea5481f2e1,"2,58",
ampere,0,vgg16_image,4g,4,sample,22,5.154399871826172,,,MIG-3db685b2-8ae5-5373-81b1-74ea5481f2e1,"2,58",
ampere,0,vgg16_image,4g,4,sample,23,5.142335891723633,,,MIG-3db685b2-8ae5-5373-81b1-74ea5481f2e1,"2,58",
ampere,0,vgg16_image,4g,4,sample,24,5.15664005279541,,,MIG-3db685b2-8ae5-5373-81b1-74ea5481f2e1,"2,58",
ampere,0,vgg16_image,4g,4,sample,25,5.148416042327881,,,MIG-3db685b2-8ae5-5373-81b1-74ea5481f2e1,"2,58",
ampere,0,vgg16_image,4g,4,sample,26,5.141568183898926,,,MIG-3db685b2-8ae5-5373-81b1-74ea5481f2e1,"2,58",
ampere,0,vgg16_image,4g,4,sample,27,5.154687881469727,,,MIG-3db685b2-8ae5-5373-81b1-74ea5481f2e1,"2,58",
ampere,0,vgg16_image,4g,4,sample,28,5.154911994934082,,,MIG-3db685b2-8ae5-5373-81b1-74ea5481f2e1,"2,58",
ampere,0,vgg16_image,4g,4,sample,29,5.163904190063477,,,MIG-3db685b2-8ae5-5373-81b1-74ea5481f2e1,"2,58",
ampere,0,vgg16_image,4g,4,sample,30,5.155104160308838,,,MIG-3db685b2-8ae5-5373-81b1-74ea5481f2e1,"2,58",
ampere,0,vgg16_image,4g,4,sample,31,5.143167972564697,,,MIG-3db685b2-8ae5-5373-81b1-74ea5481f2e1,"2,58",
ampere,0,vgg16_image,4g,4,sample,32,5.1439361572265625,,,MIG-3db685b2-8ae5-5373-81b1-74ea5481f2e1,"2,58",
ampere,0,vgg16_image,4g,4,sample,33,5.160096168518066,,,MIG-3db685b2-8ae5-5373-81b1-74ea5481f2e1,"2,58",
ampere,0,vgg16_image,4g,4,sample,34,5.145376205444336,,,MIG-3db685b2-8ae5-5373-81b1-74ea5481f2e1,"2,58",
ampere,0,vgg16_image,4g,4,sample,35,5.1602559089660645,,,MIG-3db685b2-8ae5-5373-81b1-74ea5481f2e1,"2,58",
ampere,0,vgg16_image,4g,4,sample,36,5.132575988769531,,,MIG-3db685b2-8ae5-5373-81b1-74ea5481f2e1,"2,58",
ampere,0,vgg16_image,4g,4,sample,37,5.140063762664795,,,MIG-3db685b2-8ae5-5373-81b1-74ea5481f2e1,"2,58",
ampere,0,vgg16_image,4g,4,sample,38,5.14518404006958,,,MIG-3db685b2-8ae5-5373-81b1-74ea5481f2e1,"2,58",
ampere,0,vgg16_image,4g,4,sample,39,5.148384094238281,,,MIG-3db685b2-8ae5-5373-81b1-74ea5481f2e1,"2,58",
ampere,0,vgg16_image,4g,4,sample,40,5.138815879821777,,,MIG-3db685b2-8ae5-5373-81b1-74ea5481f2e1,"2,58",
ampere,0,vgg16_image,4g,4,sample,41,5.153535842895508,,,MIG-3db685b2-8ae5-5373-81b1-74ea5481f2e1,"2,58",
ampere,0,vgg16_image,4g,4,sample,42,5.144415855407715,,,MIG-3db685b2-8ae5-5373-81b1-74ea5481f2e1,"2,58",
ampere,0,vgg16_image,4g,4,sample,43,5.148287773132324,,,MIG-3db685b2-8ae5-5373-81b1-74ea5481f2e1,"2,58",
ampere,0,vgg16_image,4g,4,sample,44,5.13270378112793,,,MIG-3db685b2-8ae5-5373-81b1-74ea5481f2e1,"2,58",
ampere,0,vgg16_image,4g,4,sample,45,5.158688068389893,,,MIG-3db685b2-8ae5-5373-81b1-74ea5481f2e1,"2,58",
ampere,0,vgg16_image,4g,4,sample,46,5.159103870391846,,,MIG-3db685b2-8ae5-5373-81b1-74ea5481f2e1,"2,58",
ampere,0,vgg16_image,4g,4,sample,47,5.151711940765381,,,MIG-3db685b2-8ae5-5373-81b1-74ea5481f2e1,"2,58",
ampere,0,vgg16_image,4g,4,sample,48,5.144480228424072,,,MIG-3db685b2-8ae5-5373-81b1-74ea5481f2e1,"2,58",
ampere,0,vgg16_image,4g,4,sample,49,5.152927875518799,,,MIG-3db685b2-8ae5-5373-81b1-74ea5481f2e1,"2,58",
ampere,0,vgg16_image,4g,16,warmup,0,18.859071731567383,,,MIG-3db685b2-8ae5-5373-81b1-74ea5481f2e1,"2,58",
ampere,0,vgg16_image,4g,16,warmup,1,17.002912521362305,,,MIG-3db685b2-8ae5-5373-81b1-74ea5481f2e1,"2,58",
ampere,0,vgg16_image,4g,16,warmup,2,16.99123191833496,,,MIG-3db685b2-8ae5-5373-81b1-74ea5481f2e1,"2,58",
ampere,0,vgg16_image,4g,16,warmup,3,16.99932861328125,,,MIG-3db685b2-8ae5-5373-81b1-74ea5481f2e1,"2,58",
ampere,0,vgg16_image,4g,16,warmup,4,16.995967864990234,,,MIG-3db685b2-8ae5-5373-81b1-74ea5481f2e1,"2,58",
ampere,0,vgg16_image,4g,16,warmup,5,16.989791870117188,,,MIG-3db685b2-8ae5-5373-81b1-74ea5481f2e1,"2,58",
ampere,0,vgg16_image,4g,16,warmup,6,16.983232498168945,,,MIG-3db685b2-8ae5-5373-81b1-74ea5481f2e1,"2,58",
ampere,0,vgg16_image,4g,16,warmup,7,16.998464584350586,,,MIG-3db685b2-8ae5-5373-81b1-74ea5481f2e1,"2,58",
ampere,0,vgg16_image,4g,16,warmup,8,17.000703811645508,,,MIG-3db685b2-8ae5-5373-81b1-74ea5481f2e1,"2,58",
ampere,0,vgg16_image,4g,16,warmup,9,16.99692726135254,,,MIG-3db685b2-8ae5-5373-81b1-74ea5481f2e1,"2,58",
ampere,0,vgg16_image,4g,16,sample,0,17.00271987915039,,,MIG-3db685b2-8ae5-5373-81b1-74ea5481f2e1,"2,58",
ampere,0,vgg16_image,4g,16,sample,1,16.995519638061523,,,MIG-3db685b2-8ae5-5373-81b1-74ea5481f2e1,"2,58",
ampere,0,vgg16_image,4g,16,sample,2,16.98736000061035,,,MIG-3db685b2-8ae5-5373-81b1-74ea5481f2e1,"2,58",
ampere,0,vgg16_image,4g,16,sample,3,16.990720748901367,,,MIG-3db685b2-8ae5-5373-81b1-74ea5481f2e1,"2,58",
ampere,0,vgg16_image,4g,16,sample,4,16.994047164916992,,,MIG-3db685b2-8ae5-5373-81b1-74ea5481f2e1,"2,58",
ampere,0,vgg16_image,4g,16,sample,5,16.990079879760742,,,MIG-3db685b2-8ae5-5373-81b1-74ea5481f2e1,"2,58",
ampere,0,vgg16_image,4g,16,sample,6,16.99247932434082,,,MIG-3db685b2-8ae5-5373-81b1-74ea5481f2e1,"2,58",
ampere,0,vgg16_image,4g,16,sample,7,16.9902400970459,,,MIG-3db685b2-8ae5-5373-81b1-74ea5481f2e1,"2,58",
ampere,0,vgg16_image,4g,16,sample,8,17.032512664794922,,,MIG-3db685b2-8ae5-5373-81b1-74ea5481f2e1,"2,58",
ampere,0,vgg16_image,4g,16,sample,9,17.080127716064453,,,MIG-3db685b2-8ae5-5373-81b1-74ea5481f2e1,"2,58",
ampere,0,vgg16_image,4g,16,sample,10,17.04310417175293,,,MIG-3db685b2-8ae5-5373-81b1-74ea5481f2e1,"2,58",
ampere,0,vgg16_image,4g,16,sample,11,16.972864151000977,,,MIG-3db685b2-8ae5-5373-81b1-74ea5481f2e1,"2,58",
ampere,0,vgg16_image,4g,16,sample,12,16.991840362548828,,,MIG-3db685b2-8ae5-5373-81b1-74ea5481f2e1,"2,58",
ampere,0,vgg16_image,4g,16,sample,13,17.06287956237793,,,MIG-3db685b2-8ae5-5373-81b1-74ea5481f2e1,"2,58",
ampere,0,vgg16_image,4g,16,sample,14,17.0897274017334,,,MIG-3db685b2-8ae5-5373-81b1-74ea5481f2e1,"2,58",
ampere,0,vgg16_image,4g,16,sample,15,17.084096908569336,,,MIG-3db685b2-8ae5-5373-81b1-74ea5481f2e1,"2,58",
ampere,0,vgg16_image,4g,16,sample,16,17.077472686767578,,,MIG-3db685b2-8ae5-5373-81b1-74ea5481f2e1,"2,58",
ampere,0,vgg16_image,4g,16,sample,17,17.088960647583008,,,MIG-3db685b2-8ae5-5373-81b1-74ea5481f2e1,"2,58",
ampere,0,vgg16_image,4g,16,sample,18,17.135040283203125,,,MIG-3db685b2-8ae5-5373-81b1-74ea5481f2e1,"2,58",
ampere,0,vgg16_image,4g,16,sample,19,17.12985610961914,,,MIG-3db685b2-8ae5-5373-81b1-74ea5481f2e1,"2,58",
ampere,0,vgg16_image,4g,16,sample,20,17.00912094116211,,,MIG-3db685b2-8ae5-5373-81b1-74ea5481f2e1,"2,58",
ampere,0,vgg16_image,4g,16,sample,21,16.989824295043945,,,MIG-3db685b2-8ae5-5373-81b1-74ea5481f2e1,"2,58",
ampere,0,vgg16_image,4g,16,sample,22,17.04265594482422,,,MIG-3db685b2-8ae5-5373-81b1-74ea5481f2e1,"2,58",
ampere,0,vgg16_image,4g,16,sample,23,17.031007766723633,,,MIG-3db685b2-8ae5-5373-81b1-74ea5481f2e1,"2,58",
ampere,0,vgg16_image,4g,16,sample,24,17.037151336669922,,,MIG-3db685b2-8ae5-5373-81b1-74ea5481f2e1,"2,58",
ampere,0,vgg16_image,4g,16,sample,25,17.04128074645996,,,MIG-3db685b2-8ae5-5373-81b1-74ea5481f2e1,"2,58",
ampere,0,vgg16_image,4g,16,sample,26,17.0347843170166,,,MIG-3db685b2-8ae5-5373-81b1-74ea5481f2e1,"2,58",
ampere,0,vgg16_image,4g,16,sample,27,17.093151092529297,,,MIG-3db685b2-8ae5-5373-81b1-74ea5481f2e1,"2,58",
ampere,0,vgg16_image,4g,16,sample,28,17.091167449951172,,,MIG-3db685b2-8ae5-5373-81b1-74ea5481f2e1,"2,58",
ampere,0,vgg16_image,4g,16,sample,29,17.08742332458496,,,MIG-3db685b2-8ae5-5373-81b1-74ea5481f2e1,"2,58",
ampere,0,vgg16_image,4g,16,sample,30,17.07846450805664,,,MIG-3db685b2-8ae5-5373-81b1-74ea5481f2e1,"2,58",
ampere,0,vgg16_image,4g,16,sample,31,17.068767547607422,,,MIG-3db685b2-8ae5-5373-81b1-74ea5481f2e1,"2,58",
ampere,0,vgg16_image,4g,16,sample,32,16.991167068481445,,,MIG-3db685b2-8ae5-5373-81b1-74ea5481f2e1,"2,58",
ampere,0,vgg16_image,4g,16,sample,33,17.1092472076416,,,MIG-3db685b2-8ae5-5373-81b1-74ea5481f2e1,"2,58",
ampere,0,vgg16_image,4g,16,sample,34,17.125215530395508,,,MIG-3db685b2-8ae5-5373-81b1-74ea5481f2e1,"2,58",
ampere,0,vgg16_image,4g,16,sample,35,17.135360717773438,,,MIG-3db685b2-8ae5-5373-81b1-74ea5481f2e1,"2,58",
ampere,0,vgg16_image,4g,16,sample,36,17.134143829345703,,,MIG-3db685b2-8ae5-5373-81b1-74ea5481f2e1,"2,58",
ampere,0,vgg16_image,4g,16,sample,37,17.104415893554688,,,MIG-3db685b2-8ae5-5373-81b1-74ea5481f2e1,"2,58",
ampere,0,vgg16_image,4g,16,sample,38,17.039392471313477,,,MIG-3db685b2-8ae5-5373-81b1-74ea5481f2e1,"2,58",
ampere,0,vgg16_image,4g,16,sample,39,17.006752014160156,,,MIG-3db685b2-8ae5-5373-81b1-74ea5481f2e1,"2,58",
ampere,0,vgg16_image,4g,16,sample,40,16.985759735107422,,,MIG-3db685b2-8ae5-5373-81b1-74ea5481f2e1,"2,58",
ampere,0,vgg16_image,4g,16,sample,41,17.00204849243164,,,MIG-3db685b2-8ae5-5373-81b1-74ea5481f2e1,"2,58",
ampere,0,vgg16_image,4g,16,sample,42,16.99452781677246,,,MIG-3db685b2-8ae5-5373-81b1-74ea5481f2e1,"2,58",
ampere,0,vgg16_image,4g,16,sample,43,16.991743087768555,,,MIG-3db685b2-8ae5-5373-81b1-74ea5481f2e1,"2,58",
ampere,0,vgg16_image,4g,16,sample,44,16.986976623535156,,,MIG-3db685b2-8ae5-5373-81b1-74ea5481f2e1,"2,58",
ampere,0,vgg16_image,4g,16,sample,45,17.005727767944336,,,MIG-3db685b2-8ae5-5373-81b1-74ea5481f2e1,"2,58",
ampere,0,vgg16_image,4g,16,sample,46,16.98703956604004,,,MIG-3db685b2-8ae5-5373-81b1-74ea5481f2e1,"2,58",
ampere,0,vgg16_image,4g,16,sample,47,17.081695556640625,,,MIG-3db685b2-8ae5-5373-81b1-74ea5481f2e1,"2,58",
ampere,0,vgg16_image,4g,16,sample,48,17.16716766357422,,,MIG-3db685b2-8ae5-5373-81b1-74ea5481f2e1,"2,58",
ampere,0,vgg16_image,4g,16,sample,49,17.080352783203125,,,MIG-3db685b2-8ae5-5373-81b1-74ea5481f2e1,"2,58",
ampere,0,vgg16_image,4g,32,warmup,0,34.604766845703125,,,MIG-3db685b2-8ae5-5373-81b1-74ea5481f2e1,"2,58",
ampere,0,vgg16_image,4g,32,warmup,1,32.6473274230957,,,MIG-3db685b2-8ae5-5373-81b1-74ea5481f2e1,"2,58",
ampere,0,vgg16_image,4g,32,warmup,2,32.679710388183594,,,MIG-3db685b2-8ae5-5373-81b1-74ea5481f2e1,"2,58",
ampere,0,vgg16_image,4g,32,warmup,3,32.726688385009766,,,MIG-3db685b2-8ae5-5373-81b1-74ea5481f2e1,"2,58",
ampere,0,vgg16_image,4g,32,warmup,4,32.805599212646484,,,MIG-3db685b2-8ae5-5373-81b1-74ea5481f2e1,"2,58",
ampere,0,vgg16_image,4g,32,warmup,5,32.712318420410156,,,MIG-3db685b2-8ae5-5373-81b1-74ea5481f2e1,"2,58",
ampere,0,vgg16_image,4g,32,warmup,6,32.74204635620117,,,MIG-3db685b2-8ae5-5373-81b1-74ea5481f2e1,"2,58",
ampere,0,vgg16_image,4g,32,warmup,7,32.72361755371094,,,MIG-3db685b2-8ae5-5373-81b1-74ea5481f2e1,"2,58",
ampere,0,vgg16_image,4g,32,warmup,8,32.73507308959961,,,MIG-3db685b2-8ae5-5373-81b1-74ea5481f2e1,"2,58",
ampere,0,vgg16_image,4g,32,warmup,9,32.796607971191406,,,MIG-3db685b2-8ae5-5373-81b1-74ea5481f2e1,"2,58",
ampere,0,vgg16_image,4g,32,sample,0,32.729217529296875,,,MIG-3db685b2-8ae5-5373-81b1-74ea5481f2e1,"2,58",
ampere,0,vgg16_image,4g,32,sample,1,32.71811294555664,,,MIG-3db685b2-8ae5-5373-81b1-74ea5481f2e1,"2,58",
ampere,0,vgg16_image,4g,32,sample,2,32.81203079223633,,,MIG-3db685b2-8ae5-5373-81b1-74ea5481f2e1,"2,58",
ampere,0,vgg16_image,4g,32,sample,3,32.92153549194336,,,MIG-3db685b2-8ae5-5373-81b1-74ea5481f2e1,"2,58",
ampere,0,vgg16_image,4g,32,sample,4,32.801822662353516,,,MIG-3db685b2-8ae5-5373-81b1-74ea5481f2e1,"2,58",
ampere,0,vgg16_image,4g,32,sample,5,32.7344970703125,,,MIG-3db685b2-8ae5-5373-81b1-74ea5481f2e1,"2,58",
ampere,0,vgg16_image,4g,32,sample,6,32.7347526550293,,,MIG-3db685b2-8ae5-5373-81b1-74ea5481f2e1,"2,58",
ampere,0,vgg16_image,4g,32,sample,7,32.72582244873047,,,MIG-3db685b2-8ae5-5373-81b1-74ea5481f2e1,"2,58",
ampere,0,vgg16_image,4g,32,sample,8,32.72079849243164,,,MIG-3db685b2-8ae5-5373-81b1-74ea5481f2e1,"2,58",
ampere,0,vgg16_image,4g,32,sample,9,32.725120544433594,,,MIG-3db685b2-8ae5-5373-81b1-74ea5481f2e1,"2,58",
ampere,0,vgg16_image,4g,32,sample,10,32.73388671875,,,MIG-3db685b2-8ae5-5373-81b1-74ea5481f2e1,"2,58",
ampere,0,vgg16_image,4g,32,sample,11,32.79248046875,,,MIG-3db685b2-8ae5-5373-81b1-74ea5481f2e1,"2,58",
ampere,0,vgg16_image,4g,32,sample,12,32.71424102783203,,,MIG-3db685b2-8ae5-5373-81b1-74ea5481f2e1,"2,58",
ampere,0,vgg16_image,4g,32,sample,13,32.7308464050293,,,MIG-3db685b2-8ae5-5373-81b1-74ea5481f2e1,"2,58",
ampere,0,vgg16_image,4g,32,sample,14,32.89411163330078,,,MIG-3db685b2-8ae5-5373-81b1-74ea5481f2e1,"2,58",
ampere,0,vgg16_image,4g,32,sample,15,32.80739212036133,,,MIG-3db685b2-8ae5-5373-81b1-74ea5481f2e1,"2,58",
ampere,0,vgg16_image,4g,32,sample,16,32.8172492980957,,,MIG-3db685b2-8ae5-5373-81b1-74ea5481f2e1,"2,58",
ampere,0,vgg16_image,4g,32,sample,17,32.73606491088867,,,MIG-3db685b2-8ae5-5373-81b1-74ea5481f2e1,"2,58",
ampere,0,vgg16_image,4g,32,sample,18,32.71945571899414,,,MIG-3db685b2-8ae5-5373-81b1-74ea5481f2e1,"2,58",
ampere,0,vgg16_image,4g,32,sample,19,32.77116775512695,,,MIG-3db685b2-8ae5-5373-81b1-74ea5481f2e1,"2,58",
ampere,0,vgg16_image,4g,32,sample,20,32.7410888671875,,,MIG-3db685b2-8ae5-5373-81b1-74ea5481f2e1,"2,58",
ampere,0,vgg16_image,4g,32,sample,21,32.745697021484375,,,MIG-3db685b2-8ae5-5373-81b1-74ea5481f2e1,"2,58",
ampere,0,vgg16_image,4g,32,sample,22,32.781471252441406,,,MIG-3db685b2-8ae5-5373-81b1-74ea5481f2e1,"2,58",
ampere,0,vgg16_image,4g,32,sample,23,32.78611373901367,,,MIG-3db685b2-8ae5-5373-81b1-74ea5481f2e1,"2,58",
ampere,0,vgg16_image,4g,32,sample,24,32.799198150634766,,,MIG-3db685b2-8ae5-5373-81b1-74ea5481f2e1,"2,58",
ampere,0,vgg16_image,4g,32,sample,25,32.922401428222656,,,MIG-3db685b2-8ae5-5373-81b1-74ea5481f2e1,"2,58",
ampere,0,vgg16_image,4g,32,sample,26,32.7663688659668,,,MIG-3db685b2-8ae5-5373-81b1-74ea5481f2e1,"2,58",
ampere,0,vgg16_image,4g,32,sample,27,32.70595169067383,,,MIG-3db685b2-8ae5-5373-81b1-74ea5481f2e1,"2,58",
ampere,0,vgg16_image,4g,32,sample,28,32.71651077270508,,,MIG-3db685b2-8ae5-5373-81b1-74ea5481f2e1,"2,58",
ampere,0,vgg16_image,4g,32,sample,29,32.715553283691406,,,MIG-3db685b2-8ae5-5373-81b1-74ea5481f2e1,"2,58",
ampere,0,vgg16_image,4g,32,sample,30,32.805599212646484,,,MIG-3db685b2-8ae5-5373-81b1-74ea5481f2e1,"2,58",
ampere,0,vgg16_image,4g,32,sample,31,32.72771072387695,,,MIG-3db685b2-8ae5-5373-81b1-74ea5481f2e1,"2,58",
ampere,0,vgg16_image,4g,32,sample,32,32.77113723754883,,,MIG-3db685b2-8ae5-5373-81b1-74ea5481f2e1,"2,58",
ampere,0,vgg16_image,4g,32,sample,33,32.8919677734375,,,MIG-3db685b2-8ae5-5373-81b1-74ea5481f2e1,"2,58",
ampere,0,vgg16_image,4g,32,sample,34,32.79888153076172,,,MIG-3db685b2-8ae5-5373-81b1-74ea5481f2e1,"2,58",
ampere,0,vgg16_image,4g,32,sample,35,32.75801467895508,,,MIG-3db685b2-8ae5-5373-81b1-74ea5481f2e1,"2,58",
ampere,0,vgg16_image,4g,32,sample,36,32.795169830322266,,,MIG-3db685b2-8ae5-5373-81b1-74ea5481f2e1,"2,58",
ampere,0,vgg16_image,4g,32,sample,37,32.73100662231445,,,MIG-3db685b2-8ae5-5373-81b1-74ea5481f2e1,"2,58",
ampere,0,vgg16_image,4g,32,sample,38,32.72422409057617,,,MIG-3db685b2-8ae5-5373-81b1-74ea5481f2e1,"2,58",
ampere,0,vgg16_image,4g,32,sample,39,32.714111328125,,,MIG-3db685b2-8ae5-5373-81b1-74ea5481f2e1,"2,58",
ampere,0,vgg16_image,4g,32,sample,40,32.72102355957031,,,MIG-3db685b2-8ae5-5373-81b1-74ea5481f2e1,"2,58",
ampere,0,vgg16_image,4g,32,sample,41,32.81327819824219,,,MIG-3db685b2-8ae5-5373-81b1-74ea5481f2e1,"2,58",
ampere,0,vgg16_image,4g,32,sample,42,32.82316970825195,,,MIG-3db685b2-8ae5-5373-81b1-74ea5481f2e1,"2,58",
ampere,0,vgg16_image,4g,32,sample,43,32.80316925048828,,,MIG-3db685b2-8ae5-5373-81b1-74ea5481f2e1,"2,58",
ampere,0,vgg16_image,4g,32,sample,44,32.896480560302734,,,MIG-3db685b2-8ae5-5373-81b1-74ea5481f2e1,"2,58",
ampere,0,vgg16_image,4g,32,sample,45,32.72089767456055,,,MIG-3db685b2-8ae5-5373-81b1-74ea5481f2e1,"2,58",
ampere,0,vgg16_image,4g,32,sample,46,32.723392486572266,,,MIG-3db685b2-8ae5-5373-81b1-74ea5481f2e1,"2,58",
ampere,0,vgg16_image,4g,32,sample,47,32.825313568115234,,,MIG-3db685b2-8ae5-5373-81b1-74ea5481f2e1,"2,58",
ampere,0,vgg16_image,4g,32,sample,48,32.81462478637695,,,MIG-3db685b2-8ae5-5373-81b1-74ea5481f2e1,"2,58",
ampere,0,vgg16_image,4g,32,sample,49,32.80966567993164,,,MIG-3db685b2-8ae5-5373-81b1-74ea5481f2e1,"2,58",
ampere,0,vgg16_image,4g,64,warmup,0,66.28720092773438,,,MIG-3db685b2-8ae5-5373-81b1-74ea5481f2e1,"2,58",
ampere,0,vgg16_image,4g,64,warmup,1,64.75238037109375,,,MIG-3db685b2-8ae5-5373-81b1-74ea5481f2e1,"2,58",
ampere,0,vgg16_image,4g,64,warmup,2,64.999267578125,,,MIG-3db685b2-8ae5-5373-81b1-74ea5481f2e1,"2,58",
ampere,0,vgg16_image,4g,64,warmup,3,64.88224029541016,,,MIG-3db685b2-8ae5-5373-81b1-74ea5481f2e1,"2,58",
ampere,0,vgg16_image,4g,64,warmup,4,64.76982116699219,,,MIG-3db685b2-8ae5-5373-81b1-74ea5481f2e1,"2,58",
ampere,0,vgg16_image,4g,64,warmup,5,64.71202850341797,,,MIG-3db685b2-8ae5-5373-81b1-74ea5481f2e1,"2,58",
ampere,0,vgg16_image,4g,64,warmup,6,65.01609802246094,,,MIG-3db685b2-8ae5-5373-81b1-74ea5481f2e1,"2,58",
ampere,0,vgg16_image,4g,64,warmup,7,65.17385864257812,,,MIG-3db685b2-8ae5-5373-81b1-74ea5481f2e1,"2,58",
ampere,0,vgg16_image,4g,64,warmup,8,64.79682922363281,,,MIG-3db685b2-8ae5-5373-81b1-74ea5481f2e1,"2,58",
ampere,0,vgg16_image,4g,64,warmup,9,64.720703125,,,MIG-3db685b2-8ae5-5373-81b1-74ea5481f2e1,"2,58",
ampere,0,vgg16_image,4g,64,sample,0,64.75212860107422,,,MIG-3db685b2-8ae5-5373-81b1-74ea5481f2e1,"2,58",
ampere,0,vgg16_image,4g,64,sample,1,64.76112365722656,,,MIG-3db685b2-8ae5-5373-81b1-74ea5481f2e1,"2,58",
ampere,0,vgg16_image,4g,64,sample,2,64.70889282226562,,,MIG-3db685b2-8ae5-5373-81b1-74ea5481f2e1,"2,58",
ampere,0,vgg16_image,4g,64,sample,3,64.7149429321289,,,MIG-3db685b2-8ae5-5373-81b1-74ea5481f2e1,"2,58",
ampere,0,vgg16_image,4g,64,sample,4,65.12918090820312,,,MIG-3db685b2-8ae5-5373-81b1-74ea5481f2e1,"2,58",
ampere,0,vgg16_image,4g,64,sample,5,65.11666870117188,,,MIG-3db685b2-8ae5-5373-81b1-74ea5481f2e1,"2,58",
ampere,0,vgg16_image,4g,64,sample,6,64.79373168945312,,,MIG-3db685b2-8ae5-5373-81b1-74ea5481f2e1,"2,58",
ampere,0,vgg16_image,4g,64,sample,7,64.68982696533203,,,MIG-3db685b2-8ae5-5373-81b1-74ea5481f2e1,"2,58",
ampere,0,vgg16_image,4g,64,sample,8,64.76358032226562,,,MIG-3db685b2-8ae5-5373-81b1-74ea5481f2e1,"2,58",
ampere,0,vgg16_image,4g,64,sample,9,65.13740539550781,,,MIG-3db685b2-8ae5-5373-81b1-74ea5481f2e1,"2,58",
ampere,0,vgg16_image,4g,64,sample,10,64.97344207763672,,,MIG-3db685b2-8ae5-5373-81b1-74ea5481f2e1,"2,58",
ampere,0,vgg16_image,4g,64,sample,11,64.77011108398438,,,MIG-3db685b2-8ae5-5373-81b1-74ea5481f2e1,"2,58",
ampere,0,vgg16_image,4g,64,sample,12,64.62694549560547,,,MIG-3db685b2-8ae5-5373-81b1-74ea5481f2e1,"2,58",
ampere,0,vgg16_image,4g,64,sample,13,65.04086303710938,,,MIG-3db685b2-8ae5-5373-81b1-74ea5481f2e1,"2,58",
ampere,0,vgg16_image,4g,64,sample,14,65.0093765258789,,,MIG-3db685b2-8ae5-5373-81b1-74ea5481f2e1,"2,58",
ampere,0,vgg16_image,4g,64,sample,15,64.95097351074219,,,MIG-3db685b2-8ae5-5373-81b1-74ea5481f2e1,"2,58",
ampere,0,vgg16_image,4g,64,sample,16,64.91072082519531,,,MIG-3db685b2-8ae5-5373-81b1-74ea5481f2e1,"2,58",
ampere,0,vgg16_image,4g,64,sample,17,64.9071044921875,,,MIG-3db685b2-8ae5-5373-81b1-74ea5481f2e1,"2,58",
ampere,0,vgg16_image,4g,64,sample,18,64.8803482055664,,,MIG-3db685b2-8ae5-5373-81b1-74ea5481f2e1,"2,58",
ampere,0,vgg16_image,4g,64,sample,19,64.7852783203125,,,MIG-3db685b2-8ae5-5373-81b1-74ea5481f2e1,"2,58",
ampere,0,vgg16_image,4g,64,sample,20,64.75033569335938,,,MIG-3db685b2-8ae5-5373-81b1-74ea5481f2e1,"2,58",
ampere,0,vgg16_image,4g,64,sample,21,64.97078704833984,,,MIG-3db685b2-8ae5-5373-81b1-74ea5481f2e1,"2,58",
ampere,0,vgg16_image,4g,64,sample,22,64.85250854492188,,,MIG-3db685b2-8ae5-5373-81b1-74ea5481f2e1,"2,58",
ampere,0,vgg16_image,4g,64,sample,23,64.94579315185547,,,MIG-3db685b2-8ae5-5373-81b1-74ea5481f2e1,"2,58",
ampere,0,vgg16_image,4g,64,sample,24,64.92371368408203,,,MIG-3db685b2-8ae5-5373-81b1-74ea5481f2e1,"2,58",
ampere,0,vgg16_image,4g,64,sample,25,64.7359390258789,,,MIG-3db685b2-8ae5-5373-81b1-74ea5481f2e1,"2,58",
ampere,0,vgg16_image,4g,64,sample,26,64.67523193359375,,,MIG-3db685b2-8ae5-5373-81b1-74ea5481f2e1,"2,58",
ampere,0,vgg16_image,4g,64,sample,27,65.20047760009766,,,MIG-3db685b2-8ae5-5373-81b1-74ea5481f2e1,"2,58",
ampere,0,vgg16_image,4g,64,sample,28,65.25743865966797,,,MIG-3db685b2-8ae5-5373-81b1-74ea5481f2e1,"2,58",
ampere,0,vgg16_image,4g,64,sample,29,64.78736114501953,,,MIG-3db685b2-8ae5-5373-81b1-74ea5481f2e1,"2,58",
ampere,0,vgg16_image,4g,64,sample,30,64.74435424804688,,,MIG-3db685b2-8ae5-5373-81b1-74ea5481f2e1,"2,58",
ampere,0,vgg16_image,4g,64,sample,31,64.9769287109375,,,MIG-3db685b2-8ae5-5373-81b1-74ea5481f2e1,"2,58",
ampere,0,vgg16_image,4g,64,sample,32,65.07759857177734,,,MIG-3db685b2-8ae5-5373-81b1-74ea5481f2e1,"2,58",
ampere,0,vgg16_image,4g,64,sample,33,64.87117004394531,,,MIG-3db685b2-8ae5-5373-81b1-74ea5481f2e1,"2,58",
ampere,0,vgg16_image,4g,64,sample,34,64.75494384765625,,,MIG-3db685b2-8ae5-5373-81b1-74ea5481f2e1,"2,58",
ampere,0,vgg16_image,4g,64,sample,35,64.8617935180664,,,MIG-3db685b2-8ae5-5373-81b1-74ea5481f2e1,"2,58",
ampere,0,vgg16_image,4g,64,sample,36,65.01609802246094,,,MIG-3db685b2-8ae5-5373-81b1-74ea5481f2e1,"2,58",
ampere,0,vgg16_image,4g,64,sample,37,64.87757110595703,,,MIG-3db685b2-8ae5-5373-81b1-74ea5481f2e1,"2,58",
ampere,0,vgg16_image,4g,64,sample,38,64.7747802734375,,,MIG-3db685b2-8ae5-5373-81b1-74ea5481f2e1,"2,58",
ampere,0,vgg16_image,4g,64,sample,39,64.70492553710938,,,MIG-3db685b2-8ae5-5373-81b1-74ea5481f2e1,"2,58",
ampere,0,vgg16_image,4g,64,sample,40,64.73379516601562,,,MIG-3db685b2-8ae5-5373-81b1-74ea5481f2e1,"2,58",
ampere,0,vgg16_image,4g,64,sample,41,64.8650894165039,,,MIG-3db685b2-8ae5-5373-81b1-74ea5481f2e1,"2,58",
ampere,0,vgg16_image,4g,64,sample,42,64.75590515136719,,,MIG-3db685b2-8ae5-5373-81b1-74ea5481f2e1,"2,58",
ampere,0,vgg16_image,4g,64,sample,43,64.78550720214844,,,MIG-3db685b2-8ae5-5373-81b1-74ea5481f2e1,"2,58",
ampere,0,vgg16_image,4g,64,sample,44,64.69891357421875,,,MIG-3db685b2-8ae5-5373-81b1-74ea5481f2e1,"2,58",
ampere,0,vgg16_image,4g,64,sample,45,64.8795166015625,,,MIG-3db685b2-8ae5-5373-81b1-74ea5481f2e1,"2,58",
ampere,0,vgg16_image,4g,64,sample,46,64.87516784667969,,,MIG-3db685b2-8ae5-5373-81b1-74ea5481f2e1,"2,58",
ampere,0,vgg16_image,4g,64,sample,47,64.91436767578125,,,MIG-3db685b2-8ae5-5373-81b1-74ea5481f2e1,"2,58",
ampere,0,vgg16_image,4g,64,sample,48,65.03890991210938,,,MIG-3db685b2-8ae5-5373-81b1-74ea5481f2e1,"2,58",
ampere,0,vgg16_image,4g,64,sample,49,64.73270416259766,,,MIG-3db685b2-8ae5-5373-81b1-74ea5481f2e1,"2,58",
ampere,0,vit_base_image,4g,1,warmup,0,11.593024253845215,,,MIG-3db685b2-8ae5-5373-81b1-74ea5481f2e1,"2,58",
ampere,0,vit_base_image,4g,1,warmup,1,6.2942399978637695,,,MIG-3db685b2-8ae5-5373-81b1-74ea5481f2e1,"2,58",
ampere,0,vit_base_image,4g,1,warmup,2,6.214303970336914,,,MIG-3db685b2-8ae5-5373-81b1-74ea5481f2e1,"2,58",
ampere,0,vit_base_image,4g,1,warmup,3,6.2302398681640625,,,MIG-3db685b2-8ae5-5373-81b1-74ea5481f2e1,"2,58",
ampere,0,vit_base_image,4g,1,warmup,4,6.198495864868164,,,MIG-3db685b2-8ae5-5373-81b1-74ea5481f2e1,"2,58",
ampere,0,vit_base_image,4g,1,warmup,5,6.180736064910889,,,MIG-3db685b2-8ae5-5373-81b1-74ea5481f2e1,"2,58",
ampere,0,vit_base_image,4g,1,warmup,6,6.193151950836182,,,MIG-3db685b2-8ae5-5373-81b1-74ea5481f2e1,"2,58",
ampere,0,vit_base_image,4g,1,warmup,7,6.190176010131836,,,MIG-3db685b2-8ae5-5373-81b1-74ea5481f2e1,"2,58",
ampere,0,vit_base_image,4g,1,warmup,8,6.384640216827393,,,MIG-3db685b2-8ae5-5373-81b1-74ea5481f2e1,"2,58",
ampere,0,vit_base_image,4g,1,warmup,9,6.191232204437256,,,MIG-3db685b2-8ae5-5373-81b1-74ea5481f2e1,"2,58",
ampere,0,vit_base_image,4g,1,sample,0,6.216447830200195,,,MIG-3db685b2-8ae5-5373-81b1-74ea5481f2e1,"2,58",
ampere,0,vit_base_image,4g,1,sample,1,6.25113582611084,,,MIG-3db685b2-8ae5-5373-81b1-74ea5481f2e1,"2,58",
ampere,0,vit_base_image,4g,1,sample,2,6.182528018951416,,,MIG-3db685b2-8ae5-5373-81b1-74ea5481f2e1,"2,58",
ampere,0,vit_base_image,4g,1,sample,3,6.178815841674805,,,MIG-3db685b2-8ae5-5373-81b1-74ea5481f2e1,"2,58",
ampere,0,vit_base_image,4g,1,sample,4,6.173279762268066,,,MIG-3db685b2-8ae5-5373-81b1-74ea5481f2e1,"2,58",
ampere,0,vit_base_image,4g,1,sample,5,6.172639846801758,,,MIG-3db685b2-8ae5-5373-81b1-74ea5481f2e1,"2,58",
ampere,0,vit_base_image,4g,1,sample,6,6.189151763916016,,,MIG-3db685b2-8ae5-5373-81b1-74ea5481f2e1,"2,58",
ampere,0,vit_base_image,4g,1,sample,7,6.177824020385742,,,MIG-3db685b2-8ae5-5373-81b1-74ea5481f2e1,"2,58",
ampere,0,vit_base_image,4g,1,sample,8,6.186944007873535,,,MIG-3db685b2-8ae5-5373-81b1-74ea5481f2e1,"2,58",
ampere,0,vit_base_image,4g,1,sample,9,6.1802239418029785,,,MIG-3db685b2-8ae5-5373-81b1-74ea5481f2e1,"2,58",
ampere,0,vit_base_image,4g,1,sample,10,6.176864147186279,,,MIG-3db685b2-8ae5-5373-81b1-74ea5481f2e1,"2,58",
ampere,0,vit_base_image,4g,1,sample,11,6.27020788192749,,,MIG-3db685b2-8ae5-5373-81b1-74ea5481f2e1,"2,58",
ampere,0,vit_base_image,4g,1,sample,12,6.17955207824707,,,MIG-3db685b2-8ae5-5373-81b1-74ea5481f2e1,"2,58",
ampere,0,vit_base_image,4g,1,sample,13,6.222047805786133,,,MIG-3db685b2-8ae5-5373-81b1-74ea5481f2e1,"2,58",
ampere,0,vit_base_image,4g,1,sample,14,6.173503875732422,,,MIG-3db685b2-8ae5-5373-81b1-74ea5481f2e1,"2,58",
ampere,0,vit_base_image,4g,1,sample,15,6.43779182434082,,,MIG-3db685b2-8ae5-5373-81b1-74ea5481f2e1,"2,58",
ampere,0,vit_base_image,4g,1,sample,16,6.215007781982422,,,MIG-3db685b2-8ae5-5373-81b1-74ea5481f2e1,"2,58",
ampere,0,vit_base_image,4g,1,sample,17,6.21014404296875,,,MIG-3db685b2-8ae5-5373-81b1-74ea5481f2e1,"2,58",
ampere,0,vit_base_image,4g,1,sample,18,6.214879989624023,,,MIG-3db685b2-8ae5-5373-81b1-74ea5481f2e1,"2,58",
ampere,0,vit_base_image,4g,1,sample,19,6.202303886413574,,,MIG-3db685b2-8ae5-5373-81b1-74ea5481f2e1,"2,58",
ampere,0,vit_base_image,4g,1,sample,20,6.206143856048584,,,MIG-3db685b2-8ae5-5373-81b1-74ea5481f2e1,"2,58",
ampere,0,vit_base_image,4g,1,sample,21,6.180992126464844,,,MIG-3db685b2-8ae5-5373-81b1-74ea5481f2e1,"2,58",
ampere,0,vit_base_image,4g,1,sample,22,6.219423770904541,,,MIG-3db685b2-8ae5-5373-81b1-74ea5481f2e1,"2,58",
ampere,0,vit_base_image,4g,1,sample,23,6.205376148223877,,,MIG-3db685b2-8ae5-5373-81b1-74ea5481f2e1,"2,58",
ampere,0,vit_base_image,4g,1,sample,24,6.175327777862549,,,MIG-3db685b2-8ae5-5373-81b1-74ea5481f2e1,"2,58",
ampere,0,vit_base_image,4g,1,sample,25,6.218783855438232,,,MIG-3db685b2-8ae5-5373-81b1-74ea5481f2e1,"2,58",
ampere,0,vit_base_image,4g,1,sample,26,6.1827521324157715,,,MIG-3db685b2-8ae5-5373-81b1-74ea5481f2e1,"2,58",
ampere,0,vit_base_image,4g,1,sample,27,6.221407890319824,,,MIG-3db685b2-8ae5-5373-81b1-74ea5481f2e1,"2,58",
ampere,0,vit_base_image,4g,1,sample,28,6.188064098358154,,,MIG-3db685b2-8ae5-5373-81b1-74ea5481f2e1,"2,58",
ampere,0,vit_base_image,4g,1,sample,29,6.212575912475586,,,MIG-3db685b2-8ae5-5373-81b1-74ea5481f2e1,"2,58",
ampere,0,vit_base_image,4g,1,sample,30,6.225215911865234,,,MIG-3db685b2-8ae5-5373-81b1-74ea5481f2e1,"2,58",
ampere,0,vit_base_image,4g,1,sample,31,6.1750078201293945,,,MIG-3db685b2-8ae5-5373-81b1-74ea5481f2e1,"2,58",
ampere,0,vit_base_image,4g,1,sample,32,6.204736232757568,,,MIG-3db685b2-8ae5-5373-81b1-74ea5481f2e1,"2,58",
ampere,0,vit_base_image,4g,1,sample,33,6.226016044616699,,,MIG-3db685b2-8ae5-5373-81b1-74ea5481f2e1,"2,58",
ampere,0,vit_base_image,4g,1,sample,34,6.206560134887695,,,MIG-3db685b2-8ae5-5373-81b1-74ea5481f2e1,"2,58",
ampere,0,vit_base_image,4g,1,sample,35,6.181471824645996,,,MIG-3db685b2-8ae5-5373-81b1-74ea5481f2e1,"2,58",
ampere,0,vit_base_image,4g,1,sample,36,6.176799774169922,,,MIG-3db685b2-8ae5-5373-81b1-74ea5481f2e1,"2,58",
ampere,0,vit_base_image,4g,1,sample,37,6.21120023727417,,,MIG-3db685b2-8ae5-5373-81b1-74ea5481f2e1,"2,58",
ampere,0,vit_base_image,4g,1,sample,38,6.174431800842285,,,MIG-3db685b2-8ae5-5373-81b1-74ea5481f2e1,"2,58",
ampere,0,vit_base_image,4g,1,sample,39,6.179423809051514,,,MIG-3db685b2-8ae5-5373-81b1-74ea5481f2e1,"2,58",
ampere,0,vit_base_image,4g,1,sample,40,6.218080043792725,,,MIG-3db685b2-8ae5-5373-81b1-74ea5481f2e1,"2,58",
ampere,0,vit_base_image,4g,1,sample,41,6.183487892150879,,,MIG-3db685b2-8ae5-5373-81b1-74ea5481f2e1,"2,58",
ampere,0,vit_base_image,4g,1,sample,42,6.211775779724121,,,MIG-3db685b2-8ae5-5373-81b1-74ea5481f2e1,"2,58",
ampere,0,vit_base_image,4g,1,sample,43,6.189311981201172,,,MIG-3db685b2-8ae5-5373-81b1-74ea5481f2e1,"2,58",
ampere,0,vit_base_image,4g,1,sample,44,6.212736129760742,,,MIG-3db685b2-8ae5-5373-81b1-74ea5481f2e1,"2,58",
ampere,0,vit_base_image,4g,1,sample,45,6.1802239418029785,,,MIG-3db685b2-8ae5-5373-81b1-74ea5481f2e1,"2,58",
ampere,0,vit_base_image,4g,1,sample,46,6.211264133453369,,,MIG-3db685b2-8ae5-5373-81b1-74ea5481f2e1,"2,58",
ampere,0,vit_base_image,4g,1,sample,47,6.207263946533203,,,MIG-3db685b2-8ae5-5373-81b1-74ea5481f2e1,"2,58",
ampere,0,vit_base_image,4g,1,sample,48,6.207583904266357,,,MIG-3db685b2-8ae5-5373-81b1-74ea5481f2e1,"2,58",
ampere,0,vit_base_image,4g,1,sample,49,6.216800212860107,,,MIG-3db685b2-8ae5-5373-81b1-74ea5481f2e1,"2,58",
ampere,0,vit_base_image,4g,4,warmup,0,32.85443115234375,,,MIG-3db685b2-8ae5-5373-81b1-74ea5481f2e1,"2,58",
ampere,0,vit_base_image,4g,4,warmup,1,19.036352157592773,,,MIG-3db685b2-8ae5-5373-81b1-74ea5481f2e1,"2,58",
ampere,0,vit_base_image,4g,4,warmup,2,19.007648468017578,,,MIG-3db685b2-8ae5-5373-81b1-74ea5481f2e1,"2,58",
ampere,0,vit_base_image,4g,4,warmup,3,19.010656356811523,,,MIG-3db685b2-8ae5-5373-81b1-74ea5481f2e1,"2,58",
ampere,0,vit_base_image,4g,4,warmup,4,19.005535125732422,,,MIG-3db685b2-8ae5-5373-81b1-74ea5481f2e1,"2,58",
ampere,0,vit_base_image,4g,4,warmup,5,19.005983352661133,,,MIG-3db685b2-8ae5-5373-81b1-74ea5481f2e1,"2,58",
ampere,0,vit_base_image,4g,4,warmup,6,18.992319107055664,,,MIG-3db685b2-8ae5-5373-81b1-74ea5481f2e1,"2,58",
ampere,0,vit_base_image,4g,4,warmup,7,18.996671676635742,,,MIG-3db685b2-8ae5-5373-81b1-74ea5481f2e1,"2,58",
ampere,0,vit_base_image,4g,4,warmup,8,18.995647430419922,,,MIG-3db685b2-8ae5-5373-81b1-74ea5481f2e1,"2,58",
ampere,0,vit_base_image,4g,4,warmup,9,19.002368927001953,,,MIG-3db685b2-8ae5-5373-81b1-74ea5481f2e1,"2,58",
ampere,0,vit_base_image,4g,4,sample,0,19.00707244873047,,,MIG-3db685b2-8ae5-5373-81b1-74ea5481f2e1,"2,58",
ampere,0,vit_base_image,4g,4,sample,1,19.088735580444336,,,MIG-3db685b2-8ae5-5373-81b1-74ea5481f2e1,"2,58",
ampere,0,vit_base_image,4g,4,sample,2,19.008031845092773,,,MIG-3db685b2-8ae5-5373-81b1-74ea5481f2e1,"2,58",
ampere,0,vit_base_image,4g,4,sample,3,18.99795150756836,,,MIG-3db685b2-8ae5-5373-81b1-74ea5481f2e1,"2,58",
ampere,0,vit_base_image,4g,4,sample,4,18.99033546447754,,,MIG-3db685b2-8ae5-5373-81b1-74ea5481f2e1,"2,58",
ampere,0,vit_base_image,4g,4,sample,5,19.003231048583984,,,MIG-3db685b2-8ae5-5373-81b1-74ea5481f2e1,"2,58",
ampere,0,vit_base_image,4g,4,sample,6,18.995840072631836,,,MIG-3db685b2-8ae5-5373-81b1-74ea5481f2e1,"2,58",
ampere,0,vit_base_image,4g,4,sample,7,18.991424560546875,,,MIG-3db685b2-8ae5-5373-81b1-74ea5481f2e1,"2,58",
ampere,0,vit_base_image,4g,4,sample,8,19.000288009643555,,,MIG-3db685b2-8ae5-5373-81b1-74ea5481f2e1,"2,58",
ampere,0,vit_base_image,4g,4,sample,9,18.990720748901367,,,MIG-3db685b2-8ae5-5373-81b1-74ea5481f2e1,"2,58",
ampere,0,vit_base_image,4g,4,sample,10,18.99875259399414,,,MIG-3db685b2-8ae5-5373-81b1-74ea5481f2e1,"2,58",
ampere,0,vit_base_image,4g,4,sample,11,18.983327865600586,,,MIG-3db685b2-8ae5-5373-81b1-74ea5481f2e1,"2,58",
ampere,0,vit_base_image,4g,4,sample,12,19.00079917907715,,,MIG-3db685b2-8ae5-5373-81b1-74ea5481f2e1,"2,58",
ampere,0,vit_base_image,4g,4,sample,13,18.989952087402344,,,MIG-3db685b2-8ae5-5373-81b1-74ea5481f2e1,"2,58",
ampere,0,vit_base_image,4g,4,sample,14,18.997407913208008,,,MIG-3db685b2-8ae5-5373-81b1-74ea5481f2e1,"2,58",
ampere,0,vit_base_image,4g,4,sample,15,19.000160217285156,,,MIG-3db685b2-8ae5-5373-81b1-74ea5481f2e1,"2,58",
ampere,0,vit_base_image,4g,4,sample,16,18.990720748901367,,,MIG-3db685b2-8ae5-5373-81b1-74ea5481f2e1,"2,58",
ampere,0,vit_base_image,4g,4,sample,17,19.004928588867188,,,MIG-3db685b2-8ae5-5373-81b1-74ea5481f2e1,"2,58",
ampere,0,vit_base_image,4g,4,sample,18,18.99171257019043,,,MIG-3db685b2-8ae5-5373-81b1-74ea5481f2e1,"2,58",
ampere,0,vit_base_image,4g,4,sample,19,19.067968368530273,,,MIG-3db685b2-8ae5-5373-81b1-74ea5481f2e1,"2,58",
ampere,0,vit_base_image,4g,4,sample,20,19.005504608154297,,,MIG-3db685b2-8ae5-5373-81b1-74ea5481f2e1,"2,58",
ampere,0,vit_base_image,4g,4,sample,21,19.002239227294922,,,MIG-3db685b2-8ae5-5373-81b1-74ea5481f2e1,"2,58",
ampere,0,vit_base_image,4g,4,sample,22,18.99545669555664,,,MIG-3db685b2-8ae5-5373-81b1-74ea5481f2e1,"2,58",
ampere,0,vit_base_image,4g,4,sample,23,19.0031681060791,,,MIG-3db685b2-8ae5-5373-81b1-74ea5481f2e1,"2,58",
ampere,0,vit_base_image,4g,4,sample,24,19.012544631958008,,,MIG-3db685b2-8ae5-5373-81b1-74ea5481f2e1,"2,58",
ampere,0,vit_base_image,4g,4,sample,25,19.00182342529297,,,MIG-3db685b2-8ae5-5373-81b1-74ea5481f2e1,"2,58",
ampere,0,vit_base_image,4g,4,sample,26,18.999296188354492,,,MIG-3db685b2-8ae5-5373-81b1-74ea5481f2e1,"2,58",
ampere,0,vit_base_image,4g,4,sample,27,18.990175247192383,,,MIG-3db685b2-8ae5-5373-81b1-74ea5481f2e1,"2,58",
ampere,0,vit_base_image,4g,4,sample,28,18.99715232849121,,,MIG-3db685b2-8ae5-5373-81b1-74ea5481f2e1,"2,58",
ampere,0,vit_base_image,4g,4,sample,29,18.997600555419922,,,MIG-3db685b2-8ae5-5373-81b1-74ea5481f2e1,"2,58",
ampere,0,vit_base_image,4g,4,sample,30,18.985504150390625,,,MIG-3db685b2-8ae5-5373-81b1-74ea5481f2e1,"2,58",
ampere,0,vit_base_image,4g,4,sample,31,19.001279830932617,,,MIG-3db685b2-8ae5-5373-81b1-74ea5481f2e1,"2,58",
ampere,0,vit_base_image,4g,4,sample,32,18.9946231842041,,,MIG-3db685b2-8ae5-5373-81b1-74ea5481f2e1,"2,58",
ampere,0,vit_base_image,4g,4,sample,33,18.99718475341797,,,MIG-3db685b2-8ae5-5373-81b1-74ea5481f2e1,"2,58",
ampere,0,vit_base_image,4g,4,sample,34,19.00284767150879,,,MIG-3db685b2-8ae5-5373-81b1-74ea5481f2e1,"2,58",
ampere,0,vit_base_image,4g,4,sample,35,18.99443244934082,,,MIG-3db685b2-8ae5-5373-81b1-74ea5481f2e1,"2,58",
ampere,0,vit_base_image,4g,4,sample,36,18.99420738220215,,,MIG-3db685b2-8ae5-5373-81b1-74ea5481f2e1,"2,58",
ampere,0,vit_base_image,4g,4,sample,37,18.998016357421875,,,MIG-3db685b2-8ae5-5373-81b1-74ea5481f2e1,"2,58",
ampere,0,vit_base_image,4g,4,sample,38,18.993919372558594,,,MIG-3db685b2-8ae5-5373-81b1-74ea5481f2e1,"2,58",
ampere,0,vit_base_image,4g,4,sample,39,18.986560821533203,,,MIG-3db685b2-8ae5-5373-81b1-74ea5481f2e1,"2,58",
ampere,0,vit_base_image,4g,4,sample,40,18.993824005126953,,,MIG-3db685b2-8ae5-5373-81b1-74ea5481f2e1,"2,58",
ampere,0,vit_base_image,4g,4,sample,41,18.995744705200195,,,MIG-3db685b2-8ae5-5373-81b1-74ea5481f2e1,"2,58",
ampere,0,vit_base_image,4g,4,sample,42,18.9965763092041,,,MIG-3db685b2-8ae5-5373-81b1-74ea5481f2e1,"2,58",
ampere,0,vit_base_image,4g,4,sample,43,18.990432739257812,,,MIG-3db685b2-8ae5-5373-81b1-74ea5481f2e1,"2,58",
ampere,0,vit_base_image,4g,4,sample,44,18.988224029541016,,,MIG-3db685b2-8ae5-5373-81b1-74ea5481f2e1,"2,58",
ampere,0,vit_base_image,4g,4,sample,45,19.00067138671875,,,MIG-3db685b2-8ae5-5373-81b1-74ea5481f2e1,"2,58",
ampere,0,vit_base_image,4g,4,sample,46,18.98806381225586,,,MIG-3db685b2-8ae5-5373-81b1-74ea5481f2e1,"2,58",
ampere,0,vit_base_image,4g,4,sample,47,19.003807067871094,,,MIG-3db685b2-8ae5-5373-81b1-74ea5481f2e1,"2,58",
ampere,0,vit_base_image,4g,4,sample,48,19.008832931518555,,,MIG-3db685b2-8ae5-5373-81b1-74ea5481f2e1,"2,58",
ampere,0,vit_base_image,4g,4,sample,49,18.989023208618164,,,MIG-3db685b2-8ae5-5373-81b1-74ea5481f2e1,"2,58",
ampere,0,vit_base_image,4g,16,warmup,0,67.09833526611328,,,MIG-3db685b2-8ae5-5373-81b1-74ea5481f2e1,"2,58",
ampere,0,vit_base_image,4g,16,warmup,1,65.69267272949219,,,MIG-3db685b2-8ae5-5373-81b1-74ea5481f2e1,"2,58",
ampere,0,vit_base_image,4g,16,warmup,2,65.6954574584961,,,MIG-3db685b2-8ae5-5373-81b1-74ea5481f2e1,"2,58",
ampere,0,vit_base_image,4g,16,warmup,3,65.68476867675781,,,MIG-3db685b2-8ae5-5373-81b1-74ea5481f2e1,"2,58",
ampere,0,vit_base_image,4g,16,warmup,4,65.67894744873047,,,MIG-3db685b2-8ae5-5373-81b1-74ea5481f2e1,"2,58",
ampere,0,vit_base_image,4g,16,warmup,5,65.6839370727539,,,MIG-3db685b2-8ae5-5373-81b1-74ea5481f2e1,"2,58",
ampere,0,vit_base_image,4g,16,warmup,6,65.6987533569336,,,MIG-3db685b2-8ae5-5373-81b1-74ea5481f2e1,"2,58",
ampere,0,vit_base_image,4g,16,warmup,7,65.6968994140625,,,MIG-3db685b2-8ae5-5373-81b1-74ea5481f2e1,"2,58",
ampere,0,vit_base_image,4g,16,warmup,8,65.68329620361328,,,MIG-3db685b2-8ae5-5373-81b1-74ea5481f2e1,"2,58",
ampere,0,vit_base_image,4g,16,warmup,9,65.6732177734375,,,MIG-3db685b2-8ae5-5373-81b1-74ea5481f2e1,"2,58",
ampere,0,vit_base_image,4g,16,sample,0,65.68902587890625,,,MIG-3db685b2-8ae5-5373-81b1-74ea5481f2e1,"2,58",
ampere,0,vit_base_image,4g,16,sample,1,65.67298889160156,,,MIG-3db685b2-8ae5-5373-81b1-74ea5481f2e1,"2,58",
ampere,0,vit_base_image,4g,16,sample,2,65.68598175048828,,,MIG-3db685b2-8ae5-5373-81b1-74ea5481f2e1,"2,58",
ampere,0,vit_base_image,4g,16,sample,3,65.67788696289062,,,MIG-3db685b2-8ae5-5373-81b1-74ea5481f2e1,"2,58",
ampere,0,vit_base_image,4g,16,sample,4,65.67276763916016,,,MIG-3db685b2-8ae5-5373-81b1-74ea5481f2e1,"2,58",
ampere,0,vit_base_image,4g,16,sample,5,65.6805419921875,,,MIG-3db685b2-8ae5-5373-81b1-74ea5481f2e1,"2,58",
ampere,0,vit_base_image,4g,16,sample,6,65.67753601074219,,,MIG-3db685b2-8ae5-5373-81b1-74ea5481f2e1,"2,58",
ampere,0,vit_base_image,4g,16,sample,7,65.68390655517578,,,MIG-3db685b2-8ae5-5373-81b1-74ea5481f2e1,"2,58",
ampere,0,vit_base_image,4g,16,sample,8,65.6797103881836,,,MIG-3db685b2-8ae5-5373-81b1-74ea5481f2e1,"2,58",
ampere,0,vit_base_image,4g,16,sample,9,65.67874908447266,,,MIG-3db685b2-8ae5-5373-81b1-74ea5481f2e1,"2,58",
ampere,0,vit_base_image,4g,16,sample,10,65.69654083251953,,,MIG-3db685b2-8ae5-5373-81b1-74ea5481f2e1,"2,58",
ampere,0,vit_base_image,4g,16,sample,11,65.6977310180664,,,MIG-3db685b2-8ae5-5373-81b1-74ea5481f2e1,"2,58",
ampere,0,vit_base_image,4g,16,sample,12,65.70467376708984,,,MIG-3db685b2-8ae5-5373-81b1-74ea5481f2e1,"2,58",
ampere,0,vit_base_image,4g,16,sample,13,66.13375854492188,,,MIG-3db685b2-8ae5-5373-81b1-74ea5481f2e1,"2,58",
ampere,0,vit_base_image,4g,16,sample,14,66.3249282836914,,,MIG-3db685b2-8ae5-5373-81b1-74ea5481f2e1,"2,58",
ampere,0,vit_base_image,4g,16,sample,15,65.75113677978516,,,MIG-3db685b2-8ae5-5373-81b1-74ea5481f2e1,"2,58",
ampere,0,vit_base_image,4g,16,sample,16,65.7410888671875,,,MIG-3db685b2-8ae5-5373-81b1-74ea5481f2e1,"2,58",
ampere,0,vit_base_image,4g,16,sample,17,65.68211364746094,,,MIG-3db685b2-8ae5-5373-81b1-74ea5481f2e1,"2,58",
ampere,0,vit_base_image,4g,16,sample,18,65.69353485107422,,,MIG-3db685b2-8ae5-5373-81b1-74ea5481f2e1,"2,58",
ampere,0,vit_base_image,4g,16,sample,19,65.87081909179688,,,MIG-3db685b2-8ae5-5373-81b1-74ea5481f2e1,"2,58",
ampere,0,vit_base_image,4g,16,sample,20,66.36505889892578,,,MIG-3db685b2-8ae5-5373-81b1-74ea5481f2e1,"2,58",
ampere,0,vit_base_image,4g,16,sample,21,65.84601593017578,,,MIG-3db685b2-8ae5-5373-81b1-74ea5481f2e1,"2,58",
ampere,0,vit_base_image,4g,16,sample,22,65.68956756591797,,,MIG-3db685b2-8ae5-5373-81b1-74ea5481f2e1,"2,58",
ampere,0,vit_base_image,4g,16,sample,23,65.67356872558594,,,MIG-3db685b2-8ae5-5373-81b1-74ea5481f2e1,"2,58",
ampere,0,vit_base_image,4g,16,sample,24,65.68406677246094,,,MIG-3db685b2-8ae5-5373-81b1-74ea5481f2e1,"2,58",
ampere,0,vit_base_image,4g,16,sample,25,65.69296264648438,,,MIG-3db685b2-8ae5-5373-81b1-74ea5481f2e1,"2,58",
ampere,0,vit_base_image,4g,16,sample,26,65.6761245727539,,,MIG-3db685b2-8ae5-5373-81b1-74ea5481f2e1,"2,58",
ampere,0,vit_base_image,4g,16,sample,27,65.67756652832031,,,MIG-3db685b2-8ae5-5373-81b1-74ea5481f2e1,"2,58",
ampere,0,vit_base_image,4g,16,sample,28,65.97840118408203,,,MIG-3db685b2-8ae5-5373-81b1-74ea5481f2e1,"2,58",
ampere,0,vit_base_image,4g,16,sample,29,66.35673522949219,,,MIG-3db685b2-8ae5-5373-81b1-74ea5481f2e1,"2,58",
ampere,0,vit_base_image,4g,16,sample,30,65.75494384765625,,,MIG-3db685b2-8ae5-5373-81b1-74ea5481f2e1,"2,58",
ampere,0,vit_base_image,4g,16,sample,31,65.67945861816406,,,MIG-3db685b2-8ae5-5373-81b1-74ea5481f2e1,"2,58",
ampere,0,vit_base_image,4g,16,sample,32,65.68768310546875,,,MIG-3db685b2-8ae5-5373-81b1-74ea5481f2e1,"2,58",
ampere,0,vit_base_image,4g,16,sample,33,65.68511962890625,,,MIG-3db685b2-8ae5-5373-81b1-74ea5481f2e1,"2,58",
ampere,0,vit_base_image,4g,16,sample,34,66.3057632446289,,,MIG-3db685b2-8ae5-5373-81b1-74ea5481f2e1,"2,58",
ampere,0,vit_base_image,4g,16,sample,35,66.2768325805664,,,MIG-3db685b2-8ae5-5373-81b1-74ea5481f2e1,"2,58",
ampere,0,vit_base_image,4g,16,sample,36,65.75481414794922,,,MIG-3db685b2-8ae5-5373-81b1-74ea5481f2e1,"2,58",
ampere,0,vit_base_image,4g,16,sample,37,65.64399719238281,,,MIG-3db685b2-8ae5-5373-81b1-74ea5481f2e1,"2,58",
ampere,0,vit_base_image,4g,16,sample,38,65.71078491210938,,,MIG-3db685b2-8ae5-5373-81b1-74ea5481f2e1,"2,58",
ampere,0,vit_base_image,4g,16,sample,39,66.28300476074219,,,MIG-3db685b2-8ae5-5373-81b1-74ea5481f2e1,"2,58",
ampere,0,vit_base_image,4g,16,sample,40,66.61634826660156,,,MIG-3db685b2-8ae5-5373-81b1-74ea5481f2e1,"2,58",
ampere,0,vit_base_image,4g,16,sample,41,66.25676727294922,,,MIG-3db685b2-8ae5-5373-81b1-74ea5481f2e1,"2,58",
ampere,0,vit_base_image,4g,16,sample,42,65.68380737304688,,,MIG-3db685b2-8ae5-5373-81b1-74ea5481f2e1,"2,58",
ampere,0,vit_base_image,4g,16,sample,43,66.00390625,,,MIG-3db685b2-8ae5-5373-81b1-74ea5481f2e1,"2,58",
ampere,0,vit_base_image,4g,16,sample,44,66.34307098388672,,,MIG-3db685b2-8ae5-5373-81b1-74ea5481f2e1,"2,58",
ampere,0,vit_base_image,4g,16,sample,45,65.6984634399414,,,MIG-3db685b2-8ae5-5373-81b1-74ea5481f2e1,"2,58",
ampere,0,vit_base_image,4g,16,sample,46,66.60396575927734,,,MIG-3db685b2-8ae5-5373-81b1-74ea5481f2e1,"2,58",
ampere,0,vit_base_image,4g,16,sample,47,66.44742584228516,,,MIG-3db685b2-8ae5-5373-81b1-74ea5481f2e1,"2,58",
ampere,0,vit_base_image,4g,16,sample,48,65.6982421875,,,MIG-3db685b2-8ae5-5373-81b1-74ea5481f2e1,"2,58",
ampere,0,vit_base_image,4g,16,sample,49,66.62022399902344,,,MIG-3db685b2-8ae5-5373-81b1-74ea5481f2e1,"2,58",
ampere,0,vit_base_image,4g,32,warmup,0,130.30224609375,,,MIG-3db685b2-8ae5-5373-81b1-74ea5481f2e1,"2,58",
ampere,0,vit_base_image,4g,32,warmup,1,129.1498260498047,,,MIG-3db685b2-8ae5-5373-81b1-74ea5481f2e1,"2,58",
ampere,0,vit_base_image,4g,32,warmup,2,129.12757873535156,,,MIG-3db685b2-8ae5-5373-81b1-74ea5481f2e1,"2,58",
ampere,0,vit_base_image,4g,32,warmup,3,129.1703643798828,,,MIG-3db685b2-8ae5-5373-81b1-74ea5481f2e1,"2,58",
ampere,0,vit_base_image,4g,32,warmup,4,129.15939331054688,,,MIG-3db685b2-8ae5-5373-81b1-74ea5481f2e1,"2,58",
ampere,0,vit_base_image,4g,32,warmup,5,129.136962890625,,,MIG-3db685b2-8ae5-5373-81b1-74ea5481f2e1,"2,58",
ampere,0,vit_base_image,4g,32,warmup,6,129.1578826904297,,,MIG-3db685b2-8ae5-5373-81b1-74ea5481f2e1,"2,58",
ampere,0,vit_base_image,4g,32,warmup,7,129.12911987304688,,,MIG-3db685b2-8ae5-5373-81b1-74ea5481f2e1,"2,58",
ampere,0,vit_base_image,4g,32,warmup,8,129.1669464111328,,,MIG-3db685b2-8ae5-5373-81b1-74ea5481f2e1,"2,58",
ampere,0,vit_base_image,4g,32,warmup,9,129.15298461914062,,,MIG-3db685b2-8ae5-5373-81b1-74ea5481f2e1,"2,58",
ampere,0,vit_base_image,4g,32,sample,0,129.1568603515625,,,MIG-3db685b2-8ae5-5373-81b1-74ea5481f2e1,"2,58",
ampere,0,vit_base_image,4g,32,sample,1,129.17208862304688,,,MIG-3db685b2-8ae5-5373-81b1-74ea5481f2e1,"2,58",
ampere,0,vit_base_image,4g,32,sample,2,129.15481567382812,,,MIG-3db685b2-8ae5-5373-81b1-74ea5481f2e1,"2,58",
ampere,0,vit_base_image,4g,32,sample,3,129.1938934326172,,,MIG-3db685b2-8ae5-5373-81b1-74ea5481f2e1,"2,58",
ampere,0,vit_base_image,4g,32,sample,4,129.13650512695312,,,MIG-3db685b2-8ae5-5373-81b1-74ea5481f2e1,"2,58",
ampere,0,vit_base_image,4g,32,sample,5,129.14764404296875,,,MIG-3db685b2-8ae5-5373-81b1-74ea5481f2e1,"2,58",
ampere,0,vit_base_image,4g,32,sample,6,129.15142822265625,,,MIG-3db685b2-8ae5-5373-81b1-74ea5481f2e1,"2,58",
ampere,0,vit_base_image,4g,32,sample,7,129.14694213867188,,,MIG-3db685b2-8ae5-5373-81b1-74ea5481f2e1,"2,58",
ampere,0,vit_base_image,4g,32,sample,8,129.13157653808594,,,MIG-3db685b2-8ae5-5373-81b1-74ea5481f2e1,"2,58",
ampere,0,vit_base_image,4g,32,sample,9,129.17257690429688,,,MIG-3db685b2-8ae5-5373-81b1-74ea5481f2e1,"2,58",
ampere,0,vit_base_image,4g,32,sample,10,129.16009521484375,,,MIG-3db685b2-8ae5-5373-81b1-74ea5481f2e1,"2,58",
ampere,0,vit_base_image,4g,32,sample,11,129.13487243652344,,,MIG-3db685b2-8ae5-5373-81b1-74ea5481f2e1,"2,58",
ampere,0,vit_base_image,4g,32,sample,12,129.1339569091797,,,MIG-3db685b2-8ae5-5373-81b1-74ea5481f2e1,"2,58",
ampere,0,vit_base_image,4g,32,sample,13,129.13209533691406,,,MIG-3db685b2-8ae5-5373-81b1-74ea5481f2e1,"2,58",
ampere,0,vit_base_image,4g,32,sample,14,129.1287384033203,,,MIG-3db685b2-8ae5-5373-81b1-74ea5481f2e1,"2,58",
ampere,0,vit_base_image,4g,32,sample,15,129.1361846923828,,,MIG-3db685b2-8ae5-5373-81b1-74ea5481f2e1,"2,58",
ampere,0,vit_base_image,4g,32,sample,16,129.2046661376953,,,MIG-3db685b2-8ae5-5373-81b1-74ea5481f2e1,"2,58",
ampere,0,vit_base_image,4g,32,sample,17,129.19879150390625,,,MIG-3db685b2-8ae5-5373-81b1-74ea5481f2e1,"2,58",
ampere,0,vit_base_image,4g,32,sample,18,129.15330505371094,,,MIG-3db685b2-8ae5-5373-81b1-74ea5481f2e1,"2,58",
ampere,0,vit_base_image,4g,32,sample,19,129.1365509033203,,,MIG-3db685b2-8ae5-5373-81b1-74ea5481f2e1,"2,58",
ampere,0,vit_base_image,4g,32,sample,20,129.12428283691406,,,MIG-3db685b2-8ae5-5373-81b1-74ea5481f2e1,"2,58",
ampere,0,vit_base_image,4g,32,sample,21,129.1231689453125,,,MIG-3db685b2-8ae5-5373-81b1-74ea5481f2e1,"2,58",
ampere,0,vit_base_image,4g,32,sample,22,129.14247131347656,,,MIG-3db685b2-8ae5-5373-81b1-74ea5481f2e1,"2,58",
ampere,0,vit_base_image,4g,32,sample,23,129.13027954101562,,,MIG-3db685b2-8ae5-5373-81b1-74ea5481f2e1,"2,58",
ampere,0,vit_base_image,4g,32,sample,24,129.16522216796875,,,MIG-3db685b2-8ae5-5373-81b1-74ea5481f2e1,"2,58",
ampere,0,vit_base_image,4g,32,sample,25,129.14515686035156,,,MIG-3db685b2-8ae5-5373-81b1-74ea5481f2e1,"2,58",
ampere,0,vit_base_image,4g,32,sample,26,129.1432342529297,,,MIG-3db685b2-8ae5-5373-81b1-74ea5481f2e1,"2,58",
ampere,0,vit_base_image,4g,32,sample,27,129.14306640625,,,MIG-3db685b2-8ae5-5373-81b1-74ea5481f2e1,"2,58",
ampere,0,vit_base_image,4g,32,sample,28,129.1524200439453,,,MIG-3db685b2-8ae5-5373-81b1-74ea5481f2e1,"2,58",
ampere,0,vit_base_image,4g,32,sample,29,129.22323608398438,,,MIG-3db685b2-8ae5-5373-81b1-74ea5481f2e1,"2,58",
ampere,0,vit_base_image,4g,32,sample,30,129.13558959960938,,,MIG-3db685b2-8ae5-5373-81b1-74ea5481f2e1,"2,58",
ampere,0,vit_base_image,4g,32,sample,31,129.13568115234375,,,MIG-3db685b2-8ae5-5373-81b1-74ea5481f2e1,"2,58",
ampere,0,vit_base_image,4g,32,sample,32,129.1596221923828,,,MIG-3db685b2-8ae5-5373-81b1-74ea5481f2e1,"2,58",
ampere,0,vit_base_image,4g,32,sample,33,129.13980102539062,,,MIG-3db685b2-8ae5-5373-81b1-74ea5481f2e1,"2,58",
ampere,0,vit_base_image,4g,32,sample,34,129.154052734375,,,MIG-3db685b2-8ae5-5373-81b1-74ea5481f2e1,"2,58",
ampere,0,vit_base_image,4g,32,sample,35,129.1465301513672,,,MIG-3db685b2-8ae5-5373-81b1-74ea5481f2e1,"2,58",
ampere,0,vit_base_image,4g,32,sample,36,129.16111755371094,,,MIG-3db685b2-8ae5-5373-81b1-74ea5481f2e1,"2,58",
ampere,0,vit_base_image,4g,32,sample,37,129.42803955078125,,,MIG-3db685b2-8ae5-5373-81b1-74ea5481f2e1,"2,58",
ampere,0,vit_base_image,4g,32,sample,38,129.87625122070312,,,MIG-3db685b2-8ae5-5373-81b1-74ea5481f2e1,"2,58",
ampere,0,vit_base_image,4g,32,sample,39,129.1553955078125,,,MIG-3db685b2-8ae5-5373-81b1-74ea5481f2e1,"2,58",
ampere,0,vit_base_image,4g,32,sample,40,129.15927124023438,,,MIG-3db685b2-8ae5-5373-81b1-74ea5481f2e1,"2,58",
ampere,0,vit_base_image,4g,32,sample,41,129.1579132080078,,,MIG-3db685b2-8ae5-5373-81b1-74ea5481f2e1,"2,58",
ampere,0,vit_base_image,4g,32,sample,42,129.16688537597656,,,MIG-3db685b2-8ae5-5373-81b1-74ea5481f2e1,"2,58",
ampere,0,vit_base_image,4g,32,sample,43,129.1333465576172,,,MIG-3db685b2-8ae5-5373-81b1-74ea5481f2e1,"2,58",
ampere,0,vit_base_image,4g,32,sample,44,129.1622772216797,,,MIG-3db685b2-8ae5-5373-81b1-74ea5481f2e1,"2,58",
ampere,0,vit_base_image,4g,32,sample,45,129.7355499267578,,,MIG-3db685b2-8ae5-5373-81b1-74ea5481f2e1,"2,58",
ampere,0,vit_base_image,4g,32,sample,46,129.7598419189453,,,MIG-3db685b2-8ae5-5373-81b1-74ea5481f2e1,"2,58",
ampere,0,vit_base_image,4g,32,sample,47,129.1455078125,,,MIG-3db685b2-8ae5-5373-81b1-74ea5481f2e1,"2,58",
ampere,0,vit_base_image,4g,32,sample,48,129.16368103027344,,,MIG-3db685b2-8ae5-5373-81b1-74ea5481f2e1,"2,58",
ampere,0,vit_base_image,4g,32,sample,49,129.1595458984375,,,MIG-3db685b2-8ae5-5373-81b1-74ea5481f2e1,"2,58",
ampere,0,vit_base_image,4g,64,warmup,0,254.45957946777344,,,MIG-3db685b2-8ae5-5373-81b1-74ea5481f2e1,"2,58",
ampere,0,vit_base_image,4g,64,warmup,1,251.8357696533203,,,MIG-3db685b2-8ae5-5373-81b1-74ea5481f2e1,"2,58",
ampere,0,vit_base_image,4g,64,warmup,2,253.6696319580078,,,MIG-3db685b2-8ae5-5373-81b1-74ea5481f2e1,"2,58",
ampere,0,vit_base_image,4g,64,warmup,3,252.96380615234375,,,MIG-3db685b2-8ae5-5373-81b1-74ea5481f2e1,"2,58",
ampere,0,vit_base_image,4g,64,warmup,4,252.7696075439453,,,MIG-3db685b2-8ae5-5373-81b1-74ea5481f2e1,"2,58",
ampere,0,vit_base_image,4g,64,warmup,5,252.61593627929688,,,MIG-3db685b2-8ae5-5373-81b1-74ea5481f2e1,"2,58",
ampere,0,vit_base_image,4g,64,warmup,6,253.3602294921875,,,MIG-3db685b2-8ae5-5373-81b1-74ea5481f2e1,"2,58",
ampere,0,vit_base_image,4g,64,warmup,7,253.55442810058594,,,MIG-3db685b2-8ae5-5373-81b1-74ea5481f2e1,"2,58",
ampere,0,vit_base_image,4g,64,warmup,8,252.18797302246094,,,MIG-3db685b2-8ae5-5373-81b1-74ea5481f2e1,"2,58",
ampere,0,vit_base_image,4g,64,warmup,9,253.00965881347656,,,MIG-3db685b2-8ae5-5373-81b1-74ea5481f2e1,"2,58",
ampere,0,vit_base_image,4g,64,sample,0,252.63002014160156,,,MIG-3db685b2-8ae5-5373-81b1-74ea5481f2e1,"2,58",
ampere,0,vit_base_image,4g,64,sample,1,253.8319091796875,,,MIG-3db685b2-8ae5-5373-81b1-74ea5481f2e1,"2,58",
ampere,0,vit_base_image,4g,64,sample,2,253.02735900878906,,,MIG-3db685b2-8ae5-5373-81b1-74ea5481f2e1,"2,58",
ampere,0,vit_base_image,4g,64,sample,3,253.0964813232422,,,MIG-3db685b2-8ae5-5373-81b1-74ea5481f2e1,"2,58",
ampere,0,vit_base_image,4g,64,sample,4,253.30975341796875,,,MIG-3db685b2-8ae5-5373-81b1-74ea5481f2e1,"2,58",
ampere,0,vit_base_image,4g,64,sample,5,253.30450439453125,,,MIG-3db685b2-8ae5-5373-81b1-74ea5481f2e1,"2,58",
ampere,0,vit_base_image,4g,64,sample,6,253.48789978027344,,,MIG-3db685b2-8ae5-5373-81b1-74ea5481f2e1,"2,58",
ampere,0,vit_base_image,4g,64,sample,7,253.12442016601562,,,MIG-3db685b2-8ae5-5373-81b1-74ea5481f2e1,"2,58",
ampere,0,vit_base_image,4g,64,sample,8,252.91407775878906,,,MIG-3db685b2-8ae5-5373-81b1-74ea5481f2e1,"2,58",
ampere,0,vit_base_image,4g,64,sample,9,253.53955078125,,,MIG-3db685b2-8ae5-5373-81b1-74ea5481f2e1,"2,58",
ampere,0,vit_base_image,4g,64,sample,10,252.8701171875,,,MIG-3db685b2-8ae5-5373-81b1-74ea5481f2e1,"2,58",
ampere,0,vit_base_image,4g,64,sample,11,253.91014099121094,,,MIG-3db685b2-8ae5-5373-81b1-74ea5481f2e1,"2,58",
ampere,0,vit_base_image,4g,64,sample,12,253.4001007080078,,,MIG-3db685b2-8ae5-5373-81b1-74ea5481f2e1,"2,58",
ampere,0,vit_base_image,4g,64,sample,13,253.8842315673828,,,MIG-3db685b2-8ae5-5373-81b1-74ea5481f2e1,"2,58",
ampere,0,vit_base_image,4g,64,sample,14,253.8988494873047,,,MIG-3db685b2-8ae5-5373-81b1-74ea5481f2e1,"2,58",
ampere,0,vit_base_image,4g,64,sample,15,253.63267517089844,,,MIG-3db685b2-8ae5-5373-81b1-74ea5481f2e1,"2,58",
ampere,0,vit_base_image,4g,64,sample,16,253.47891235351562,,,MIG-3db685b2-8ae5-5373-81b1-74ea5481f2e1,"2,58",
ampere,0,vit_base_image,4g,64,sample,17,253.59475708007812,,,MIG-3db685b2-8ae5-5373-81b1-74ea5481f2e1,"2,58",
ampere,0,vit_base_image,4g,64,sample,18,253.7263946533203,,,MIG-3db685b2-8ae5-5373-81b1-74ea5481f2e1,"2,58",
ampere,0,vit_base_image,4g,64,sample,19,253.85916137695312,,,MIG-3db685b2-8ae5-5373-81b1-74ea5481f2e1,"2,58",
ampere,0,vit_base_image,4g,64,sample,20,253.9093780517578,,,MIG-3db685b2-8ae5-5373-81b1-74ea5481f2e1,"2,58",
ampere,0,vit_base_image,4g,64,sample,21,253.1493377685547,,,MIG-3db685b2-8ae5-5373-81b1-74ea5481f2e1,"2,58",
ampere,0,vit_base_image,4g,64,sample,22,253.8870391845703,,,MIG-3db685b2-8ae5-5373-81b1-74ea5481f2e1,"2,58",
ampere,0,vit_base_image,4g,64,sample,23,253.85440063476562,,,MIG-3db685b2-8ae5-5373-81b1-74ea5481f2e1,"2,58",
ampere,0,vit_base_image,4g,64,sample,24,253.93865966796875,,,MIG-3db685b2-8ae5-5373-81b1-74ea5481f2e1,"2,58",
ampere,0,vit_base_image,4g,64,sample,25,253.88624572753906,,,MIG-3db685b2-8ae5-5373-81b1-74ea5481f2e1,"2,58",
ampere,0,vit_base_image,4g,64,sample,26,253.72259521484375,,,MIG-3db685b2-8ae5-5373-81b1-74ea5481f2e1,"2,58",
ampere,0,vit_base_image,4g,64,sample,27,253.60733032226562,,,MIG-3db685b2-8ae5-5373-81b1-74ea5481f2e1,"2,58",
ampere,0,vit_base_image,4g,64,sample,28,253.64320373535156,,,MIG-3db685b2-8ae5-5373-81b1-74ea5481f2e1,"2,58",
ampere,0,vit_base_image,4g,64,sample,29,253.90301513671875,,,MIG-3db685b2-8ae5-5373-81b1-74ea5481f2e1,"2,58",
ampere,0,vit_base_image,4g,64,sample,30,253.9082489013672,,,MIG-3db685b2-8ae5-5373-81b1-74ea5481f2e1,"2,58",
ampere,0,vit_base_image,4g,64,sample,31,253.90089416503906,,,MIG-3db685b2-8ae5-5373-81b1-74ea5481f2e1,"2,58",
ampere,0,vit_base_image,4g,64,sample,32,253.91232299804688,,,MIG-3db685b2-8ae5-5373-81b1-74ea5481f2e1,"2,58",
ampere,0,vit_base_image,4g,64,sample,33,253.90176391601562,,,MIG-3db685b2-8ae5-5373-81b1-74ea5481f2e1,"2,58",
ampere,0,vit_base_image,4g,64,sample,34,253.42124938964844,,,MIG-3db685b2-8ae5-5373-81b1-74ea5481f2e1,"2,58",
ampere,0,vit_base_image,4g,64,sample,35,253.96194458007812,,,MIG-3db685b2-8ae5-5373-81b1-74ea5481f2e1,"2,58",
ampere,0,vit_base_image,4g,64,sample,36,253.3989715576172,,,MIG-3db685b2-8ae5-5373-81b1-74ea5481f2e1,"2,58",
ampere,0,vit_base_image,4g,64,sample,37,253.9040985107422,,,MIG-3db685b2-8ae5-5373-81b1-74ea5481f2e1,"2,58",
ampere,0,vit_base_image,4g,64,sample,38,253.87808227539062,,,MIG-3db685b2-8ae5-5373-81b1-74ea5481f2e1,"2,58",
ampere,0,vit_base_image,4g,64,sample,39,253.88633728027344,,,MIG-3db685b2-8ae5-5373-81b1-74ea5481f2e1,"2,58",
ampere,0,vit_base_image,4g,64,sample,40,253.89414978027344,,,MIG-3db685b2-8ae5-5373-81b1-74ea5481f2e1,"2,58",
ampere,0,vit_base_image,4g,64,sample,41,253.88153076171875,,,MIG-3db685b2-8ae5-5373-81b1-74ea5481f2e1,"2,58",
ampere,0,vit_base_image,4g,64,sample,42,253.89292907714844,,,MIG-3db685b2-8ae5-5373-81b1-74ea5481f2e1,"2,58",
ampere,0,vit_base_image,4g,64,sample,43,253.888671875,,,MIG-3db685b2-8ae5-5373-81b1-74ea5481f2e1,"2,58",
ampere,0,vit_base_image,4g,64,sample,44,253.90269470214844,,,MIG-3db685b2-8ae5-5373-81b1-74ea5481f2e1,"2,58",
ampere,0,vit_base_image,4g,64,sample,45,254.08677673339844,,,MIG-3db685b2-8ae5-5373-81b1-74ea5481f2e1,"2,58",
ampere,0,vit_base_image,4g,64,sample,46,253.93209838867188,,,MIG-3db685b2-8ae5-5373-81b1-74ea5481f2e1,"2,58",
ampere,0,vit_base_image,4g,64,sample,47,254.25570678710938,,,MIG-3db685b2-8ae5-5373-81b1-74ea5481f2e1,"2,58",
ampere,0,vit_base_image,4g,64,sample,48,254.71987915039062,,,MIG-3db685b2-8ae5-5373-81b1-74ea5481f2e1,"2,58",
ampere,0,vit_base_image,4g,64,sample,49,255.03958129882812,,,MIG-3db685b2-8ae5-5373-81b1-74ea5481f2e1,"2,58",
ampere,0,gpt2_p512_o512,7g,1,warmup,0,5207.2626953125,19.02569580078125,10.153105674191231,MIG-457656ac-5439-5b56-8fcc-1ff4336bacf5,"2,58",
ampere,0,gpt2_p512_o512,7g,1,sample,0,5198.41943359375,12.529760360717773,10.148512080690866,MIG-457656ac-5439-5b56-8fcc-1ff4336bacf5,"2,58",
ampere,0,gpt2_p512_o512,7g,1,sample,1,5174.00341796875,12.74345588684082,10.100313037342287,MIG-457656ac-5439-5b56-8fcc-1ff4336bacf5,"2,58",
ampere,0,gpt2_p512_o512,7g,1,sample,2,5190.26953125,12.90617561340332,10.131826527664574,MIG-457656ac-5439-5b56-8fcc-1ff4336bacf5,"2,58",
ampere,0,gpt2_p512_o512,7g,1,sample,3,5179.69921875,12.919743537902832,10.111114432900386,MIG-457656ac-5439-5b56-8fcc-1ff4336bacf5,"2,58",
ampere,0,gpt2_p512_o512,7g,1,sample,4,5173.32177734375,12.740544319152832,10.098984800439524,MIG-457656ac-5439-5b56-8fcc-1ff4336bacf5,"2,58",
ampere,0,gpt2_p512_o512,7g,1,sample,5,5174.6455078125,12.141247749328613,10.102748062745933,MIG-457656ac-5439-5b56-8fcc-1ff4336bacf5,"2,58",
ampere,0,gpt2_p512_o512,7g,1,sample,6,5171.7783203125,12.24732780456543,10.096929535240577,MIG-457656ac-5439-5b56-8fcc-1ff4336bacf5,"2,58",
ampere,0,gpt2_p512_o512,7g,1,sample,7,5170.90673828125,11.412704467773438,10.09685720902833,MIG-457656ac-5439-5b56-8fcc-1ff4336bacf5,"2,58",
ampere,0,gpt2_p512_o512,7g,1,sample,8,5157.17578125,11.481120109558105,10.069852565832567,MIG-457656ac-5439-5b56-8fcc-1ff4336bacf5,"2,58",
ampere,0,gpt2_p512_o512,7g,1,sample,9,5167.89794921875,12.779871940612793,10.088293693303596,MIG-457656ac-5439-5b56-8fcc-1ff4336bacf5,"2,58",
ampere,0,gpt2_p64_o64,7g,1,warmup,0,652.8502197265625,21.83795166015625,10.016067747085813,MIG-457656ac-5439-5b56-8fcc-1ff4336bacf5,"2,58",
ampere,0,gpt2_p64_o64,7g,1,sample,0,641.7368774414062,11.11190414428711,10.009920211065383,MIG-457656ac-5439-5b56-8fcc-1ff4336bacf5,"2,58",
ampere,0,gpt2_p64_o64,7g,1,sample,1,643.4463500976562,12.679679870605469,10.012169368683345,MIG-457656ac-5439-5b56-8fcc-1ff4336bacf5,"2,58",
ampere,0,gpt2_p64_o64,7g,1,sample,2,642.8743896484375,12.776320457458496,10.001556653825064,MIG-457656ac-5439-5b56-8fcc-1ff4336bacf5,"2,58",
ampere,0,gpt2_p64_o64,7g,1,sample,3,642.4335327148438,12.493727684020996,9.999044524298775,MIG-457656ac-5439-5b56-8fcc-1ff4336bacf5,"2,58",
ampere,0,gpt2_p64_o64,7g,1,sample,4,641.6630859375,13.070719718933105,9.977656606643919,MIG-457656ac-5439-5b56-8fcc-1ff4336bacf5,"2,58",
ampere,0,gpt2_p64_o64,7g,1,sample,5,640.6171264648438,12.002816200256348,9.978004924834721,MIG-457656ac-5439-5b56-8fcc-1ff4336bacf5,"2,58",
ampere,0,gpt2_p64_o64,7g,1,sample,6,642.220458984375,12.453984260559082,9.99629324958438,MIG-457656ac-5439-5b56-8fcc-1ff4336bacf5,"2,58",
ampere,0,gpt2_p64_o64,7g,1,sample,7,641.6494750976562,12.395135879516602,9.988164114573646,MIG-457656ac-5439-5b56-8fcc-1ff4336bacf5,"2,58",
ampere,0,gpt2_p64_o64,7g,1,sample,8,641.9781494140625,12.54691219329834,9.990972019377208,MIG-457656ac-5439-5b56-8fcc-1ff4336bacf5,"2,58",
ampere,0,gpt2_p64_o64,7g,1,sample,9,642.8728637695312,11.727328300476074,10.018183102683416,MIG-457656ac-5439-5b56-8fcc-1ff4336bacf5,"2,58",
ampere,0,llama_p1024_o128,7g,1,warmup,0,2611.208740234375,52.987327575683594,20.143475690225916,MIG-457656ac-5439-5b56-8fcc-1ff4336bacf5,"2,58",
ampere,0,llama_p1024_o128,7g,1,sample,0,2609.7353515625,47.12464141845703,20.17803708774837,MIG-457656ac-5439-5b56-8fcc-1ff4336bacf5,"2,58",
ampere,0,llama_p1024_o128,7g,1,sample,1,2603.997802734375,46.482177734375,20.137918307086615,MIG-457656ac-5439-5b56-8fcc-1ff4336bacf5,"2,58",
ampere,0,llama_p1024_o128,7g,1,sample,2,2597.40771484375,46.83049774169922,20.083285174031897,MIG-457656ac-5439-5b56-8fcc-1ff4336bacf5,"2,58",
ampere,0,llama_p1024_o128,7g,1,sample,3,2601.854248046875,46.94822311401367,20.1173702750619,MIG-457656ac-5439-5b56-8fcc-1ff4336bacf5,"2,58",
ampere,0,llama_p1024_o128,7g,1,sample,4,2585.56640625,46.74860763549805,19.990691327673243,MIG-457656ac-5439-5b56-8fcc-1ff4336bacf5,"2,58",
ampere,0,llama_p1024_o128,7g,1,sample,5,2592.958740234375,47.423423767089844,20.04358516903374,MIG-457656ac-5439-5b56-8fcc-1ff4336bacf5,"2,58",
ampere,0,llama_p1024_o128,7g,1,sample,6,2596.830322265625,47.617759704589844,20.072539862685318,MIG-457656ac-5439-5b56-8fcc-1ff4336bacf5,"2,58",
ampere,0,llama_p1024_o128,7g,1,sample,7,2594.098388671875,46.969505310058594,20.056132939856823,MIG-457656ac-5439-5b56-8fcc-1ff4336bacf5,"2,58",
ampere,0,llama_p1024_o128,7g,1,sample,8,2601.646728515625,47.316158294677734,20.11283913559801,MIG-457656ac-5439-5b56-8fcc-1ff4336bacf5,"2,58",
ampere,0,llama_p1024_o128,7g,1,sample,9,2597.296142578125,47.10041427612305,20.080281325212614,MIG-457656ac-5439-5b56-8fcc-1ff4336bacf5,"2,58",
ampere,0,llama_p2048_o64,7g,1,warmup,0,1358.2694091796875,99.25711822509766,19.984322078644283,MIG-457656ac-5439-5b56-8fcc-1ff4336bacf5,"2,58",
ampere,0,llama_p2048_o64,7g,1,sample,0,1348.86572265625,94.0084457397461,19.91836947486514,MIG-457656ac-5439-5b56-8fcc-1ff4336bacf5,"2,58",
ampere,0,llama_p2048_o64,7g,1,sample,1,1346.2523193359375,93.69395446777344,19.881878807431175,MIG-457656ac-5439-5b56-8fcc-1ff4336bacf5,"2,58",
ampere,0,llama_p2048_o64,7g,1,sample,2,1348.156982421875,94.29296112060547,19.902603512718564,MIG-457656ac-5439-5b56-8fcc-1ff4336bacf5,"2,58",
ampere,0,llama_p2048_o64,7g,1,sample,3,1357.093994140625,94.35065460205078,20.04354507204086,MIG-457656ac-5439-5b56-8fcc-1ff4336bacf5,"2,58",
ampere,0,llama_p2048_o64,7g,1,sample,4,1350.3822021484375,94.80316925048828,19.929825919015066,MIG-457656ac-5439-5b56-8fcc-1ff4336bacf5,"2,58",
ampere,0,llama_p2048_o64,7g,1,sample,5,1353.05712890625,95.10262298583984,19.96753184000651,MIG-457656ac-5439-5b56-8fcc-1ff4336bacf5,"2,58",
ampere,0,llama_p2048_o64,7g,1,sample,6,1349.3162841796875,95.91561889648438,19.89524865528894,MIG-457656ac-5439-5b56-8fcc-1ff4336bacf5,"2,58",
ampere,0,llama_p2048_o64,7g,1,sample,7,1348.591796875,94.89564514160156,19.89993891640315,MIG-457656ac-5439-5b56-8fcc-1ff4336bacf5,"2,58",
ampere,0,llama_p2048_o64,7g,1,sample,8,1349.245849609375,95.61087799072266,19.898967803470672,MIG-457656ac-5439-5b56-8fcc-1ff4336bacf5,"2,58",
ampere,0,llama_p2048_o64,7g,1,sample,9,1353.0076904296875,94.8001937866211,19.971547565762958,MIG-457656ac-5439-5b56-8fcc-1ff4336bacf5,"2,58",
ampere,0,resnet50_image,7g,1,warmup,0,12.093184471130371,,,MIG-457656ac-5439-5b56-8fcc-1ff4336bacf5,"2,58",
ampere,0,resnet50_image,7g,1,warmup,1,4.597536087036133,,,MIG-457656ac-5439-5b56-8fcc-1ff4336bacf5,"2,58",
ampere,0,resnet50_image,7g,1,warmup,2,4.3144001960754395,,,MIG-457656ac-5439-5b56-8fcc-1ff4336bacf5,"2,58",
ampere,0,resnet50_image,7g,1,warmup,3,4.146143913269043,,,MIG-457656ac-5439-5b56-8fcc-1ff4336bacf5,"2,58",
ampere,0,resnet50_image,7g,1,warmup,4,4.196447849273682,,,MIG-457656ac-5439-5b56-8fcc-1ff4336bacf5,"2,58",
ampere,0,resnet50_image,7g,1,warmup,5,4.13424015045166,,,MIG-457656ac-5439-5b56-8fcc-1ff4336bacf5,"2,58",
ampere,0,resnet50_image,7g,1,warmup,6,4.176224231719971,,,MIG-457656ac-5439-5b56-8fcc-1ff4336bacf5,"2,58",
ampere,0,resnet50_image,7g,1,warmup,7,4.185696125030518,,,MIG-457656ac-5439-5b56-8fcc-1ff4336bacf5,"2,58",
ampere,0,resnet50_image,7g,1,warmup,8,4.179743766784668,,,MIG-457656ac-5439-5b56-8fcc-1ff4336bacf5,"2,58",
ampere,0,resnet50_image,7g,1,warmup,9,4.174111843109131,,,MIG-457656ac-5439-5b56-8fcc-1ff4336bacf5,"2,58",
ampere,0,resnet50_image,7g,1,sample,0,5.2557759284973145,,,MIG-457656ac-5439-5b56-8fcc-1ff4336bacf5,"2,58",
ampere,0,resnet50_image,7g,1,sample,1,4.9667840003967285,,,MIG-457656ac-5439-5b56-8fcc-1ff4336bacf5,"2,58",
ampere,0,resnet50_image,7g,1,sample,2,4.2030720710754395,,,MIG-457656ac-5439-5b56-8fcc-1ff4336bacf5,"2,58",
ampere,0,resnet50_image,7g,1,sample,3,4.1757121086120605,,,MIG-457656ac-5439-5b56-8fcc-1ff4336bacf5,"2,58",
ampere,0,resnet50_image,7g,1,sample,4,5.414559841156006,,,MIG-457656ac-5439-5b56-8fcc-1ff4336bacf5,"2,58",
ampere,0,resnet50_image,7g,1,sample,5,4.410208225250244,,,MIG-457656ac-5439-5b56-8fcc-1ff4336bacf5,"2,58",
ampere,0,resnet50_image,7g,1,sample,6,4.170400142669678,,,MIG-457656ac-5439-5b56-8fcc-1ff4336bacf5,"2,58",
ampere,0,resnet50_image,7g,1,sample,7,4.213888168334961,,,MIG-457656ac-5439-5b56-8fcc-1ff4336bacf5,"2,58",
ampere,0,resnet50_image,7g,1,sample,8,4.183296203613281,,,MIG-457656ac-5439-5b56-8fcc-1ff4336bacf5,"2,58",
ampere,0,resnet50_image,7g,1,sample,9,4.137440204620361,,,MIG-457656ac-5439-5b56-8fcc-1ff4336bacf5,"2,58",
ampere,0,resnet50_image,7g,1,sample,10,4.246496200561523,,,MIG-457656ac-5439-5b56-8fcc-1ff4336bacf5,"2,58",
ampere,0,resnet50_image,7g,1,sample,11,4.218143939971924,,,MIG-457656ac-5439-5b56-8fcc-1ff4336bacf5,"2,58",
ampere,0,resnet50_image,7g,1,sample,12,4.1708478927612305,,,MIG-457656ac-5439-5b56-8fcc-1ff4336bacf5,"2,58",
ampere,0,resnet50_image,7g,1,sample,13,4.101759910583496,,,MIG-457656ac-5439-5b56-8fcc-1ff4336bacf5,"2,58",
ampere,0,resnet50_image,7g,1,sample,14,4.172383785247803,,,MIG-457656ac-5439-5b56-8fcc-1ff4336bacf5,"2,58",
ampere,0,resnet50_image,7g,1,sample,15,4.171840190887451,,,MIG-457656ac-5439-5b56-8fcc-1ff4336bacf5,"2,58",
ampere,0,resnet50_image,7g,1,sample,16,4.177919864654541,,,MIG-457656ac-5439-5b56-8fcc-1ff4336bacf5,"2,58",
ampere,0,resnet50_image,7g,1,sample,17,4.096672058105469,,,MIG-457656ac-5439-5b56-8fcc-1ff4336bacf5,"2,58",
ampere,0,resnet50_image,7g,1,sample,18,4.1836161613464355,,,MIG-457656ac-5439-5b56-8fcc-1ff4336bacf5,"2,58",
ampere,0,resnet50_image,7g,1,sample,19,4.183487892150879,,,MIG-457656ac-5439-5b56-8fcc-1ff4336bacf5,"2,58",
ampere,0,resnet50_image,7g,1,sample,20,4.17955207824707,,,MIG-457656ac-5439-5b56-8fcc-1ff4336bacf5,"2,58",
ampere,0,resnet50_image,7g,1,sample,21,4.120512008666992,,,MIG-457656ac-5439-5b56-8fcc-1ff4336bacf5,"2,58",
ampere,0,resnet50_image,7g,1,sample,22,4.197472095489502,,,MIG-457656ac-5439-5b56-8fcc-1ff4336bacf5,"2,58",
ampere,0,resnet50_image,7g,1,sample,23,4.17855978012085,,,MIG-457656ac-5439-5b56-8fcc-1ff4336bacf5,"2,58",
ampere,0,resnet50_image,7g,1,sample,24,4.155327796936035,,,MIG-457656ac-5439-5b56-8fcc-1ff4336bacf5,"2,58",
ampere,0,resnet50_image,7g,1,sample,25,4.113120079040527,,,MIG-457656ac-5439-5b56-8fcc-1ff4336bacf5,"2,58",
ampere,0,resnet50_image,7g,1,sample,26,4.182240009307861,,,MIG-457656ac-5439-5b56-8fcc-1ff4336bacf5,"2,58",
ampere,0,resnet50_image,7g,1,sample,27,4.107327938079834,,,MIG-457656ac-5439-5b56-8fcc-1ff4336bacf5,"2,58",
ampere,0,resnet50_image,7g,1,sample,28,4.218656063079834,,,MIG-457656ac-5439-5b56-8fcc-1ff4336bacf5,"2,58",
ampere,0,resnet50_image,7g,1,sample,29,4.10422420501709,,,MIG-457656ac-5439-5b56-8fcc-1ff4336bacf5,"2,58",
ampere,0,resnet50_image,7g,1,sample,30,4.178463935852051,,,MIG-457656ac-5439-5b56-8fcc-1ff4336bacf5,"2,58",
ampere,0,resnet50_image,7g,1,sample,31,4.162816047668457,,,MIG-457656ac-5439-5b56-8fcc-1ff4336bacf5,"2,58",
ampere,0,resnet50_image,7g,1,sample,32,6.544320106506348,,,MIG-457656ac-5439-5b56-8fcc-1ff4336bacf5,"2,58",
ampere,0,resnet50_image,7g,1,sample,33,4.131167888641357,,,MIG-457656ac-5439-5b56-8fcc-1ff4336bacf5,"2,58",
ampere,0,resnet50_image,7g,1,sample,34,4.17244815826416,,,MIG-457656ac-5439-5b56-8fcc-1ff4336bacf5,"2,58",
ampere,0,resnet50_image,7g,1,sample,35,4.096704006195068,,,MIG-457656ac-5439-5b56-8fcc-1ff4336bacf5,"2,58",
ampere,0,resnet50_image,7g,1,sample,36,4.188352108001709,,,MIG-457656ac-5439-5b56-8fcc-1ff4336bacf5,"2,58",
ampere,0,resnet50_image,7g,1,sample,37,4.103744029998779,,,MIG-457656ac-5439-5b56-8fcc-1ff4336bacf5,"2,58",
ampere,0,resnet50_image,7g,1,sample,38,4.190080165863037,,,MIG-457656ac-5439-5b56-8fcc-1ff4336bacf5,"2,58",
ampere,0,resnet50_image,7g,1,sample,39,4.1084160804748535,,,MIG-457656ac-5439-5b56-8fcc-1ff4336bacf5,"2,58",
ampere,0,resnet50_image,7g,1,sample,40,4.17625617980957,,,MIG-457656ac-5439-5b56-8fcc-1ff4336bacf5,"2,58",
ampere,0,resnet50_image,7g,1,sample,41,4.155392169952393,,,MIG-457656ac-5439-5b56-8fcc-1ff4336bacf5,"2,58",
ampere,0,resnet50_image,7g,1,sample,42,4.1787519454956055,,,MIG-457656ac-5439-5b56-8fcc-1ff4336bacf5,"2,58",
ampere,0,resnet50_image,7g,1,sample,43,4.17142391204834,,,MIG-457656ac-5439-5b56-8fcc-1ff4336bacf5,"2,58",
ampere,0,resnet50_image,7g,1,sample,44,4.164927959442139,,,MIG-457656ac-5439-5b56-8fcc-1ff4336bacf5,"2,58",
ampere,0,resnet50_image,7g,1,sample,45,4.171840190887451,,,MIG-457656ac-5439-5b56-8fcc-1ff4336bacf5,"2,58",
ampere,0,resnet50_image,7g,1,sample,46,4.210783958435059,,,MIG-457656ac-5439-5b56-8fcc-1ff4336bacf5,"2,58",
ampere,0,resnet50_image,7g,1,sample,47,4.177728176116943,,,MIG-457656ac-5439-5b56-8fcc-1ff4336bacf5,"2,58",
ampere,0,resnet50_image,7g,1,sample,48,4.159264087677002,,,MIG-457656ac-5439-5b56-8fcc-1ff4336bacf5,"2,58",
ampere,0,resnet50_image,7g,1,sample,49,4.110879898071289,,,MIG-457656ac-5439-5b56-8fcc-1ff4336bacf5,"2,58",
ampere,0,resnet50_image,7g,4,warmup,0,32.683135986328125,,,MIG-457656ac-5439-5b56-8fcc-1ff4336bacf5,"2,58",
ampere,0,resnet50_image,7g,4,warmup,1,4.139103889465332,,,MIG-457656ac-5439-5b56-8fcc-1ff4336bacf5,"2,58",
ampere,0,resnet50_image,7g,4,warmup,2,4.117792129516602,,,MIG-457656ac-5439-5b56-8fcc-1ff4336bacf5,"2,58",
ampere,0,resnet50_image,7g,4,warmup,3,4.12502384185791,,,MIG-457656ac-5439-5b56-8fcc-1ff4336bacf5,"2,58",
ampere,0,resnet50_image,7g,4,warmup,4,4.131743907928467,,,MIG-457656ac-5439-5b56-8fcc-1ff4336bacf5,"2,58",
ampere,0,resnet50_image,7g,4,warmup,5,5.113823890686035,,,MIG-457656ac-5439-5b56-8fcc-1ff4336bacf5,"2,58",
ampere,0,resnet50_image,7g,4,warmup,6,4.882527828216553,,,MIG-457656ac-5439-5b56-8fcc-1ff4336bacf5,"2,58",
ampere,0,resnet50_image,7g,4,warmup,7,4.12713623046875,,,MIG-457656ac-5439-5b56-8fcc-1ff4336bacf5,"2,58",
ampere,0,resnet50_image,7g,4,warmup,8,4.1223039627075195,,,MIG-457656ac-5439-5b56-8fcc-1ff4336bacf5,"2,58",
ampere,0,resnet50_image,7g,4,warmup,9,4.152063846588135,,,MIG-457656ac-5439-5b56-8fcc-1ff4336bacf5,"2,58",
ampere,0,resnet50_image,7g,4,sample,0,5.367072105407715,,,MIG-457656ac-5439-5b56-8fcc-1ff4336bacf5,"2,58",
ampere,0,resnet50_image,7g,4,sample,1,4.377120018005371,,,MIG-457656ac-5439-5b56-8fcc-1ff4336bacf5,"2,58",
ampere,0,resnet50_image,7g,4,sample,2,4.11737585067749,,,MIG-457656ac-5439-5b56-8fcc-1ff4336bacf5,"2,58",
ampere,0,resnet50_image,7g,4,sample,3,4.109951972961426,,,MIG-457656ac-5439-5b56-8fcc-1ff4336bacf5,"2,58",
ampere,0,resnet50_image,7g,4,sample,4,4.126688003540039,,,MIG-457656ac-5439-5b56-8fcc-1ff4336bacf5,"2,58",
ampere,0,resnet50_image,7g,4,sample,5,4.109087944030762,,,MIG-457656ac-5439-5b56-8fcc-1ff4336bacf5,"2,58",
ampere,0,resnet50_image,7g,4,sample,6,4.152927875518799,,,MIG-457656ac-5439-5b56-8fcc-1ff4336bacf5,"2,58",
ampere,0,resnet50_image,7g,4,sample,7,4.0371198654174805,,,MIG-457656ac-5439-5b56-8fcc-1ff4336bacf5,"2,58",
ampere,0,resnet50_image,7g,4,sample,8,8.836128234863281,,,MIG-457656ac-5439-5b56-8fcc-1ff4336bacf5,"2,58",
ampere,0,resnet50_image,7g,4,sample,9,6.21776008605957,,,MIG-457656ac-5439-5b56-8fcc-1ff4336bacf5,"2,58",
ampere,0,resnet50_image,7g,4,sample,10,4.2118401527404785,,,MIG-457656ac-5439-5b56-8fcc-1ff4336bacf5,"2,58",
ampere,0,resnet50_image,7g,4,sample,11,4.157408237457275,,,MIG-457656ac-5439-5b56-8fcc-1ff4336bacf5,"2,58",
ampere,0,resnet50_image,7g,4,sample,12,4.116864204406738,,,MIG-457656ac-5439-5b56-8fcc-1ff4336bacf5,"2,58",
ampere,0,resnet50_image,7g,4,sample,13,4.108895778656006,,,MIG-457656ac-5439-5b56-8fcc-1ff4336bacf5,"2,58",
ampere,0,resnet50_image,7g,4,sample,14,4.101471900939941,,,MIG-457656ac-5439-5b56-8fcc-1ff4336bacf5,"2,58",
ampere,0,resnet50_image,7g,4,sample,15,4.1096320152282715,,,MIG-457656ac-5439-5b56-8fcc-1ff4336bacf5,"2,58",
ampere,0,resnet50_image,7g,4,sample,16,4.114272117614746,,,MIG-457656ac-5439-5b56-8fcc-1ff4336bacf5,"2,58",
ampere,0,resnet50_image,7g,4,sample,17,4.100543975830078,,,MIG-457656ac-5439-5b56-8fcc-1ff4336bacf5,"2,58",
ampere,0,resnet50_image,7g,4,sample,18,4.111328125,,,MIG-457656ac-5439-5b56-8fcc-1ff4336bacf5,"2,58",
ampere,0,resnet50_image,7g,4,sample,19,4.119840145111084,,,MIG-457656ac-5439-5b56-8fcc-1ff4336bacf5,"2,58",
ampere,0,resnet50_image,7g,4,sample,20,4.125247955322266,,,MIG-457656ac-5439-5b56-8fcc-1ff4336bacf5,"2,58",
ampere,0,resnet50_image,7g,4,sample,21,4.116799831390381,,,MIG-457656ac-5439-5b56-8fcc-1ff4336bacf5,"2,58",
ampere,0,resnet50_image,7g,4,sample,22,4.133120059967041,,,MIG-457656ac-5439-5b56-8fcc-1ff4336bacf5,"2,58",
ampere,0,resnet50_image,7g,4,sample,23,4.132927894592285,,,MIG-457656ac-5439-5b56-8fcc-1ff4336bacf5,"2,58",
ampere,0,resnet50_image,7g,4,sample,24,4.0543999671936035,,,MIG-457656ac-5439-5b56-8fcc-1ff4336bacf5,"2,58",
ampere,0,resnet50_image,7g,4,sample,25,4.119135856628418,,,MIG-457656ac-5439-5b56-8fcc-1ff4336bacf5,"2,58",
ampere,0,resnet50_image,7g,4,sample,26,4.112991809844971,,,MIG-457656ac-5439-5b56-8fcc-1ff4336bacf5,"2,58",
ampere,0,resnet50_image,7g,4,sample,27,4.118720054626465,,,MIG-457656ac-5439-5b56-8fcc-1ff4336bacf5,"2,58",
ampere,0,resnet50_image,7g,4,sample,28,4.125088214874268,,,MIG-457656ac-5439-5b56-8fcc-1ff4336bacf5,"2,58",
ampere,0,resnet50_image,7g,4,sample,29,4.149888038635254,,,MIG-457656ac-5439-5b56-8fcc-1ff4336bacf5,"2,58",
ampere,0,resnet50_image,7g,4,sample,30,4.100575923919678,,,MIG-457656ac-5439-5b56-8fcc-1ff4336bacf5,"2,58",
ampere,0,resnet50_image,7g,4,sample,31,4.109151840209961,,,MIG-457656ac-5439-5b56-8fcc-1ff4336bacf5,"2,58",
ampere,0,resnet50_image,7g,4,sample,32,4.115327835083008,,,MIG-457656ac-5439-5b56-8fcc-1ff4336bacf5,"2,58",
ampere,0,resnet50_image,7g,4,sample,33,4.118207931518555,,,MIG-457656ac-5439-5b56-8fcc-1ff4336bacf5,"2,58",
ampere,0,resnet50_image,7g,4,sample,34,4.125472068786621,,,MIG-457656ac-5439-5b56-8fcc-1ff4336bacf5,"2,58",
ampere,0,resnet50_image,7g,4,sample,35,4.143392086029053,,,MIG-457656ac-5439-5b56-8fcc-1ff4336bacf5,"2,58",
ampere,0,resnet50_image,7g,4,sample,36,4.1150078773498535,,,MIG-457656ac-5439-5b56-8fcc-1ff4336bacf5,"2,58",
ampere,0,resnet50_image,7g,4,sample,37,4.139071941375732,,,MIG-457656ac-5439-5b56-8fcc-1ff4336bacf5,"2,58",
ampere,0,resnet50_image,7g,4,sample,38,4.1299519538879395,,,MIG-457656ac-5439-5b56-8fcc-1ff4336bacf5,"2,58",
ampere,0,resnet50_image,7g,4,sample,39,4.136064052581787,,,MIG-457656ac-5439-5b56-8fcc-1ff4336bacf5,"2,58",
ampere,0,resnet50_image,7g,4,sample,40,4.111455917358398,,,MIG-457656ac-5439-5b56-8fcc-1ff4336bacf5,"2,58",
ampere,0,resnet50_image,7g,4,sample,41,4.13375997543335,,,MIG-457656ac-5439-5b56-8fcc-1ff4336bacf5,"2,58",
ampere,0,resnet50_image,7g,4,sample,42,4.116447925567627,,,MIG-457656ac-5439-5b56-8fcc-1ff4336bacf5,"2,58",
ampere,0,resnet50_image,7g,4,sample,43,4.169087886810303,,,MIG-457656ac-5439-5b56-8fcc-1ff4336bacf5,"2,58",
ampere,0,resnet50_image,7g,4,sample,44,4.126848220825195,,,MIG-457656ac-5439-5b56-8fcc-1ff4336bacf5,"2,58",
ampere,0,resnet50_image,7g,4,sample,45,4.119679927825928,,,MIG-457656ac-5439-5b56-8fcc-1ff4336bacf5,"2,58",
ampere,0,resnet50_image,7g,4,sample,46,4.1181440353393555,,,MIG-457656ac-5439-5b56-8fcc-1ff4336bacf5,"2,58",
ampere,0,resnet50_image,7g,4,sample,47,4.108448028564453,,,MIG-457656ac-5439-5b56-8fcc-1ff4336bacf5,"2,58",
ampere,0,resnet50_image,7g,4,sample,48,4.1212477684021,,,MIG-457656ac-5439-5b56-8fcc-1ff4336bacf5,"2,58",
ampere,0,resnet50_image,7g,4,sample,49,4.2084479331970215,,,MIG-457656ac-5439-5b56-8fcc-1ff4336bacf5,"2,58",
ampere,0,resnet50_image,7g,16,warmup,0,22.68592071533203,,,MIG-457656ac-5439-5b56-8fcc-1ff4336bacf5,"2,58",
ampere,0,resnet50_image,7g,16,warmup,1,6.886943817138672,,,MIG-457656ac-5439-5b56-8fcc-1ff4336bacf5,"2,58",
ampere,0,resnet50_image,7g,16,warmup,2,6.913440227508545,,,MIG-457656ac-5439-5b56-8fcc-1ff4336bacf5,"2,58",
ampere,0,resnet50_image,7g,16,warmup,3,6.893152236938477,,,MIG-457656ac-5439-5b56-8fcc-1ff4336bacf5,"2,58",
ampere,0,resnet50_image,7g,16,warmup,4,6.888768196105957,,,MIG-457656ac-5439-5b56-8fcc-1ff4336bacf5,"2,58",
ampere,0,resnet50_image,7g,16,warmup,5,6.937151908874512,,,MIG-457656ac-5439-5b56-8fcc-1ff4336bacf5,"2,58",
ampere,0,resnet50_image,7g,16,warmup,6,6.969503879547119,,,MIG-457656ac-5439-5b56-8fcc-1ff4336bacf5,"2,58",
ampere,0,resnet50_image,7g,16,warmup,7,6.991231918334961,,,MIG-457656ac-5439-5b56-8fcc-1ff4336bacf5,"2,58",
ampere,0,resnet50_image,7g,16,warmup,8,7.035967826843262,,,MIG-457656ac-5439-5b56-8fcc-1ff4336bacf5,"2,58",
ampere,0,resnet50_image,7g,16,warmup,9,7.065983772277832,,,MIG-457656ac-5439-5b56-8fcc-1ff4336bacf5,"2,58",
ampere,0,resnet50_image,7g,16,sample,0,7.00713586807251,,,MIG-457656ac-5439-5b56-8fcc-1ff4336bacf5,"2,58",
ampere,0,resnet50_image,7g,16,sample,1,6.980160236358643,,,MIG-457656ac-5439-5b56-8fcc-1ff4336bacf5,"2,58",
ampere,0,resnet50_image,7g,16,sample,2,6.9805121421813965,,,MIG-457656ac-5439-5b56-8fcc-1ff4336bacf5,"2,58",
ampere,0,resnet50_image,7g,16,sample,3,7.043647766113281,,,MIG-457656ac-5439-5b56-8fcc-1ff4336bacf5,"2,58",
ampere,0,resnet50_image,7g,16,sample,4,7.021312236785889,,,MIG-457656ac-5439-5b56-8fcc-1ff4336bacf5,"2,58",
ampere,0,resnet50_image,7g,16,sample,5,7.039360046386719,,,MIG-457656ac-5439-5b56-8fcc-1ff4336bacf5,"2,58",
ampere,0,resnet50_image,7g,16,sample,6,7.023168087005615,,,MIG-457656ac-5439-5b56-8fcc-1ff4336bacf5,"2,58",
ampere,0,resnet50_image,7g,16,sample,7,7.049824237823486,,,MIG-457656ac-5439-5b56-8fcc-1ff4336bacf5,"2,58",
ampere,0,resnet50_image,7g,16,sample,8,7.064191818237305,,,MIG-457656ac-5439-5b56-8fcc-1ff4336bacf5,"2,58",
ampere,0,resnet50_image,7g,16,sample,9,7.081759929656982,,,MIG-457656ac-5439-5b56-8fcc-1ff4336bacf5,"2,58",
ampere,0,resnet50_image,7g,16,sample,10,7.077792167663574,,,MIG-457656ac-5439-5b56-8fcc-1ff4336bacf5,"2,58",
ampere,0,resnet50_image,7g,16,sample,11,7.095232009887695,,,MIG-457656ac-5439-5b56-8fcc-1ff4336bacf5,"2,58",
ampere,0,resnet50_image,7g,16,sample,12,7.077663898468018,,,MIG-457656ac-5439-5b56-8fcc-1ff4336bacf5,"2,58",
ampere,0,resnet50_image,7g,16,sample,13,7.0800957679748535,,,MIG-457656ac-5439-5b56-8fcc-1ff4336bacf5,"2,58",
ampere,0,resnet50_image,7g,16,sample,14,7.0845441818237305,,,MIG-457656ac-5439-5b56-8fcc-1ff4336bacf5,"2,58",
ampere,0,resnet50_image,7g,16,sample,15,7.0851521492004395,,,MIG-457656ac-5439-5b56-8fcc-1ff4336bacf5,"2,58",
ampere,0,resnet50_image,7g,16,sample,16,7.079616069793701,,,MIG-457656ac-5439-5b56-8fcc-1ff4336bacf5,"2,58",
ampere,0,resnet50_image,7g,16,sample,17,7.078688144683838,,,MIG-457656ac-5439-5b56-8fcc-1ff4336bacf5,"2,58",
ampere,0,resnet50_image,7g,16,sample,18,7.074431896209717,,,MIG-457656ac-5439-5b56-8fcc-1ff4336bacf5,"2,58",
ampere,0,resnet50_image,7g,16,sample,19,7.0814080238342285,,,MIG-457656ac-5439-5b56-8fcc-1ff4336bacf5,"2,58",
ampere,0,resnet50_image,7g,16,sample,20,7.086048126220703,,,MIG-457656ac-5439-5b56-8fcc-1ff4336bacf5,"2,58",
ampere,0,resnet50_image,7g,16,sample,21,7.07206392288208,,,MIG-457656ac-5439-5b56-8fcc-1ff4336bacf5,"2,58",
ampere,0,resnet50_image,7g,16,sample,22,7.074560165405273,,,MIG-457656ac-5439-5b56-8fcc-1ff4336bacf5,"2,58",
ampere,0,resnet50_image,7g,16,sample,23,7.075007915496826,,,MIG-457656ac-5439-5b56-8fcc-1ff4336bacf5,"2,58",
ampere,0,resnet50_image,7g,16,sample,24,7.084224224090576,,,MIG-457656ac-5439-5b56-8fcc-1ff4336bacf5,"2,58",
ampere,0,resnet50_image,7g,16,sample,25,7.077568054199219,,,MIG-457656ac-5439-5b56-8fcc-1ff4336bacf5,"2,58",
ampere,0,resnet50_image,7g,16,sample,26,7.082848072052002,,,MIG-457656ac-5439-5b56-8fcc-1ff4336bacf5,"2,58",
ampere,0,resnet50_image,7g,16,sample,27,7.078527927398682,,,MIG-457656ac-5439-5b56-8fcc-1ff4336bacf5,"2,58",
ampere,0,resnet50_image,7g,16,sample,28,7.074143886566162,,,MIG-457656ac-5439-5b56-8fcc-1ff4336bacf5,"2,58",
ampere,0,resnet50_image,7g,16,sample,29,7.08841609954834,,,MIG-457656ac-5439-5b56-8fcc-1ff4336bacf5,"2,58",
ampere,0,resnet50_image,7g,16,sample,30,7.090752124786377,,,MIG-457656ac-5439-5b56-8fcc-1ff4336bacf5,"2,58",
ampere,0,resnet50_image,7g,16,sample,31,7.0775041580200195,,,MIG-457656ac-5439-5b56-8fcc-1ff4336bacf5,"2,58",
ampere,0,resnet50_image,7g,16,sample,32,7.084864139556885,,,MIG-457656ac-5439-5b56-8fcc-1ff4336bacf5,"2,58",
ampere,0,resnet50_image,7g,16,sample,33,7.115039825439453,,,MIG-457656ac-5439-5b56-8fcc-1ff4336bacf5,"2,58",
ampere,0,resnet50_image,7g,16,sample,34,7.132160186767578,,,MIG-457656ac-5439-5b56-8fcc-1ff4336bacf5,"2,58",
ampere,0,resnet50_image,7g,16,sample,35,7.136320114135742,,,MIG-457656ac-5439-5b56-8fcc-1ff4336bacf5,"2,58",
ampere,0,resnet50_image,7g,16,sample,36,7.1282877922058105,,,MIG-457656ac-5439-5b56-8fcc-1ff4336bacf5,"2,58",
ampere,0,resnet50_image,7g,16,sample,37,7.128992080688477,,,MIG-457656ac-5439-5b56-8fcc-1ff4336bacf5,"2,58",
ampere,0,resnet50_image,7g,16,sample,38,7.126880168914795,,,MIG-457656ac-5439-5b56-8fcc-1ff4336bacf5,"2,58",
ampere,0,resnet50_image,7g,16,sample,39,7.129727840423584,,,MIG-457656ac-5439-5b56-8fcc-1ff4336bacf5,"2,58",
ampere,0,resnet50_image,7g,16,sample,40,7.1235198974609375,,,MIG-457656ac-5439-5b56-8fcc-1ff4336bacf5,"2,58",
ampere,0,resnet50_image,7g,16,sample,41,7.142879962921143,,,MIG-457656ac-5439-5b56-8fcc-1ff4336bacf5,"2,58",
ampere,0,resnet50_image,7g,16,sample,42,7.124927997589111,,,MIG-457656ac-5439-5b56-8fcc-1ff4336bacf5,"2,58",
ampere,0,resnet50_image,7g,16,sample,43,7.123775959014893,,,MIG-457656ac-5439-5b56-8fcc-1ff4336bacf5,"2,58",
ampere,0,resnet50_image,7g,16,sample,44,7.140031814575195,,,MIG-457656ac-5439-5b56-8fcc-1ff4336bacf5,"2,58",
ampere,0,resnet50_image,7g,16,sample,45,7.124959945678711,,,MIG-457656ac-5439-5b56-8fcc-1ff4336bacf5,"2,58",
ampere,0,resnet50_image,7g,16,sample,46,7.115968227386475,,,MIG-457656ac-5439-5b56-8fcc-1ff4336bacf5,"2,58",
ampere,0,resnet50_image,7g,16,sample,47,7.114272117614746,,,MIG-457656ac-5439-5b56-8fcc-1ff4336bacf5,"2,58",
ampere,0,resnet50_image,7g,16,sample,48,7.116032123565674,,,MIG-457656ac-5439-5b56-8fcc-1ff4336bacf5,"2,58",
ampere,0,resnet50_image,7g,16,sample,49,7.105408191680908,,,MIG-457656ac-5439-5b56-8fcc-1ff4336bacf5,"2,58",
ampere,0,resnet50_image,7g,32,warmup,0,26.43903923034668,,,MIG-457656ac-5439-5b56-8fcc-1ff4336bacf5,"2,58",
ampere,0,resnet50_image,7g,32,warmup,1,12.436960220336914,,,MIG-457656ac-5439-5b56-8fcc-1ff4336bacf5,"2,58",
ampere,0,resnet50_image,7g,32,warmup,2,12.416383743286133,,,MIG-457656ac-5439-5b56-8fcc-1ff4336bacf5,"2,58",
ampere,0,resnet50_image,7g,32,warmup,3,12.431103706359863,,,MIG-457656ac-5439-5b56-8fcc-1ff4336bacf5,"2,58",
ampere,0,resnet50_image,7g,32,warmup,4,12.686911582946777,,,MIG-457656ac-5439-5b56-8fcc-1ff4336bacf5,"2,58",
ampere,0,resnet50_image,7g,32,warmup,5,12.790623664855957,,,MIG-457656ac-5439-5b56-8fcc-1ff4336bacf5,"2,58",
ampere,0,resnet50_image,7g,32,warmup,6,12.845664024353027,,,MIG-457656ac-5439-5b56-8fcc-1ff4336bacf5,"2,58",
ampere,0,resnet50_image,7g,32,warmup,7,12.911104202270508,,,MIG-457656ac-5439-5b56-8fcc-1ff4336bacf5,"2,58",
ampere,0,resnet50_image,7g,32,warmup,8,12.886112213134766,,,MIG-457656ac-5439-5b56-8fcc-1ff4336bacf5,"2,58",
ampere,0,resnet50_image,7g,32,warmup,9,12.841312408447266,,,MIG-457656ac-5439-5b56-8fcc-1ff4336bacf5,"2,58",
ampere,0,resnet50_image,7g,32,sample,0,12.833184242248535,,,MIG-457656ac-5439-5b56-8fcc-1ff4336bacf5,"2,58",
ampere,0,resnet50_image,7g,32,sample,1,12.695039749145508,,,MIG-457656ac-5439-5b56-8fcc-1ff4336bacf5,"2,58",
ampere,0,resnet50_image,7g,32,sample,2,12.653696060180664,,,MIG-457656ac-5439-5b56-8fcc-1ff4336bacf5,"2,58",
ampere,0,resnet50_image,7g,32,sample,3,12.675935745239258,,,MIG-457656ac-5439-5b56-8fcc-1ff4336bacf5,"2,58",
ampere,0,resnet50_image,7g,32,sample,4,12.848031997680664,,,MIG-457656ac-5439-5b56-8fcc-1ff4336bacf5,"2,58",
ampere,0,resnet50_image,7g,32,sample,5,12.811327934265137,,,MIG-457656ac-5439-5b56-8fcc-1ff4336bacf5,"2,58",
ampere,0,resnet50_image,7g,32,sample,6,12.824799537658691,,,MIG-457656ac-5439-5b56-8fcc-1ff4336bacf5,"2,58",
ampere,0,resnet50_image,7g,32,sample,7,12.806559562683105,,,MIG-457656ac-5439-5b56-8fcc-1ff4336bacf5,"2,58",
ampere,0,resnet50_image,7g,32,sample,8,12.849791526794434,,,MIG-457656ac-5439-5b56-8fcc-1ff4336bacf5,"2,58",
ampere,0,resnet50_image,7g,32,sample,9,12.844032287597656,,,MIG-457656ac-5439-5b56-8fcc-1ff4336bacf5,"2,58",
ampere,0,resnet50_image,7g,32,sample,10,12.84278392791748,,,MIG-457656ac-5439-5b56-8fcc-1ff4336bacf5,"2,58",
ampere,0,resnet50_image,7g,32,sample,11,12.856255531311035,,,MIG-457656ac-5439-5b56-8fcc-1ff4336bacf5,"2,58",
ampere,0,resnet50_image,7g,32,sample,12,12.845536231994629,,,MIG-457656ac-5439-5b56-8fcc-1ff4336bacf5,"2,58",
ampere,0,resnet50_image,7g,32,sample,13,12.846752166748047,,,MIG-457656ac-5439-5b56-8fcc-1ff4336bacf5,"2,58",
ampere,0,resnet50_image,7g,32,sample,14,12.845120429992676,,,MIG-457656ac-5439-5b56-8fcc-1ff4336bacf5,"2,58",
ampere,0,resnet50_image,7g,32,sample,15,12.851807594299316,,,MIG-457656ac-5439-5b56-8fcc-1ff4336bacf5,"2,58",
ampere,0,resnet50_image,7g,32,sample,16,12.837599754333496,,,MIG-457656ac-5439-5b56-8fcc-1ff4336bacf5,"2,58",
ampere,0,resnet50_image,7g,32,sample,17,12.841919898986816,,,MIG-457656ac-5439-5b56-8fcc-1ff4336bacf5,"2,58",
ampere,0,resnet50_image,7g,32,sample,18,12.850687980651855,,,MIG-457656ac-5439-5b56-8fcc-1ff4336bacf5,"2,58",
ampere,0,resnet50_image,7g,32,sample,19,12.845727920532227,,,MIG-457656ac-5439-5b56-8fcc-1ff4336bacf5,"2,58",
ampere,0,resnet50_image,7g,32,sample,20,12.628191947937012,,,MIG-457656ac-5439-5b56-8fcc-1ff4336bacf5,"2,58",
ampere,0,resnet50_image,7g,32,sample,21,12.469280242919922,,,MIG-457656ac-5439-5b56-8fcc-1ff4336bacf5,"2,58",
ampere,0,resnet50_image,7g,32,sample,22,12.422271728515625,,,MIG-457656ac-5439-5b56-8fcc-1ff4336bacf5,"2,58",
ampere,0,resnet50_image,7g,32,sample,23,12.385120391845703,,,MIG-457656ac-5439-5b56-8fcc-1ff4336bacf5,"2,58",
ampere,0,resnet50_image,7g,32,sample,24,12.649984359741211,,,MIG-457656ac-5439-5b56-8fcc-1ff4336bacf5,"2,58",
ampere,0,resnet50_image,7g,32,sample,25,12.512831687927246,,,MIG-457656ac-5439-5b56-8fcc-1ff4336bacf5,"2,58",
ampere,0,resnet50_image,7g,32,sample,26,12.493439674377441,,,MIG-457656ac-5439-5b56-8fcc-1ff4336bacf5,"2,58",
ampere,0,resnet50_image,7g,32,sample,27,12.47424030303955,,,MIG-457656ac-5439-5b56-8fcc-1ff4336bacf5,"2,58",
ampere,0,resnet50_image,7g,32,sample,28,12.450271606445312,,,MIG-457656ac-5439-5b56-8fcc-1ff4336bacf5,"2,58",
ampere,0,resnet50_image,7g,32,sample,29,12.454079627990723,,,MIG-457656ac-5439-5b56-8fcc-1ff4336bacf5,"2,58",
ampere,0,resnet50_image,7g,32,sample,30,12.393407821655273,,,MIG-457656ac-5439-5b56-8fcc-1ff4336bacf5,"2,58",
ampere,0,resnet50_image,7g,32,sample,31,12.478912353515625,,,MIG-457656ac-5439-5b56-8fcc-1ff4336bacf5,"2,58",
ampere,0,resnet50_image,7g,32,sample,32,12.508319854736328,,,MIG-457656ac-5439-5b56-8fcc-1ff4336bacf5,"2,58",
ampere,0,resnet50_image,7g,32,sample,33,12.695008277893066,,,MIG-457656ac-5439-5b56-8fcc-1ff4336bacf5,"2,58",
ampere,0,resnet50_image,7g,32,sample,34,12.812159538269043,,,MIG-457656ac-5439-5b56-8fcc-1ff4336bacf5,"2,58",
ampere,0,resnet50_image,7g,32,sample,35,12.85206413269043,,,MIG-457656ac-5439-5b56-8fcc-1ff4336bacf5,"2,58",
ampere,0,resnet50_image,7g,32,sample,36,12.84774398803711,,,MIG-457656ac-5439-5b56-8fcc-1ff4336bacf5,"2,58",
ampere,0,resnet50_image,7g,32,sample,37,12.84233570098877,,,MIG-457656ac-5439-5b56-8fcc-1ff4336bacf5,"2,58",
ampere,0,resnet50_image,7g,32,sample,38,12.847999572753906,,,MIG-457656ac-5439-5b56-8fcc-1ff4336bacf5,"2,58",
ampere,0,resnet50_image,7g,32,sample,39,12.84006404876709,,,MIG-457656ac-5439-5b56-8fcc-1ff4336bacf5,"2,58",
ampere,0,resnet50_image,7g,32,sample,40,12.85968017578125,,,MIG-457656ac-5439-5b56-8fcc-1ff4336bacf5,"2,58",
ampere,0,resnet50_image,7g,32,sample,41,12.846048355102539,,,MIG-457656ac-5439-5b56-8fcc-1ff4336bacf5,"2,58",
ampere,0,resnet50_image,7g,32,sample,42,12.841567993164062,,,MIG-457656ac-5439-5b56-8fcc-1ff4336bacf5,"2,58",
ampere,0,resnet50_image,7g,32,sample,43,12.843423843383789,,,MIG-457656ac-5439-5b56-8fcc-1ff4336bacf5,"2,58",
ampere,0,resnet50_image,7g,32,sample,44,12.843584060668945,,,MIG-457656ac-5439-5b56-8fcc-1ff4336bacf5,"2,58",
ampere,0,resnet50_image,7g,32,sample,45,12.83238410949707,,,MIG-457656ac-5439-5b56-8fcc-1ff4336bacf5,"2,58",
ampere,0,resnet50_image,7g,32,sample,46,12.838144302368164,,,MIG-457656ac-5439-5b56-8fcc-1ff4336bacf5,"2,58",
ampere,0,resnet50_image,7g,32,sample,47,12.835359573364258,,,MIG-457656ac-5439-5b56-8fcc-1ff4336bacf5,"2,58",
ampere,0,resnet50_image,7g,32,sample,48,12.854623794555664,,,MIG-457656ac-5439-5b56-8fcc-1ff4336bacf5,"2,58",
ampere,0,resnet50_image,7g,32,sample,49,12.852095603942871,,,MIG-457656ac-5439-5b56-8fcc-1ff4336bacf5,"2,58",
ampere,0,resnet50_image,7g,64,warmup,0,25.443359375,,,MIG-457656ac-5439-5b56-8fcc-1ff4336bacf5,"2,58",
ampere,0,resnet50_image,7g,64,warmup,1,23.602975845336914,,,MIG-457656ac-5439-5b56-8fcc-1ff4336bacf5,"2,58",
ampere,0,resnet50_image,7g,64,warmup,2,23.87500762939453,,,MIG-457656ac-5439-5b56-8fcc-1ff4336bacf5,"2,58",
ampere,0,resnet50_image,7g,64,warmup,3,24.076480865478516,,,MIG-457656ac-5439-5b56-8fcc-1ff4336bacf5,"2,58",
ampere,0,resnet50_image,7g,64,warmup,4,24.119455337524414,,,MIG-457656ac-5439-5b56-8fcc-1ff4336bacf5,"2,58",
ampere,0,resnet50_image,7g,64,warmup,5,24.231327056884766,,,MIG-457656ac-5439-5b56-8fcc-1ff4336bacf5,"2,58",
ampere,0,resnet50_image,7g,64,warmup,6,24.237855911254883,,,MIG-457656ac-5439-5b56-8fcc-1ff4336bacf5,"2,58",
ampere,0,resnet50_image,7g,64,warmup,7,24.150400161743164,,,MIG-457656ac-5439-5b56-8fcc-1ff4336bacf5,"2,58",
ampere,0,resnet50_image,7g,64,warmup,8,24.103904724121094,,,MIG-457656ac-5439-5b56-8fcc-1ff4336bacf5,"2,58",
ampere,0,resnet50_image,7g,64,warmup,9,24.11315155029297,,,MIG-457656ac-5439-5b56-8fcc-1ff4336bacf5,"2,58",
ampere,0,resnet50_image,7g,64,sample,0,23.8374080657959,,,MIG-457656ac-5439-5b56-8fcc-1ff4336bacf5,"2,58",
ampere,0,resnet50_image,7g,64,sample,1,23.823423385620117,,,MIG-457656ac-5439-5b56-8fcc-1ff4336bacf5,"2,58",
ampere,0,resnet50_image,7g,64,sample,2,23.817855834960938,,,MIG-457656ac-5439-5b56-8fcc-1ff4336bacf5,"2,58",
ampere,0,resnet50_image,7g,64,sample,3,24.061695098876953,,,MIG-457656ac-5439-5b56-8fcc-1ff4336bacf5,"2,58",
ampere,0,resnet50_image,7g,64,sample,4,24.063552856445312,,,MIG-457656ac-5439-5b56-8fcc-1ff4336bacf5,"2,58",
ampere,0,resnet50_image,7g,64,sample,5,24.073055267333984,,,MIG-457656ac-5439-5b56-8fcc-1ff4336bacf5,"2,58",
ampere,0,resnet50_image,7g,64,sample,6,24.109888076782227,,,MIG-457656ac-5439-5b56-8fcc-1ff4336bacf5,"2,58",
ampere,0,resnet50_image,7g,64,sample,7,24.137088775634766,,,MIG-457656ac-5439-5b56-8fcc-1ff4336bacf5,"2,58",
ampere,0,resnet50_image,7g,64,sample,8,24.137184143066406,,,MIG-457656ac-5439-5b56-8fcc-1ff4336bacf5,"2,58",
ampere,0,resnet50_image,7g,64,sample,9,24.231359481811523,,,MIG-457656ac-5439-5b56-8fcc-1ff4336bacf5,"2,58",
ampere,0,resnet50_image,7g,64,sample,10,24.225727081298828,,,MIG-457656ac-5439-5b56-8fcc-1ff4336bacf5,"2,58",
ampere,0,resnet50_image,7g,64,sample,11,24.06172752380371,,,MIG-457656ac-5439-5b56-8fcc-1ff4336bacf5,"2,58",
ampere,0,resnet50_image,7g,64,sample,12,24.03001594543457,,,MIG-457656ac-5439-5b56-8fcc-1ff4336bacf5,"2,58",
ampere,0,resnet50_image,7g,64,sample,13,24.288063049316406,,,MIG-457656ac-5439-5b56-8fcc-1ff4336bacf5,"2,58",
ampere,0,resnet50_image,7g,64,sample,14,24.22096061706543,,,MIG-457656ac-5439-5b56-8fcc-1ff4336bacf5,"2,58",
ampere,0,resnet50_image,7g,64,sample,15,24.0882568359375,,,MIG-457656ac-5439-5b56-8fcc-1ff4336bacf5,"2,58",
ampere,0,resnet50_image,7g,64,sample,16,24.061824798583984,,,MIG-457656ac-5439-5b56-8fcc-1ff4336bacf5,"2,58",
ampere,0,resnet50_image,7g,64,sample,17,24.064960479736328,,,MIG-457656ac-5439-5b56-8fcc-1ff4336bacf5,"2,58",
ampere,0,resnet50_image,7g,64,sample,18,24.11631965637207,,,MIG-457656ac-5439-5b56-8fcc-1ff4336bacf5,"2,58",
ampere,0,resnet50_image,7g,64,sample,19,24.108383178710938,,,MIG-457656ac-5439-5b56-8fcc-1ff4336bacf5,"2,58",
ampere,0,resnet50_image,7g,64,sample,20,24.11737632751465,,,MIG-457656ac-5439-5b56-8fcc-1ff4336bacf5,"2,58",
ampere,0,resnet50_image,7g,64,sample,21,24.115135192871094,,,MIG-457656ac-5439-5b56-8fcc-1ff4336bacf5,"2,58",
ampere,0,resnet50_image,7g,64,sample,22,24.11142349243164,,,MIG-457656ac-5439-5b56-8fcc-1ff4336bacf5,"2,58",
ampere,0,resnet50_image,7g,64,sample,23,24.229984283447266,,,MIG-457656ac-5439-5b56-8fcc-1ff4336bacf5,"2,58",
ampere,0,resnet50_image,7g,64,sample,24,24.2410888671875,,,MIG-457656ac-5439-5b56-8fcc-1ff4336bacf5,"2,58",
ampere,0,resnet50_image,7g,64,sample,25,24.220224380493164,,,MIG-457656ac-5439-5b56-8fcc-1ff4336bacf5,"2,58",
ampere,0,resnet50_image,7g,64,sample,26,24.144607543945312,,,MIG-457656ac-5439-5b56-8fcc-1ff4336bacf5,"2,58",
ampere,0,resnet50_image,7g,64,sample,27,24.219327926635742,,,MIG-457656ac-5439-5b56-8fcc-1ff4336bacf5,"2,58",
ampere,0,resnet50_image,7g,64,sample,28,24.239551544189453,,,MIG-457656ac-5439-5b56-8fcc-1ff4336bacf5,"2,58",
ampere,0,resnet50_image,7g,64,sample,29,24.15727996826172,,,MIG-457656ac-5439-5b56-8fcc-1ff4336bacf5,"2,58",
ampere,0,resnet50_image,7g,64,sample,30,24.107648849487305,,,MIG-457656ac-5439-5b56-8fcc-1ff4336bacf5,"2,58",
ampere,0,resnet50_image,7g,64,sample,31,23.98873519897461,,,MIG-457656ac-5439-5b56-8fcc-1ff4336bacf5,"2,58",
ampere,0,resnet50_image,7g,64,sample,32,24.10492706298828,,,MIG-457656ac-5439-5b56-8fcc-1ff4336bacf5,"2,58",
ampere,0,resnet50_image,7g,64,sample,33,24.24630355834961,,,MIG-457656ac-5439-5b56-8fcc-1ff4336bacf5,"2,58",
ampere,0,resnet50_image,7g,64,sample,34,24.23961639404297,,,MIG-457656ac-5439-5b56-8fcc-1ff4336bacf5,"2,58",
ampere,0,resnet50_image,7g,64,sample,35,24.14031982421875,,,MIG-457656ac-5439-5b56-8fcc-1ff4336bacf5,"2,58",
ampere,0,resnet50_image,7g,64,sample,36,24.111135482788086,,,MIG-457656ac-5439-5b56-8fcc-1ff4336bacf5,"2,58",
ampere,0,resnet50_image,7g,64,sample,37,24.219135284423828,,,MIG-457656ac-5439-5b56-8fcc-1ff4336bacf5,"2,58",
ampere,0,resnet50_image,7g,64,sample,38,24.23017692565918,,,MIG-457656ac-5439-5b56-8fcc-1ff4336bacf5,"2,58",
ampere,0,resnet50_image,7g,64,sample,39,24.242431640625,,,MIG-457656ac-5439-5b56-8fcc-1ff4336bacf5,"2,58",
ampere,0,resnet50_image,7g,64,sample,40,24.1265926361084,,,MIG-457656ac-5439-5b56-8fcc-1ff4336bacf5,"2,58",
ampere,0,resnet50_image,7g,64,sample,41,23.978336334228516,,,MIG-457656ac-5439-5b56-8fcc-1ff4336bacf5,"2,58",
ampere,0,resnet50_image,7g,64,sample,42,24.103647232055664,,,MIG-457656ac-5439-5b56-8fcc-1ff4336bacf5,"2,58",
ampere,0,resnet50_image,7g,64,sample,43,24.105791091918945,,,MIG-457656ac-5439-5b56-8fcc-1ff4336bacf5,"2,58",
ampere,0,resnet50_image,7g,64,sample,44,24.117151260375977,,,MIG-457656ac-5439-5b56-8fcc-1ff4336bacf5,"2,58",
ampere,0,resnet50_image,7g,64,sample,45,24.109024047851562,,,MIG-457656ac-5439-5b56-8fcc-1ff4336bacf5,"2,58",
ampere,0,resnet50_image,7g,64,sample,46,24.113920211791992,,,MIG-457656ac-5439-5b56-8fcc-1ff4336bacf5,"2,58",
ampere,0,resnet50_image,7g,64,sample,47,24.108640670776367,,,MIG-457656ac-5439-5b56-8fcc-1ff4336bacf5,"2,58",
ampere,0,resnet50_image,7g,64,sample,48,24.109888076782227,,,MIG-457656ac-5439-5b56-8fcc-1ff4336bacf5,"2,58",
ampere,0,resnet50_image,7g,64,sample,49,24.135456085205078,,,MIG-457656ac-5439-5b56-8fcc-1ff4336bacf5,"2,58",
ampere,0,vgg16_image,7g,1,warmup,0,4.016928195953369,,,MIG-457656ac-5439-5b56-8fcc-1ff4336bacf5,"2,58",
ampere,0,vgg16_image,7g,1,warmup,1,1.6046080589294434,,,MIG-457656ac-5439-5b56-8fcc-1ff4336bacf5,"2,58",
ampere,0,vgg16_image,7g,1,warmup,2,1.56496000289917,,,MIG-457656ac-5439-5b56-8fcc-1ff4336bacf5,"2,58",
ampere,0,vgg16_image,7g,1,warmup,3,1.5532159805297852,,,MIG-457656ac-5439-5b56-8fcc-1ff4336bacf5,"2,58",
ampere,0,vgg16_image,7g,1,warmup,4,1.5598080158233643,,,MIG-457656ac-5439-5b56-8fcc-1ff4336bacf5,"2,58",
ampere,0,vgg16_image,7g,1,warmup,5,1.5590399503707886,,,MIG-457656ac-5439-5b56-8fcc-1ff4336bacf5,"2,58",
ampere,0,vgg16_image,7g,1,warmup,6,1.6224960088729858,,,MIG-457656ac-5439-5b56-8fcc-1ff4336bacf5,"2,58",
ampere,0,vgg16_image,7g,1,warmup,7,2.421600103378296,,,MIG-457656ac-5439-5b56-8fcc-1ff4336bacf5,"2,58",
ampere,0,vgg16_image,7g,1,warmup,8,3.169248104095459,,,MIG-457656ac-5439-5b56-8fcc-1ff4336bacf5,"2,58",
ampere,0,vgg16_image,7g,1,warmup,9,2.494623899459839,,,MIG-457656ac-5439-5b56-8fcc-1ff4336bacf5,"2,58",
ampere,0,vgg16_image,7g,1,sample,0,2.0775680541992188,,,MIG-457656ac-5439-5b56-8fcc-1ff4336bacf5,"2,58",
ampere,0,vgg16_image,7g,1,sample,1,1.9734400510787964,,,MIG-457656ac-5439-5b56-8fcc-1ff4336bacf5,"2,58",
ampere,0,vgg16_image,7g,1,sample,2,1.8949439525604248,,,MIG-457656ac-5439-5b56-8fcc-1ff4336bacf5,"2,58",
ampere,0,vgg16_image,7g,1,sample,3,1.825600028038025,,,MIG-457656ac-5439-5b56-8fcc-1ff4336bacf5,"2,58",
ampere,0,vgg16_image,7g,1,sample,4,1.6632959842681885,,,MIG-457656ac-5439-5b56-8fcc-1ff4336bacf5,"2,58",
ampere,0,vgg16_image,7g,1,sample,5,1.7615679502487183,,,MIG-457656ac-5439-5b56-8fcc-1ff4336bacf5,"2,58",
ampere,0,vgg16_image,7g,1,sample,6,1.7280960083007812,,,MIG-457656ac-5439-5b56-8fcc-1ff4336bacf5,"2,58",
ampere,0,vgg16_image,7g,1,sample,7,1.6372480392456055,,,MIG-457656ac-5439-5b56-8fcc-1ff4336bacf5,"2,58",
ampere,0,vgg16_image,7g,1,sample,8,1.7379839420318604,,,MIG-457656ac-5439-5b56-8fcc-1ff4336bacf5,"2,58",
ampere,0,vgg16_image,7g,1,sample,9,1.728384017944336,,,MIG-457656ac-5439-5b56-8fcc-1ff4336bacf5,"2,58",
ampere,0,vgg16_image,7g,1,sample,10,1.6981120109558105,,,MIG-457656ac-5439-5b56-8fcc-1ff4336bacf5,"2,58",
ampere,0,vgg16_image,7g,1,sample,11,1.621567964553833,,,MIG-457656ac-5439-5b56-8fcc-1ff4336bacf5,"2,58",
ampere,0,vgg16_image,7g,1,sample,12,1.5855679512023926,,,MIG-457656ac-5439-5b56-8fcc-1ff4336bacf5,"2,58",
ampere,0,vgg16_image,7g,1,sample,13,1.5785280466079712,,,MIG-457656ac-5439-5b56-8fcc-1ff4336bacf5,"2,58",
ampere,0,vgg16_image,7g,1,sample,14,1.5574719905853271,,,MIG-457656ac-5439-5b56-8fcc-1ff4336bacf5,"2,58",
ampere,0,vgg16_image,7g,1,sample,15,1.5399680137634277,,,MIG-457656ac-5439-5b56-8fcc-1ff4336bacf5,"2,58",
ampere,0,vgg16_image,7g,1,sample,16,1.5584319829940796,,,MIG-457656ac-5439-5b56-8fcc-1ff4336bacf5,"2,58",
ampere,0,vgg16_image,7g,1,sample,17,1.5577280521392822,,,MIG-457656ac-5439-5b56-8fcc-1ff4336bacf5,"2,58",
ampere,0,vgg16_image,7g,1,sample,18,1.8729920387268066,,,MIG-457656ac-5439-5b56-8fcc-1ff4336bacf5,"2,58",
ampere,0,vgg16_image,7g,1,sample,19,1.826464056968689,,,MIG-457656ac-5439-5b56-8fcc-1ff4336bacf5,"2,58",
ampere,0,vgg16_image,7g,1,sample,20,1.61900794506073,,,MIG-457656ac-5439-5b56-8fcc-1ff4336bacf5,"2,58",
ampere,0,vgg16_image,7g,1,sample,21,1.605407953262329,,,MIG-457656ac-5439-5b56-8fcc-1ff4336bacf5,"2,58",
ampere,0,vgg16_image,7g,1,sample,22,1.585055947303772,,,MIG-457656ac-5439-5b56-8fcc-1ff4336bacf5,"2,58",
ampere,0,vgg16_image,7g,1,sample,23,1.5537279844284058,,,MIG-457656ac-5439-5b56-8fcc-1ff4336bacf5,"2,58",
ampere,0,vgg16_image,7g,1,sample,24,1.5851199626922607,,,MIG-457656ac-5439-5b56-8fcc-1ff4336bacf5,"2,58",
ampere,0,vgg16_image,7g,1,sample,25,1.5822720527648926,,,MIG-457656ac-5439-5b56-8fcc-1ff4336bacf5,"2,58",
ampere,0,vgg16_image,7g,1,sample,26,1.5764800310134888,,,MIG-457656ac-5439-5b56-8fcc-1ff4336bacf5,"2,58",
ampere,0,vgg16_image,7g,1,sample,27,1.7703039646148682,,,MIG-457656ac-5439-5b56-8fcc-1ff4336bacf5,"2,58",
ampere,0,vgg16_image,7g,1,sample,28,1.7930560111999512,,,MIG-457656ac-5439-5b56-8fcc-1ff4336bacf5,"2,58",
ampere,0,vgg16_image,7g,1,sample,29,1.682528018951416,,,MIG-457656ac-5439-5b56-8fcc-1ff4336bacf5,"2,58",
ampere,0,vgg16_image,7g,1,sample,30,1.7245759963989258,,,MIG-457656ac-5439-5b56-8fcc-1ff4336bacf5,"2,58",
ampere,0,vgg16_image,7g,1,sample,31,1.6367360353469849,,,MIG-457656ac-5439-5b56-8fcc-1ff4336bacf5,"2,58",
ampere,0,vgg16_image,7g,1,sample,32,1.7583999633789062,,,MIG-457656ac-5439-5b56-8fcc-1ff4336bacf5,"2,58",
ampere,0,vgg16_image,7g,1,sample,33,1.7565759420394897,,,MIG-457656ac-5439-5b56-8fcc-1ff4336bacf5,"2,58",
ampere,0,vgg16_image,7g,1,sample,34,1.6368319988250732,,,MIG-457656ac-5439-5b56-8fcc-1ff4336bacf5,"2,58",
ampere,0,vgg16_image,7g,1,sample,35,1.6356159448623657,,,MIG-457656ac-5439-5b56-8fcc-1ff4336bacf5,"2,58",
ampere,0,vgg16_image,7g,1,sample,36,1.8676480054855347,,,MIG-457656ac-5439-5b56-8fcc-1ff4336bacf5,"2,58",
ampere,0,vgg16_image,7g,1,sample,37,1.8079359531402588,,,MIG-457656ac-5439-5b56-8fcc-1ff4336bacf5,"2,58",
ampere,0,vgg16_image,7g,1,sample,38,1.869088053703308,,,MIG-457656ac-5439-5b56-8fcc-1ff4336bacf5,"2,58",
ampere,0,vgg16_image,7g,1,sample,39,1.9200960397720337,,,MIG-457656ac-5439-5b56-8fcc-1ff4336bacf5,"2,58",
ampere,0,vgg16_image,7g,1,sample,40,2.424191951751709,,,MIG-457656ac-5439-5b56-8fcc-1ff4336bacf5,"2,58",
ampere,0,vgg16_image,7g,1,sample,41,2.3322560787200928,,,MIG-457656ac-5439-5b56-8fcc-1ff4336bacf5,"2,58",
ampere,0,vgg16_image,7g,1,sample,42,2.160831928253174,,,MIG-457656ac-5439-5b56-8fcc-1ff4336bacf5,"2,58",
ampere,0,vgg16_image,7g,1,sample,43,2.841856002807617,,,MIG-457656ac-5439-5b56-8fcc-1ff4336bacf5,"2,58",
ampere,0,vgg16_image,7g,1,sample,44,2.2024641036987305,,,MIG-457656ac-5439-5b56-8fcc-1ff4336bacf5,"2,58",
ampere,0,vgg16_image,7g,1,sample,45,2.086944103240967,,,MIG-457656ac-5439-5b56-8fcc-1ff4336bacf5,"2,58",
ampere,0,vgg16_image,7g,1,sample,46,1.6874560117721558,,,MIG-457656ac-5439-5b56-8fcc-1ff4336bacf5,"2,58",
ampere,0,vgg16_image,7g,1,sample,47,1.7350720167160034,,,MIG-457656ac-5439-5b56-8fcc-1ff4336bacf5,"2,58",
ampere,0,vgg16_image,7g,1,sample,48,1.7383359670639038,,,MIG-457656ac-5439-5b56-8fcc-1ff4336bacf5,"2,58",
ampere,0,vgg16_image,7g,1,sample,49,1.7095680236816406,,,MIG-457656ac-5439-5b56-8fcc-1ff4336bacf5,"2,58",
ampere,0,vgg16_image,7g,4,warmup,0,25.186687469482422,,,MIG-457656ac-5439-5b56-8fcc-1ff4336bacf5,"2,58",
ampere,0,vgg16_image,7g,4,warmup,1,3.336832046508789,,,MIG-457656ac-5439-5b56-8fcc-1ff4336bacf5,"2,58",
ampere,0,vgg16_image,7g,4,warmup,2,3.4704959392547607,,,MIG-457656ac-5439-5b56-8fcc-1ff4336bacf5,"2,58",
ampere,0,vgg16_image,7g,4,warmup,3,3.33241605758667,,,MIG-457656ac-5439-5b56-8fcc-1ff4336bacf5,"2,58",
ampere,0,vgg16_image,7g,4,warmup,4,3.341279983520508,,,MIG-457656ac-5439-5b56-8fcc-1ff4336bacf5,"2,58",
ampere,0,vgg16_image,7g,4,warmup,5,3.334144115447998,,,MIG-457656ac-5439-5b56-8fcc-1ff4336bacf5,"2,58",
ampere,0,vgg16_image,7g,4,warmup,6,3.3378241062164307,,,MIG-457656ac-5439-5b56-8fcc-1ff4336bacf5,"2,58",
ampere,0,vgg16_image,7g,4,warmup,7,3.338207960128784,,,MIG-457656ac-5439-5b56-8fcc-1ff4336bacf5,"2,58",
ampere,0,vgg16_image,7g,4,warmup,8,3.344383955001831,,,MIG-457656ac-5439-5b56-8fcc-1ff4336bacf5,"2,58",
ampere,0,vgg16_image,7g,4,warmup,9,3.3359360694885254,,,MIG-457656ac-5439-5b56-8fcc-1ff4336bacf5,"2,58",
ampere,0,vgg16_image,7g,4,sample,0,3.3453121185302734,,,MIG-457656ac-5439-5b56-8fcc-1ff4336bacf5,"2,58",
ampere,0,vgg16_image,7g,4,sample,1,3.346208095550537,,,MIG-457656ac-5439-5b56-8fcc-1ff4336bacf5,"2,58",
ampere,0,vgg16_image,7g,4,sample,2,3.341887950897217,,,MIG-457656ac-5439-5b56-8fcc-1ff4336bacf5,"2,58",
ampere,0,vgg16_image,7g,4,sample,3,3.3361918926239014,,,MIG-457656ac-5439-5b56-8fcc-1ff4336bacf5,"2,58",
ampere,0,vgg16_image,7g,4,sample,4,3.3448638916015625,,,MIG-457656ac-5439-5b56-8fcc-1ff4336bacf5,"2,58",
ampere,0,vgg16_image,7g,4,sample,5,3.333888053894043,,,MIG-457656ac-5439-5b56-8fcc-1ff4336bacf5,"2,58",
ampere,0,vgg16_image,7g,4,sample,6,3.339263916015625,,,MIG-457656ac-5439-5b56-8fcc-1ff4336bacf5,"2,58",
ampere,0,vgg16_image,7g,4,sample,7,3.3275840282440186,,,MIG-457656ac-5439-5b56-8fcc-1ff4336bacf5,"2,58",
ampere,0,vgg16_image,7g,4,sample,8,3.342560052871704,,,MIG-457656ac-5439-5b56-8fcc-1ff4336bacf5,"2,58",
ampere,0,vgg16_image,7g,4,sample,9,3.3302080631256104,,,MIG-457656ac-5439-5b56-8fcc-1ff4336bacf5,"2,58",
ampere,0,vgg16_image,7g,4,sample,10,3.3417279720306396,,,MIG-457656ac-5439-5b56-8fcc-1ff4336bacf5,"2,58",
ampere,0,vgg16_image,7g,4,sample,11,3.331648111343384,,,MIG-457656ac-5439-5b56-8fcc-1ff4336bacf5,"2,58",
ampere,0,vgg16_image,7g,4,sample,12,3.340672016143799,,,MIG-457656ac-5439-5b56-8fcc-1ff4336bacf5,"2,58",
ampere,0,vgg16_image,7g,4,sample,13,3.3363840579986572,,,MIG-457656ac-5439-5b56-8fcc-1ff4336bacf5,"2,58",
ampere,0,vgg16_image,7g,4,sample,14,3.339711904525757,,,MIG-457656ac-5439-5b56-8fcc-1ff4336bacf5,"2,58",
ampere,0,vgg16_image,7g,4,sample,15,3.33024001121521,,,MIG-457656ac-5439-5b56-8fcc-1ff4336bacf5,"2,58",
ampere,0,vgg16_image,7g,4,sample,16,3.3390719890594482,,,MIG-457656ac-5439-5b56-8fcc-1ff4336bacf5,"2,58",
ampere,0,vgg16_image,7g,4,sample,17,3.3315200805664062,,,MIG-457656ac-5439-5b56-8fcc-1ff4336bacf5,"2,58",
ampere,0,vgg16_image,7g,4,sample,18,3.3520960807800293,,,MIG-457656ac-5439-5b56-8fcc-1ff4336bacf5,"2,58",
ampere,0,vgg16_image,7g,4,sample,19,3.3304319381713867,,,MIG-457656ac-5439-5b56-8fcc-1ff4336bacf5,"2,58",
ampere,0,vgg16_image,7g,4,sample,20,3.3476479053497314,,,MIG-457656ac-5439-5b56-8fcc-1ff4336bacf5,"2,58",
ampere,0,vgg16_image,7g,4,sample,21,3.3317759037017822,,,MIG-457656ac-5439-5b56-8fcc-1ff4336bacf5,"2,58",
ampere,0,vgg16_image,7g,4,sample,22,3.3447039127349854,,,MIG-457656ac-5439-5b56-8fcc-1ff4336bacf5,"2,58",
ampere,0,vgg16_image,7g,4,sample,23,3.329119920730591,,,MIG-457656ac-5439-5b56-8fcc-1ff4336bacf5,"2,58",
ampere,0,vgg16_image,7g,4,sample,24,3.3447999954223633,,,MIG-457656ac-5439-5b56-8fcc-1ff4336bacf5,"2,58",
ampere,0,vgg16_image,7g,4,sample,25,3.3310720920562744,,,MIG-457656ac-5439-5b56-8fcc-1ff4336bacf5,"2,58",
ampere,0,vgg16_image,7g,4,sample,26,3.3391358852386475,,,MIG-457656ac-5439-5b56-8fcc-1ff4336bacf5,"2,58",
ampere,0,vgg16_image,7g,4,sample,27,3.331104040145874,,,MIG-457656ac-5439-5b56-8fcc-1ff4336bacf5,"2,58",
ampere,0,vgg16_image,7g,4,sample,28,3.342655897140503,,,MIG-457656ac-5439-5b56-8fcc-1ff4336bacf5,"2,58",
ampere,0,vgg16_image,7g,4,sample,29,3.3406078815460205,,,MIG-457656ac-5439-5b56-8fcc-1ff4336bacf5,"2,58",
ampere,0,vgg16_image,7g,4,sample,30,3.3387839794158936,,,MIG-457656ac-5439-5b56-8fcc-1ff4336bacf5,"2,58",
ampere,0,vgg16_image,7g,4,sample,31,3.3402559757232666,,,MIG-457656ac-5439-5b56-8fcc-1ff4336bacf5,"2,58",
ampere,0,vgg16_image,7g,4,sample,32,3.3584320545196533,,,MIG-457656ac-5439-5b56-8fcc-1ff4336bacf5,"2,58",
ampere,0,vgg16_image,7g,4,sample,33,3.34550404548645,,,MIG-457656ac-5439-5b56-8fcc-1ff4336bacf5,"2,58",
ampere,0,vgg16_image,7g,4,sample,34,3.345695972442627,,,MIG-457656ac-5439-5b56-8fcc-1ff4336bacf5,"2,58",
ampere,0,vgg16_image,7g,4,sample,35,3.341952085494995,,,MIG-457656ac-5439-5b56-8fcc-1ff4336bacf5,"2,58",
ampere,0,vgg16_image,7g,4,sample,36,3.3592000007629395,,,MIG-457656ac-5439-5b56-8fcc-1ff4336bacf5,"2,58",
ampere,0,vgg16_image,7g,4,sample,37,3.329888105392456,,,MIG-457656ac-5439-5b56-8fcc-1ff4336bacf5,"2,58",
ampere,0,vgg16_image,7g,4,sample,38,3.3483519554138184,,,MIG-457656ac-5439-5b56-8fcc-1ff4336bacf5,"2,58",
ampere,0,vgg16_image,7g,4,sample,39,3.330496072769165,,,MIG-457656ac-5439-5b56-8fcc-1ff4336bacf5,"2,58",
ampere,0,vgg16_image,7g,4,sample,40,3.3390400409698486,,,MIG-457656ac-5439-5b56-8fcc-1ff4336bacf5,"2,58",
ampere,0,vgg16_image,7g,4,sample,41,3.3320319652557373,,,MIG-457656ac-5439-5b56-8fcc-1ff4336bacf5,"2,58",
ampere,0,vgg16_image,7g,4,sample,42,3.340672016143799,,,MIG-457656ac-5439-5b56-8fcc-1ff4336bacf5,"2,58",
ampere,0,vgg16_image,7g,4,sample,43,3.338560104370117,,,MIG-457656ac-5439-5b56-8fcc-1ff4336bacf5,"2,58",
ampere,0,vgg16_image,7g,4,sample,44,3.343519926071167,,,MIG-457656ac-5439-5b56-8fcc-1ff4336bacf5,"2,58",
ampere,0,vgg16_image,7g,4,sample,45,3.339616060256958,,,MIG-457656ac-5439-5b56-8fcc-1ff4336bacf5,"2,58",
ampere,0,vgg16_image,7g,4,sample,46,3.3448638916015625,,,MIG-457656ac-5439-5b56-8fcc-1ff4336bacf5,"2,58",
ampere,0,vgg16_image,7g,4,sample,47,3.339263916015625,,,MIG-457656ac-5439-5b56-8fcc-1ff4336bacf5,"2,58",
ampere,0,vgg16_image,7g,4,sample,48,3.3616960048675537,,,MIG-457656ac-5439-5b56-8fcc-1ff4336bacf5,"2,58",
ampere,0,vgg16_image,7g,4,sample,49,3.36409592628479,,,MIG-457656ac-5439-5b56-8fcc-1ff4336bacf5,"2,58",
ampere,0,vgg16_image,7g,16,warmup,0,11.83523178100586,,,MIG-457656ac-5439-5b56-8fcc-1ff4336bacf5,"2,58",
ampere,0,vgg16_image,7g,16,warmup,1,9.89465618133545,,,MIG-457656ac-5439-5b56-8fcc-1ff4336bacf5,"2,58",
ampere,0,vgg16_image,7g,16,warmup,2,9.908448219299316,,,MIG-457656ac-5439-5b56-8fcc-1ff4336bacf5,"2,58",
ampere,0,vgg16_image,7g,16,warmup,3,10.30844783782959,,,MIG-457656ac-5439-5b56-8fcc-1ff4336bacf5,"2,58",
ampere,0,vgg16_image,7g,16,warmup,4,10.480256080627441,,,MIG-457656ac-5439-5b56-8fcc-1ff4336bacf5,"2,58",
ampere,0,vgg16_image,7g,16,warmup,5,10.79958438873291,,,MIG-457656ac-5439-5b56-8fcc-1ff4336bacf5,"2,58",
ampere,0,vgg16_image,7g,16,warmup,6,10.852992057800293,,,MIG-457656ac-5439-5b56-8fcc-1ff4336bacf5,"2,58",
ampere,0,vgg16_image,7g,16,warmup,7,10.942912101745605,,,MIG-457656ac-5439-5b56-8fcc-1ff4336bacf5,"2,58",
ampere,0,vgg16_image,7g,16,warmup,8,10.935392379760742,,,MIG-457656ac-5439-5b56-8fcc-1ff4336bacf5,"2,58",
ampere,0,vgg16_image,7g,16,warmup,9,10.851360321044922,,,MIG-457656ac-5439-5b56-8fcc-1ff4336bacf5,"2,58",
ampere,0,vgg16_image,7g,16,sample,0,10.584320068359375,,,MIG-457656ac-5439-5b56-8fcc-1ff4336bacf5,"2,58",
ampere,0,vgg16_image,7g,16,sample,1,10.5546236038208,,,MIG-457656ac-5439-5b56-8fcc-1ff4336bacf5,"2,58",
ampere,0,vgg16_image,7g,16,sample,2,10.497983932495117,,,MIG-457656ac-5439-5b56-8fcc-1ff4336bacf5,"2,58",
ampere,0,vgg16_image,7g,16,sample,3,10.51148796081543,,,MIG-457656ac-5439-5b56-8fcc-1ff4336bacf5,"2,58",
ampere,0,vgg16_image,7g,16,sample,4,10.563776016235352,,,MIG-457656ac-5439-5b56-8fcc-1ff4336bacf5,"2,58",
ampere,0,vgg16_image,7g,16,sample,5,10.619327545166016,,,MIG-457656ac-5439-5b56-8fcc-1ff4336bacf5,"2,58",
ampere,0,vgg16_image,7g,16,sample,6,10.665087699890137,,,MIG-457656ac-5439-5b56-8fcc-1ff4336bacf5,"2,58",
ampere,0,vgg16_image,7g,16,sample,7,10.719391822814941,,,MIG-457656ac-5439-5b56-8fcc-1ff4336bacf5,"2,58",
ampere,0,vgg16_image,7g,16,sample,8,10.748064041137695,,,MIG-457656ac-5439-5b56-8fcc-1ff4336bacf5,"2,58",
ampere,0,vgg16_image,7g,16,sample,9,10.750432014465332,,,MIG-457656ac-5439-5b56-8fcc-1ff4336bacf5,"2,58",
ampere,0,vgg16_image,7g,16,sample,10,10.750975608825684,,,MIG-457656ac-5439-5b56-8fcc-1ff4336bacf5,"2,58",
ampere,0,vgg16_image,7g,16,sample,11,10.75545597076416,,,MIG-457656ac-5439-5b56-8fcc-1ff4336bacf5,"2,58",
ampere,0,vgg16_image,7g,16,sample,12,10.752448081970215,,,MIG-457656ac-5439-5b56-8fcc-1ff4336bacf5,"2,58",
ampere,0,vgg16_image,7g,16,sample,13,10.755488395690918,,,MIG-457656ac-5439-5b56-8fcc-1ff4336bacf5,"2,58",
ampere,0,vgg16_image,7g,16,sample,14,10.758048057556152,,,MIG-457656ac-5439-5b56-8fcc-1ff4336bacf5,"2,58",
ampere,0,vgg16_image,7g,16,sample,15,10.793120384216309,,,MIG-457656ac-5439-5b56-8fcc-1ff4336bacf5,"2,58",
ampere,0,vgg16_image,7g,16,sample,16,10.812288284301758,,,MIG-457656ac-5439-5b56-8fcc-1ff4336bacf5,"2,58",
ampere,0,vgg16_image,7g,16,sample,17,10.807488441467285,,,MIG-457656ac-5439-5b56-8fcc-1ff4336bacf5,"2,58",
ampere,0,vgg16_image,7g,16,sample,18,10.81164836883545,,,MIG-457656ac-5439-5b56-8fcc-1ff4336bacf5,"2,58",
ampere,0,vgg16_image,7g,16,sample,19,10.803647994995117,,,MIG-457656ac-5439-5b56-8fcc-1ff4336bacf5,"2,58",
ampere,0,vgg16_image,7g,16,sample,20,10.805536270141602,,,MIG-457656ac-5439-5b56-8fcc-1ff4336bacf5,"2,58",
ampere,0,vgg16_image,7g,16,sample,21,10.812288284301758,,,MIG-457656ac-5439-5b56-8fcc-1ff4336bacf5,"2,58",
ampere,0,vgg16_image,7g,16,sample,22,10.808704376220703,,,MIG-457656ac-5439-5b56-8fcc-1ff4336bacf5,"2,58",
ampere,0,vgg16_image,7g,16,sample,23,10.812576293945312,,,MIG-457656ac-5439-5b56-8fcc-1ff4336bacf5,"2,58",
ampere,0,vgg16_image,7g,16,sample,24,10.813183784484863,,,MIG-457656ac-5439-5b56-8fcc-1ff4336bacf5,"2,58",
ampere,0,vgg16_image,7g,16,sample,25,10.80627155303955,,,MIG-457656ac-5439-5b56-8fcc-1ff4336bacf5,"2,58",
ampere,0,vgg16_image,7g,16,sample,26,10.809791564941406,,,MIG-457656ac-5439-5b56-8fcc-1ff4336bacf5,"2,58",
ampere,0,vgg16_image,7g,16,sample,27,10.80838394165039,,,MIG-457656ac-5439-5b56-8fcc-1ff4336bacf5,"2,58",
ampere,0,vgg16_image,7g,16,sample,28,10.811552047729492,,,MIG-457656ac-5439-5b56-8fcc-1ff4336bacf5,"2,58",
ampere,0,vgg16_image,7g,16,sample,29,10.813632011413574,,,MIG-457656ac-5439-5b56-8fcc-1ff4336bacf5,"2,58",
ampere,0,vgg16_image,7g,16,sample,30,10.809120178222656,,,MIG-457656ac-5439-5b56-8fcc-1ff4336bacf5,"2,58",
ampere,0,vgg16_image,7g,16,sample,31,10.81481647491455,,,MIG-457656ac-5439-5b56-8fcc-1ff4336bacf5,"2,58",
ampere,0,vgg16_image,7g,16,sample,32,10.80624008178711,,,MIG-457656ac-5439-5b56-8fcc-1ff4336bacf5,"2,58",
ampere,0,vgg16_image,7g,16,sample,33,10.889087677001953,,,MIG-457656ac-5439-5b56-8fcc-1ff4336bacf5,"2,58",
ampere,0,vgg16_image,7g,16,sample,34,10.897024154663086,,,MIG-457656ac-5439-5b56-8fcc-1ff4336bacf5,"2,58",
ampere,0,vgg16_image,7g,16,sample,35,10.909343719482422,,,MIG-457656ac-5439-5b56-8fcc-1ff4336bacf5,"2,58",
ampere,0,vgg16_image,7g,16,sample,36,10.90499210357666,,,MIG-457656ac-5439-5b56-8fcc-1ff4336bacf5,"2,58",
ampere,0,vgg16_image,7g,16,sample,37,10.908736228942871,,,MIG-457656ac-5439-5b56-8fcc-1ff4336bacf5,"2,58",
ampere,0,vgg16_image,7g,16,sample,38,10.877280235290527,,,MIG-457656ac-5439-5b56-8fcc-1ff4336bacf5,"2,58",
ampere,0,vgg16_image,7g,16,sample,39,10.808992385864258,,,MIG-457656ac-5439-5b56-8fcc-1ff4336bacf5,"2,58",
ampere,0,vgg16_image,7g,16,sample,40,10.811519622802734,,,MIG-457656ac-5439-5b56-8fcc-1ff4336bacf5,"2,58",
ampere,0,vgg16_image,7g,16,sample,41,10.830080032348633,,,MIG-457656ac-5439-5b56-8fcc-1ff4336bacf5,"2,58",
ampere,0,vgg16_image,7g,16,sample,42,10.811103820800781,,,MIG-457656ac-5439-5b56-8fcc-1ff4336bacf5,"2,58",
ampere,0,vgg16_image,7g,16,sample,43,10.812383651733398,,,MIG-457656ac-5439-5b56-8fcc-1ff4336bacf5,"2,58",
ampere,0,vgg16_image,7g,16,sample,44,10.899423599243164,,,MIG-457656ac-5439-5b56-8fcc-1ff4336bacf5,"2,58",
ampere,0,vgg16_image,7g,16,sample,45,10.911552429199219,,,MIG-457656ac-5439-5b56-8fcc-1ff4336bacf5,"2,58",
ampere,0,vgg16_image,7g,16,sample,46,10.9999361038208,,,MIG-457656ac-5439-5b56-8fcc-1ff4336bacf5,"2,58",
ampere,0,vgg16_image,7g,16,sample,47,11.00387191772461,,,MIG-457656ac-5439-5b56-8fcc-1ff4336bacf5,"2,58",
ampere,0,vgg16_image,7g,16,sample,48,11.000672340393066,,,MIG-457656ac-5439-5b56-8fcc-1ff4336bacf5,"2,58",
ampere,0,vgg16_image,7g,16,sample,49,10.961152076721191,,,MIG-457656ac-5439-5b56-8fcc-1ff4336bacf5,"2,58",
ampere,0,vgg16_image,7g,32,warmup,0,20.48214340209961,,,MIG-457656ac-5439-5b56-8fcc-1ff4336bacf5,"2,58",
ampere,0,vgg16_image,7g,32,warmup,1,18.909727096557617,,,MIG-457656ac-5439-5b56-8fcc-1ff4336bacf5,"2,58",
ampere,0,vgg16_image,7g,32,warmup,2,20.01318359375,,,MIG-457656ac-5439-5b56-8fcc-1ff4336bacf5,"2,58",
ampere,0,vgg16_image,7g,32,warmup,3,20.59823989868164,,,MIG-457656ac-5439-5b56-8fcc-1ff4336bacf5,"2,58",
ampere,0,vgg16_image,7g,32,warmup,4,20.627647399902344,,,MIG-457656ac-5439-5b56-8fcc-1ff4336bacf5,"2,58",
ampere,0,vgg16_image,7g,32,warmup,5,20.61155128479004,,,MIG-457656ac-5439-5b56-8fcc-1ff4336bacf5,"2,58",
ampere,0,vgg16_image,7g,32,warmup,6,20.440351486206055,,,MIG-457656ac-5439-5b56-8fcc-1ff4336bacf5,"2,58",
ampere,0,vgg16_image,7g,32,warmup,7,20.43027114868164,,,MIG-457656ac-5439-5b56-8fcc-1ff4336bacf5,"2,58",
ampere,0,vgg16_image,7g,32,warmup,8,20.42140769958496,,,MIG-457656ac-5439-5b56-8fcc-1ff4336bacf5,"2,58",
ampere,0,vgg16_image,7g,32,warmup,9,20.425024032592773,,,MIG-457656ac-5439-5b56-8fcc-1ff4336bacf5,"2,58",
ampere,0,vgg16_image,7g,32,sample,0,20.0710391998291,,,MIG-457656ac-5439-5b56-8fcc-1ff4336bacf5,"2,58",
ampere,0,vgg16_image,7g,32,sample,1,19.73744010925293,,,MIG-457656ac-5439-5b56-8fcc-1ff4336bacf5,"2,58",
ampere,0,vgg16_image,7g,32,sample,2,19.731327056884766,,,MIG-457656ac-5439-5b56-8fcc-1ff4336bacf5,"2,58",
ampere,0,vgg16_image,7g,32,sample,3,19.781343460083008,,,MIG-457656ac-5439-5b56-8fcc-1ff4336bacf5,"2,58",
ampere,0,vgg16_image,7g,32,sample,4,19.89836883544922,,,MIG-457656ac-5439-5b56-8fcc-1ff4336bacf5,"2,58",
ampere,0,vgg16_image,7g,32,sample,5,19.909088134765625,,,MIG-457656ac-5439-5b56-8fcc-1ff4336bacf5,"2,58",
ampere,0,vgg16_image,7g,32,sample,6,19.89971160888672,,,MIG-457656ac-5439-5b56-8fcc-1ff4336bacf5,"2,58",
ampere,0,vgg16_image,7g,32,sample,7,19.897951126098633,,,MIG-457656ac-5439-5b56-8fcc-1ff4336bacf5,"2,58",
ampere,0,vgg16_image,7g,32,sample,8,19.88764762878418,,,MIG-457656ac-5439-5b56-8fcc-1ff4336bacf5,"2,58",
ampere,0,vgg16_image,7g,32,sample,9,19.883935928344727,,,MIG-457656ac-5439-5b56-8fcc-1ff4336bacf5,"2,58",
ampere,0,vgg16_image,7g,32,sample,10,19.97248077392578,,,MIG-457656ac-5439-5b56-8fcc-1ff4336bacf5,"2,58",
ampere,0,vgg16_image,7g,32,sample,11,19.893152236938477,,,MIG-457656ac-5439-5b56-8fcc-1ff4336bacf5,"2,58",
ampere,0,vgg16_image,7g,32,sample,12,19.88979148864746,,,MIG-457656ac-5439-5b56-8fcc-1ff4336bacf5,"2,58",
ampere,0,vgg16_image,7g,32,sample,13,19.92870330810547,,,MIG-457656ac-5439-5b56-8fcc-1ff4336bacf5,"2,58",
ampere,0,vgg16_image,7g,32,sample,14,20.06096076965332,,,MIG-457656ac-5439-5b56-8fcc-1ff4336bacf5,"2,58",
ampere,0,vgg16_image,7g,32,sample,15,19.967872619628906,,,MIG-457656ac-5439-5b56-8fcc-1ff4336bacf5,"2,58",
ampere,0,vgg16_image,7g,32,sample,16,19.968063354492188,,,MIG-457656ac-5439-5b56-8fcc-1ff4336bacf5,"2,58",
ampere,0,vgg16_image,7g,32,sample,17,19.970272064208984,,,MIG-457656ac-5439-5b56-8fcc-1ff4336bacf5,"2,58",
ampere,0,vgg16_image,7g,32,sample,18,19.973119735717773,,,MIG-457656ac-5439-5b56-8fcc-1ff4336bacf5,"2,58",
ampere,0,vgg16_image,7g,32,sample,19,19.98236846923828,,,MIG-457656ac-5439-5b56-8fcc-1ff4336bacf5,"2,58",
ampere,0,vgg16_image,7g,32,sample,20,20.06812858581543,,,MIG-457656ac-5439-5b56-8fcc-1ff4336bacf5,"2,58",
ampere,0,vgg16_image,7g,32,sample,21,20.063968658447266,,,MIG-457656ac-5439-5b56-8fcc-1ff4336bacf5,"2,58",
ampere,0,vgg16_image,7g,32,sample,22,20.075519561767578,,,MIG-457656ac-5439-5b56-8fcc-1ff4336bacf5,"2,58",
ampere,0,vgg16_image,7g,32,sample,23,20.0830078125,,,MIG-457656ac-5439-5b56-8fcc-1ff4336bacf5,"2,58",
ampere,0,vgg16_image,7g,32,sample,24,20.060192108154297,,,MIG-457656ac-5439-5b56-8fcc-1ff4336bacf5,"2,58",
ampere,0,vgg16_image,7g,32,sample,25,20.073951721191406,,,MIG-457656ac-5439-5b56-8fcc-1ff4336bacf5,"2,58",
ampere,0,vgg16_image,7g,32,sample,26,20.058303833007812,,,MIG-457656ac-5439-5b56-8fcc-1ff4336bacf5,"2,58",
ampere,0,vgg16_image,7g,32,sample,27,20.07708740234375,,,MIG-457656ac-5439-5b56-8fcc-1ff4336bacf5,"2,58",
ampere,0,vgg16_image,7g,32,sample,28,20.078304290771484,,,MIG-457656ac-5439-5b56-8fcc-1ff4336bacf5,"2,58",
ampere,0,vgg16_image,7g,32,sample,29,20.070432662963867,,,MIG-457656ac-5439-5b56-8fcc-1ff4336bacf5,"2,58",
ampere,0,vgg16_image,7g,32,sample,30,19.990848541259766,,,MIG-457656ac-5439-5b56-8fcc-1ff4336bacf5,"2,58",
ampere,0,vgg16_image,7g,32,sample,31,19.976768493652344,,,MIG-457656ac-5439-5b56-8fcc-1ff4336bacf5,"2,58",
ampere,0,vgg16_image,7g,32,sample,32,20.190080642700195,,,MIG-457656ac-5439-5b56-8fcc-1ff4336bacf5,"2,58",
ampere,0,vgg16_image,7g,32,sample,33,20.439552307128906,,,MIG-457656ac-5439-5b56-8fcc-1ff4336bacf5,"2,58",
ampere,0,vgg16_image,7g,32,sample,34,20.321760177612305,,,MIG-457656ac-5439-5b56-8fcc-1ff4336bacf5,"2,58",
ampere,0,vgg16_image,7g,32,sample,35,20.127296447753906,,,MIG-457656ac-5439-5b56-8fcc-1ff4336bacf5,"2,58",
ampere,0,vgg16_image,7g,32,sample,36,20.0581111907959,,,MIG-457656ac-5439-5b56-8fcc-1ff4336bacf5,"2,58",
ampere,0,vgg16_image,7g,32,sample,37,19.9652156829834,,,MIG-457656ac-5439-5b56-8fcc-1ff4336bacf5,"2,58",
ampere,0,vgg16_image,7g,32,sample,38,19.976543426513672,,,MIG-457656ac-5439-5b56-8fcc-1ff4336bacf5,"2,58",
ampere,0,vgg16_image,7g,32,sample,39,19.987680435180664,,,MIG-457656ac-5439-5b56-8fcc-1ff4336bacf5,"2,58",
ampere,0,vgg16_image,7g,32,sample,40,20.162431716918945,,,MIG-457656ac-5439-5b56-8fcc-1ff4336bacf5,"2,58",
ampere,0,vgg16_image,7g,32,sample,41,20.248416900634766,,,MIG-457656ac-5439-5b56-8fcc-1ff4336bacf5,"2,58",
ampere,0,vgg16_image,7g,32,sample,42,20.239744186401367,,,MIG-457656ac-5439-5b56-8fcc-1ff4336bacf5,"2,58",
ampere,0,vgg16_image,7g,32,sample,43,20.240768432617188,,,MIG-457656ac-5439-5b56-8fcc-1ff4336bacf5,"2,58",
ampere,0,vgg16_image,7g,32,sample,44,20.3275203704834,,,MIG-457656ac-5439-5b56-8fcc-1ff4336bacf5,"2,58",
ampere,0,vgg16_image,7g,32,sample,45,20.426464080810547,,,MIG-457656ac-5439-5b56-8fcc-1ff4336bacf5,"2,58",
ampere,0,vgg16_image,7g,32,sample,46,20.428543090820312,,,MIG-457656ac-5439-5b56-8fcc-1ff4336bacf5,"2,58",
ampere,0,vgg16_image,7g,32,sample,47,20.42207908630371,,,MIG-457656ac-5439-5b56-8fcc-1ff4336bacf5,"2,58",
ampere,0,vgg16_image,7g,32,sample,48,20.436832427978516,,,MIG-457656ac-5439-5b56-8fcc-1ff4336bacf5,"2,58",
ampere,0,vgg16_image,7g,32,sample,49,20.293344497680664,,,MIG-457656ac-5439-5b56-8fcc-1ff4336bacf5,"2,58",
ampere,0,vgg16_image,7g,64,warmup,0,39.76377487182617,,,MIG-457656ac-5439-5b56-8fcc-1ff4336bacf5,"2,58",
ampere,0,vgg16_image,7g,64,warmup,1,39.67923355102539,,,MIG-457656ac-5439-5b56-8fcc-1ff4336bacf5,"2,58",
ampere,0,vgg16_image,7g,64,warmup,2,40.3691520690918,,,MIG-457656ac-5439-5b56-8fcc-1ff4336bacf5,"2,58",
ampere,0,vgg16_image,7g,64,warmup,3,40.10956954956055,,,MIG-457656ac-5439-5b56-8fcc-1ff4336bacf5,"2,58",
ampere,0,vgg16_image,7g,64,warmup,4,39.91872024536133,,,MIG-457656ac-5439-5b56-8fcc-1ff4336bacf5,"2,58",
ampere,0,vgg16_image,7g,64,warmup,5,39.95619201660156,,,MIG-457656ac-5439-5b56-8fcc-1ff4336bacf5,"2,58",
ampere,0,vgg16_image,7g,64,warmup,6,39.675201416015625,,,MIG-457656ac-5439-5b56-8fcc-1ff4336bacf5,"2,58",
ampere,0,vgg16_image,7g,64,warmup,7,40.09801483154297,,,MIG-457656ac-5439-5b56-8fcc-1ff4336bacf5,"2,58",
ampere,0,vgg16_image,7g,64,warmup,8,39.77747344970703,,,MIG-457656ac-5439-5b56-8fcc-1ff4336bacf5,"2,58",
ampere,0,vgg16_image,7g,64,warmup,9,39.78860855102539,,,MIG-457656ac-5439-5b56-8fcc-1ff4336bacf5,"2,58",
ampere,0,vgg16_image,7g,64,sample,0,39.12799835205078,,,MIG-457656ac-5439-5b56-8fcc-1ff4336bacf5,"2,58",
ampere,0,vgg16_image,7g,64,sample,1,39.495201110839844,,,MIG-457656ac-5439-5b56-8fcc-1ff4336bacf5,"2,58",
ampere,0,vgg16_image,7g,64,sample,2,39.98886489868164,,,MIG-457656ac-5439-5b56-8fcc-1ff4336bacf5,"2,58",
ampere,0,vgg16_image,7g,64,sample,3,39.7979850769043,,,MIG-457656ac-5439-5b56-8fcc-1ff4336bacf5,"2,58",
ampere,0,vgg16_image,7g,64,sample,4,40.06790542602539,,,MIG-457656ac-5439-5b56-8fcc-1ff4336bacf5,"2,58",
ampere,0,vgg16_image,7g,64,sample,5,40.08051300048828,,,MIG-457656ac-5439-5b56-8fcc-1ff4336bacf5,"2,58",
ampere,0,vgg16_image,7g,64,sample,6,39.97334289550781,,,MIG-457656ac-5439-5b56-8fcc-1ff4336bacf5,"2,58",
ampere,0,vgg16_image,7g,64,sample,7,39.97836685180664,,,MIG-457656ac-5439-5b56-8fcc-1ff4336bacf5,"2,58",
ampere,0,vgg16_image,7g,64,sample,8,40.11289596557617,,,MIG-457656ac-5439-5b56-8fcc-1ff4336bacf5,"2,58",
ampere,0,vgg16_image,7g,64,sample,9,39.7988166809082,,,MIG-457656ac-5439-5b56-8fcc-1ff4336bacf5,"2,58",
ampere,0,vgg16_image,7g,64,sample,10,39.98591995239258,,,MIG-457656ac-5439-5b56-8fcc-1ff4336bacf5,"2,58",
ampere,0,vgg16_image,7g,64,sample,11,40.159263610839844,,,MIG-457656ac-5439-5b56-8fcc-1ff4336bacf5,"2,58",
ampere,0,vgg16_image,7g,64,sample,12,40.75142288208008,,,MIG-457656ac-5439-5b56-8fcc-1ff4336bacf5,"2,58",
ampere,0,vgg16_image,7g,64,sample,13,40.87318420410156,,,MIG-457656ac-5439-5b56-8fcc-1ff4336bacf5,"2,58",
ampere,0,vgg16_image,7g,64,sample,14,40.64031982421875,,,MIG-457656ac-5439-5b56-8fcc-1ff4336bacf5,"2,58",
ampere,0,vgg16_image,7g,64,sample,15,40.44099044799805,,,MIG-457656ac-5439-5b56-8fcc-1ff4336bacf5,"2,58",
ampere,0,vgg16_image,7g,64,sample,16,40.11724853515625,,,MIG-457656ac-5439-5b56-8fcc-1ff4336bacf5,"2,58",
ampere,0,vgg16_image,7g,64,sample,17,39.99884796142578,,,MIG-457656ac-5439-5b56-8fcc-1ff4336bacf5,"2,58",
ampere,0,vgg16_image,7g,64,sample,18,39.803009033203125,,,MIG-457656ac-5439-5b56-8fcc-1ff4336bacf5,"2,58",
ampere,0,vgg16_image,7g,64,sample,19,39.789695739746094,,,MIG-457656ac-5439-5b56-8fcc-1ff4336bacf5,"2,58",
ampere,0,vgg16_image,7g,64,sample,20,39.77110290527344,,,MIG-457656ac-5439-5b56-8fcc-1ff4336bacf5,"2,58",
ampere,0,vgg16_image,7g,64,sample,21,40.1736946105957,,,MIG-457656ac-5439-5b56-8fcc-1ff4336bacf5,"2,58",
ampere,0,vgg16_image,7g,64,sample,22,40.013729095458984,,,MIG-457656ac-5439-5b56-8fcc-1ff4336bacf5,"2,58",
ampere,0,vgg16_image,7g,64,sample,23,40.31059265136719,,,MIG-457656ac-5439-5b56-8fcc-1ff4336bacf5,"2,58",
ampere,0,vgg16_image,7g,64,sample,24,40.079071044921875,,,MIG-457656ac-5439-5b56-8fcc-1ff4336bacf5,"2,58",
ampere,0,vgg16_image,7g,64,sample,25,40.13142395019531,,,MIG-457656ac-5439-5b56-8fcc-1ff4336bacf5,"2,58",
ampere,0,vgg16_image,7g,64,sample,26,40.15059280395508,,,MIG-457656ac-5439-5b56-8fcc-1ff4336bacf5,"2,58",
ampere,0,vgg16_image,7g,64,sample,27,39.78646469116211,,,MIG-457656ac-5439-5b56-8fcc-1ff4336bacf5,"2,58",
ampere,0,vgg16_image,7g,64,sample,28,40.1420783996582,,,MIG-457656ac-5439-5b56-8fcc-1ff4336bacf5,"2,58",
ampere,0,vgg16_image,7g,64,sample,29,40.145599365234375,,,MIG-457656ac-5439-5b56-8fcc-1ff4336bacf5,"2,58",
ampere,0,vgg16_image,7g,64,sample,30,40.349822998046875,,,MIG-457656ac-5439-5b56-8fcc-1ff4336bacf5,"2,58",
ampere,0,vgg16_image,7g,64,sample,31,40.13065719604492,,,MIG-457656ac-5439-5b56-8fcc-1ff4336bacf5,"2,58",
ampere,0,vgg16_image,7g,64,sample,32,39.974910736083984,,,MIG-457656ac-5439-5b56-8fcc-1ff4336bacf5,"2,58",
ampere,0,vgg16_image,7g,64,sample,33,40.13452911376953,,,MIG-457656ac-5439-5b56-8fcc-1ff4336bacf5,"2,58",
ampere,0,vgg16_image,7g,64,sample,34,40.254974365234375,,,MIG-457656ac-5439-5b56-8fcc-1ff4336bacf5,"2,58",
ampere,0,vgg16_image,7g,64,sample,35,40.54467010498047,,,MIG-457656ac-5439-5b56-8fcc-1ff4336bacf5,"2,58",
ampere,0,vgg16_image,7g,64,sample,36,40.691551208496094,,,MIG-457656ac-5439-5b56-8fcc-1ff4336bacf5,"2,58",
ampere,0,vgg16_image,7g,64,sample,37,40.86159896850586,,,MIG-457656ac-5439-5b56-8fcc-1ff4336bacf5,"2,58",
ampere,0,vgg16_image,7g,64,sample,38,40.499263763427734,,,MIG-457656ac-5439-5b56-8fcc-1ff4336bacf5,"2,58",
ampere,0,vgg16_image,7g,64,sample,39,40.48992156982422,,,MIG-457656ac-5439-5b56-8fcc-1ff4336bacf5,"2,58",
ampere,0,vgg16_image,7g,64,sample,40,40.107295989990234,,,MIG-457656ac-5439-5b56-8fcc-1ff4336bacf5,"2,58",
ampere,0,vgg16_image,7g,64,sample,41,40.15264129638672,,,MIG-457656ac-5439-5b56-8fcc-1ff4336bacf5,"2,58",
ampere,0,vgg16_image,7g,64,sample,42,40.131935119628906,,,MIG-457656ac-5439-5b56-8fcc-1ff4336bacf5,"2,58",
ampere,0,vgg16_image,7g,64,sample,43,40.14451217651367,,,MIG-457656ac-5439-5b56-8fcc-1ff4336bacf5,"2,58",
ampere,0,vgg16_image,7g,64,sample,44,40.27391815185547,,,MIG-457656ac-5439-5b56-8fcc-1ff4336bacf5,"2,58",
ampere,0,vgg16_image,7g,64,sample,45,40.32796859741211,,,MIG-457656ac-5439-5b56-8fcc-1ff4336bacf5,"2,58",
ampere,0,vgg16_image,7g,64,sample,46,39.98633575439453,,,MIG-457656ac-5439-5b56-8fcc-1ff4336bacf5,"2,58",
ampere,0,vgg16_image,7g,64,sample,47,40.49020767211914,,,MIG-457656ac-5439-5b56-8fcc-1ff4336bacf5,"2,58",
ampere,0,vgg16_image,7g,64,sample,48,40.14316940307617,,,MIG-457656ac-5439-5b56-8fcc-1ff4336bacf5,"2,58",
ampere,0,vgg16_image,7g,64,sample,49,40.12736129760742,,,MIG-457656ac-5439-5b56-8fcc-1ff4336bacf5,"2,58",
ampere,0,vit_base_image,7g,1,warmup,0,10.909440040588379,,,MIG-457656ac-5439-5b56-8fcc-1ff4336bacf5,"2,58",
ampere,0,vit_base_image,7g,1,warmup,1,4.909887790679932,,,MIG-457656ac-5439-5b56-8fcc-1ff4336bacf5,"2,58",
ampere,0,vit_base_image,7g,1,warmup,2,4.868127822875977,,,MIG-457656ac-5439-5b56-8fcc-1ff4336bacf5,"2,58",
ampere,0,vit_base_image,7g,1,warmup,3,4.793536186218262,,,MIG-457656ac-5439-5b56-8fcc-1ff4336bacf5,"2,58",
ampere,0,vit_base_image,7g,1,warmup,4,4.832128047943115,,,MIG-457656ac-5439-5b56-8fcc-1ff4336bacf5,"2,58",
ampere,0,vit_base_image,7g,1,warmup,5,4.787839889526367,,,MIG-457656ac-5439-5b56-8fcc-1ff4336bacf5,"2,58",
ampere,0,vit_base_image,7g,1,warmup,6,4.827712059020996,,,MIG-457656ac-5439-5b56-8fcc-1ff4336bacf5,"2,58",
ampere,0,vit_base_image,7g,1,warmup,7,4.817887783050537,,,MIG-457656ac-5439-5b56-8fcc-1ff4336bacf5,"2,58",
ampere,0,vit_base_image,7g,1,warmup,8,4.818048000335693,,,MIG-457656ac-5439-5b56-8fcc-1ff4336bacf5,"2,58",
ampere,0,vit_base_image,7g,1,warmup,9,4.814464092254639,,,MIG-457656ac-5439-5b56-8fcc-1ff4336bacf5,"2,58",
ampere,0,vit_base_image,7g,1,sample,0,4.813663959503174,,,MIG-457656ac-5439-5b56-8fcc-1ff4336bacf5,"2,58",
ampere,0,vit_base_image,7g,1,sample,1,4.796351909637451,,,MIG-457656ac-5439-5b56-8fcc-1ff4336bacf5,"2,58",
ampere,0,vit_base_image,7g,1,sample,2,4.816927909851074,,,MIG-457656ac-5439-5b56-8fcc-1ff4336bacf5,"2,58",
ampere,0,vit_base_image,7g,1,sample,3,4.825056076049805,,,MIG-457656ac-5439-5b56-8fcc-1ff4336bacf5,"2,58",
ampere,0,vit_base_image,7g,1,sample,4,4.81382417678833,,,MIG-457656ac-5439-5b56-8fcc-1ff4336bacf5,"2,58",
ampere,0,vit_base_image,7g,1,sample,5,4.818272113800049,,,MIG-457656ac-5439-5b56-8fcc-1ff4336bacf5,"2,58",
ampere,0,vit_base_image,7g,1,sample,6,4.814367771148682,,,MIG-457656ac-5439-5b56-8fcc-1ff4336bacf5,"2,58",
ampere,0,vit_base_image,7g,1,sample,7,4.815072059631348,,,MIG-457656ac-5439-5b56-8fcc-1ff4336bacf5,"2,58",
ampere,0,vit_base_image,7g,1,sample,8,4.820127964019775,,,MIG-457656ac-5439-5b56-8fcc-1ff4336bacf5,"2,58",
ampere,0,vit_base_image,7g,1,sample,9,4.781536102294922,,,MIG-457656ac-5439-5b56-8fcc-1ff4336bacf5,"2,58",
ampere,0,vit_base_image,7g,1,sample,10,4.831103801727295,,,MIG-457656ac-5439-5b56-8fcc-1ff4336bacf5,"2,58",
ampere,0,vit_base_image,7g,1,sample,11,4.784927845001221,,,MIG-457656ac-5439-5b56-8fcc-1ff4336bacf5,"2,58",
ampere,0,vit_base_image,7g,1,sample,12,4.815392017364502,,,MIG-457656ac-5439-5b56-8fcc-1ff4336bacf5,"2,58",
ampere,0,vit_base_image,7g,1,sample,13,4.819744110107422,,,MIG-457656ac-5439-5b56-8fcc-1ff4336bacf5,"2,58",
ampere,0,vit_base_image,7g,1,sample,14,4.814112186431885,,,MIG-457656ac-5439-5b56-8fcc-1ff4336bacf5,"2,58",
ampere,0,vit_base_image,7g,1,sample,15,4.784736156463623,,,MIG-457656ac-5439-5b56-8fcc-1ff4336bacf5,"2,58",
ampere,0,vit_base_image,7g,1,sample,16,4.813568115234375,,,MIG-457656ac-5439-5b56-8fcc-1ff4336bacf5,"2,58",
ampere,0,vit_base_image,7g,1,sample,17,4.785247802734375,,,MIG-457656ac-5439-5b56-8fcc-1ff4336bacf5,"2,58",
ampere,0,vit_base_image,7g,1,sample,18,4.821919918060303,,,MIG-457656ac-5439-5b56-8fcc-1ff4336bacf5,"2,58",
ampere,0,vit_base_image,7g,1,sample,19,4.835936069488525,,,MIG-457656ac-5439-5b56-8fcc-1ff4336bacf5,"2,58",
ampere,0,vit_base_image,7g,1,sample,20,4.812032222747803,,,MIG-457656ac-5439-5b56-8fcc-1ff4336bacf5,"2,58",
ampere,0,vit_base_image,7g,1,sample,21,4.812160015106201,,,MIG-457656ac-5439-5b56-8fcc-1ff4336bacf5,"2,58",
ampere,0,vit_base_image,7g,1,sample,22,4.817728042602539,,,MIG-457656ac-5439-5b56-8fcc-1ff4336bacf5,"2,58",
ampere,0,vit_base_image,7g,1,sample,23,5.702432155609131,,,MIG-457656ac-5439-5b56-8fcc-1ff4336bacf5,"2,58",
ampere,0,vit_base_image,7g,1,sample,24,4.815743923187256,,,MIG-457656ac-5439-5b56-8fcc-1ff4336bacf5,"2,58",
ampere,0,vit_base_image,7g,1,sample,25,4.829728126525879,,,MIG-457656ac-5439-5b56-8fcc-1ff4336bacf5,"2,58",
ampere,0,vit_base_image,7g,1,sample,26,4.815807819366455,,,MIG-457656ac-5439-5b56-8fcc-1ff4336bacf5,"2,58",
ampere,0,vit_base_image,7g,1,sample,27,4.785696029663086,,,MIG-457656ac-5439-5b56-8fcc-1ff4336bacf5,"2,58",
ampere,0,vit_base_image,7g,1,sample,28,4.814047813415527,,,MIG-457656ac-5439-5b56-8fcc-1ff4336bacf5,"2,58",
ampere,0,vit_base_image,7g,1,sample,29,4.7867841720581055,,,MIG-457656ac-5439-5b56-8fcc-1ff4336bacf5,"2,58",
ampere,0,vit_base_image,7g,1,sample,30,4.811679840087891,,,MIG-457656ac-5439-5b56-8fcc-1ff4336bacf5,"2,58",
ampere,0,vit_base_image,7g,1,sample,31,4.813375949859619,,,MIG-457656ac-5439-5b56-8fcc-1ff4336bacf5,"2,58",
ampere,0,vit_base_image,7g,1,sample,32,4.813632011413574,,,MIG-457656ac-5439-5b56-8fcc-1ff4336bacf5,"2,58",
ampere,0,vit_base_image,7g,1,sample,33,4.80076789855957,,,MIG-457656ac-5439-5b56-8fcc-1ff4336bacf5,"2,58",
ampere,0,vit_base_image,7g,1,sample,34,4.820479869842529,,,MIG-457656ac-5439-5b56-8fcc-1ff4336bacf5,"2,58",
ampere,0,vit_base_image,7g,1,sample,35,4.788832187652588,,,MIG-457656ac-5439-5b56-8fcc-1ff4336bacf5,"2,58",
ampere,0,vit_base_image,7g,1,sample,36,4.814879894256592,,,MIG-457656ac-5439-5b56-8fcc-1ff4336bacf5,"2,58",
ampere,0,vit_base_image,7g,1,sample,37,4.812511920928955,,,MIG-457656ac-5439-5b56-8fcc-1ff4336bacf5,"2,58",
ampere,0,vit_base_image,7g,1,sample,38,4.8173441886901855,,,MIG-457656ac-5439-5b56-8fcc-1ff4336bacf5,"2,58",
ampere,0,vit_base_image,7g,1,sample,39,4.82425594329834,,,MIG-457656ac-5439-5b56-8fcc-1ff4336bacf5,"2,58",
ampere,0,vit_base_image,7g,1,sample,40,4.782944202423096,,,MIG-457656ac-5439-5b56-8fcc-1ff4336bacf5,"2,58",
ampere,0,vit_base_image,7g,1,sample,41,5.185791969299316,,,MIG-457656ac-5439-5b56-8fcc-1ff4336bacf5,"2,58",
ampere,0,vit_base_image,7g,1,sample,42,4.813695907592773,,,MIG-457656ac-5439-5b56-8fcc-1ff4336bacf5,"2,58",
ampere,0,vit_base_image,7g,1,sample,43,4.813151836395264,,,MIG-457656ac-5439-5b56-8fcc-1ff4336bacf5,"2,58",
ampere,0,vit_base_image,7g,1,sample,44,4.8152642250061035,,,MIG-457656ac-5439-5b56-8fcc-1ff4336bacf5,"2,58",
ampere,0,vit_base_image,7g,1,sample,45,4.787263870239258,,,MIG-457656ac-5439-5b56-8fcc-1ff4336bacf5,"2,58",
ampere,0,vit_base_image,7g,1,sample,46,4.8122239112854,,,MIG-457656ac-5439-5b56-8fcc-1ff4336bacf5,"2,58",
ampere,0,vit_base_image,7g,1,sample,47,4.7776641845703125,,,MIG-457656ac-5439-5b56-8fcc-1ff4336bacf5,"2,58",
ampere,0,vit_base_image,7g,1,sample,48,4.8133440017700195,,,MIG-457656ac-5439-5b56-8fcc-1ff4336bacf5,"2,58",
ampere,0,vit_base_image,7g,1,sample,49,4.817984104156494,,,MIG-457656ac-5439-5b56-8fcc-1ff4336bacf5,"2,58",
ampere,0,vit_base_image,7g,4,warmup,0,26.5677433013916,,,MIG-457656ac-5439-5b56-8fcc-1ff4336bacf5,"2,58",
ampere,0,vit_base_image,7g,4,warmup,1,12.02409553527832,,,MIG-457656ac-5439-5b56-8fcc-1ff4336bacf5,"2,58",
ampere,0,vit_base_image,7g,4,warmup,2,12.162240028381348,,,MIG-457656ac-5439-5b56-8fcc-1ff4336bacf5,"2,58",
ampere,0,vit_base_image,7g,4,warmup,3,12.748479843139648,,,MIG-457656ac-5439-5b56-8fcc-1ff4336bacf5,"2,58",
ampere,0,vit_base_image,7g,4,warmup,4,12.924544334411621,,,MIG-457656ac-5439-5b56-8fcc-1ff4336bacf5,"2,58",
ampere,0,vit_base_image,7g,4,warmup,5,13.042240142822266,,,MIG-457656ac-5439-5b56-8fcc-1ff4336bacf5,"2,58",
ampere,0,vit_base_image,7g,4,warmup,6,13.166208267211914,,,MIG-457656ac-5439-5b56-8fcc-1ff4336bacf5,"2,58",
ampere,0,vit_base_image,7g,4,warmup,7,13.152928352355957,,,MIG-457656ac-5439-5b56-8fcc-1ff4336bacf5,"2,58",
ampere,0,vit_base_image,7g,4,warmup,8,13.15772819519043,,,MIG-457656ac-5439-5b56-8fcc-1ff4336bacf5,"2,58",
ampere,0,vit_base_image,7g,4,warmup,9,13.168319702148438,,,MIG-457656ac-5439-5b56-8fcc-1ff4336bacf5,"2,58",
ampere,0,vit_base_image,7g,4,sample,0,13.172479629516602,,,MIG-457656ac-5439-5b56-8fcc-1ff4336bacf5,"2,58",
ampere,0,vit_base_image,7g,4,sample,1,13.169343948364258,,,MIG-457656ac-5439-5b56-8fcc-1ff4336bacf5,"2,58",
ampere,0,vit_base_image,7g,4,sample,2,13.162272453308105,,,MIG-457656ac-5439-5b56-8fcc-1ff4336bacf5,"2,58",
ampere,0,vit_base_image,7g,4,sample,3,13.176799774169922,,,MIG-457656ac-5439-5b56-8fcc-1ff4336bacf5,"2,58",
ampere,0,vit_base_image,7g,4,sample,4,13.16528034210205,,,MIG-457656ac-5439-5b56-8fcc-1ff4336bacf5,"2,58",
ampere,0,vit_base_image,7g,4,sample,5,13.054335594177246,,,MIG-457656ac-5439-5b56-8fcc-1ff4336bacf5,"2,58",
ampere,0,vit_base_image,7g,4,sample,6,13.029215812683105,,,MIG-457656ac-5439-5b56-8fcc-1ff4336bacf5,"2,58",
ampere,0,vit_base_image,7g,4,sample,7,13.281536102294922,,,MIG-457656ac-5439-5b56-8fcc-1ff4336bacf5,"2,58",
ampere,0,vit_base_image,7g,4,sample,8,13.034560203552246,,,MIG-457656ac-5439-5b56-8fcc-1ff4336bacf5,"2,58",
ampere,0,vit_base_image,7g,4,sample,9,13.02729606628418,,,MIG-457656ac-5439-5b56-8fcc-1ff4336bacf5,"2,58",
ampere,0,vit_base_image,7g,4,sample,10,13.033856391906738,,,MIG-457656ac-5439-5b56-8fcc-1ff4336bacf5,"2,58",
ampere,0,vit_base_image,7g,4,sample,11,13.016608238220215,,,MIG-457656ac-5439-5b56-8fcc-1ff4336bacf5,"2,58",
ampere,0,vit_base_image,7g,4,sample,12,13.019264221191406,,,MIG-457656ac-5439-5b56-8fcc-1ff4336bacf5,"2,58",
ampere,0,vit_base_image,7g,4,sample,13,13.019295692443848,,,MIG-457656ac-5439-5b56-8fcc-1ff4336bacf5,"2,58",
ampere,0,vit_base_image,7g,4,sample,14,13.023296356201172,,,MIG-457656ac-5439-5b56-8fcc-1ff4336bacf5,"2,58",
ampere,0,vit_base_image,7g,4,sample,15,13.02291202545166,,,MIG-457656ac-5439-5b56-8fcc-1ff4336bacf5,"2,58",
ampere,0,vit_base_image,7g,4,sample,16,13.019359588623047,,,MIG-457656ac-5439-5b56-8fcc-1ff4336bacf5,"2,58",
ampere,0,vit_base_image,7g,4,sample,17,13.021504402160645,,,MIG-457656ac-5439-5b56-8fcc-1ff4336bacf5,"2,58",
ampere,0,vit_base_image,7g,4,sample,18,13.07817554473877,,,MIG-457656ac-5439-5b56-8fcc-1ff4336bacf5,"2,58",
ampere,0,vit_base_image,7g,4,sample,19,13.104607582092285,,,MIG-457656ac-5439-5b56-8fcc-1ff4336bacf5,"2,58",
ampere,0,vit_base_image,7g,4,sample,20,13.088576316833496,,,MIG-457656ac-5439-5b56-8fcc-1ff4336bacf5,"2,58",
ampere,0,vit_base_image,7g,4,sample,21,13.194720268249512,,,MIG-457656ac-5439-5b56-8fcc-1ff4336bacf5,"2,58",
ampere,0,vit_base_image,7g,4,sample,22,13.226400375366211,,,MIG-457656ac-5439-5b56-8fcc-1ff4336bacf5,"2,58",
ampere,0,vit_base_image,7g,4,sample,23,13.21945571899414,,,MIG-457656ac-5439-5b56-8fcc-1ff4336bacf5,"2,58",
ampere,0,vit_base_image,7g,4,sample,24,13.225855827331543,,,MIG-457656ac-5439-5b56-8fcc-1ff4336bacf5,"2,58",
ampere,0,vit_base_image,7g,4,sample,25,13.224991798400879,,,MIG-457656ac-5439-5b56-8fcc-1ff4336bacf5,"2,58",
ampere,0,vit_base_image,7g,4,sample,26,13.218239784240723,,,MIG-457656ac-5439-5b56-8fcc-1ff4336bacf5,"2,58",
ampere,0,vit_base_image,7g,4,sample,27,13.122624397277832,,,MIG-457656ac-5439-5b56-8fcc-1ff4336bacf5,"2,58",
ampere,0,vit_base_image,7g,4,sample,28,13.085151672363281,,,MIG-457656ac-5439-5b56-8fcc-1ff4336bacf5,"2,58",
ampere,0,vit_base_image,7g,4,sample,29,13.087615966796875,,,MIG-457656ac-5439-5b56-8fcc-1ff4336bacf5,"2,58",
ampere,0,vit_base_image,7g,4,sample,30,12.93126392364502,,,MIG-457656ac-5439-5b56-8fcc-1ff4336bacf5,"2,58",
ampere,0,vit_base_image,7g,4,sample,31,12.933568000793457,,,MIG-457656ac-5439-5b56-8fcc-1ff4336bacf5,"2,58",
ampere,0,vit_base_image,7g,4,sample,32,12.927840232849121,,,MIG-457656ac-5439-5b56-8fcc-1ff4336bacf5,"2,58",
ampere,0,vit_base_image,7g,4,sample,33,13.039104461669922,,,MIG-457656ac-5439-5b56-8fcc-1ff4336bacf5,"2,58",
ampere,0,vit_base_image,7g,4,sample,34,13.023584365844727,,,MIG-457656ac-5439-5b56-8fcc-1ff4336bacf5,"2,58",
ampere,0,vit_base_image,7g,4,sample,35,13.022848129272461,,,MIG-457656ac-5439-5b56-8fcc-1ff4336bacf5,"2,58",
ampere,0,vit_base_image,7g,4,sample,36,13.016063690185547,,,MIG-457656ac-5439-5b56-8fcc-1ff4336bacf5,"2,58",
ampere,0,vit_base_image,7g,4,sample,37,13.015935897827148,,,MIG-457656ac-5439-5b56-8fcc-1ff4336bacf5,"2,58",
ampere,0,vit_base_image,7g,4,sample,38,13.019424438476562,,,MIG-457656ac-5439-5b56-8fcc-1ff4336bacf5,"2,58",
ampere,0,vit_base_image,7g,4,sample,39,13.011360168457031,,,MIG-457656ac-5439-5b56-8fcc-1ff4336bacf5,"2,58",
ampere,0,vit_base_image,7g,4,sample,40,13.024959564208984,,,MIG-457656ac-5439-5b56-8fcc-1ff4336bacf5,"2,58",
ampere,0,vit_base_image,7g,4,sample,41,13.017919540405273,,,MIG-457656ac-5439-5b56-8fcc-1ff4336bacf5,"2,58",
ampere,0,vit_base_image,7g,4,sample,42,13.138463973999023,,,MIG-457656ac-5439-5b56-8fcc-1ff4336bacf5,"2,58",
ampere,0,vit_base_image,7g,4,sample,43,13.166015625,,,MIG-457656ac-5439-5b56-8fcc-1ff4336bacf5,"2,58",
ampere,0,vit_base_image,7g,4,sample,44,13.167807579040527,,,MIG-457656ac-5439-5b56-8fcc-1ff4336bacf5,"2,58",
ampere,0,vit_base_image,7g,4,sample,45,13.153152465820312,,,MIG-457656ac-5439-5b56-8fcc-1ff4336bacf5,"2,58",
ampere,0,vit_base_image,7g,4,sample,46,13.165984153747559,,,MIG-457656ac-5439-5b56-8fcc-1ff4336bacf5,"2,58",
ampere,0,vit_base_image,7g,4,sample,47,13.179167747497559,,,MIG-457656ac-5439-5b56-8fcc-1ff4336bacf5,"2,58",
ampere,0,vit_base_image,7g,4,sample,48,13.216992378234863,,,MIG-457656ac-5439-5b56-8fcc-1ff4336bacf5,"2,58",
ampere,0,vit_base_image,7g,4,sample,49,13.226207733154297,,,MIG-457656ac-5439-5b56-8fcc-1ff4336bacf5,"2,58",
ampere,0,vit_base_image,7g,16,warmup,0,44.412384033203125,,,MIG-457656ac-5439-5b56-8fcc-1ff4336bacf5,"2,58",
ampere,0,vit_base_image,7g,16,warmup,1,45.73712158203125,,,MIG-457656ac-5439-5b56-8fcc-1ff4336bacf5,"2,58",
ampere,0,vit_base_image,7g,16,warmup,2,45.733055114746094,,,MIG-457656ac-5439-5b56-8fcc-1ff4336bacf5,"2,58",
ampere,0,vit_base_image,7g,16,warmup,3,44.85299301147461,,,MIG-457656ac-5439-5b56-8fcc-1ff4336bacf5,"2,58",
ampere,0,vit_base_image,7g,16,warmup,4,44.8614387512207,,,MIG-457656ac-5439-5b56-8fcc-1ff4336bacf5,"2,58",
ampere,0,vit_base_image,7g,16,warmup,5,44.924095153808594,,,MIG-457656ac-5439-5b56-8fcc-1ff4336bacf5,"2,58",
ampere,0,vit_base_image,7g,16,warmup,6,45.39775848388672,,,MIG-457656ac-5439-5b56-8fcc-1ff4336bacf5,"2,58",
ampere,0,vit_base_image,7g,16,warmup,7,45.207489013671875,,,MIG-457656ac-5439-5b56-8fcc-1ff4336bacf5,"2,58",
ampere,0,vit_base_image,7g,16,warmup,8,44.868385314941406,,,MIG-457656ac-5439-5b56-8fcc-1ff4336bacf5,"2,58",
ampere,0,vit_base_image,7g,16,warmup,9,44.8355827331543,,,MIG-457656ac-5439-5b56-8fcc-1ff4336bacf5,"2,58",
ampere,0,vit_base_image,7g,16,sample,0,43.54137420654297,,,MIG-457656ac-5439-5b56-8fcc-1ff4336bacf5,"2,58",
ampere,0,vit_base_image,7g,16,sample,1,44.87907028198242,,,MIG-457656ac-5439-5b56-8fcc-1ff4336bacf5,"2,58",
ampere,0,vit_base_image,7g,16,sample,2,44.857215881347656,,,MIG-457656ac-5439-5b56-8fcc-1ff4336bacf5,"2,58",
ampere,0,vit_base_image,7g,16,sample,3,44.70163345336914,,,MIG-457656ac-5439-5b56-8fcc-1ff4336bacf5,"2,58",
ampere,0,vit_base_image,7g,16,sample,4,44.805057525634766,,,MIG-457656ac-5439-5b56-8fcc-1ff4336bacf5,"2,58",
ampere,0,vit_base_image,7g,16,sample,5,44.873409271240234,,,MIG-457656ac-5439-5b56-8fcc-1ff4336bacf5,"2,58",
ampere,0,vit_base_image,7g,16,sample,6,44.84374237060547,,,MIG-457656ac-5439-5b56-8fcc-1ff4336bacf5,"2,58",
ampere,0,vit_base_image,7g,16,sample,7,44.880287170410156,,,MIG-457656ac-5439-5b56-8fcc-1ff4336bacf5,"2,58",
ampere,0,vit_base_image,7g,16,sample,8,44.82563018798828,,,MIG-457656ac-5439-5b56-8fcc-1ff4336bacf5,"2,58",
ampere,0,vit_base_image,7g,16,sample,9,45.29715347290039,,,MIG-457656ac-5439-5b56-8fcc-1ff4336bacf5,"2,58",
ampere,0,vit_base_image,7g,16,sample,10,46.18080139160156,,,MIG-457656ac-5439-5b56-8fcc-1ff4336bacf5,"2,58",
ampere,0,vit_base_image,7g,16,sample,11,45.56246566772461,,,MIG-457656ac-5439-5b56-8fcc-1ff4336bacf5,"2,58",
ampere,0,vit_base_image,7g,16,sample,12,45.378814697265625,,,MIG-457656ac-5439-5b56-8fcc-1ff4336bacf5,"2,58",
ampere,0,vit_base_image,7g,16,sample,13,45.181793212890625,,,MIG-457656ac-5439-5b56-8fcc-1ff4336bacf5,"2,58",
ampere,0,vit_base_image,7g,16,sample,14,45.38943862915039,,,MIG-457656ac-5439-5b56-8fcc-1ff4336bacf5,"2,58",
ampere,0,vit_base_image,7g,16,sample,15,45.38560104370117,,,MIG-457656ac-5439-5b56-8fcc-1ff4336bacf5,"2,58",
ampere,0,vit_base_image,7g,16,sample,16,44.86636734008789,,,MIG-457656ac-5439-5b56-8fcc-1ff4336bacf5,"2,58",
ampere,0,vit_base_image,7g,16,sample,17,44.85737609863281,,,MIG-457656ac-5439-5b56-8fcc-1ff4336bacf5,"2,58",
ampere,0,vit_base_image,7g,16,sample,18,44.84908676147461,,,MIG-457656ac-5439-5b56-8fcc-1ff4336bacf5,"2,58",
ampere,0,vit_base_image,7g,16,sample,19,45.052574157714844,,,MIG-457656ac-5439-5b56-8fcc-1ff4336bacf5,"2,58",
ampere,0,vit_base_image,7g,16,sample,20,45.79731369018555,,,MIG-457656ac-5439-5b56-8fcc-1ff4336bacf5,"2,58",
ampere,0,vit_base_image,7g,16,sample,21,45.27724838256836,,,MIG-457656ac-5439-5b56-8fcc-1ff4336bacf5,"2,58",
ampere,0,vit_base_image,7g,16,sample,22,45.56086349487305,,,MIG-457656ac-5439-5b56-8fcc-1ff4336bacf5,"2,58",
ampere,0,vit_base_image,7g,16,sample,23,45.05315017700195,,,MIG-457656ac-5439-5b56-8fcc-1ff4336bacf5,"2,58",
ampere,0,vit_base_image,7g,16,sample,24,44.793697357177734,,,MIG-457656ac-5439-5b56-8fcc-1ff4336bacf5,"2,58",
ampere,0,vit_base_image,7g,16,sample,25,44.700321197509766,,,MIG-457656ac-5439-5b56-8fcc-1ff4336bacf5,"2,58",
ampere,0,vit_base_image,7g,16,sample,26,44.73507308959961,,,MIG-457656ac-5439-5b56-8fcc-1ff4336bacf5,"2,58",
ampere,0,vit_base_image,7g,16,sample,27,45.36492919921875,,,MIG-457656ac-5439-5b56-8fcc-1ff4336bacf5,"2,58",
ampere,0,vit_base_image,7g,16,sample,28,45.408287048339844,,,MIG-457656ac-5439-5b56-8fcc-1ff4336bacf5,"2,58",
ampere,0,vit_base_image,7g,16,sample,29,45.19475173950195,,,MIG-457656ac-5439-5b56-8fcc-1ff4336bacf5,"2,58",
ampere,0,vit_base_image,7g,16,sample,30,45.12188720703125,,,MIG-457656ac-5439-5b56-8fcc-1ff4336bacf5,"2,58",
ampere,0,vit_base_image,7g,16,sample,31,45.371009826660156,,,MIG-457656ac-5439-5b56-8fcc-1ff4336bacf5,"2,58",
ampere,0,vit_base_image,7g,16,sample,32,45.404640197753906,,,MIG-457656ac-5439-5b56-8fcc-1ff4336bacf5,"2,58",
ampere,0,vit_base_image,7g,16,sample,33,45.391998291015625,,,MIG-457656ac-5439-5b56-8fcc-1ff4336bacf5,"2,58",
ampere,0,vit_base_image,7g,16,sample,34,45.41484832763672,,,MIG-457656ac-5439-5b56-8fcc-1ff4336bacf5,"2,58",
ampere,0,vit_base_image,7g,16,sample,35,45.39961624145508,,,MIG-457656ac-5439-5b56-8fcc-1ff4336bacf5,"2,58",
ampere,0,vit_base_image,7g,16,sample,36,45.405216217041016,,,MIG-457656ac-5439-5b56-8fcc-1ff4336bacf5,"2,58",
ampere,0,vit_base_image,7g,16,sample,37,45.3897590637207,,,MIG-457656ac-5439-5b56-8fcc-1ff4336bacf5,"2,58",
ampere,0,vit_base_image,7g,16,sample,38,45.174110412597656,,,MIG-457656ac-5439-5b56-8fcc-1ff4336bacf5,"2,58",
ampere,0,vit_base_image,7g,16,sample,39,45.40739059448242,,,MIG-457656ac-5439-5b56-8fcc-1ff4336bacf5,"2,58",
ampere,0,vit_base_image,7g,16,sample,40,45.24537658691406,,,MIG-457656ac-5439-5b56-8fcc-1ff4336bacf5,"2,58",
ampere,0,vit_base_image,7g,16,sample,41,44.86259078979492,,,MIG-457656ac-5439-5b56-8fcc-1ff4336bacf5,"2,58",
ampere,0,vit_base_image,7g,16,sample,42,45.123905181884766,,,MIG-457656ac-5439-5b56-8fcc-1ff4336bacf5,"2,58",
ampere,0,vit_base_image,7g,16,sample,43,45.409950256347656,,,MIG-457656ac-5439-5b56-8fcc-1ff4336bacf5,"2,58",
ampere,0,vit_base_image,7g,16,sample,44,45.23440170288086,,,MIG-457656ac-5439-5b56-8fcc-1ff4336bacf5,"2,58",
ampere,0,vit_base_image,7g,16,sample,45,44.86102294921875,,,MIG-457656ac-5439-5b56-8fcc-1ff4336bacf5,"2,58",
ampere,0,vit_base_image,7g,16,sample,46,44.84668731689453,,,MIG-457656ac-5439-5b56-8fcc-1ff4336bacf5,"2,58",
ampere,0,vit_base_image,7g,16,sample,47,44.84025573730469,,,MIG-457656ac-5439-5b56-8fcc-1ff4336bacf5,"2,58",
ampere,0,vit_base_image,7g,16,sample,48,44.84601593017578,,,MIG-457656ac-5439-5b56-8fcc-1ff4336bacf5,"2,58",
ampere,0,vit_base_image,7g,16,sample,49,45.071678161621094,,,MIG-457656ac-5439-5b56-8fcc-1ff4336bacf5,"2,58",
ampere,0,vit_base_image,7g,32,warmup,0,84.48601531982422,,,MIG-457656ac-5439-5b56-8fcc-1ff4336bacf5,"2,58",
ampere,0,vit_base_image,7g,32,warmup,1,85.42047882080078,,,MIG-457656ac-5439-5b56-8fcc-1ff4336bacf5,"2,58",
ampere,0,vit_base_image,7g,32,warmup,2,85.20182037353516,,,MIG-457656ac-5439-5b56-8fcc-1ff4336bacf5,"2,58",
ampere,0,vit_base_image,7g,32,warmup,3,84.99436950683594,,,MIG-457656ac-5439-5b56-8fcc-1ff4336bacf5,"2,58",
ampere,0,vit_base_image,7g,32,warmup,4,85.41670227050781,,,MIG-457656ac-5439-5b56-8fcc-1ff4336bacf5,"2,58",
ampere,0,vit_base_image,7g,32,warmup,5,85.4136962890625,,,MIG-457656ac-5439-5b56-8fcc-1ff4336bacf5,"2,58",
ampere,0,vit_base_image,7g,32,warmup,6,85.41404724121094,,,MIG-457656ac-5439-5b56-8fcc-1ff4336bacf5,"2,58",
ampere,0,vit_base_image,7g,32,warmup,7,85.41232299804688,,,MIG-457656ac-5439-5b56-8fcc-1ff4336bacf5,"2,58",
ampere,0,vit_base_image,7g,32,warmup,8,85.26716613769531,,,MIG-457656ac-5439-5b56-8fcc-1ff4336bacf5,"2,58",
ampere,0,vit_base_image,7g,32,warmup,9,85.36573028564453,,,MIG-457656ac-5439-5b56-8fcc-1ff4336bacf5,"2,58",
ampere,0,vit_base_image,7g,32,sample,0,85.01392364501953,,,MIG-457656ac-5439-5b56-8fcc-1ff4336bacf5,"2,58",
ampere,0,vit_base_image,7g,32,sample,1,85.41053009033203,,,MIG-457656ac-5439-5b56-8fcc-1ff4336bacf5,"2,58",
ampere,0,vit_base_image,7g,32,sample,2,85.33805084228516,,,MIG-457656ac-5439-5b56-8fcc-1ff4336bacf5,"2,58",
ampere,0,vit_base_image,7g,32,sample,3,85.44166564941406,,,MIG-457656ac-5439-5b56-8fcc-1ff4336bacf5,"2,58",
ampere,0,vit_base_image,7g,32,sample,4,85.19715118408203,,,MIG-457656ac-5439-5b56-8fcc-1ff4336bacf5,"2,58",
ampere,0,vit_base_image,7g,32,sample,5,85.410400390625,,,MIG-457656ac-5439-5b56-8fcc-1ff4336bacf5,"2,58",
ampere,0,vit_base_image,7g,32,sample,6,85.51033782958984,,,MIG-457656ac-5439-5b56-8fcc-1ff4336bacf5,"2,58",
ampere,0,vit_base_image,7g,32,sample,7,85.42816162109375,,,MIG-457656ac-5439-5b56-8fcc-1ff4336bacf5,"2,58",
ampere,0,vit_base_image,7g,32,sample,8,85.42797088623047,,,MIG-457656ac-5439-5b56-8fcc-1ff4336bacf5,"2,58",
ampere,0,vit_base_image,7g,32,sample,9,85.43158721923828,,,MIG-457656ac-5439-5b56-8fcc-1ff4336bacf5,"2,58",
ampere,0,vit_base_image,7g,32,sample,10,85.92240142822266,,,MIG-457656ac-5439-5b56-8fcc-1ff4336bacf5,"2,58",
ampere,0,vit_base_image,7g,32,sample,11,85.89839935302734,,,MIG-457656ac-5439-5b56-8fcc-1ff4336bacf5,"2,58",
ampere,0,vit_base_image,7g,32,sample,12,85.41820526123047,,,MIG-457656ac-5439-5b56-8fcc-1ff4336bacf5,"2,58",
ampere,0,vit_base_image,7g,32,sample,13,85.40630340576172,,,MIG-457656ac-5439-5b56-8fcc-1ff4336bacf5,"2,58",
ampere,0,vit_base_image,7g,32,sample,14,85.40576171875,,,MIG-457656ac-5439-5b56-8fcc-1ff4336bacf5,"2,58",
ampere,0,vit_base_image,7g,32,sample,15,85.4032974243164,,,MIG-457656ac-5439-5b56-8fcc-1ff4336bacf5,"2,58",
ampere,0,vit_base_image,7g,32,sample,16,85.39350128173828,,,MIG-457656ac-5439-5b56-8fcc-1ff4336bacf5,"2,58",
ampere,0,vit_base_image,7g,32,sample,17,85.44111633300781,,,MIG-457656ac-5439-5b56-8fcc-1ff4336bacf5,"2,58",
ampere,0,vit_base_image,7g,32,sample,18,85.40665435791016,,,MIG-457656ac-5439-5b56-8fcc-1ff4336bacf5,"2,58",
ampere,0,vit_base_image,7g,32,sample,19,85.43116760253906,,,MIG-457656ac-5439-5b56-8fcc-1ff4336bacf5,"2,58",
ampere,0,vit_base_image,7g,32,sample,20,85.4222412109375,,,MIG-457656ac-5439-5b56-8fcc-1ff4336bacf5,"2,58",
ampere,0,vit_base_image,7g,32,sample,21,85.8583984375,,,MIG-457656ac-5439-5b56-8fcc-1ff4336bacf5,"2,58",
ampere,0,vit_base_image,7g,32,sample,22,86.29212951660156,,,MIG-457656ac-5439-5b56-8fcc-1ff4336bacf5,"2,58",
ampere,0,vit_base_image,7g,32,sample,23,85.49759674072266,,,MIG-457656ac-5439-5b56-8fcc-1ff4336bacf5,"2,58",
ampere,0,vit_base_image,7g,32,sample,24,85.40083312988281,,,MIG-457656ac-5439-5b56-8fcc-1ff4336bacf5,"2,58",
ampere,0,vit_base_image,7g,32,sample,25,85.40668487548828,,,MIG-457656ac-5439-5b56-8fcc-1ff4336bacf5,"2,58",
ampere,0,vit_base_image,7g,32,sample,26,85.41932678222656,,,MIG-457656ac-5439-5b56-8fcc-1ff4336bacf5,"2,58",
ampere,0,vit_base_image,7g,32,sample,27,85.67523193359375,,,MIG-457656ac-5439-5b56-8fcc-1ff4336bacf5,"2,58",
ampere,0,vit_base_image,7g,32,sample,28,86.08604431152344,,,MIG-457656ac-5439-5b56-8fcc-1ff4336bacf5,"2,58",
ampere,0,vit_base_image,7g,32,sample,29,85.76630401611328,,,MIG-457656ac-5439-5b56-8fcc-1ff4336bacf5,"2,58",
ampere,0,vit_base_image,7g,32,sample,30,85.68892669677734,,,MIG-457656ac-5439-5b56-8fcc-1ff4336bacf5,"2,58",
ampere,0,vit_base_image,7g,32,sample,31,85.41462707519531,,,MIG-457656ac-5439-5b56-8fcc-1ff4336bacf5,"2,58",
ampere,0,vit_base_image,7g,32,sample,32,85.43222045898438,,,MIG-457656ac-5439-5b56-8fcc-1ff4336bacf5,"2,58",
ampere,0,vit_base_image,7g,32,sample,33,86.2831039428711,,,MIG-457656ac-5439-5b56-8fcc-1ff4336bacf5,"2,58",
ampere,0,vit_base_image,7g,32,sample,34,85.92182159423828,,,MIG-457656ac-5439-5b56-8fcc-1ff4336bacf5,"2,58",
ampere,0,vit_base_image,7g,32,sample,35,85.26067352294922,,,MIG-457656ac-5439-5b56-8fcc-1ff4336bacf5,"2,58",
ampere,0,vit_base_image,7g,32,sample,36,85.83023834228516,,,MIG-457656ac-5439-5b56-8fcc-1ff4336bacf5,"2,58",
ampere,0,vit_base_image,7g,32,sample,37,85.54003143310547,,,MIG-457656ac-5439-5b56-8fcc-1ff4336bacf5,"2,58",
ampere,0,vit_base_image,7g,32,sample,38,85.64476776123047,,,MIG-457656ac-5439-5b56-8fcc-1ff4336bacf5,"2,58",
ampere,0,vit_base_image,7g,32,sample,39,86.10182189941406,,,MIG-457656ac-5439-5b56-8fcc-1ff4336bacf5,"2,58",
ampere,0,vit_base_image,7g,32,sample,40,85.56681823730469,,,MIG-457656ac-5439-5b56-8fcc-1ff4336bacf5,"2,58",
ampere,0,vit_base_image,7g,32,sample,41,86.33558654785156,,,MIG-457656ac-5439-5b56-8fcc-1ff4336bacf5,"2,58",
ampere,0,vit_base_image,7g,32,sample,42,85.83612823486328,,,MIG-457656ac-5439-5b56-8fcc-1ff4336bacf5,"2,58",
ampere,0,vit_base_image,7g,32,sample,43,85.32991790771484,,,MIG-457656ac-5439-5b56-8fcc-1ff4336bacf5,"2,58",
ampere,0,vit_base_image,7g,32,sample,44,85.88057708740234,,,MIG-457656ac-5439-5b56-8fcc-1ff4336bacf5,"2,58",
ampere,0,vit_base_image,7g,32,sample,45,86.44774627685547,,,MIG-457656ac-5439-5b56-8fcc-1ff4336bacf5,"2,58",
ampere,0,vit_base_image,7g,32,sample,46,85.73308563232422,,,MIG-457656ac-5439-5b56-8fcc-1ff4336bacf5,"2,58",
ampere,0,vit_base_image,7g,32,sample,47,85.20845031738281,,,MIG-457656ac-5439-5b56-8fcc-1ff4336bacf5,"2,58",
ampere,0,vit_base_image,7g,32,sample,48,85.99366760253906,,,MIG-457656ac-5439-5b56-8fcc-1ff4336bacf5,"2,58",
ampere,0,vit_base_image,7g,32,sample,49,85.70703887939453,,,MIG-457656ac-5439-5b56-8fcc-1ff4336bacf5,"2,58",
ampere,0,vit_base_image,7g,64,warmup,0,161.94125366210938,,,MIG-457656ac-5439-5b56-8fcc-1ff4336bacf5,"2,58",
ampere,0,vit_base_image,7g,64,warmup,1,162.66700744628906,,,MIG-457656ac-5439-5b56-8fcc-1ff4336bacf5,"2,58",
ampere,0,vit_base_image,7g,64,warmup,2,162.6657257080078,,,MIG-457656ac-5439-5b56-8fcc-1ff4336bacf5,"2,58",
ampere,0,vit_base_image,7g,64,warmup,3,163.34716796875,,,MIG-457656ac-5439-5b56-8fcc-1ff4336bacf5,"2,58",
ampere,0,vit_base_image,7g,64,warmup,4,162.6879425048828,,,MIG-457656ac-5439-5b56-8fcc-1ff4336bacf5,"2,58",
ampere,0,vit_base_image,7g,64,warmup,5,166.05177307128906,,,MIG-457656ac-5439-5b56-8fcc-1ff4336bacf5,"2,58",
ampere,0,vit_base_image,7g,64,warmup,6,163.0827178955078,,,MIG-457656ac-5439-5b56-8fcc-1ff4336bacf5,"2,58",
ampere,0,vit_base_image,7g,64,warmup,7,162.6505584716797,,,MIG-457656ac-5439-5b56-8fcc-1ff4336bacf5,"2,58",
ampere,0,vit_base_image,7g,64,warmup,8,162.6893768310547,,,MIG-457656ac-5439-5b56-8fcc-1ff4336bacf5,"2,58",
ampere,0,vit_base_image,7g,64,warmup,9,163.26182556152344,,,MIG-457656ac-5439-5b56-8fcc-1ff4336bacf5,"2,58",
ampere,0,vit_base_image,7g,64,sample,0,161.52780151367188,,,MIG-457656ac-5439-5b56-8fcc-1ff4336bacf5,"2,58",
ampere,0,vit_base_image,7g,64,sample,1,164.4888916015625,,,MIG-457656ac-5439-5b56-8fcc-1ff4336bacf5,"2,58",
ampere,0,vit_base_image,7g,64,sample,2,163.82797241210938,,,MIG-457656ac-5439-5b56-8fcc-1ff4336bacf5,"2,58",
ampere,0,vit_base_image,7g,64,sample,3,162.8750457763672,,,MIG-457656ac-5439-5b56-8fcc-1ff4336bacf5,"2,58",
ampere,0,vit_base_image,7g,64,sample,4,162.6610565185547,,,MIG-457656ac-5439-5b56-8fcc-1ff4336bacf5,"2,58",
ampere,0,vit_base_image,7g,64,sample,5,164.53823852539062,,,MIG-457656ac-5439-5b56-8fcc-1ff4336bacf5,"2,58",
ampere,0,vit_base_image,7g,64,sample,6,162.75225830078125,,,MIG-457656ac-5439-5b56-8fcc-1ff4336bacf5,"2,58",
ampere,0,vit_base_image,7g,64,sample,7,164.19570922851562,,,MIG-457656ac-5439-5b56-8fcc-1ff4336bacf5,"2,58",
ampere,0,vit_base_image,7g,64,sample,8,163.6302032470703,,,MIG-457656ac-5439-5b56-8fcc-1ff4336bacf5,"2,58",
ampere,0,vit_base_image,7g,64,sample,9,162.69593811035156,,,MIG-457656ac-5439-5b56-8fcc-1ff4336bacf5,"2,58",
ampere,0,vit_base_image,7g,64,sample,10,162.65219116210938,,,MIG-457656ac-5439-5b56-8fcc-1ff4336bacf5,"2,58",
ampere,0,vit_base_image,7g,64,sample,11,164.60707092285156,,,MIG-457656ac-5439-5b56-8fcc-1ff4336bacf5,"2,58",
ampere,0,vit_base_image,7g,64,sample,12,163.22303771972656,,,MIG-457656ac-5439-5b56-8fcc-1ff4336bacf5,"2,58",
ampere,0,vit_base_image,7g,64,sample,13,164.56463623046875,,,MIG-457656ac-5439-5b56-8fcc-1ff4336bacf5,"2,58",
ampere,0,vit_base_image,7g,64,sample,14,164.0485076904297,,,MIG-457656ac-5439-5b56-8fcc-1ff4336bacf5,"2,58",
ampere,0,vit_base_image,7g,64,sample,15,163.49270629882812,,,MIG-457656ac-5439-5b56-8fcc-1ff4336bacf5,"2,58",
ampere,0,vit_base_image,7g,64,sample,16,162.6544647216797,,,MIG-457656ac-5439-5b56-8fcc-1ff4336bacf5,"2,58",
ampere,0,vit_base_image,7g,64,sample,17,163.540283203125,,,MIG-457656ac-5439-5b56-8fcc-1ff4336bacf5,"2,58",
ampere,0,vit_base_image,7g,64,sample,18,163.59779357910156,,,MIG-457656ac-5439-5b56-8fcc-1ff4336bacf5,"2,58",
ampere,0,vit_base_image,7g,64,sample,19,164.50802612304688,,,MIG-457656ac-5439-5b56-8fcc-1ff4336bacf5,"2,58",
ampere,0,vit_base_image,7g,64,sample,20,164.29171752929688,,,MIG-457656ac-5439-5b56-8fcc-1ff4336bacf5,"2,58",
ampere,0,vit_base_image,7g,64,sample,21,163.8818817138672,,,MIG-457656ac-5439-5b56-8fcc-1ff4336bacf5,"2,58",
ampere,0,vit_base_image,7g,64,sample,22,162.81539916992188,,,MIG-457656ac-5439-5b56-8fcc-1ff4336bacf5,"2,58",
ampere,0,vit_base_image,7g,64,sample,23,163.82601928710938,,,MIG-457656ac-5439-5b56-8fcc-1ff4336bacf5,"2,58",
ampere,0,vit_base_image,7g,64,sample,24,162.646240234375,,,MIG-457656ac-5439-5b56-8fcc-1ff4336bacf5,"2,58",
ampere,0,vit_base_image,7g,64,sample,25,163.9298858642578,,,MIG-457656ac-5439-5b56-8fcc-1ff4336bacf5,"2,58",
ampere,0,vit_base_image,7g,64,sample,26,164.385498046875,,,MIG-457656ac-5439-5b56-8fcc-1ff4336bacf5,"2,58",
ampere,0,vit_base_image,7g,64,sample,27,164.53878784179688,,,MIG-457656ac-5439-5b56-8fcc-1ff4336bacf5,"2,58",
ampere,0,vit_base_image,7g,64,sample,28,162.82205200195312,,,MIG-457656ac-5439-5b56-8fcc-1ff4336bacf5,"2,58",
ampere,0,vit_base_image,7g,64,sample,29,163.7967987060547,,,MIG-457656ac-5439-5b56-8fcc-1ff4336bacf5,"2,58",
ampere,0,vit_base_image,7g,64,sample,30,164.306396484375,,,MIG-457656ac-5439-5b56-8fcc-1ff4336bacf5,"2,58",
ampere,0,vit_base_image,7g,64,sample,31,163.662841796875,,,MIG-457656ac-5439-5b56-8fcc-1ff4336bacf5,"2,58",
ampere,0,vit_base_image,7g,64,sample,32,163.62908935546875,,,MIG-457656ac-5439-5b56-8fcc-1ff4336bacf5,"2,58",
ampere,0,vit_base_image,7g,64,sample,33,164.65589904785156,,,MIG-457656ac-5439-5b56-8fcc-1ff4336bacf5,"2,58",
ampere,0,vit_base_image,7g,64,sample,34,162.7942352294922,,,MIG-457656ac-5439-5b56-8fcc-1ff4336bacf5,"2,58",
ampere,0,vit_base_image,7g,64,sample,35,165.0548858642578,,,MIG-457656ac-5439-5b56-8fcc-1ff4336bacf5,"2,58",
ampere,0,vit_base_image,7g,64,sample,36,163.93125915527344,,,MIG-457656ac-5439-5b56-8fcc-1ff4336bacf5,"2,58",
ampere,0,vit_base_image,7g,64,sample,37,163.51260375976562,,,MIG-457656ac-5439-5b56-8fcc-1ff4336bacf5,"2,58",
ampere,0,vit_base_image,7g,64,sample,38,164.12474060058594,,,MIG-457656ac-5439-5b56-8fcc-1ff4336bacf5,"2,58",
ampere,0,vit_base_image,7g,64,sample,39,164.10585021972656,,,MIG-457656ac-5439-5b56-8fcc-1ff4336bacf5,"2,58",
ampere,0,vit_base_image,7g,64,sample,40,163.9388427734375,,,MIG-457656ac-5439-5b56-8fcc-1ff4336bacf5,"2,58",
ampere,0,vit_base_image,7g,64,sample,41,164.31015014648438,,,MIG-457656ac-5439-5b56-8fcc-1ff4336bacf5,"2,58",
ampere,0,vit_base_image,7g,64,sample,42,163.7091522216797,,,MIG-457656ac-5439-5b56-8fcc-1ff4336bacf5,"2,58",
ampere,0,vit_base_image,7g,64,sample,43,164.28492736816406,,,MIG-457656ac-5439-5b56-8fcc-1ff4336bacf5,"2,58",
ampere,0,vit_base_image,7g,64,sample,44,164.46595764160156,,,MIG-457656ac-5439-5b56-8fcc-1ff4336bacf5,"2,58",
ampere,0,vit_base_image,7g,64,sample,45,163.4048614501953,,,MIG-457656ac-5439-5b56-8fcc-1ff4336bacf5,"2,58",
ampere,0,vit_base_image,7g,64,sample,46,164.00518798828125,,,MIG-457656ac-5439-5b56-8fcc-1ff4336bacf5,"2,58",
ampere,0,vit_base_image,7g,64,sample,47,164.25827026367188,,,MIG-457656ac-5439-5b56-8fcc-1ff4336bacf5,"2,58",
ampere,0,vit_base_image,7g,64,sample,48,164.13565063476562,,,MIG-457656ac-5439-5b56-8fcc-1ff4336bacf5,"2,58",
ampere,0,vit_base_image,7g,64,sample,49,163.55821228027344,,,MIG-457656ac-5439-5b56-8fcc-1ff4336bacf5,"2,58",
